Resolved: scheme=Landmarks (UI Testing) simulator=93DF5345-8494-4C57-B374-10224C07ED41 screens=0 flows=1
Preparing runner...
Runner ready
Booting simulator: 93DF5345-8494-4C57-B374-10224C07ED41
Simulator booted: qa-ios-1 (93DF5345-8494-4C57-B374-10224C07ED41)
Streaming simulator logs (predicate: process == "Landmarks")
Skipping build and install (--no-build)
Running 1 flow(s)...
Running 1 flow(s) in one GrantivaAgent session: .maestro/08-caching.yaml

  grantiva-runner 1.1.18-grantiva.7 - by Grantiva
  Fast, lightweight UI test runner


Setup
────────────────────────────────────────
  ✓ Found 1 test flow(s)
  ✓ Report directory: /var/folders/jv/76l6crmx6nl3hf150gzry_ym0000gn/T/grantiva-report-A9C1FF63-CA6A-424A-9C52-48940A0D7707

Execution
────────────────────────────────────────
[log] getpwuid_r did not find a match for uid 501
[log] Filtering the log data using "process == "Landmarks""
  ⏳ Checking GrantivaAgent installation...
  ✓ GrantivaAgent installed
  ⏳ Building GrantivaAgent...
  ✓ Using cached GrantivaAgent build (sim-ios26.0-iphone)
  ✓ GrantivaAgent built
  ⏳ Starting GrantivaAgent...
Starting GrantivaAgent...
[log] Timestamp               Ty Process[PID:TID]
[log] 2026-10-09 14:53:18.469 Df Landmarks[20821:4a1bbd] [com.apple.launchservices:db] NotifyToken::RegisterDispatch(com.apple.LaunchServices.database) fired for session key LSSessionKey(system: 0 uid: 501)
[log] 2026-10-09 14:53:19.038 Df Landmarks[20821:4a1b4a] [com.apple.dt.automationmode:Default] Handling posted change notification (com.apple.dt.automationmode.state-changed)
[log] 2026-10-09 14:53:19.039 Df Landmarks[20821:4a1b4a] [com.apple.dt.automationmode:Default] XAM shared observer connecting to com.apple.dt.automationmode.reader
[log] 2026-10-09 14:53:19.039 Df Landmarks[20821:4a1b4a] [com.apple.xpc:connection] [0x10705cdf0] activating connection: mach=true listener=false peer=false name=com.apple.dt.automationmode.reader
[log] 2026-10-09 14:53:19.040 Df Landmarks[20821:4a1b4a] [com.apple.xpc:connection] [0x10705cdf0] invalidated because the current process cancelled the connection by calling xpc_connection_cancel()
[log] 2026-10-09 14:53:19.040 Df Landmarks[20821:4a1b4a] [com.apple.dt.automationmode:Default] Comparing previous enabled state (0) to current enabled state (1)
GrantivaAgent started
  ✓ GrantivaAgent started
  ✓ GrantivaAgent port: 8485
[log] 2026-10-09 14:53:20.131 Df Landmarks[20821:4a1b50] [com.apple.dt.xctest:Default] Received request for endpoint.
[log] 2026-10-09 14:53:20.131 Df Landmarks[20821:4a1b50] [com.apple.dt.xctest:Default] Sending anonymous endpoint.
[log] 2026-10-09 14:53:20.131 Df Landmarks[20821:4a1b50] [com.apple.xpc:connection] [0x104d35ea0] Connection returned listener port: 0x7c0b
[log] 2026-10-09 14:53:20.131 Df Landmarks[20821:4a1b50] [com.apple.dt.xctest:Default] Received client to target connection.
[log] 2026-10-09 14:53:20.131 Df Landmarks[20821:4a1b50] [com.apple.dt.automationmode:Default] Returning 1 for enabled state
[log] 2026-10-09 14:53:20.131 Df Landmarks[20821:4a1b50] [com.apple.xpc:connection] [0x107126470] activating connection: mach=false listener=false peer=true name=com.apple.xpc.anonymous.0x104d35ea0.peer[20999].0x107126470
[log] 2026-10-09 14:53:20.131 Df Landmarks[20821:4a1b50] [com.apple.dt.xctest:Default] Received request to exchange capabilities, remote interface capabilities are: <XCTCapabilities: 0x60000000c0b0>: {
[log]     "query runtime issue reporting" = 1;
[log]     "query runtime issue reporting/automation type mismatch" = 1;
[log] }
[log] 2026-10-09 14:53:21.457 Df Landmarks[21036:4a2011] [com.apple.xpc:connection] [0x102e04dc0] activating connection: mach=true listener=false peer=false name=com.apple.cfprefsd.daemon
[log] 2026-10-09 14:53:21.462 A  Landmarks[21036:4a2014] (CoreFoundation) Loading Preferences From User Session CFPrefsD
[log] 2026-10-09 14:53:21.462 Df Landmarks[21036:4a2011] (libMobileGestalt.dylib) No persisted cache on this platform.
[log] 2026-10-09 14:53:21.463 Df Landmarks[21036:4a2015] [com.apple.BoardServices:XPCErrors] [C:1] Alloc com.apple.frontboard.systemappservices
[log] 2026-10-09 14:53:21.463 Df Landmarks[21036:4a2013] [com.apple.UIKit:BackgroundTask] Creating new assertion because there is no existing background assertion.
[log] 2026-10-09 14:53:21.463 Df Landmarks[21036:4a2015] [com.apple.xpc:connection] [0x102e05d20] activating connection: mach=false listener=false peer=false name=(anonymous)
[log] 2026-10-09 14:53:21.463 Df Landmarks[21036:4a2013] [com.apple.UIKit:BackgroundTask] Creating new background assertion
[log] 2026-10-09 14:53:21.463 Df Landmarks[21036:4a2013] [com.apple.UIKit:BackgroundTask] Created new background assertion <BKSProcessAssertion: 0x6000021140a0>
[log] 2026-10-09 14:53:21.463 Df Landmarks[21036:4a2013] [com.apple.runningboard:connection] Initializing connection
[log] 2026-10-09 14:53:21.463 Df Landmarks[21036:4a2013] [com.apple.runningboard:process] Removing all cached process handles
[log] 2026-10-09 14:53:21.464 Df Landmarks[21036:4a2017] [com.apple.runningboard:connection] Sending handshake request attempt #1 to server
[log] 2026-10-09 14:53:21.464 Df Landmarks[21036:4a2017] [com.apple.runningboard:connection] Creating connection to com.apple.runningboard
[log] 2026-10-09 14:53:21.464 Df Landmarks[21036:4a2017] [com.apple.xpc:connection] [0x102f08350] activating connection: mach=true listener=false peer=false name=com.apple.runningboard
[log] 2026-10-09 14:53:21.464 A  Landmarks[21036:4a2015] (RunningBoardServices) didChangeInheritances
[log] 2026-10-09 14:53:21.464 Df Landmarks[21036:4a2011] [com.apple.UIKit:Application] Deactivation reason added: 10; deactivation reasons: 0 -> 1024; animating application lifecycle event: 0
[log] 2026-10-09 14:53:21.465 Df Landmarks[21036:4a2017] [com.apple.runningboard:connection] Handshake succeeded
[log] 2026-10-09 14:53:21.465 Df Landmarks[21036:4a2011] [com.apple.BoardServices:Injection] activating monitor for service com.apple.frontboard.open
[log] 2026-10-09 14:53:21.465 Df Landmarks[21036:4a2017] [com.apple.runningboard:connection] Identity resolved as app<com.kylebrowning.Landmarks((null))>
[log] 2026-10-09 14:53:21.465 Df Landmarks[21036:4a2011] [com.apple.BoardServices:Injection] activating monitor for service com.apple.frontboard.workspace-service
[log] 2026-10-09 14:53:21.465 Df Landmarks[21036:4a2013] [com.apple.UIKit:BackgroundTask] Incrementing reference count for background assertion <BKSProcessAssertion: 0x6000021140a0>
[log] 2026-10-09 14:53:21.465 Df Landmarks[21036:4a2011] [com.apple.FrontBoard:Common] FBSWorkspace registering source: com.apple.frontboard.systemappservices
[log] 2026-10-09 14:53:21.465 Df Landmarks[21036:4a2013] [com.apple.UIKit:BackgroundTask] Created background task <_UIBackgroundTaskInfo: 0x60000170ba00>: taskID = 1, taskName = Launch Background Task for Coalescing, creationTime = 170851 (elapsed = 0).
[log] 2026-10-09 14:53:21.465 Df Landmarks[21036:4a2013] [com.apple.FrontBoard:SceneExtension] Realizing settings extension _UIApplicationSceneKeyboardSettings on FBSSceneSettings
[log] 2026-10-09 14:53:21.465 Df Landmarks[21036:4a2013] [com.apple.FrontBoard:SceneExtension] Realizing settings extension <_UISceneOcclusionSettings> on FBSSceneSettings
[log] 2026-10-09 14:53:21.466 Df Landmarks[21036:4a2013] [com.apple.FrontBoard:SceneExtension] Realizing settings extension <_UISceneInterfaceProtectionSettings> on FBSSceneSettings
[log] 2026-10-09 14:53:21.466 Df Landmarks[21036:4a2011] [com.apple.FrontBoard:Common] FBSWorkspace connected to endpoint : <BSServiceConnectionEndpoint: 0x600000206980; target: com.apple.frontboard.systemappservices; service: com.apple.frontboard.workspace-service>
[log] 2026-10-09 14:53:21.466 Df Landmarks[21036:4a2011] [com.apple.FrontBoard:Common] <FBSWorkspaceScenesClient:0x60000300c120 com.apple.frontboard.systemappservices> attempting immediate handshake from activate
[log] 2026-10-09 14:53:21.466 Df Landmarks[21036:4a2013] [com.apple.FrontBoard:SceneExtension] Realizing settings extension _UISceneLayoutPreferencesHostSettingsExtension on FBSSceneSettings
[log] 2026-10-09 14:53:21.466 Df Landmarks[21036:4a2011] [com.apple.FrontBoard:Common] <FBSWorkspaceScenesClient:0x60000300c120 com.apple.frontboard.systemappservices> sent handshake
[log] 2026-10-09 14:53:21.466 Df Landmarks[21036:4a2013] [com.apple.FrontBoard:SceneExtension] Realizing settings extension _UISceneSafeAreaSettingsExtension on FBSSceneSettings
[log] 2026-10-09 14:53:21.466 Df Landmarks[21036:4a2011] [com.apple.runningboard:general] Added observer for process assertions expiration warning: <_RBSExpirationWarningClient: 0x60000021d140>
[log] 2026-10-09 14:53:21.466 Df Landmarks[21036:4a2013] [com.apple.FrontBoard:SceneExtension] Realizing settings extension _UISceneLayoutPreferenceClientSettingsExtension on FBSSceneClientSettings
[log] 2026-10-09 14:53:21.466 Df Landmarks[21036:4a2013] [com.apple.FrontBoard:SceneExtension] Realizing settings extension <_UIHomeAffordanceHostSceneSettings> on FBSSceneSettings
[log] 2026-10-09 14:53:21.466 Df Landmarks[21036:4a2013] [com.apple.FrontBoard:SceneExtension] Realizing settings extension _UISystemShellSceneHostingEnvironmentSettings on FBSSceneSettings
[log] 2026-10-09 14:53:21.466 Df Landmarks[21036:4a2013] [com.apple.FrontBoard:SceneExtension] Realizing settings extension _UISceneRenderingEnvironmentSettings on FBSSceneSettings
[log] 2026-10-09 14:53:21.467 Df Landmarks[21036:4a2013] [com.apple.FrontBoard:SceneExtension] Realizing settings extension <_UISceneRenderingEnvironmentClientSettings> on FBSSceneClientSettings
[log] 2026-10-09 14:53:21.467 Df Landmarks[21036:4a2013] [com.apple.FrontBoard:SceneExtension] Realizing settings extension <_UISceneTransitioningHostSettings> on FBSSceneSettings
[log] 2026-10-09 14:53:21.467 Df Landmarks[21036:4a2013] [com.apple.FrontBoard:SceneExtension] Realizing settings extension <_UISceneFocusSystemSettings> on FBSSceneSettings
[log] 2026-10-09 14:53:21.467 Df Landmarks[21036:4a2013] [com.apple.FrontBoard:SceneExtension] Realizing settings extension <_UISceneMainMenuSettings> on FBSSceneSettings
[log] 2026-10-09 14:53:21.467 Df Landmarks[21036:4a2013] [com.apple.FrontBoard:SceneExtension] Realizing settings extension _UISceneOrientationSettingsExtension on FBSSceneSettings
[log] 2026-10-09 14:53:21.467 Df Landmarks[21036:4a2013] [com.apple.FrontBoard:SceneExtension] Realizing settings extension _UISceneOrientationClientSettingsExtension on FBSSceneClientSettings
[log] 2026-10-09 14:53:21.467 Df Landmarks[21036:4a2013] [com.apple.FrontBoard:SceneExtension] Realizing settings extension _UISceneWindowingControlClientSettings on FBSSceneClientSettings
[log] 2026-10-09 14:53:21.467 Df Landmarks[21036:4a2013] [com.apple.FrontBoard:SceneExtension] Realizing settings extension <_UISceneHostingContentSizePreferenceClientSettings> on FBSSceneClientSettings
[log] 2026-10-09 14:53:21.467 Df Landmarks[21036:4a2011] [com.apple.UIKit:UIScreen] Evaluated capturing state as 0 on <UIScreen: 0x102f08ab0> for initial
[log] 2026-10-09 14:53:21.467 Df Landmarks[21036:4a2011] [com.apple.UIKit:UIScreen] Evaluated capturing state as 0 on <UIScreen: 0x102f08ab0> for CADisplay KVO
[log] 2026-10-09 14:53:21.467 Df Landmarks[21036:4a2013] [com.apple.FrontBoard:SceneExtension] Realizing settings extension _UISceneHostingTraitCollectionPropagationSettings on FBSSceneSettings
[log] 2026-10-09 14:53:21.467 Df Landmarks[21036:4a2013] [com.apple.FrontBoard:SceneExtension] Realizing settings extension <_UISceneHostingSheetPresentationSettings> on FBSSceneSettings
[log] 2026-10-09 14:53:21.468 Df Landmarks[21036:4a2013] [com.apple.FrontBoard:SceneExtension] Realizing settings extension <_UISceneHostingSheetPresentationClientSettings> on FBSSceneClientSettings
[log] 2026-10-09 14:53:21.468 Df Landmarks[21036:4a2013] [com.apple.FrontBoard:SceneExtension] Realizing settings extension <_UISceneHostingEventDeferringSettings> on FBSSceneSettings
[log] 2026-10-09 14:53:21.468 Df Landmarks[21036:4a2013] [com.apple.FrontBoard:SceneExtension] Realizing settings extension <UIKit__UITypedKeyValueSceneSettings> on FBSSceneSettings
[log] 2026-10-09 14:53:21.468 Df Landmarks[21036:4a2013] [com.apple.FrontBoard:SceneExtension] Realizing settings extension <UIKit__UITypedKeyValueSceneSettings> on FBSSceneClientSettings
[log] 2026-10-09 14:53:21.468 Df Landmarks[21036:4a2013] [com.apple.FrontBoard:SceneExtension] Realizing settings extension <_UISceneHostingViewControllerPreferencePropagationClientSettings> on FBSSceneClientSettings
[log] 2026-10-09 14:53:21.468 Df Landmarks[21036:4a2011] [com.apple.Accessibility:AXSupportCommon] Read CategoryName: per-app = 1, category name = (null)
[log] 2026-10-09 14:53:21.468 Df Landmarks[21036:4a2013] [com.apple.FrontBoard:SceneExtension] Realizing settings extension <_UISceneZoomTransitionSettings> on FBSSceneSettings
[log] 2026-10-09 14:53:21.468 Df Landmarks[21036:4a2011] [com.apple.Accessibility:AXSupportCommon] Read CategoryName: per-app = 0, category name = (null)
[log] 2026-10-09 14:53:21.468 Df Landmarks[21036:4a2015] [com.apple.FrontBoard:SceneExtension] Realizing settings extension FBSSceneSettingsCore on FBSSceneSettings
[log] 2026-10-09 14:53:21.469 Df Landmarks[21036:4a2015] [com.apple.FrontBoard:SceneExtension] Realizing settings extension FBSSceneClientSettingsCore on FBSSceneClientSettings
[log] 2026-10-09 14:53:21.469 Df Landmarks[21036:4a2015] [com.apple.FrontBoard:SceneExtension] UIMutableApplicationSceneSettings setting counterpart class: UIApplicationSceneSettings
[log] 2026-10-09 14:53:21.469 Df Landmarks[21036:4a2015] [com.apple.FrontBoard:SceneExtension] UIMutableApplicationSceneClientSettings setting counterpart class: UIApplicationSceneClientSettings
[log] 2026-10-09 14:53:21.469 Df Landmarks[21036:4a2015] [com.apple.FrontBoard:SceneExtension] Realizing settings extension FBSSceneTransitionContextCore on FBSSceneTransitionContext
[log] 2026-10-09 14:53:21.740 A  Landmarks[21036:4a2013] (CoreFoundation) Updating Key-Value Observers Of Preferences
[log] 2026-10-09 14:53:21.745 Df Landmarks[21036:4a2011] [com.apple.dt.xctest:Default] Registering for test daemon availability notify post.
[log] 2026-10-09 14:53:21.745 Df Landmarks[21036:4a2011] [com.apple.dt.xctest:Default] notify_get_state check indicated test daemon not ready.
[log] 2026-10-09 14:53:21.746 Df Landmarks[21036:4a2011] [com.apple.dt.xctest:Default] Test daemon availability confirmed via notify_get_state.
[log] 2026-10-09 14:53:21.746 Df Landmarks[21036:4a2015] [com.apple.xpc:connection] [0x104a0c800] activating connection: mach=true listener=false peer=false name=com.apple.dt.xctestd.target
[log] 2026-10-09 14:53:21.746 Df Landmarks[21036:4a2011] [com.apple.dt.xctest:Default] notify_get_state check indicated test daemon not ready.
[log] 2026-10-09 14:53:21.746 Df Landmarks[21036:4a2015] [com.apple.dt.xctest:Default] Received request for endpoint.
[log] 2026-10-09 14:53:21.746 Df Landmarks[21036:4a2015] [com.apple.dt.xctest:Default] Attempting to load /Library/Developer/CoreSimulator/Volumes/iOS_23A343/Library/Developer/CoreSimulator/Profiles/Runtimes/iOS 26.0.simruntime/Contents/Resources/RuntimeRoot/Developer/Library/PrivateFrameworks/XCTAutomationSupport.framework.
[log] 2026-10-09 14:53:21.746 Df Landmarks[21036:4a2011] [com.apple.UIKit:Application] Deactivation reason added: 11; deactivation reasons: 1024 -> 3072; animating application lifecycle event: 0
[log] 2026-10-09 14:53:21.747 Df Landmarks[21036:4a2011] [com.apple.UIKit:Application] Deactivation reason removed: 10; deactivation reasons: 3072 -> 2048; animating application lifecycle event: 0
[log] 2026-10-09 14:53:21.747 Df Landmarks[21036:4a2011] [com.apple.UIKit:EventBus] Event Timing Profile for Touch: not found, path="/System/Library/EventTimingProfiles/Sim.Touch.plist"
[log] 2026-10-09 14:53:21.751 Df Landmarks[21036:4a2011] [com.apple.UIKit:EventBus] Event Timing Profile for Pencil: not found, path="/System/Library/EventTimingProfiles/Sim.Pencil.plist"
[log] 2026-10-09 14:53:21.778 Df Landmarks[21036:4a2011] [com.apple.UIKit:UpdateScheduler] Selected display: name=LCD (PurpleMain), id=1
[log] 2026-10-09 14:53:21.780 Df Landmarks[21036:4a2015] [com.apple.dt.automationmode:Default] XAM shared observer connecting to com.apple.dt.automationmode.reader
[log] 2026-10-09 14:53:21.780 Df Landmarks[21036:4a2011] [com.apple.xpc:connection] [0x102a20f60] activating connection: mach=true listener=false peer=false name=com.apple.lsd.mapdb
[log] 2026-10-09 14:53:21.780 Df Landmarks[21036:4a2015] [com.apple.xpc:connection] [0x104a0b920] activating connection: mach=true listener=false peer=false name=com.apple.dt.automationmode.reader
[log] 2026-10-09 14:53:21.780 Df Landmarks[21036:4a2015] [com.apple.xpc:connection] [0x104a0b920] invalidated because the current process cancelled the connection by calling xpc_connection_cancel()
[log] 2026-10-09 14:53:21.781 Df Landmarks[21036:4a2015] [com.apple.dt.xctest:Default] Sending anonymous endpoint.
[log] 2026-10-09 14:53:21.781 Df Landmarks[21036:4a2015] [com.apple.dt.xctest:Default] Setting up target listener.
[log] 2026-10-09 14:53:21.781 Df Landmarks[21036:4a2015] [com.apple.xpc:connection] [0x107904080] activating connection: mach=false listener=true peer=false name=(anonymous)
[log] 2026-10-09 14:53:21.781 Df Landmarks[21036:4a2015] [com.apple.xpc:connection] [0x107904080] Connection returned listener port: 0x7a0b
[log] 2026-10-09 14:53:21.781 Df Landmarks[21036:4a2022] [com.apple.dt.xctest:Default] Received client to target connection.
[log] 2026-10-09 14:53:21.781 Df Landmarks[21036:4a2022] [com.apple.dt.automationmode:Default] Returning 1 for enabled state
[log] 2026-10-09 14:53:21.781 Df Landmarks[21036:4a2022] [com.apple.xpc:connection] [0x102f0c330] activating connection: mach=false listener=false peer=true name=com.apple.xpc.anonymous.0x107904080.peer[20999].0x102f0c330
[log] 2026-10-09 14:53:21.781 Df Landmarks[21036:4a2015] [com.apple.dt.xctest:Default] Received request to exchange capabilities, remote interface capabilities are: <XCTCapabilities: 0x600000009480>: {
[log]     "query runtime issue reporting" = 1;
[log]     "query runtime issue reporting/automation type mismatch" = 1;
[log] }
[log] 2026-10-09 14:53:21.792 Df Landmarks[21036:4a2011] [com.apple.BoardServices:XPCErrors] [C:2] Alloc com.apple.backboard.hid-services.xpc
[log] 2026-10-09 14:53:21.792 Df Landmarks[21036:4a2011] [com.apple.xpc:connection] [0x102e3ac40] activating connection: mach=false listener=false peer=false name=(anonymous)
[log] 2026-10-09 14:53:21.792 Df Landmarks[21036:4a2022] [com.apple.BackBoard:EventDelivery] BKSHIDEventDeliveryManager - connection activation
[log] 2026-10-09 14:53:21.794 Df Landmarks[21036:4a2011] [com.apple.UIKit:BackgroundTask] Will add backgroundTask with taskName: Persistent SceneSession Map Update, expirationHandler: <__NSGlobalBlock__: 0x1e632d818>
[log] 2026-10-09 14:53:21.794 Df Landmarks[21036:4a2011] [com.apple.UIKit:BackgroundTask] Reusing background assertion <BKSProcessAssertion: 0x6000021140a0>
[log] 2026-10-09 14:53:21.794 Df Landmarks[21036:4a2011] [com.apple.UIKit:BackgroundTask] Incrementing reference count for background assertion <BKSProcessAssertion: 0x6000021140a0>
[log] 2026-10-09 14:53:21.794 Df Landmarks[21036:4a2011] [com.apple.UIKit:BackgroundTask] Created background task <_UIBackgroundTaskInfo: 0x60000172aa40>: taskID = 2, taskName = Persistent SceneSession Map Update, creationTime = 170851 (elapsed = 0).
[log] 2026-10-09 14:53:21.794 Df Landmarks[21036:4a2011] [com.apple.UIKit:Application] Deactivation reason added: 5; deactivation reasons: 2048 -> 2080; animating application lifecycle event: 1
[log] 2026-10-09 14:53:21.794 Df Landmarks[21036:4a2011] [com.apple.UIKit:InterfaceStyle] Should send trait collection or coordinate space update, interface style 1 -> 1, <UIWindowScene: 0x102f43a90> (08DF3506-3839-4E40-9DCD-332E40DBE140)
[log] 2026-10-09 14:53:21.795 Df Landmarks[21036:4a2011] [com.apple.UIKit:InterfaceStyle] Not push traits update to screen for new style 1, <UIWindowScene: 0x102f43a90> (08DF3506-3839-4E40-9DCD-332E40DBE140)
[log] 2026-10-09 14:53:21.795 Df Landmarks[21036:4a2011] [com.apple.UIKit:HomeAffordanceObservation] Initializing: <_UIHomeAffordanceSceneNotifier: 0x600002949570>; with scene: <UIWindowScene: 0x102f43a90>
[log] 2026-10-09 14:53:21.795 Df Landmarks[21036:4a2011] [com.apple.BacklightServices:scenes] 0x600000c5d890 setDelegate:<0x600000c5d830 _UIBacklightEnvironment> hasDelegate:YES for environment:sceneID:com.kylebrowning.Landmarks-08DF3506-3839-4E40-9DCD-332E40DBE140
[log] 2026-10-09 14:53:21.795 Df Landmarks[21036:4a2011] [com.apple.UIKit:InterfaceStyle] Not push traits update to screen for new style 1, <UIWindowScene: 0x102f43a90> (08DF3506-3839-4E40-9DCD-332E40DBE140)
[log] 2026-10-09 14:53:21.795 Df Landmarks[21036:4a2011] [com.apple.UIKit:EventDeferring] [0x600002949ab0] Initialized with scene: <UIWindowScene: 0x102f43a90>; behavior: <_UIEventDeferringBehavior_iOS: 0x6000002545e0>; availableForProcess: 1, systemShellManagesKeyboardFocus: 1
[log] 2026-10-09 14:53:21.796 Df Landmarks[21036:4a2022] [com.apple.BackBoard:EventDelivery] BKSHIDEventObserver - connection activation
[log] 2026-10-09 14:53:21.796 Df Landmarks[21036:4a2011] [com.apple.BackBoard:EventDelivery] policyStatus:<BKSHIDEventDeliveryPolicyObserver: 0x600002602040; process scope; status: target> was:none
[log] 2026-10-09 14:53:21.796 Df Landmarks[21036:4a2011] [com.apple.UIKit:KeyWindow] Setting default evaluation strategy for UIUserInterfaceIdiomPhone to LastOneWins
[log] 2026-10-09 14:53:21.796 Df Landmarks[21036:4a2011] [com.apple.UIKit:KeyWindow] Scene target of keyboard event deferring environment did change: 1; scene: UIWindowScene: 0x102f43a90; scene identity: com.apple.frontboard.systemappservices/FBSceneManager:sceneID%3Acom.kylebrowning.Landmarks-08DF3506-3839-4E40-9DCD-332E40DBE140
[log] 2026-10-09 14:53:21.796 Df Landmarks[21036:4a2011] [com.apple.UIKit:EventDeferring] [0x600002949ab0] Scene target of event deferring environments did update: scene: 0x102f43a90; current systemShellManagesKeyboardFocus: 1; systemShellManagesKeyboardFocusForScene: 1; eligibleForRecordRemoval: 1;
[log] 2026-10-09 14:53:21.796 Df Landmarks[21036:4a2011] [com.apple.UIKit:KeyWindow] Scene became target of keyboard event deferring environment: UIWindowScene: 0x102f43a90; scene identity: com.apple.frontboard.systemappservices/FBSceneManager:sceneID%3Acom.kylebrowning.Landmarks-08DF3506-3839-4E40-9DCD-332E40DBE140
[log] 2026-10-09 14:53:21.796 Df Landmarks[21036:4a2011] [com.apple.UIKit:KeyWindow] Stack[KeyWindow] 0x600000c5aee0: Taking no further action for migration from LastOneWins -> SystemShellManaged as there are no scenes
[log] 2026-10-09 14:53:21.796 Df Landmarks[21036:4a2011] [com.apple.UIKit:KeyWindow] Setting default evaluation strategy for UIUserInterfaceIdiomPhone to SystemShellManaged
[log] 2026-10-09 14:53:21.796 Df Landmarks[21036:4a2011] [com.apple.UIKit:KeyWindow] Key window needs update: 0; currentKeyWindowScene: 0x0; evaluatedKeyWindowScene: 0x102f43a90; currentApplicationKeyWindow: 0x0; evaluatedApplicationKeyWindow: 0x0; reason: UIWindowScene: 0x102f43a90: Window scene became target of keyboard environment
[log] 2026-10-09 14:53:21.796 Df Landmarks[21036:4a2011] [com.apple.UIKit:InterfaceStyle] Not push traits update to screen for new style 1, <UIWindowScene: 0x102f43a90> (08DF3506-3839-4E40-9DCD-332E40DBE140)
[log] 2026-10-09 14:53:21.796 Df Landmarks[21036:4a2011] [com.apple.UIKit:InterfaceStyle] Not push traits update to screen for new style 1, <UIWindowScene: 0x102f43a90> (08DF3506-3839-4E40-9DCD-332E40DBE140)
[log] 2026-10-09 14:53:21.816 A  Landmarks[21036:4a2011] (CoreFoundation) Updating Key-Value Observers Of Preferences
[log] 2026-10-09 14:53:21.840 Df Landmarks[21036:4a2011] [com.apple.UIKit:Orientation] <UIWindowScene: 0x102f43a90> (08DF3506-3839-4E40-9DCD-332E40DBE140) Scene updated orientation preferences: none -> ( Pu Ll Lr )
[log] 2026-10-09 14:53:21.840 Df Landmarks[21036:4a2011] [com.apple.UIKit:KeyWindow] Key window API is scene-level: YES
[log] 2026-10-09 14:53:21.840 Df Landmarks[21036:4a2011] [com.apple.UIKit:KeyWindow] UIWindowScene: 0x102f43a90: Window became key in scene: UIWindow: 0x102a0c560; contextId: 0x4E698819: reason: UIWindowScene: 0x102f43a90: Window requested to become key in scene: 0x102a0c560
[log] 2026-10-09 14:53:21.840 Df Landmarks[21036:4a2011] [com.apple.UIKit:KeyWindow] Key window needs update: 1; currentKeyWindowScene: 0x0; evaluatedKeyWindowScene: 0x102f43a90; currentApplicationKeyWindow: 0x0; evaluatedApplicationKeyWindow: 0x102a0c560; reason: UIWindowScene: 0x102f43a90: Window requested to become key in scene: 0x102a0c560
[log] 2026-10-09 14:53:21.840 Df Landmarks[21036:4a2011] [com.apple.UIKit:KeyWindow] Window did become application key: UIWindow: 0x102a0c560; contextId: 0x4E698819; scene identity: com.apple.frontboard.systemappservices/FBSceneManager:sceneID%3Acom.kylebrowning.Landmarks-08DF3506-3839-4E40-9DCD-332E40DBE140
[log] 2026-10-09 14:53:21.840 Df Landmarks[21036:4a2011] [com.apple.UIKit:EventDeferring] [0x600002949ab0] Begin local event deferring requested for token: 0x60000260f000; environments: 1; reason: UIWindowScene: 0x102f43a90: Begin event deferring in keyboardFocus for window: 0x102a0c560
[log] 2026-10-09 14:53:21.840 Df Landmarks[21036:4a2011] [com.apple.UIKit:InterfaceStyle] Not push traits update to screen for new style 1, <UIWindowScene: 0x102f43a90> (08DF3506-3839-4E40-9DCD-332E40DBE140)
[log] 2026-10-09 14:53:21.841 Df Landmarks[21036:4a2022] [com.apple.BackBoard:EventDelivery] policyStatus:<BKSHIDEventDeliveryPolicyObserver: 0x600002602040; token: com.apple.frontboard.systemappservices/FBSceneManager:sceneID%3Acom.kylebrowning.Landmarks-08DF3506-3839-4E40-9DCD-332E40DBE140; status: ancestor> was:target
[log] 2026-10-09 14:53:21.841 Df Landmarks[21036:4a2011] [com.apple.UIKit:AppLifecycle] sceneOfRecord: sceneID: sceneID:com.kylebrowning.Landmarks-08DF3506-3839-4E40-9DCD-332E40DBE140  persistentID: 08DF3506-3839-4E40-9DCD-332E40DBE140
[log] 2026-10-09 14:53:21.841 Df Landmarks[21036:4a2011] [com.apple.UIKit:Application] Ignoring already applied deactivation reason: 5; deactivation reasons: 2080
[log] 2026-10-09 14:53:21.841 Df Landmarks[21036:4a2011] [com.apple.UIKit:Application] Deactivation reason added: 12; deactivation reasons: 2080 -> 6176; animating application lifecycle event: 1
[log] 2026-10-09 14:53:21.841 Df Landmarks[21036:4a2011] [com.apple.UIKit:Application] Deactivation reason removed: 11; deactivation reasons: 6176 -> 4128; animating application lifecycle event: 1
[log] 2026-10-09 14:53:21.841 Df Landmarks[21036:4a2011] [com.apple.FrontBoard:SceneExtension] Realizing settings extension <_UISceneIntelligenceSupportSettings> on FBSSceneSettings
[log] 2026-10-09 14:53:21.841 Df Landmarks[21036:4a2017] [com.apple.UIIntelligenceSupport:xpc] establishing connection to agent
[log] 2026-10-09 14:53:21.841 Df Landmarks[21036:4a2017] [com.apple.xpc:session] [0x6000021303c0] Session created.
[log] 2026-10-09 14:53:21.841 Df Landmarks[21036:4a2017] [com.apple.xpc:session] [0x6000021303c0] Session created from connection [0x104a0e680]
[log] 2026-10-09 14:53:21.841 Df Landmarks[21036:4a2017] [com.apple.xpc:connection] [0x104a0e680] activating connection: mach=true listener=false peer=false name=com.apple.uiintelligencesupport.agent
[log] 2026-10-09 14:53:21.841 Df Landmarks[21036:4a2011] [com.apple.UIKit:InterfaceStyle] Not push traits update to screen for new style 1, <UIWindowScene: 0x102f43a90> (08DF3506-3839-4E40-9DCD-332E40DBE140)
[log] 2026-10-09 14:53:21.841 Df Landmarks[21036:4a2017] [com.apple.xpc:session] [0x6000021303c0] Session activated
[log] 2026-10-09 14:53:21.853 Df Landmarks[21036:4a2014] [com.apple.xpc:connection] [0x102f4a040] activating connection: mach=true listener=false peer=false name=com.apple.fontservicesd
[log] 2026-10-09 14:53:21.889 Df Landmarks[21036:4a2011] [PrototypeTools:domain] Not observing PTDefaults on customer install.
[log] 2026-10-09 14:53:21.899 Df Landmarks[21036:4a2011] [com.apple.UIKit:_UIVisualStyleRegistry] Note: no default visual style class registered as fallback for stylable class UIActivityIndicatorView
[log] 2026-10-09 14:53:21.899 Df Landmarks[21036:4a2011] [com.apple.UIKit:_UIVisualStyleRegistry] Note: no default visual style class registered as fallback for stylable class UIActivityIndicatorView
[log] 2026-10-09 14:53:21.923 Df Landmarks[21036:4a2011] [com.apple.network:activity] Create activity from XPC object <nw_activity 50:1 [63A2EA52-9A2E-4073-AC8E-9C0E18A4589B] (reporting strategy default)>
[log] 2026-10-09 14:53:21.923 Df Landmarks[21036:4a2011] [com.apple.network:activity] Create activity from XPC object <nw_activity 50:2 [83D19426-55A1-4B28-9732-A273D11F7D8D] (reporting strategy default)>
[log] 2026-10-09 14:53:21.923 Df Landmarks[21036:4a2011] [com.apple.network:activity] Set activity <nw_activity 50:1 [63A2EA52-9A2E-4073-AC8E-9C0E18A4589B] (reporting strategy default)> as the global parent
[log] 2026-10-09 14:53:21.923 Df Landmarks[21036:4a2011] [com.apple.UIKit:BackgroundTask] Ending background task with UIBackgroundTaskIdentifier: 1
[log] 2026-10-09 14:53:21.923 Df Landmarks[21036:4a2011] [com.apple.UIKit:BackgroundTask] Ending task with identifier 1 and description: <_UIBackgroundTaskInfo: 0x60000170ba00>: taskID = 1, taskName = Launch Background Task for Coalescing, creationTime = 170851 (elapsed = 0), _expireHandler: (null)
[log] 2026-10-09 14:53:21.923 Df Landmarks[21036:4a2011] [com.apple.UIKit:BackgroundTask] Decrementing reference count for assertion <BKSProcessAssertion: 0x6000021140a0> (used by background task with identifier 1: <_UIBackgroundTaskInfo: 0x60000170ba00>: taskID = 1, taskName = Launch Background Task for Coalescing, creationTime = 170851 (elapsed = 0))
[log] 2026-10-09 14:53:21.923 A  Landmarks[21036:4a2022] (RunningBoardServices) didChangeInheritances
[log] 2026-10-09 14:53:21.923 Df Landmarks[21036:4a2011] [com.apple.UIKit:UpdateScheduler] Target list changed: <CADisplay:LCD PurpleMain>
[log] 2026-10-09 14:53:21.924 Df Landmarks[21036:4a2011] [com.apple.UIKit:AppLifecycle] sceneOfRecord: sceneID: sceneID:com.kylebrowning.Landmarks-08DF3506-3839-4E40-9DCD-332E40DBE140  persistentID: 08DF3506-3839-4E40-9DCD-332E40DBE140
[log] 2026-10-09 14:53:21.924 Df Landmarks[21036:4a2011] [com.apple.UIKit:InterfaceStyle] Not push traits update to screen for new style 1, <UIWindowScene: 0x102f43a90> (08DF3506-3839-4E40-9DCD-332E40DBE140)
[log] 2026-10-09 14:53:21.925 A  Landmarks[21036:4a2013] (RunningBoardServices) didChangeInheritances
[log] 2026-10-09 14:53:21.962 Df Landmarks[21036:4a2011] [com.apple.UIKit:EventDeferring] [0x600002949ab0] Scene target of event deferring environments did update: scene: 0x102f43a90; current systemShellManagesKeyboardFocus: 1; systemShellManagesKeyboardFocusForScene: 1; eligibleForRecordRemoval: 1;
[log] 2026-10-09 14:53:21.962 Df Landmarks[21036:4a2011] [com.apple.UIKit:KeyWindow] Scene became target of keyboard event deferring environment: UIWindowScene: 0x102f43a90; scene identity: com.apple.frontboard.systemappservices/FBSceneManager:sceneID%3Acom.kylebrowning.Landmarks-08DF3506-3839-4E40-9DCD-332E40DBE140
[log] 2026-10-09 14:53:21.963 Df Landmarks[21036:4a2011] [com.apple.BackBoard:Display] [FBSDisplaySource 1-1] silently connecting raw configuration: <FBSDisplayConfiguration: 0x600003d5f750; Main; mode: "402x874@3x 60Hz p3 SDR">
[log] 2026-10-09 14:53:21.964 Df Landmarks[21036:4a2011] [com.apple.FrontBoard:SceneExtension] Realizing settings extension SBUISecureRenderingSettingsExtension on FBSSceneSettings
[log] 2026-10-09 14:53:21.964 Df Landmarks[21036:4a2011] [com.apple.UIKit:InterfaceStyle] Not push traits update to screen for new style 1, <UIWindowScene: 0x102f43a90> (08DF3506-3839-4E40-9DCD-332E40DBE140)
[log] 2026-10-09 14:53:21.964 Df Landmarks[21036:4a2011] [com.apple.UIKit:InterfaceStyle] Not push traits update to screen for new style 1, <UIWindowScene: 0x102f43a90> (08DF3506-3839-4E40-9DCD-332E40DBE140)
[log] 2026-10-09 14:53:21.965 Df Landmarks[21036:4a2011] [com.apple.UIKit:AppLifecycle] sceneOfRecord: sceneID: sceneID:com.kylebrowning.Landmarks-08DF3506-3839-4E40-9DCD-332E40DBE140  persistentID: 08DF3506-3839-4E40-9DCD-332E40DBE140
[log] 2026-10-09 14:53:21.965 Df Landmarks[21036:4a2011] [com.apple.UIKit:Application] Deactivation reason removed: 12; deactivation reasons: 4128 -> 32; animating application lifecycle event: 1
[log] 2026-10-09 14:53:21.965 Df Landmarks[21036:4a2011] [com.apple.KeyboardArbiter:Client] Send setDeactivating: N (-DeactivationReason:SuspendedEventsOnly)
[log] 2026-10-09 14:53:21.965 Df Landmarks[21036:4a2011] [com.apple.UIKit:Application] Deactivation reason removed: 5; deactivation reasons: 32 -> 0; animating application lifecycle event: 0
[log] 2026-10-09 14:53:21.975 Df Landmarks[21036:4a2011] [com.apple.KeyboardArbiter:Client] startConnection
[log] 2026-10-09 14:53:21.975 Df Landmarks[21036:4a2011] [com.apple.xpc:connection] [0x102a28680] activating connection: mach=true listener=false peer=false name=com.apple.UIKit.KeyboardManagement.hosted
[log] 2026-10-09 14:53:21.977 Df Landmarks[21036:4a2011] [com.apple.KeyboardArbiter:Client] handleKeyboardChange: set currentKeyboard:N (wasKeyboard:N)
[log] 2026-10-09 14:53:21.978 Df Landmarks[21036:4a2011] [com.apple.UIKit:KeyboardSceneDelegate] forceReloadInputViews
[log] 2026-10-09 14:53:21.978 Df Landmarks[21036:4a2011] [com.apple.UIKit:KeyboardSceneDelegate] Reloading input views for key-window scene responder: <(null): 0x0; > force:Y
[log] 2026-10-09 14:53:21.979 Df Landmarks[21036:4a2011] [com.apple.UIKit:KeyboardArbiterClientLog] isWritingToolsHandlingKeyboardTracking:Y (WT ready:Y, Arbiter ready:Y)
[log] 2026-10-09 14:53:21.988 Df Landmarks[21036:4a2011] [com.apple.Accessibility:AXCommon] Smart invert app status cached: (null)
[log] 2026-10-09 14:53:22.017 Df Landmarks[21036:4a2011] [com.apple.network:activity] <nw_activity 50:1 [63A2EA52-9A2E-4073-AC8E-9C0E18A4589B] (global parent) (reporting strategy default) complete (reason success)> complete with reason 2 (success), duration 759ms
[log] 2026-10-09 14:53:22.017 Df Landmarks[21036:4a2011] [com.apple.network:activity] <nw_activity 50:2 [83D19426-55A1-4B28-9732-A273D11F7D8D] (reporting strategy default) complete (reason success)> complete with reason 2 (success), duration 759ms
[log] 2026-10-09 14:53:22.017 Df Landmarks[21036:4a2011] [com.apple.network:activity] Unsetting the global parent activity <nw_activity 50:1 [63A2EA52-9A2E-4073-AC8E-9C0E18A4589B] (global parent) (reporting strategy default) complete (reason success)>
[log] 2026-10-09 14:53:22.017 Df Landmarks[21036:4a2011] [com.apple.network:activity] Unset the global parent activity
[log] 2026-10-09 14:53:22.034 A  Landmarks[21036:4a2013] (RunningBoardServices) didChangeInheritances
[log] 2026-10-09 14:53:22.296 Df Landmarks[21036:4a2017] [com.apple.UIKit:BackgroundTask] Ending background task with UIBackgroundTaskIdentifier: 2
[log] 2026-10-09 14:53:22.296 Df Landmarks[21036:4a2017] [com.apple.UIKit:BackgroundTask] Ending task with identifier 2 and description: <_UIBackgroundTaskInfo: 0x60000172aa40>: taskID = 2, taskName = Persistent SceneSession Map Update, creationTime = 170851 (elapsed = 0), _expireHandler: <__NSGlobalBlock__: 0x1e632d818>
[log] 2026-10-09 14:53:22.297 Df Landmarks[21036:4a2017] [com.apple.UIKit:BackgroundTask] Decrementing reference count for assertion <BKSProcessAssertion: 0x6000021140a0> (used by background task with identifier 2: <_UIBackgroundTaskInfo: 0x60000172aa40>: taskID = 2, taskName = Persistent SceneSession Map Update, creationTime = 170851 (elapsed = 0))
[log] 2026-10-09 14:53:22.297 Df Landmarks[21036:4a2017] [com.apple.UIKit:BackgroundTask] Will invalidate assertion: <BKSProcessAssertion: 0x6000021140a0> for task identifier: 2
[log] 2026-10-09 14:53:22.626 A  Landmarks[21036:4a2022] (RunningBoardServices) didChangeInheritances
[log] 2026-10-09 14:53:22.894 Df Landmarks[21036:4a2011] [com.apple.xpc:connection] [0x104adb3e0] activating connection: mach=true listener=false peer=false name=com.apple.IOSurface.Remote
[log] 2026-10-09 14:53:22.901 Df Landmarks[21036:4a2011] (libMobileGestalt.dylib) Property isp[camera-front] found {length = 4, bytes = 0x01000000}
[log] 2026-10-09 14:53:22.901 A  Landmarks[21036:4a2011] (CoreFoundation) Updating Key-Value Observers Of Preferences
[log] 2026-10-09 14:53:22.904 A  Landmarks[21036:4a2011] (libsystem_containermanager.dylib) container_system_group_path_for_identifier
[log] 2026-10-09 14:53:22.904 Df Landmarks[21036:4a2011] [com.apple.containermanager:xpc] Requesting container lookup; class = 13, identifier = (null), group_identifier = systemgroup.com.apple.configurationprofiles, create = 1, temp = 0, euid = 501, uid = 501
[log] 2026-10-09 14:53:22.904 A  Landmarks[21036:4a2011] (libsystem_containermanager.dylib) container_query_t
[log] 2026-10-09 14:53:22.904 Df Landmarks[21036:4a2011] [com.apple.containermanager:xpc] Query; euid = 501, uid = 501, class = 13, identifier = [(null)](0), flags = 900000003
[log] 2026-10-09 14:53:22.904 Df Landmarks[21036:4a2011] [com.apple.containermanager:unspecified] _container_query_get_result_at_index: success
[log] 2026-10-09 14:53:22.904 A  Landmarks[21036:4a2011] (libsystem_containermanager.dylib) container_copy_object
[log] 2026-10-09 14:53:22.904 Df Landmarks[21036:4a2011] [com.apple.containermanager:unspecified] container_system_group_path_for_identifier: success
[log] 2026-10-09 14:53:22.904 Df Landmarks[21036:4a2011] [com.apple.ManagedConfiguration:MC] Got system group container path from MCM for systemgroup.com.apple.configurationprofiles: /Users/kyle/Library/Developer/CoreSimulator/Devices/93DF5345-8494-4C57-B374-10224C07ED41/data/Containers/Shared/SystemGroup/systemgroup.com.apple.configurationprofiles
[log] 2026-10-09 14:53:22.953 Df Landmarks[21036:4a2011] [com.apple.runningboard:connection] Creating side-channel connection to com.apple.runningboard
[log] 2026-10-09 14:53:22.953 Df Landmarks[21036:4a2011] [com.apple.xpc:connection] [0x104ab4380] activating connection: mach=true listener=false peer=false name=com.apple.runningboard
[log] 2026-10-09 14:53:22.953 Df Landmarks[21036:4a2011] [com.apple.runningboard:process] Hit the server for a process handle 53315530000522c that resolved to: [app<com.kylebrowning.Landmarks((null))>:21036]

  [1/1] 08-caching (08-caching.yaml)
────────────────────────────────────────────────────────────
[log] 2026-10-09 14:53:23.590 Df Landmarks[21185:4a219a] [com.apple.xpc:connection] [0x103305b00] activating connection: mach=true listener=false peer=false name=com.apple.cfprefsd.daemon
[log] 2026-10-09 14:53:23.595 A  Landmarks[21185:4a219c] (CoreFoundation) Loading Preferences From User Session CFPrefsD
[log] 2026-10-09 14:53:23.595 Df Landmarks[21185:4a219a] (libMobileGestalt.dylib) No persisted cache on this platform.
[log] 2026-10-09 14:53:23.596 Df Landmarks[21185:4a219d] [com.apple.BoardServices:XPCErrors] [C:1] Alloc com.apple.frontboard.systemappservices
[log] 2026-10-09 14:53:23.596 Df Landmarks[21185:4a219d] [com.apple.xpc:connection] [0x103506f30] activating connection: mach=false listener=false peer=false name=(anonymous)
[log] 2026-10-09 14:53:23.596 Df Landmarks[21185:4a219b] [com.apple.UIKit:BackgroundTask] Creating new assertion because there is no existing background assertion.
[log] 2026-10-09 14:53:23.596 Df Landmarks[21185:4a219b] [com.apple.UIKit:BackgroundTask] Creating new background assertion
[log] 2026-10-09 14:53:23.596 Df Landmarks[21185:4a219b] [com.apple.UIKit:BackgroundTask] Created new background assertion <BKSProcessAssertion: 0x6000021070c0>
[log] 2026-10-09 14:53:23.596 Df Landmarks[21185:4a219b] [com.apple.runningboard:connection] Initializing connection
[log] 2026-10-09 14:53:23.597 Df Landmarks[21185:4a219b] [com.apple.runningboard:process] Removing all cached process handles
[log] 2026-10-09 14:53:23.597 Df Landmarks[21185:4a219c] [com.apple.runningboard:connection] Sending handshake request attempt #1 to server
[log] 2026-10-09 14:53:23.597 Df Landmarks[21185:4a219c] [com.apple.runningboard:connection] Creating connection to com.apple.runningboard
[log] 2026-10-09 14:53:23.597 Df Landmarks[21185:4a219c] [com.apple.xpc:connection] [0x103405160] activating connection: mach=true listener=false peer=false name=com.apple.runningboard
[log] 2026-10-09 14:53:23.597 A  Landmarks[21185:4a219d] (RunningBoardServices) didChangeInheritances
[log] 2026-10-09 14:53:23.597 Df Landmarks[21185:4a219a] [com.apple.UIKit:Application] Deactivation reason added: 10; deactivation reasons: 0 -> 1024; animating application lifecycle event: 0
[log] 2026-10-09 14:53:23.598 Df Landmarks[21185:4a219a] [com.apple.BoardServices:Injection] activating monitor for service com.apple.frontboard.open
[log] 2026-10-09 14:53:23.598 Df Landmarks[21185:4a219c] [com.apple.runningboard:connection] Handshake succeeded
[log] 2026-10-09 14:53:23.598 Df Landmarks[21185:4a219c] [com.apple.runningboard:connection] Identity resolved as app<com.kylebrowning.Landmarks((null))>
[log] 2026-10-09 14:53:23.598 Df Landmarks[21185:4a219a] [com.apple.BoardServices:Injection] activating monitor for service com.apple.frontboard.workspace-service
[log] 2026-10-09 14:53:23.598 Df Landmarks[21185:4a219a] [com.apple.FrontBoard:Common] FBSWorkspace registering source: com.apple.frontboard.systemappservices
[log] 2026-10-09 14:53:23.598 Df Landmarks[21185:4a219b] [com.apple.UIKit:BackgroundTask] Incrementing reference count for background assertion <BKSProcessAssertion: 0x6000021070c0>
[log] 2026-10-09 14:53:23.598 Df Landmarks[21185:4a219b] [com.apple.UIKit:BackgroundTask] Created background task <_UIBackgroundTaskInfo: 0x60000171c240>: taskID = 1, taskName = Launch Background Task for Coalescing, creationTime = 170853 (elapsed = 0).
[log] 2026-10-09 14:53:23.598 Df Landmarks[21185:4a219b] [com.apple.FrontBoard:SceneExtension] Realizing settings extension _UIApplicationSceneKeyboardSettings on FBSSceneSettings
[log] 2026-10-09 14:53:23.598 Df Landmarks[21185:4a219b] [com.apple.FrontBoard:SceneExtension] Realizing settings extension <_UISceneOcclusionSettings> on FBSSceneSettings
[log] 2026-10-09 14:53:23.598 Df Landmarks[21185:4a219a] [com.apple.FrontBoard:Common] FBSWorkspace connected to endpoint : <BSServiceConnectionEndpoint: 0x600000224060; target: com.apple.frontboard.systemappservices; service: com.apple.frontboard.workspace-service>
[log] 2026-10-09 14:53:23.599 Df Landmarks[21185:4a219a] [com.apple.FrontBoard:Common] <FBSWorkspaceScenesClient:0x6000030041b0 com.apple.frontboard.systemappservices> attempting immediate handshake from activate
[log] 2026-10-09 14:53:23.599 Df Landmarks[21185:4a219b] [com.apple.FrontBoard:SceneExtension] Realizing settings extension <_UISceneInterfaceProtectionSettings> on FBSSceneSettings
[log] 2026-10-09 14:53:23.599 Df Landmarks[21185:4a219a] [com.apple.FrontBoard:Common] <FBSWorkspaceScenesClient:0x6000030041b0 com.apple.frontboard.systemappservices> sent handshake
[log] 2026-10-09 14:53:23.599 Df Landmarks[21185:4a219b] [com.apple.FrontBoard:SceneExtension] Realizing settings extension _UISceneLayoutPreferencesHostSettingsExtension on FBSSceneSettings
[log] 2026-10-09 14:53:23.599 Df Landmarks[21185:4a219a] [com.apple.runningboard:general] Added observer for process assertions expiration warning: <_RBSExpirationWarningClient: 0x600000202680>
[log] 2026-10-09 14:53:23.599 Df Landmarks[21185:4a219b] [com.apple.FrontBoard:SceneExtension] Realizing settings extension _UISceneSafeAreaSettingsExtension on FBSSceneSettings
[log] 2026-10-09 14:53:23.599 Df Landmarks[21185:4a219b] [com.apple.FrontBoard:SceneExtension] Realizing settings extension _UISceneLayoutPreferenceClientSettingsExtension on FBSSceneClientSettings
[log] 2026-10-09 14:53:23.599 Df Landmarks[21185:4a219b] [com.apple.FrontBoard:SceneExtension] Realizing settings extension <_UIHomeAffordanceHostSceneSettings> on FBSSceneSettings
[log] 2026-10-09 14:53:23.599 Df Landmarks[21185:4a219b] [com.apple.FrontBoard:SceneExtension] Realizing settings extension _UISystemShellSceneHostingEnvironmentSettings on FBSSceneSettings
[log] 2026-10-09 14:53:23.599 Df Landmarks[21185:4a219b] [com.apple.FrontBoard:SceneExtension] Realizing settings extension _UISceneRenderingEnvironmentSettings on FBSSceneSettings
[log] 2026-10-09 14:53:23.599 Df Landmarks[21185:4a219b] [com.apple.FrontBoard:SceneExtension] Realizing settings extension <_UISceneRenderingEnvironmentClientSettings> on FBSSceneClientSettings
[log] 2026-10-09 14:53:23.600 Df Landmarks[21185:4a219b] [com.apple.FrontBoard:SceneExtension] Realizing settings extension <_UISceneTransitioningHostSettings> on FBSSceneSettings
[log] 2026-10-09 14:53:23.600 Df Landmarks[21185:4a219b] [com.apple.FrontBoard:SceneExtension] Realizing settings extension <_UISceneFocusSystemSettings> on FBSSceneSettings
[log] 2026-10-09 14:53:23.600 Df Landmarks[21185:4a219b] [com.apple.FrontBoard:SceneExtension] Realizing settings extension <_UISceneMainMenuSettings> on FBSSceneSettings
[log] 2026-10-09 14:53:23.600 Df Landmarks[21185:4a219b] [com.apple.FrontBoard:SceneExtension] Realizing settings extension _UISceneOrientationSettingsExtension on FBSSceneSettings
[log] 2026-10-09 14:53:23.600 Df Landmarks[21185:4a219b] [com.apple.FrontBoard:SceneExtension] Realizing settings extension _UISceneOrientationClientSettingsExtension on FBSSceneClientSettings
[log] 2026-10-09 14:53:23.600 Df Landmarks[21185:4a219b] [com.apple.FrontBoard:SceneExtension] Realizing settings extension _UISceneWindowingControlClientSettings on FBSSceneClientSettings
[log] 2026-10-09 14:53:23.600 Df Landmarks[21185:4a219b] [com.apple.FrontBoard:SceneExtension] Realizing settings extension <_UISceneHostingContentSizePreferenceClientSettings> on FBSSceneClientSettings
[log] 2026-10-09 14:53:23.600 Df Landmarks[21185:4a219a] [com.apple.UIKit:UIScreen] Evaluated capturing state as 0 on <UIScreen: 0x105e04510> for initial
[log] 2026-10-09 14:53:23.600 Df Landmarks[21185:4a219b] [com.apple.FrontBoard:SceneExtension] Realizing settings extension _UISceneHostingTraitCollectionPropagationSettings on FBSSceneSettings
[log] 2026-10-09 14:53:23.600 Df Landmarks[21185:4a219a] [com.apple.UIKit:UIScreen] Evaluated capturing state as 0 on <UIScreen: 0x105e04510> for CADisplay KVO
[log] 2026-10-09 14:53:23.601 Df Landmarks[21185:4a219b] [com.apple.FrontBoard:SceneExtension] Realizing settings extension <_UISceneHostingSheetPresentationSettings> on FBSSceneSettings
[log] 2026-10-09 14:53:23.601 Df Landmarks[21185:4a219b] [com.apple.FrontBoard:SceneExtension] Realizing settings extension <_UISceneHostingSheetPresentationClientSettings> on FBSSceneClientSettings
[log] 2026-10-09 14:53:23.601 Df Landmarks[21185:4a219b] [com.apple.FrontBoard:SceneExtension] Realizing settings extension <_UISceneHostingEventDeferringSettings> on FBSSceneSettings
[log] 2026-10-09 14:53:23.601 Df Landmarks[21185:4a219b] [com.apple.FrontBoard:SceneExtension] Realizing settings extension <UIKit__UITypedKeyValueSceneSettings> on FBSSceneSettings
[log] 2026-10-09 14:53:23.601 Df Landmarks[21185:4a219b] [com.apple.FrontBoard:SceneExtension] Realizing settings extension <UIKit__UITypedKeyValueSceneSettings> on FBSSceneClientSettings
[log] 2026-10-09 14:53:23.601 Df Landmarks[21185:4a219b] [com.apple.FrontBoard:SceneExtension] Realizing settings extension <_UISceneHostingViewControllerPreferencePropagationClientSettings> on FBSSceneClientSettings
[log] 2026-10-09 14:53:23.601 Df Landmarks[21185:4a219b] [com.apple.FrontBoard:SceneExtension] Realizing settings extension <_UISceneZoomTransitionSettings> on FBSSceneSettings
[log] 2026-10-09 14:53:23.601 Df Landmarks[21185:4a219a] [com.apple.Accessibility:AXSupportCommon] Read CategoryName: per-app = 1, category name = (null)
[log] 2026-10-09 14:53:23.601 Df Landmarks[21185:4a219d] [com.apple.FrontBoard:SceneExtension] Realizing settings extension FBSSceneSettingsCore on FBSSceneSettings
[log] 2026-10-09 14:53:23.601 Df Landmarks[21185:4a219a] [com.apple.Accessibility:AXSupportCommon] Read CategoryName: per-app = 0, category name = (null)
[log] 2026-10-09 14:53:23.602 Df Landmarks[21185:4a219d] [com.apple.FrontBoard:SceneExtension] Realizing settings extension FBSSceneClientSettingsCore on FBSSceneClientSettings
[log] 2026-10-09 14:53:23.602 Df Landmarks[21185:4a219d] [com.apple.FrontBoard:SceneExtension] UIMutableApplicationSceneSettings setting counterpart class: UIApplicationSceneSettings
[log] 2026-10-09 14:53:23.602 Df Landmarks[21185:4a219d] [com.apple.FrontBoard:SceneExtension] UIMutableApplicationSceneClientSettings setting counterpart class: UIApplicationSceneClientSettings
[log] 2026-10-09 14:53:23.602 Df Landmarks[21185:4a219d] [com.apple.FrontBoard:SceneExtension] Realizing settings extension FBSSceneTransitionContextCore on FBSSceneTransitionContext
[log] 2026-10-09 14:53:23.871 A  Landmarks[21185:4a219d] (CoreFoundation) Updating Key-Value Observers Of Preferences
[log] 2026-10-09 14:53:23.877 Df Landmarks[21185:4a219a] [com.apple.dt.xctest:Default] Registering for test daemon availability notify post.
[log] 2026-10-09 14:53:23.877 Df Landmarks[21185:4a219a] [com.apple.dt.xctest:Default] notify_get_state check indicated test daemon not ready.
[log] 2026-10-09 14:53:23.877 Df Landmarks[21185:4a219a] [com.apple.dt.xctest:Default] Test daemon availability confirmed via notify_get_state.
[log] 2026-10-09 14:53:23.877 Df Landmarks[21185:4a219a] [com.apple.dt.xctest:Default] notify_get_state check indicated test daemon not ready.
[log] 2026-10-09 14:53:23.877 Df Landmarks[21185:4a21a0] [com.apple.xpc:connection] [0x103305e10] activating connection: mach=true listener=false peer=false name=com.apple.dt.xctestd.target
[log] 2026-10-09 14:53:23.877 Df Landmarks[21185:4a219c] [com.apple.dt.xctest:Default] Received request for endpoint.
[log] 2026-10-09 14:53:23.877 Df Landmarks[21185:4a219c] [com.apple.dt.xctest:Default] Attempting to load /Library/Developer/CoreSimulator/Volumes/iOS_23A343/Library/Developer/CoreSimulator/Profiles/Runtimes/iOS 26.0.simruntime/Contents/Resources/RuntimeRoot/Developer/Library/PrivateFrameworks/XCTAutomationSupport.framework.
[log] 2026-10-09 14:53:23.877 Df Landmarks[21185:4a219a] [com.apple.UIKit:Application] Deactivation reason added: 11; deactivation reasons: 1024 -> 3072; animating application lifecycle event: 0
[log] 2026-10-09 14:53:23.878 Df Landmarks[21185:4a219a] [com.apple.UIKit:Application] Deactivation reason removed: 10; deactivation reasons: 3072 -> 2048; animating application lifecycle event: 0
[log] 2026-10-09 14:53:23.878 Df Landmarks[21185:4a219a] [com.apple.UIKit:EventBus] Event Timing Profile for Touch: not found, path="/System/Library/EventTimingProfiles/Sim.Touch.plist"
[log] 2026-10-09 14:53:23.883 Df Landmarks[21185:4a219a] [com.apple.UIKit:EventBus] Event Timing Profile for Pencil: not found, path="/System/Library/EventTimingProfiles/Sim.Pencil.plist"
[log] 2026-10-09 14:53:23.910 Df Landmarks[21185:4a219a] [com.apple.UIKit:UpdateScheduler] Selected display: name=LCD (PurpleMain), id=1
[log] 2026-10-09 14:53:23.912 Df Landmarks[21185:4a219a] [com.apple.xpc:connection] [0x1035123e0] activating connection: mach=true listener=false peer=false name=com.apple.lsd.mapdb
[log] 2026-10-09 14:53:23.912 Df Landmarks[21185:4a219c] [com.apple.dt.automationmode:Default] XAM shared observer connecting to com.apple.dt.automationmode.reader
[log] 2026-10-09 14:53:23.912 Df Landmarks[21185:4a219c] [com.apple.xpc:connection] [0x102f0d5d0] activating connection: mach=true listener=false peer=false name=com.apple.dt.automationmode.reader
[log] 2026-10-09 14:53:23.912 Df Landmarks[21185:4a219c] [com.apple.xpc:connection] [0x102f0d5d0] invalidated because the current process cancelled the connection by calling xpc_connection_cancel()
[log] 2026-10-09 14:53:23.912 Df Landmarks[21185:4a219c] [com.apple.dt.xctest:Default] Sending anonymous endpoint.
[log] 2026-10-09 14:53:23.912 Df Landmarks[21185:4a219c] [com.apple.dt.xctest:Default] Setting up target listener.
[log] 2026-10-09 14:53:23.912 Df Landmarks[21185:4a219c] [com.apple.xpc:connection] [0x103512770] activating connection: mach=false listener=true peer=false name=(anonymous)
[log] 2026-10-09 14:53:23.912 Df Landmarks[21185:4a219c] [com.apple.xpc:connection] [0x103512770] Connection returned listener port: 0x7c0f
[log] 2026-10-09 14:53:23.913 Df Landmarks[21185:4a21a5] [com.apple.dt.xctest:Default] Received client to target connection.
[log] 2026-10-09 14:53:23.913 Df Landmarks[21185:4a21a5] [com.apple.dt.automationmode:Default] Returning 1 for enabled state
[log] 2026-10-09 14:53:23.913 Df Landmarks[21185:4a21a5] [com.apple.xpc:connection] [0x103307460] activating connection: mach=false listener=false peer=true name=com.apple.xpc.anonymous.0x103512770.peer[20999].0x103307460
[log] 2026-10-09 14:53:23.913 Df Landmarks[21185:4a21a5] [com.apple.dt.xctest:Default] Received request to exchange capabilities, remote interface capabilities are: <XCTCapabilities: 0x600000009030>: {
[log]     "query runtime issue reporting" = 1;
[log]     "query runtime issue reporting/automation type mismatch" = 1;
[log] }
[log] 2026-10-09 14:53:23.923 Df Landmarks[21185:4a219a] [com.apple.BoardServices:XPCErrors] [C:2] Alloc com.apple.backboard.hid-services.xpc
[log] 2026-10-09 14:53:23.923 Df Landmarks[21185:4a219a] [com.apple.xpc:connection] [0x102f0c700] activating connection: mach=false listener=false peer=false name=(anonymous)
[log] 2026-10-09 14:53:23.923 Df Landmarks[21185:4a219d] [com.apple.BackBoard:EventDelivery] BKSHIDEventDeliveryManager - connection activation
[log] 2026-10-09 14:53:23.925 Df Landmarks[21185:4a219a] [com.apple.UIKit:BackgroundTask] Will add backgroundTask with taskName: Persistent SceneSession Map Update, expirationHandler: <__NSGlobalBlock__: 0x1e632d818>
[log] 2026-10-09 14:53:23.925 Df Landmarks[21185:4a219a] [com.apple.UIKit:BackgroundTask] Reusing background assertion <BKSProcessAssertion: 0x6000021070c0>
[log] 2026-10-09 14:53:23.926 Df Landmarks[21185:4a219a] [com.apple.UIKit:BackgroundTask] Incrementing reference count for background assertion <BKSProcessAssertion: 0x6000021070c0>
[log] 2026-10-09 14:53:23.926 Df Landmarks[21185:4a219a] [com.apple.UIKit:BackgroundTask] Created background task <_UIBackgroundTaskInfo: 0x600001734e80>: taskID = 2, taskName = Persistent SceneSession Map Update, creationTime = 170853 (elapsed = 0).
[log] 2026-10-09 14:53:23.926 Df Landmarks[21185:4a219a] [com.apple.UIKit:Application] Deactivation reason added: 5; deactivation reasons: 2048 -> 2080; animating application lifecycle event: 1
[log] 2026-10-09 14:53:23.926 Df Landmarks[21185:4a219a] [com.apple.UIKit:InterfaceStyle] Should send trait collection or coordinate space update, interface style 1 -> 1, <UIWindowScene: 0x102f12490> (08DF3506-3839-4E40-9DCD-332E40DBE140)
[log] 2026-10-09 14:53:23.926 Df Landmarks[21185:4a219a] [com.apple.UIKit:InterfaceStyle] Not push traits update to screen for new style 1, <UIWindowScene: 0x102f12490> (08DF3506-3839-4E40-9DCD-332E40DBE140)
[log] 2026-10-09 14:53:23.926 Df Landmarks[21185:4a219a] [com.apple.UIKit:HomeAffordanceObservation] Initializing: <_UIHomeAffordanceSceneNotifier: 0x6000029340e0>; with scene: <UIWindowScene: 0x102f12490>
[log] 2026-10-09 14:53:23.926 Df Landmarks[21185:4a219a] [com.apple.BacklightServices:scenes] 0x600000c4c1e0 setDelegate:<0x600000c4c2a0 _UIBacklightEnvironment> hasDelegate:YES for environment:sceneID:com.kylebrowning.Landmarks-08DF3506-3839-4E40-9DCD-332E40DBE140
[log] 2026-10-09 14:53:23.927 Df Landmarks[21185:4a219a] [com.apple.UIKit:InterfaceStyle] Not push traits update to screen for new style 1, <UIWindowScene: 0x102f12490> (08DF3506-3839-4E40-9DCD-332E40DBE140)
[log] 2026-10-09 14:53:23.927 Df Landmarks[21185:4a219a] [com.apple.UIKit:EventDeferring] [0x6000029342a0] Initialized with scene: <UIWindowScene: 0x102f12490>; behavior: <_UIEventDeferringBehavior_iOS: 0x600000250500>; availableForProcess: 1, systemShellManagesKeyboardFocus: 1
[log] 2026-10-09 14:53:23.927 Df Landmarks[21185:4a219d] [com.apple.BackBoard:EventDelivery] BKSHIDEventObserver - connection activation
[log] 2026-10-09 14:53:23.927 Df Landmarks[21185:4a219a] [com.apple.BackBoard:EventDelivery] policyStatus:<BKSHIDEventDeliveryPolicyObserver: 0x60000260d980; process scope; status: target> was:none
[log] 2026-10-09 14:53:23.927 Df Landmarks[21185:4a219a] [com.apple.UIKit:KeyWindow] Setting default evaluation strategy for UIUserInterfaceIdiomPhone to LastOneWins
[log] 2026-10-09 14:53:23.927 Df Landmarks[21185:4a219a] [com.apple.UIKit:KeyWindow] Scene target of keyboard event deferring environment did change: 1; scene: UIWindowScene: 0x102f12490; scene identity: com.apple.frontboard.systemappservices/FBSceneManager:sceneID%3Acom.kylebrowning.Landmarks-08DF3506-3839-4E40-9DCD-332E40DBE140
[log] 2026-10-09 14:53:23.927 Df Landmarks[21185:4a219a] [com.apple.UIKit:EventDeferring] [0x6000029342a0] Scene target of event deferring environments did update: scene: 0x102f12490; current systemShellManagesKeyboardFocus: 1; systemShellManagesKeyboardFocusForScene: 1; eligibleForRecordRemoval: 1;
[log] 2026-10-09 14:53:23.927 Df Landmarks[21185:4a219a] [com.apple.UIKit:KeyWindow] Scene became target of keyboard event deferring environment: UIWindowScene: 0x102f12490; scene identity: com.apple.frontboard.systemappservices/FBSceneManager:sceneID%3Acom.kylebrowning.Landmarks-08DF3506-3839-4E40-9DCD-332E40DBE140
[log] 2026-10-09 14:53:23.927 Df Landmarks[21185:4a219a] [com.apple.UIKit:KeyWindow] Stack[KeyWindow] 0x600000c35500: Taking no further action for migration from LastOneWins -> SystemShellManaged as there are no scenes
[log] 2026-10-09 14:53:23.927 Df Landmarks[21185:4a219a] [com.apple.UIKit:KeyWindow] Setting default evaluation strategy for UIUserInterfaceIdiomPhone to SystemShellManaged
[log] 2026-10-09 14:53:23.927 Df Landmarks[21185:4a219a] [com.apple.UIKit:KeyWindow] Key window needs update: 0; currentKeyWindowScene: 0x0; evaluatedKeyWindowScene: 0x102f12490; currentApplicationKeyWindow: 0x0; evaluatedApplicationKeyWindow: 0x0; reason: UIWindowScene: 0x102f12490: Window scene became target of keyboard environment
[log] 2026-10-09 14:53:23.927 Df Landmarks[21185:4a219a] [com.apple.UIKit:InterfaceStyle] Not push traits update to screen for new style 1, <UIWindowScene: 0x102f12490> (08DF3506-3839-4E40-9DCD-332E40DBE140)
[log] 2026-10-09 14:53:23.928 Df Landmarks[21185:4a219a] [com.apple.UIKit:InterfaceStyle] Not push traits update to screen for new style 1, <UIWindowScene: 0x102f12490> (08DF3506-3839-4E40-9DCD-332E40DBE140)
[log] 2026-10-09 14:53:23.946 A  Landmarks[21185:4a219a] (CoreFoundation) Updating Key-Value Observers Of Preferences
[log] 2026-10-09 14:53:23.967 Df Landmarks[21185:4a219a] [com.apple.UIKit:Orientation] <UIWindowScene: 0x102f12490> (08DF3506-3839-4E40-9DCD-332E40DBE140) Scene updated orientation preferences: none -> ( Pu Ll Lr )
[log] 2026-10-09 14:53:23.967 Df Landmarks[21185:4a219a] [com.apple.UIKit:KeyWindow] Key window API is scene-level: YES
[log] 2026-10-09 14:53:23.967 Df Landmarks[21185:4a219a] [com.apple.UIKit:KeyWindow] UIWindowScene: 0x102f12490: Window became key in scene: UIWindow: 0x10353b6d0; contextId: 0x4CC7B43C: reason: UIWindowScene: 0x102f12490: Window requested to become key in scene: 0x10353b6d0
[log] 2026-10-09 14:53:23.967 Df Landmarks[21185:4a219a] [com.apple.UIKit:KeyWindow] Key window needs update: 1; currentKeyWindowScene: 0x0; evaluatedKeyWindowScene: 0x102f12490; currentApplicationKeyWindow: 0x0; evaluatedApplicationKeyWindow: 0x10353b6d0; reason: UIWindowScene: 0x102f12490: Window requested to become key in scene: 0x10353b6d0
[log] 2026-10-09 14:53:23.967 Df Landmarks[21185:4a219a] [com.apple.UIKit:KeyWindow] Window did become application key: UIWindow: 0x10353b6d0; contextId: 0x4CC7B43C; scene identity: com.apple.frontboard.systemappservices/FBSceneManager:sceneID%3Acom.kylebrowning.Landmarks-08DF3506-3839-4E40-9DCD-332E40DBE140
[log] 2026-10-09 14:53:23.967 Df Landmarks[21185:4a219a] [com.apple.UIKit:EventDeferring] [0x6000029342a0] Begin local event deferring requested for token: 0x6000026226a0; environments: 1; reason: UIWindowScene: 0x102f12490: Begin event deferring in keyboardFocus for window: 0x10353b6d0
[log] 2026-10-09 14:53:23.968 Df Landmarks[21185:4a219a] [com.apple.UIKit:InterfaceStyle] Not push traits update to screen for new style 1, <UIWindowScene: 0x102f12490> (08DF3506-3839-4E40-9DCD-332E40DBE140)
[log] 2026-10-09 14:53:23.968 Df Landmarks[21185:4a219c] [com.apple.BackBoard:EventDelivery] policyStatus:<BKSHIDEventDeliveryPolicyObserver: 0x60000260d980; token: com.apple.frontboard.systemappservices/FBSceneManager:sceneID%3Acom.kylebrowning.Landmarks-08DF3506-3839-4E40-9DCD-332E40DBE140; status: ancestor> was:target
[log] 2026-10-09 14:53:23.968 Df Landmarks[21185:4a219a] [com.apple.UIKit:AppLifecycle] sceneOfRecord: sceneID: sceneID:com.kylebrowning.Landmarks-08DF3506-3839-4E40-9DCD-332E40DBE140  persistentID: 08DF3506-3839-4E40-9DCD-332E40DBE140
[log] 2026-10-09 14:53:23.968 Df Landmarks[21185:4a219a] [com.apple.UIKit:Application] Ignoring already applied deactivation reason: 5; deactivation reasons: 2080
[log] 2026-10-09 14:53:23.968 Df Landmarks[21185:4a219a] [com.apple.UIKit:Application] Deactivation reason added: 12; deactivation reasons: 2080 -> 6176; animating application lifecycle event: 1
[log] 2026-10-09 14:53:23.968 Df Landmarks[21185:4a219a] [com.apple.UIKit:Application] Deactivation reason removed: 11; deactivation reasons: 6176 -> 4128; animating application lifecycle event: 1
[log] 2026-10-09 14:53:23.968 Df Landmarks[21185:4a219a] [com.apple.FrontBoard:SceneExtension] Realizing settings extension <_UISceneIntelligenceSupportSettings> on FBSSceneSettings
[log] 2026-10-09 14:53:23.969 Df Landmarks[21185:4a219d] [com.apple.UIIntelligenceSupport:xpc] establishing connection to agent
[log] 2026-10-09 14:53:23.969 Df Landmarks[21185:4a219a] [com.apple.UIKit:InterfaceStyle] Not push traits update to screen for new style 1, <UIWindowScene: 0x102f12490> (08DF3506-3839-4E40-9DCD-332E40DBE140)
[log] 2026-10-09 14:53:23.969 Df Landmarks[21185:4a219d] [com.apple.xpc:session] [0x60000212a120] Session created.
[log] 2026-10-09 14:53:23.969 Df Landmarks[21185:4a219d] [com.apple.xpc:session] [0x60000212a120] Session created from connection [0x10351cd80]
[log] 2026-10-09 14:53:23.969 Df Landmarks[21185:4a219d] [com.apple.xpc:connection] [0x10351cd80] activating connection: mach=true listener=false peer=false name=com.apple.uiintelligencesupport.agent
[log] 2026-10-09 14:53:23.969 Df Landmarks[21185:4a219d] [com.apple.xpc:session] [0x60000212a120] Session activated
[log] 2026-10-09 14:53:23.981 Df Landmarks[21185:4a219f] [com.apple.xpc:connection] [0x1033047c0] activating connection: mach=true listener=false peer=false name=com.apple.fontservicesd
[log] 2026-10-09 14:53:24.011 Df Landmarks[21185:4a219a] [PrototypeTools:domain] Not observing PTDefaults on customer install.
[log] 2026-10-09 14:53:24.019 Df Landmarks[21185:4a219a] [com.apple.UIKit:_UIVisualStyleRegistry] Note: no default visual style class registered as fallback for stylable class UIActivityIndicatorView
[log] 2026-10-09 14:53:24.019 Df Landmarks[21185:4a219a] [com.apple.UIKit:_UIVisualStyleRegistry] Note: no default visual style class registered as fallback for stylable class UIActivityIndicatorView
[log] 2026-10-09 14:53:24.043 Df Landmarks[21185:4a219a] [com.apple.network:activity] Create activity from XPC object <nw_activity 50:1 [B75E7328-6BBF-4951-89B6-C6BD1C9A0B10] (reporting strategy default)>
[log] 2026-10-09 14:53:24.043 Df Landmarks[21185:4a219a] [com.apple.network:activity] Create activity from XPC object <nw_activity 50:2 [05BD425A-3DE1-4CA3-91D2-5D3A7AA49D66] (reporting strategy default)>
[log] 2026-10-09 14:53:24.043 Df Landmarks[21185:4a219a] [com.apple.network:activity] Set activity <nw_activity 50:1 [B75E7328-6BBF-4951-89B6-C6BD1C9A0B10] (reporting strategy default)> as the global parent
[log] 2026-10-09 14:53:24.043 Df Landmarks[21185:4a219a] [com.apple.UIKit:BackgroundTask] Ending background task with UIBackgroundTaskIdentifier: 1
[log] 2026-10-09 14:53:24.043 Df Landmarks[21185:4a219a] [com.apple.UIKit:BackgroundTask] Ending task with identifier 1 and description: <_UIBackgroundTaskInfo: 0x60000171c240>: taskID = 1, taskName = Launch Background Task for Coalescing, creationTime = 170853 (elapsed = 0), _expireHandler: (null)
[log] 2026-10-09 14:53:24.043 Df Landmarks[21185:4a219a] [com.apple.UIKit:BackgroundTask] Decrementing reference count for assertion <BKSProcessAssertion: 0x6000021070c0> (used by background task with identifier 1: <_UIBackgroundTaskInfo: 0x60000171c240>: taskID = 1, taskName = Launch Background Task for Coalescing, creationTime = 170853 (elapsed = 0))
[log] 2026-10-09 14:53:24.043 A  Landmarks[21185:4a219c] (RunningBoardServices) didChangeInheritances
[log] 2026-10-09 14:53:24.043 Df Landmarks[21185:4a219a] [com.apple.UIKit:UpdateScheduler] Target list changed: <CADisplay:LCD PurpleMain>
[log] 2026-10-09 14:53:24.044 Df Landmarks[21185:4a219a] [com.apple.UIKit:AppLifecycle] sceneOfRecord: sceneID: sceneID:com.kylebrowning.Landmarks-08DF3506-3839-4E40-9DCD-332E40DBE140  persistentID: 08DF3506-3839-4E40-9DCD-332E40DBE140
[log] 2026-10-09 14:53:24.044 Df Landmarks[21185:4a219a] [com.apple.UIKit:InterfaceStyle] Not push traits update to screen for new style 1, <UIWindowScene: 0x102f12490> (08DF3506-3839-4E40-9DCD-332E40DBE140)
[log] 2026-10-09 14:53:24.045 A  Landmarks[21185:4a219f] (RunningBoardServices) didChangeInheritances
[log] 2026-10-09 14:53:24.084 Df Landmarks[21185:4a219a] [com.apple.UIKit:EventDeferring] [0x6000029342a0] Scene target of event deferring environments did update: scene: 0x102f12490; current systemShellManagesKeyboardFocus: 1; systemShellManagesKeyboardFocusForScene: 1; eligibleForRecordRemoval: 1;
[log] 2026-10-09 14:53:24.084 Df Landmarks[21185:4a219a] [com.apple.UIKit:KeyWindow] Scene became target of keyboard event deferring environment: UIWindowScene: 0x102f12490; scene identity: com.apple.frontboard.systemappservices/FBSceneManager:sceneID%3Acom.kylebrowning.Landmarks-08DF3506-3839-4E40-9DCD-332E40DBE140
[log] 2026-10-09 14:53:24.085 Df Landmarks[21185:4a219a] [com.apple.BackBoard:Display] [FBSDisplaySource 1-1] silently connecting raw configuration: <FBSDisplayConfiguration: 0x600003d012c0; Main; mode: "402x874@3x 60Hz p3 SDR">
[log] 2026-10-09 14:53:24.086 Df Landmarks[21185:4a219a] [com.apple.FrontBoard:SceneExtension] Realizing settings extension SBUISecureRenderingSettingsExtension on FBSSceneSettings
[log] 2026-10-09 14:53:24.086 Df Landmarks[21185:4a219a] [com.apple.UIKit:InterfaceStyle] Not push traits update to screen for new style 1, <UIWindowScene: 0x102f12490> (08DF3506-3839-4E40-9DCD-332E40DBE140)
[log] 2026-10-09 14:53:24.086 Df Landmarks[21185:4a219a] [com.apple.UIKit:InterfaceStyle] Not push traits update to screen for new style 1, <UIWindowScene: 0x102f12490> (08DF3506-3839-4E40-9DCD-332E40DBE140)
[log] 2026-10-09 14:53:24.087 Df Landmarks[21185:4a219a] [com.apple.UIKit:AppLifecycle] sceneOfRecord: sceneID: sceneID:com.kylebrowning.Landmarks-08DF3506-3839-4E40-9DCD-332E40DBE140  persistentID: 08DF3506-3839-4E40-9DCD-332E40DBE140
[log] 2026-10-09 14:53:24.087 Df Landmarks[21185:4a219a] [com.apple.UIKit:Application] Deactivation reason removed: 12; deactivation reasons: 4128 -> 32; animating application lifecycle event: 1
[log] 2026-10-09 14:53:24.087 Df Landmarks[21185:4a219a] [com.apple.KeyboardArbiter:Client] Send setDeactivating: N (-DeactivationReason:SuspendedEventsOnly)
[log] 2026-10-09 14:53:24.087 Df Landmarks[21185:4a219a] [com.apple.UIKit:Application] Deactivation reason removed: 5; deactivation reasons: 32 -> 0; animating application lifecycle event: 0
[log] 2026-10-09 14:53:24.090 Df Landmarks[21185:4a219a] [com.apple.KeyboardArbiter:Client] startConnection
[log] 2026-10-09 14:53:24.090 Df Landmarks[21185:4a219a] [com.apple.xpc:connection] [0x10342b320] activating connection: mach=true listener=false peer=false name=com.apple.UIKit.KeyboardManagement.hosted
[log] 2026-10-09 14:53:24.091 Df Landmarks[21185:4a219a] [com.apple.KeyboardArbiter:Client] handleKeyboardChange: set currentKeyboard:N (wasKeyboard:N)
[log] 2026-10-09 14:53:24.092 Df Landmarks[21185:4a219a] [com.apple.UIKit:KeyboardSceneDelegate] forceReloadInputViews
[log] 2026-10-09 14:53:24.092 Df Landmarks[21185:4a219a] [com.apple.UIKit:KeyboardSceneDelegate] Reloading input views for key-window scene responder: <(null): 0x0; > force:Y
[log] 2026-10-09 14:53:24.092 Df Landmarks[21185:4a219a] [com.apple.UIKit:KeyboardArbiterClientLog] isWritingToolsHandlingKeyboardTracking:Y (WT ready:Y, Arbiter ready:Y)
[log] 2026-10-09 14:53:24.118 Df Landmarks[21185:4a219a] [com.apple.Accessibility:AXCommon] Smart invert app status cached: (null)
[log] 2026-10-09 14:53:24.149 Df Landmarks[21185:4a219a] [com.apple.network:activity] <nw_activity 50:1 [B75E7328-6BBF-4951-89B6-C6BD1C9A0B10] (global parent) (reporting strategy default) complete (reason success)> complete with reason 2 (success), duration 738ms
[log] 2026-10-09 14:53:24.149 Df Landmarks[21185:4a219a] [com.apple.network:activity] <nw_activity 50:2 [05BD425A-3DE1-4CA3-91D2-5D3A7AA49D66] (reporting strategy default) complete (reason success)> complete with reason 2 (success), duration 738ms
[log] 2026-10-09 14:53:24.149 Df Landmarks[21185:4a219a] [com.apple.network:activity] Unsetting the global parent activity <nw_activity 50:1 [B75E7328-6BBF-4951-89B6-C6BD1C9A0B10] (global parent) (reporting strategy default) complete (reason success)>
[log] 2026-10-09 14:53:24.149 Df Landmarks[21185:4a219a] [com.apple.network:activity] Unset the global parent activity
[log] 2026-10-09 14:53:24.155 A  Landmarks[21185:4a219d] (RunningBoardServices) didChangeInheritances
[log] 2026-10-09 14:53:24.427 Df Landmarks[21185:4a219c] [com.apple.UIKit:BackgroundTask] Ending background task with UIBackgroundTaskIdentifier: 2
[log] 2026-10-09 14:53:24.427 Df Landmarks[21185:4a219c] [com.apple.UIKit:BackgroundTask] Ending task with identifier 2 and description: <_UIBackgroundTaskInfo: 0x600001734e80>: taskID = 2, taskName = Persistent SceneSession Map Update, creationTime = 170853 (elapsed = 1), _expireHandler: <__NSGlobalBlock__: 0x1e632d818>
[log] 2026-10-09 14:53:24.428 Df Landmarks[21185:4a219c] [com.apple.UIKit:BackgroundTask] Decrementing reference count for assertion <BKSProcessAssertion: 0x6000021070c0> (used by background task with identifier 2: <_UIBackgroundTaskInfo: 0x600001734e80>: taskID = 2, taskName = Persistent SceneSession Map Update, creationTime = 170853 (elapsed = 1))
[log] 2026-10-09 14:53:24.428 Df Landmarks[21185:4a219c] [com.apple.UIKit:BackgroundTask] Will invalidate assertion: <BKSProcessAssertion: 0x6000021070c0> for task identifier: 2
[log] 2026-10-09 14:53:24.756 A  Landmarks[21185:4a219d] (RunningBoardServices) didChangeInheritances
    ✓ launchApp (1.9s)
[log] 2026-10-09 14:53:25.005 Df Landmarks[21185:4a219a] [com.apple.xpc:connection] [0x102feb160] activating connection: mach=true listener=false peer=false name=com.apple.IOSurface.Remote
[log] 2026-10-09 14:53:25.012 Df Landmarks[21185:4a219a] [com.apple.runningboard:connection] Creating side-channel connection to com.apple.runningboard
[log] 2026-10-09 14:53:25.013 Df Landmarks[21185:4a219a] [com.apple.xpc:connection] [0x103538e50] activating connection: mach=true listener=false peer=false name=com.apple.runningboard
[log] 2026-10-09 14:53:25.013 Df Landmarks[21185:4a219a] [com.apple.runningboard:process] Hit the server for a process handle 1effb84d000052c1 that resolved to: [app<com.kylebrowning.Landmarks((null))>:21185]
[log] 2026-10-09 14:53:25.018 Df Landmarks[21185:4a219a] (libMobileGestalt.dylib) Property isp[camera-front] found {length = 4, bytes = 0x01000000}
[log] 2026-10-09 14:53:25.018 A  Landmarks[21185:4a219a] (CoreFoundation) Updating Key-Value Observers Of Preferences
[log] 2026-10-09 14:53:25.022 A  Landmarks[21185:4a219a] (libsystem_containermanager.dylib) container_system_group_path_for_identifier
[log] 2026-10-09 14:53:25.022 Df Landmarks[21185:4a219a] [com.apple.containermanager:xpc] Requesting container lookup; class = 13, identifier = (null), group_identifier = systemgroup.com.apple.configurationprofiles, create = 1, temp = 0, euid = 501, uid = 501
[log] 2026-10-09 14:53:25.022 A  Landmarks[21185:4a219a] (libsystem_containermanager.dylib) container_query_t
[log] 2026-10-09 14:53:25.022 Df Landmarks[21185:4a219a] [com.apple.containermanager:xpc] Query; euid = 501, uid = 501, class = 13, identifier = [(null)](0), flags = 900000003
[log] 2026-10-09 14:53:25.022 Df Landmarks[21185:4a219a] [com.apple.containermanager:unspecified] _container_query_get_result_at_index: success
[log] 2026-10-09 14:53:25.022 A  Landmarks[21185:4a219a] (libsystem_containermanager.dylib) container_copy_object
[log] 2026-10-09 14:53:25.022 Df Landmarks[21185:4a219a] [com.apple.containermanager:unspecified] container_system_group_path_for_identifier: success
[log] 2026-10-09 14:53:25.022 Df Landmarks[21185:4a219a] [com.apple.ManagedConfiguration:MC] Got system group container path from MCM for systemgroup.com.apple.configurationprofiles: /Users/kyle/Library/Developer/CoreSimulator/Devices/93DF5345-8494-4C57-B374-10224C07ED41/data/Containers/Shared/SystemGroup/systemgroup.com.apple.configurationprofiles
[log] 2026-10-09 14:53:25.103 Df Landmarks[21185:4a219c] [com.apple.dt.xctest:Default] Received attributes request for element: AX element pid: 21185, elementOrHash.elementID: 4379367424.30. Attributes: (
[log]     "XC_kAXXCAttributeValue"
[log] )
[log] 2026-10-09 14:53:25.103 Df Landmarks[21185:4a219c] [com.apple.dt.xctest:Default] XCTPerformOnMainRunLoop[not MT]: about to CFRunLoopPerform
[log] 2026-10-09 14:53:25.103 Df Landmarks[21185:4a219c] [com.apple.dt.xctest:Default] XCTPerformOnMainRunLoop[not MT]: waiting with 30.00s responsiveness timeout
[log] 2026-10-09 14:53:25.103 Df Landmarks[21185:4a219a] [com.apple.dt.xctest:Default] XCTPerformOnMainRunLoop[MT]: inside CFRunLoopPerform
[log] 2026-10-09 14:53:25.103 Df Landmarks[21185:4a219a] [com.apple.dt.xctest:Default] XCTPerformOnMainRunLoop[MT]: MT responded in time (won the race to the busy flag)
[log] 2026-10-09 14:53:25.103 Df Landmarks[21185:4a219c] [com.apple.dt.xctest:Default] XCTPerformOnMainRunLoop[not MT]: waiting 60.00s for work to complete
[log] 2026-10-09 14:53:25.103 Df Landmarks[21185:4a219a] [com.apple.dt.xctest:Default] Fetching AX attributes XC_kAXXCAttributeValue for AX element pid: 21185, elementOrHash.elementID: 4379367424.30
[log] 2026-10-09 14:53:25.103 Df Landmarks[21185:4a219a] [com.apple.dt.xctest:Default] Got attributes, transferring to dictionary for return.
[log] 2026-10-09 14:53:25.103 Df Landmarks[21185:4a219c] [com.apple.dt.xctest:Default] Replying with attribute values: {
[log] }
[log] 2026-10-09 14:53:25.104 Df Landmarks[21185:4a219c] [com.apple.dt.xctest:Default] Received attributes request for element: AX element pid: 21185, elementOrHash.elementID: 4379367424.30. Attributes: (
[log]     "XC_kAXXCAttributePlaceholderValue"
[log] )
[log] 2026-10-09 14:53:25.104 Df Landmarks[21185:4a219c] [com.apple.dt.xctest:Default] XCTPerformOnMainRunLoop[not MT]: about to CFRunLoopPerform
[log] 2026-10-09 14:53:25.104 Df Landmarks[21185:4a219c] [com.apple.dt.xctest:Default] XCTPerformOnMainRunLoop[not MT]: waiting with 30.00s responsiveness timeout
[log] 2026-10-09 14:53:25.104 Df Landmarks[21185:4a219a] [com.apple.dt.xctest:Default] XCTPerformOnMainRunLoop[MT]: inside CFRunLoopPerform
[log] 2026-10-09 14:53:25.104 Df Landmarks[21185:4a219a] [com.apple.dt.xctest:Default] XCTPerformOnMainRunLoop[MT]: MT responded in time (won the race to the busy flag)
[log] 2026-10-09 14:53:25.104 Df Landmarks[21185:4a219c] [com.apple.dt.xctest:Default] XCTPerformOnMainRunLoop[not MT]: waiting 60.00s for work to complete
[log] 2026-10-09 14:53:25.104 Df Landmarks[21185:4a219a] [com.apple.dt.xctest:Default] Fetching AX attributes XC_kAXXCAttributePlaceholderValue for AX element pid: 21185, elementOrHash.elementID: 4379367424.30
[log] 2026-10-09 14:53:25.104 Df Landmarks[21185:4a219a] [com.apple.dt.xctest:Default] Got attributes, transferring to dictionary for return.
[log] 2026-10-09 14:53:25.104 Df Landmarks[21185:4a219c] [com.apple.dt.xctest:Default] Replying with attribute values: {
[log] }
[log] 2026-10-09 14:53:25.223 Df Landmarks[21185:4a219c] [com.apple.dt.xctest:Default] Received attributes request for element: AX element pid: 21185, elementOrHash.elementID: 4379367424.30. Attributes: (
[log]     "XC_kAXXCAttributeValue"
[log] )
[log] 2026-10-09 14:53:25.223 Df Landmarks[21185:4a219c] [com.apple.dt.xctest:Default] XCTPerformOnMainRunLoop[not MT]: about to CFRunLoopPerform
[log] 2026-10-09 14:53:25.223 Df Landmarks[21185:4a219c] [com.apple.dt.xctest:Default] XCTPerformOnMainRunLoop[not MT]: waiting with 30.00s responsiveness timeout
[log] 2026-10-09 14:53:25.223 Df Landmarks[21185:4a219a] [com.apple.dt.xctest:Default] XCTPerformOnMainRunLoop[MT]: inside CFRunLoopPerform
[log] 2026-10-09 14:53:25.223 Df Landmarks[21185:4a219a] [com.apple.dt.xctest:Default] XCTPerformOnMainRunLoop[MT]: MT responded in time (won the race to the busy flag)
[log] 2026-10-09 14:53:25.223 Df Landmarks[21185:4a219a] [com.apple.dt.xctest:Default] Fetching AX attributes XC_kAXXCAttributeValue for AX element pid: 21185, elementOrHash.elementID: 4379367424.30
[log] 2026-10-09 14:53:25.223 Df Landmarks[21185:4a219c] [com.apple.dt.xctest:Default] XCTPerformOnMainRunLoop[not MT]: waiting 60.00s for work to complete
[log] 2026-10-09 14:53:25.223 Df Landmarks[21185:4a219a] [com.apple.dt.xctest:Default] Got attributes, transferring to dictionary for return.
[log] 2026-10-09 14:53:25.223 Df Landmarks[21185:4a219c] [com.apple.dt.xctest:Default] Replying with attribute values: {
[log] }
[log] 2026-10-09 14:53:25.224 Df Landmarks[21185:4a219c] [com.apple.dt.xctest:Default] Received attributes request for element: AX element pid: 21185, elementOrHash.elementID: 4379367424.30. Attributes: (
[log]     "XC_kAXXCAttributePlaceholderValue"
[log] )
[log] 2026-10-09 14:53:25.224 Df Landmarks[21185:4a219c] [com.apple.dt.xctest:Default] XCTPerformOnMainRunLoop[not MT]: about to CFRunLoopPerform
[log] 2026-10-09 14:53:25.224 Df Landmarks[21185:4a219c] [com.apple.dt.xctest:Default] XCTPerformOnMainRunLoop[not MT]: waiting with 30.00s responsiveness timeout
[log] 2026-10-09 14:53:25.224 Df Landmarks[21185:4a219a] [com.apple.dt.xctest:Default] XCTPerformOnMainRunLoop[MT]: inside CFRunLoopPerform
[log] 2026-10-09 14:53:25.224 Df Landmarks[21185:4a219a] [com.apple.dt.xctest:Default] XCTPerformOnMainRunLoop[MT]: MT responded in time (won the race to the busy flag)
[log] 2026-10-09 14:53:25.224 Df Landmarks[21185:4a219c] [com.apple.dt.xctest:Default] XCTPerformOnMainRunLoop[not MT]: waiting 60.00s for work to complete
[log] 2026-10-09 14:53:25.224 Df Landmarks[21185:4a219a] [com.apple.dt.xctest:Default] Fetching AX attributes XC_kAXXCAttributePlaceholderValue for AX element pid: 21185, elementOrHash.elementID: 4379367424.30
[log] 2026-10-09 14:53:25.224 Df Landmarks[21185:4a219a] [com.apple.dt.xctest:Default] Got attributes, transferring to dictionary for return.
[log] 2026-10-09 14:53:25.224 Df Landmarks[21185:4a219c] [com.apple.dt.xctest:Default] Replying with attribute values: {
[log] }
[log] 2026-10-09 14:53:25.439 Df Landmarks[21185:4a219c] [com.apple.dt.xctest:Default] Received attributes request for element: AX element pid: 21185, elementOrHash.elementID: 4379367424.30. Attributes: (
[log]     "XC_kAXXCAttributeValue"
[log] )
[log] 2026-10-09 14:53:25.439 Df Landmarks[21185:4a219c] [com.apple.dt.xctest:Default] XCTPerformOnMainRunLoop[not MT]: about to CFRunLoopPerform
[log] 2026-10-09 14:53:25.439 Df Landmarks[21185:4a219c] [com.apple.dt.xctest:Default] XCTPerformOnMainRunLoop[not MT]: waiting with 30.00s responsiveness timeout
[log] 2026-10-09 14:53:25.439 Df Landmarks[21185:4a219a] [com.apple.dt.xctest:Default] XCTPerformOnMainRunLoop[MT]: inside CFRunLoopPerform
[log] 2026-10-09 14:53:25.439 Df Landmarks[21185:4a219a] [com.apple.dt.xctest:Default] XCTPerformOnMainRunLoop[MT]: MT responded in time (won the race to the busy flag)
[log] 2026-10-09 14:53:25.439 Df Landmarks[21185:4a219c] [com.apple.dt.xctest:Default] XCTPerformOnMainRunLoop[not MT]: waiting 60.00s for work to complete
[log] 2026-10-09 14:53:25.439 Df Landmarks[21185:4a219a] [com.apple.dt.xctest:Default] Fetching AX attributes XC_kAXXCAttributeValue for AX element pid: 21185, elementOrHash.elementID: 4379367424.30
[log] 2026-10-09 14:53:25.439 Df Landmarks[21185:4a219a] [com.apple.dt.xctest:Default] Got attributes, transferring to dictionary for return.
[log] 2026-10-09 14:53:25.439 Df Landmarks[21185:4a219c] [com.apple.dt.xctest:Default] Replying with attribute values: {
[log] }
[log] 2026-10-09 14:53:25.440 Df Landmarks[21185:4a219c] [com.apple.dt.xctest:Default] Received attributes request for element: AX element pid: 21185, elementOrHash.elementID: 4379367424.30. Attributes: (
[log]     "XC_kAXXCAttributePlaceholderValue"
[log] )
[log] 2026-10-09 14:53:25.440 Df Landmarks[21185:4a219c] [com.apple.dt.xctest:Default] XCTPerformOnMainRunLoop[not MT]: about to CFRunLoopPerform
[log] 2026-10-09 14:53:25.440 Df Landmarks[21185:4a219c] [com.apple.dt.xctest:Default] XCTPerformOnMainRunLoop[not MT]: waiting with 30.00s responsiveness timeout
[log] 2026-10-09 14:53:25.440 Df Landmarks[21185:4a219a] [com.apple.dt.xctest:Default] XCTPerformOnMainRunLoop[MT]: inside CFRunLoopPerform
[log] 2026-10-09 14:53:25.440 Df Landmarks[21185:4a219a] [com.apple.dt.xctest:Default] XCTPerformOnMainRunLoop[MT]: MT responded in time (won the race to the busy flag)
[log] 2026-10-09 14:53:25.440 Df Landmarks[21185:4a219c] [com.apple.dt.xctest:Default] XCTPerformOnMainRunLoop[not MT]: waiting 60.00s for work to complete
[log] 2026-10-09 14:53:25.440 Df Landmarks[21185:4a219a] [com.apple.dt.xctest:Default] Fetching AX attributes XC_kAXXCAttributePlaceholderValue for AX element pid: 21185, elementOrHash.elementID: 4379367424.30
[log] 2026-10-09 14:53:25.440 Df Landmarks[21185:4a219a] [com.apple.dt.xctest:Default] Got attributes, transferring to dictionary for return.
[log] 2026-10-09 14:53:25.440 Df Landmarks[21185:4a219c] [com.apple.dt.xctest:Default] Replying with attribute values: {
[log] }
[log] 2026-10-09 14:53:25.486 E  Landmarks[21185:4a219a] [com.apple.Accessibility:AXRuntimeCommon] Unknown client: Landmarks
[log] 2026-10-09 14:53:25.617 Df Landmarks[21185:4a219c] [com.apple.dt.xctest:Default] Received attributes request for element: AX element pid: 21185, elementOrHash.elementID: 4379367424.30. Attributes: (
[log]     "XC_kAXXCAttributeVisiblePoint"
[log] )
[log] 2026-10-09 14:53:25.617 Df Landmarks[21185:4a219c] [com.apple.dt.xctest:Default] XCTPerformOnMainRunLoop[not MT]: about to CFRunLoopPerform
[log] 2026-10-09 14:53:25.617 Df Landmarks[21185:4a219c] [com.apple.dt.xctest:Default] XCTPerformOnMainRunLoop[not MT]: waiting with 30.00s responsiveness timeout
[log] 2026-10-09 14:53:25.617 Df Landmarks[21185:4a219a] [com.apple.dt.xctest:Default] XCTPerformOnMainRunLoop[MT]: inside CFRunLoopPerform
[log] 2026-10-09 14:53:25.617 Df Landmarks[21185:4a219a] [com.apple.dt.xctest:Default] XCTPerformOnMainRunLoop[MT]: MT responded in time (won the race to the busy flag)
[log] 2026-10-09 14:53:25.617 Df Landmarks[21185:4a219c] [com.apple.dt.xctest:Default] XCTPerformOnMainRunLoop[not MT]: waiting 60.00s for work to complete
[log] 2026-10-09 14:53:25.617 Df Landmarks[21185:4a219a] [com.apple.dt.xctest:Default] Fetching AX attributes XC_kAXXCAttributeVisiblePoint for AX element pid: 21185, elementOrHash.elementID: 4379367424.30
[log] 2026-10-09 14:53:25.618 Df Landmarks[21185:4a219a] [com.apple.dt.xctest:Default] Got attributes, transferring to dictionary for return.
[log] 2026-10-09 14:53:25.618 Df Landmarks[21185:4a219c] [com.apple.dt.xctest:Default] Replying with attribute values: {
[log]     "XC_kAXXCAttributeVisiblePoint" =     {
[log]         X = "287.6666666666666";
[log]         Y = 822;
[log]     };
[log] }
[log] 2026-10-09 14:53:25.634 Df Landmarks[21185:4a219a] [com.apple.KeyboardArbiter:Client] TX focusApplication (peekAppEvent) stealKB:Y scene:com.kylebrowning.Landmarks-08DF3506-3839-4E40-9DCD-332E40DBE140
[log] 2026-10-09 14:53:25.634 Df Landmarks[21185:4a219a] [com.apple.UIKit:EventDispatch] Evaluating dispatch of UIEvent: 0x600003d013b0; type: 0; subtype: 0; backing type: 11; shouldSend: 1; ignoreInteractionEvents: 0, systemGestureStateChange: 0
[log] 2026-10-09 14:53:25.634 Df Landmarks[21185:4a219a] [com.apple.UIKit:EventDispatch] Sending UIEvent type: 0; subtype: 0; to windows: 1
[log] 2026-10-09 14:53:25.634 Df Landmarks[21185:4a219a] [com.apple.UIKit:EventDispatch] Sending UIEvent type: 0; subtype: 0; to window: <UIWindow: 0x10353b6d0>; contextId: 0x4CC7B43C
[log] 2026-10-09 14:53:25.636 A  Landmarks[21185:4a219a] (UIKitCore) send gesture actions
[log] 2026-10-09 14:53:25.637 A  Landmarks[21185:4a219a] (UIKitCore) send gesture actions
[log] 2026-10-09 14:53:25.644 Df Landmarks[21185:4a219a] [com.apple.UIKit:EventDispatch] Evaluating dispatch of UIEvent: 0x600003d013b0; type: 0; subtype: 0; backing type: 11; shouldSend: 0; ignoreInteractionEvents: 0, systemGestureStateChange: 0
[log] 2026-10-09 14:53:25.667 Df Landmarks[21185:4a219a] [com.apple.UIKit:EventDispatch] Evaluating dispatch of UIEvent: 0x600003d013b0; type: 0; subtype: 0; backing type: 11; shouldSend: 0; ignoreInteractionEvents: 0, systemGestureStateChange: 0
[log] 2026-10-09 14:53:25.683 Df Landmarks[21185:4a219a] [com.apple.UIKit:EventDispatch] Evaluating dispatch of UIEvent: 0x600003d013b0; type: 0; subtype: 0; backing type: 11; shouldSend: 0; ignoreInteractionEvents: 0, systemGestureStateChange: 0
[log] 2026-10-09 14:53:25.717 Df Landmarks[21185:4a219a] [com.apple.UIKit:EventDispatch] Evaluating dispatch of UIEvent: 0x600003d013b0; type: 0; subtype: 0; backing type: 11; shouldSend: 0; ignoreInteractionEvents: 0, systemGestureStateChange: 0
[log] 2026-10-09 14:53:25.717 Df Landmarks[21185:4a219a] [com.apple.UIKit:EventDispatch] Evaluating dispatch of UIEvent: 0x600003d013b0; type: 0; subtype: 0; backing type: 11; shouldSend: 1; ignoreInteractionEvents: 0, systemGestureStateChange: 0
[log] 2026-10-09 14:53:25.717 Df Landmarks[21185:4a219a] [com.apple.UIKit:EventDispatch] Sending UIEvent type: 0; subtype: 0; to windows: 1
[log] 2026-10-09 14:53:25.717 Df Landmarks[21185:4a219a] [com.apple.UIKit:EventDispatch] Sending UIEvent type: 0; subtype: 0; to window: <UIWindow: 0x10353b6d0>; contextId: 0x4CC7B43C
[log] 2026-10-09 14:53:25.717 A  Landmarks[21185:4a219a] (UIKitCore) send gesture actions
[log] 2026-10-09 14:53:25.717 A  Landmarks[21185:4a219a] (UIKitCore) send gesture actions
[log] 2026-10-09 14:53:25.717 A  Landmarks[21185:4a219a] (UIKitCore) send control actions
[log] 2026-10-09 14:53:25.717 Df Landmarks[21185:4a219a] [com.apple.UIKit:Orientation] <UIWindowScene: 0x102f12490> (08DF3506-3839-4E40-9DCD-332E40DBE140) Scene updated orientation preferences: ( Pu Ll Lr ) -> ( Pu )
[log] 2026-10-09 14:53:25.800 Df Landmarks[21185:4a219a] [com.apple.UIKit:EventDispatch] Evaluating dispatch of UIEvent: 0x600003d013b0; type: 0; subtype: 0; backing type: 11; shouldSend: 0; ignoreInteractionEvents: 0, systemGestureStateChange: 1
    ✓ tapOn: text="Deep Links" (1.2s)
[log] 2026-10-09 14:53:26.225 Df Landmarks[21185:4a219d] [com.apple.dt.xctest:Default] Received attributes request for element: AX element pid: 21185, elementOrHash.elementID: 4695058304.297. Attributes: (
[log]     "XC_kAXXCAttributeValue"
[log] )
[log] 2026-10-09 14:53:26.225 Df Landmarks[21185:4a219d] [com.apple.dt.xctest:Default] XCTPerformOnMainRunLoop[not MT]: about to CFRunLoopPerform
[log] 2026-10-09 14:53:26.225 Df Landmarks[21185:4a219d] [com.apple.dt.xctest:Default] XCTPerformOnMainRunLoop[not MT]: waiting with 30.00s responsiveness timeout
[log] 2026-10-09 14:53:26.225 Df Landmarks[21185:4a219a] [com.apple.dt.xctest:Default] XCTPerformOnMainRunLoop[MT]: inside CFRunLoopPerform
[log] 2026-10-09 14:53:26.225 Df Landmarks[21185:4a219a] [com.apple.dt.xctest:Default] XCTPerformOnMainRunLoop[MT]: MT responded in time (won the race to the busy flag)
[log] 2026-10-09 14:53:26.225 Df Landmarks[21185:4a219d] [com.apple.dt.xctest:Default] XCTPerformOnMainRunLoop[not MT]: waiting 60.00s for work to complete
[log] 2026-10-09 14:53:26.225 Df Landmarks[21185:4a219a] [com.apple.dt.xctest:Default] Fetching AX attributes XC_kAXXCAttributeValue for AX element pid: 21185, elementOrHash.elementID: 4695058304.297
[log] 2026-10-09 14:53:26.225 Df Landmarks[21185:4a219a] [com.apple.dt.xctest:Default] Got attributes, transferring to dictionary for return.
[log] 2026-10-09 14:53:26.225 Df Landmarks[21185:4a219d] [com.apple.dt.xctest:Default] Replying with attribute values: {
[log] }
[log] 2026-10-09 14:53:26.226 Df Landmarks[21185:4a219d] [com.apple.dt.xctest:Default] Received attributes request for element: AX element pid: 21185, elementOrHash.elementID: 4695058304.297. Attributes: (
[log]     "XC_kAXXCAttributePlaceholderValue"
[log] )
[log] 2026-10-09 14:53:26.226 Df Landmarks[21185:4a219d] [com.apple.dt.xctest:Default] XCTPerformOnMainRunLoop[not MT]: about to CFRunLoopPerform
[log] 2026-10-09 14:53:26.226 Df Landmarks[21185:4a219d] [com.apple.dt.xctest:Default] XCTPerformOnMainRunLoop[not MT]: waiting with 30.00s responsiveness timeout
[log] 2026-10-09 14:53:26.226 Df Landmarks[21185:4a219a] [com.apple.dt.xctest:Default] XCTPerformOnMainRunLoop[MT]: inside CFRunLoopPerform
[log] 2026-10-09 14:53:26.226 Df Landmarks[21185:4a219a] [com.apple.dt.xctest:Default] XCTPerformOnMainRunLoop[MT]: MT responded in time (won the race to the busy flag)
[log] 2026-10-09 14:53:26.226 Df Landmarks[21185:4a219d] [com.apple.dt.xctest:Default] XCTPerformOnMainRunLoop[not MT]: waiting 60.00s for work to complete
[log] 2026-10-09 14:53:26.226 Df Landmarks[21185:4a219a] [com.apple.dt.xctest:Default] Fetching AX attributes XC_kAXXCAttributePlaceholderValue for AX element pid: 21185, elementOrHash.elementID: 4695058304.297
[log] 2026-10-09 14:53:26.226 Df Landmarks[21185:4a219a] [com.apple.dt.xctest:Default] Got attributes, transferring to dictionary for return.
[log] 2026-10-09 14:53:26.227 Df Landmarks[21185:4a219d] [com.apple.dt.xctest:Default] Replying with attribute values: {
[log] }
[log] 2026-10-09 14:53:26.411 Df Landmarks[21185:4a219d] [com.apple.dt.xctest:Default] Received attributes request for element: AX element pid: 21185, elementOrHash.elementID: 4695058304.297. Attributes: (
[log]     "XC_kAXXCAttributeValue"
[log] )
[log] 2026-10-09 14:53:26.411 Df Landmarks[21185:4a219d] [com.apple.dt.xctest:Default] XCTPerformOnMainRunLoop[not MT]: about to CFRunLoopPerform
[log] 2026-10-09 14:53:26.411 Df Landmarks[21185:4a219d] [com.apple.dt.xctest:Default] XCTPerformOnMainRunLoop[not MT]: waiting with 30.00s responsiveness timeout
[log] 2026-10-09 14:53:26.411 Df Landmarks[21185:4a219a] [com.apple.dt.xctest:Default] XCTPerformOnMainRunLoop[MT]: inside CFRunLoopPerform
[log] 2026-10-09 14:53:26.411 Df Landmarks[21185:4a219a] [com.apple.dt.xctest:Default] XCTPerformOnMainRunLoop[MT]: MT responded in time (won the race to the busy flag)
[log] 2026-10-09 14:53:26.411 Df Landmarks[21185:4a219d] [com.apple.dt.xctest:Default] XCTPerformOnMainRunLoop[not MT]: waiting 60.00s for work to complete
[log] 2026-10-09 14:53:26.411 Df Landmarks[21185:4a219a] [com.apple.dt.xctest:Default] Fetching AX attributes XC_kAXXCAttributeValue for AX element pid: 21185, elementOrHash.elementID: 4695058304.297
[log] 2026-10-09 14:53:26.411 Df Landmarks[21185:4a219a] [com.apple.dt.xctest:Default] Got attributes, transferring to dictionary for return.
[log] 2026-10-09 14:53:26.411 Df Landmarks[21185:4a219d] [com.apple.dt.xctest:Default] Replying with attribute values: {
[log] }
[log] 2026-10-09 14:53:26.412 Df Landmarks[21185:4a219d] [com.apple.dt.xctest:Default] Received attributes request for element: AX element pid: 21185, elementOrHash.elementID: 4695058304.297. Attributes: (
[log]     "XC_kAXXCAttributePlaceholderValue"
[log] )
[log] 2026-10-09 14:53:26.412 Df Landmarks[21185:4a219d] [com.apple.dt.xctest:Default] XCTPerformOnMainRunLoop[not MT]: about to CFRunLoopPerform
[log] 2026-10-09 14:53:26.412 Df Landmarks[21185:4a219d] [com.apple.dt.xctest:Default] XCTPerformOnMainRunLoop[not MT]: waiting with 30.00s responsiveness timeout
[log] 2026-10-09 14:53:26.412 Df Landmarks[21185:4a219a] [com.apple.dt.xctest:Default] XCTPerformOnMainRunLoop[MT]: inside CFRunLoopPerform
[log] 2026-10-09 14:53:26.412 Df Landmarks[21185:4a219a] [com.apple.dt.xctest:Default] XCTPerformOnMainRunLoop[MT]: MT responded in time (won the race to the busy flag)
[log] 2026-10-09 14:53:26.412 Df Landmarks[21185:4a219d] [com.apple.dt.xctest:Default] XCTPerformOnMainRunLoop[not MT]: waiting 60.00s for work to complete
[log] 2026-10-09 14:53:26.412 Df Landmarks[21185:4a219a] [com.apple.dt.xctest:Default] Fetching AX attributes XC_kAXXCAttributePlaceholderValue for AX element pid: 21185, elementOrHash.elementID: 4695058304.297
[log] 2026-10-09 14:53:26.412 Df Landmarks[21185:4a219a] [com.apple.dt.xctest:Default] Got attributes, transferring to dictionary for return.
[log] 2026-10-09 14:53:26.412 Df Landmarks[21185:4a219d] [com.apple.dt.xctest:Default] Replying with attribute values: {
[log] }
[log] 2026-10-09 14:53:26.488 Df Landmarks[21185:4a219a] [com.apple.UIKit:Orientation] <UIWindowScene: 0x102f12490> (08DF3506-3839-4E40-9DCD-332E40DBE140) Scene updated orientation preferences: ( Pu ) -> ( Pu Ll Lr )
[log] 2026-10-09 14:53:26.643 Df Landmarks[21185:4a219d] [com.apple.dt.xctest:Default] Received attributes request for element: AX element pid: 21185, elementOrHash.elementID: 4695058304.297. Attributes: (
[log]     "XC_kAXXCAttributeValue"
[log] )
[log] 2026-10-09 14:53:26.643 Df Landmarks[21185:4a219d] [com.apple.dt.xctest:Default] XCTPerformOnMainRunLoop[not MT]: about to CFRunLoopPerform
[log] 2026-10-09 14:53:26.643 Df Landmarks[21185:4a219d] [com.apple.dt.xctest:Default] XCTPerformOnMainRunLoop[not MT]: waiting with 30.00s responsiveness timeout
[log] 2026-10-09 14:53:26.643 Df Landmarks[21185:4a219a] [com.apple.dt.xctest:Default] XCTPerformOnMainRunLoop[MT]: inside CFRunLoopPerform
[log] 2026-10-09 14:53:26.643 Df Landmarks[21185:4a219a] [com.apple.dt.xctest:Default] XCTPerformOnMainRunLoop[MT]: MT responded in time (won the race to the busy flag)
[log] 2026-10-09 14:53:26.643 Df Landmarks[21185:4a219d] [com.apple.dt.xctest:Default] XCTPerformOnMainRunLoop[not MT]: waiting 60.00s for work to complete
[log] 2026-10-09 14:53:26.643 Df Landmarks[21185:4a219a] [com.apple.dt.xctest:Default] Fetching AX attributes XC_kAXXCAttributeValue for AX element pid: 21185, elementOrHash.elementID: 4695058304.297
[log] 2026-10-09 14:53:26.643 Df Landmarks[21185:4a219a] [com.apple.dt.xctest:Default] Got attributes, transferring to dictionary for return.
[log] 2026-10-09 14:53:26.643 Df Landmarks[21185:4a219d] [com.apple.dt.xctest:Default] Replying with attribute values: {
[log] }
[log] 2026-10-09 14:53:26.645 Df Landmarks[21185:4a219d] [com.apple.dt.xctest:Default] Received attributes request for element: AX element pid: 21185, elementOrHash.elementID: 4695058304.297. Attributes: (
[log]     "XC_kAXXCAttributePlaceholderValue"
[log] )
[log] 2026-10-09 14:53:26.645 Df Landmarks[21185:4a219d] [com.apple.dt.xctest:Default] XCTPerformOnMainRunLoop[not MT]: about to CFRunLoopPerform
[log] 2026-10-09 14:53:26.645 Df Landmarks[21185:4a219d] [com.apple.dt.xctest:Default] XCTPerformOnMainRunLoop[not MT]: waiting with 30.00s responsiveness timeout
[log] 2026-10-09 14:53:26.645 Df Landmarks[21185:4a219a] [com.apple.dt.xctest:Default] XCTPerformOnMainRunLoop[MT]: inside CFRunLoopPerform
[log] 2026-10-09 14:53:26.645 Df Landmarks[21185:4a219a] [com.apple.dt.xctest:Default] XCTPerformOnMainRunLoop[MT]: MT responded in time (won the race to the busy flag)
[log] 2026-10-09 14:53:26.645 Df Landmarks[21185:4a219d] [com.apple.dt.xctest:Default] XCTPerformOnMainRunLoop[not MT]: waiting 60.00s for work to complete
[log] 2026-10-09 14:53:26.645 Df Landmarks[21185:4a219a] [com.apple.dt.xctest:Default] Fetching AX attributes XC_kAXXCAttributePlaceholderValue for AX element pid: 21185, elementOrHash.elementID: 4695058304.297
[log] 2026-10-09 14:53:26.645 Df Landmarks[21185:4a219a] [com.apple.dt.xctest:Default] Got attributes, transferring to dictionary for return.
[log] 2026-10-09 14:53:26.645 Df Landmarks[21185:4a219d] [com.apple.dt.xctest:Default] Replying with attribute values: {
[log] }
[log] 2026-10-09 14:53:26.737 Df Landmarks[21185:4a219d] [com.apple.dt.xctest:Default] Received attributes request for element: AX element pid: 21185, elementOrHash.elementID: 4695058304.297. Attributes: (
[log]     "XC_kAXXCAttributeVisiblePoint"
[log] )
[log] 2026-10-09 14:53:26.737 Df Landmarks[21185:4a219d] [com.apple.dt.xctest:Default] XCTPerformOnMainRunLoop[not MT]: about to CFRunLoopPerform
[log] 2026-10-09 14:53:26.737 Df Landmarks[21185:4a219d] [com.apple.dt.xctest:Default] XCTPerformOnMainRunLoop[not MT]: waiting with 30.00s responsiveness timeout
[log] 2026-10-09 14:53:26.737 Df Landmarks[21185:4a219a] [com.apple.dt.xctest:Default] XCTPerformOnMainRunLoop[MT]: inside CFRunLoopPerform
[log] 2026-10-09 14:53:26.737 Df Landmarks[21185:4a219a] [com.apple.dt.xctest:Default] XCTPerformOnMainRunLoop[MT]: MT responded in time (won the race to the busy flag)
[log] 2026-10-09 14:53:26.737 Df Landmarks[21185:4a219d] [com.apple.dt.xctest:Default] XCTPerformOnMainRunLoop[not MT]: waiting 60.00s for work to complete
[log] 2026-10-09 14:53:26.737 Df Landmarks[21185:4a219a] [com.apple.dt.xctest:Default] Fetching AX attributes XC_kAXXCAttributeVisiblePoint for AX element pid: 21185, elementOrHash.elementID: 4695058304.297
[log] 2026-10-09 14:53:26.738 Df Landmarks[21185:4a219a] [com.apple.dt.xctest:Default] Got attributes, transferring to dictionary for return.
[log] 2026-10-09 14:53:26.738 Df Landmarks[21185:4a219d] [com.apple.dt.xctest:Default] Replying with attribute values: {
[log]     "XC_kAXXCAttributeVisiblePoint" =     {
[log]         X = 201;
[log]         Y = "234.3333333333334";
[log]     };
[log] }
[log] 2026-10-09 14:53:26.751 Df Landmarks[21185:4a219a] [com.apple.KeyboardArbiter:Client] TX focusApplication (peekAppEvent) stealKB:Y scene:com.kylebrowning.Landmarks-08DF3506-3839-4E40-9DCD-332E40DBE140
[log] 2026-10-09 14:53:26.751 Df Landmarks[21185:4a219a] [com.apple.UIKit:EventDispatch] Evaluating dispatch of UIEvent: 0x600003d013b0; type: 0; subtype: 0; backing type: 11; shouldSend: 1; ignoreInteractionEvents: 0, systemGestureStateChange: 0
[log] 2026-10-09 14:53:26.751 Df Landmarks[21185:4a219a] [com.apple.UIKit:EventDispatch] Sending UIEvent type: 0; subtype: 0; to windows: 1
[log] 2026-10-09 14:53:26.751 Df Landmarks[21185:4a219a] [com.apple.UIKit:EventDispatch] Sending UIEvent type: 0; subtype: 0; to window: <UIWindow: 0x10353b6d0>; contextId: 0x4CC7B43C
[log] 2026-10-09 14:53:26.752 Df Landmarks[21185:4a219a] [com.apple.UIKit:EventDispatch] Evaluating dispatch of UIEvent: 0x600003d013b0; type: 0; subtype: 0; backing type: 11; shouldSend: 0; ignoreInteractionEvents: 0, systemGestureStateChange: 0
[log] 2026-10-09 14:53:26.767 Df Landmarks[21185:4a219a] [com.apple.UIKit:EventDispatch] Evaluating dispatch of UIEvent: 0x600003d013b0; type: 0; subtype: 0; backing type: 11; shouldSend: 0; ignoreInteractionEvents: 0, systemGestureStateChange: 0
[log] 2026-10-09 14:53:26.800 Df Landmarks[21185:4a219a] [com.apple.UIKit:EventDispatch] Evaluating dispatch of UIEvent: 0x600003d013b0; type: 0; subtype: 0; backing type: 11; shouldSend: 0; ignoreInteractionEvents: 0, systemGestureStateChange: 0
[log] 2026-10-09 14:53:26.817 Df Landmarks[21185:4a219a] [com.apple.UIKit:EventDispatch] Evaluating dispatch of UIEvent: 0x600003d013b0; type: 0; subtype: 0; backing type: 11; shouldSend: 0; ignoreInteractionEvents: 0, systemGestureStateChange: 0
[log] 2026-10-09 14:53:26.817 Df Landmarks[21185:4a219a] [com.apple.UIKit:EventDispatch] Evaluating dispatch of UIEvent: 0x600003d013b0; type: 0; subtype: 0; backing type: 11; shouldSend: 1; ignoreInteractionEvents: 0, systemGestureStateChange: 0
[log] 2026-10-09 14:53:26.817 Df Landmarks[21185:4a219a] [com.apple.UIKit:EventDispatch] Sending UIEvent type: 0; subtype: 0; to windows: 1
[log] 2026-10-09 14:53:26.817 Df Landmarks[21185:4a219a] [com.apple.UIKit:EventDispatch] Sending UIEvent type: 0; subtype: 0; to window: <UIWindow: 0x10353b6d0>; contextId: 0x4CC7B43C
[log] 2026-10-09 14:53:26.835 Df Landmarks[21185:4a219a] [com.apple.UIKit:Orientation] <UIWindowScene: 0x102f12490> (08DF3506-3839-4E40-9DCD-332E40DBE140) Scene updated orientation preferences: ( Pu Ll Lr ) -> ( Pu )
[log] 2026-10-09 14:53:26.837 Df Landmarks[21185:4a219a] [com.apple.UIKit:TrackingElementWindowController] Change from input view set: (null)
[log] 2026-10-09 14:53:26.837 Df Landmarks[21185:4a219a] [com.apple.UIKit:TrackingElementWindowController] Change to input view set: (null)
[log] 2026-10-09 14:53:26.838 Df Landmarks[21185:4a219a] [com.apple.UIKit:KeyboardLayoutGuide] _moveGuideOffscreenAtEdge: 4
[log] 2026-10-09 14:53:26.838 Df Landmarks[21185:4a219a] [com.apple.UIKit:KeyboardLayoutGuide] changeOffsetConstants: offset is changing to {0, 0} [previous offset: {-1, -1}]
[log] 2026-10-09 14:53:26.838 Df Landmarks[21185:4a219a] [com.apple.UIKit:KeyboardLayoutGuide] changeSizingConstants: size is changing [not transitioning] to {402, 0} [previous size: {1, 0}]
[log] 2026-10-09 14:53:26.901 Df Landmarks[21185:4a219a] [com.apple.FrontBoard:SceneClient] [(FBSceneManager):sceneID:com.kylebrowning.Landmarks-08DF3506-3839-4E40-9DCD-332E40DBE140] Sending action(s): BLSInvalidateFrameSpecifiersAction
[log] 2026-10-09 14:53:26.921 Df Landmarks[21185:4a219a] [com.apple.UIKit:EventDispatch] Evaluating dispatch of UIEvent: 0x600003d013b0; type: 0; subtype: 0; backing type: 11; shouldSend: 0; ignoreInteractionEvents: 0, systemGestureStateChange: 1
    ✓ tapOn: text="Caching Demo" (856ms)
[log] 2026-10-09 14:53:27.128 Df Landmarks[21185:4a2215] [com.apple.dt.xctest:Default] Received attributes request for element: AX element pid: 21185, elementOrHash.elementID: 4696663104.455. Attributes: (
[log]     "XC_kAXXCAttributeValue"
[log] )
[log] 2026-10-09 14:53:27.128 Df Landmarks[21185:4a2215] [com.apple.dt.xctest:Default] XCTPerformOnMainRunLoop[not MT]: about to CFRunLoopPerform
[log] 2026-10-09 14:53:27.128 Df Landmarks[21185:4a2215] [com.apple.dt.xctest:Default] XCTPerformOnMainRunLoop[not MT]: waiting with 30.00s responsiveness timeout
[log] 2026-10-09 14:53:27.128 Df Landmarks[21185:4a219a] [com.apple.dt.xctest:Default] XCTPerformOnMainRunLoop[MT]: inside CFRunLoopPerform
[log] 2026-10-09 14:53:27.128 Df Landmarks[21185:4a219a] [com.apple.dt.xctest:Default] XCTPerformOnMainRunLoop[MT]: MT responded in time (won the race to the busy flag)
[log] 2026-10-09 14:53:27.128 Df Landmarks[21185:4a2215] [com.apple.dt.xctest:Default] XCTPerformOnMainRunLoop[not MT]: waiting 60.00s for work to complete
[log] 2026-10-09 14:53:27.128 Df Landmarks[21185:4a219a] [com.apple.dt.xctest:Default] Fetching AX attributes XC_kAXXCAttributeValue for AX element pid: 21185, elementOrHash.elementID: 4696663104.455
[log] 2026-10-09 14:53:27.128 Df Landmarks[21185:4a219a] [com.apple.dt.xctest:Default] Got attributes, transferring to dictionary for return.
[log] 2026-10-09 14:53:27.128 Df Landmarks[21185:4a2215] [com.apple.dt.xctest:Default] Replying with attribute values: {
[log] }
[log] 2026-10-09 14:53:27.129 Df Landmarks[21185:4a2215] [com.apple.dt.xctest:Default] Received attributes request for element: AX element pid: 21185, elementOrHash.elementID: 4696663104.455. Attributes: (
[log]     "XC_kAXXCAttributePlaceholderValue"
[log] )
[log] 2026-10-09 14:53:27.129 Df Landmarks[21185:4a2215] [com.apple.dt.xctest:Default] XCTPerformOnMainRunLoop[not MT]: about to CFRunLoopPerform
[log] 2026-10-09 14:53:27.129 Df Landmarks[21185:4a2215] [com.apple.dt.xctest:Default] XCTPerformOnMainRunLoop[not MT]: waiting with 30.00s responsiveness timeout
[log] 2026-10-09 14:53:27.129 Df Landmarks[21185:4a219a] [com.apple.dt.xctest:Default] XCTPerformOnMainRunLoop[MT]: inside CFRunLoopPerform
[log] 2026-10-09 14:53:27.129 Df Landmarks[21185:4a219a] [com.apple.dt.xctest:Default] XCTPerformOnMainRunLoop[MT]: MT responded in time (won the race to the busy flag)
[log] 2026-10-09 14:53:27.129 Df Landmarks[21185:4a2215] [com.apple.dt.xctest:Default] XCTPerformOnMainRunLoop[not MT]: waiting 60.00s for work to complete
[log] 2026-10-09 14:53:27.129 Df Landmarks[21185:4a219a] [com.apple.dt.xctest:Default] Fetching AX attributes XC_kAXXCAttributePlaceholderValue for AX element pid: 21185, elementOrHash.elementID: 4696663104.455
[log] 2026-10-09 14:53:27.129 Df Landmarks[21185:4a219a] [com.apple.dt.xctest:Default] Got attributes, transferring to dictionary for return.
[log] 2026-10-09 14:53:27.129 Df Landmarks[21185:4a2215] [com.apple.dt.xctest:Default] Replying with attribute values: {
[log] }
[log] 2026-10-09 14:53:27.130 Df Landmarks[21185:4a2215] [com.apple.dt.xctest:Default] Received attributes request for element: AX element pid: 21185, elementOrHash.elementID: 4345074256.456. Attributes: (
[log]     "XC_kAXXCAttributeValue"
[log] )
[log] 2026-10-09 14:53:27.130 Df Landmarks[21185:4a2215] [com.apple.dt.xctest:Default] XCTPerformOnMainRunLoop[not MT]: about to CFRunLoopPerform
[log] 2026-10-09 14:53:27.130 Df Landmarks[21185:4a2215] [com.apple.dt.xctest:Default] XCTPerformOnMainRunLoop[not MT]: waiting with 30.00s responsiveness timeout
[log] 2026-10-09 14:53:27.130 Df Landmarks[21185:4a219a] [com.apple.dt.xctest:Default] XCTPerformOnMainRunLoop[MT]: inside CFRunLoopPerform
[log] 2026-10-09 14:53:27.130 Df Landmarks[21185:4a219a] [com.apple.dt.xctest:Default] XCTPerformOnMainRunLoop[MT]: MT responded in time (won the race to the busy flag)
[log] 2026-10-09 14:53:27.130 Df Landmarks[21185:4a2215] [com.apple.dt.xctest:Default] XCTPerformOnMainRunLoop[not MT]: waiting 60.00s for work to complete
[log] 2026-10-09 14:53:27.130 Df Landmarks[21185:4a219a] [com.apple.dt.xctest:Default] Fetching AX attributes XC_kAXXCAttributeValue for AX element pid: 21185, elementOrHash.elementID: 4345074256.456
[log] 2026-10-09 14:53:27.130 Df Landmarks[21185:4a219a] [com.apple.dt.xctest:Default] Got attributes, transferring to dictionary for return.
[log] 2026-10-09 14:53:27.130 Df Landmarks[21185:4a2215] [com.apple.dt.xctest:Default] Replying with attribute values: {
[log] }
[log] 2026-10-09 14:53:27.131 Df Landmarks[21185:4a2215] [com.apple.dt.xctest:Default] Received attributes request for element: AX element pid: 21185, elementOrHash.elementID: 4345074256.456. Attributes: (
[log]     "XC_kAXXCAttributePlaceholderValue"
[log] )
[log] 2026-10-09 14:53:27.131 Df Landmarks[21185:4a2216] [com.apple.dt.xctest:Default] XCTPerformOnMainRunLoop[not MT]: about to CFRunLoopPerform
[log] 2026-10-09 14:53:27.131 Df Landmarks[21185:4a2216] [com.apple.dt.xctest:Default] XCTPerformOnMainRunLoop[not MT]: waiting with 30.00s responsiveness timeout
[log] 2026-10-09 14:53:27.131 Df Landmarks[21185:4a219a] [com.apple.dt.xctest:Default] XCTPerformOnMainRunLoop[MT]: inside CFRunLoopPerform
[log] 2026-10-09 14:53:27.131 Df Landmarks[21185:4a219a] [com.apple.dt.xctest:Default] XCTPerformOnMainRunLoop[MT]: MT responded in time (won the race to the busy flag)
[log] 2026-10-09 14:53:27.131 Df Landmarks[21185:4a2216] [com.apple.dt.xctest:Default] XCTPerformOnMainRunLoop[not MT]: waiting 60.00s for work to complete
[log] 2026-10-09 14:53:27.131 Df Landmarks[21185:4a219a] [com.apple.dt.xctest:Default] Fetching AX attributes XC_kAXXCAttributePlaceholderValue for AX element pid: 21185, elementOrHash.elementID: 4345074256.456
[log] 2026-10-09 14:53:27.131 Df Landmarks[21185:4a219a] [com.apple.dt.xctest:Default] Got attributes, transferring to dictionary for return.
[log] 2026-10-09 14:53:27.131 Df Landmarks[21185:4a2216] [com.apple.dt.xctest:Default] Replying with attribute values: {
[log] }
[log] 2026-10-09 14:53:27.132 Df Landmarks[21185:4a2216] [com.apple.dt.xctest:Default] Received attributes request for element: App element pid: 21185. Attributes: (
[log]     "XC_kAXXCAttributeValue"
[log] )
[log] 2026-10-09 14:53:27.132 Df Landmarks[21185:4a2216] [com.apple.dt.xctest:Default] XCTPerformOnMainRunLoop[not MT]: about to CFRunLoopPerform
[log] 2026-10-09 14:53:27.132 Df Landmarks[21185:4a2216] [com.apple.dt.xctest:Default] XCTPerformOnMainRunLoop[not MT]: waiting with 30.00s responsiveness timeout
[log] 2026-10-09 14:53:27.132 Df Landmarks[21185:4a219a] [com.apple.dt.xctest:Default] XCTPerformOnMainRunLoop[MT]: inside CFRunLoopPerform
[log] 2026-10-09 14:53:27.132 Df Landmarks[21185:4a219a] [com.apple.dt.xctest:Default] XCTPerformOnMainRunLoop[MT]: MT responded in time (won the race to the busy flag)
[log] 2026-10-09 14:53:27.132 Df Landmarks[21185:4a2216] [com.apple.dt.xctest:Default] XCTPerformOnMainRunLoop[not MT]: waiting 60.00s for work to complete
[log] 2026-10-09 14:53:27.132 Df Landmarks[21185:4a219a] [com.apple.dt.xctest:Default] Fetching AX attributes XC_kAXXCAttributeValue for App element pid: 21185
[log] 2026-10-09 14:53:27.132 Df Landmarks[21185:4a219a] [com.apple.dt.xctest:Default] Got attributes, transferring to dictionary for return.
[log] 2026-10-09 14:53:27.133 Df Landmarks[21185:4a2216] [com.apple.dt.xctest:Default] Replying with attribute values: {
[log] }
[log] 2026-10-09 14:53:27.421 Df Landmarks[21185:4a219a] [com.apple.UIKit:Orientation] <UIWindowScene: 0x102f12490> (08DF3506-3839-4E40-9DCD-332E40DBE140) Scene updated orientation preferences: ( Pu ) -> ( Pu Ll Lr )
[log] 2026-10-09 14:53:27.511 Df Landmarks[21185:4a2216] [com.apple.dt.xctest:Default] Received attributes request for element: AX element pid: 21185, elementOrHash.elementID: 4696663104.455. Attributes: (
[log]     "XC_kAXXCAttributeValue"
[log] )
[log] 2026-10-09 14:53:27.511 Df Landmarks[21185:4a2216] [com.apple.dt.xctest:Default] XCTPerformOnMainRunLoop[not MT]: about to CFRunLoopPerform
[log] 2026-10-09 14:53:27.511 Df Landmarks[21185:4a2216] [com.apple.dt.xctest:Default] XCTPerformOnMainRunLoop[not MT]: waiting with 30.00s responsiveness timeout
[log] 2026-10-09 14:53:27.511 Df Landmarks[21185:4a219a] [com.apple.dt.xctest:Default] XCTPerformOnMainRunLoop[MT]: inside CFRunLoopPerform
[log] 2026-10-09 14:53:27.511 Df Landmarks[21185:4a219a] [com.apple.dt.xctest:Default] XCTPerformOnMainRunLoop[MT]: MT responded in time (won the race to the busy flag)
[log] 2026-10-09 14:53:27.511 Df Landmarks[21185:4a2216] [com.apple.dt.xctest:Default] XCTPerformOnMainRunLoop[not MT]: waiting 60.00s for work to complete
[log] 2026-10-09 14:53:27.511 Df Landmarks[21185:4a219a] [com.apple.dt.xctest:Default] Fetching AX attributes XC_kAXXCAttributeValue for AX element pid: 21185, elementOrHash.elementID: 4696663104.455
[log] 2026-10-09 14:53:27.511 Df Landmarks[21185:4a219a] [com.apple.dt.xctest:Default] Got attributes, transferring to dictionary for return.
[log] 2026-10-09 14:53:27.511 Df Landmarks[21185:4a2216] [com.apple.dt.xctest:Default] Replying with attribute values: {
[log] }
[log] 2026-10-09 14:53:27.512 Df Landmarks[21185:4a2216] [com.apple.dt.xctest:Default] Received attributes request for element: AX element pid: 21185, elementOrHash.elementID: 4696663104.455. Attributes: (
[log]     "XC_kAXXCAttributePlaceholderValue"
[log] )
[log] 2026-10-09 14:53:27.512 Df Landmarks[21185:4a2216] [com.apple.dt.xctest:Default] XCTPerformOnMainRunLoop[not MT]: about to CFRunLoopPerform
[log] 2026-10-09 14:53:27.512 Df Landmarks[21185:4a2216] [com.apple.dt.xctest:Default] XCTPerformOnMainRunLoop[not MT]: waiting with 30.00s responsiveness timeout
[log] 2026-10-09 14:53:27.512 Df Landmarks[21185:4a219a] [com.apple.dt.xctest:Default] XCTPerformOnMainRunLoop[MT]: inside CFRunLoopPerform
[log] 2026-10-09 14:53:27.512 Df Landmarks[21185:4a219a] [com.apple.dt.xctest:Default] XCTPerformOnMainRunLoop[MT]: MT responded in time (won the race to the busy flag)
[log] 2026-10-09 14:53:27.512 Df Landmarks[21185:4a2216] [com.apple.dt.xctest:Default] XCTPerformOnMainRunLoop[not MT]: waiting 60.00s for work to complete
[log] 2026-10-09 14:53:27.512 Df Landmarks[21185:4a219a] [com.apple.dt.xctest:Default] Fetching AX attributes XC_kAXXCAttributePlaceholderValue for AX element pid: 21185, elementOrHash.elementID: 4696663104.455
[log] 2026-10-09 14:53:27.512 Df Landmarks[21185:4a219a] [com.apple.dt.xctest:Default] Got attributes, transferring to dictionary for return.
[log] 2026-10-09 14:53:27.512 Df Landmarks[21185:4a2216] [com.apple.dt.xctest:Default] Replying with attribute values: {
[log] }
    ✓ assertVisible: text="Cache Policy" (564ms)
[log] 2026-10-09 14:53:27.698 Df Landmarks[21185:4a2216] [com.apple.dt.xctest:Default] Received attributes request for element: AX element pid: 21185, elementOrHash.elementID: 4695268464.457. Attributes: (
[log]     "XC_kAXXCAttributeValue"
[log] )
[log] 2026-10-09 14:53:27.698 Df Landmarks[21185:4a2216] [com.apple.dt.xctest:Default] XCTPerformOnMainRunLoop[not MT]: about to CFRunLoopPerform
[log] 2026-10-09 14:53:27.698 Df Landmarks[21185:4a2216] [com.apple.dt.xctest:Default] XCTPerformOnMainRunLoop[not MT]: waiting with 30.00s responsiveness timeout
[log] 2026-10-09 14:53:27.698 Df Landmarks[21185:4a219a] [com.apple.dt.xctest:Default] XCTPerformOnMainRunLoop[MT]: inside CFRunLoopPerform
[log] 2026-10-09 14:53:27.698 Df Landmarks[21185:4a219a] [com.apple.dt.xctest:Default] XCTPerformOnMainRunLoop[MT]: MT responded in time (won the race to the busy flag)
[log] 2026-10-09 14:53:27.698 Df Landmarks[21185:4a2216] [com.apple.dt.xctest:Default] XCTPerformOnMainRunLoop[not MT]: waiting 60.00s for work to complete
[log] 2026-10-09 14:53:27.698 Df Landmarks[21185:4a219a] [com.apple.dt.xctest:Default] Fetching AX attributes XC_kAXXCAttributeValue for AX element pid: 21185, elementOrHash.elementID: 4695268464.457
[log] 2026-10-09 14:53:27.698 Df Landmarks[21185:4a219a] [com.apple.dt.xctest:Default] Got attributes, transferring to dictionary for return.
[log] 2026-10-09 14:53:27.698 Df Landmarks[21185:4a2216] [com.apple.dt.xctest:Default] Replying with attribute values: {
[log] }
[log] 2026-10-09 14:53:27.699 Df Landmarks[21185:4a2216] [com.apple.dt.xctest:Default] Received attributes request for element: AX element pid: 21185, elementOrHash.elementID: 4695268464.457. Attributes: (
[log]     "XC_kAXXCAttributePlaceholderValue"
[log] )
[log] 2026-10-09 14:53:27.699 Df Landmarks[21185:4a2216] [com.apple.dt.xctest:Default] XCTPerformOnMainRunLoop[not MT]: about to CFRunLoopPerform
[log] 2026-10-09 14:53:27.699 Df Landmarks[21185:4a2216] [com.apple.dt.xctest:Default] XCTPerformOnMainRunLoop[not MT]: waiting with 30.00s responsiveness timeout
[log] 2026-10-09 14:53:27.699 Df Landmarks[21185:4a219a] [com.apple.dt.xctest:Default] XCTPerformOnMainRunLoop[MT]: inside CFRunLoopPerform
[log] 2026-10-09 14:53:27.699 Df Landmarks[21185:4a219a] [com.apple.dt.xctest:Default] XCTPerformOnMainRunLoop[MT]: MT responded in time (won the race to the busy flag)
[log] 2026-10-09 14:53:27.699 Df Landmarks[21185:4a2216] [com.apple.dt.xctest:Default] XCTPerformOnMainRunLoop[not MT]: waiting 60.00s for work to complete
[log] 2026-10-09 14:53:27.699 Df Landmarks[21185:4a219a] [com.apple.dt.xctest:Default] Fetching AX attributes XC_kAXXCAttributePlaceholderValue for AX element pid: 21185, elementOrHash.elementID: 4695268464.457
[log] 2026-10-09 14:53:27.699 Df Landmarks[21185:4a219a] [com.apple.dt.xctest:Default] Got attributes, transferring to dictionary for return.
[log] 2026-10-09 14:53:27.699 Df Landmarks[21185:4a2216] [com.apple.dt.xctest:Default] Replying with attribute values: {
[log] }
[log] 2026-10-09 14:53:27.790 E  Landmarks[21185:4a219a] [com.apple.dt.xctest:Default] Unexpectedly received animationDidStop without a matching animationDidStart. Monitoring for idle animations may no longer function correctly.
[log] 2026-10-09 14:53:27.807 Df Landmarks[21185:4a2215] [com.apple.dt.xctest:Default] Received attributes request for element: AX element pid: 21185, elementOrHash.elementID: 4695268464.457. Attributes: (
[log]     "XC_kAXXCAttributeValue"
[log] )
[log] 2026-10-09 14:53:27.807 Df Landmarks[21185:4a2215] [com.apple.dt.xctest:Default] XCTPerformOnMainRunLoop[not MT]: about to CFRunLoopPerform
[log] 2026-10-09 14:53:27.807 Df Landmarks[21185:4a2215] [com.apple.dt.xctest:Default] XCTPerformOnMainRunLoop[not MT]: waiting with 30.00s responsiveness timeout
[log] 2026-10-09 14:53:27.807 Df Landmarks[21185:4a219a] [com.apple.dt.xctest:Default] XCTPerformOnMainRunLoop[MT]: inside CFRunLoopPerform
[log] 2026-10-09 14:53:27.807 Df Landmarks[21185:4a219a] [com.apple.dt.xctest:Default] XCTPerformOnMainRunLoop[MT]: MT responded in time (won the race to the busy flag)
[log] 2026-10-09 14:53:27.807 Df Landmarks[21185:4a2215] [com.apple.dt.xctest:Default] XCTPerformOnMainRunLoop[not MT]: waiting 60.00s for work to complete
[log] 2026-10-09 14:53:27.807 Df Landmarks[21185:4a219a] [com.apple.dt.xctest:Default] Fetching AX attributes XC_kAXXCAttributeValue for AX element pid: 21185, elementOrHash.elementID: 4695268464.457
[log] 2026-10-09 14:53:27.807 Df Landmarks[21185:4a219a] [com.apple.dt.xctest:Default] Got attributes, transferring to dictionary for return.
[log] 2026-10-09 14:53:27.807 Df Landmarks[21185:4a2215] [com.apple.dt.xctest:Default] Replying with attribute values: {
[log] }
[log] 2026-10-09 14:53:27.808 Df Landmarks[21185:4a2215] [com.apple.dt.xctest:Default] Received attributes request for element: AX element pid: 21185, elementOrHash.elementID: 4695268464.457. Attributes: (
[log]     "XC_kAXXCAttributePlaceholderValue"
[log] )
[log] 2026-10-09 14:53:27.808 Df Landmarks[21185:4a2215] [com.apple.dt.xctest:Default] XCTPerformOnMainRunLoop[not MT]: about to CFRunLoopPerform
[log] 2026-10-09 14:53:27.808 Df Landmarks[21185:4a2215] [com.apple.dt.xctest:Default] XCTPerformOnMainRunLoop[not MT]: waiting with 30.00s responsiveness timeout
[log] 2026-10-09 14:53:27.808 Df Landmarks[21185:4a219a] [com.apple.dt.xctest:Default] XCTPerformOnMainRunLoop[MT]: inside CFRunLoopPerform
[log] 2026-10-09 14:53:27.808 Df Landmarks[21185:4a219a] [com.apple.dt.xctest:Default] XCTPerformOnMainRunLoop[MT]: MT responded in time (won the race to the busy flag)
[log] 2026-10-09 14:53:27.808 Df Landmarks[21185:4a2215] [com.apple.dt.xctest:Default] XCTPerformOnMainRunLoop[not MT]: waiting 60.00s for work to complete
[log] 2026-10-09 14:53:27.808 Df Landmarks[21185:4a219a] [com.apple.dt.xctest:Default] Fetching AX attributes XC_kAXXCAttributePlaceholderValue for AX element pid: 21185, elementOrHash.elementID: 4695268464.457
[log] 2026-10-09 14:53:27.809 Df Landmarks[21185:4a219a] [com.apple.dt.xctest:Default] Got attributes, transferring to dictionary for return.
[log] 2026-10-09 14:53:27.809 Df Landmarks[21185:4a2215] [com.apple.dt.xctest:Default] Replying with attribute values: {
[log] }
[log] 2026-10-09 14:53:27.958 E  Landmarks[21185:4a219a] [com.apple.dt.xctest:Default] Unexpectedly received animationDidStop without a matching animationDidStart. Monitoring for idle animations may no longer function correctly.
[log] 2026-10-09 14:53:27.958 E  Landmarks[21185:4a219a] [com.apple.dt.xctest:Default] Unexpectedly received animationDidStop without a matching animationDidStart. Monitoring for idle animations may no longer function correctly.
[log] 2026-10-09 14:53:27.958 E  Landmarks[21185:4a219a] [com.apple.dt.xctest:Default] Unexpectedly received animationDidStop without a matching animationDidStart. Monitoring for idle animations may no longer function correctly.
[log] 2026-10-09 14:53:28.025 Df Landmarks[21185:4a2215] [com.apple.dt.xctest:Default] Received attributes request for element: AX element pid: 21185, elementOrHash.elementID: 4695268464.457. Attributes: (
[log]     "XC_kAXXCAttributeValue"
[log] )
[log] 2026-10-09 14:53:28.025 Df Landmarks[21185:4a2215] [com.apple.dt.xctest:Default] XCTPerformOnMainRunLoop[not MT]: about to CFRunLoopPerform
[log] 2026-10-09 14:53:28.025 Df Landmarks[21185:4a2215] [com.apple.dt.xctest:Default] XCTPerformOnMainRunLoop[not MT]: waiting with 30.00s responsiveness timeout
[log] 2026-10-09 14:53:28.025 Df Landmarks[21185:4a219a] [com.apple.dt.xctest:Default] XCTPerformOnMainRunLoop[MT]: inside CFRunLoopPerform
[log] 2026-10-09 14:53:28.025 Df Landmarks[21185:4a219a] [com.apple.dt.xctest:Default] XCTPerformOnMainRunLoop[MT]: MT responded in time (won the race to the busy flag)
[log] 2026-10-09 14:53:28.025 Df Landmarks[21185:4a2215] [com.apple.dt.xctest:Default] XCTPerformOnMainRunLoop[not MT]: waiting 60.00s for work to complete
[log] 2026-10-09 14:53:28.025 Df Landmarks[21185:4a219a] [com.apple.dt.xctest:Default] Fetching AX attributes XC_kAXXCAttributeValue for AX element pid: 21185, elementOrHash.elementID: 4695268464.457
[log] 2026-10-09 14:53:28.025 Df Landmarks[21185:4a219a] [com.apple.dt.xctest:Default] Got attributes, transferring to dictionary for return.
[log] 2026-10-09 14:53:28.025 Df Landmarks[21185:4a2215] [com.apple.dt.xctest:Default] Replying with attribute values: {
[log] }
[log] 2026-10-09 14:53:28.027 Df Landmarks[21185:4a2215] [com.apple.dt.xctest:Default] Received attributes request for element: AX element pid: 21185, elementOrHash.elementID: 4695268464.457. Attributes: (
[log]     "XC_kAXXCAttributePlaceholderValue"
[log] )
[log] 2026-10-09 14:53:28.027 Df Landmarks[21185:4a2215] [com.apple.dt.xctest:Default] XCTPerformOnMainRunLoop[not MT]: about to CFRunLoopPerform
[log] 2026-10-09 14:53:28.027 Df Landmarks[21185:4a2215] [com.apple.dt.xctest:Default] XCTPerformOnMainRunLoop[not MT]: waiting with 30.00s responsiveness timeout
[log] 2026-10-09 14:53:28.027 Df Landmarks[21185:4a219a] [com.apple.dt.xctest:Default] XCTPerformOnMainRunLoop[MT]: inside CFRunLoopPerform
[log] 2026-10-09 14:53:28.027 Df Landmarks[21185:4a219a] [com.apple.dt.xctest:Default] XCTPerformOnMainRunLoop[MT]: MT responded in time (won the race to the busy flag)
[log] 2026-10-09 14:53:28.027 Df Landmarks[21185:4a2215] [com.apple.dt.xctest:Default] XCTPerformOnMainRunLoop[not MT]: waiting 60.00s for work to complete
[log] 2026-10-09 14:53:28.027 Df Landmarks[21185:4a219a] [com.apple.dt.xctest:Default] Fetching AX attributes XC_kAXXCAttributePlaceholderValue for AX element pid: 21185, elementOrHash.elementID: 4695268464.457
[log] 2026-10-09 14:53:28.027 Df Landmarks[21185:4a219a] [com.apple.dt.xctest:Default] Got attributes, transferring to dictionary for return.
[log] 2026-10-09 14:53:28.027 Df Landmarks[21185:4a2215] [com.apple.dt.xctest:Default] Replying with attribute values: {
[log] }
[log] 2026-10-09 14:53:28.243 Df Landmarks[21185:4a2215] [com.apple.dt.xctest:Default] Received attributes request for element: AX element pid: 21185, elementOrHash.elementID: 4695268464.457. Attributes: (
[log]     "XC_kAXXCAttributeVisiblePoint"
[log] )
[log] 2026-10-09 14:53:28.243 Df Landmarks[21185:4a2215] [com.apple.dt.xctest:Default] XCTPerformOnMainRunLoop[not MT]: about to CFRunLoopPerform
[log] 2026-10-09 14:53:28.243 Df Landmarks[21185:4a2215] [com.apple.dt.xctest:Default] XCTPerformOnMainRunLoop[not MT]: waiting with 30.00s responsiveness timeout
[log] 2026-10-09 14:53:28.244 Df Landmarks[21185:4a219a] [com.apple.dt.xctest:Default] XCTPerformOnMainRunLoop[MT]: inside CFRunLoopPerform
[log] 2026-10-09 14:53:28.244 Df Landmarks[21185:4a219a] [com.apple.dt.xctest:Default] XCTPerformOnMainRunLoop[MT]: MT responded in time (won the race to the busy flag)
[log] 2026-10-09 14:53:28.244 Df Landmarks[21185:4a2215] [com.apple.dt.xctest:Default] XCTPerformOnMainRunLoop[not MT]: waiting 60.00s for work to complete
[log] 2026-10-09 14:53:28.244 Df Landmarks[21185:4a219a] [com.apple.dt.xctest:Default] Fetching AX attributes XC_kAXXCAttributeVisiblePoint for AX element pid: 21185, elementOrHash.elementID: 4695268464.457
[log] 2026-10-09 14:53:28.245 Df Landmarks[21185:4a219a] [com.apple.dt.xctest:Default] Got attributes, transferring to dictionary for return.
[log] 2026-10-09 14:53:28.245 Df Landmarks[21185:4a2215] [com.apple.dt.xctest:Default] Replying with attribute values: {
[log]     "XC_kAXXCAttributeVisiblePoint" =     {
[log]         X = 201;
[log]         Y = "604.3333333333333";
[log]     };
[log] }
[log] 2026-10-09 14:53:28.256 Df Landmarks[21185:4a219a] [com.apple.KeyboardArbiter:Client] TX focusApplication (peekAppEvent) stealKB:Y scene:com.kylebrowning.Landmarks-08DF3506-3839-4E40-9DCD-332E40DBE140
[log] 2026-10-09 14:53:28.256 Df Landmarks[21185:4a219a] [com.apple.UIKit:EventDispatch] Evaluating dispatch of UIEvent: 0x600003d013b0; type: 0; subtype: 0; backing type: 11; shouldSend: 1; ignoreInteractionEvents: 0, systemGestureStateChange: 0
[log] 2026-10-09 14:53:28.256 Df Landmarks[21185:4a219a] [com.apple.UIKit:EventDispatch] Sending UIEvent type: 0; subtype: 0; to windows: 1
[log] 2026-10-09 14:53:28.256 Df Landmarks[21185:4a219a] [com.apple.UIKit:EventDispatch] Sending UIEvent type: 0; subtype: 0; to window: <UIWindow: 0x10353b6d0>; contextId: 0x4CC7B43C
[log] 2026-10-09 14:53:28.267 Df Landmarks[21185:4a219a] [com.apple.UIKit:EventDispatch] Evaluating dispatch of UIEvent: 0x600003d013b0; type: 0; subtype: 0; backing type: 11; shouldSend: 0; ignoreInteractionEvents: 0, systemGestureStateChange: 0
[log] 2026-10-09 14:53:28.283 Df Landmarks[21185:4a219a] [com.apple.UIKit:EventDispatch] Evaluating dispatch of UIEvent: 0x600003d013b0; type: 0; subtype: 0; backing type: 11; shouldSend: 0; ignoreInteractionEvents: 0, systemGestureStateChange: 0
[log] 2026-10-09 14:53:28.300 Df Landmarks[21185:4a219a] [com.apple.UIKit:EventDispatch] Evaluating dispatch of UIEvent: 0x600003d013b0; type: 0; subtype: 0; backing type: 11; shouldSend: 0; ignoreInteractionEvents: 0, systemGestureStateChange: 0
[log] 2026-10-09 14:53:28.317 Df Landmarks[21185:4a219a] [com.apple.UIKit:EventDispatch] Evaluating dispatch of UIEvent: 0x600003d013b0; type: 0; subtype: 0; backing type: 11; shouldSend: 0; ignoreInteractionEvents: 0, systemGestureStateChange: 0
[log] 2026-10-09 14:53:28.333 Df Landmarks[21185:4a219a] [com.apple.UIKit:EventDispatch] Evaluating dispatch of UIEvent: 0x600003d013b0; type: 0; subtype: 0; backing type: 11; shouldSend: 0; ignoreInteractionEvents: 0, systemGestureStateChange: 0
[log] 2026-10-09 14:53:28.333 Df Landmarks[21185:4a219a] [com.apple.UIKit:EventDispatch] Evaluating dispatch of UIEvent: 0x600003d013b0; type: 0; subtype: 0; backing type: 11; shouldSend: 1; ignoreInteractionEvents: 0, systemGestureStateChange: 0
[log] 2026-10-09 14:53:28.334 Df Landmarks[21185:4a219a] [com.apple.UIKit:EventDispatch] Sending UIEvent type: 0; subtype: 0; to windows: 1
[log] 2026-10-09 14:53:28.334 Df Landmarks[21185:4a219a] [com.apple.UIKit:EventDispatch] Sending UIEvent type: 0; subtype: 0; to window: <UIWindow: 0x10353b6d0>; contextId: 0x4CC7B43C
[log] 2026-10-09 14:53:28.350 Df Landmarks[21185:4a219a] [com.apple.UIKit:EventDispatch] Evaluating dispatch of UIEvent: 0x600003d013b0; type: 0; subtype: 0; backing type: 11; shouldSend: 0; ignoreInteractionEvents: 0, systemGestureStateChange: 1
[log] 2026-10-09 14:53:28.353 Df Landmarks[21185:4a219a] [com.apple.FrontBoard:SceneClient] [(FBSceneManager):sceneID:com.kylebrowning.Landmarks-08DF3506-3839-4E40-9DCD-332E40DBE140] Sending action(s): BLSInvalidateFrameSpecifiersAction
    ✓ tapOn: text="Fetch with Policy" (945ms)
    ✓ takeScreenshot (90ms)
[log] 2026-10-09 14:53:28.688 Df Landmarks[21185:4a2216] [com.apple.dt.xctest:Default] Received attributes request for element: AX element pid: 21185, elementOrHash.elementID: 4695497504.460. Attributes: (
[log]     "XC_kAXXCAttributeValue"
[log] )
[log] 2026-10-09 14:53:28.688 Df Landmarks[21185:4a2216] [com.apple.dt.xctest:Default] XCTPerformOnMainRunLoop[not MT]: about to CFRunLoopPerform
[log] 2026-10-09 14:53:28.688 Df Landmarks[21185:4a2216] [com.apple.dt.xctest:Default] XCTPerformOnMainRunLoop[not MT]: waiting with 30.00s responsiveness timeout
[log] 2026-10-09 14:53:28.688 Df Landmarks[21185:4a219a] [com.apple.dt.xctest:Default] XCTPerformOnMainRunLoop[MT]: inside CFRunLoopPerform
[log] 2026-10-09 14:53:28.688 Df Landmarks[21185:4a219a] [com.apple.dt.xctest:Default] XCTPerformOnMainRunLoop[MT]: MT responded in time (won the race to the busy flag)
[log] 2026-10-09 14:53:28.688 Df Landmarks[21185:4a2216] [com.apple.dt.xctest:Default] XCTPerformOnMainRunLoop[not MT]: waiting 60.00s for work to complete
[log] 2026-10-09 14:53:28.688 Df Landmarks[21185:4a219a] [com.apple.dt.xctest:Default] Fetching AX attributes XC_kAXXCAttributeValue for AX element pid: 21185, elementOrHash.elementID: 4695497504.460
[log] 2026-10-09 14:53:28.688 Df Landmarks[21185:4a219a] [com.apple.dt.xctest:Default] Got attributes, transferring to dictionary for return.
[log] 2026-10-09 14:53:28.688 Df Landmarks[21185:4a2216] [com.apple.dt.xctest:Default] Replying with attribute values: {
[log] }
[log] 2026-10-09 14:53:28.689 Df Landmarks[21185:4a2216] [com.apple.dt.xctest:Default] Received attributes request for element: AX element pid: 21185, elementOrHash.elementID: 4695497504.460. Attributes: (
[log]     "XC_kAXXCAttributePlaceholderValue"
[log] )
[log] 2026-10-09 14:53:28.689 Df Landmarks[21185:4a2216] [com.apple.dt.xctest:Default] XCTPerformOnMainRunLoop[not MT]: about to CFRunLoopPerform
[log] 2026-10-09 14:53:28.689 Df Landmarks[21185:4a2216] [com.apple.dt.xctest:Default] XCTPerformOnMainRunLoop[not MT]: waiting with 30.00s responsiveness timeout
[log] 2026-10-09 14:53:28.689 Df Landmarks[21185:4a219a] [com.apple.dt.xctest:Default] XCTPerformOnMainRunLoop[MT]: inside CFRunLoopPerform
[log] 2026-10-09 14:53:28.689 Df Landmarks[21185:4a219a] [com.apple.dt.xctest:Default] XCTPerformOnMainRunLoop[MT]: MT responded in time (won the race to the busy flag)
[log] 2026-10-09 14:53:28.689 Df Landmarks[21185:4a2216] [com.apple.dt.xctest:Default] XCTPerformOnMainRunLoop[not MT]: waiting 60.00s for work to complete
[log] 2026-10-09 14:53:28.689 Df Landmarks[21185:4a219a] [com.apple.dt.xctest:Default] Fetching AX attributes XC_kAXXCAttributePlaceholderValue for AX element pid: 21185, elementOrHash.elementID: 4695497504.460
[log] 2026-10-09 14:53:28.689 Df Landmarks[21185:4a219a] [com.apple.dt.xctest:Default] Got attributes, transferring to dictionary for return.
[log] 2026-10-09 14:53:28.689 Df Landmarks[21185:4a2216] [com.apple.dt.xctest:Default] Replying with attribute values: {
[log] }
[log] 2026-10-09 14:53:28.858 Df Landmarks[21185:4a2215] [com.apple.dt.xctest:Default] Received attributes request for element: AX element pid: 21185, elementOrHash.elementID: 4695497504.460. Attributes: (
[log]     "XC_kAXXCAttributeValue"
[log] )
[log] 2026-10-09 14:53:28.858 Df Landmarks[21185:4a2215] [com.apple.dt.xctest:Default] XCTPerformOnMainRunLoop[not MT]: about to CFRunLoopPerform
[log] 2026-10-09 14:53:28.858 Df Landmarks[21185:4a2215] [com.apple.dt.xctest:Default] XCTPerformOnMainRunLoop[not MT]: waiting with 30.00s responsiveness timeout
[log] 2026-10-09 14:53:28.858 Df Landmarks[21185:4a219a] [com.apple.dt.xctest:Default] XCTPerformOnMainRunLoop[MT]: inside CFRunLoopPerform
[log] 2026-10-09 14:53:28.858 Df Landmarks[21185:4a219a] [com.apple.dt.xctest:Default] XCTPerformOnMainRunLoop[MT]: MT responded in time (won the race to the busy flag)
[log] 2026-10-09 14:53:28.858 Df Landmarks[21185:4a2215] [com.apple.dt.xctest:Default] XCTPerformOnMainRunLoop[not MT]: waiting 60.00s for work to complete
[log] 2026-10-09 14:53:28.858 Df Landmarks[21185:4a219a] [com.apple.dt.xctest:Default] Fetching AX attributes XC_kAXXCAttributeValue for AX element pid: 21185, elementOrHash.elementID: 4695497504.460
[log] 2026-10-09 14:53:28.858 Df Landmarks[21185:4a219a] [com.apple.dt.xctest:Default] Got attributes, transferring to dictionary for return.
[log] 2026-10-09 14:53:28.858 Df Landmarks[21185:4a2215] [com.apple.dt.xctest:Default] Replying with attribute values: {
[log] }
[log] 2026-10-09 14:53:28.859 Df Landmarks[21185:4a2215] [com.apple.dt.xctest:Default] Received attributes request for element: AX element pid: 21185, elementOrHash.elementID: 4695497504.460. Attributes: (
[log]     "XC_kAXXCAttributePlaceholderValue"
[log] )
[log] 2026-10-09 14:53:28.859 Df Landmarks[21185:4a2215] [com.apple.dt.xctest:Default] XCTPerformOnMainRunLoop[not MT]: about to CFRunLoopPerform
[log] 2026-10-09 14:53:28.859 Df Landmarks[21185:4a2215] [com.apple.dt.xctest:Default] XCTPerformOnMainRunLoop[not MT]: waiting with 30.00s responsiveness timeout
[log] 2026-10-09 14:53:28.859 Df Landmarks[21185:4a219a] [com.apple.dt.xctest:Default] XCTPerformOnMainRunLoop[MT]: inside CFRunLoopPerform
[log] 2026-10-09 14:53:28.859 Df Landmarks[21185:4a219a] [com.apple.dt.xctest:Default] XCTPerformOnMainRunLoop[MT]: MT responded in time (won the race to the busy flag)
[log] 2026-10-09 14:53:28.859 Df Landmarks[21185:4a2215] [com.apple.dt.xctest:Default] XCTPerformOnMainRunLoop[not MT]: waiting 60.00s for work to complete
[log] 2026-10-09 14:53:28.859 Df Landmarks[21185:4a219a] [com.apple.dt.xctest:Default] Fetching AX attributes XC_kAXXCAttributePlaceholderValue for AX element pid: 21185, elementOrHash.elementID: 4695497504.460
[log] 2026-10-09 14:53:28.859 Df Landmarks[21185:4a219a] [com.apple.dt.xctest:Default] Got attributes, transferring to dictionary for return.
[log] 2026-10-09 14:53:28.859 Df Landmarks[21185:4a2215] [com.apple.dt.xctest:Default] Replying with attribute values: {
[log] }
[log] 2026-10-09 14:53:29.138 Df Landmarks[21185:4a2215] [com.apple.dt.xctest:Default] Received attributes request for element: AX element pid: 21185, elementOrHash.elementID: 4695497504.460. Attributes: (
[log]     "XC_kAXXCAttributeValue"
[log] )
[log] 2026-10-09 14:53:29.138 Df Landmarks[21185:4a2215] [com.apple.dt.xctest:Default] XCTPerformOnMainRunLoop[not MT]: about to CFRunLoopPerform
[log] 2026-10-09 14:53:29.138 Df Landmarks[21185:4a2215] [com.apple.dt.xctest:Default] XCTPerformOnMainRunLoop[not MT]: waiting with 30.00s responsiveness timeout
[log] 2026-10-09 14:53:29.138 Df Landmarks[21185:4a219a] [com.apple.dt.xctest:Default] XCTPerformOnMainRunLoop[MT]: inside CFRunLoopPerform
[log] 2026-10-09 14:53:29.138 Df Landmarks[21185:4a219a] [com.apple.dt.xctest:Default] XCTPerformOnMainRunLoop[MT]: MT responded in time (won the race to the busy flag)
[log] 2026-10-09 14:53:29.138 Df Landmarks[21185:4a2215] [com.apple.dt.xctest:Default] XCTPerformOnMainRunLoop[not MT]: waiting 60.00s for work to complete
[log] 2026-10-09 14:53:29.138 Df Landmarks[21185:4a219a] [com.apple.dt.xctest:Default] Fetching AX attributes XC_kAXXCAttributeValue for AX element pid: 21185, elementOrHash.elementID: 4695497504.460
[log] 2026-10-09 14:53:29.138 Df Landmarks[21185:4a219a] [com.apple.dt.xctest:Default] Got attributes, transferring to dictionary for return.
[log] 2026-10-09 14:53:29.138 Df Landmarks[21185:4a2215] [com.apple.dt.xctest:Default] Replying with attribute values: {
[log] }
[log] 2026-10-09 14:53:29.140 Df Landmarks[21185:4a2215] [com.apple.dt.xctest:Default] Received attributes request for element: AX element pid: 21185, elementOrHash.elementID: 4695497504.460. Attributes: (
[log]     "XC_kAXXCAttributePlaceholderValue"
[log] )
[log] 2026-10-09 14:53:29.140 Df Landmarks[21185:4a2215] [com.apple.dt.xctest:Default] XCTPerformOnMainRunLoop[not MT]: about to CFRunLoopPerform
[log] 2026-10-09 14:53:29.140 Df Landmarks[21185:4a2215] [com.apple.dt.xctest:Default] XCTPerformOnMainRunLoop[not MT]: waiting with 30.00s responsiveness timeout
[log] 2026-10-09 14:53:29.140 Df Landmarks[21185:4a219a] [com.apple.dt.xctest:Default] XCTPerformOnMainRunLoop[MT]: inside CFRunLoopPerform
[log] 2026-10-09 14:53:29.140 Df Landmarks[21185:4a219a] [com.apple.dt.xctest:Default] XCTPerformOnMainRunLoop[MT]: MT responded in time (won the race to the busy flag)
[log] 2026-10-09 14:53:29.140 Df Landmarks[21185:4a2215] [com.apple.dt.xctest:Default] XCTPerformOnMainRunLoop[not MT]: waiting 60.00s for work to complete
[log] 2026-10-09 14:53:29.140 Df Landmarks[21185:4a219a] [com.apple.dt.xctest:Default] Fetching AX attributes XC_kAXXCAttributePlaceholderValue for AX element pid: 21185, elementOrHash.elementID: 4695497504.460
[log] 2026-10-09 14:53:29.140 Df Landmarks[21185:4a219a] [com.apple.dt.xctest:Default] Got attributes, transferring to dictionary for return.
[log] 2026-10-09 14:53:29.140 Df Landmarks[21185:4a2215] [com.apple.dt.xctest:Default] Replying with attribute values: {
[log] }
[log] 2026-10-09 14:53:29.179 Df Landmarks[21185:4a219a] [com.apple.FrontBoard:SceneClient] [(FBSceneManager):sceneID:com.kylebrowning.Landmarks-08DF3506-3839-4E40-9DCD-332E40DBE140] Sending action(s): BLSInvalidateFrameSpecifiersAction
[log] 2026-10-09 14:53:29.305 Df Landmarks[21185:4a2216] [com.apple.dt.xctest:Default] Received attributes request for element: AX element pid: 21185, elementOrHash.elementID: 4695497504.460. Attributes: (
[log]     "XC_kAXXCAttributeVisiblePoint"
[log] )
[log] 2026-10-09 14:53:29.305 Df Landmarks[21185:4a2216] [com.apple.dt.xctest:Default] XCTPerformOnMainRunLoop[not MT]: about to CFRunLoopPerform
[log] 2026-10-09 14:53:29.305 Df Landmarks[21185:4a2216] [com.apple.dt.xctest:Default] XCTPerformOnMainRunLoop[not MT]: waiting with 30.00s responsiveness timeout
[log] 2026-10-09 14:53:29.305 Df Landmarks[21185:4a219a] [com.apple.dt.xctest:Default] XCTPerformOnMainRunLoop[MT]: inside CFRunLoopPerform
[log] 2026-10-09 14:53:29.305 Df Landmarks[21185:4a219a] [com.apple.dt.xctest:Default] XCTPerformOnMainRunLoop[MT]: MT responded in time (won the race to the busy flag)
[log] 2026-10-09 14:53:29.305 Df Landmarks[21185:4a2216] [com.apple.dt.xctest:Default] XCTPerformOnMainRunLoop[not MT]: waiting 60.00s for work to complete
[log] 2026-10-09 14:53:29.305 Df Landmarks[21185:4a219a] [com.apple.dt.xctest:Default] Fetching AX attributes XC_kAXXCAttributeVisiblePoint for AX element pid: 21185, elementOrHash.elementID: 4695497504.460
[log] 2026-10-09 14:53:29.307 Df Landmarks[21185:4a219a] [com.apple.dt.xctest:Default] Got attributes, transferring to dictionary for return.
[log] 2026-10-09 14:53:29.307 Df Landmarks[21185:4a2216] [com.apple.dt.xctest:Default] Replying with attribute values: {
[log]     "XC_kAXXCAttributeVisiblePoint" =     {
[log]         X = 201;
[log]         Y = "726.3333333333334";
[log]     };
[log] }
[log] 2026-10-09 14:53:29.317 Df Landmarks[21185:4a219a] [com.apple.KeyboardArbiter:Client] TX focusApplication (peekAppEvent) stealKB:Y scene:com.kylebrowning.Landmarks-08DF3506-3839-4E40-9DCD-332E40DBE140
[log] 2026-10-09 14:53:29.317 Df Landmarks[21185:4a219a] [com.apple.UIKit:EventDispatch] Evaluating dispatch of UIEvent: 0x600003d013b0; type: 0; subtype: 0; backing type: 11; shouldSend: 1; ignoreInteractionEvents: 0, systemGestureStateChange: 0
[log] 2026-10-09 14:53:29.317 Df Landmarks[21185:4a219a] [com.apple.UIKit:EventDispatch] Sending UIEvent type: 0; subtype: 0; to windows: 1
[log] 2026-10-09 14:53:29.317 Df Landmarks[21185:4a219a] [com.apple.UIKit:EventDispatch] Sending UIEvent type: 0; subtype: 0; to window: <UIWindow: 0x10353b6d0>; contextId: 0x4CC7B43C
[log] 2026-10-09 14:53:29.319 Df Landmarks[21185:4a219a] [com.apple.UIKit:EventDispatch] Evaluating dispatch of UIEvent: 0x600003d013b0; type: 0; subtype: 0; backing type: 11; shouldSend: 0; ignoreInteractionEvents: 0, systemGestureStateChange: 0
[log] 2026-10-09 14:53:29.350 Df Landmarks[21185:4a219a] [com.apple.UIKit:EventDispatch] Evaluating dispatch of UIEvent: 0x600003d013b0; type: 0; subtype: 0; backing type: 11; shouldSend: 0; ignoreInteractionEvents: 0, systemGestureStateChange: 0
[log] 2026-10-09 14:53:29.367 Df Landmarks[21185:4a219a] [com.apple.UIKit:EventDispatch] Evaluating dispatch of UIEvent: 0x600003d013b0; type: 0; subtype: 0; backing type: 11; shouldSend: 0; ignoreInteractionEvents: 0, systemGestureStateChange: 0
[log] 2026-10-09 14:53:29.383 Df Landmarks[21185:4a219a] [com.apple.UIKit:EventDispatch] Evaluating dispatch of UIEvent: 0x600003d013b0; type: 0; subtype: 0; backing type: 11; shouldSend: 0; ignoreInteractionEvents: 0, systemGestureStateChange: 0
[log] 2026-10-09 14:53:29.400 Df Landmarks[21185:4a219a] [com.apple.UIKit:EventDispatch] Evaluating dispatch of UIEvent: 0x600003d013b0; type: 0; subtype: 0; backing type: 11; shouldSend: 0; ignoreInteractionEvents: 0, systemGestureStateChange: 0
[log] 2026-10-09 14:53:29.400 Df Landmarks[21185:4a219a] [com.apple.UIKit:EventDispatch] Evaluating dispatch of UIEvent: 0x600003d013b0; type: 0; subtype: 0; backing type: 11; shouldSend: 1; ignoreInteractionEvents: 0, systemGestureStateChange: 0
[log] 2026-10-09 14:53:29.400 Df Landmarks[21185:4a219a] [com.apple.UIKit:EventDispatch] Sending UIEvent type: 0; subtype: 0; to windows: 1
[log] 2026-10-09 14:53:29.400 Df Landmarks[21185:4a219a] [com.apple.UIKit:EventDispatch] Sending UIEvent type: 0; subtype: 0; to window: <UIWindow: 0x10353b6d0>; contextId: 0x4CC7B43C
[log] 2026-10-09 14:53:29.401 Df Landmarks[21185:4a219a] [com.apple.UIKit:EventDispatch] Evaluating dispatch of UIEvent: 0x600003d013b0; type: 0; subtype: 0; backing type: 11; shouldSend: 0; ignoreInteractionEvents: 0, systemGestureStateChange: 1
    ✓ tapOn: text="Clear Cache" (974ms)
✓ 08-caching 9.4s

  [1/1] 08-caching (.maestro/08-caching.yaml) - Device: qa-ios-1 (ios 26.0 Simulator)
  ────────────────────────────────────────────────────────────
    ✓ launchApp (1.9s)
    ✓ tapOn (1.2s)
    ✓ tapOn (856ms)
    ✓ assertVisible (564ms)
    ✓ tapOn (945ms)
    ✓ takeScreenshot (90ms)
    ✓ tapOn (974ms)
✓ 08-caching 6.6s

  7 steps passing (9.4s)

════════════════════════════════════════════════════════════════════════════════════════════════════════════════════
  Flow                           Status   Steps   Pass   Fail   Skip   Duration  Device
────────────────────────────────────────────────────────────────────────────────────────────────────────────────────
  08-caching                     ✓ PASS       7      7      0      0       9.4s  qa-ios-1 (ios 26.0 Simulator)
────────────────────────────────────────────────────────────────────────────────────────────────────────────────────
  TOTAL                             1/1       7      7      0      0       9.4s
════════════════════════════════════════════════════════════════════════════════════════════════════════════════════

  ✓ Tests completed. Generating reports...

  Reports: /var/folders/jv/76l6crmx6nl3hf150gzry_ym0000gn/T/grantiva-report-A9C1FF63-CA6A-424A-9C52-48940A0D7707
    ├── report.json
    ├── junit-report.xml
    └── allure-results/

  Paths:
    JSON:   /var/folders/jv/76l6crmx6nl3hf150gzry_ym0000gn/T/grantiva-report-A9C1FF63-CA6A-424A-9C52-48940A0D7707/report.json
    JUnit:  /var/folders/jv/76l6crmx6nl3hf150gzry_ym0000gn/T/grantiva-report-A9C1FF63-CA6A-424A-9C52-48940A0D7707/junit-report.xml
    Allure: /var/folders/jv/76l6crmx6nl3hf150gzry_ym0000gn/T/grantiva-report-A9C1FF63-CA6A-424A-9C52-48940A0D7707/allure-results

  Built by Grantiva

[log] 2026-10-09 14:53:29.622 Df Landmarks[21185:4a2216] [com.apple.xpc:connection] [0x103307460] invalidated because the client process (pid 20999) either cancelled the connection or exited
[log] 2026-10-09 14:53:29.622 Df Landmarks[21185:4a2216] [com.apple.dt.xctest:Default] Connection from client with pid 20999 was invalidated.
[log] 2026-10-09 14:53:29.624 Df Landmarks[21185:4a2215] [com.apple.dt.automationmode:Default] Handling posted change notification (com.apple.dt.automationmode.state-changed)
[log] 2026-10-09 14:53:29.625 Df Landmarks[21185:4a2215] [com.apple.dt.automationmode:Default] XAM shared observer connecting to com.apple.dt.automationmode.reader
[log] 2026-10-09 14:53:29.625 Df Landmarks[21185:4a2215] [com.apple.xpc:connection] [0x10352a890] activating connection: mach=true listener=false peer=false name=com.apple.dt.automationmode.reader
[log] 2026-10-09 14:53:29.626 Df Landmarks[21185:4a2215] [com.apple.xpc:connection] [0x10352a890] invalidated because the current process cancelled the connection by calling xpc_connection_cancel()
[log] 2026-10-09 14:53:29.626 Df Landmarks[21185:4a2215] [com.apple.dt.automationmode:Default] Comparing previous enabled state (1) to current enabled state (0)
[log] 2026-10-09 14:53:29.626 Df Landmarks[21185:4a2216] [com.apple.dt.xctest:Default] Automation Mode has been disabled, existing connections will be invalidated.
