14:10:22.783894 [INFO] === Test execution started ===
14:10:22.783958 [INFO] Output directory: /Users/kyle/Developer/grantiva-cli/.worktrees/qa-ios/findings/evidence/IOS-029/rep
14:10:22.783965 [INFO] Platform: ios
14:10:22.783970 [INFO] Driver: uiautomator2
14:10:22.785338 [INFO] Validated 12 flow(s)
14:10:22.964704 [INFO] Single device execution mode
14:10:22.964720 [INFO] Starting flow execution (parallel: false, devices: [])
14:10:22.964727 [INFO] Creating driver for single device execution
14:10:22.964732 [INFO] Using specified iOS device: 6EEDCB1A-E693-488A-B34C-5A0AB5DE9400
14:10:23.108176 [INFO] Device 6EEDCB1A-E693-488A-B34C-5A0AB5DE9400 is a simulator
14:10:23.108272 [INFO] Building WDA for device 6EEDCB1A-E693-488A-B34C-5A0AB5DE9400 (team ID: )
14:10:23.348939 [INFO] WDA build completed successfully
14:10:23.348967 [INFO] Starting WDA on device 6EEDCB1A-E693-488A-B34C-5A0AB5DE9400 (port: 8876)
14:10:25.615468 [INFO] WDA started successfully on port 8876
14:10:26.032432 [DEBUG] WDA GET /window/size
14:10:26.084602 [DEBUG] WDA GET /window/size completed (52ms, status: 200)
14:10:26.084679 [INFO] Driver created: ios on qa-ios-1
14:10:26.089827 [INFO] === Starting flow: 01-browse ===
14:10:26.089834 [INFO] Flow file: /var/folders/jv/76l6crmx6nl3hf150gzry_ym0000gn/T/grantiva-64A37E70-1F0D-4D55-AC5F-5B43685E4F7F/0/01-browse.yaml
14:10:26.089837 [INFO] Total steps: 8
14:10:26.089942 [DEBUG] WDA POST /appium/settings body={"settings":{"shouldWaitForQuiescence":false,"waitForIdleTimeout":0}}
14:10:26.090533 [DEBUG] WDA POST /appium/settings completed (0ms, status: 404)
14:10:26.090579 [DEBUG] WDA POST /session body={"capabilities":{"alwaysMatch":{"bundleId":"com.kylebrowning.Landmarks","defaultAlertAction":"accept...
14:10:28.682371 [DEBUG] WDA POST /session completed (2591ms, status: 200)
14:10:28.682455 [DEBUG] WDA POST /session/C64A131B-1339-4A16-B89A-036D86FF3A9C/appium/settings body={"settings":{"shouldWaitForQuiescence":false,"waitForIdleTimeout":0}}
14:10:28.885185 [DEBUG] WDA POST /session/C64A131B-1339-4A16-B89A-036D86FF3A9C/appium/settings completed (202ms, status: 200)
14:10:28.885640 [DEBUG] Executing step 0: launchApp
14:10:29.537016 [DEBUG] [wda] launchApp com.kylebrowning.Landmarks: argv=[] env=map[]
14:10:29.537144 [DEBUG] WDA POST /session/C64A131B-1339-4A16-B89A-036D86FF3A9C/appium/settings body={"settings":{"acceptAlertButtonSelector":"**/XCUIElementTypeButton[`label BEGINSWITH[c] 'Allow' OR l...
14:10:29.537846 [DEBUG] WDA POST /session/C64A131B-1339-4A16-B89A-036D86FF3A9C/appium/settings completed (0ms, status: 200)
14:10:29.537935 [DEBUG] WDA POST /session/C64A131B-1339-4A16-B89A-036D86FF3A9C/wda/apps/launch body={"bundleId":"com.kylebrowning.Landmarks"}
14:10:31.087285 [DEBUG] WDA POST /session/C64A131B-1339-4A16-B89A-036D86FF3A9C/wda/apps/launch completed (1549ms, status: 200)
14:10:31.087424 [DEBUG] Step 0 completed successfully (2201ms): launchApp
14:10:31.089261 [DEBUG] Executing step 1: assertVisible: text="Landmarks"
14:10:31.090008 [DEBUG] Flutter: parallel search (text="Landmarks", id="")
14:10:31.090062 [DEBUG] WDA POST /session/C64A131B-1339-4A16-B89A-036D86FF3A9C/element body={"using":"predicate string","value":"(label CONTAINS[c] 'Landmarks' OR name CONTAINS[c] 'Landmarks' ...
14:10:31.333766 [DEBUG] WDA POST /session/C64A131B-1339-4A16-B89A-036D86FF3A9C/element completed (243ms, status: 200)
14:10:31.333840 [DEBUG] WDA GET /session/C64A131B-1339-4A16-B89A-036D86FF3A9C/element/01000000-0000-0000-B245-000000000000/name
14:10:31.333859 [DEBUG] WDA GET /session/C64A131B-1339-4A16-B89A-036D86FF3A9C/element/01000000-0000-0000-B245-000000000000/rect
14:10:31.333884 [DEBUG] WDA GET /session/C64A131B-1339-4A16-B89A-036D86FF3A9C/element/01000000-0000-0000-B245-000000000000/text
14:10:31.333917 [DEBUG] WDA GET /session/C64A131B-1339-4A16-B89A-036D86FF3A9C/element/01000000-0000-0000-B245-000000000000/displayed
14:10:31.394949 [DEBUG] WDA GET /session/C64A131B-1339-4A16-B89A-036D86FF3A9C/element/01000000-0000-0000-B245-000000000000/name completed (61ms, status: 200)
14:10:31.422850 [DEBUG] WDA GET /session/C64A131B-1339-4A16-B89A-036D86FF3A9C/element/01000000-0000-0000-B245-000000000000/text completed (88ms, status: 200)
14:10:31.487561 [DEBUG] WDA GET /session/C64A131B-1339-4A16-B89A-036D86FF3A9C/element/01000000-0000-0000-B245-000000000000/rect completed (153ms, status: 200)
14:10:31.547007 [DEBUG] WDA GET /session/C64A131B-1339-4A16-B89A-036D86FF3A9C/element/01000000-0000-0000-B245-000000000000/displayed completed (213ms, status: 200)
14:10:32.162514 [DEBUG] Flutter fallback: failed to get trees: no Flutter VM service found
14:10:32.162631 [DEBUG] Step 1 completed successfully (1073ms): assertVisible: text="Landmarks"
14:10:32.163783 [DEBUG] Executing step 2: assertVisible: text="Featured"
14:10:32.164106 [DEBUG] WDA POST /session/C64A131B-1339-4A16-B89A-036D86FF3A9C/element body={"using":"predicate string","value":"(label CONTAINS[c] 'Featured' OR name CONTAINS[c] 'Featured' OR...
14:10:32.259491 [DEBUG] WDA POST /session/C64A131B-1339-4A16-B89A-036D86FF3A9C/element completed (95ms, status: 200)
14:10:32.259663 [DEBUG] WDA GET /session/C64A131B-1339-4A16-B89A-036D86FF3A9C/element/87000000-0000-0000-B245-000000000000/name
14:10:32.259706 [DEBUG] WDA GET /session/C64A131B-1339-4A16-B89A-036D86FF3A9C/element/87000000-0000-0000-B245-000000000000/text
14:10:32.259768 [DEBUG] WDA GET /session/C64A131B-1339-4A16-B89A-036D86FF3A9C/element/87000000-0000-0000-B245-000000000000/rect
14:10:32.259807 [DEBUG] WDA GET /session/C64A131B-1339-4A16-B89A-036D86FF3A9C/element/87000000-0000-0000-B245-000000000000/displayed
14:10:32.307232 [DEBUG] WDA GET /session/C64A131B-1339-4A16-B89A-036D86FF3A9C/element/87000000-0000-0000-B245-000000000000/name completed (47ms, status: 200)
14:10:32.351534 [DEBUG] WDA GET /session/C64A131B-1339-4A16-B89A-036D86FF3A9C/element/87000000-0000-0000-B245-000000000000/text completed (91ms, status: 200)
14:10:32.408574 [DEBUG] WDA GET /session/C64A131B-1339-4A16-B89A-036D86FF3A9C/element/87000000-0000-0000-B245-000000000000/displayed completed (148ms, status: 200)
14:10:32.456581 [DEBUG] WDA GET /session/C64A131B-1339-4A16-B89A-036D86FF3A9C/element/87000000-0000-0000-B245-000000000000/rect completed (196ms, status: 200)
14:10:32.456636 [DEBUG] Step 2 completed successfully (292ms): assertVisible: text="Featured"
14:10:32.456997 [DEBUG] Executing step 3: takeScreenshot
14:10:32.457217 [DEBUG] WDA GET /session/C64A131B-1339-4A16-B89A-036D86FF3A9C/screenshot
14:10:32.527226 [DEBUG] WDA GET /session/C64A131B-1339-4A16-B89A-036D86FF3A9C/screenshot completed (70ms, status: 200)
14:10:32.532024 [DEBUG] Step 3 completed successfully (75ms): takeScreenshot
14:10:32.532696 [DEBUG] Executing step 4: tapOn: text="Golden Gate Bridge"
14:10:32.533358 [DEBUG] WDA POST /session/C64A131B-1339-4A16-B89A-036D86FF3A9C/element body={"using":"class chain","value":"**/XCUIElementTypeSecureTextField[`(label CONTAINS[c] 'Golden Gate B...
14:10:32.533406 [DEBUG] WDA POST /session/C64A131B-1339-4A16-B89A-036D86FF3A9C/element body={"using":"predicate string","value":"((type == 'XCUIElementTypeTextField' OR type == 'XCUIElementTyp...
14:10:32.533607 [DEBUG] WDA POST /session/C64A131B-1339-4A16-B89A-036D86FF3A9C/element body={"using":"class chain","value":"**/XCUIElementTypeTextField[`(label CONTAINS[c] 'Golden Gate Bridge'...
14:10:32.533772 [DEBUG] WDA POST /session/C64A131B-1339-4A16-B89A-036D86FF3A9C/element body={"using":"class chain","value":"**/XCUIElementTypeButton[`(label ==[c] 'Golden Gate Bridge' OR name ...
14:10:32.578935 [DEBUG] WDA POST /session/C64A131B-1339-4A16-B89A-036D86FF3A9C/element completed (45ms, status: 404)
14:10:32.623536 [DEBUG] WDA POST /session/C64A131B-1339-4A16-B89A-036D86FF3A9C/element completed (89ms, status: 404)
14:10:32.669472 [DEBUG] WDA POST /session/C64A131B-1339-4A16-B89A-036D86FF3A9C/element completed (136ms, status: 404)
14:10:32.712504 [DEBUG] WDA POST /session/C64A131B-1339-4A16-B89A-036D86FF3A9C/element completed (178ms, status: 404)
14:10:32.712701 [DEBUG] WDA POST /session/C64A131B-1339-4A16-B89A-036D86FF3A9C/element body={"using":"predicate string","value":"(label == 'Golden Gate Bridge' OR name == 'Golden Gate Bridge' ...
14:10:32.810309 [DEBUG] WDA POST /session/C64A131B-1339-4A16-B89A-036D86FF3A9C/element completed (97ms, status: 200)
14:10:32.810394 [DEBUG] WDA GET /session/C64A131B-1339-4A16-B89A-036D86FF3A9C/element/93000000-0000-0000-B245-000000000000/name
14:10:32.810436 [DEBUG] WDA GET /session/C64A131B-1339-4A16-B89A-036D86FF3A9C/element/93000000-0000-0000-B245-000000000000/text
14:10:32.810505 [DEBUG] WDA GET /session/C64A131B-1339-4A16-B89A-036D86FF3A9C/element/93000000-0000-0000-B245-000000000000/rect
14:10:32.810540 [DEBUG] WDA GET /session/C64A131B-1339-4A16-B89A-036D86FF3A9C/element/93000000-0000-0000-B245-000000000000/displayed
14:10:32.856114 [DEBUG] WDA GET /session/C64A131B-1339-4A16-B89A-036D86FF3A9C/element/93000000-0000-0000-B245-000000000000/name completed (45ms, status: 200)
14:10:32.899453 [DEBUG] WDA GET /session/C64A131B-1339-4A16-B89A-036D86FF3A9C/element/93000000-0000-0000-B245-000000000000/text completed (89ms, status: 200)
14:10:32.948089 [DEBUG] WDA GET /session/C64A131B-1339-4A16-B89A-036D86FF3A9C/element/93000000-0000-0000-B245-000000000000/displayed completed (137ms, status: 200)
14:10:32.993273 [DEBUG] WDA GET /session/C64A131B-1339-4A16-B89A-036D86FF3A9C/element/93000000-0000-0000-B245-000000000000/rect completed (182ms, status: 200)
14:10:32.993363 [DEBUG] WDA POST /session/C64A131B-1339-4A16-B89A-036D86FF3A9C/element/93000000-0000-0000-B245-000000000000/click body=
14:10:33.376147 [DEBUG] WDA POST /session/C64A131B-1339-4A16-B89A-036D86FF3A9C/element/93000000-0000-0000-B245-000000000000/click completed (382ms, status: 200)
14:10:33.376190 [DEBUG] Step 4 completed successfully (843ms): tapOn: text="Golden Gate Bridge"
14:10:33.376668 [DEBUG] Executing step 5: assertVisible: text="San Francisco, CA"
14:10:33.377007 [DEBUG] WDA POST /session/C64A131B-1339-4A16-B89A-036D86FF3A9C/element body={"using":"predicate string","value":"(label CONTAINS[c] 'San Francisco, CA' OR name CONTAINS[c] 'San...
14:10:33.610719 [DEBUG] WDA POST /session/C64A131B-1339-4A16-B89A-036D86FF3A9C/element completed (233ms, status: 200)
14:10:33.610771 [DEBUG] WDA GET /session/C64A131B-1339-4A16-B89A-036D86FF3A9C/element/CD000000-0000-0000-B245-000000000000/name
14:10:33.610806 [DEBUG] WDA GET /session/C64A131B-1339-4A16-B89A-036D86FF3A9C/element/CD000000-0000-0000-B245-000000000000/rect
14:10:33.610836 [DEBUG] WDA GET /session/C64A131B-1339-4A16-B89A-036D86FF3A9C/element/CD000000-0000-0000-B245-000000000000/text
14:10:33.610858 [DEBUG] WDA GET /session/C64A131B-1339-4A16-B89A-036D86FF3A9C/element/CD000000-0000-0000-B245-000000000000/displayed
14:10:33.676426 [DEBUG] WDA GET /session/C64A131B-1339-4A16-B89A-036D86FF3A9C/element/CD000000-0000-0000-B245-000000000000/name completed (65ms, status: 200)
14:10:33.745194 [DEBUG] WDA GET /session/C64A131B-1339-4A16-B89A-036D86FF3A9C/element/CD000000-0000-0000-B245-000000000000/rect completed (134ms, status: 200)
14:10:33.784739 [DEBUG] WDA GET /session/C64A131B-1339-4A16-B89A-036D86FF3A9C/element/CD000000-0000-0000-B245-000000000000/displayed completed (173ms, status: 200)
14:10:33.819159 [DEBUG] WDA GET /session/C64A131B-1339-4A16-B89A-036D86FF3A9C/element/CD000000-0000-0000-B245-000000000000/text completed (208ms, status: 200)
14:10:33.819236 [DEBUG] Step 5 completed successfully (442ms): assertVisible: text="San Francisco, CA"
14:10:33.819891 [DEBUG] Executing step 6: assertVisible: text="Plan Visit"
14:10:33.820403 [DEBUG] WDA POST /session/C64A131B-1339-4A16-B89A-036D86FF3A9C/element body={"using":"predicate string","value":"(label CONTAINS[c] 'Plan Visit' OR name CONTAINS[c] 'Plan Visit...
14:10:33.892543 [DEBUG] WDA POST /session/C64A131B-1339-4A16-B89A-036D86FF3A9C/element completed (72ms, status: 200)
14:10:33.892631 [DEBUG] WDA GET /session/C64A131B-1339-4A16-B89A-036D86FF3A9C/element/D1000000-0000-0000-B245-000000000000/name
14:10:33.892674 [DEBUG] WDA GET /session/C64A131B-1339-4A16-B89A-036D86FF3A9C/element/D1000000-0000-0000-B245-000000000000/text
14:10:33.892733 [DEBUG] WDA GET /session/C64A131B-1339-4A16-B89A-036D86FF3A9C/element/D1000000-0000-0000-B245-000000000000/rect
14:10:33.892780 [DEBUG] WDA GET /session/C64A131B-1339-4A16-B89A-036D86FF3A9C/element/D1000000-0000-0000-B245-000000000000/displayed
14:10:33.927509 [DEBUG] WDA GET /session/C64A131B-1339-4A16-B89A-036D86FF3A9C/element/D1000000-0000-0000-B245-000000000000/name completed (34ms, status: 200)
14:10:33.961504 [DEBUG] WDA GET /session/C64A131B-1339-4A16-B89A-036D86FF3A9C/element/D1000000-0000-0000-B245-000000000000/text completed (68ms, status: 200)
14:10:34.001304 [DEBUG] WDA GET /session/C64A131B-1339-4A16-B89A-036D86FF3A9C/element/D1000000-0000-0000-B245-000000000000/displayed completed (108ms, status: 200)
14:10:34.037758 [DEBUG] WDA GET /session/C64A131B-1339-4A16-B89A-036D86FF3A9C/element/D1000000-0000-0000-B245-000000000000/rect completed (145ms, status: 200)
14:10:34.037828 [DEBUG] Step 6 completed successfully (217ms): assertVisible: text="Plan Visit"
14:10:34.038447 [DEBUG] Executing step 7: takeScreenshot
14:10:34.040960 [DEBUG] WDA GET /session/C64A131B-1339-4A16-B89A-036D86FF3A9C/screenshot
14:10:34.128915 [DEBUG] WDA GET /session/C64A131B-1339-4A16-B89A-036D86FF3A9C/screenshot completed (87ms, status: 200)
14:10:34.141735 [DEBUG] Step 7 completed successfully (103ms): takeScreenshot
14:10:34.151537 [INFO] === Flow completed: 01-browse (status: passed, duration: 8061ms, passed: 8, failed: 0, skipped: 0) ===
14:10:34.151554 [INFO] === Starting flow: 02-favorite ===
14:10:34.151560 [INFO] Flow file: /var/folders/jv/76l6crmx6nl3hf150gzry_ym0000gn/T/grantiva-64A37E70-1F0D-4D55-AC5F-5B43685E4F7F/1/02-favorite.yaml
14:10:34.151564 [INFO] Total steps: 13
14:10:34.151711 [DEBUG] WDA POST /session/C64A131B-1339-4A16-B89A-036D86FF3A9C/appium/settings body={"settings":{"shouldWaitForQuiescence":false,"waitForIdleTimeout":0}}
14:10:34.152301 [DEBUG] WDA POST /session/C64A131B-1339-4A16-B89A-036D86FF3A9C/appium/settings completed (0ms, status: 200)
14:10:34.152694 [DEBUG] Executing step 0: launchApp
14:10:34.759623 [DEBUG] [wda] launchApp com.kylebrowning.Landmarks: argv=[] env=map[]
14:10:34.759714 [DEBUG] WDA POST /session/C64A131B-1339-4A16-B89A-036D86FF3A9C/appium/settings body={"settings":{"acceptAlertButtonSelector":"**/XCUIElementTypeButton[`label BEGINSWITH[c] 'Allow' OR l...
14:10:34.760342 [DEBUG] WDA POST /session/C64A131B-1339-4A16-B89A-036D86FF3A9C/appium/settings completed (0ms, status: 200)
14:10:34.760436 [DEBUG] WDA POST /session/C64A131B-1339-4A16-B89A-036D86FF3A9C/wda/apps/launch body={"bundleId":"com.kylebrowning.Landmarks"}
14:10:36.315460 [DEBUG] WDA POST /session/C64A131B-1339-4A16-B89A-036D86FF3A9C/wda/apps/launch completed (1555ms, status: 200)
14:10:36.315582 [DEBUG] Step 0 completed successfully (2162ms): launchApp
14:10:36.316242 [DEBUG] Executing step 1: tapOn: text="Lake Tahoe"
14:10:36.316859 [DEBUG] WDA POST /session/C64A131B-1339-4A16-B89A-036D86FF3A9C/element body={"using":"predicate string","value":"((type == 'XCUIElementTypeTextField' OR type == 'XCUIElementTyp...
14:10:36.316893 [DEBUG] WDA POST /session/C64A131B-1339-4A16-B89A-036D86FF3A9C/element body={"using":"class chain","value":"**/XCUIElementTypeSecureTextField[`(label CONTAINS[c] 'Lake Tahoe' O...
14:10:36.316922 [DEBUG] WDA POST /session/C64A131B-1339-4A16-B89A-036D86FF3A9C/element body={"using":"class chain","value":"**/XCUIElementTypeButton[`(label ==[c] 'Lake Tahoe' OR name ==[c] 'L...
14:10:36.317006 [DEBUG] WDA POST /session/C64A131B-1339-4A16-B89A-036D86FF3A9C/element body={"using":"class chain","value":"**/XCUIElementTypeTextField[`(label CONTAINS[c] 'Lake Tahoe' OR valu...
14:10:36.513884 [DEBUG] WDA POST /session/C64A131B-1339-4A16-B89A-036D86FF3A9C/element completed (197ms, status: 404)
14:10:36.558314 [DEBUG] WDA POST /session/C64A131B-1339-4A16-B89A-036D86FF3A9C/element completed (241ms, status: 404)
14:10:36.603529 [DEBUG] WDA POST /session/C64A131B-1339-4A16-B89A-036D86FF3A9C/element completed (286ms, status: 404)
14:10:36.649688 [DEBUG] WDA POST /session/C64A131B-1339-4A16-B89A-036D86FF3A9C/element completed (332ms, status: 404)
14:10:36.650151 [DEBUG] WDA POST /session/C64A131B-1339-4A16-B89A-036D86FF3A9C/element body={"using":"predicate string","value":"(label == 'Lake Tahoe' OR name == 'Lake Tahoe' OR value == 'Lak...
14:10:36.750617 [DEBUG] WDA POST /session/C64A131B-1339-4A16-B89A-036D86FF3A9C/element completed (100ms, status: 200)
14:10:36.750713 [DEBUG] WDA GET /session/C64A131B-1339-4A16-B89A-036D86FF3A9C/element/AB000000-0000-0000-8B46-000000000000/name
14:10:36.750759 [DEBUG] WDA GET /session/C64A131B-1339-4A16-B89A-036D86FF3A9C/element/AB000000-0000-0000-8B46-000000000000/rect
14:10:36.750805 [DEBUG] WDA GET /session/C64A131B-1339-4A16-B89A-036D86FF3A9C/element/AB000000-0000-0000-8B46-000000000000/displayed
14:10:36.750861 [DEBUG] WDA GET /session/C64A131B-1339-4A16-B89A-036D86FF3A9C/element/AB000000-0000-0000-8B46-000000000000/text
14:10:36.798305 [DEBUG] WDA GET /session/C64A131B-1339-4A16-B89A-036D86FF3A9C/element/AB000000-0000-0000-8B46-000000000000/name completed (47ms, status: 200)
14:10:36.850032 [DEBUG] WDA GET /session/C64A131B-1339-4A16-B89A-036D86FF3A9C/element/AB000000-0000-0000-8B46-000000000000/displayed completed (99ms, status: 200)
14:10:36.895559 [DEBUG] WDA GET /session/C64A131B-1339-4A16-B89A-036D86FF3A9C/element/AB000000-0000-0000-8B46-000000000000/rect completed (144ms, status: 200)
14:10:36.939830 [DEBUG] WDA GET /session/C64A131B-1339-4A16-B89A-036D86FF3A9C/element/AB000000-0000-0000-8B46-000000000000/text completed (189ms, status: 200)
14:10:36.939918 [DEBUG] WDA POST /session/C64A131B-1339-4A16-B89A-036D86FF3A9C/element/AB000000-0000-0000-8B46-000000000000/click body=
14:10:37.335364 [DEBUG] WDA POST /session/C64A131B-1339-4A16-B89A-036D86FF3A9C/element/AB000000-0000-0000-8B46-000000000000/click completed (395ms, status: 200)
14:10:37.335431 [DEBUG] Step 1 completed successfully (1019ms): tapOn: text="Lake Tahoe"
14:10:37.336231 [DEBUG] Executing step 2: tapOn: text="Favorite"
14:10:37.337891 [DEBUG] WDA POST /session/C64A131B-1339-4A16-B89A-036D86FF3A9C/element body={"using":"predicate string","value":"((type == 'XCUIElementTypeTextField' OR type == 'XCUIElementTyp...
14:10:37.338103 [DEBUG] WDA POST /session/C64A131B-1339-4A16-B89A-036D86FF3A9C/element body={"using":"class chain","value":"**/XCUIElementTypeTextField[`(label CONTAINS[c] 'Favorite' OR value ...
14:10:37.338163 [DEBUG] WDA POST /session/C64A131B-1339-4A16-B89A-036D86FF3A9C/element body={"using":"class chain","value":"**/XCUIElementTypeSecureTextField[`(label CONTAINS[c] 'Favorite' OR ...
14:10:37.338290 [DEBUG] WDA POST /session/C64A131B-1339-4A16-B89A-036D86FF3A9C/element body={"using":"class chain","value":"**/XCUIElementTypeButton[`(label ==[c] 'Favorite' OR name ==[c] 'Fav...
14:10:37.492647 [DEBUG] WDA POST /session/C64A131B-1339-4A16-B89A-036D86FF3A9C/element completed (154ms, status: 200)
14:10:37.557475 [DEBUG] WDA POST /session/C64A131B-1339-4A16-B89A-036D86FF3A9C/element completed (219ms, status: 404)
14:10:37.708818 [DEBUG] WDA POST /session/C64A131B-1339-4A16-B89A-036D86FF3A9C/element completed (370ms, status: 200)
14:10:37.763150 [DEBUG] WDA POST /session/C64A131B-1339-4A16-B89A-036D86FF3A9C/element completed (424ms, status: 404)
14:10:37.763265 [DEBUG] WDA GET /session/C64A131B-1339-4A16-B89A-036D86FF3A9C/element/BD000000-0000-0000-8B46-000000000000/name
14:10:37.763334 [DEBUG] WDA GET /session/C64A131B-1339-4A16-B89A-036D86FF3A9C/element/BD000000-0000-0000-8B46-000000000000/rect
14:10:37.763393 [DEBUG] WDA GET /session/C64A131B-1339-4A16-B89A-036D86FF3A9C/element/BD000000-0000-0000-8B46-000000000000/text
14:10:37.763455 [DEBUG] WDA GET /session/C64A131B-1339-4A16-B89A-036D86FF3A9C/element/BD000000-0000-0000-8B46-000000000000/displayed
14:10:37.804195 [DEBUG] WDA GET /session/C64A131B-1339-4A16-B89A-036D86FF3A9C/element/BD000000-0000-0000-8B46-000000000000/name completed (40ms, status: 200)
14:10:37.842789 [DEBUG] WDA GET /session/C64A131B-1339-4A16-B89A-036D86FF3A9C/element/BD000000-0000-0000-8B46-000000000000/rect completed (79ms, status: 200)
14:10:37.879666 [DEBUG] WDA GET /session/C64A131B-1339-4A16-B89A-036D86FF3A9C/element/BD000000-0000-0000-8B46-000000000000/text completed (116ms, status: 200)
14:10:37.931443 [DEBUG] WDA GET /session/C64A131B-1339-4A16-B89A-036D86FF3A9C/element/BD000000-0000-0000-8B46-000000000000/displayed completed (168ms, status: 200)
14:10:37.931513 [DEBUG] WDA POST /session/C64A131B-1339-4A16-B89A-036D86FF3A9C/element/BD000000-0000-0000-8B46-000000000000/click body=
14:10:38.309291 [DEBUG] WDA POST /session/C64A131B-1339-4A16-B89A-036D86FF3A9C/element/BD000000-0000-0000-8B46-000000000000/click completed (377ms, status: 200)
14:10:38.309454 [DEBUG] Step 2 completed successfully (973ms): tapOn: text="Favorite"
14:10:38.310327 [DEBUG] Executing step 3: assertVisible: text="Unfavorite"
14:10:38.311002 [DEBUG] WDA POST /session/C64A131B-1339-4A16-B89A-036D86FF3A9C/element body={"using":"predicate string","value":"(label CONTAINS[c] 'Unfavorite' OR name CONTAINS[c] 'Unfavorite...
14:10:38.347918 [DEBUG] WDA POST /session/C64A131B-1339-4A16-B89A-036D86FF3A9C/element completed (36ms, status: 404)
14:10:38.348021 [DEBUG] WDA GET /session/C64A131B-1339-4A16-B89A-036D86FF3A9C/source
14:10:38.802593 [DEBUG] WDA GET /session/C64A131B-1339-4A16-B89A-036D86FF3A9C/source completed (454ms, status: 200)
14:10:38.854968 [DEBUG] WDA POST /session/C64A131B-1339-4A16-B89A-036D86FF3A9C/element body={"using":"predicate string","value":"(label CONTAINS[c] 'Unfavorite' OR name CONTAINS[c] 'Unfavorite...
14:10:38.927809 [DEBUG] WDA POST /session/C64A131B-1339-4A16-B89A-036D86FF3A9C/element completed (72ms, status: 200)
14:10:38.927863 [DEBUG] WDA GET /session/C64A131B-1339-4A16-B89A-036D86FF3A9C/element/B7000000-0000-0000-8B46-000000000000/name
14:10:38.927893 [DEBUG] WDA GET /session/C64A131B-1339-4A16-B89A-036D86FF3A9C/element/B7000000-0000-0000-8B46-000000000000/rect
14:10:38.927916 [DEBUG] WDA GET /session/C64A131B-1339-4A16-B89A-036D86FF3A9C/element/B7000000-0000-0000-8B46-000000000000/text
14:10:38.927938 [DEBUG] WDA GET /session/C64A131B-1339-4A16-B89A-036D86FF3A9C/element/B7000000-0000-0000-8B46-000000000000/displayed
14:10:38.961046 [DEBUG] WDA GET /session/C64A131B-1339-4A16-B89A-036D86FF3A9C/element/B7000000-0000-0000-8B46-000000000000/name completed (33ms, status: 200)
14:10:38.993821 [DEBUG] WDA GET /session/C64A131B-1339-4A16-B89A-036D86FF3A9C/element/B7000000-0000-0000-8B46-000000000000/rect completed (65ms, status: 200)
14:10:39.025003 [DEBUG] WDA GET /session/C64A131B-1339-4A16-B89A-036D86FF3A9C/element/B7000000-0000-0000-8B46-000000000000/text completed (97ms, status: 200)
14:10:39.065412 [DEBUG] WDA GET /session/C64A131B-1339-4A16-B89A-036D86FF3A9C/element/B7000000-0000-0000-8B46-000000000000/displayed completed (137ms, status: 200)
14:10:39.065493 [DEBUG] Step 3 completed successfully (755ms): assertVisible: text="Unfavorite"
14:10:39.066235 [DEBUG] Executing step 4: tapOn: text="Landmarks"
14:10:39.066893 [DEBUG] WDA POST /session/C64A131B-1339-4A16-B89A-036D86FF3A9C/element body={"using":"predicate string","value":"((type == 'XCUIElementTypeTextField' OR type == 'XCUIElementTyp...
14:10:39.067006 [DEBUG] WDA POST /session/C64A131B-1339-4A16-B89A-036D86FF3A9C/element body={"using":"class chain","value":"**/XCUIElementTypeTextField[`(label CONTAINS[c] 'Landmarks' OR value...
14:10:39.067070 [DEBUG] WDA POST /session/C64A131B-1339-4A16-B89A-036D86FF3A9C/element body={"using":"class chain","value":"**/XCUIElementTypeSecureTextField[`(label CONTAINS[c] 'Landmarks' OR...
14:10:39.067149 [DEBUG] WDA POST /session/C64A131B-1339-4A16-B89A-036D86FF3A9C/element body={"using":"class chain","value":"**/XCUIElementTypeButton[`(label ==[c] 'Landmarks' OR name ==[c] 'La...
14:10:39.131349 [DEBUG] WDA POST /session/C64A131B-1339-4A16-B89A-036D86FF3A9C/element completed (64ms, status: 200)
14:10:39.162684 [DEBUG] WDA POST /session/C64A131B-1339-4A16-B89A-036D86FF3A9C/element completed (95ms, status: 404)
14:10:39.233592 [DEBUG] WDA POST /session/C64A131B-1339-4A16-B89A-036D86FF3A9C/element completed (166ms, status: 200)
14:10:39.268490 [DEBUG] WDA POST /session/C64A131B-1339-4A16-B89A-036D86FF3A9C/element completed (201ms, status: 404)
14:10:39.268587 [DEBUG] WDA GET /session/C64A131B-1339-4A16-B89A-036D86FF3A9C/element/B6000000-0000-0000-8B46-000000000000/name
14:10:39.268640 [DEBUG] WDA GET /session/C64A131B-1339-4A16-B89A-036D86FF3A9C/element/B6000000-0000-0000-8B46-000000000000/rect
14:10:39.268662 [DEBUG] WDA GET /session/C64A131B-1339-4A16-B89A-036D86FF3A9C/element/B6000000-0000-0000-8B46-000000000000/text
14:10:39.268693 [DEBUG] WDA GET /session/C64A131B-1339-4A16-B89A-036D86FF3A9C/element/B6000000-0000-0000-8B46-000000000000/displayed
14:10:39.306100 [DEBUG] WDA GET /session/C64A131B-1339-4A16-B89A-036D86FF3A9C/element/B6000000-0000-0000-8B46-000000000000/name completed (37ms, status: 200)
14:10:39.342576 [DEBUG] WDA GET /session/C64A131B-1339-4A16-B89A-036D86FF3A9C/element/B6000000-0000-0000-8B46-000000000000/rect completed (73ms, status: 200)
14:10:39.373676 [DEBUG] WDA GET /session/C64A131B-1339-4A16-B89A-036D86FF3A9C/element/B6000000-0000-0000-8B46-000000000000/text completed (105ms, status: 200)
14:10:39.413836 [DEBUG] WDA GET /session/C64A131B-1339-4A16-B89A-036D86FF3A9C/element/B6000000-0000-0000-8B46-000000000000/displayed completed (145ms, status: 200)
14:10:39.413924 [DEBUG] WDA POST /session/C64A131B-1339-4A16-B89A-036D86FF3A9C/element/B6000000-0000-0000-8B46-000000000000/click body=
14:10:39.775662 [DEBUG] WDA POST /session/C64A131B-1339-4A16-B89A-036D86FF3A9C/element/B6000000-0000-0000-8B46-000000000000/click completed (361ms, status: 200)
14:10:39.775737 [DEBUG] Step 4 completed successfully (709ms): tapOn: text="Landmarks"
14:10:39.776527 [DEBUG] Executing step 5: tapOn: text="Favorites"
14:10:39.777115 [DEBUG] WDA POST /session/C64A131B-1339-4A16-B89A-036D86FF3A9C/element body={"using":"predicate string","value":"((type == 'XCUIElementTypeTextField' OR type == 'XCUIElementTyp...
14:10:39.777144 [DEBUG] WDA POST /session/C64A131B-1339-4A16-B89A-036D86FF3A9C/element body={"using":"class chain","value":"**/XCUIElementTypeSecureTextField[`(label CONTAINS[c] 'Favorites' OR...
14:10:39.777169 [DEBUG] WDA POST /session/C64A131B-1339-4A16-B89A-036D86FF3A9C/element body={"using":"class chain","value":"**/XCUIElementTypeButton[`(label ==[c] 'Favorites' OR name ==[c] 'Fa...
14:10:39.777200 [DEBUG] WDA POST /session/C64A131B-1339-4A16-B89A-036D86FF3A9C/element body={"using":"class chain","value":"**/XCUIElementTypeTextField[`(label CONTAINS[c] 'Favorites' OR value...
14:10:39.830522 [DEBUG] WDA POST /session/C64A131B-1339-4A16-B89A-036D86FF3A9C/element completed (53ms, status: 404)
14:10:39.884523 [DEBUG] WDA POST /session/C64A131B-1339-4A16-B89A-036D86FF3A9C/element completed (107ms, status: 404)
14:10:39.945124 [DEBUG] WDA POST /session/C64A131B-1339-4A16-B89A-036D86FF3A9C/element completed (167ms, status: 404)
14:10:40.000337 [DEBUG] WDA POST /session/C64A131B-1339-4A16-B89A-036D86FF3A9C/element completed (223ms, status: 404)
14:10:40.000944 [DEBUG] WDA POST /session/C64A131B-1339-4A16-B89A-036D86FF3A9C/element body={"using":"predicate string","value":"(label == 'Favorites' OR name == 'Favorites' OR value == 'Favor...
14:10:40.057122 [DEBUG] WDA POST /session/C64A131B-1339-4A16-B89A-036D86FF3A9C/element completed (56ms, status: 404)
14:10:40.057216 [DEBUG] WDA POST /session/C64A131B-1339-4A16-B89A-036D86FF3A9C/element body={"using":"predicate string","value":"(label CONTAINS[c] 'Favorites' OR name CONTAINS[c] 'Favorites' ...
14:10:40.127736 [DEBUG] WDA POST /session/C64A131B-1339-4A16-B89A-036D86FF3A9C/element completed (70ms, status: 404)
14:10:40.127826 [DEBUG] WDA GET /session/C64A131B-1339-4A16-B89A-036D86FF3A9C/source
14:10:41.115874 [DEBUG] WDA GET /session/C64A131B-1339-4A16-B89A-036D86FF3A9C/source completed (988ms, status: 200)
14:10:41.117548 [DEBUG] WDA POST /session/C64A131B-1339-4A16-B89A-036D86FF3A9C/wda/tap body={"x":201,"y":822}
14:10:41.539598 [DEBUG] WDA POST /session/C64A131B-1339-4A16-B89A-036D86FF3A9C/wda/tap completed (422ms, status: 200)
14:10:41.539683 [DEBUG] Step 5 completed successfully (1763ms): tapOn: text="Favorites"
14:10:41.540588 [DEBUG] Executing step 6: assertVisible: text="Lake Tahoe"
14:10:41.541545 [DEBUG] WDA POST /session/C64A131B-1339-4A16-B89A-036D86FF3A9C/element body={"using":"predicate string","value":"(label CONTAINS[c] 'Lake Tahoe' OR name CONTAINS[c] 'Lake Tahoe...
14:10:41.610413 [DEBUG] WDA POST /session/C64A131B-1339-4A16-B89A-036D86FF3A9C/element completed (68ms, status: 200)
14:10:41.610487 [DEBUG] WDA GET /session/C64A131B-1339-4A16-B89A-036D86FF3A9C/element/0E010000-0000-0000-8B46-000000000000/name
14:10:41.610519 [DEBUG] WDA GET /session/C64A131B-1339-4A16-B89A-036D86FF3A9C/element/0E010000-0000-0000-8B46-000000000000/rect
14:10:41.610540 [DEBUG] WDA GET /session/C64A131B-1339-4A16-B89A-036D86FF3A9C/element/0E010000-0000-0000-8B46-000000000000/text
14:10:41.610566 [DEBUG] WDA GET /session/C64A131B-1339-4A16-B89A-036D86FF3A9C/element/0E010000-0000-0000-8B46-000000000000/displayed
14:10:41.638664 [DEBUG] WDA GET /session/C64A131B-1339-4A16-B89A-036D86FF3A9C/element/0E010000-0000-0000-8B46-000000000000/name completed (28ms, status: 200)
14:10:41.665417 [DEBUG] WDA GET /session/C64A131B-1339-4A16-B89A-036D86FF3A9C/element/0E010000-0000-0000-8B46-000000000000/rect completed (54ms, status: 200)
14:10:41.693999 [DEBUG] WDA GET /session/C64A131B-1339-4A16-B89A-036D86FF3A9C/element/0E010000-0000-0000-8B46-000000000000/displayed completed (83ms, status: 200)
14:10:41.718612 [DEBUG] WDA GET /session/C64A131B-1339-4A16-B89A-036D86FF3A9C/element/0E010000-0000-0000-8B46-000000000000/text completed (108ms, status: 200)
14:10:41.718722 [DEBUG] Step 6 completed successfully (178ms): assertVisible: text="Lake Tahoe"
14:10:41.719473 [DEBUG] Executing step 7: takeScreenshot
14:10:41.719906 [DEBUG] WDA GET /session/C64A131B-1339-4A16-B89A-036D86FF3A9C/screenshot
14:10:41.786636 [DEBUG] WDA GET /session/C64A131B-1339-4A16-B89A-036D86FF3A9C/screenshot completed (66ms, status: 200)
14:10:41.788985 [DEBUG] Step 7 completed successfully (69ms): takeScreenshot
14:10:41.789924 [DEBUG] Executing step 8: swipe: LEFT
14:10:41.792049 [DEBUG] WDA POST /session/C64A131B-1339-4A16-B89A-036D86FF3A9C/wda/dragfromtoforduration body={"duration":0.1,"fromX":361.8,"fromY":437,"toX":40.2,"toY":437}
14:10:42.890985 [DEBUG] WDA POST /session/C64A131B-1339-4A16-B89A-036D86FF3A9C/wda/dragfromtoforduration completed (1098ms, status: 200)
14:10:42.891135 [DEBUG] Step 8 completed successfully (1101ms): swipe: LEFT
14:10:42.892541 [DEBUG] Executing step 9: tapOn: text="Remove"
14:10:42.893343 [DEBUG] WDA POST /session/C64A131B-1339-4A16-B89A-036D86FF3A9C/element body={"using":"class chain","value":"**/XCUIElementTypeSecureTextField[`(label CONTAINS[c] 'Remove' OR va...
14:10:42.893405 [DEBUG] WDA POST /session/C64A131B-1339-4A16-B89A-036D86FF3A9C/element body={"using":"predicate string","value":"((type == 'XCUIElementTypeTextField' OR type == 'XCUIElementTyp...
14:10:42.893459 [DEBUG] WDA POST /session/C64A131B-1339-4A16-B89A-036D86FF3A9C/element body={"using":"class chain","value":"**/XCUIElementTypeTextField[`(label CONTAINS[c] 'Remove' OR value CO...
14:10:42.893486 [DEBUG] WDA POST /session/C64A131B-1339-4A16-B89A-036D86FF3A9C/element body={"using":"class chain","value":"**/XCUIElementTypeButton[`(label ==[c] 'Remove' OR name ==[c] 'Remov...
14:10:42.931156 [DEBUG] WDA POST /session/C64A131B-1339-4A16-B89A-036D86FF3A9C/element completed (37ms, status: 404)
14:10:42.956214 [DEBUG] WDA POST /session/C64A131B-1339-4A16-B89A-036D86FF3A9C/element completed (62ms, status: 404)
14:10:42.980288 [DEBUG] WDA POST /session/C64A131B-1339-4A16-B89A-036D86FF3A9C/element completed (86ms, status: 404)
14:10:43.004150 [DEBUG] WDA POST /session/C64A131B-1339-4A16-B89A-036D86FF3A9C/element completed (110ms, status: 404)
14:10:43.004276 [DEBUG] WDA POST /session/C64A131B-1339-4A16-B89A-036D86FF3A9C/element body={"using":"predicate string","value":"(label == 'Remove' OR name == 'Remove' OR value == 'Remove')"}
14:10:43.030692 [DEBUG] WDA POST /session/C64A131B-1339-4A16-B89A-036D86FF3A9C/element completed (26ms, status: 404)
14:10:43.030779 [DEBUG] WDA POST /session/C64A131B-1339-4A16-B89A-036D86FF3A9C/element body={"using":"predicate string","value":"(label CONTAINS[c] 'Remove' OR name CONTAINS[c] 'Remove' OR val...
14:10:43.056331 [DEBUG] WDA POST /session/C64A131B-1339-4A16-B89A-036D86FF3A9C/element completed (25ms, status: 404)
14:10:43.056412 [DEBUG] WDA GET /session/C64A131B-1339-4A16-B89A-036D86FF3A9C/source
14:10:43.272301 [DEBUG] WDA GET /session/C64A131B-1339-4A16-B89A-036D86FF3A9C/source completed (215ms, status: 200)
14:10:43.273104 [DEBUG] WDA POST /session/C64A131B-1339-4A16-B89A-036D86FF3A9C/element body={"using":"class chain","value":"**/XCUIElementTypeSecureTextField[`(label CONTAINS[c] 'Remove' OR va...
14:10:43.273123 [DEBUG] WDA POST /session/C64A131B-1339-4A16-B89A-036D86FF3A9C/element body={"using":"class chain","value":"**/XCUIElementTypeButton[`(label ==[c] 'Remove' OR name ==[c] 'Remov...
14:10:43.273137 [DEBUG] WDA POST /session/C64A131B-1339-4A16-B89A-036D86FF3A9C/element body={"using":"predicate string","value":"((type == 'XCUIElementTypeTextField' OR type == 'XCUIElementTyp...
14:10:43.273167 [DEBUG] WDA POST /session/C64A131B-1339-4A16-B89A-036D86FF3A9C/element body={"using":"class chain","value":"**/XCUIElementTypeTextField[`(label CONTAINS[c] 'Remove' OR value CO...
14:10:43.310068 [DEBUG] WDA POST /session/C64A131B-1339-4A16-B89A-036D86FF3A9C/element completed (36ms, status: 404)
14:10:43.332672 [DEBUG] WDA POST /session/C64A131B-1339-4A16-B89A-036D86FF3A9C/element completed (59ms, status: 404)
14:10:43.353758 [DEBUG] WDA POST /session/C64A131B-1339-4A16-B89A-036D86FF3A9C/element completed (80ms, status: 404)
14:10:43.375780 [DEBUG] WDA POST /session/C64A131B-1339-4A16-B89A-036D86FF3A9C/element completed (102ms, status: 404)
14:10:43.375879 [DEBUG] WDA POST /session/C64A131B-1339-4A16-B89A-036D86FF3A9C/element body={"using":"predicate string","value":"(label == 'Remove' OR name == 'Remove' OR value == 'Remove')"}
14:10:43.400870 [DEBUG] WDA POST /session/C64A131B-1339-4A16-B89A-036D86FF3A9C/element completed (24ms, status: 404)
14:10:43.401009 [DEBUG] WDA POST /session/C64A131B-1339-4A16-B89A-036D86FF3A9C/element body={"using":"predicate string","value":"(label CONTAINS[c] 'Remove' OR name CONTAINS[c] 'Remove' OR val...
14:10:43.424929 [DEBUG] WDA POST /session/C64A131B-1339-4A16-B89A-036D86FF3A9C/element completed (23ms, status: 404)
14:10:43.425054 [DEBUG] WDA GET /session/C64A131B-1339-4A16-B89A-036D86FF3A9C/source
14:10:43.633683 [DEBUG] WDA GET /session/C64A131B-1339-4A16-B89A-036D86FF3A9C/source completed (208ms, status: 200)
14:10:43.634491 [DEBUG] WDA POST /session/C64A131B-1339-4A16-B89A-036D86FF3A9C/element body={"using":"predicate string","value":"((type == 'XCUIElementTypeTextField' OR type == 'XCUIElementTyp...
14:10:43.634593 [DEBUG] WDA POST /session/C64A131B-1339-4A16-B89A-036D86FF3A9C/element body={"using":"class chain","value":"**/XCUIElementTypeSecureTextField[`(label CONTAINS[c] 'Remove' OR va...
14:10:43.634632 [DEBUG] WDA POST /session/C64A131B-1339-4A16-B89A-036D86FF3A9C/element body={"using":"class chain","value":"**/XCUIElementTypeButton[`(label ==[c] 'Remove' OR name ==[c] 'Remov...
14:10:43.634694 [DEBUG] WDA POST /session/C64A131B-1339-4A16-B89A-036D86FF3A9C/element body={"using":"class chain","value":"**/XCUIElementTypeTextField[`(label CONTAINS[c] 'Remove' OR value CO...
14:10:43.657413 [DEBUG] WDA POST /session/C64A131B-1339-4A16-B89A-036D86FF3A9C/element completed (22ms, status: 404)
14:10:43.678458 [DEBUG] WDA POST /session/C64A131B-1339-4A16-B89A-036D86FF3A9C/element completed (43ms, status: 404)
14:10:43.699338 [DEBUG] WDA POST /session/C64A131B-1339-4A16-B89A-036D86FF3A9C/element completed (64ms, status: 404)
14:10:43.719812 [DEBUG] WDA POST /session/C64A131B-1339-4A16-B89A-036D86FF3A9C/element completed (85ms, status: 404)
14:10:43.719977 [DEBUG] WDA POST /session/C64A131B-1339-4A16-B89A-036D86FF3A9C/element body={"using":"predicate string","value":"(label == 'Remove' OR name == 'Remove' OR value == 'Remove')"}
14:10:43.742972 [DEBUG] WDA POST /session/C64A131B-1339-4A16-B89A-036D86FF3A9C/element completed (23ms, status: 404)
14:10:43.743122 [DEBUG] WDA POST /session/C64A131B-1339-4A16-B89A-036D86FF3A9C/element body={"using":"predicate string","value":"(label CONTAINS[c] 'Remove' OR name CONTAINS[c] 'Remove' OR val...
14:10:43.766276 [DEBUG] WDA POST /session/C64A131B-1339-4A16-B89A-036D86FF3A9C/element completed (23ms, status: 404)
14:10:43.766461 [DEBUG] WDA GET /session/C64A131B-1339-4A16-B89A-036D86FF3A9C/source
14:10:43.973973 [DEBUG] WDA GET /session/C64A131B-1339-4A16-B89A-036D86FF3A9C/source completed (207ms, status: 200)
14:10:43.975326 [DEBUG] WDA POST /session/C64A131B-1339-4A16-B89A-036D86FF3A9C/element body={"using":"predicate string","value":"((type == 'XCUIElementTypeTextField' OR type == 'XCUIElementTyp...
14:10:43.975374 [DEBUG] WDA POST /session/C64A131B-1339-4A16-B89A-036D86FF3A9C/element body={"using":"class chain","value":"**/XCUIElementTypeSecureTextField[`(label CONTAINS[c] 'Remove' OR va...
14:10:43.975412 [DEBUG] WDA POST /session/C64A131B-1339-4A16-B89A-036D86FF3A9C/element body={"using":"class chain","value":"**/XCUIElementTypeButton[`(label ==[c] 'Remove' OR name ==[c] 'Remov...
14:10:43.975439 [DEBUG] WDA POST /session/C64A131B-1339-4A16-B89A-036D86FF3A9C/element body={"using":"class chain","value":"**/XCUIElementTypeTextField[`(label CONTAINS[c] 'Remove' OR value CO...
14:10:43.998892 [DEBUG] WDA POST /session/C64A131B-1339-4A16-B89A-036D86FF3A9C/element completed (23ms, status: 404)
14:10:44.020887 [DEBUG] WDA POST /session/C64A131B-1339-4A16-B89A-036D86FF3A9C/element completed (45ms, status: 404)
14:10:44.043452 [DEBUG] WDA POST /session/C64A131B-1339-4A16-B89A-036D86FF3A9C/element completed (68ms, status: 404)
14:10:44.065377 [DEBUG] WDA POST /session/C64A131B-1339-4A16-B89A-036D86FF3A9C/element completed (90ms, status: 404)
14:10:44.065463 [DEBUG] WDA POST /session/C64A131B-1339-4A16-B89A-036D86FF3A9C/element body={"using":"predicate string","value":"(label == 'Remove' OR name == 'Remove' OR value == 'Remove')"}
14:10:44.089642 [DEBUG] WDA POST /session/C64A131B-1339-4A16-B89A-036D86FF3A9C/element completed (24ms, status: 404)
14:10:44.089766 [DEBUG] WDA POST /session/C64A131B-1339-4A16-B89A-036D86FF3A9C/element body={"using":"predicate string","value":"(label CONTAINS[c] 'Remove' OR name CONTAINS[c] 'Remove' OR val...
14:10:44.113291 [DEBUG] WDA POST /session/C64A131B-1339-4A16-B89A-036D86FF3A9C/element completed (23ms, status: 404)
14:10:44.113412 [DEBUG] WDA GET /session/C64A131B-1339-4A16-B89A-036D86FF3A9C/source
14:10:44.341130 [DEBUG] WDA GET /session/C64A131B-1339-4A16-B89A-036D86FF3A9C/source completed (227ms, status: 200)
14:10:44.342234 [DEBUG] WDA POST /session/C64A131B-1339-4A16-B89A-036D86FF3A9C/element body={"using":"predicate string","value":"((type == 'XCUIElementTypeTextField' OR type == 'XCUIElementTyp...
14:10:44.342262 [DEBUG] WDA POST /session/C64A131B-1339-4A16-B89A-036D86FF3A9C/element body={"using":"class chain","value":"**/XCUIElementTypeButton[`(label ==[c] 'Remove' OR name ==[c] 'Remov...
14:10:44.342303 [DEBUG] WDA POST /session/C64A131B-1339-4A16-B89A-036D86FF3A9C/element body={"using":"class chain","value":"**/XCUIElementTypeTextField[`(label CONTAINS[c] 'Remove' OR value CO...
14:10:44.342410 [DEBUG] WDA POST /session/C64A131B-1339-4A16-B89A-036D86FF3A9C/element body={"using":"class chain","value":"**/XCUIElementTypeSecureTextField[`(label CONTAINS[c] 'Remove' OR va...
14:10:44.365949 [DEBUG] WDA POST /session/C64A131B-1339-4A16-B89A-036D86FF3A9C/element completed (23ms, status: 404)
14:10:44.388438 [DEBUG] WDA POST /session/C64A131B-1339-4A16-B89A-036D86FF3A9C/element completed (46ms, status: 404)
14:10:44.410946 [DEBUG] WDA POST /session/C64A131B-1339-4A16-B89A-036D86FF3A9C/element completed (68ms, status: 404)
14:10:44.432633 [DEBUG] WDA POST /session/C64A131B-1339-4A16-B89A-036D86FF3A9C/element completed (90ms, status: 404)
14:10:44.432712 [DEBUG] WDA POST /session/C64A131B-1339-4A16-B89A-036D86FF3A9C/element body={"using":"predicate string","value":"(label == 'Remove' OR name == 'Remove' OR value == 'Remove')"}
14:10:44.456636 [DEBUG] WDA POST /session/C64A131B-1339-4A16-B89A-036D86FF3A9C/element completed (23ms, status: 404)
14:10:44.456779 [DEBUG] WDA POST /session/C64A131B-1339-4A16-B89A-036D86FF3A9C/element body={"using":"predicate string","value":"(label CONTAINS[c] 'Remove' OR name CONTAINS[c] 'Remove' OR val...
14:10:44.480416 [DEBUG] WDA POST /session/C64A131B-1339-4A16-B89A-036D86FF3A9C/element completed (23ms, status: 404)
14:10:44.480771 [DEBUG] WDA GET /session/C64A131B-1339-4A16-B89A-036D86FF3A9C/source
14:10:44.697405 [DEBUG] WDA GET /session/C64A131B-1339-4A16-B89A-036D86FF3A9C/source completed (216ms, status: 200)
14:10:44.697789 [DEBUG] WDA POST /session/C64A131B-1339-4A16-B89A-036D86FF3A9C/element body={"using":"class chain","value":"**/XCUIElementTypeButton[`(label ==[c] 'Remove' OR name ==[c] 'Remov...
14:10:44.697797 [DEBUG] WDA POST /session/C64A131B-1339-4A16-B89A-036D86FF3A9C/element body={"using":"predicate string","value":"((type == 'XCUIElementTypeTextField' OR type == 'XCUIElementTyp...
14:10:44.697811 [DEBUG] WDA POST /session/C64A131B-1339-4A16-B89A-036D86FF3A9C/element body={"using":"class chain","value":"**/XCUIElementTypeSecureTextField[`(label CONTAINS[c] 'Remove' OR va...
14:10:44.697834 [DEBUG] WDA POST /session/C64A131B-1339-4A16-B89A-036D86FF3A9C/element body={"using":"class chain","value":"**/XCUIElementTypeTextField[`(label CONTAINS[c] 'Remove' OR value CO...
14:10:44.723103 [DEBUG] WDA POST /session/C64A131B-1339-4A16-B89A-036D86FF3A9C/element completed (25ms, status: 404)
14:10:44.746022 [DEBUG] WDA POST /session/C64A131B-1339-4A16-B89A-036D86FF3A9C/element completed (48ms, status: 404)
14:10:44.768314 [DEBUG] WDA POST /session/C64A131B-1339-4A16-B89A-036D86FF3A9C/element completed (70ms, status: 404)
14:10:44.790550 [DEBUG] WDA POST /session/C64A131B-1339-4A16-B89A-036D86FF3A9C/element completed (92ms, status: 404)
14:10:44.790635 [DEBUG] WDA POST /session/C64A131B-1339-4A16-B89A-036D86FF3A9C/element body={"using":"predicate string","value":"(label == 'Remove' OR name == 'Remove' OR value == 'Remove')"}
14:10:44.815599 [DEBUG] WDA POST /session/C64A131B-1339-4A16-B89A-036D86FF3A9C/element completed (24ms, status: 404)
14:10:44.815700 [DEBUG] WDA POST /session/C64A131B-1339-4A16-B89A-036D86FF3A9C/element body={"using":"predicate string","value":"(label CONTAINS[c] 'Remove' OR name CONTAINS[c] 'Remove' OR val...
14:10:44.840709 [DEBUG] WDA POST /session/C64A131B-1339-4A16-B89A-036D86FF3A9C/element completed (25ms, status: 404)
14:10:44.840777 [DEBUG] WDA GET /session/C64A131B-1339-4A16-B89A-036D86FF3A9C/source
14:10:45.063593 [DEBUG] WDA GET /session/C64A131B-1339-4A16-B89A-036D86FF3A9C/source completed (222ms, status: 200)
14:10:45.063949 [DEBUG] WDA POST /session/C64A131B-1339-4A16-B89A-036D86FF3A9C/element body={"using":"class chain","value":"**/XCUIElementTypeSecureTextField[`(label CONTAINS[c] 'Remove' OR va...
14:10:45.063957 [DEBUG] WDA POST /session/C64A131B-1339-4A16-B89A-036D86FF3A9C/element body={"using":"predicate string","value":"((type == 'XCUIElementTypeTextField' OR type == 'XCUIElementTyp...
14:10:45.063966 [DEBUG] WDA POST /session/C64A131B-1339-4A16-B89A-036D86FF3A9C/element body={"using":"class chain","value":"**/XCUIElementTypeButton[`(label ==[c] 'Remove' OR name ==[c] 'Remov...
14:10:45.063981 [DEBUG] WDA POST /session/C64A131B-1339-4A16-B89A-036D86FF3A9C/element body={"using":"class chain","value":"**/XCUIElementTypeTextField[`(label CONTAINS[c] 'Remove' OR value CO...
14:10:45.087429 [DEBUG] WDA POST /session/C64A131B-1339-4A16-B89A-036D86FF3A9C/element completed (23ms, status: 404)
14:10:45.109564 [DEBUG] WDA POST /session/C64A131B-1339-4A16-B89A-036D86FF3A9C/element completed (45ms, status: 404)
14:10:45.132123 [DEBUG] WDA POST /session/C64A131B-1339-4A16-B89A-036D86FF3A9C/element completed (68ms, status: 404)
14:10:45.155416 [DEBUG] WDA POST /session/C64A131B-1339-4A16-B89A-036D86FF3A9C/element completed (91ms, status: 404)
14:10:45.155799 [DEBUG] WDA POST /session/C64A131B-1339-4A16-B89A-036D86FF3A9C/element body={"using":"predicate string","value":"(label == 'Remove' OR name == 'Remove' OR value == 'Remove')"}
14:10:45.182544 [DEBUG] WDA POST /session/C64A131B-1339-4A16-B89A-036D86FF3A9C/element completed (26ms, status: 404)
14:10:45.182635 [DEBUG] WDA POST /session/C64A131B-1339-4A16-B89A-036D86FF3A9C/element body={"using":"predicate string","value":"(label CONTAINS[c] 'Remove' OR name CONTAINS[c] 'Remove' OR val...
14:10:45.214168 [DEBUG] WDA POST /session/C64A131B-1339-4A16-B89A-036D86FF3A9C/element completed (31ms, status: 404)
14:10:45.214246 [DEBUG] WDA GET /session/C64A131B-1339-4A16-B89A-036D86FF3A9C/source
14:10:45.436677 [DEBUG] WDA GET /session/C64A131B-1339-4A16-B89A-036D86FF3A9C/source completed (222ms, status: 200)
14:10:45.437072 [DEBUG] WDA POST /session/C64A131B-1339-4A16-B89A-036D86FF3A9C/element body={"using":"predicate string","value":"((type == 'XCUIElementTypeTextField' OR type == 'XCUIElementTyp...
14:10:45.437082 [DEBUG] WDA POST /session/C64A131B-1339-4A16-B89A-036D86FF3A9C/element body={"using":"class chain","value":"**/XCUIElementTypeButton[`(label ==[c] 'Remove' OR name ==[c] 'Remov...
14:10:45.437095 [DEBUG] WDA POST /session/C64A131B-1339-4A16-B89A-036D86FF3A9C/element body={"using":"class chain","value":"**/XCUIElementTypeSecureTextField[`(label CONTAINS[c] 'Remove' OR va...
14:10:45.437114 [DEBUG] WDA POST /session/C64A131B-1339-4A16-B89A-036D86FF3A9C/element body={"using":"class chain","value":"**/XCUIElementTypeTextField[`(label CONTAINS[c] 'Remove' OR value CO...
14:10:45.476385 [DEBUG] WDA POST /session/C64A131B-1339-4A16-B89A-036D86FF3A9C/element completed (39ms, status: 404)
14:10:45.500241 [DEBUG] WDA POST /session/C64A131B-1339-4A16-B89A-036D86FF3A9C/element completed (63ms, status: 404)
14:10:45.522520 [DEBUG] WDA POST /session/C64A131B-1339-4A16-B89A-036D86FF3A9C/element completed (85ms, status: 404)
14:10:45.544162 [DEBUG] WDA POST /session/C64A131B-1339-4A16-B89A-036D86FF3A9C/element completed (107ms, status: 404)
14:10:45.544256 [DEBUG] WDA POST /session/C64A131B-1339-4A16-B89A-036D86FF3A9C/element body={"using":"predicate string","value":"(label == 'Remove' OR name == 'Remove' OR value == 'Remove')"}
14:10:45.568647 [DEBUG] WDA POST /session/C64A131B-1339-4A16-B89A-036D86FF3A9C/element completed (24ms, status: 404)
14:10:45.568710 [DEBUG] WDA POST /session/C64A131B-1339-4A16-B89A-036D86FF3A9C/element body={"using":"predicate string","value":"(label CONTAINS[c] 'Remove' OR name CONTAINS[c] 'Remove' OR val...
14:10:45.592381 [DEBUG] WDA POST /session/C64A131B-1339-4A16-B89A-036D86FF3A9C/element completed (23ms, status: 404)
14:10:45.592537 [DEBUG] WDA GET /session/C64A131B-1339-4A16-B89A-036D86FF3A9C/source
14:10:45.805213 [DEBUG] WDA GET /session/C64A131B-1339-4A16-B89A-036D86FF3A9C/source completed (212ms, status: 200)
14:10:45.805586 [DEBUG] WDA POST /session/C64A131B-1339-4A16-B89A-036D86FF3A9C/element body={"using":"predicate string","value":"((type == 'XCUIElementTypeTextField' OR type == 'XCUIElementTyp...
14:10:45.805599 [DEBUG] WDA POST /session/C64A131B-1339-4A16-B89A-036D86FF3A9C/element body={"using":"class chain","value":"**/XCUIElementTypeSecureTextField[`(label CONTAINS[c] 'Remove' OR va...
14:10:45.805616 [DEBUG] WDA POST /session/C64A131B-1339-4A16-B89A-036D86FF3A9C/element body={"using":"class chain","value":"**/XCUIElementTypeButton[`(label ==[c] 'Remove' OR name ==[c] 'Remov...
14:10:45.805644 [DEBUG] WDA POST /session/C64A131B-1339-4A16-B89A-036D86FF3A9C/element body={"using":"class chain","value":"**/XCUIElementTypeTextField[`(label CONTAINS[c] 'Remove' OR value CO...
14:10:45.829850 [DEBUG] WDA POST /session/C64A131B-1339-4A16-B89A-036D86FF3A9C/element completed (24ms, status: 404)
14:10:45.852563 [DEBUG] WDA POST /session/C64A131B-1339-4A16-B89A-036D86FF3A9C/element completed (46ms, status: 404)
14:10:45.875362 [DEBUG] WDA POST /session/C64A131B-1339-4A16-B89A-036D86FF3A9C/element completed (69ms, status: 404)
14:10:45.897102 [DEBUG] WDA POST /session/C64A131B-1339-4A16-B89A-036D86FF3A9C/element completed (91ms, status: 404)
14:10:45.897174 [DEBUG] WDA POST /session/C64A131B-1339-4A16-B89A-036D86FF3A9C/element body={"using":"predicate string","value":"(label == 'Remove' OR name == 'Remove' OR value == 'Remove')"}
14:10:45.922015 [DEBUG] WDA POST /session/C64A131B-1339-4A16-B89A-036D86FF3A9C/element completed (24ms, status: 404)
14:10:45.922102 [DEBUG] WDA POST /session/C64A131B-1339-4A16-B89A-036D86FF3A9C/element body={"using":"predicate string","value":"(label CONTAINS[c] 'Remove' OR name CONTAINS[c] 'Remove' OR val...
14:10:45.946630 [DEBUG] WDA POST /session/C64A131B-1339-4A16-B89A-036D86FF3A9C/element completed (24ms, status: 404)
14:10:45.946701 [DEBUG] WDA GET /session/C64A131B-1339-4A16-B89A-036D86FF3A9C/source
14:10:46.166431 [DEBUG] WDA GET /session/C64A131B-1339-4A16-B89A-036D86FF3A9C/source completed (219ms, status: 200)
14:10:46.166814 [DEBUG] WDA POST /session/C64A131B-1339-4A16-B89A-036D86FF3A9C/element body={"using":"predicate string","value":"((type == 'XCUIElementTypeTextField' OR type == 'XCUIElementTyp...
14:10:46.166821 [DEBUG] WDA POST /session/C64A131B-1339-4A16-B89A-036D86FF3A9C/element body={"using":"class chain","value":"**/XCUIElementTypeButton[`(label ==[c] 'Remove' OR name ==[c] 'Remov...
14:10:46.166840 [DEBUG] WDA POST /session/C64A131B-1339-4A16-B89A-036D86FF3A9C/element body={"using":"class chain","value":"**/XCUIElementTypeSecureTextField[`(label CONTAINS[c] 'Remove' OR va...
14:10:46.166861 [DEBUG] WDA POST /session/C64A131B-1339-4A16-B89A-036D86FF3A9C/element body={"using":"class chain","value":"**/XCUIElementTypeTextField[`(label CONTAINS[c] 'Remove' OR value CO...
14:10:46.190600 [DEBUG] WDA POST /session/C64A131B-1339-4A16-B89A-036D86FF3A9C/element completed (23ms, status: 404)
14:10:46.215865 [DEBUG] WDA POST /session/C64A131B-1339-4A16-B89A-036D86FF3A9C/element completed (49ms, status: 404)
14:10:46.242208 [DEBUG] WDA POST /session/C64A131B-1339-4A16-B89A-036D86FF3A9C/element completed (75ms, status: 404)
14:10:46.267438 [DEBUG] WDA POST /session/C64A131B-1339-4A16-B89A-036D86FF3A9C/element completed (100ms, status: 404)
14:10:46.267575 [DEBUG] WDA POST /session/C64A131B-1339-4A16-B89A-036D86FF3A9C/element body={"using":"predicate string","value":"(label == 'Remove' OR name == 'Remove' OR value == 'Remove')"}
14:10:46.301628 [DEBUG] WDA POST /session/C64A131B-1339-4A16-B89A-036D86FF3A9C/element completed (34ms, status: 404)
14:10:46.301723 [DEBUG] WDA POST /session/C64A131B-1339-4A16-B89A-036D86FF3A9C/element body={"using":"predicate string","value":"(label CONTAINS[c] 'Remove' OR name CONTAINS[c] 'Remove' OR val...
14:10:46.327664 [DEBUG] WDA POST /session/C64A131B-1339-4A16-B89A-036D86FF3A9C/element completed (25ms, status: 404)
14:10:46.327966 [DEBUG] WDA GET /session/C64A131B-1339-4A16-B89A-036D86FF3A9C/source
14:10:46.546315 [DEBUG] WDA GET /session/C64A131B-1339-4A16-B89A-036D86FF3A9C/source completed (218ms, status: 200)
14:10:46.546691 [DEBUG] WDA POST /session/C64A131B-1339-4A16-B89A-036D86FF3A9C/element body={"using":"predicate string","value":"((type == 'XCUIElementTypeTextField' OR type == 'XCUIElementTyp...
14:10:46.546705 [DEBUG] WDA POST /session/C64A131B-1339-4A16-B89A-036D86FF3A9C/element body={"using":"class chain","value":"**/XCUIElementTypeTextField[`(label CONTAINS[c] 'Remove' OR value CO...
14:10:46.546731 [DEBUG] WDA POST /session/C64A131B-1339-4A16-B89A-036D86FF3A9C/element body={"using":"class chain","value":"**/XCUIElementTypeSecureTextField[`(label CONTAINS[c] 'Remove' OR va...
14:10:46.546749 [DEBUG] WDA POST /session/C64A131B-1339-4A16-B89A-036D86FF3A9C/element body={"using":"class chain","value":"**/XCUIElementTypeButton[`(label ==[c] 'Remove' OR name ==[c] 'Remov...
14:10:46.569373 [DEBUG] WDA POST /session/C64A131B-1339-4A16-B89A-036D86FF3A9C/element completed (22ms, status: 404)
14:10:46.591859 [DEBUG] WDA POST /session/C64A131B-1339-4A16-B89A-036D86FF3A9C/element completed (45ms, status: 404)
14:10:46.613624 [DEBUG] WDA POST /session/C64A131B-1339-4A16-B89A-036D86FF3A9C/element completed (66ms, status: 404)
14:10:46.636268 [DEBUG] WDA POST /session/C64A131B-1339-4A16-B89A-036D86FF3A9C/element completed (89ms, status: 404)
14:10:46.636354 [DEBUG] WDA POST /session/C64A131B-1339-4A16-B89A-036D86FF3A9C/element body={"using":"predicate string","value":"(label == 'Remove' OR name == 'Remove' OR value == 'Remove')"}
14:10:46.660979 [DEBUG] WDA POST /session/C64A131B-1339-4A16-B89A-036D86FF3A9C/element completed (24ms, status: 404)
14:10:46.661057 [DEBUG] WDA POST /session/C64A131B-1339-4A16-B89A-036D86FF3A9C/element body={"using":"predicate string","value":"(label CONTAINS[c] 'Remove' OR name CONTAINS[c] 'Remove' OR val...
14:10:46.685176 [DEBUG] WDA POST /session/C64A131B-1339-4A16-B89A-036D86FF3A9C/element completed (24ms, status: 404)
14:10:46.685242 [DEBUG] WDA GET /session/C64A131B-1339-4A16-B89A-036D86FF3A9C/source
14:10:46.900916 [DEBUG] WDA GET /session/C64A131B-1339-4A16-B89A-036D86FF3A9C/source completed (215ms, status: 200)
14:10:46.901280 [DEBUG] WDA POST /session/C64A131B-1339-4A16-B89A-036D86FF3A9C/element body={"using":"predicate string","value":"((type == 'XCUIElementTypeTextField' OR type == 'XCUIElementTyp...
14:10:46.901287 [DEBUG] WDA POST /session/C64A131B-1339-4A16-B89A-036D86FF3A9C/element body={"using":"class chain","value":"**/XCUIElementTypeTextField[`(label CONTAINS[c] 'Remove' OR value CO...
14:10:46.901298 [DEBUG] WDA POST /session/C64A131B-1339-4A16-B89A-036D86FF3A9C/element body={"using":"class chain","value":"**/XCUIElementTypeButton[`(label ==[c] 'Remove' OR name ==[c] 'Remov...
14:10:46.901318 [DEBUG] WDA POST /session/C64A131B-1339-4A16-B89A-036D86FF3A9C/element body={"using":"class chain","value":"**/XCUIElementTypeSecureTextField[`(label CONTAINS[c] 'Remove' OR va...
14:10:46.923817 [DEBUG] WDA POST /session/C64A131B-1339-4A16-B89A-036D86FF3A9C/element completed (22ms, status: 404)
14:10:46.946649 [DEBUG] WDA POST /session/C64A131B-1339-4A16-B89A-036D86FF3A9C/element completed (45ms, status: 404)
14:10:46.968690 [DEBUG] WDA POST /session/C64A131B-1339-4A16-B89A-036D86FF3A9C/element completed (67ms, status: 404)
14:10:46.992359 [DEBUG] WDA POST /session/C64A131B-1339-4A16-B89A-036D86FF3A9C/element completed (91ms, status: 404)
14:10:46.992460 [DEBUG] WDA POST /session/C64A131B-1339-4A16-B89A-036D86FF3A9C/element body={"using":"predicate string","value":"(label == 'Remove' OR name == 'Remove' OR value == 'Remove')"}
14:10:47.017767 [DEBUG] WDA POST /session/C64A131B-1339-4A16-B89A-036D86FF3A9C/element completed (25ms, status: 404)
14:10:47.017856 [DEBUG] WDA POST /session/C64A131B-1339-4A16-B89A-036D86FF3A9C/element body={"using":"predicate string","value":"(label CONTAINS[c] 'Remove' OR name CONTAINS[c] 'Remove' OR val...
14:10:47.042443 [DEBUG] WDA POST /session/C64A131B-1339-4A16-B89A-036D86FF3A9C/element completed (24ms, status: 404)
14:10:47.042536 [DEBUG] WDA GET /session/C64A131B-1339-4A16-B89A-036D86FF3A9C/source
14:10:47.264025 [DEBUG] WDA GET /session/C64A131B-1339-4A16-B89A-036D86FF3A9C/source completed (221ms, status: 200)
14:10:47.264407 [DEBUG] WDA POST /session/C64A131B-1339-4A16-B89A-036D86FF3A9C/element body={"using":"predicate string","value":"((type == 'XCUIElementTypeTextField' OR type == 'XCUIElementTyp...
14:10:47.264419 [DEBUG] WDA POST /session/C64A131B-1339-4A16-B89A-036D86FF3A9C/element body={"using":"class chain","value":"**/XCUIElementTypeSecureTextField[`(label CONTAINS[c] 'Remove' OR va...
14:10:47.264450 [DEBUG] WDA POST /session/C64A131B-1339-4A16-B89A-036D86FF3A9C/element body={"using":"class chain","value":"**/XCUIElementTypeButton[`(label ==[c] 'Remove' OR name ==[c] 'Remov...
14:10:47.264480 [DEBUG] WDA POST /session/C64A131B-1339-4A16-B89A-036D86FF3A9C/element body={"using":"class chain","value":"**/XCUIElementTypeTextField[`(label CONTAINS[c] 'Remove' OR value CO...
14:10:47.288887 [DEBUG] WDA POST /session/C64A131B-1339-4A16-B89A-036D86FF3A9C/element completed (24ms, status: 404)
14:10:47.311643 [DEBUG] WDA POST /session/C64A131B-1339-4A16-B89A-036D86FF3A9C/element completed (47ms, status: 404)
14:10:47.335275 [DEBUG] WDA POST /session/C64A131B-1339-4A16-B89A-036D86FF3A9C/element completed (70ms, status: 404)
14:10:47.358012 [DEBUG] WDA POST /session/C64A131B-1339-4A16-B89A-036D86FF3A9C/element completed (93ms, status: 404)
14:10:47.358107 [DEBUG] WDA POST /session/C64A131B-1339-4A16-B89A-036D86FF3A9C/element body={"using":"predicate string","value":"(label == 'Remove' OR name == 'Remove' OR value == 'Remove')"}
14:10:47.383251 [DEBUG] WDA POST /session/C64A131B-1339-4A16-B89A-036D86FF3A9C/element completed (25ms, status: 404)
14:10:47.383331 [DEBUG] WDA POST /session/C64A131B-1339-4A16-B89A-036D86FF3A9C/element body={"using":"predicate string","value":"(label CONTAINS[c] 'Remove' OR name CONTAINS[c] 'Remove' OR val...
14:10:47.408411 [DEBUG] WDA POST /session/C64A131B-1339-4A16-B89A-036D86FF3A9C/element completed (25ms, status: 404)
14:10:47.408476 [DEBUG] WDA GET /session/C64A131B-1339-4A16-B89A-036D86FF3A9C/source
14:10:47.633197 [DEBUG] WDA GET /session/C64A131B-1339-4A16-B89A-036D86FF3A9C/source completed (224ms, status: 200)
14:10:47.633581 [DEBUG] WDA POST /session/C64A131B-1339-4A16-B89A-036D86FF3A9C/element body={"using":"predicate string","value":"((type == 'XCUIElementTypeTextField' OR type == 'XCUIElementTyp...
14:10:47.633590 [DEBUG] WDA POST /session/C64A131B-1339-4A16-B89A-036D86FF3A9C/element body={"using":"class chain","value":"**/XCUIElementTypeSecureTextField[`(label CONTAINS[c] 'Remove' OR va...
14:10:47.633606 [DEBUG] WDA POST /session/C64A131B-1339-4A16-B89A-036D86FF3A9C/element body={"using":"class chain","value":"**/XCUIElementTypeTextField[`(label CONTAINS[c] 'Remove' OR value CO...
14:10:47.633629 [DEBUG] WDA POST /session/C64A131B-1339-4A16-B89A-036D86FF3A9C/element body={"using":"class chain","value":"**/XCUIElementTypeButton[`(label ==[c] 'Remove' OR name ==[c] 'Remov...
14:10:47.673224 [DEBUG] WDA POST /session/C64A131B-1339-4A16-B89A-036D86FF3A9C/element completed (39ms, status: 404)
14:10:47.696320 [DEBUG] WDA POST /session/C64A131B-1339-4A16-B89A-036D86FF3A9C/element completed (62ms, status: 404)
14:10:47.718366 [DEBUG] WDA POST /session/C64A131B-1339-4A16-B89A-036D86FF3A9C/element completed (84ms, status: 404)
14:10:47.740297 [DEBUG] WDA POST /session/C64A131B-1339-4A16-B89A-036D86FF3A9C/element completed (106ms, status: 404)
14:10:47.740395 [DEBUG] WDA POST /session/C64A131B-1339-4A16-B89A-036D86FF3A9C/element body={"using":"predicate string","value":"(label == 'Remove' OR name == 'Remove' OR value == 'Remove')"}
14:10:47.765525 [DEBUG] WDA POST /session/C64A131B-1339-4A16-B89A-036D86FF3A9C/element completed (25ms, status: 404)
14:10:47.765604 [DEBUG] WDA POST /session/C64A131B-1339-4A16-B89A-036D86FF3A9C/element body={"using":"predicate string","value":"(label CONTAINS[c] 'Remove' OR name CONTAINS[c] 'Remove' OR val...
14:10:47.789979 [DEBUG] WDA POST /session/C64A131B-1339-4A16-B89A-036D86FF3A9C/element completed (24ms, status: 404)
14:10:47.790060 [DEBUG] WDA GET /session/C64A131B-1339-4A16-B89A-036D86FF3A9C/source
14:10:48.006276 [DEBUG] WDA GET /session/C64A131B-1339-4A16-B89A-036D86FF3A9C/source completed (216ms, status: 200)
14:10:48.006640 [DEBUG] WDA POST /session/C64A131B-1339-4A16-B89A-036D86FF3A9C/element body={"using":"class chain","value":"**/XCUIElementTypeSecureTextField[`(label CONTAINS[c] 'Remove' OR va...
14:10:48.006647 [DEBUG] WDA POST /session/C64A131B-1339-4A16-B89A-036D86FF3A9C/element body={"using":"class chain","value":"**/XCUIElementTypeButton[`(label ==[c] 'Remove' OR name ==[c] 'Remov...
14:10:48.006656 [DEBUG] WDA POST /session/C64A131B-1339-4A16-B89A-036D86FF3A9C/element body={"using":"predicate string","value":"((type == 'XCUIElementTypeTextField' OR type == 'XCUIElementTyp...
14:10:48.006666 [DEBUG] WDA POST /session/C64A131B-1339-4A16-B89A-036D86FF3A9C/element body={"using":"class chain","value":"**/XCUIElementTypeTextField[`(label CONTAINS[c] 'Remove' OR value CO...
14:10:48.029566 [DEBUG] WDA POST /session/C64A131B-1339-4A16-B89A-036D86FF3A9C/element completed (22ms, status: 404)
14:10:48.051110 [DEBUG] WDA POST /session/C64A131B-1339-4A16-B89A-036D86FF3A9C/element completed (44ms, status: 404)
14:10:48.074064 [DEBUG] WDA POST /session/C64A131B-1339-4A16-B89A-036D86FF3A9C/element completed (67ms, status: 404)
14:10:48.095751 [DEBUG] WDA POST /session/C64A131B-1339-4A16-B89A-036D86FF3A9C/element completed (89ms, status: 404)
14:10:48.095832 [DEBUG] WDA POST /session/C64A131B-1339-4A16-B89A-036D86FF3A9C/element body={"using":"predicate string","value":"(label == 'Remove' OR name == 'Remove' OR value == 'Remove')"}
14:10:48.120252 [DEBUG] WDA POST /session/C64A131B-1339-4A16-B89A-036D86FF3A9C/element completed (24ms, status: 404)
14:10:48.120326 [DEBUG] WDA POST /session/C64A131B-1339-4A16-B89A-036D86FF3A9C/element body={"using":"predicate string","value":"(label CONTAINS[c] 'Remove' OR name CONTAINS[c] 'Remove' OR val...
14:10:48.144455 [DEBUG] WDA POST /session/C64A131B-1339-4A16-B89A-036D86FF3A9C/element completed (24ms, status: 404)
14:10:48.144518 [DEBUG] WDA GET /session/C64A131B-1339-4A16-B89A-036D86FF3A9C/source
14:10:48.357700 [DEBUG] WDA GET /session/C64A131B-1339-4A16-B89A-036D86FF3A9C/source completed (213ms, status: 200)
14:10:48.359618 [DEBUG] WDA POST /session/C64A131B-1339-4A16-B89A-036D86FF3A9C/element body={"using":"predicate string","value":"((type == 'XCUIElementTypeTextField' OR type == 'XCUIElementTyp...
14:10:48.359643 [DEBUG] WDA POST /session/C64A131B-1339-4A16-B89A-036D86FF3A9C/element body={"using":"class chain","value":"**/XCUIElementTypeTextField[`(label CONTAINS[c] 'Remove' OR value CO...
14:10:48.359669 [DEBUG] WDA POST /session/C64A131B-1339-4A16-B89A-036D86FF3A9C/element body={"using":"class chain","value":"**/XCUIElementTypeSecureTextField[`(label CONTAINS[c] 'Remove' OR va...
14:10:48.359718 [DEBUG] WDA POST /session/C64A131B-1339-4A16-B89A-036D86FF3A9C/element body={"using":"class chain","value":"**/XCUIElementTypeButton[`(label ==[c] 'Remove' OR name ==[c] 'Remov...
14:10:48.381623 [DEBUG] WDA POST /session/C64A131B-1339-4A16-B89A-036D86FF3A9C/element completed (22ms, status: 404)
14:10:48.404319 [DEBUG] WDA POST /session/C64A131B-1339-4A16-B89A-036D86FF3A9C/element completed (44ms, status: 404)
14:10:48.425619 [DEBUG] WDA POST /session/C64A131B-1339-4A16-B89A-036D86FF3A9C/element completed (66ms, status: 404)
14:10:48.447664 [DEBUG] WDA POST /session/C64A131B-1339-4A16-B89A-036D86FF3A9C/element completed (88ms, status: 404)
14:10:48.447831 [DEBUG] WDA POST /session/C64A131B-1339-4A16-B89A-036D86FF3A9C/element body={"using":"predicate string","value":"(label == 'Remove' OR name == 'Remove' OR value == 'Remove')"}
14:10:48.470947 [DEBUG] WDA POST /session/C64A131B-1339-4A16-B89A-036D86FF3A9C/element completed (23ms, status: 404)
14:10:48.471080 [DEBUG] WDA POST /session/C64A131B-1339-4A16-B89A-036D86FF3A9C/element body={"using":"predicate string","value":"(label CONTAINS[c] 'Remove' OR name CONTAINS[c] 'Remove' OR val...
14:10:48.494306 [DEBUG] WDA POST /session/C64A131B-1339-4A16-B89A-036D86FF3A9C/element completed (23ms, status: 404)
14:10:48.494437 [DEBUG] WDA GET /session/C64A131B-1339-4A16-B89A-036D86FF3A9C/source
14:10:48.709225 [DEBUG] WDA GET /session/C64A131B-1339-4A16-B89A-036D86FF3A9C/source completed (214ms, status: 200)
14:10:48.709610 [DEBUG] WDA POST /session/C64A131B-1339-4A16-B89A-036D86FF3A9C/element body={"using":"class chain","value":"**/XCUIElementTypeSecureTextField[`(label CONTAINS[c] 'Remove' OR va...
14:10:48.709619 [DEBUG] WDA POST /session/C64A131B-1339-4A16-B89A-036D86FF3A9C/element body={"using":"class chain","value":"**/XCUIElementTypeButton[`(label ==[c] 'Remove' OR name ==[c] 'Remov...
14:10:48.709645 [DEBUG] WDA POST /session/C64A131B-1339-4A16-B89A-036D86FF3A9C/element body={"using":"predicate string","value":"((type == 'XCUIElementTypeTextField' OR type == 'XCUIElementTyp...
14:10:48.709682 [DEBUG] WDA POST /session/C64A131B-1339-4A16-B89A-036D86FF3A9C/element body={"using":"class chain","value":"**/XCUIElementTypeTextField[`(label CONTAINS[c] 'Remove' OR value CO...
14:10:48.732404 [DEBUG] WDA POST /session/C64A131B-1339-4A16-B89A-036D86FF3A9C/element completed (22ms, status: 404)
14:10:48.754670 [DEBUG] WDA POST /session/C64A131B-1339-4A16-B89A-036D86FF3A9C/element completed (45ms, status: 404)
14:10:48.776883 [DEBUG] WDA POST /session/C64A131B-1339-4A16-B89A-036D86FF3A9C/element completed (67ms, status: 404)
14:10:48.799996 [DEBUG] WDA POST /session/C64A131B-1339-4A16-B89A-036D86FF3A9C/element completed (90ms, status: 404)
14:10:48.800093 [DEBUG] WDA POST /session/C64A131B-1339-4A16-B89A-036D86FF3A9C/element body={"using":"predicate string","value":"(label == 'Remove' OR name == 'Remove' OR value == 'Remove')"}
14:10:48.825753 [DEBUG] WDA POST /session/C64A131B-1339-4A16-B89A-036D86FF3A9C/element completed (25ms, status: 404)
14:10:48.825835 [DEBUG] WDA POST /session/C64A131B-1339-4A16-B89A-036D86FF3A9C/element body={"using":"predicate string","value":"(label CONTAINS[c] 'Remove' OR name CONTAINS[c] 'Remove' OR val...
14:10:48.850693 [DEBUG] WDA POST /session/C64A131B-1339-4A16-B89A-036D86FF3A9C/element completed (24ms, status: 404)
14:10:48.850785 [DEBUG] WDA GET /session/C64A131B-1339-4A16-B89A-036D86FF3A9C/source
14:10:49.073254 [DEBUG] WDA GET /session/C64A131B-1339-4A16-B89A-036D86FF3A9C/source completed (222ms, status: 200)
14:10:49.073606 [DEBUG] WDA POST /session/C64A131B-1339-4A16-B89A-036D86FF3A9C/element body={"using":"class chain","value":"**/XCUIElementTypeSecureTextField[`(label CONTAINS[c] 'Remove' OR va...
14:10:49.073617 [DEBUG] WDA POST /session/C64A131B-1339-4A16-B89A-036D86FF3A9C/element body={"using":"class chain","value":"**/XCUIElementTypeTextField[`(label CONTAINS[c] 'Remove' OR value CO...
14:10:49.073628 [DEBUG] WDA POST /session/C64A131B-1339-4A16-B89A-036D86FF3A9C/element body={"using":"class chain","value":"**/XCUIElementTypeButton[`(label ==[c] 'Remove' OR name ==[c] 'Remov...
14:10:49.073648 [DEBUG] WDA POST /session/C64A131B-1339-4A16-B89A-036D86FF3A9C/element body={"using":"predicate string","value":"((type == 'XCUIElementTypeTextField' OR type == 'XCUIElementTyp...
14:10:49.096802 [DEBUG] WDA POST /session/C64A131B-1339-4A16-B89A-036D86FF3A9C/element completed (23ms, status: 404)
14:10:49.118950 [DEBUG] WDA POST /session/C64A131B-1339-4A16-B89A-036D86FF3A9C/element completed (45ms, status: 404)
14:10:49.140762 [DEBUG] WDA POST /session/C64A131B-1339-4A16-B89A-036D86FF3A9C/element completed (67ms, status: 404)
14:10:49.163493 [DEBUG] WDA POST /session/C64A131B-1339-4A16-B89A-036D86FF3A9C/element completed (89ms, status: 404)
14:10:49.163766 [DEBUG] WDA POST /session/C64A131B-1339-4A16-B89A-036D86FF3A9C/element body={"using":"predicate string","value":"(label == 'Remove' OR name == 'Remove' OR value == 'Remove')"}
14:10:49.187426 [DEBUG] WDA POST /session/C64A131B-1339-4A16-B89A-036D86FF3A9C/element completed (23ms, status: 404)
14:10:49.187499 [DEBUG] WDA POST /session/C64A131B-1339-4A16-B89A-036D86FF3A9C/element body={"using":"predicate string","value":"(label CONTAINS[c] 'Remove' OR name CONTAINS[c] 'Remove' OR val...
14:10:49.211872 [DEBUG] WDA POST /session/C64A131B-1339-4A16-B89A-036D86FF3A9C/element completed (24ms, status: 404)
14:10:49.211945 [DEBUG] WDA GET /session/C64A131B-1339-4A16-B89A-036D86FF3A9C/source
14:10:49.426940 [DEBUG] WDA GET /session/C64A131B-1339-4A16-B89A-036D86FF3A9C/source completed (214ms, status: 200)
14:10:49.427306 [DEBUG] WDA POST /session/C64A131B-1339-4A16-B89A-036D86FF3A9C/element body={"using":"predicate string","value":"((type == 'XCUIElementTypeTextField' OR type == 'XCUIElementTyp...
14:10:49.427311 [DEBUG] WDA POST /session/C64A131B-1339-4A16-B89A-036D86FF3A9C/element body={"using":"class chain","value":"**/XCUIElementTypeSecureTextField[`(label CONTAINS[c] 'Remove' OR va...
14:10:49.427333 [DEBUG] WDA POST /session/C64A131B-1339-4A16-B89A-036D86FF3A9C/element body={"using":"class chain","value":"**/XCUIElementTypeButton[`(label ==[c] 'Remove' OR name ==[c] 'Remov...
14:10:49.427370 [DEBUG] WDA POST /session/C64A131B-1339-4A16-B89A-036D86FF3A9C/element body={"using":"class chain","value":"**/XCUIElementTypeTextField[`(label CONTAINS[c] 'Remove' OR value CO...
14:10:49.450629 [DEBUG] WDA POST /session/C64A131B-1339-4A16-B89A-036D86FF3A9C/element completed (23ms, status: 404)
14:10:49.472389 [DEBUG] WDA POST /session/C64A131B-1339-4A16-B89A-036D86FF3A9C/element completed (45ms, status: 404)
14:10:49.494325 [DEBUG] WDA POST /session/C64A131B-1339-4A16-B89A-036D86FF3A9C/element completed (66ms, status: 404)
14:10:49.516458 [DEBUG] WDA POST /session/C64A131B-1339-4A16-B89A-036D86FF3A9C/element completed (89ms, status: 404)
14:10:49.516540 [DEBUG] WDA POST /session/C64A131B-1339-4A16-B89A-036D86FF3A9C/element body={"using":"predicate string","value":"(label == 'Remove' OR name == 'Remove' OR value == 'Remove')"}
14:10:49.540833 [DEBUG] WDA POST /session/C64A131B-1339-4A16-B89A-036D86FF3A9C/element completed (24ms, status: 404)
14:10:49.541005 [DEBUG] WDA POST /session/C64A131B-1339-4A16-B89A-036D86FF3A9C/element body={"using":"predicate string","value":"(label CONTAINS[c] 'Remove' OR name CONTAINS[c] 'Remove' OR val...
14:10:49.566210 [DEBUG] WDA POST /session/C64A131B-1339-4A16-B89A-036D86FF3A9C/element completed (25ms, status: 404)
14:10:49.566395 [DEBUG] WDA GET /session/C64A131B-1339-4A16-B89A-036D86FF3A9C/source
14:10:49.789608 [DEBUG] WDA GET /session/C64A131B-1339-4A16-B89A-036D86FF3A9C/source completed (223ms, status: 200)
14:10:49.790232 [DEBUG] WDA POST /session/C64A131B-1339-4A16-B89A-036D86FF3A9C/element body={"using":"predicate string","value":"((type == 'XCUIElementTypeTextField' OR type == 'XCUIElementTyp...
14:10:49.790258 [DEBUG] WDA POST /session/C64A131B-1339-4A16-B89A-036D86FF3A9C/element body={"using":"class chain","value":"**/XCUIElementTypeTextField[`(label CONTAINS[c] 'Remove' OR value CO...
14:10:49.790277 [DEBUG] WDA POST /session/C64A131B-1339-4A16-B89A-036D86FF3A9C/element body={"using":"class chain","value":"**/XCUIElementTypeButton[`(label ==[c] 'Remove' OR name ==[c] 'Remov...
14:10:49.790346 [DEBUG] WDA POST /session/C64A131B-1339-4A16-B89A-036D86FF3A9C/element body={"using":"class chain","value":"**/XCUIElementTypeSecureTextField[`(label CONTAINS[c] 'Remove' OR va...
14:10:49.830408 [DEBUG] WDA POST /session/C64A131B-1339-4A16-B89A-036D86FF3A9C/element completed (40ms, status: 404)
14:10:49.854254 [DEBUG] WDA POST /session/C64A131B-1339-4A16-B89A-036D86FF3A9C/element completed (64ms, status: 404)
14:10:49.877716 [DEBUG] WDA POST /session/C64A131B-1339-4A16-B89A-036D86FF3A9C/element completed (87ms, status: 404)
14:10:49.900150 [DEBUG] WDA POST /session/C64A131B-1339-4A16-B89A-036D86FF3A9C/element completed (109ms, status: 404)
14:10:49.900237 [DEBUG] WDA POST /session/C64A131B-1339-4A16-B89A-036D86FF3A9C/element body={"using":"predicate string","value":"(label == 'Remove' OR name == 'Remove' OR value == 'Remove')"}
14:10:49.924496 [DEBUG] WDA POST /session/C64A131B-1339-4A16-B89A-036D86FF3A9C/element completed (24ms, status: 404)
14:10:49.924584 [DEBUG] WDA POST /session/C64A131B-1339-4A16-B89A-036D86FF3A9C/element body={"using":"predicate string","value":"(label CONTAINS[c] 'Remove' OR name CONTAINS[c] 'Remove' OR val...
14:10:49.948993 [DEBUG] WDA POST /session/C64A131B-1339-4A16-B89A-036D86FF3A9C/element completed (24ms, status: 404)
14:10:49.949054 [DEBUG] WDA GET /session/C64A131B-1339-4A16-B89A-036D86FF3A9C/source
14:10:50.184111 [DEBUG] WDA GET /session/C64A131B-1339-4A16-B89A-036D86FF3A9C/source completed (235ms, status: 200)
14:10:50.184483 [DEBUG] WDA POST /session/C64A131B-1339-4A16-B89A-036D86FF3A9C/element body={"using":"class chain","value":"**/XCUIElementTypeSecureTextField[`(label CONTAINS[c] 'Remove' OR va...
14:10:50.184490 [DEBUG] WDA POST /session/C64A131B-1339-4A16-B89A-036D86FF3A9C/element body={"using":"predicate string","value":"((type == 'XCUIElementTypeTextField' OR type == 'XCUIElementTyp...
14:10:50.184508 [DEBUG] WDA POST /session/C64A131B-1339-4A16-B89A-036D86FF3A9C/element body={"using":"class chain","value":"**/XCUIElementTypeButton[`(label ==[c] 'Remove' OR name ==[c] 'Remov...
14:10:50.184525 [DEBUG] WDA POST /session/C64A131B-1339-4A16-B89A-036D86FF3A9C/element body={"using":"class chain","value":"**/XCUIElementTypeTextField[`(label CONTAINS[c] 'Remove' OR value CO...
14:10:50.207838 [DEBUG] WDA POST /session/C64A131B-1339-4A16-B89A-036D86FF3A9C/element completed (23ms, status: 404)
14:10:50.232466 [DEBUG] WDA POST /session/C64A131B-1339-4A16-B89A-036D86FF3A9C/element completed (47ms, status: 404)
14:10:50.255337 [DEBUG] WDA POST /session/C64A131B-1339-4A16-B89A-036D86FF3A9C/element completed (70ms, status: 404)
14:10:50.277757 [DEBUG] WDA POST /session/C64A131B-1339-4A16-B89A-036D86FF3A9C/element completed (93ms, status: 404)
14:10:50.277970 [DEBUG] WDA POST /session/C64A131B-1339-4A16-B89A-036D86FF3A9C/element body={"using":"predicate string","value":"(label == 'Remove' OR name == 'Remove' OR value == 'Remove')"}
14:10:50.302413 [DEBUG] WDA POST /session/C64A131B-1339-4A16-B89A-036D86FF3A9C/element completed (24ms, status: 404)
14:10:50.302492 [DEBUG] WDA POST /session/C64A131B-1339-4A16-B89A-036D86FF3A9C/element body={"using":"predicate string","value":"(label CONTAINS[c] 'Remove' OR name CONTAINS[c] 'Remove' OR val...
14:10:50.326857 [DEBUG] WDA POST /session/C64A131B-1339-4A16-B89A-036D86FF3A9C/element completed (24ms, status: 404)
14:10:50.326931 [DEBUG] WDA GET /session/C64A131B-1339-4A16-B89A-036D86FF3A9C/source
14:10:50.544275 [DEBUG] WDA GET /session/C64A131B-1339-4A16-B89A-036D86FF3A9C/source completed (217ms, status: 200)
14:10:50.544646 [DEBUG] WDA POST /session/C64A131B-1339-4A16-B89A-036D86FF3A9C/element body={"using":"predicate string","value":"((type == 'XCUIElementTypeTextField' OR type == 'XCUIElementTyp...
14:10:50.544657 [DEBUG] WDA POST /session/C64A131B-1339-4A16-B89A-036D86FF3A9C/element body={"using":"class chain","value":"**/XCUIElementTypeButton[`(label ==[c] 'Remove' OR name ==[c] 'Remov...
14:10:50.544668 [DEBUG] WDA POST /session/C64A131B-1339-4A16-B89A-036D86FF3A9C/element body={"using":"class chain","value":"**/XCUIElementTypeTextField[`(label CONTAINS[c] 'Remove' OR value CO...
14:10:50.544677 [DEBUG] WDA POST /session/C64A131B-1339-4A16-B89A-036D86FF3A9C/element body={"using":"class chain","value":"**/XCUIElementTypeSecureTextField[`(label CONTAINS[c] 'Remove' OR va...
14:10:50.568769 [DEBUG] WDA POST /session/C64A131B-1339-4A16-B89A-036D86FF3A9C/element completed (24ms, status: 404)
14:10:50.591740 [DEBUG] WDA POST /session/C64A131B-1339-4A16-B89A-036D86FF3A9C/element completed (47ms, status: 404)
14:10:50.614223 [DEBUG] WDA POST /session/C64A131B-1339-4A16-B89A-036D86FF3A9C/element completed (69ms, status: 404)
14:10:50.636330 [DEBUG] WDA POST /session/C64A131B-1339-4A16-B89A-036D86FF3A9C/element completed (91ms, status: 404)
14:10:50.636604 [DEBUG] WDA POST /session/C64A131B-1339-4A16-B89A-036D86FF3A9C/element body={"using":"predicate string","value":"(label == 'Remove' OR name == 'Remove' OR value == 'Remove')"}
14:10:50.661319 [DEBUG] WDA POST /session/C64A131B-1339-4A16-B89A-036D86FF3A9C/element completed (24ms, status: 404)
14:10:50.661406 [DEBUG] WDA POST /session/C64A131B-1339-4A16-B89A-036D86FF3A9C/element body={"using":"predicate string","value":"(label CONTAINS[c] 'Remove' OR name CONTAINS[c] 'Remove' OR val...
14:10:50.686657 [DEBUG] WDA POST /session/C64A131B-1339-4A16-B89A-036D86FF3A9C/element completed (25ms, status: 404)
14:10:50.686737 [DEBUG] WDA GET /session/C64A131B-1339-4A16-B89A-036D86FF3A9C/source
14:10:50.902623 [DEBUG] WDA GET /session/C64A131B-1339-4A16-B89A-036D86FF3A9C/source completed (215ms, status: 200)
14:10:50.903445 [DEBUG] WDA POST /session/C64A131B-1339-4A16-B89A-036D86FF3A9C/element body={"using":"predicate string","value":"((type == 'XCUIElementTypeTextField' OR type == 'XCUIElementTyp...
14:10:50.903464 [DEBUG] WDA POST /session/C64A131B-1339-4A16-B89A-036D86FF3A9C/element body={"using":"class chain","value":"**/XCUIElementTypeButton[`(label ==[c] 'Remove' OR name ==[c] 'Remov...
14:10:50.903482 [DEBUG] WDA POST /session/C64A131B-1339-4A16-B89A-036D86FF3A9C/element body={"using":"class chain","value":"**/XCUIElementTypeTextField[`(label CONTAINS[c] 'Remove' OR value CO...
14:10:50.903509 [DEBUG] WDA POST /session/C64A131B-1339-4A16-B89A-036D86FF3A9C/element body={"using":"class chain","value":"**/XCUIElementTypeSecureTextField[`(label CONTAINS[c] 'Remove' OR va...
14:10:50.926324 [DEBUG] WDA POST /session/C64A131B-1339-4A16-B89A-036D86FF3A9C/element completed (22ms, status: 404)
14:10:50.947960 [DEBUG] WDA POST /session/C64A131B-1339-4A16-B89A-036D86FF3A9C/element completed (44ms, status: 404)
14:10:50.969407 [DEBUG] WDA POST /session/C64A131B-1339-4A16-B89A-036D86FF3A9C/element completed (65ms, status: 404)
14:10:50.990400 [DEBUG] WDA POST /session/C64A131B-1339-4A16-B89A-036D86FF3A9C/element completed (86ms, status: 404)
14:10:50.990565 [DEBUG] WDA POST /session/C64A131B-1339-4A16-B89A-036D86FF3A9C/element body={"using":"predicate string","value":"(label == 'Remove' OR name == 'Remove' OR value == 'Remove')"}
14:10:51.013720 [DEBUG] WDA POST /session/C64A131B-1339-4A16-B89A-036D86FF3A9C/element completed (23ms, status: 404)
14:10:51.013866 [DEBUG] WDA POST /session/C64A131B-1339-4A16-B89A-036D86FF3A9C/element body={"using":"predicate string","value":"(label CONTAINS[c] 'Remove' OR name CONTAINS[c] 'Remove' OR val...
14:10:51.037486 [DEBUG] WDA POST /session/C64A131B-1339-4A16-B89A-036D86FF3A9C/element completed (23ms, status: 404)
14:10:51.038157 [DEBUG] WDA GET /session/C64A131B-1339-4A16-B89A-036D86FF3A9C/source
14:10:51.240814 [DEBUG] WDA GET /session/C64A131B-1339-4A16-B89A-036D86FF3A9C/source completed (202ms, status: 200)
14:10:51.241596 [DEBUG] WDA POST /session/C64A131B-1339-4A16-B89A-036D86FF3A9C/element body={"using":"class chain","value":"**/XCUIElementTypeButton[`(label ==[c] 'Remove' OR name ==[c] 'Remov...
14:10:51.241614 [DEBUG] WDA POST /session/C64A131B-1339-4A16-B89A-036D86FF3A9C/element body={"using":"class chain","value":"**/XCUIElementTypeTextField[`(label CONTAINS[c] 'Remove' OR value CO...
14:10:51.241632 [DEBUG] WDA POST /session/C64A131B-1339-4A16-B89A-036D86FF3A9C/element body={"using":"class chain","value":"**/XCUIElementTypeSecureTextField[`(label CONTAINS[c] 'Remove' OR va...
14:10:51.241648 [DEBUG] WDA POST /session/C64A131B-1339-4A16-B89A-036D86FF3A9C/element body={"using":"predicate string","value":"((type == 'XCUIElementTypeTextField' OR type == 'XCUIElementTyp...
14:10:51.263330 [DEBUG] WDA POST /session/C64A131B-1339-4A16-B89A-036D86FF3A9C/element completed (21ms, status: 404)
14:10:51.284149 [DEBUG] WDA POST /session/C64A131B-1339-4A16-B89A-036D86FF3A9C/element completed (42ms, status: 404)
14:10:51.306618 [DEBUG] WDA POST /session/C64A131B-1339-4A16-B89A-036D86FF3A9C/element completed (65ms, status: 404)
14:10:51.327352 [DEBUG] WDA POST /session/C64A131B-1339-4A16-B89A-036D86FF3A9C/element completed (85ms, status: 404)
14:10:51.327508 [DEBUG] WDA POST /session/C64A131B-1339-4A16-B89A-036D86FF3A9C/element body={"using":"predicate string","value":"(label == 'Remove' OR name == 'Remove' OR value == 'Remove')"}
14:10:51.350794 [DEBUG] WDA POST /session/C64A131B-1339-4A16-B89A-036D86FF3A9C/element completed (23ms, status: 404)
14:10:51.351004 [DEBUG] WDA POST /session/C64A131B-1339-4A16-B89A-036D86FF3A9C/element body={"using":"predicate string","value":"(label CONTAINS[c] 'Remove' OR name CONTAINS[c] 'Remove' OR val...
14:10:51.375236 [DEBUG] WDA POST /session/C64A131B-1339-4A16-B89A-036D86FF3A9C/element completed (24ms, status: 404)
14:10:51.375307 [DEBUG] WDA GET /session/C64A131B-1339-4A16-B89A-036D86FF3A9C/source
14:10:51.602187 [DEBUG] WDA GET /session/C64A131B-1339-4A16-B89A-036D86FF3A9C/source completed (226ms, status: 200)
14:10:51.602988 [DEBUG] WDA POST /session/C64A131B-1339-4A16-B89A-036D86FF3A9C/element body={"using":"predicate string","value":"((type == 'XCUIElementTypeTextField' OR type == 'XCUIElementTyp...
14:10:51.603014 [DEBUG] WDA POST /session/C64A131B-1339-4A16-B89A-036D86FF3A9C/element body={"using":"class chain","value":"**/XCUIElementTypeButton[`(label ==[c] 'Remove' OR name ==[c] 'Remov...
14:10:51.603042 [DEBUG] WDA POST /session/C64A131B-1339-4A16-B89A-036D86FF3A9C/element body={"using":"class chain","value":"**/XCUIElementTypeSecureTextField[`(label CONTAINS[c] 'Remove' OR va...
14:10:51.603064 [DEBUG] WDA POST /session/C64A131B-1339-4A16-B89A-036D86FF3A9C/element body={"using":"class chain","value":"**/XCUIElementTypeTextField[`(label CONTAINS[c] 'Remove' OR value CO...
14:10:51.627854 [DEBUG] WDA POST /session/C64A131B-1339-4A16-B89A-036D86FF3A9C/element completed (24ms, status: 404)
14:10:51.650968 [DEBUG] WDA POST /session/C64A131B-1339-4A16-B89A-036D86FF3A9C/element completed (47ms, status: 404)
14:10:51.673772 [DEBUG] WDA POST /session/C64A131B-1339-4A16-B89A-036D86FF3A9C/element completed (70ms, status: 404)
14:10:51.696407 [DEBUG] WDA POST /session/C64A131B-1339-4A16-B89A-036D86FF3A9C/element completed (93ms, status: 404)
14:10:51.696491 [DEBUG] WDA POST /session/C64A131B-1339-4A16-B89A-036D86FF3A9C/element body={"using":"predicate string","value":"(label == 'Remove' OR name == 'Remove' OR value == 'Remove')"}
14:10:51.720573 [DEBUG] WDA POST /session/C64A131B-1339-4A16-B89A-036D86FF3A9C/element completed (24ms, status: 404)
14:10:51.720651 [DEBUG] WDA POST /session/C64A131B-1339-4A16-B89A-036D86FF3A9C/element body={"using":"predicate string","value":"(label CONTAINS[c] 'Remove' OR name CONTAINS[c] 'Remove' OR val...
14:10:51.744807 [DEBUG] WDA POST /session/C64A131B-1339-4A16-B89A-036D86FF3A9C/element completed (24ms, status: 404)
14:10:51.744876 [DEBUG] WDA GET /session/C64A131B-1339-4A16-B89A-036D86FF3A9C/source
14:10:51.980798 [DEBUG] WDA GET /session/C64A131B-1339-4A16-B89A-036D86FF3A9C/source completed (235ms, status: 200)
14:10:51.981184 [DEBUG] WDA POST /session/C64A131B-1339-4A16-B89A-036D86FF3A9C/element body={"using":"predicate string","value":"((type == 'XCUIElementTypeTextField' OR type == 'XCUIElementTyp...
14:10:51.981193 [DEBUG] WDA POST /session/C64A131B-1339-4A16-B89A-036D86FF3A9C/element body={"using":"class chain","value":"**/XCUIElementTypeSecureTextField[`(label CONTAINS[c] 'Remove' OR va...
14:10:51.981207 [DEBUG] WDA POST /session/C64A131B-1339-4A16-B89A-036D86FF3A9C/element body={"using":"class chain","value":"**/XCUIElementTypeButton[`(label ==[c] 'Remove' OR name ==[c] 'Remov...
14:10:51.981218 [DEBUG] WDA POST /session/C64A131B-1339-4A16-B89A-036D86FF3A9C/element body={"using":"class chain","value":"**/XCUIElementTypeTextField[`(label CONTAINS[c] 'Remove' OR value CO...
14:10:52.021544 [DEBUG] WDA POST /session/C64A131B-1339-4A16-B89A-036D86FF3A9C/element completed (40ms, status: 404)
14:10:52.044479 [DEBUG] WDA POST /session/C64A131B-1339-4A16-B89A-036D86FF3A9C/element completed (63ms, status: 404)
14:10:52.067012 [DEBUG] WDA POST /session/C64A131B-1339-4A16-B89A-036D86FF3A9C/element completed (85ms, status: 404)
14:10:52.089564 [DEBUG] WDA POST /session/C64A131B-1339-4A16-B89A-036D86FF3A9C/element completed (108ms, status: 404)
14:10:52.089660 [DEBUG] WDA POST /session/C64A131B-1339-4A16-B89A-036D86FF3A9C/element body={"using":"predicate string","value":"(label == 'Remove' OR name == 'Remove' OR value == 'Remove')"}
14:10:52.115188 [DEBUG] WDA POST /session/C64A131B-1339-4A16-B89A-036D86FF3A9C/element completed (25ms, status: 404)
14:10:52.115268 [DEBUG] WDA POST /session/C64A131B-1339-4A16-B89A-036D86FF3A9C/element body={"using":"predicate string","value":"(label CONTAINS[c] 'Remove' OR name CONTAINS[c] 'Remove' OR val...
14:10:52.141034 [DEBUG] WDA POST /session/C64A131B-1339-4A16-B89A-036D86FF3A9C/element completed (25ms, status: 404)
14:10:52.141111 [DEBUG] WDA GET /session/C64A131B-1339-4A16-B89A-036D86FF3A9C/source
14:10:52.359989 [DEBUG] WDA GET /session/C64A131B-1339-4A16-B89A-036D86FF3A9C/source completed (218ms, status: 200)
14:10:52.360369 [DEBUG] WDA POST /session/C64A131B-1339-4A16-B89A-036D86FF3A9C/element body={"using":"class chain","value":"**/XCUIElementTypeSecureTextField[`(label CONTAINS[c] 'Remove' OR va...
14:10:52.360377 [DEBUG] WDA POST /session/C64A131B-1339-4A16-B89A-036D86FF3A9C/element body={"using":"predicate string","value":"((type == 'XCUIElementTypeTextField' OR type == 'XCUIElementTyp...
14:10:52.360383 [DEBUG] WDA POST /session/C64A131B-1339-4A16-B89A-036D86FF3A9C/element body={"using":"class chain","value":"**/XCUIElementTypeTextField[`(label CONTAINS[c] 'Remove' OR value CO...
14:10:52.360401 [DEBUG] WDA POST /session/C64A131B-1339-4A16-B89A-036D86FF3A9C/element body={"using":"class chain","value":"**/XCUIElementTypeButton[`(label ==[c] 'Remove' OR name ==[c] 'Remov...
14:10:52.382858 [DEBUG] WDA POST /session/C64A131B-1339-4A16-B89A-036D86FF3A9C/element completed (22ms, status: 404)
14:10:52.406812 [DEBUG] WDA POST /session/C64A131B-1339-4A16-B89A-036D86FF3A9C/element completed (46ms, status: 404)
14:10:52.429348 [DEBUG] WDA POST /session/C64A131B-1339-4A16-B89A-036D86FF3A9C/element completed (68ms, status: 404)
14:10:52.452783 [DEBUG] WDA POST /session/C64A131B-1339-4A16-B89A-036D86FF3A9C/element completed (92ms, status: 404)
14:10:52.453053 [DEBUG] WDA POST /session/C64A131B-1339-4A16-B89A-036D86FF3A9C/element body={"using":"predicate string","value":"(label == 'Remove' OR name == 'Remove' OR value == 'Remove')"}
14:10:52.479055 [DEBUG] WDA POST /session/C64A131B-1339-4A16-B89A-036D86FF3A9C/element completed (26ms, status: 404)
14:10:52.479136 [DEBUG] WDA POST /session/C64A131B-1339-4A16-B89A-036D86FF3A9C/element body={"using":"predicate string","value":"(label CONTAINS[c] 'Remove' OR name CONTAINS[c] 'Remove' OR val...
14:10:52.504330 [DEBUG] WDA POST /session/C64A131B-1339-4A16-B89A-036D86FF3A9C/element completed (25ms, status: 404)
14:10:52.504418 [DEBUG] WDA GET /session/C64A131B-1339-4A16-B89A-036D86FF3A9C/source
14:10:52.734072 [DEBUG] WDA GET /session/C64A131B-1339-4A16-B89A-036D86FF3A9C/source completed (229ms, status: 200)
14:10:52.734447 [DEBUG] WDA POST /session/C64A131B-1339-4A16-B89A-036D86FF3A9C/element body={"using":"predicate string","value":"((type == 'XCUIElementTypeTextField' OR type == 'XCUIElementTyp...
14:10:52.734452 [DEBUG] WDA POST /session/C64A131B-1339-4A16-B89A-036D86FF3A9C/element body={"using":"class chain","value":"**/XCUIElementTypeSecureTextField[`(label CONTAINS[c] 'Remove' OR va...
14:10:52.734474 [DEBUG] WDA POST /session/C64A131B-1339-4A16-B89A-036D86FF3A9C/element body={"using":"class chain","value":"**/XCUIElementTypeTextField[`(label CONTAINS[c] 'Remove' OR value CO...
14:10:52.734496 [DEBUG] WDA POST /session/C64A131B-1339-4A16-B89A-036D86FF3A9C/element body={"using":"class chain","value":"**/XCUIElementTypeButton[`(label ==[c] 'Remove' OR name ==[c] 'Remov...
14:10:52.758707 [DEBUG] WDA POST /session/C64A131B-1339-4A16-B89A-036D86FF3A9C/element completed (24ms, status: 404)
14:10:52.781954 [DEBUG] WDA POST /session/C64A131B-1339-4A16-B89A-036D86FF3A9C/element completed (47ms, status: 404)
14:10:52.805898 [DEBUG] WDA POST /session/C64A131B-1339-4A16-B89A-036D86FF3A9C/element completed (71ms, status: 404)
14:10:52.828559 [DEBUG] WDA POST /session/C64A131B-1339-4A16-B89A-036D86FF3A9C/element completed (94ms, status: 404)
14:10:52.828654 [DEBUG] WDA POST /session/C64A131B-1339-4A16-B89A-036D86FF3A9C/element body={"using":"predicate string","value":"(label == 'Remove' OR name == 'Remove' OR value == 'Remove')"}
14:10:52.853050 [DEBUG] WDA POST /session/C64A131B-1339-4A16-B89A-036D86FF3A9C/element completed (24ms, status: 404)
14:10:52.853127 [DEBUG] WDA POST /session/C64A131B-1339-4A16-B89A-036D86FF3A9C/element body={"using":"predicate string","value":"(label CONTAINS[c] 'Remove' OR name CONTAINS[c] 'Remove' OR val...
14:10:52.877861 [DEBUG] WDA POST /session/C64A131B-1339-4A16-B89A-036D86FF3A9C/element completed (24ms, status: 404)
14:10:52.877931 [DEBUG] WDA GET /session/C64A131B-1339-4A16-B89A-036D86FF3A9C/source
14:10:53.098975 [DEBUG] WDA GET /session/C64A131B-1339-4A16-B89A-036D86FF3A9C/source completed (221ms, status: 200)
14:10:53.099613 [DEBUG] WDA POST /session/C64A131B-1339-4A16-B89A-036D86FF3A9C/element body={"using":"predicate string","value":"((type == 'XCUIElementTypeTextField' OR type == 'XCUIElementTyp...
14:10:53.099621 [DEBUG] WDA POST /session/C64A131B-1339-4A16-B89A-036D86FF3A9C/element body={"using":"class chain","value":"**/XCUIElementTypeTextField[`(label CONTAINS[c] 'Remove' OR value CO...
14:10:53.099628 [DEBUG] WDA POST /session/C64A131B-1339-4A16-B89A-036D86FF3A9C/element body={"using":"class chain","value":"**/XCUIElementTypeButton[`(label ==[c] 'Remove' OR name ==[c] 'Remov...
14:10:53.099645 [DEBUG] WDA POST /session/C64A131B-1339-4A16-B89A-036D86FF3A9C/element body={"using":"class chain","value":"**/XCUIElementTypeSecureTextField[`(label CONTAINS[c] 'Remove' OR va...
14:10:53.121737 [DEBUG] WDA POST /session/C64A131B-1339-4A16-B89A-036D86FF3A9C/element completed (22ms, status: 404)
14:10:53.145693 [DEBUG] WDA POST /session/C64A131B-1339-4A16-B89A-036D86FF3A9C/element completed (46ms, status: 404)
14:10:53.168091 [DEBUG] WDA POST /session/C64A131B-1339-4A16-B89A-036D86FF3A9C/element completed (68ms, status: 404)
14:10:53.189716 [DEBUG] WDA POST /session/C64A131B-1339-4A16-B89A-036D86FF3A9C/element completed (90ms, status: 404)
14:10:53.189805 [DEBUG] WDA POST /session/C64A131B-1339-4A16-B89A-036D86FF3A9C/element body={"using":"predicate string","value":"(label == 'Remove' OR name == 'Remove' OR value == 'Remove')"}
14:10:53.213964 [DEBUG] WDA POST /session/C64A131B-1339-4A16-B89A-036D86FF3A9C/element completed (24ms, status: 404)
14:10:53.214042 [DEBUG] WDA POST /session/C64A131B-1339-4A16-B89A-036D86FF3A9C/element body={"using":"predicate string","value":"(label CONTAINS[c] 'Remove' OR name CONTAINS[c] 'Remove' OR val...
14:10:53.238694 [DEBUG] WDA POST /session/C64A131B-1339-4A16-B89A-036D86FF3A9C/element completed (24ms, status: 404)
14:10:53.238764 [DEBUG] WDA GET /session/C64A131B-1339-4A16-B89A-036D86FF3A9C/source
14:10:53.452940 [DEBUG] WDA GET /session/C64A131B-1339-4A16-B89A-036D86FF3A9C/source completed (214ms, status: 200)
14:10:53.453315 [DEBUG] WDA POST /session/C64A131B-1339-4A16-B89A-036D86FF3A9C/element body={"using":"predicate string","value":"((type == 'XCUIElementTypeTextField' OR type == 'XCUIElementTyp...
14:10:53.453330 [DEBUG] WDA POST /session/C64A131B-1339-4A16-B89A-036D86FF3A9C/element body={"using":"class chain","value":"**/XCUIElementTypeSecureTextField[`(label CONTAINS[c] 'Remove' OR va...
14:10:53.453353 [DEBUG] WDA POST /session/C64A131B-1339-4A16-B89A-036D86FF3A9C/element body={"using":"class chain","value":"**/XCUIElementTypeButton[`(label ==[c] 'Remove' OR name ==[c] 'Remov...
14:10:53.453389 [DEBUG] WDA POST /session/C64A131B-1339-4A16-B89A-036D86FF3A9C/element body={"using":"class chain","value":"**/XCUIElementTypeTextField[`(label CONTAINS[c] 'Remove' OR value CO...
14:10:53.475868 [DEBUG] WDA POST /session/C64A131B-1339-4A16-B89A-036D86FF3A9C/element completed (22ms, status: 404)
14:10:53.499344 [DEBUG] WDA POST /session/C64A131B-1339-4A16-B89A-036D86FF3A9C/element completed (46ms, status: 404)
14:10:53.521597 [DEBUG] WDA POST /session/C64A131B-1339-4A16-B89A-036D86FF3A9C/element completed (68ms, status: 404)
14:10:53.543698 [DEBUG] WDA POST /session/C64A131B-1339-4A16-B89A-036D86FF3A9C/element completed (90ms, status: 404)
14:10:53.543785 [DEBUG] WDA POST /session/C64A131B-1339-4A16-B89A-036D86FF3A9C/element body={"using":"predicate string","value":"(label == 'Remove' OR name == 'Remove' OR value == 'Remove')"}
14:10:53.567939 [DEBUG] WDA POST /session/C64A131B-1339-4A16-B89A-036D86FF3A9C/element completed (24ms, status: 404)
14:10:53.568036 [DEBUG] WDA POST /session/C64A131B-1339-4A16-B89A-036D86FF3A9C/element body={"using":"predicate string","value":"(label CONTAINS[c] 'Remove' OR name CONTAINS[c] 'Remove' OR val...
14:10:53.592837 [DEBUG] WDA POST /session/C64A131B-1339-4A16-B89A-036D86FF3A9C/element completed (24ms, status: 404)
14:10:53.592919 [DEBUG] WDA GET /session/C64A131B-1339-4A16-B89A-036D86FF3A9C/source
14:10:53.805473 [DEBUG] WDA GET /session/C64A131B-1339-4A16-B89A-036D86FF3A9C/source completed (212ms, status: 200)
14:10:53.806459 [DEBUG] WDA POST /session/C64A131B-1339-4A16-B89A-036D86FF3A9C/element body={"using":"class chain","value":"**/XCUIElementTypeSecureTextField[`(label CONTAINS[c] 'Remove' OR va...
14:10:53.806535 [DEBUG] WDA POST /session/C64A131B-1339-4A16-B89A-036D86FF3A9C/element body={"using":"class chain","value":"**/XCUIElementTypeTextField[`(label CONTAINS[c] 'Remove' OR value CO...
14:10:53.806570 [DEBUG] WDA POST /session/C64A131B-1339-4A16-B89A-036D86FF3A9C/element body={"using":"class chain","value":"**/XCUIElementTypeButton[`(label ==[c] 'Remove' OR name ==[c] 'Remov...
14:10:53.806606 [DEBUG] WDA POST /session/C64A131B-1339-4A16-B89A-036D86FF3A9C/element body={"using":"predicate string","value":"((type == 'XCUIElementTypeTextField' OR type == 'XCUIElementTyp...
14:10:53.828525 [DEBUG] WDA POST /session/C64A131B-1339-4A16-B89A-036D86FF3A9C/element completed (22ms, status: 404)
14:10:53.850221 [DEBUG] WDA POST /session/C64A131B-1339-4A16-B89A-036D86FF3A9C/element completed (43ms, status: 404)
14:10:53.872592 [DEBUG] WDA POST /session/C64A131B-1339-4A16-B89A-036D86FF3A9C/element completed (66ms, status: 404)
14:10:53.894153 [DEBUG] WDA POST /session/C64A131B-1339-4A16-B89A-036D86FF3A9C/element completed (87ms, status: 404)
14:10:53.894324 [DEBUG] WDA POST /session/C64A131B-1339-4A16-B89A-036D86FF3A9C/element body={"using":"predicate string","value":"(label == 'Remove' OR name == 'Remove' OR value == 'Remove')"}
14:10:53.918479 [DEBUG] WDA POST /session/C64A131B-1339-4A16-B89A-036D86FF3A9C/element completed (24ms, status: 404)
14:10:53.918585 [DEBUG] WDA POST /session/C64A131B-1339-4A16-B89A-036D86FF3A9C/element body={"using":"predicate string","value":"(label CONTAINS[c] 'Remove' OR name CONTAINS[c] 'Remove' OR val...
14:10:53.943894 [DEBUG] WDA POST /session/C64A131B-1339-4A16-B89A-036D86FF3A9C/element completed (25ms, status: 404)
14:10:53.943977 [DEBUG] WDA GET /session/C64A131B-1339-4A16-B89A-036D86FF3A9C/source
14:10:54.168714 [DEBUG] WDA GET /session/C64A131B-1339-4A16-B89A-036D86FF3A9C/source completed (224ms, status: 200)
14:10:54.169391 [DEBUG] WDA POST /session/C64A131B-1339-4A16-B89A-036D86FF3A9C/element body={"using":"predicate string","value":"((type == 'XCUIElementTypeTextField' OR type == 'XCUIElementTyp...
14:10:54.169402 [DEBUG] WDA POST /session/C64A131B-1339-4A16-B89A-036D86FF3A9C/element body={"using":"class chain","value":"**/XCUIElementTypeButton[`(label ==[c] 'Remove' OR name ==[c] 'Remov...
14:10:54.169412 [DEBUG] WDA POST /session/C64A131B-1339-4A16-B89A-036D86FF3A9C/element body={"using":"class chain","value":"**/XCUIElementTypeTextField[`(label CONTAINS[c] 'Remove' OR value CO...
14:10:54.169425 [DEBUG] WDA POST /session/C64A131B-1339-4A16-B89A-036D86FF3A9C/element body={"using":"class chain","value":"**/XCUIElementTypeSecureTextField[`(label CONTAINS[c] 'Remove' OR va...
14:10:54.210382 [DEBUG] WDA POST /session/C64A131B-1339-4A16-B89A-036D86FF3A9C/element completed (41ms, status: 404)
14:10:54.234142 [DEBUG] WDA POST /session/C64A131B-1339-4A16-B89A-036D86FF3A9C/element completed (64ms, status: 404)
14:10:54.257378 [DEBUG] WDA POST /session/C64A131B-1339-4A16-B89A-036D86FF3A9C/element completed (87ms, status: 404)
14:10:54.281898 [DEBUG] WDA POST /session/C64A131B-1339-4A16-B89A-036D86FF3A9C/element completed (112ms, status: 404)
14:10:54.281998 [DEBUG] WDA POST /session/C64A131B-1339-4A16-B89A-036D86FF3A9C/element body={"using":"predicate string","value":"(label == 'Remove' OR name == 'Remove' OR value == 'Remove')"}
14:10:54.308793 [DEBUG] WDA POST /session/C64A131B-1339-4A16-B89A-036D86FF3A9C/element completed (26ms, status: 404)
14:10:54.308873 [DEBUG] WDA POST /session/C64A131B-1339-4A16-B89A-036D86FF3A9C/element body={"using":"predicate string","value":"(label CONTAINS[c] 'Remove' OR name CONTAINS[c] 'Remove' OR val...
14:10:54.337113 [DEBUG] WDA POST /session/C64A131B-1339-4A16-B89A-036D86FF3A9C/element completed (28ms, status: 404)
14:10:54.337189 [DEBUG] WDA GET /session/C64A131B-1339-4A16-B89A-036D86FF3A9C/source
14:10:54.572492 [DEBUG] WDA GET /session/C64A131B-1339-4A16-B89A-036D86FF3A9C/source completed (235ms, status: 200)
14:10:54.573122 [DEBUG] WDA POST /session/C64A131B-1339-4A16-B89A-036D86FF3A9C/element body={"using":"predicate string","value":"((type == 'XCUIElementTypeTextField' OR type == 'XCUIElementTyp...
14:10:54.573144 [DEBUG] WDA POST /session/C64A131B-1339-4A16-B89A-036D86FF3A9C/element body={"using":"class chain","value":"**/XCUIElementTypeSecureTextField[`(label CONTAINS[c] 'Remove' OR va...
14:10:54.573162 [DEBUG] WDA POST /session/C64A131B-1339-4A16-B89A-036D86FF3A9C/element body={"using":"class chain","value":"**/XCUIElementTypeTextField[`(label CONTAINS[c] 'Remove' OR value CO...
14:10:54.573181 [DEBUG] WDA POST /session/C64A131B-1339-4A16-B89A-036D86FF3A9C/element body={"using":"class chain","value":"**/XCUIElementTypeButton[`(label ==[c] 'Remove' OR name ==[c] 'Remov...
14:10:54.595989 [DEBUG] WDA POST /session/C64A131B-1339-4A16-B89A-036D86FF3A9C/element completed (22ms, status: 404)
14:10:54.619822 [DEBUG] WDA POST /session/C64A131B-1339-4A16-B89A-036D86FF3A9C/element completed (46ms, status: 404)
14:10:54.642362 [DEBUG] WDA POST /session/C64A131B-1339-4A16-B89A-036D86FF3A9C/element completed (69ms, status: 404)
14:10:54.664557 [DEBUG] WDA POST /session/C64A131B-1339-4A16-B89A-036D86FF3A9C/element completed (91ms, status: 404)
14:10:54.664627 [DEBUG] WDA POST /session/C64A131B-1339-4A16-B89A-036D86FF3A9C/element body={"using":"predicate string","value":"(label == 'Remove' OR name == 'Remove' OR value == 'Remove')"}
14:10:54.688271 [DEBUG] WDA POST /session/C64A131B-1339-4A16-B89A-036D86FF3A9C/element completed (23ms, status: 404)
14:10:54.688341 [DEBUG] WDA POST /session/C64A131B-1339-4A16-B89A-036D86FF3A9C/element body={"using":"predicate string","value":"(label CONTAINS[c] 'Remove' OR name CONTAINS[c] 'Remove' OR val...
14:10:54.713230 [DEBUG] WDA POST /session/C64A131B-1339-4A16-B89A-036D86FF3A9C/element completed (24ms, status: 404)
14:10:54.713305 [DEBUG] WDA GET /session/C64A131B-1339-4A16-B89A-036D86FF3A9C/source
14:10:54.933404 [DEBUG] WDA GET /session/C64A131B-1339-4A16-B89A-036D86FF3A9C/source completed (220ms, status: 200)
14:10:54.933772 [ERROR] Step 9 failed (12041ms): tapOn: text="Remove" - Error: Element not found: text='Remove' (cause: context deadline exceeded: WDA error: unable to find an element using 'predicate string', value '(label CONTAINS[c] 'Remove' OR name CONTAINS[c] 'Remove' OR value CONTAINS[c] 'Remove')'; page source: no elements match selector; closest on-screen texts: "love", "water.waves", "Vertical scroll bar, 1 page")
14:10:54.933784 [DEBUG] WDA GET /session/C64A131B-1339-4A16-B89A-036D86FF3A9C/screenshot
14:10:55.008554 [DEBUG] WDA GET /session/C64A131B-1339-4A16-B89A-036D86FF3A9C/screenshot completed (74ms, status: 200)
14:10:55.011389 [DEBUG] WDA GET /session/C64A131B-1339-4A16-B89A-036D86FF3A9C/source
14:10:55.216533 [DEBUG] WDA GET /session/C64A131B-1339-4A16-B89A-036D86FF3A9C/source completed (205ms, status: 200)
14:10:55.229316 [INFO] === Flow completed: 02-favorite (status: failed, duration: 21077ms, passed: 9, failed: 1, skipped: 3) ===
14:10:55.264242 [INFO] Flow execution completed: 1 passed, 1 failed, 10 skipped
14:10:55.264749 [INFO] Generating reports...
14:10:55.266772 [INFO] Shutting down devices started by maestro-runner...
14:10:55.266783 [INFO] Shutting down all tracked emulators
14:10:55.266788 [INFO] Shutting down all tracked simulators
