14:02:35.721639 POST /session [7.222333ms] OK body={"capabilities":{"platformName":"Android","deviceName":"sdk_gphone64_arm64"}}
14:02:35.725060 POST /session/cde1dcca-655d-4353-967b-b0455eb66691/appium/settings [3.319458ms] OK body={"settings":{"enableMultiWindows":true,"waitForIdleTimeout":200}}
14:02:35.727245 POST /session/cde1dcca-655d-4353-967b-b0455eb66691/appium/settings [2.1545ms] OK body={"settings":{"implicitWait":100}}
14:02:35.771635 GET /session/cde1dcca-655d-4353-967b-b0455eb66691/appium/device/info [20.519667ms] OK body=
14:02:35.779118 POST /session/cde1dcca-655d-4353-967b-b0455eb66691/appium/settings [5.491917ms] OK body={"settings":{"waitForIdleTimeout":200}}
14:02:36.545059 POST /session/cde1dcca-655d-4353-967b-b0455eb66691/appium/device/launch_app [13.412167ms] OK body={"appId":"com.kylebrowning.landmarks"}
14:02:38.225913 POST /session/cde1dcca-655d-4353-967b-b0455eb66691/element [679.461417ms] OK body={"strategy":"-android uiautomator","selector":"new UiSelector().textContains(\"Landmarks\")"}
14:02:38.813942 POST /session/cde1dcca-655d-4353-967b-b0455eb66691/element [585.083625ms] OK body={"strategy":"-android uiautomator","selector":"new UiSelector().textContains(\"Featured\")"}
14:02:38.848414 POST /session/cde1dcca-655d-4353-967b-b0455eb66691/element [33.1505ms] ERR:404 body={"strategy":"-android uiautomator","selector":"new UiSelector().textContains(\"This never appears\")...
14:02:38.881336 POST /session/cde1dcca-655d-4353-967b-b0455eb66691/element [32.827334ms] ERR:404 body={"strategy":"-android uiautomator","selector":"new UiSelector().descriptionContains(\"This never app...
14:02:38.935177 POST /session/cde1dcca-655d-4353-967b-b0455eb66691/element [53.719917ms] ERR:404 body={"strategy":"-android uiautomator","selector":"new UiSelector().textMatches(\"(?is).*\\QThis never a...
14:02:38.998655 POST /session/cde1dcca-655d-4353-967b-b0455eb66691/element [63.330084ms] ERR:404 body={"strategy":"-android uiautomator","selector":"new UiSelector().descriptionMatches(\"(?is).*\\QThis ...
14:02:39.063325 POST /session/cde1dcca-655d-4353-967b-b0455eb66691/element [64.595042ms] ERR:404 body={"strategy":"-android uiautomator","selector":"new UiSelector().textContains(\"This never appears\")...
14:02:39.104586 POST /session/cde1dcca-655d-4353-967b-b0455eb66691/element [41.142166ms] ERR:404 body={"strategy":"-android uiautomator","selector":"new UiSelector().descriptionContains(\"This never app...
14:02:39.156060 POST /session/cde1dcca-655d-4353-967b-b0455eb66691/element [51.398542ms] ERR:404 body={"strategy":"-android uiautomator","selector":"new UiSelector().textMatches(\"(?is).*\\QThis never a...
14:02:39.205250 POST /session/cde1dcca-655d-4353-967b-b0455eb66691/element [49.077375ms] ERR:404 body={"strategy":"-android uiautomator","selector":"new UiSelector().descriptionMatches(\"(?is).*\\QThis ...
14:02:39.242287 POST /session/cde1dcca-655d-4353-967b-b0455eb66691/element [36.971959ms] ERR:404 body={"strategy":"-android uiautomator","selector":"new UiSelector().textContains(\"This never appears\")...
14:02:39.265398 POST /session/cde1dcca-655d-4353-967b-b0455eb66691/element [23.047625ms] ERR:404 body={"strategy":"-android uiautomator","selector":"new UiSelector().descriptionContains(\"This never app...
14:02:39.283487 POST /session/cde1dcca-655d-4353-967b-b0455eb66691/element [18.024667ms] ERR:404 body={"strategy":"-android uiautomator","selector":"new UiSelector().textMatches(\"(?is).*\\QThis never a...
14:02:39.301368 POST /session/cde1dcca-655d-4353-967b-b0455eb66691/element [17.816875ms] ERR:404 body={"strategy":"-android uiautomator","selector":"new UiSelector().descriptionMatches(\"(?is).*\\QThis ...
14:02:39.320059 POST /session/cde1dcca-655d-4353-967b-b0455eb66691/element [18.60475ms] ERR:404 body={"strategy":"-android uiautomator","selector":"new UiSelector().textContains(\"This never appears\")...
14:02:39.343595 POST /session/cde1dcca-655d-4353-967b-b0455eb66691/element [23.47525ms] ERR:404 body={"strategy":"-android uiautomator","selector":"new UiSelector().descriptionContains(\"This never app...
14:02:39.370105 POST /session/cde1dcca-655d-4353-967b-b0455eb66691/element [26.432125ms] ERR:404 body={"strategy":"-android uiautomator","selector":"new UiSelector().textMatches(\"(?is).*\\QThis never a...
14:02:39.389696 POST /session/cde1dcca-655d-4353-967b-b0455eb66691/element [19.496625ms] ERR:404 body={"strategy":"-android uiautomator","selector":"new UiSelector().descriptionMatches(\"(?is).*\\QThis ...
14:02:39.407966 POST /session/cde1dcca-655d-4353-967b-b0455eb66691/element [18.197667ms] ERR:404 body={"strategy":"-android uiautomator","selector":"new UiSelector().textContains(\"This never appears\")...
14:02:39.427269 POST /session/cde1dcca-655d-4353-967b-b0455eb66691/element [19.237042ms] ERR:404 body={"strategy":"-android uiautomator","selector":"new UiSelector().descriptionContains(\"This never app...
14:02:39.448927 POST /session/cde1dcca-655d-4353-967b-b0455eb66691/element [21.596834ms] ERR:404 body={"strategy":"-android uiautomator","selector":"new UiSelector().textMatches(\"(?is).*\\QThis never a...
14:02:39.467061 POST /session/cde1dcca-655d-4353-967b-b0455eb66691/element [18.079292ms] ERR:404 body={"strategy":"-android uiautomator","selector":"new UiSelector().descriptionMatches(\"(?is).*\\QThis ...
14:02:39.484744 POST /session/cde1dcca-655d-4353-967b-b0455eb66691/element [17.607334ms] ERR:404 body={"strategy":"-android uiautomator","selector":"new UiSelector().textContains(\"This never appears\")...
14:02:39.502889 POST /session/cde1dcca-655d-4353-967b-b0455eb66691/element [18.084583ms] ERR:404 body={"strategy":"-android uiautomator","selector":"new UiSelector().descriptionContains(\"This never app...
14:02:39.520881 POST /session/cde1dcca-655d-4353-967b-b0455eb66691/element [17.92ms] ERR:404 body={"strategy":"-android uiautomator","selector":"new UiSelector().textMatches(\"(?is).*\\QThis never a...
14:02:39.538787 POST /session/cde1dcca-655d-4353-967b-b0455eb66691/element [17.857ms] ERR:404 body={"strategy":"-android uiautomator","selector":"new UiSelector().descriptionMatches(\"(?is).*\\QThis ...
14:02:39.557147 POST /session/cde1dcca-655d-4353-967b-b0455eb66691/element [18.308125ms] ERR:404 body={"strategy":"-android uiautomator","selector":"new UiSelector().textContains(\"This never appears\")...
14:02:39.574783 POST /session/cde1dcca-655d-4353-967b-b0455eb66691/element [17.579584ms] ERR:404 body={"strategy":"-android uiautomator","selector":"new UiSelector().descriptionContains(\"This never app...
14:02:39.592160 POST /session/cde1dcca-655d-4353-967b-b0455eb66691/element [17.314458ms] ERR:404 body={"strategy":"-android uiautomator","selector":"new UiSelector().textMatches(\"(?is).*\\QThis never a...
14:02:39.611162 POST /session/cde1dcca-655d-4353-967b-b0455eb66691/element [18.944ms] ERR:404 body={"strategy":"-android uiautomator","selector":"new UiSelector().descriptionMatches(\"(?is).*\\QThis ...
14:02:39.629999 POST /session/cde1dcca-655d-4353-967b-b0455eb66691/element [18.783291ms] ERR:404 body={"strategy":"-android uiautomator","selector":"new UiSelector().textContains(\"This never appears\")...
14:02:39.647593 POST /session/cde1dcca-655d-4353-967b-b0455eb66691/element [17.529458ms] ERR:404 body={"strategy":"-android uiautomator","selector":"new UiSelector().descriptionContains(\"This never app...
14:02:39.665109 POST /session/cde1dcca-655d-4353-967b-b0455eb66691/element [17.447084ms] ERR:404 body={"strategy":"-android uiautomator","selector":"new UiSelector().textMatches(\"(?is).*\\QThis never a...
14:02:39.683737 POST /session/cde1dcca-655d-4353-967b-b0455eb66691/element [18.562542ms] ERR:404 body={"strategy":"-android uiautomator","selector":"new UiSelector().descriptionMatches(\"(?is).*\\QThis ...
14:02:39.703922 POST /session/cde1dcca-655d-4353-967b-b0455eb66691/element [20.118208ms] ERR:404 body={"strategy":"-android uiautomator","selector":"new UiSelector().textContains(\"This never appears\")...
14:02:39.722772 POST /session/cde1dcca-655d-4353-967b-b0455eb66691/element [18.786292ms] ERR:404 body={"strategy":"-android uiautomator","selector":"new UiSelector().descriptionContains(\"This never app...
14:02:39.740881 POST /session/cde1dcca-655d-4353-967b-b0455eb66691/element [18.013708ms] ERR:404 body={"strategy":"-android uiautomator","selector":"new UiSelector().textMatches(\"(?is).*\\QThis never a...
14:02:39.758750 POST /session/cde1dcca-655d-4353-967b-b0455eb66691/element [17.794291ms] ERR:404 body={"strategy":"-android uiautomator","selector":"new UiSelector().descriptionMatches(\"(?is).*\\QThis ...
14:02:39.775174 POST /session/cde1dcca-655d-4353-967b-b0455eb66691/element [16.358875ms] ERR:404 body={"strategy":"-android uiautomator","selector":"new UiSelector().textContains(\"This never appears\")...
14:02:39.795471 POST /session/cde1dcca-655d-4353-967b-b0455eb66691/element [20.23125ms] ERR:404 body={"strategy":"-android uiautomator","selector":"new UiSelector().descriptionContains(\"This never app...
14:02:39.818901 POST /session/cde1dcca-655d-4353-967b-b0455eb66691/element [23.359417ms] ERR:404 body={"strategy":"-android uiautomator","selector":"new UiSelector().textMatches(\"(?is).*\\QThis never a...
14:02:39.838877 POST /session/cde1dcca-655d-4353-967b-b0455eb66691/element [19.911708ms] ERR:404 body={"strategy":"-android uiautomator","selector":"new UiSelector().descriptionMatches(\"(?is).*\\QThis ...
14:02:39.856015 POST /session/cde1dcca-655d-4353-967b-b0455eb66691/element [17.044208ms] ERR:404 body={"strategy":"-android uiautomator","selector":"new UiSelector().textContains(\"This never appears\")...
14:02:39.873307 POST /session/cde1dcca-655d-4353-967b-b0455eb66691/element [17.220791ms] ERR:404 body={"strategy":"-android uiautomator","selector":"new UiSelector().descriptionContains(\"This never app...
14:02:39.890601 POST /session/cde1dcca-655d-4353-967b-b0455eb66691/element [17.222084ms] ERR:404 body={"strategy":"-android uiautomator","selector":"new UiSelector().textMatches(\"(?is).*\\QThis never a...
14:02:39.907731 POST /session/cde1dcca-655d-4353-967b-b0455eb66691/element [17.045375ms] ERR:404 body={"strategy":"-android uiautomator","selector":"new UiSelector().descriptionMatches(\"(?is).*\\QThis ...
14:02:39.928831 POST /session/cde1dcca-655d-4353-967b-b0455eb66691/element [20.988917ms] ERR:404 body={"strategy":"-android uiautomator","selector":"new UiSelector().textContains(\"This never appears\")...
14:02:39.947696 POST /session/cde1dcca-655d-4353-967b-b0455eb66691/element [18.799625ms] ERR:404 body={"strategy":"-android uiautomator","selector":"new UiSelector().descriptionContains(\"This never app...
14:02:39.965194 POST /session/cde1dcca-655d-4353-967b-b0455eb66691/element [17.42025ms] ERR:404 body={"strategy":"-android uiautomator","selector":"new UiSelector().textMatches(\"(?is).*\\QThis never a...
14:02:39.983166 POST /session/cde1dcca-655d-4353-967b-b0455eb66691/element [17.909542ms] ERR:404 body={"strategy":"-android uiautomator","selector":"new UiSelector().descriptionMatches(\"(?is).*\\QThis ...
14:02:39.999664 POST /session/cde1dcca-655d-4353-967b-b0455eb66691/element [16.43075ms] ERR:404 body={"strategy":"-android uiautomator","selector":"new UiSelector().textContains(\"This never appears\")...
14:02:40.017146 POST /session/cde1dcca-655d-4353-967b-b0455eb66691/element [17.416417ms] ERR:404 body={"strategy":"-android uiautomator","selector":"new UiSelector().descriptionContains(\"This never app...
14:02:40.033740 POST /session/cde1dcca-655d-4353-967b-b0455eb66691/element [16.522708ms] ERR:404 body={"strategy":"-android uiautomator","selector":"new UiSelector().textMatches(\"(?is).*\\QThis never a...
14:02:40.050817 POST /session/cde1dcca-655d-4353-967b-b0455eb66691/element [16.984625ms] ERR:404 body={"strategy":"-android uiautomator","selector":"new UiSelector().descriptionMatches(\"(?is).*\\QThis ...
14:02:40.066701 POST /session/cde1dcca-655d-4353-967b-b0455eb66691/element [15.796041ms] ERR:404 body={"strategy":"-android uiautomator","selector":"new UiSelector().textContains(\"This never appears\")...
14:02:40.082544 POST /session/cde1dcca-655d-4353-967b-b0455eb66691/element [15.787583ms] ERR:404 body={"strategy":"-android uiautomator","selector":"new UiSelector().descriptionContains(\"This never app...
14:02:40.098044 POST /session/cde1dcca-655d-4353-967b-b0455eb66691/element [15.406542ms] ERR:404 body={"strategy":"-android uiautomator","selector":"new UiSelector().textMatches(\"(?is).*\\QThis never a...
14:02:40.114094 POST /session/cde1dcca-655d-4353-967b-b0455eb66691/element [15.990667ms] ERR:404 body={"strategy":"-android uiautomator","selector":"new UiSelector().descriptionMatches(\"(?is).*\\QThis ...
14:02:40.129677 POST /session/cde1dcca-655d-4353-967b-b0455eb66691/element [15.511958ms] ERR:404 body={"strategy":"-android uiautomator","selector":"new UiSelector().textContains(\"This never appears\")...
14:02:40.144298 POST /session/cde1dcca-655d-4353-967b-b0455eb66691/element [14.571958ms] ERR:404 body={"strategy":"-android uiautomator","selector":"new UiSelector().descriptionContains(\"This never app...
14:02:40.160349 POST /session/cde1dcca-655d-4353-967b-b0455eb66691/element [15.988166ms] ERR:404 body={"strategy":"-android uiautomator","selector":"new UiSelector().textMatches(\"(?is).*\\QThis never a...
14:02:40.175378 POST /session/cde1dcca-655d-4353-967b-b0455eb66691/element [14.97975ms] ERR:404 body={"strategy":"-android uiautomator","selector":"new UiSelector().descriptionMatches(\"(?is).*\\QThis ...
14:02:40.190151 POST /session/cde1dcca-655d-4353-967b-b0455eb66691/element [14.698125ms] ERR:404 body={"strategy":"-android uiautomator","selector":"new UiSelector().textContains(\"This never appears\")...
14:02:40.206362 POST /session/cde1dcca-655d-4353-967b-b0455eb66691/element [16.152084ms] ERR:404 body={"strategy":"-android uiautomator","selector":"new UiSelector().descriptionContains(\"This never app...
14:02:40.223190 POST /session/cde1dcca-655d-4353-967b-b0455eb66691/element [16.762875ms] ERR:404 body={"strategy":"-android uiautomator","selector":"new UiSelector().textMatches(\"(?is).*\\QThis never a...
14:02:40.239399 POST /session/cde1dcca-655d-4353-967b-b0455eb66691/element [16.141ms] ERR:404 body={"strategy":"-android uiautomator","selector":"new UiSelector().descriptionMatches(\"(?is).*\\QThis ...
14:02:40.256410 POST /session/cde1dcca-655d-4353-967b-b0455eb66691/element [16.953916ms] ERR:404 body={"strategy":"-android uiautomator","selector":"new UiSelector().textContains(\"This never appears\")...
14:02:40.274334 POST /session/cde1dcca-655d-4353-967b-b0455eb66691/element [17.864542ms] ERR:404 body={"strategy":"-android uiautomator","selector":"new UiSelector().descriptionContains(\"This never app...
14:02:40.291236 POST /session/cde1dcca-655d-4353-967b-b0455eb66691/element [16.844833ms] ERR:404 body={"strategy":"-android uiautomator","selector":"new UiSelector().textMatches(\"(?is).*\\QThis never a...
14:02:40.307817 POST /session/cde1dcca-655d-4353-967b-b0455eb66691/element [16.523667ms] ERR:404 body={"strategy":"-android uiautomator","selector":"new UiSelector().descriptionMatches(\"(?is).*\\QThis ...
14:02:40.324375 POST /session/cde1dcca-655d-4353-967b-b0455eb66691/element [16.439417ms] ERR:404 body={"strategy":"-android uiautomator","selector":"new UiSelector().textContains(\"This never appears\")...
14:02:40.340260 POST /session/cde1dcca-655d-4353-967b-b0455eb66691/element [15.6705ms] ERR:404 body={"strategy":"-android uiautomator","selector":"new UiSelector().descriptionContains(\"This never app...
14:02:40.356018 POST /session/cde1dcca-655d-4353-967b-b0455eb66691/element [15.687334ms] ERR:404 body={"strategy":"-android uiautomator","selector":"new UiSelector().textMatches(\"(?is).*\\QThis never a...
14:02:40.371520 POST /session/cde1dcca-655d-4353-967b-b0455eb66691/element [15.437625ms] ERR:404 body={"strategy":"-android uiautomator","selector":"new UiSelector().descriptionMatches(\"(?is).*\\QThis ...
14:02:40.387633 POST /session/cde1dcca-655d-4353-967b-b0455eb66691/element [16.047792ms] ERR:404 body={"strategy":"-android uiautomator","selector":"new UiSelector().textContains(\"This never appears\")...
14:02:40.403207 POST /session/cde1dcca-655d-4353-967b-b0455eb66691/element [15.516625ms] ERR:404 body={"strategy":"-android uiautomator","selector":"new UiSelector().descriptionContains(\"This never app...
14:02:40.419035 POST /session/cde1dcca-655d-4353-967b-b0455eb66691/element [15.760041ms] ERR:404 body={"strategy":"-android uiautomator","selector":"new UiSelector().textMatches(\"(?is).*\\QThis never a...
14:02:40.435384 POST /session/cde1dcca-655d-4353-967b-b0455eb66691/element [16.284958ms] ERR:404 body={"strategy":"-android uiautomator","selector":"new UiSelector().descriptionMatches(\"(?is).*\\QThis ...
14:02:40.450665 POST /session/cde1dcca-655d-4353-967b-b0455eb66691/element [15.230583ms] ERR:404 body={"strategy":"-android uiautomator","selector":"new UiSelector().textContains(\"This never appears\")...
14:02:40.465762 POST /session/cde1dcca-655d-4353-967b-b0455eb66691/element [15.042708ms] ERR:404 body={"strategy":"-android uiautomator","selector":"new UiSelector().descriptionContains(\"This never app...
14:02:40.480791 POST /session/cde1dcca-655d-4353-967b-b0455eb66691/element [14.984916ms] ERR:404 body={"strategy":"-android uiautomator","selector":"new UiSelector().textMatches(\"(?is).*\\QThis never a...
14:02:40.495048 POST /session/cde1dcca-655d-4353-967b-b0455eb66691/element [14.206666ms] ERR:404 body={"strategy":"-android uiautomator","selector":"new UiSelector().descriptionMatches(\"(?is).*\\QThis ...
14:02:40.511144 POST /session/cde1dcca-655d-4353-967b-b0455eb66691/element [16.034083ms] ERR:404 body={"strategy":"-android uiautomator","selector":"new UiSelector().textContains(\"This never appears\")...
14:02:40.524972 POST /session/cde1dcca-655d-4353-967b-b0455eb66691/element [13.767458ms] ERR:404 body={"strategy":"-android uiautomator","selector":"new UiSelector().descriptionContains(\"This never app...
14:02:40.540867 POST /session/cde1dcca-655d-4353-967b-b0455eb66691/element [15.844875ms] ERR:404 body={"strategy":"-android uiautomator","selector":"new UiSelector().textMatches(\"(?is).*\\QThis never a...
14:02:40.555589 POST /session/cde1dcca-655d-4353-967b-b0455eb66691/element [14.665417ms] ERR:404 body={"strategy":"-android uiautomator","selector":"new UiSelector().descriptionMatches(\"(?is).*\\QThis ...
14:02:40.569631 POST /session/cde1dcca-655d-4353-967b-b0455eb66691/element [13.982375ms] ERR:404 body={"strategy":"-android uiautomator","selector":"new UiSelector().textContains(\"This never appears\")...
14:02:40.583910 POST /session/cde1dcca-655d-4353-967b-b0455eb66691/element [14.232042ms] ERR:404 body={"strategy":"-android uiautomator","selector":"new UiSelector().descriptionContains(\"This never app...
14:02:40.599205 POST /session/cde1dcca-655d-4353-967b-b0455eb66691/element [15.25825ms] ERR:404 body={"strategy":"-android uiautomator","selector":"new UiSelector().textMatches(\"(?is).*\\QThis never a...
14:02:40.613455 POST /session/cde1dcca-655d-4353-967b-b0455eb66691/element [14.197792ms] ERR:404 body={"strategy":"-android uiautomator","selector":"new UiSelector().descriptionMatches(\"(?is).*\\QThis ...
14:02:40.628056 POST /session/cde1dcca-655d-4353-967b-b0455eb66691/element [14.554125ms] ERR:404 body={"strategy":"-android uiautomator","selector":"new UiSelector().textContains(\"This never appears\")...
14:02:40.642595 POST /session/cde1dcca-655d-4353-967b-b0455eb66691/element [14.485875ms] ERR:404 body={"strategy":"-android uiautomator","selector":"new UiSelector().descriptionContains(\"This never app...
14:02:40.657943 POST /session/cde1dcca-655d-4353-967b-b0455eb66691/element [15.302917ms] ERR:404 body={"strategy":"-android uiautomator","selector":"new UiSelector().textMatches(\"(?is).*\\QThis never a...
14:02:40.673689 POST /session/cde1dcca-655d-4353-967b-b0455eb66691/element [15.681084ms] ERR:404 body={"strategy":"-android uiautomator","selector":"new UiSelector().descriptionMatches(\"(?is).*\\QThis ...
14:02:40.688956 POST /session/cde1dcca-655d-4353-967b-b0455eb66691/element [15.144667ms] ERR:404 body={"strategy":"-android uiautomator","selector":"new UiSelector().textContains(\"This never appears\")...
14:02:40.704221 POST /session/cde1dcca-655d-4353-967b-b0455eb66691/element [15.2045ms] ERR:404 body={"strategy":"-android uiautomator","selector":"new UiSelector().descriptionContains(\"This never app...
14:02:40.718480 POST /session/cde1dcca-655d-4353-967b-b0455eb66691/element [14.200167ms] ERR:404 body={"strategy":"-android uiautomator","selector":"new UiSelector().textMatches(\"(?is).*\\QThis never a...
14:02:40.734457 POST /session/cde1dcca-655d-4353-967b-b0455eb66691/element [15.906042ms] ERR:404 body={"strategy":"-android uiautomator","selector":"new UiSelector().descriptionMatches(\"(?is).*\\QThis ...
14:02:40.751291 POST /session/cde1dcca-655d-4353-967b-b0455eb66691/element [16.773084ms] ERR:404 body={"strategy":"-android uiautomator","selector":"new UiSelector().textContains(\"This never appears\")...
14:02:40.768727 POST /session/cde1dcca-655d-4353-967b-b0455eb66691/element [17.376167ms] ERR:404 body={"strategy":"-android uiautomator","selector":"new UiSelector().descriptionContains(\"This never app...
14:02:40.781785 POST /session/cde1dcca-655d-4353-967b-b0455eb66691/element [13.004042ms] ERR:404 body={"strategy":"-android uiautomator","selector":"new UiSelector().textMatches(\"(?is).*\\QThis never a...
14:02:40.801641 POST /session/cde1dcca-655d-4353-967b-b0455eb66691/element [19.794917ms] ERR:404 body={"strategy":"-android uiautomator","selector":"new UiSelector().descriptionMatches(\"(?is).*\\QThis ...
14:02:40.819788 POST /session/cde1dcca-655d-4353-967b-b0455eb66691/element [18.079333ms] ERR:404 body={"strategy":"-android uiautomator","selector":"new UiSelector().textContains(\"This never appears\")...
14:02:40.837668 POST /session/cde1dcca-655d-4353-967b-b0455eb66691/element [17.817167ms] ERR:404 body={"strategy":"-android uiautomator","selector":"new UiSelector().descriptionContains(\"This never app...
14:02:40.851710 POST /session/cde1dcca-655d-4353-967b-b0455eb66691/element [13.982333ms] ERR:404 body={"strategy":"-android uiautomator","selector":"new UiSelector().textMatches(\"(?is).*\\QThis never a...
14:02:40.869366 POST /session/cde1dcca-655d-4353-967b-b0455eb66691/element [17.588583ms] ERR:404 body={"strategy":"-android uiautomator","selector":"new UiSelector().descriptionMatches(\"(?is).*\\QThis ...
14:02:40.891095 POST /session/cde1dcca-655d-4353-967b-b0455eb66691/element [21.656791ms] ERR:404 body={"strategy":"-android uiautomator","selector":"new UiSelector().textContains(\"This never appears\")...
14:02:40.911878 POST /session/cde1dcca-655d-4353-967b-b0455eb66691/element [20.7275ms] ERR:404 body={"strategy":"-android uiautomator","selector":"new UiSelector().descriptionContains(\"This never app...
14:02:40.926372 POST /session/cde1dcca-655d-4353-967b-b0455eb66691/element [14.432791ms] ERR:404 body={"strategy":"-android uiautomator","selector":"new UiSelector().textMatches(\"(?is).*\\QThis never a...
14:02:40.945301 POST /session/cde1dcca-655d-4353-967b-b0455eb66691/element [18.851042ms] ERR:404 body={"strategy":"-android uiautomator","selector":"new UiSelector().descriptionMatches(\"(?is).*\\QThis ...
14:02:40.962382 POST /session/cde1dcca-655d-4353-967b-b0455eb66691/element [17.008833ms] ERR:404 body={"strategy":"-android uiautomator","selector":"new UiSelector().textContains(\"This never appears\")...
14:02:40.978448 POST /session/cde1dcca-655d-4353-967b-b0455eb66691/element [16.008083ms] ERR:404 body={"strategy":"-android uiautomator","selector":"new UiSelector().descriptionContains(\"This never app...
14:02:40.995810 POST /session/cde1dcca-655d-4353-967b-b0455eb66691/element [17.303458ms] ERR:404 body={"strategy":"-android uiautomator","selector":"new UiSelector().textMatches(\"(?is).*\\QThis never a...
14:02:41.012655 POST /session/cde1dcca-655d-4353-967b-b0455eb66691/element [16.786958ms] ERR:404 body={"strategy":"-android uiautomator","selector":"new UiSelector().descriptionMatches(\"(?is).*\\QThis ...
14:02:41.029106 POST /session/cde1dcca-655d-4353-967b-b0455eb66691/element [16.389459ms] ERR:404 body={"strategy":"-android uiautomator","selector":"new UiSelector().textContains(\"This never appears\")...
14:02:41.045985 POST /session/cde1dcca-655d-4353-967b-b0455eb66691/element [16.826917ms] ERR:404 body={"strategy":"-android uiautomator","selector":"new UiSelector().descriptionContains(\"This never app...
14:02:41.061655 POST /session/cde1dcca-655d-4353-967b-b0455eb66691/element [15.618417ms] ERR:404 body={"strategy":"-android uiautomator","selector":"new UiSelector().textMatches(\"(?is).*\\QThis never a...
14:02:41.076882 POST /session/cde1dcca-655d-4353-967b-b0455eb66691/element [15.167042ms] ERR:404 body={"strategy":"-android uiautomator","selector":"new UiSelector().descriptionMatches(\"(?is).*\\QThis ...
14:02:41.094998 POST /session/cde1dcca-655d-4353-967b-b0455eb66691/element [18.054541ms] ERR:404 body={"strategy":"-android uiautomator","selector":"new UiSelector().textContains(\"This never appears\")...
14:02:41.111551 POST /session/cde1dcca-655d-4353-967b-b0455eb66691/element [16.498083ms] ERR:404 body={"strategy":"-android uiautomator","selector":"new UiSelector().descriptionContains(\"This never app...
14:02:41.129563 POST /session/cde1dcca-655d-4353-967b-b0455eb66691/element [17.976667ms] ERR:404 body={"strategy":"-android uiautomator","selector":"new UiSelector().textMatches(\"(?is).*\\QThis never a...
14:02:41.148205 POST /session/cde1dcca-655d-4353-967b-b0455eb66691/element [18.56525ms] ERR:404 body={"strategy":"-android uiautomator","selector":"new UiSelector().descriptionMatches(\"(?is).*\\QThis ...
14:02:41.165207 POST /session/cde1dcca-655d-4353-967b-b0455eb66691/element [16.94ms] ERR:404 body={"strategy":"-android uiautomator","selector":"new UiSelector().textContains(\"This never appears\")...
14:02:41.185427 POST /session/cde1dcca-655d-4353-967b-b0455eb66691/element [20.134875ms] ERR:404 body={"strategy":"-android uiautomator","selector":"new UiSelector().descriptionContains(\"This never app...
14:02:41.205960 POST /session/cde1dcca-655d-4353-967b-b0455eb66691/element [20.45875ms] ERR:404 body={"strategy":"-android uiautomator","selector":"new UiSelector().textMatches(\"(?is).*\\QThis never a...
14:02:41.223550 POST /session/cde1dcca-655d-4353-967b-b0455eb66691/element [17.532125ms] ERR:404 body={"strategy":"-android uiautomator","selector":"new UiSelector().descriptionMatches(\"(?is).*\\QThis ...
14:02:41.240408 POST /session/cde1dcca-655d-4353-967b-b0455eb66691/element [16.799375ms] ERR:404 body={"strategy":"-android uiautomator","selector":"new UiSelector().textContains(\"This never appears\")...
14:02:41.255877 POST /session/cde1dcca-655d-4353-967b-b0455eb66691/element [15.410334ms] ERR:404 body={"strategy":"-android uiautomator","selector":"new UiSelector().descriptionContains(\"This never app...
14:02:41.272373 POST /session/cde1dcca-655d-4353-967b-b0455eb66691/element [16.43625ms] ERR:404 body={"strategy":"-android uiautomator","selector":"new UiSelector().textMatches(\"(?is).*\\QThis never a...
14:02:41.288510 POST /session/cde1dcca-655d-4353-967b-b0455eb66691/element [16.058125ms] ERR:404 body={"strategy":"-android uiautomator","selector":"new UiSelector().descriptionMatches(\"(?is).*\\QThis ...
14:02:41.303506 POST /session/cde1dcca-655d-4353-967b-b0455eb66691/element [14.934833ms] ERR:404 body={"strategy":"-android uiautomator","selector":"new UiSelector().textContains(\"This never appears\")...
14:02:41.319076 POST /session/cde1dcca-655d-4353-967b-b0455eb66691/element [15.51475ms] ERR:404 body={"strategy":"-android uiautomator","selector":"new UiSelector().descriptionContains(\"This never app...
14:02:41.335778 POST /session/cde1dcca-655d-4353-967b-b0455eb66691/element [16.647083ms] ERR:404 body={"strategy":"-android uiautomator","selector":"new UiSelector().textMatches(\"(?is).*\\QThis never a...
14:02:41.350780 POST /session/cde1dcca-655d-4353-967b-b0455eb66691/element [14.937958ms] ERR:404 body={"strategy":"-android uiautomator","selector":"new UiSelector().descriptionMatches(\"(?is).*\\QThis ...
14:02:41.368304 POST /session/cde1dcca-655d-4353-967b-b0455eb66691/element [17.462958ms] ERR:404 body={"strategy":"-android uiautomator","selector":"new UiSelector().textContains(\"This never appears\")...
14:02:41.385129 POST /session/cde1dcca-655d-4353-967b-b0455eb66691/element [16.774333ms] ERR:404 body={"strategy":"-android uiautomator","selector":"new UiSelector().descriptionContains(\"This never app...
14:02:41.400630 POST /session/cde1dcca-655d-4353-967b-b0455eb66691/element [15.414125ms] ERR:404 body={"strategy":"-android uiautomator","selector":"new UiSelector().textMatches(\"(?is).*\\QThis never a...
14:02:41.417631 POST /session/cde1dcca-655d-4353-967b-b0455eb66691/element [16.938375ms] ERR:404 body={"strategy":"-android uiautomator","selector":"new UiSelector().descriptionMatches(\"(?is).*\\QThis ...
14:02:41.434897 POST /session/cde1dcca-655d-4353-967b-b0455eb66691/element [17.217917ms] ERR:404 body={"strategy":"-android uiautomator","selector":"new UiSelector().textContains(\"This never appears\")...
14:02:41.449788 POST /session/cde1dcca-655d-4353-967b-b0455eb66691/element [14.822417ms] ERR:404 body={"strategy":"-android uiautomator","selector":"new UiSelector().descriptionContains(\"This never app...
14:02:41.464973 POST /session/cde1dcca-655d-4353-967b-b0455eb66691/element [15.121458ms] ERR:404 body={"strategy":"-android uiautomator","selector":"new UiSelector().textMatches(\"(?is).*\\QThis never a...
14:02:41.481489 POST /session/cde1dcca-655d-4353-967b-b0455eb66691/element [16.462125ms] ERR:404 body={"strategy":"-android uiautomator","selector":"new UiSelector().descriptionMatches(\"(?is).*\\QThis ...
14:02:41.496994 POST /session/cde1dcca-655d-4353-967b-b0455eb66691/element [15.448833ms] ERR:404 body={"strategy":"-android uiautomator","selector":"new UiSelector().textContains(\"This never appears\")...
14:02:41.511733 POST /session/cde1dcca-655d-4353-967b-b0455eb66691/element [14.676458ms] ERR:404 body={"strategy":"-android uiautomator","selector":"new UiSelector().descriptionContains(\"This never app...
14:02:41.531976 POST /session/cde1dcca-655d-4353-967b-b0455eb66691/element [20.192041ms] ERR:404 body={"strategy":"-android uiautomator","selector":"new UiSelector().textMatches(\"(?is).*\\QThis never a...
14:02:41.545024 POST /session/cde1dcca-655d-4353-967b-b0455eb66691/element [12.965709ms] ERR:404 body={"strategy":"-android uiautomator","selector":"new UiSelector().descriptionMatches(\"(?is).*\\QThis ...
14:02:41.562423 POST /session/cde1dcca-655d-4353-967b-b0455eb66691/element [17.343ms] ERR:404 body={"strategy":"-android uiautomator","selector":"new UiSelector().textContains(\"This never appears\")...
14:02:41.578498 POST /session/cde1dcca-655d-4353-967b-b0455eb66691/element [16.007292ms] ERR:404 body={"strategy":"-android uiautomator","selector":"new UiSelector().descriptionContains(\"This never app...
14:02:41.599938 POST /session/cde1dcca-655d-4353-967b-b0455eb66691/element [21.380958ms] ERR:404 body={"strategy":"-android uiautomator","selector":"new UiSelector().textMatches(\"(?is).*\\QThis never a...
14:02:41.626531 POST /session/cde1dcca-655d-4353-967b-b0455eb66691/element [26.497625ms] ERR:404 body={"strategy":"-android uiautomator","selector":"new UiSelector().descriptionMatches(\"(?is).*\\QThis ...
14:02:41.647603 POST /session/cde1dcca-655d-4353-967b-b0455eb66691/element [21.009125ms] ERR:404 body={"strategy":"-android uiautomator","selector":"new UiSelector().textContains(\"This never appears\")...
14:02:41.667813 POST /session/cde1dcca-655d-4353-967b-b0455eb66691/element [20.136958ms] ERR:404 body={"strategy":"-android uiautomator","selector":"new UiSelector().descriptionContains(\"This never app...
14:02:41.687902 POST /session/cde1dcca-655d-4353-967b-b0455eb66691/element [20.027209ms] ERR:404 body={"strategy":"-android uiautomator","selector":"new UiSelector().textMatches(\"(?is).*\\QThis never a...
14:02:41.704903 POST /session/cde1dcca-655d-4353-967b-b0455eb66691/element [16.934042ms] ERR:404 body={"strategy":"-android uiautomator","selector":"new UiSelector().descriptionMatches(\"(?is).*\\QThis ...
14:02:41.723318 POST /session/cde1dcca-655d-4353-967b-b0455eb66691/element [18.346084ms] ERR:404 body={"strategy":"-android uiautomator","selector":"new UiSelector().textContains(\"This never appears\")...
14:02:41.740627 POST /session/cde1dcca-655d-4353-967b-b0455eb66691/element [17.236375ms] ERR:404 body={"strategy":"-android uiautomator","selector":"new UiSelector().descriptionContains(\"This never app...
14:02:41.758005 POST /session/cde1dcca-655d-4353-967b-b0455eb66691/element [17.296333ms] ERR:404 body={"strategy":"-android uiautomator","selector":"new UiSelector().textMatches(\"(?is).*\\QThis never a...
14:02:41.776086 POST /session/cde1dcca-655d-4353-967b-b0455eb66691/element [17.982625ms] ERR:404 body={"strategy":"-android uiautomator","selector":"new UiSelector().descriptionMatches(\"(?is).*\\QThis ...
14:02:41.793100 POST /session/cde1dcca-655d-4353-967b-b0455eb66691/element [16.948375ms] ERR:404 body={"strategy":"-android uiautomator","selector":"new UiSelector().textContains(\"This never appears\")...
14:02:41.810817 POST /session/cde1dcca-655d-4353-967b-b0455eb66691/element [17.658042ms] ERR:404 body={"strategy":"-android uiautomator","selector":"new UiSelector().descriptionContains(\"This never app...
14:02:41.826658 POST /session/cde1dcca-655d-4353-967b-b0455eb66691/element [15.769708ms] ERR:404 body={"strategy":"-android uiautomator","selector":"new UiSelector().textMatches(\"(?is).*\\QThis never a...
14:02:41.842133 POST /session/cde1dcca-655d-4353-967b-b0455eb66691/element [15.421334ms] ERR:404 body={"strategy":"-android uiautomator","selector":"new UiSelector().descriptionMatches(\"(?is).*\\QThis ...
14:02:41.856465 POST /session/cde1dcca-655d-4353-967b-b0455eb66691/element [14.271208ms] ERR:404 body={"strategy":"-android uiautomator","selector":"new UiSelector().textContains(\"This never appears\")...
14:02:41.873899 POST /session/cde1dcca-655d-4353-967b-b0455eb66691/element [17.202708ms] ERR:404 body={"strategy":"-android uiautomator","selector":"new UiSelector().descriptionContains(\"This never app...
14:02:41.889805 POST /session/cde1dcca-655d-4353-967b-b0455eb66691/element [15.833042ms] ERR:404 body={"strategy":"-android uiautomator","selector":"new UiSelector().textMatches(\"(?is).*\\QThis never a...
14:02:41.906932 POST /session/cde1dcca-655d-4353-967b-b0455eb66691/element [17.067375ms] ERR:404 body={"strategy":"-android uiautomator","selector":"new UiSelector().descriptionMatches(\"(?is).*\\QThis ...
14:02:41.923835 POST /session/cde1dcca-655d-4353-967b-b0455eb66691/element [16.840125ms] ERR:404 body={"strategy":"-android uiautomator","selector":"new UiSelector().textContains(\"This never appears\")...
14:02:41.940386 POST /session/cde1dcca-655d-4353-967b-b0455eb66691/element [16.493083ms] ERR:404 body={"strategy":"-android uiautomator","selector":"new UiSelector().descriptionContains(\"This never app...
14:02:41.957350 POST /session/cde1dcca-655d-4353-967b-b0455eb66691/element [16.906792ms] ERR:404 body={"strategy":"-android uiautomator","selector":"new UiSelector().textMatches(\"(?is).*\\QThis never a...
14:02:41.972672 POST /session/cde1dcca-655d-4353-967b-b0455eb66691/element [15.264708ms] ERR:404 body={"strategy":"-android uiautomator","selector":"new UiSelector().descriptionMatches(\"(?is).*\\QThis ...
14:02:41.991747 POST /session/cde1dcca-655d-4353-967b-b0455eb66691/element [19.002208ms] ERR:404 body={"strategy":"-android uiautomator","selector":"new UiSelector().textContains(\"This never appears\")...
14:02:42.010816 POST /session/cde1dcca-655d-4353-967b-b0455eb66691/element [18.840834ms] ERR:404 body={"strategy":"-android uiautomator","selector":"new UiSelector().descriptionContains(\"This never app...
14:02:42.028624 POST /session/cde1dcca-655d-4353-967b-b0455eb66691/element [17.753959ms] ERR:404 body={"strategy":"-android uiautomator","selector":"new UiSelector().textMatches(\"(?is).*\\QThis never a...
14:02:42.043686 POST /session/cde1dcca-655d-4353-967b-b0455eb66691/element [15.011792ms] ERR:404 body={"strategy":"-android uiautomator","selector":"new UiSelector().descriptionMatches(\"(?is).*\\QThis ...
14:02:42.059980 POST /session/cde1dcca-655d-4353-967b-b0455eb66691/element [16.150125ms] ERR:404 body={"strategy":"-android uiautomator","selector":"new UiSelector().textContains(\"This never appears\")...
14:02:42.074301 POST /session/cde1dcca-655d-4353-967b-b0455eb66691/element [14.259417ms] ERR:404 body={"strategy":"-android uiautomator","selector":"new UiSelector().descriptionContains(\"This never app...
14:02:42.091294 POST /session/cde1dcca-655d-4353-967b-b0455eb66691/element [16.913875ms] ERR:404 body={"strategy":"-android uiautomator","selector":"new UiSelector().textMatches(\"(?is).*\\QThis never a...
14:02:42.106808 POST /session/cde1dcca-655d-4353-967b-b0455eb66691/element [15.453458ms] ERR:404 body={"strategy":"-android uiautomator","selector":"new UiSelector().descriptionMatches(\"(?is).*\\QThis ...
14:02:42.122853 POST /session/cde1dcca-655d-4353-967b-b0455eb66691/element [16.001666ms] ERR:404 body={"strategy":"-android uiautomator","selector":"new UiSelector().textContains(\"This never appears\")...
14:02:42.135898 POST /session/cde1dcca-655d-4353-967b-b0455eb66691/element [12.980459ms] ERR:404 body={"strategy":"-android uiautomator","selector":"new UiSelector().descriptionContains(\"This never app...
14:02:42.143980 POST /session/cde1dcca-655d-4353-967b-b0455eb66691/element [8.022875ms] ERR:404 body={"strategy":"-android uiautomator","selector":"new UiSelector().textMatches(\"(?is).*\\QThis never a...
14:02:42.160574 POST /session/cde1dcca-655d-4353-967b-b0455eb66691/element [16.534083ms] ERR:404 body={"strategy":"-android uiautomator","selector":"new UiSelector().descriptionMatches(\"(?is).*\\QThis ...
14:02:42.176295 POST /session/cde1dcca-655d-4353-967b-b0455eb66691/element [15.6715ms] ERR:404 body={"strategy":"-android uiautomator","selector":"new UiSelector().textContains(\"This never appears\")...
14:02:42.191553 POST /session/cde1dcca-655d-4353-967b-b0455eb66691/element [15.198667ms] ERR:404 body={"strategy":"-android uiautomator","selector":"new UiSelector().descriptionContains(\"This never app...
14:02:42.203934 POST /session/cde1dcca-655d-4353-967b-b0455eb66691/element [12.323875ms] ERR:404 body={"strategy":"-android uiautomator","selector":"new UiSelector().textMatches(\"(?is).*\\QThis never a...
14:02:42.218639 POST /session/cde1dcca-655d-4353-967b-b0455eb66691/element [14.654541ms] ERR:404 body={"strategy":"-android uiautomator","selector":"new UiSelector().descriptionMatches(\"(?is).*\\QThis ...
14:02:42.233463 POST /session/cde1dcca-655d-4353-967b-b0455eb66691/element [14.762167ms] ERR:404 body={"strategy":"-android uiautomator","selector":"new UiSelector().textContains(\"This never appears\")...
14:02:42.247112 POST /session/cde1dcca-655d-4353-967b-b0455eb66691/element [13.60325ms] ERR:404 body={"strategy":"-android uiautomator","selector":"new UiSelector().descriptionContains(\"This never app...
14:02:42.267317 POST /session/cde1dcca-655d-4353-967b-b0455eb66691/element [20.155791ms] ERR:404 body={"strategy":"-android uiautomator","selector":"new UiSelector().textMatches(\"(?is).*\\QThis never a...
14:02:42.283875 POST /session/cde1dcca-655d-4353-967b-b0455eb66691/element [16.512291ms] ERR:404 body={"strategy":"-android uiautomator","selector":"new UiSelector().descriptionMatches(\"(?is).*\\QThis ...
14:02:42.299057 POST /session/cde1dcca-655d-4353-967b-b0455eb66691/element [15.118041ms] ERR:404 body={"strategy":"-android uiautomator","selector":"new UiSelector().textContains(\"This never appears\")...
14:02:42.314669 POST /session/cde1dcca-655d-4353-967b-b0455eb66691/element [15.557583ms] ERR:404 body={"strategy":"-android uiautomator","selector":"new UiSelector().descriptionContains(\"This never app...
14:02:42.330071 POST /session/cde1dcca-655d-4353-967b-b0455eb66691/element [15.341667ms] ERR:404 body={"strategy":"-android uiautomator","selector":"new UiSelector().textMatches(\"(?is).*\\QThis never a...
14:02:42.348089 POST /session/cde1dcca-655d-4353-967b-b0455eb66691/element [17.958292ms] ERR:404 body={"strategy":"-android uiautomator","selector":"new UiSelector().descriptionMatches(\"(?is).*\\QThis ...
14:02:42.360476 POST /session/cde1dcca-655d-4353-967b-b0455eb66691/element [12.338667ms] ERR:404 body={"strategy":"-android uiautomator","selector":"new UiSelector().textContains(\"This never appears\")...
14:02:42.373832 POST /session/cde1dcca-655d-4353-967b-b0455eb66691/element [13.310792ms] ERR:404 body={"strategy":"-android uiautomator","selector":"new UiSelector().descriptionContains(\"This never app...
14:02:42.389107 POST /session/cde1dcca-655d-4353-967b-b0455eb66691/element [15.21025ms] ERR:404 body={"strategy":"-android uiautomator","selector":"new UiSelector().textMatches(\"(?is).*\\QThis never a...
14:02:42.405021 POST /session/cde1dcca-655d-4353-967b-b0455eb66691/element [15.848708ms] ERR:404 body={"strategy":"-android uiautomator","selector":"new UiSelector().descriptionMatches(\"(?is).*\\QThis ...
14:02:42.420857 POST /session/cde1dcca-655d-4353-967b-b0455eb66691/element [15.747792ms] ERR:404 body={"strategy":"-android uiautomator","selector":"new UiSelector().textContains(\"This never appears\")...
14:02:42.433896 POST /session/cde1dcca-655d-4353-967b-b0455eb66691/element [12.975625ms] ERR:404 body={"strategy":"-android uiautomator","selector":"new UiSelector().descriptionContains(\"This never app...
14:02:42.453706 POST /session/cde1dcca-655d-4353-967b-b0455eb66691/element [19.732583ms] ERR:404 body={"strategy":"-android uiautomator","selector":"new UiSelector().textMatches(\"(?is).*\\QThis never a...
14:02:42.469084 POST /session/cde1dcca-655d-4353-967b-b0455eb66691/element [15.313792ms] ERR:404 body={"strategy":"-android uiautomator","selector":"new UiSelector().descriptionMatches(\"(?is).*\\QThis ...
14:02:42.485091 POST /session/cde1dcca-655d-4353-967b-b0455eb66691/element [15.938625ms] ERR:404 body={"strategy":"-android uiautomator","selector":"new UiSelector().textContains(\"This never appears\")...
14:02:42.500895 POST /session/cde1dcca-655d-4353-967b-b0455eb66691/element [15.748ms] ERR:404 body={"strategy":"-android uiautomator","selector":"new UiSelector().descriptionContains(\"This never app...
14:02:42.514937 POST /session/cde1dcca-655d-4353-967b-b0455eb66691/element [13.989208ms] ERR:404 body={"strategy":"-android uiautomator","selector":"new UiSelector().textMatches(\"(?is).*\\QThis never a...
14:02:42.529367 POST /session/cde1dcca-655d-4353-967b-b0455eb66691/element [14.374625ms] ERR:404 body={"strategy":"-android uiautomator","selector":"new UiSelector().descriptionMatches(\"(?is).*\\QThis ...
14:02:42.543667 POST /session/cde1dcca-655d-4353-967b-b0455eb66691/element [14.241542ms] ERR:404 body={"strategy":"-android uiautomator","selector":"new UiSelector().textContains(\"This never appears\")...
14:02:42.558188 POST /session/cde1dcca-655d-4353-967b-b0455eb66691/element [14.463334ms] ERR:404 body={"strategy":"-android uiautomator","selector":"new UiSelector().descriptionContains(\"This never app...
14:02:42.570671 POST /session/cde1dcca-655d-4353-967b-b0455eb66691/element [12.429ms] ERR:404 body={"strategy":"-android uiautomator","selector":"new UiSelector().textMatches(\"(?is).*\\QThis never a...
14:02:42.582150 POST /session/cde1dcca-655d-4353-967b-b0455eb66691/element [11.41ms] ERR:404 body={"strategy":"-android uiautomator","selector":"new UiSelector().descriptionMatches(\"(?is).*\\QThis ...
14:02:42.595820 POST /session/cde1dcca-655d-4353-967b-b0455eb66691/element [13.59725ms] ERR:404 body={"strategy":"-android uiautomator","selector":"new UiSelector().textContains(\"This never appears\")...
14:02:42.610215 POST /session/cde1dcca-655d-4353-967b-b0455eb66691/element [14.333042ms] ERR:404 body={"strategy":"-android uiautomator","selector":"new UiSelector().descriptionContains(\"This never app...
14:02:42.624536 POST /session/cde1dcca-655d-4353-967b-b0455eb66691/element [14.272084ms] ERR:404 body={"strategy":"-android uiautomator","selector":"new UiSelector().textMatches(\"(?is).*\\QThis never a...
14:02:42.637843 POST /session/cde1dcca-655d-4353-967b-b0455eb66691/element [13.264208ms] ERR:404 body={"strategy":"-android uiautomator","selector":"new UiSelector().descriptionMatches(\"(?is).*\\QThis ...
14:02:42.658478 POST /session/cde1dcca-655d-4353-967b-b0455eb66691/element [20.578791ms] ERR:404 body={"strategy":"-android uiautomator","selector":"new UiSelector().textContains(\"This never appears\")...
14:02:42.672009 POST /session/cde1dcca-655d-4353-967b-b0455eb66691/element [13.475209ms] ERR:404 body={"strategy":"-android uiautomator","selector":"new UiSelector().descriptionContains(\"This never app...
14:02:42.686056 POST /session/cde1dcca-655d-4353-967b-b0455eb66691/element [13.968292ms] ERR:404 body={"strategy":"-android uiautomator","selector":"new UiSelector().textMatches(\"(?is).*\\QThis never a...
14:02:42.699765 POST /session/cde1dcca-655d-4353-967b-b0455eb66691/element [13.650959ms] ERR:404 body={"strategy":"-android uiautomator","selector":"new UiSelector().descriptionMatches(\"(?is).*\\QThis ...
14:02:42.712991 POST /session/cde1dcca-655d-4353-967b-b0455eb66691/element [13.16625ms] ERR:404 body={"strategy":"-android uiautomator","selector":"new UiSelector().textContains(\"This never appears\")...
14:02:42.726279 POST /session/cde1dcca-655d-4353-967b-b0455eb66691/element [13.222375ms] ERR:404 body={"strategy":"-android uiautomator","selector":"new UiSelector().descriptionContains(\"This never app...
14:02:42.735541 POST /session/cde1dcca-655d-4353-967b-b0455eb66691/element [9.202958ms] ERR:404 body={"strategy":"-android uiautomator","selector":"new UiSelector().textMatches(\"(?is).*\\QThis never a...
14:02:42.745476 POST /session/cde1dcca-655d-4353-967b-b0455eb66691/element [9.8785ms] ERR:404 body={"strategy":"-android uiautomator","selector":"new UiSelector().descriptionMatches(\"(?is).*\\QThis ...
14:02:42.761982 POST /session/cde1dcca-655d-4353-967b-b0455eb66691/element [16.44975ms] ERR:404 body={"strategy":"-android uiautomator","selector":"new UiSelector().textContains(\"This never appears\")...
14:02:42.776366 POST /session/cde1dcca-655d-4353-967b-b0455eb66691/element [14.326917ms] ERR:404 body={"strategy":"-android uiautomator","selector":"new UiSelector().descriptionContains(\"This never app...
14:02:42.793409 POST /session/cde1dcca-655d-4353-967b-b0455eb66691/element [16.963958ms] ERR:404 body={"strategy":"-android uiautomator","selector":"new UiSelector().textMatches(\"(?is).*\\QThis never a...
14:02:42.806874 POST /session/cde1dcca-655d-4353-967b-b0455eb66691/element [13.407667ms] ERR:404 body={"strategy":"-android uiautomator","selector":"new UiSelector().descriptionMatches(\"(?is).*\\QThis ...
14:02:42.820576 POST /session/cde1dcca-655d-4353-967b-b0455eb66691/element [13.639125ms] ERR:404 body={"strategy":"-android uiautomator","selector":"new UiSelector().textContains(\"This never appears\")...
14:02:42.835018 POST /session/cde1dcca-655d-4353-967b-b0455eb66691/element [14.37425ms] ERR:404 body={"strategy":"-android uiautomator","selector":"new UiSelector().descriptionContains(\"This never app...
14:02:42.851639 POST /session/cde1dcca-655d-4353-967b-b0455eb66691/element [16.540916ms] ERR:404 body={"strategy":"-android uiautomator","selector":"new UiSelector().textMatches(\"(?is).*\\QThis never a...
14:02:42.865348 POST /session/cde1dcca-655d-4353-967b-b0455eb66691/element [13.650459ms] ERR:404 body={"strategy":"-android uiautomator","selector":"new UiSelector().descriptionMatches(\"(?is).*\\QThis ...
14:02:42.879718 POST /session/cde1dcca-655d-4353-967b-b0455eb66691/element [14.301208ms] ERR:404 body={"strategy":"-android uiautomator","selector":"new UiSelector().textContains(\"This never appears\")...
14:02:42.898227 POST /session/cde1dcca-655d-4353-967b-b0455eb66691/element [18.452708ms] ERR:404 body={"strategy":"-android uiautomator","selector":"new UiSelector().descriptionContains(\"This never app...
14:02:42.915717 POST /session/cde1dcca-655d-4353-967b-b0455eb66691/element [17.420666ms] ERR:404 body={"strategy":"-android uiautomator","selector":"new UiSelector().textMatches(\"(?is).*\\QThis never a...
14:02:42.929117 POST /session/cde1dcca-655d-4353-967b-b0455eb66691/element [13.320792ms] ERR:404 body={"strategy":"-android uiautomator","selector":"new UiSelector().descriptionMatches(\"(?is).*\\QThis ...
14:02:42.944840 POST /session/cde1dcca-655d-4353-967b-b0455eb66691/element [15.665208ms] ERR:404 body={"strategy":"-android uiautomator","selector":"new UiSelector().textContains(\"This never appears\")...
14:02:42.958768 POST /session/cde1dcca-655d-4353-967b-b0455eb66691/element [13.864542ms] ERR:404 body={"strategy":"-android uiautomator","selector":"new UiSelector().descriptionContains(\"This never app...
14:02:42.972695 POST /session/cde1dcca-655d-4353-967b-b0455eb66691/element [13.86ms] ERR:404 body={"strategy":"-android uiautomator","selector":"new UiSelector().textMatches(\"(?is).*\\QThis never a...
14:02:42.986707 POST /session/cde1dcca-655d-4353-967b-b0455eb66691/element [13.951125ms] ERR:404 body={"strategy":"-android uiautomator","selector":"new UiSelector().descriptionMatches(\"(?is).*\\QThis ...
14:02:43.002051 POST /session/cde1dcca-655d-4353-967b-b0455eb66691/element [15.294542ms] ERR:404 body={"strategy":"-android uiautomator","selector":"new UiSelector().textContains(\"This never appears\")...
14:02:43.014026 POST /session/cde1dcca-655d-4353-967b-b0455eb66691/element [11.913ms] ERR:404 body={"strategy":"-android uiautomator","selector":"new UiSelector().descriptionContains(\"This never app...
14:02:43.030258 POST /session/cde1dcca-655d-4353-967b-b0455eb66691/element [16.179583ms] ERR:404 body={"strategy":"-android uiautomator","selector":"new UiSelector().textMatches(\"(?is).*\\QThis never a...
14:02:43.043403 POST /session/cde1dcca-655d-4353-967b-b0455eb66691/element [13.088834ms] ERR:404 body={"strategy":"-android uiautomator","selector":"new UiSelector().descriptionMatches(\"(?is).*\\QThis ...
14:02:43.060399 POST /session/cde1dcca-655d-4353-967b-b0455eb66691/element [16.958958ms] ERR:404 body={"strategy":"-android uiautomator","selector":"new UiSelector().textContains(\"This never appears\")...
14:02:43.074991 POST /session/cde1dcca-655d-4353-967b-b0455eb66691/element [14.535958ms] ERR:404 body={"strategy":"-android uiautomator","selector":"new UiSelector().descriptionContains(\"This never app...
14:02:43.084757 POST /session/cde1dcca-655d-4353-967b-b0455eb66691/element [9.712ms] ERR:404 body={"strategy":"-android uiautomator","selector":"new UiSelector().textMatches(\"(?is).*\\QThis never a...
14:02:43.102365 POST /session/cde1dcca-655d-4353-967b-b0455eb66691/element [17.555458ms] ERR:404 body={"strategy":"-android uiautomator","selector":"new UiSelector().descriptionMatches(\"(?is).*\\QThis ...
14:02:43.120186 POST /session/cde1dcca-655d-4353-967b-b0455eb66691/element [17.760708ms] ERR:404 body={"strategy":"-android uiautomator","selector":"new UiSelector().textContains(\"This never appears\")...
14:02:43.135068 POST /session/cde1dcca-655d-4353-967b-b0455eb66691/element [14.839125ms] ERR:404 body={"strategy":"-android uiautomator","selector":"new UiSelector().descriptionContains(\"This never app...
14:02:43.150426 POST /session/cde1dcca-655d-4353-967b-b0455eb66691/element [15.29ms] ERR:404 body={"strategy":"-android uiautomator","selector":"new UiSelector().textMatches(\"(?is).*\\QThis never a...
14:02:43.167078 POST /session/cde1dcca-655d-4353-967b-b0455eb66691/element [16.586708ms] ERR:404 body={"strategy":"-android uiautomator","selector":"new UiSelector().descriptionMatches(\"(?is).*\\QThis ...
14:02:43.177839 POST /session/cde1dcca-655d-4353-967b-b0455eb66691/element [10.706041ms] ERR:404 body={"strategy":"-android uiautomator","selector":"new UiSelector().textContains(\"This never appears\")...
14:02:43.192975 POST /session/cde1dcca-655d-4353-967b-b0455eb66691/element [15.083417ms] ERR:404 body={"strategy":"-android uiautomator","selector":"new UiSelector().descriptionContains(\"This never app...
14:02:43.207490 POST /session/cde1dcca-655d-4353-967b-b0455eb66691/element [14.463792ms] ERR:404 body={"strategy":"-android uiautomator","selector":"new UiSelector().textMatches(\"(?is).*\\QThis never a...
14:02:43.219603 POST /session/cde1dcca-655d-4353-967b-b0455eb66691/element [12.049333ms] ERR:404 body={"strategy":"-android uiautomator","selector":"new UiSelector().descriptionMatches(\"(?is).*\\QThis ...
14:02:43.234377 POST /session/cde1dcca-655d-4353-967b-b0455eb66691/element [14.70275ms] ERR:404 body={"strategy":"-android uiautomator","selector":"new UiSelector().textContains(\"This never appears\")...
14:02:43.250609 POST /session/cde1dcca-655d-4353-967b-b0455eb66691/element [16.163042ms] ERR:404 body={"strategy":"-android uiautomator","selector":"new UiSelector().descriptionContains(\"This never app...
14:02:43.266487 POST /session/cde1dcca-655d-4353-967b-b0455eb66691/element [15.814542ms] ERR:404 body={"strategy":"-android uiautomator","selector":"new UiSelector().textMatches(\"(?is).*\\QThis never a...
14:02:43.279715 POST /session/cde1dcca-655d-4353-967b-b0455eb66691/element [13.184625ms] ERR:404 body={"strategy":"-android uiautomator","selector":"new UiSelector().descriptionMatches(\"(?is).*\\QThis ...
14:02:43.293627 POST /session/cde1dcca-655d-4353-967b-b0455eb66691/element [13.855125ms] ERR:404 body={"strategy":"-android uiautomator","selector":"new UiSelector().textContains(\"This never appears\")...
14:02:43.309031 POST /session/cde1dcca-655d-4353-967b-b0455eb66691/element [15.358709ms] ERR:404 body={"strategy":"-android uiautomator","selector":"new UiSelector().descriptionContains(\"This never app...
14:02:43.322475 POST /session/cde1dcca-655d-4353-967b-b0455eb66691/element [13.403209ms] ERR:404 body={"strategy":"-android uiautomator","selector":"new UiSelector().textMatches(\"(?is).*\\QThis never a...
14:02:43.338286 POST /session/cde1dcca-655d-4353-967b-b0455eb66691/element [15.760667ms] ERR:404 body={"strategy":"-android uiautomator","selector":"new UiSelector().descriptionMatches(\"(?is).*\\QThis ...
14:02:43.354405 POST /session/cde1dcca-655d-4353-967b-b0455eb66691/element [16.06775ms] ERR:404 body={"strategy":"-android uiautomator","selector":"new UiSelector().textContains(\"This never appears\")...
14:02:43.369277 POST /session/cde1dcca-655d-4353-967b-b0455eb66691/element [14.814708ms] ERR:404 body={"strategy":"-android uiautomator","selector":"new UiSelector().descriptionContains(\"This never app...
14:02:43.382732 POST /session/cde1dcca-655d-4353-967b-b0455eb66691/element [13.397125ms] ERR:404 body={"strategy":"-android uiautomator","selector":"new UiSelector().textMatches(\"(?is).*\\QThis never a...
14:02:43.399201 POST /session/cde1dcca-655d-4353-967b-b0455eb66691/element [16.402833ms] ERR:404 body={"strategy":"-android uiautomator","selector":"new UiSelector().descriptionMatches(\"(?is).*\\QThis ...
14:02:43.415688 POST /session/cde1dcca-655d-4353-967b-b0455eb66691/element [16.429917ms] ERR:404 body={"strategy":"-android uiautomator","selector":"new UiSelector().textContains(\"This never appears\")...
14:02:43.433921 POST /session/cde1dcca-655d-4353-967b-b0455eb66691/element [18.177416ms] ERR:404 body={"strategy":"-android uiautomator","selector":"new UiSelector().descriptionContains(\"This never app...
14:02:43.455554 POST /session/cde1dcca-655d-4353-967b-b0455eb66691/element [21.54875ms] ERR:404 body={"strategy":"-android uiautomator","selector":"new UiSelector().textMatches(\"(?is).*\\QThis never a...
14:02:43.469686 POST /session/cde1dcca-655d-4353-967b-b0455eb66691/element [14.057583ms] ERR:404 body={"strategy":"-android uiautomator","selector":"new UiSelector().descriptionMatches(\"(?is).*\\QThis ...
14:02:43.483559 POST /session/cde1dcca-655d-4353-967b-b0455eb66691/element [13.814208ms] ERR:404 body={"strategy":"-android uiautomator","selector":"new UiSelector().textContains(\"This never appears\")...
14:02:43.496138 POST /session/cde1dcca-655d-4353-967b-b0455eb66691/element [12.514708ms] ERR:404 body={"strategy":"-android uiautomator","selector":"new UiSelector().descriptionContains(\"This never app...
14:02:43.510385 POST /session/cde1dcca-655d-4353-967b-b0455eb66691/element [14.192167ms] ERR:404 body={"strategy":"-android uiautomator","selector":"new UiSelector().textMatches(\"(?is).*\\QThis never a...
14:02:43.523226 POST /session/cde1dcca-655d-4353-967b-b0455eb66691/element [12.780333ms] ERR:404 body={"strategy":"-android uiautomator","selector":"new UiSelector().descriptionMatches(\"(?is).*\\QThis ...
14:02:43.536712 POST /session/cde1dcca-655d-4353-967b-b0455eb66691/element [13.431709ms] ERR:404 body={"strategy":"-android uiautomator","selector":"new UiSelector().textContains(\"This never appears\")...
14:02:43.551918 POST /session/cde1dcca-655d-4353-967b-b0455eb66691/element [15.12175ms] ERR:404 body={"strategy":"-android uiautomator","selector":"new UiSelector().descriptionContains(\"This never app...
14:02:43.564388 POST /session/cde1dcca-655d-4353-967b-b0455eb66691/element [12.417292ms] ERR:404 body={"strategy":"-android uiautomator","selector":"new UiSelector().textMatches(\"(?is).*\\QThis never a...
14:02:43.578361 POST /session/cde1dcca-655d-4353-967b-b0455eb66691/element [13.914708ms] ERR:404 body={"strategy":"-android uiautomator","selector":"new UiSelector().descriptionMatches(\"(?is).*\\QThis ...
14:02:43.590648 POST /session/cde1dcca-655d-4353-967b-b0455eb66691/element [12.179209ms] ERR:404 body={"strategy":"-android uiautomator","selector":"new UiSelector().textContains(\"This never appears\")...
14:02:43.601639 POST /session/cde1dcca-655d-4353-967b-b0455eb66691/element [10.933084ms] ERR:404 body={"strategy":"-android uiautomator","selector":"new UiSelector().descriptionContains(\"This never app...
14:02:43.615654 POST /session/cde1dcca-655d-4353-967b-b0455eb66691/element [13.950541ms] ERR:404 body={"strategy":"-android uiautomator","selector":"new UiSelector().textMatches(\"(?is).*\\QThis never a...
14:02:43.631769 POST /session/cde1dcca-655d-4353-967b-b0455eb66691/element [16.069083ms] ERR:404 body={"strategy":"-android uiautomator","selector":"new UiSelector().descriptionMatches(\"(?is).*\\QThis ...
14:02:43.645921 POST /session/cde1dcca-655d-4353-967b-b0455eb66691/element [14.087208ms] ERR:404 body={"strategy":"-android uiautomator","selector":"new UiSelector().textContains(\"This never appears\")...
14:02:43.660211 POST /session/cde1dcca-655d-4353-967b-b0455eb66691/element [14.242875ms] ERR:404 body={"strategy":"-android uiautomator","selector":"new UiSelector().descriptionContains(\"This never app...
14:02:43.671530 POST /session/cde1dcca-655d-4353-967b-b0455eb66691/element [11.278583ms] ERR:404 body={"strategy":"-android uiautomator","selector":"new UiSelector().textMatches(\"(?is).*\\QThis never a...
14:02:43.681348 POST /session/cde1dcca-655d-4353-967b-b0455eb66691/element [9.7715ms] ERR:404 body={"strategy":"-android uiautomator","selector":"new UiSelector().descriptionMatches(\"(?is).*\\QThis ...
14:02:43.693086 POST /session/cde1dcca-655d-4353-967b-b0455eb66691/element [11.679292ms] ERR:404 body={"strategy":"-android uiautomator","selector":"new UiSelector().textContains(\"This never appears\")...
14:02:43.705367 POST /session/cde1dcca-655d-4353-967b-b0455eb66691/element [12.223458ms] ERR:404 body={"strategy":"-android uiautomator","selector":"new UiSelector().descriptionContains(\"This never app...
14:02:43.717852 POST /session/cde1dcca-655d-4353-967b-b0455eb66691/element [12.417333ms] ERR:404 body={"strategy":"-android uiautomator","selector":"new UiSelector().textMatches(\"(?is).*\\QThis never a...
14:02:43.729098 POST /session/cde1dcca-655d-4353-967b-b0455eb66691/element [11.183667ms] ERR:404 body={"strategy":"-android uiautomator","selector":"new UiSelector().descriptionMatches(\"(?is).*\\QThis ...
14:02:43.737424 POST /session/cde1dcca-655d-4353-967b-b0455eb66691/element [8.245833ms] ERR:404 body={"strategy":"-android uiautomator","selector":"new UiSelector().textContains(\"This never appears\")...
14:02:43.752689 POST /session/cde1dcca-655d-4353-967b-b0455eb66691/element [15.204333ms] ERR:404 body={"strategy":"-android uiautomator","selector":"new UiSelector().descriptionContains(\"This never app...
14:02:43.765352 POST /session/cde1dcca-655d-4353-967b-b0455eb66691/element [12.61125ms] ERR:404 body={"strategy":"-android uiautomator","selector":"new UiSelector().textMatches(\"(?is).*\\QThis never a...
14:02:43.779198 POST /session/cde1dcca-655d-4353-967b-b0455eb66691/element [13.799375ms] ERR:404 body={"strategy":"-android uiautomator","selector":"new UiSelector().descriptionMatches(\"(?is).*\\QThis ...
14:02:43.789996 POST /session/cde1dcca-655d-4353-967b-b0455eb66691/element [10.743167ms] ERR:404 body={"strategy":"-android uiautomator","selector":"new UiSelector().textContains(\"This never appears\")...
14:02:43.802764 POST /session/cde1dcca-655d-4353-967b-b0455eb66691/element [12.704208ms] ERR:404 body={"strategy":"-android uiautomator","selector":"new UiSelector().descriptionContains(\"This never app...
14:02:43.819061 POST /session/cde1dcca-655d-4353-967b-b0455eb66691/element [16.243625ms] ERR:404 body={"strategy":"-android uiautomator","selector":"new UiSelector().textMatches(\"(?is).*\\QThis never a...
14:02:43.834846 POST /session/cde1dcca-655d-4353-967b-b0455eb66691/element [15.707625ms] ERR:404 body={"strategy":"-android uiautomator","selector":"new UiSelector().descriptionMatches(\"(?is).*\\QThis ...
14:02:43.855268 POST /session/cde1dcca-655d-4353-967b-b0455eb66691/element [20.044792ms] ERR:404 body={"strategy":"-android uiautomator","selector":"new UiSelector().textContains(\"This never appears\")...
14:02:43.874578 POST /session/cde1dcca-655d-4353-967b-b0455eb66691/element [19.249542ms] ERR:404 body={"strategy":"-android uiautomator","selector":"new UiSelector().descriptionContains(\"This never app...
14:02:43.891406 POST /session/cde1dcca-655d-4353-967b-b0455eb66691/element [16.767334ms] ERR:404 body={"strategy":"-android uiautomator","selector":"new UiSelector().textMatches(\"(?is).*\\QThis never a...
14:02:43.905598 POST /session/cde1dcca-655d-4353-967b-b0455eb66691/element [14.125916ms] ERR:404 body={"strategy":"-android uiautomator","selector":"new UiSelector().descriptionMatches(\"(?is).*\\QThis ...
14:02:43.919380 POST /session/cde1dcca-655d-4353-967b-b0455eb66691/element [13.726666ms] ERR:404 body={"strategy":"-android uiautomator","selector":"new UiSelector().textContains(\"This never appears\")...
14:02:43.932769 POST /session/cde1dcca-655d-4353-967b-b0455eb66691/element [13.329667ms] ERR:404 body={"strategy":"-android uiautomator","selector":"new UiSelector().descriptionContains(\"This never app...
14:02:43.947231 POST /session/cde1dcca-655d-4353-967b-b0455eb66691/element [14.40575ms] ERR:404 body={"strategy":"-android uiautomator","selector":"new UiSelector().textMatches(\"(?is).*\\QThis never a...
14:02:43.960298 POST /session/cde1dcca-655d-4353-967b-b0455eb66691/element [13.009125ms] ERR:404 body={"strategy":"-android uiautomator","selector":"new UiSelector().descriptionMatches(\"(?is).*\\QThis ...
14:02:43.973834 POST /session/cde1dcca-655d-4353-967b-b0455eb66691/element [13.430709ms] ERR:404 body={"strategy":"-android uiautomator","selector":"new UiSelector().textContains(\"This never appears\")...
14:02:43.988590 POST /session/cde1dcca-655d-4353-967b-b0455eb66691/element [14.689417ms] ERR:404 body={"strategy":"-android uiautomator","selector":"new UiSelector().descriptionContains(\"This never app...
14:02:44.003617 POST /session/cde1dcca-655d-4353-967b-b0455eb66691/element [14.954958ms] ERR:404 body={"strategy":"-android uiautomator","selector":"new UiSelector().textMatches(\"(?is).*\\QThis never a...
14:02:44.016327 POST /session/cde1dcca-655d-4353-967b-b0455eb66691/element [12.644709ms] ERR:404 body={"strategy":"-android uiautomator","selector":"new UiSelector().descriptionMatches(\"(?is).*\\QThis ...
14:02:44.025136 POST /session/cde1dcca-655d-4353-967b-b0455eb66691/element [8.747ms] ERR:404 body={"strategy":"-android uiautomator","selector":"new UiSelector().textContains(\"This never appears\")...
14:02:44.033790 POST /session/cde1dcca-655d-4353-967b-b0455eb66691/element [8.595709ms] ERR:404 body={"strategy":"-android uiautomator","selector":"new UiSelector().descriptionContains(\"This never app...
14:02:44.047851 POST /session/cde1dcca-655d-4353-967b-b0455eb66691/element [13.999666ms] ERR:404 body={"strategy":"-android uiautomator","selector":"new UiSelector().textMatches(\"(?is).*\\QThis never a...
14:02:44.065514 POST /session/cde1dcca-655d-4353-967b-b0455eb66691/element [17.60275ms] ERR:404 body={"strategy":"-android uiautomator","selector":"new UiSelector().descriptionMatches(\"(?is).*\\QThis ...
14:02:44.079202 POST /session/cde1dcca-655d-4353-967b-b0455eb66691/element [13.604958ms] ERR:404 body={"strategy":"-android uiautomator","selector":"new UiSelector().textContains(\"This never appears\")...
14:02:44.094518 POST /session/cde1dcca-655d-4353-967b-b0455eb66691/element [15.244625ms] ERR:404 body={"strategy":"-android uiautomator","selector":"new UiSelector().descriptionContains(\"This never app...
14:02:44.111998 POST /session/cde1dcca-655d-4353-967b-b0455eb66691/element [17.414583ms] ERR:404 body={"strategy":"-android uiautomator","selector":"new UiSelector().textMatches(\"(?is).*\\QThis never a...
14:02:44.125786 POST /session/cde1dcca-655d-4353-967b-b0455eb66691/element [13.631584ms] ERR:404 body={"strategy":"-android uiautomator","selector":"new UiSelector().descriptionMatches(\"(?is).*\\QThis ...
14:02:44.146924 POST /session/cde1dcca-655d-4353-967b-b0455eb66691/element [21.030459ms] ERR:404 body={"strategy":"-android uiautomator","selector":"new UiSelector().textContains(\"This never appears\")...
14:02:44.163027 POST /session/cde1dcca-655d-4353-967b-b0455eb66691/element [16.042084ms] ERR:404 body={"strategy":"-android uiautomator","selector":"new UiSelector().descriptionContains(\"This never app...
14:02:44.191018 POST /session/cde1dcca-655d-4353-967b-b0455eb66691/element [26.890084ms] ERR:404 body={"strategy":"-android uiautomator","selector":"new UiSelector().textMatches(\"(?is).*\\QThis never a...
14:02:44.204020 POST /session/cde1dcca-655d-4353-967b-b0455eb66691/element [12.93ms] ERR:404 body={"strategy":"-android uiautomator","selector":"new UiSelector().descriptionMatches(\"(?is).*\\QThis ...
14:02:44.230095 POST /session/cde1dcca-655d-4353-967b-b0455eb66691/element [25.985ms] ERR:404 body={"strategy":"-android uiautomator","selector":"new UiSelector().textContains(\"This never appears\")...
14:02:44.249590 POST /session/cde1dcca-655d-4353-967b-b0455eb66691/element [19.399166ms] ERR:404 body={"strategy":"-android uiautomator","selector":"new UiSelector().descriptionContains(\"This never app...
14:02:44.267297 POST /session/cde1dcca-655d-4353-967b-b0455eb66691/element [17.62325ms] ERR:404 body={"strategy":"-android uiautomator","selector":"new UiSelector().textMatches(\"(?is).*\\QThis never a...
14:02:44.278207 POST /session/cde1dcca-655d-4353-967b-b0455eb66691/element [10.751417ms] ERR:404 body={"strategy":"-android uiautomator","selector":"new UiSelector().descriptionMatches(\"(?is).*\\QThis ...
14:02:44.300167 POST /session/cde1dcca-655d-4353-967b-b0455eb66691/element [21.859083ms] ERR:404 body={"strategy":"-android uiautomator","selector":"new UiSelector().textContains(\"This never appears\")...
14:02:44.313061 POST /session/cde1dcca-655d-4353-967b-b0455eb66691/element [12.837834ms] ERR:404 body={"strategy":"-android uiautomator","selector":"new UiSelector().descriptionContains(\"This never app...
14:02:44.329085 POST /session/cde1dcca-655d-4353-967b-b0455eb66691/element [15.966041ms] ERR:404 body={"strategy":"-android uiautomator","selector":"new UiSelector().textMatches(\"(?is).*\\QThis never a...
14:02:44.340016 POST /session/cde1dcca-655d-4353-967b-b0455eb66691/element [10.86975ms] ERR:404 body={"strategy":"-android uiautomator","selector":"new UiSelector().descriptionMatches(\"(?is).*\\QThis ...
14:02:44.352977 POST /session/cde1dcca-655d-4353-967b-b0455eb66691/element [12.892542ms] ERR:404 body={"strategy":"-android uiautomator","selector":"new UiSelector().textContains(\"This never appears\")...
14:02:44.373917 POST /session/cde1dcca-655d-4353-967b-b0455eb66691/element [20.884417ms] ERR:404 body={"strategy":"-android uiautomator","selector":"new UiSelector().descriptionContains(\"This never app...
14:02:44.397492 POST /session/cde1dcca-655d-4353-967b-b0455eb66691/element [23.484875ms] ERR:404 body={"strategy":"-android uiautomator","selector":"new UiSelector().textMatches(\"(?is).*\\QThis never a...
14:02:44.414001 POST /session/cde1dcca-655d-4353-967b-b0455eb66691/element [16.433667ms] ERR:404 body={"strategy":"-android uiautomator","selector":"new UiSelector().descriptionMatches(\"(?is).*\\QThis ...
14:02:44.430675 POST /session/cde1dcca-655d-4353-967b-b0455eb66691/element [16.616458ms] ERR:404 body={"strategy":"-android uiautomator","selector":"new UiSelector().textContains(\"This never appears\")...
14:02:44.441893 POST /session/cde1dcca-655d-4353-967b-b0455eb66691/element [11.147209ms] ERR:404 body={"strategy":"-android uiautomator","selector":"new UiSelector().descriptionContains(\"This never app...
14:02:44.456525 POST /session/cde1dcca-655d-4353-967b-b0455eb66691/element [14.577916ms] ERR:404 body={"strategy":"-android uiautomator","selector":"new UiSelector().textMatches(\"(?is).*\\QThis never a...
14:02:44.469912 POST /session/cde1dcca-655d-4353-967b-b0455eb66691/element [13.332625ms] ERR:404 body={"strategy":"-android uiautomator","selector":"new UiSelector().descriptionMatches(\"(?is).*\\QThis ...
14:02:44.485848 POST /session/cde1dcca-655d-4353-967b-b0455eb66691/element [15.8795ms] ERR:404 body={"strategy":"-android uiautomator","selector":"new UiSelector().textContains(\"This never appears\")...
14:02:44.502591 POST /session/cde1dcca-655d-4353-967b-b0455eb66691/element [16.686917ms] ERR:404 body={"strategy":"-android uiautomator","selector":"new UiSelector().descriptionContains(\"This never app...
14:02:44.513630 POST /session/cde1dcca-655d-4353-967b-b0455eb66691/element [10.983417ms] ERR:404 body={"strategy":"-android uiautomator","selector":"new UiSelector().textMatches(\"(?is).*\\QThis never a...
14:02:44.527407 POST /session/cde1dcca-655d-4353-967b-b0455eb66691/element [13.728583ms] ERR:404 body={"strategy":"-android uiautomator","selector":"new UiSelector().descriptionMatches(\"(?is).*\\QThis ...
14:02:44.540968 POST /session/cde1dcca-655d-4353-967b-b0455eb66691/element [13.506875ms] ERR:404 body={"strategy":"-android uiautomator","selector":"new UiSelector().textContains(\"This never appears\")...
14:02:44.553850 POST /session/cde1dcca-655d-4353-967b-b0455eb66691/element [12.823625ms] ERR:404 body={"strategy":"-android uiautomator","selector":"new UiSelector().descriptionContains(\"This never app...
14:02:44.567998 POST /session/cde1dcca-655d-4353-967b-b0455eb66691/element [14.089584ms] ERR:404 body={"strategy":"-android uiautomator","selector":"new UiSelector().textMatches(\"(?is).*\\QThis never a...
14:02:44.583168 POST /session/cde1dcca-655d-4353-967b-b0455eb66691/element [15.106458ms] ERR:404 body={"strategy":"-android uiautomator","selector":"new UiSelector().descriptionMatches(\"(?is).*\\QThis ...
14:02:44.600644 POST /session/cde1dcca-655d-4353-967b-b0455eb66691/element [17.222584ms] ERR:404 body={"strategy":"-android uiautomator","selector":"new UiSelector().textContains(\"This never appears\")...
14:02:44.616048 POST /session/cde1dcca-655d-4353-967b-b0455eb66691/element [15.288167ms] ERR:404 body={"strategy":"-android uiautomator","selector":"new UiSelector().descriptionContains(\"This never app...
14:02:44.634944 POST /session/cde1dcca-655d-4353-967b-b0455eb66691/element [18.848916ms] ERR:404 body={"strategy":"-android uiautomator","selector":"new UiSelector().textMatches(\"(?is).*\\QThis never a...
14:02:44.657906 POST /session/cde1dcca-655d-4353-967b-b0455eb66691/element [22.8605ms] ERR:404 body={"strategy":"-android uiautomator","selector":"new UiSelector().descriptionMatches(\"(?is).*\\QThis ...
14:02:44.674232 POST /session/cde1dcca-655d-4353-967b-b0455eb66691/element [16.234875ms] ERR:404 body={"strategy":"-android uiautomator","selector":"new UiSelector().textContains(\"This never appears\")...
14:02:44.685172 POST /session/cde1dcca-655d-4353-967b-b0455eb66691/element [10.854625ms] ERR:404 body={"strategy":"-android uiautomator","selector":"new UiSelector().descriptionContains(\"This never app...
14:02:44.703610 POST /session/cde1dcca-655d-4353-967b-b0455eb66691/element [18.369167ms] ERR:404 body={"strategy":"-android uiautomator","selector":"new UiSelector().textMatches(\"(?is).*\\QThis never a...
14:02:44.726689 POST /session/cde1dcca-655d-4353-967b-b0455eb66691/element [23.018291ms] ERR:404 body={"strategy":"-android uiautomator","selector":"new UiSelector().descriptionMatches(\"(?is).*\\QThis ...
14:02:44.737012 POST /session/cde1dcca-655d-4353-967b-b0455eb66691/element [10.263792ms] ERR:404 body={"strategy":"-android uiautomator","selector":"new UiSelector().textContains(\"This never appears\")...
14:02:44.752236 POST /session/cde1dcca-655d-4353-967b-b0455eb66691/element [15.166208ms] ERR:404 body={"strategy":"-android uiautomator","selector":"new UiSelector().descriptionContains(\"This never app...
14:02:44.765298 POST /session/cde1dcca-655d-4353-967b-b0455eb66691/element [13.006708ms] ERR:404 body={"strategy":"-android uiautomator","selector":"new UiSelector().textMatches(\"(?is).*\\QThis never a...
14:02:44.777566 POST /session/cde1dcca-655d-4353-967b-b0455eb66691/element [12.209167ms] ERR:404 body={"strategy":"-android uiautomator","selector":"new UiSelector().descriptionMatches(\"(?is).*\\QThis ...
14:02:44.790343 POST /session/cde1dcca-655d-4353-967b-b0455eb66691/element [12.725708ms] ERR:404 body={"strategy":"-android uiautomator","selector":"new UiSelector().textContains(\"This never appears\")...
14:02:44.800175 POST /session/cde1dcca-655d-4353-967b-b0455eb66691/element [9.66075ms] ERR:404 body={"strategy":"-android uiautomator","selector":"new UiSelector().descriptionContains(\"This never app...
14:02:44.812830 POST /session/cde1dcca-655d-4353-967b-b0455eb66691/element [12.600083ms] ERR:404 body={"strategy":"-android uiautomator","selector":"new UiSelector().textMatches(\"(?is).*\\QThis never a...
14:02:44.825156 POST /session/cde1dcca-655d-4353-967b-b0455eb66691/element [12.260875ms] ERR:404 body={"strategy":"-android uiautomator","selector":"new UiSelector().descriptionMatches(\"(?is).*\\QThis ...
14:02:44.835868 POST /session/cde1dcca-655d-4353-967b-b0455eb66691/element [10.638583ms] ERR:404 body={"strategy":"-android uiautomator","selector":"new UiSelector().textContains(\"This never appears\")...
14:02:44.850097 POST /session/cde1dcca-655d-4353-967b-b0455eb66691/element [14.170291ms] ERR:404 body={"strategy":"-android uiautomator","selector":"new UiSelector().descriptionContains(\"This never app...
14:02:44.862348 POST /session/cde1dcca-655d-4353-967b-b0455eb66691/element [12.195208ms] ERR:404 body={"strategy":"-android uiautomator","selector":"new UiSelector().textMatches(\"(?is).*\\QThis never a...
14:02:44.877265 POST /session/cde1dcca-655d-4353-967b-b0455eb66691/element [14.86275ms] ERR:404 body={"strategy":"-android uiautomator","selector":"new UiSelector().descriptionMatches(\"(?is).*\\QThis ...
14:02:44.889708 POST /session/cde1dcca-655d-4353-967b-b0455eb66691/element [12.384917ms] ERR:404 body={"strategy":"-android uiautomator","selector":"new UiSelector().textContains(\"This never appears\")...
14:02:44.902012 POST /session/cde1dcca-655d-4353-967b-b0455eb66691/element [12.239875ms] ERR:404 body={"strategy":"-android uiautomator","selector":"new UiSelector().descriptionContains(\"This never app...
14:02:44.914770 POST /session/cde1dcca-655d-4353-967b-b0455eb66691/element [12.70325ms] ERR:404 body={"strategy":"-android uiautomator","selector":"new UiSelector().textMatches(\"(?is).*\\QThis never a...
14:02:44.927053 POST /session/cde1dcca-655d-4353-967b-b0455eb66691/element [12.228625ms] ERR:404 body={"strategy":"-android uiautomator","selector":"new UiSelector().descriptionMatches(\"(?is).*\\QThis ...
14:02:44.938069 POST /session/cde1dcca-655d-4353-967b-b0455eb66691/element [10.961292ms] ERR:404 body={"strategy":"-android uiautomator","selector":"new UiSelector().textContains(\"This never appears\")...
14:02:44.950542 POST /session/cde1dcca-655d-4353-967b-b0455eb66691/element [12.415291ms] ERR:404 body={"strategy":"-android uiautomator","selector":"new UiSelector().descriptionContains(\"This never app...
14:02:44.964592 POST /session/cde1dcca-655d-4353-967b-b0455eb66691/element [13.992542ms] ERR:404 body={"strategy":"-android uiautomator","selector":"new UiSelector().textMatches(\"(?is).*\\QThis never a...
14:02:44.975579 POST /session/cde1dcca-655d-4353-967b-b0455eb66691/element [10.928542ms] ERR:404 body={"strategy":"-android uiautomator","selector":"new UiSelector().descriptionMatches(\"(?is).*\\QThis ...
14:02:44.990086 POST /session/cde1dcca-655d-4353-967b-b0455eb66691/element [14.445292ms] ERR:404 body={"strategy":"-android uiautomator","selector":"new UiSelector().textContains(\"This never appears\")...
14:02:45.006385 POST /session/cde1dcca-655d-4353-967b-b0455eb66691/element [16.245875ms] ERR:404 body={"strategy":"-android uiautomator","selector":"new UiSelector().descriptionContains(\"This never app...
14:02:45.015690 POST /session/cde1dcca-655d-4353-967b-b0455eb66691/element [9.247542ms] ERR:404 body={"strategy":"-android uiautomator","selector":"new UiSelector().textMatches(\"(?is).*\\QThis never a...
14:02:45.025553 POST /session/cde1dcca-655d-4353-967b-b0455eb66691/element [9.804625ms] ERR:404 body={"strategy":"-android uiautomator","selector":"new UiSelector().descriptionMatches(\"(?is).*\\QThis ...
14:02:45.039771 POST /session/cde1dcca-655d-4353-967b-b0455eb66691/element [14.164083ms] ERR:404 body={"strategy":"-android uiautomator","selector":"new UiSelector().textContains(\"This never appears\")...
14:02:45.052493 POST /session/cde1dcca-655d-4353-967b-b0455eb66691/element [12.663ms] ERR:404 body={"strategy":"-android uiautomator","selector":"new UiSelector().descriptionContains(\"This never app...
14:02:45.061363 POST /session/cde1dcca-655d-4353-967b-b0455eb66691/element [8.827959ms] ERR:404 body={"strategy":"-android uiautomator","selector":"new UiSelector().textMatches(\"(?is).*\\QThis never a...
14:02:45.076199 POST /session/cde1dcca-655d-4353-967b-b0455eb66691/element [14.788875ms] ERR:404 body={"strategy":"-android uiautomator","selector":"new UiSelector().descriptionMatches(\"(?is).*\\QThis ...
14:02:45.089313 POST /session/cde1dcca-655d-4353-967b-b0455eb66691/element [13.040958ms] ERR:404 body={"strategy":"-android uiautomator","selector":"new UiSelector().textContains(\"This never appears\")...
14:02:45.102386 POST /session/cde1dcca-655d-4353-967b-b0455eb66691/element [13.011125ms] ERR:404 body={"strategy":"-android uiautomator","selector":"new UiSelector().descriptionContains(\"This never app...
14:02:45.114698 POST /session/cde1dcca-655d-4353-967b-b0455eb66691/element [12.26125ms] ERR:404 body={"strategy":"-android uiautomator","selector":"new UiSelector().textMatches(\"(?is).*\\QThis never a...
14:02:45.129927 POST /session/cde1dcca-655d-4353-967b-b0455eb66691/element [15.167542ms] ERR:404 body={"strategy":"-android uiautomator","selector":"new UiSelector().descriptionMatches(\"(?is).*\\QThis ...
14:02:45.142740 POST /session/cde1dcca-655d-4353-967b-b0455eb66691/element [12.75625ms] ERR:404 body={"strategy":"-android uiautomator","selector":"new UiSelector().textContains(\"This never appears\")...
14:02:45.151784 POST /session/cde1dcca-655d-4353-967b-b0455eb66691/element [8.9925ms] ERR:404 body={"strategy":"-android uiautomator","selector":"new UiSelector().descriptionContains(\"This never app...
14:02:45.164048 POST /session/cde1dcca-655d-4353-967b-b0455eb66691/element [12.209041ms] ERR:404 body={"strategy":"-android uiautomator","selector":"new UiSelector().textMatches(\"(?is).*\\QThis never a...
14:02:45.174168 POST /session/cde1dcca-655d-4353-967b-b0455eb66691/element [10.0755ms] ERR:404 body={"strategy":"-android uiautomator","selector":"new UiSelector().descriptionMatches(\"(?is).*\\QThis ...
14:02:45.188167 POST /session/cde1dcca-655d-4353-967b-b0455eb66691/element [13.929083ms] ERR:404 body={"strategy":"-android uiautomator","selector":"new UiSelector().textContains(\"This never appears\")...
14:02:45.202127 POST /session/cde1dcca-655d-4353-967b-b0455eb66691/element [13.897375ms] ERR:404 body={"strategy":"-android uiautomator","selector":"new UiSelector().descriptionContains(\"This never app...
14:02:45.214889 POST /session/cde1dcca-655d-4353-967b-b0455eb66691/element [12.703292ms] ERR:404 body={"strategy":"-android uiautomator","selector":"new UiSelector().textMatches(\"(?is).*\\QThis never a...
14:02:45.229888 POST /session/cde1dcca-655d-4353-967b-b0455eb66691/element [14.933958ms] ERR:404 body={"strategy":"-android uiautomator","selector":"new UiSelector().descriptionMatches(\"(?is).*\\QThis ...
14:02:45.241649 POST /session/cde1dcca-655d-4353-967b-b0455eb66691/element [11.708458ms] ERR:404 body={"strategy":"-android uiautomator","selector":"new UiSelector().textContains(\"This never appears\")...
14:02:45.256374 POST /session/cde1dcca-655d-4353-967b-b0455eb66691/element [14.672333ms] ERR:404 body={"strategy":"-android uiautomator","selector":"new UiSelector().descriptionContains(\"This never app...
14:02:45.268592 POST /session/cde1dcca-655d-4353-967b-b0455eb66691/element [12.1575ms] ERR:404 body={"strategy":"-android uiautomator","selector":"new UiSelector().textMatches(\"(?is).*\\QThis never a...
14:02:45.278866 POST /session/cde1dcca-655d-4353-967b-b0455eb66691/element [10.210542ms] ERR:404 body={"strategy":"-android uiautomator","selector":"new UiSelector().descriptionMatches(\"(?is).*\\QThis ...
14:02:45.288852 POST /session/cde1dcca-655d-4353-967b-b0455eb66691/element [9.933792ms] ERR:404 body={"strategy":"-android uiautomator","selector":"new UiSelector().textContains(\"This never appears\")...
14:02:45.297955 POST /session/cde1dcca-655d-4353-967b-b0455eb66691/element [9.045917ms] ERR:404 body={"strategy":"-android uiautomator","selector":"new UiSelector().descriptionContains(\"This never app...
14:02:45.305744 POST /session/cde1dcca-655d-4353-967b-b0455eb66691/element [7.733958ms] ERR:404 body={"strategy":"-android uiautomator","selector":"new UiSelector().textMatches(\"(?is).*\\QThis never a...
14:02:45.314847 POST /session/cde1dcca-655d-4353-967b-b0455eb66691/element [9.043833ms] ERR:404 body={"strategy":"-android uiautomator","selector":"new UiSelector().descriptionMatches(\"(?is).*\\QThis ...
14:02:45.327260 POST /session/cde1dcca-655d-4353-967b-b0455eb66691/element [12.363208ms] ERR:404 body={"strategy":"-android uiautomator","selector":"new UiSelector().textContains(\"This never appears\")...
14:02:45.341238 POST /session/cde1dcca-655d-4353-967b-b0455eb66691/element [13.920208ms] ERR:404 body={"strategy":"-android uiautomator","selector":"new UiSelector().descriptionContains(\"This never app...
14:02:45.354013 POST /session/cde1dcca-655d-4353-967b-b0455eb66691/element [12.716125ms] ERR:404 body={"strategy":"-android uiautomator","selector":"new UiSelector().textMatches(\"(?is).*\\QThis never a...
14:02:45.365127 POST /session/cde1dcca-655d-4353-967b-b0455eb66691/element [11.062291ms] ERR:404 body={"strategy":"-android uiautomator","selector":"new UiSelector().descriptionMatches(\"(?is).*\\QThis ...
14:02:45.374850 POST /session/cde1dcca-655d-4353-967b-b0455eb66691/element [9.661458ms] ERR:404 body={"strategy":"-android uiautomator","selector":"new UiSelector().textContains(\"This never appears\")...
14:02:45.386064 POST /session/cde1dcca-655d-4353-967b-b0455eb66691/element [11.167291ms] ERR:404 body={"strategy":"-android uiautomator","selector":"new UiSelector().descriptionContains(\"This never app...
14:02:45.399090 POST /session/cde1dcca-655d-4353-967b-b0455eb66691/element [12.968333ms] ERR:404 body={"strategy":"-android uiautomator","selector":"new UiSelector().textMatches(\"(?is).*\\QThis never a...
14:02:45.409936 POST /session/cde1dcca-655d-4353-967b-b0455eb66691/element [10.788083ms] ERR:404 body={"strategy":"-android uiautomator","selector":"new UiSelector().descriptionMatches(\"(?is).*\\QThis ...
14:02:45.420810 POST /session/cde1dcca-655d-4353-967b-b0455eb66691/element [10.827833ms] ERR:404 body={"strategy":"-android uiautomator","selector":"new UiSelector().textContains(\"This never appears\")...
14:02:45.428808 POST /session/cde1dcca-655d-4353-967b-b0455eb66691/element [7.950042ms] ERR:404 body={"strategy":"-android uiautomator","selector":"new UiSelector().descriptionContains(\"This never app...
14:02:45.441699 POST /session/cde1dcca-655d-4353-967b-b0455eb66691/element [12.836083ms] ERR:404 body={"strategy":"-android uiautomator","selector":"new UiSelector().textMatches(\"(?is).*\\QThis never a...
14:02:45.452751 POST /session/cde1dcca-655d-4353-967b-b0455eb66691/element [10.989833ms] ERR:404 body={"strategy":"-android uiautomator","selector":"new UiSelector().descriptionMatches(\"(?is).*\\QThis ...
14:02:45.462216 POST /session/cde1dcca-655d-4353-967b-b0455eb66691/element [9.400333ms] ERR:404 body={"strategy":"-android uiautomator","selector":"new UiSelector().textContains(\"This never appears\")...
14:02:45.473578 POST /session/cde1dcca-655d-4353-967b-b0455eb66691/element [11.293083ms] ERR:404 body={"strategy":"-android uiautomator","selector":"new UiSelector().descriptionContains(\"This never app...
14:02:45.481825 POST /session/cde1dcca-655d-4353-967b-b0455eb66691/element [8.188708ms] ERR:404 body={"strategy":"-android uiautomator","selector":"new UiSelector().textMatches(\"(?is).*\\QThis never a...
14:02:45.491796 POST /session/cde1dcca-655d-4353-967b-b0455eb66691/element [9.922833ms] ERR:404 body={"strategy":"-android uiautomator","selector":"new UiSelector().descriptionMatches(\"(?is).*\\QThis ...
14:02:45.502775 POST /session/cde1dcca-655d-4353-967b-b0455eb66691/element [10.93975ms] ERR:404 body={"strategy":"-android uiautomator","selector":"new UiSelector().textContains(\"This never appears\")...
14:02:45.511569 POST /session/cde1dcca-655d-4353-967b-b0455eb66691/element [8.744375ms] ERR:404 body={"strategy":"-android uiautomator","selector":"new UiSelector().descriptionContains(\"This never app...
14:02:45.521090 POST /session/cde1dcca-655d-4353-967b-b0455eb66691/element [9.476833ms] ERR:404 body={"strategy":"-android uiautomator","selector":"new UiSelector().textMatches(\"(?is).*\\QThis never a...
14:02:45.535381 POST /session/cde1dcca-655d-4353-967b-b0455eb66691/element [14.241834ms] ERR:404 body={"strategy":"-android uiautomator","selector":"new UiSelector().descriptionMatches(\"(?is).*\\QThis ...
14:02:45.546235 POST /session/cde1dcca-655d-4353-967b-b0455eb66691/element [10.792334ms] ERR:404 body={"strategy":"-android uiautomator","selector":"new UiSelector().textContains(\"This never appears\")...
14:02:45.558163 POST /session/cde1dcca-655d-4353-967b-b0455eb66691/element [11.876083ms] ERR:404 body={"strategy":"-android uiautomator","selector":"new UiSelector().descriptionContains(\"This never app...
14:02:45.573838 POST /session/cde1dcca-655d-4353-967b-b0455eb66691/element [15.612667ms] ERR:404 body={"strategy":"-android uiautomator","selector":"new UiSelector().textMatches(\"(?is).*\\QThis never a...
14:02:45.588342 POST /session/cde1dcca-655d-4353-967b-b0455eb66691/element [14.452834ms] ERR:404 body={"strategy":"-android uiautomator","selector":"new UiSelector().descriptionMatches(\"(?is).*\\QThis ...
14:02:45.601625 POST /session/cde1dcca-655d-4353-967b-b0455eb66691/element [13.233416ms] ERR:404 body={"strategy":"-android uiautomator","selector":"new UiSelector().textContains(\"This never appears\")...
14:02:45.613476 POST /session/cde1dcca-655d-4353-967b-b0455eb66691/element [11.789584ms] ERR:404 body={"strategy":"-android uiautomator","selector":"new UiSelector().descriptionContains(\"This never app...
14:02:45.624865 POST /session/cde1dcca-655d-4353-967b-b0455eb66691/element [11.336ms] ERR:404 body={"strategy":"-android uiautomator","selector":"new UiSelector().textMatches(\"(?is).*\\QThis never a...
14:02:45.638542 POST /session/cde1dcca-655d-4353-967b-b0455eb66691/element [13.624459ms] ERR:404 body={"strategy":"-android uiautomator","selector":"new UiSelector().descriptionMatches(\"(?is).*\\QThis ...
14:02:45.651837 POST /session/cde1dcca-655d-4353-967b-b0455eb66691/element [13.224917ms] ERR:404 body={"strategy":"-android uiautomator","selector":"new UiSelector().textContains(\"This never appears\")...
14:02:45.662648 POST /session/cde1dcca-655d-4353-967b-b0455eb66691/element [10.761583ms] ERR:404 body={"strategy":"-android uiautomator","selector":"new UiSelector().descriptionContains(\"This never app...
14:02:45.673437 POST /session/cde1dcca-655d-4353-967b-b0455eb66691/element [10.73175ms] ERR:404 body={"strategy":"-android uiautomator","selector":"new UiSelector().textMatches(\"(?is).*\\QThis never a...
14:02:45.687381 POST /session/cde1dcca-655d-4353-967b-b0455eb66691/element [13.885833ms] ERR:404 body={"strategy":"-android uiautomator","selector":"new UiSelector().descriptionMatches(\"(?is).*\\QThis ...
14:02:45.701573 POST /session/cde1dcca-655d-4353-967b-b0455eb66691/element [14.138958ms] ERR:404 body={"strategy":"-android uiautomator","selector":"new UiSelector().textContains(\"This never appears\")...
14:02:45.714973 POST /session/cde1dcca-655d-4353-967b-b0455eb66691/element [13.338125ms] ERR:404 body={"strategy":"-android uiautomator","selector":"new UiSelector().descriptionContains(\"This never app...
14:02:45.729700 POST /session/cde1dcca-655d-4353-967b-b0455eb66691/element [14.669417ms] ERR:404 body={"strategy":"-android uiautomator","selector":"new UiSelector().textMatches(\"(?is).*\\QThis never a...
14:02:45.740904 POST /session/cde1dcca-655d-4353-967b-b0455eb66691/element [11.152875ms] ERR:404 body={"strategy":"-android uiautomator","selector":"new UiSelector().descriptionMatches(\"(?is).*\\QThis ...
14:02:45.752920 POST /session/cde1dcca-655d-4353-967b-b0455eb66691/element [11.961833ms] ERR:404 body={"strategy":"-android uiautomator","selector":"new UiSelector().textContains(\"This never appears\")...
14:02:45.763419 POST /session/cde1dcca-655d-4353-967b-b0455eb66691/element [10.450208ms] ERR:404 body={"strategy":"-android uiautomator","selector":"new UiSelector().descriptionContains(\"This never app...
14:02:45.773772 POST /session/cde1dcca-655d-4353-967b-b0455eb66691/element [10.302333ms] ERR:404 body={"strategy":"-android uiautomator","selector":"new UiSelector().textMatches(\"(?is).*\\QThis never a...
14:02:45.784702 POST /session/cde1dcca-655d-4353-967b-b0455eb66691/element [10.859875ms] ERR:404 body={"strategy":"-android uiautomator","selector":"new UiSelector().descriptionMatches(\"(?is).*\\QThis ...
14:02:45.793720 POST /session/cde1dcca-655d-4353-967b-b0455eb66691/element [8.961834ms] ERR:404 body={"strategy":"-android uiautomator","selector":"new UiSelector().textContains(\"This never appears\")...
14:02:45.808388 POST /session/cde1dcca-655d-4353-967b-b0455eb66691/element [14.610125ms] ERR:404 body={"strategy":"-android uiautomator","selector":"new UiSelector().descriptionContains(\"This never app...
14:02:45.820496 POST /session/cde1dcca-655d-4353-967b-b0455eb66691/element [12.043625ms] ERR:404 body={"strategy":"-android uiautomator","selector":"new UiSelector().textMatches(\"(?is).*\\QThis never a...
14:02:45.833299 POST /session/cde1dcca-655d-4353-967b-b0455eb66691/element [12.752458ms] ERR:404 body={"strategy":"-android uiautomator","selector":"new UiSelector().descriptionMatches(\"(?is).*\\QThis ...
14:02:45.845881 POST /session/cde1dcca-655d-4353-967b-b0455eb66691/element [12.524625ms] ERR:404 body={"strategy":"-android uiautomator","selector":"new UiSelector().textContains(\"This never appears\")...
14:02:45.858261 POST /session/cde1dcca-655d-4353-967b-b0455eb66691/element [12.322333ms] ERR:404 body={"strategy":"-android uiautomator","selector":"new UiSelector().descriptionContains(\"This never app...
14:02:45.868857 POST /session/cde1dcca-655d-4353-967b-b0455eb66691/element [10.547208ms] ERR:404 body={"strategy":"-android uiautomator","selector":"new UiSelector().textMatches(\"(?is).*\\QThis never a...
14:02:45.875756 POST /session/cde1dcca-655d-4353-967b-b0455eb66691/element [6.850709ms] ERR:404 body={"strategy":"-android uiautomator","selector":"new UiSelector().descriptionMatches(\"(?is).*\\QThis ...
14:02:45.889937 POST /session/cde1dcca-655d-4353-967b-b0455eb66691/element [14.128416ms] ERR:404 body={"strategy":"-android uiautomator","selector":"new UiSelector().textContains(\"This never appears\")...
14:02:45.899371 POST /session/cde1dcca-655d-4353-967b-b0455eb66691/element [9.383166ms] ERR:404 body={"strategy":"-android uiautomator","selector":"new UiSelector().descriptionContains(\"This never app...
14:02:45.908467 POST /session/cde1dcca-655d-4353-967b-b0455eb66691/element [9.050084ms] ERR:404 body={"strategy":"-android uiautomator","selector":"new UiSelector().textMatches(\"(?is).*\\QThis never a...
14:02:45.921846 POST /session/cde1dcca-655d-4353-967b-b0455eb66691/element [13.333584ms] ERR:404 body={"strategy":"-android uiautomator","selector":"new UiSelector().descriptionMatches(\"(?is).*\\QThis ...
14:02:45.936453 POST /session/cde1dcca-655d-4353-967b-b0455eb66691/element [14.545334ms] ERR:404 body={"strategy":"-android uiautomator","selector":"new UiSelector().textContains(\"This never appears\")...
14:02:45.950020 POST /session/cde1dcca-655d-4353-967b-b0455eb66691/element [13.518917ms] ERR:404 body={"strategy":"-android uiautomator","selector":"new UiSelector().descriptionContains(\"This never app...
14:02:45.962772 POST /session/cde1dcca-655d-4353-967b-b0455eb66691/element [12.696ms] ERR:404 body={"strategy":"-android uiautomator","selector":"new UiSelector().textMatches(\"(?is).*\\QThis never a...
14:02:45.972530 POST /session/cde1dcca-655d-4353-967b-b0455eb66691/element [9.7005ms] ERR:404 body={"strategy":"-android uiautomator","selector":"new UiSelector().descriptionMatches(\"(?is).*\\QThis ...
14:02:45.985946 POST /session/cde1dcca-655d-4353-967b-b0455eb66691/element [13.359833ms] ERR:404 body={"strategy":"-android uiautomator","selector":"new UiSelector().textContains(\"This never appears\")...
14:02:45.997123 POST /session/cde1dcca-655d-4353-967b-b0455eb66691/element [11.118417ms] ERR:404 body={"strategy":"-android uiautomator","selector":"new UiSelector().descriptionContains(\"This never app...
14:02:46.005675 POST /session/cde1dcca-655d-4353-967b-b0455eb66691/element [8.494416ms] ERR:404 body={"strategy":"-android uiautomator","selector":"new UiSelector().textMatches(\"(?is).*\\QThis never a...
14:02:46.016159 POST /session/cde1dcca-655d-4353-967b-b0455eb66691/element [10.434625ms] ERR:404 body={"strategy":"-android uiautomator","selector":"new UiSelector().descriptionMatches(\"(?is).*\\QThis ...
14:02:46.023231 POST /session/cde1dcca-655d-4353-967b-b0455eb66691/element [6.998916ms] ERR:404 body={"strategy":"-android uiautomator","selector":"new UiSelector().textContains(\"This never appears\")...
14:02:46.034160 POST /session/cde1dcca-655d-4353-967b-b0455eb66691/element [10.878917ms] ERR:404 body={"strategy":"-android uiautomator","selector":"new UiSelector().descriptionContains(\"This never app...
14:02:46.044316 POST /session/cde1dcca-655d-4353-967b-b0455eb66691/element [10.10075ms] ERR:404 body={"strategy":"-android uiautomator","selector":"new UiSelector().textMatches(\"(?is).*\\QThis never a...
14:02:46.058140 POST /session/cde1dcca-655d-4353-967b-b0455eb66691/element [13.770375ms] ERR:404 body={"strategy":"-android uiautomator","selector":"new UiSelector().descriptionMatches(\"(?is).*\\QThis ...
14:02:46.068669 POST /session/cde1dcca-655d-4353-967b-b0455eb66691/element [10.482625ms] ERR:404 body={"strategy":"-android uiautomator","selector":"new UiSelector().textContains(\"This never appears\")...
14:02:46.079740 POST /session/cde1dcca-655d-4353-967b-b0455eb66691/element [11.02125ms] ERR:404 body={"strategy":"-android uiautomator","selector":"new UiSelector().descriptionContains(\"This never app...
14:02:46.094381 POST /session/cde1dcca-655d-4353-967b-b0455eb66691/element [14.582625ms] ERR:404 body={"strategy":"-android uiautomator","selector":"new UiSelector().textMatches(\"(?is).*\\QThis never a...
14:02:46.105659 POST /session/cde1dcca-655d-4353-967b-b0455eb66691/element [11.22075ms] ERR:404 body={"strategy":"-android uiautomator","selector":"new UiSelector().descriptionMatches(\"(?is).*\\QThis ...
14:02:46.115316 POST /session/cde1dcca-655d-4353-967b-b0455eb66691/element [9.6055ms] ERR:404 body={"strategy":"-android uiautomator","selector":"new UiSelector().textContains(\"This never appears\")...
14:02:46.123324 POST /session/cde1dcca-655d-4353-967b-b0455eb66691/element [7.960167ms] ERR:404 body={"strategy":"-android uiautomator","selector":"new UiSelector().descriptionContains(\"This never app...
14:02:46.132250 POST /session/cde1dcca-655d-4353-967b-b0455eb66691/element [8.882416ms] ERR:404 body={"strategy":"-android uiautomator","selector":"new UiSelector().textMatches(\"(?is).*\\QThis never a...
14:02:46.149086 POST /session/cde1dcca-655d-4353-967b-b0455eb66691/element [16.78425ms] ERR:404 body={"strategy":"-android uiautomator","selector":"new UiSelector().descriptionMatches(\"(?is).*\\QThis ...
14:02:46.158872 POST /session/cde1dcca-655d-4353-967b-b0455eb66691/element [9.7445ms] ERR:404 body={"strategy":"-android uiautomator","selector":"new UiSelector().textContains(\"This never appears\")...
14:02:46.169718 POST /session/cde1dcca-655d-4353-967b-b0455eb66691/element [10.793125ms] ERR:404 body={"strategy":"-android uiautomator","selector":"new UiSelector().descriptionContains(\"This never app...
14:02:46.183614 POST /session/cde1dcca-655d-4353-967b-b0455eb66691/element [13.844417ms] ERR:404 body={"strategy":"-android uiautomator","selector":"new UiSelector().textMatches(\"(?is).*\\QThis never a...
14:02:46.195227 POST /session/cde1dcca-655d-4353-967b-b0455eb66691/element [11.557208ms] ERR:404 body={"strategy":"-android uiautomator","selector":"new UiSelector().descriptionMatches(\"(?is).*\\QThis ...
14:02:46.207686 POST /session/cde1dcca-655d-4353-967b-b0455eb66691/element [12.406375ms] ERR:404 body={"strategy":"-android uiautomator","selector":"new UiSelector().textContains(\"This never appears\")...
14:02:46.216879 POST /session/cde1dcca-655d-4353-967b-b0455eb66691/element [9.152708ms] ERR:404 body={"strategy":"-android uiautomator","selector":"new UiSelector().descriptionContains(\"This never app...
14:02:46.224983 POST /session/cde1dcca-655d-4353-967b-b0455eb66691/element [8.060291ms] ERR:404 body={"strategy":"-android uiautomator","selector":"new UiSelector().textMatches(\"(?is).*\\QThis never a...
14:02:46.234276 POST /session/cde1dcca-655d-4353-967b-b0455eb66691/element [9.236875ms] ERR:404 body={"strategy":"-android uiautomator","selector":"new UiSelector().descriptionMatches(\"(?is).*\\QThis ...
14:02:46.242840 POST /session/cde1dcca-655d-4353-967b-b0455eb66691/element [8.518ms] ERR:404 body={"strategy":"-android uiautomator","selector":"new UiSelector().textContains(\"This never appears\")...
14:02:46.254789 POST /session/cde1dcca-655d-4353-967b-b0455eb66691/element [11.906625ms] ERR:404 body={"strategy":"-android uiautomator","selector":"new UiSelector().descriptionContains(\"This never app...
14:02:46.268272 POST /session/cde1dcca-655d-4353-967b-b0455eb66691/element [13.420834ms] ERR:404 body={"strategy":"-android uiautomator","selector":"new UiSelector().textMatches(\"(?is).*\\QThis never a...
14:02:46.279746 POST /session/cde1dcca-655d-4353-967b-b0455eb66691/element [11.414625ms] ERR:404 body={"strategy":"-android uiautomator","selector":"new UiSelector().descriptionMatches(\"(?is).*\\QThis ...
14:02:46.290910 POST /session/cde1dcca-655d-4353-967b-b0455eb66691/element [11.111167ms] ERR:404 body={"strategy":"-android uiautomator","selector":"new UiSelector().textContains(\"This never appears\")...
14:02:46.301601 POST /session/cde1dcca-655d-4353-967b-b0455eb66691/element [10.640334ms] ERR:404 body={"strategy":"-android uiautomator","selector":"new UiSelector().descriptionContains(\"This never app...
14:02:46.314682 POST /session/cde1dcca-655d-4353-967b-b0455eb66691/element [13.031542ms] ERR:404 body={"strategy":"-android uiautomator","selector":"new UiSelector().textMatches(\"(?is).*\\QThis never a...
14:02:46.323605 POST /session/cde1dcca-655d-4353-967b-b0455eb66691/element [8.8655ms] ERR:404 body={"strategy":"-android uiautomator","selector":"new UiSelector().descriptionMatches(\"(?is).*\\QThis ...
14:02:46.333515 POST /session/cde1dcca-655d-4353-967b-b0455eb66691/element [9.849458ms] ERR:404 body={"strategy":"-android uiautomator","selector":"new UiSelector().textContains(\"This never appears\")...
14:02:46.345651 POST /session/cde1dcca-655d-4353-967b-b0455eb66691/element [12.089291ms] ERR:404 body={"strategy":"-android uiautomator","selector":"new UiSelector().descriptionContains(\"This never app...
14:02:46.356831 POST /session/cde1dcca-655d-4353-967b-b0455eb66691/element [11.132625ms] ERR:404 body={"strategy":"-android uiautomator","selector":"new UiSelector().textMatches(\"(?is).*\\QThis never a...
14:02:46.365319 POST /session/cde1dcca-655d-4353-967b-b0455eb66691/element [8.438ms] ERR:404 body={"strategy":"-android uiautomator","selector":"new UiSelector().descriptionMatches(\"(?is).*\\QThis ...
14:02:46.373969 POST /session/cde1dcca-655d-4353-967b-b0455eb66691/element [8.605375ms] ERR:404 body={"strategy":"-android uiautomator","selector":"new UiSelector().textContains(\"This never appears\")...
14:02:46.383511 POST /session/cde1dcca-655d-4353-967b-b0455eb66691/element [9.495792ms] ERR:404 body={"strategy":"-android uiautomator","selector":"new UiSelector().descriptionContains(\"This never app...
14:02:46.397595 POST /session/cde1dcca-655d-4353-967b-b0455eb66691/element [14.037625ms] ERR:404 body={"strategy":"-android uiautomator","selector":"new UiSelector().textMatches(\"(?is).*\\QThis never a...
14:02:46.409518 POST /session/cde1dcca-655d-4353-967b-b0455eb66691/element [11.868ms] ERR:404 body={"strategy":"-android uiautomator","selector":"new UiSelector().descriptionMatches(\"(?is).*\\QThis ...
14:02:46.419693 POST /session/cde1dcca-655d-4353-967b-b0455eb66691/element [10.126625ms] ERR:404 body={"strategy":"-android uiautomator","selector":"new UiSelector().textContains(\"This never appears\")...
14:02:46.434530 POST /session/cde1dcca-655d-4353-967b-b0455eb66691/element [14.788666ms] ERR:404 body={"strategy":"-android uiautomator","selector":"new UiSelector().descriptionContains(\"This never app...
14:02:46.446064 POST /session/cde1dcca-655d-4353-967b-b0455eb66691/element [11.475541ms] ERR:404 body={"strategy":"-android uiautomator","selector":"new UiSelector().textMatches(\"(?is).*\\QThis never a...
14:02:46.454216 POST /session/cde1dcca-655d-4353-967b-b0455eb66691/element [8.097458ms] ERR:404 body={"strategy":"-android uiautomator","selector":"new UiSelector().descriptionMatches(\"(?is).*\\QThis ...
14:02:46.464266 POST /session/cde1dcca-655d-4353-967b-b0455eb66691/element [9.998541ms] ERR:404 body={"strategy":"-android uiautomator","selector":"new UiSelector().textContains(\"This never appears\")...
14:02:46.472478 POST /session/cde1dcca-655d-4353-967b-b0455eb66691/element [8.155125ms] ERR:404 body={"strategy":"-android uiautomator","selector":"new UiSelector().descriptionContains(\"This never app...
14:02:46.484640 POST /session/cde1dcca-655d-4353-967b-b0455eb66691/element [12.110625ms] ERR:404 body={"strategy":"-android uiautomator","selector":"new UiSelector().textMatches(\"(?is).*\\QThis never a...
14:02:46.492564 POST /session/cde1dcca-655d-4353-967b-b0455eb66691/element [7.880209ms] ERR:404 body={"strategy":"-android uiautomator","selector":"new UiSelector().descriptionMatches(\"(?is).*\\QThis ...
14:02:46.503926 POST /session/cde1dcca-655d-4353-967b-b0455eb66691/element [11.316625ms] ERR:404 body={"strategy":"-android uiautomator","selector":"new UiSelector().textContains(\"This never appears\")...
14:02:46.516205 POST /session/cde1dcca-655d-4353-967b-b0455eb66691/element [12.2255ms] ERR:404 body={"strategy":"-android uiautomator","selector":"new UiSelector().descriptionContains(\"This never app...
14:02:46.525068 POST /session/cde1dcca-655d-4353-967b-b0455eb66691/element [8.812083ms] ERR:404 body={"strategy":"-android uiautomator","selector":"new UiSelector().textMatches(\"(?is).*\\QThis never a...
14:02:46.535260 POST /session/cde1dcca-655d-4353-967b-b0455eb66691/element [10.133667ms] ERR:404 body={"strategy":"-android uiautomator","selector":"new UiSelector().descriptionMatches(\"(?is).*\\QThis ...
14:02:46.547725 POST /session/cde1dcca-655d-4353-967b-b0455eb66691/element [12.403458ms] ERR:404 body={"strategy":"-android uiautomator","selector":"new UiSelector().textContains(\"This never appears\")...
14:02:46.559726 POST /session/cde1dcca-655d-4353-967b-b0455eb66691/element [11.943625ms] ERR:404 body={"strategy":"-android uiautomator","selector":"new UiSelector().descriptionContains(\"This never app...
14:02:46.570713 POST /session/cde1dcca-655d-4353-967b-b0455eb66691/element [10.928375ms] ERR:404 body={"strategy":"-android uiautomator","selector":"new UiSelector().textMatches(\"(?is).*\\QThis never a...
14:02:46.583172 POST /session/cde1dcca-655d-4353-967b-b0455eb66691/element [12.401333ms] ERR:404 body={"strategy":"-android uiautomator","selector":"new UiSelector().descriptionMatches(\"(?is).*\\QThis ...
14:02:46.598276 POST /session/cde1dcca-655d-4353-967b-b0455eb66691/element [15.041834ms] ERR:404 body={"strategy":"-android uiautomator","selector":"new UiSelector().textContains(\"This never appears\")...
14:02:46.612115 POST /session/cde1dcca-655d-4353-967b-b0455eb66691/element [13.783ms] ERR:404 body={"strategy":"-android uiautomator","selector":"new UiSelector().descriptionContains(\"This never app...
14:02:46.623516 POST /session/cde1dcca-655d-4353-967b-b0455eb66691/element [11.347625ms] ERR:404 body={"strategy":"-android uiautomator","selector":"new UiSelector().textMatches(\"(?is).*\\QThis never a...
14:02:46.635703 POST /session/cde1dcca-655d-4353-967b-b0455eb66691/element [12.129875ms] ERR:404 body={"strategy":"-android uiautomator","selector":"new UiSelector().descriptionMatches(\"(?is).*\\QThis ...
14:02:46.646041 POST /session/cde1dcca-655d-4353-967b-b0455eb66691/element [10.281209ms] ERR:404 body={"strategy":"-android uiautomator","selector":"new UiSelector().textContains(\"This never appears\")...
14:02:46.659121 POST /session/cde1dcca-655d-4353-967b-b0455eb66691/element [13.019083ms] ERR:404 body={"strategy":"-android uiautomator","selector":"new UiSelector().descriptionContains(\"This never app...
14:02:46.672901 POST /session/cde1dcca-655d-4353-967b-b0455eb66691/element [13.69475ms] ERR:404 body={"strategy":"-android uiautomator","selector":"new UiSelector().textMatches(\"(?is).*\\QThis never a...
14:02:46.685080 POST /session/cde1dcca-655d-4353-967b-b0455eb66691/element [12.128ms] ERR:404 body={"strategy":"-android uiautomator","selector":"new UiSelector().descriptionMatches(\"(?is).*\\QThis ...
14:02:46.695422 POST /session/cde1dcca-655d-4353-967b-b0455eb66691/element [10.291542ms] ERR:404 body={"strategy":"-android uiautomator","selector":"new UiSelector().textContains(\"This never appears\")...
14:02:46.705904 POST /session/cde1dcca-655d-4353-967b-b0455eb66691/element [10.437125ms] ERR:404 body={"strategy":"-android uiautomator","selector":"new UiSelector().descriptionContains(\"This never app...
14:02:46.716541 POST /session/cde1dcca-655d-4353-967b-b0455eb66691/element [10.594875ms] ERR:404 body={"strategy":"-android uiautomator","selector":"new UiSelector().textMatches(\"(?is).*\\QThis never a...
14:02:46.727971 POST /session/cde1dcca-655d-4353-967b-b0455eb66691/element [11.387375ms] ERR:404 body={"strategy":"-android uiautomator","selector":"new UiSelector().descriptionMatches(\"(?is).*\\QThis ...
14:02:46.741181 POST /session/cde1dcca-655d-4353-967b-b0455eb66691/element [13.154042ms] ERR:404 body={"strategy":"-android uiautomator","selector":"new UiSelector().textContains(\"This never appears\")...
14:02:46.752549 POST /session/cde1dcca-655d-4353-967b-b0455eb66691/element [11.294041ms] ERR:404 body={"strategy":"-android uiautomator","selector":"new UiSelector().descriptionContains(\"This never app...
14:02:46.765368 POST /session/cde1dcca-655d-4353-967b-b0455eb66691/element [12.765167ms] ERR:404 body={"strategy":"-android uiautomator","selector":"new UiSelector().textMatches(\"(?is).*\\QThis never a...
14:02:46.779436 POST /session/cde1dcca-655d-4353-967b-b0455eb66691/element [14.012417ms] ERR:404 body={"strategy":"-android uiautomator","selector":"new UiSelector().descriptionMatches(\"(?is).*\\QThis ...
14:02:46.792081 POST /session/cde1dcca-655d-4353-967b-b0455eb66691/element [12.59125ms] ERR:404 body={"strategy":"-android uiautomator","selector":"new UiSelector().textContains(\"This never appears\")...
14:02:46.803185 POST /session/cde1dcca-655d-4353-967b-b0455eb66691/element [11.053583ms] ERR:404 body={"strategy":"-android uiautomator","selector":"new UiSelector().descriptionContains(\"This never app...
14:02:46.815962 POST /session/cde1dcca-655d-4353-967b-b0455eb66691/element [12.725167ms] ERR:404 body={"strategy":"-android uiautomator","selector":"new UiSelector().textMatches(\"(?is).*\\QThis never a...
14:02:46.825115 POST /session/cde1dcca-655d-4353-967b-b0455eb66691/element [9.103625ms] ERR:404 body={"strategy":"-android uiautomator","selector":"new UiSelector().descriptionMatches(\"(?is).*\\QThis ...
14:02:46.834391 POST /session/cde1dcca-655d-4353-967b-b0455eb66691/element [9.231917ms] ERR:404 body={"strategy":"-android uiautomator","selector":"new UiSelector().textContains(\"This never appears\")...
14:02:46.845963 POST /session/cde1dcca-655d-4353-967b-b0455eb66691/element [11.529042ms] ERR:404 body={"strategy":"-android uiautomator","selector":"new UiSelector().descriptionContains(\"This never app...
14:02:46.855089 POST /session/cde1dcca-655d-4353-967b-b0455eb66691/element [9.077542ms] ERR:404 body={"strategy":"-android uiautomator","selector":"new UiSelector().textMatches(\"(?is).*\\QThis never a...
14:02:46.866544 POST /session/cde1dcca-655d-4353-967b-b0455eb66691/element [11.403792ms] ERR:404 body={"strategy":"-android uiautomator","selector":"new UiSelector().descriptionMatches(\"(?is).*\\QThis ...
14:02:46.877127 POST /session/cde1dcca-655d-4353-967b-b0455eb66691/element [10.529875ms] ERR:404 body={"strategy":"-android uiautomator","selector":"new UiSelector().textContains(\"This never appears\")...
14:02:46.887386 POST /session/cde1dcca-655d-4353-967b-b0455eb66691/element [10.2115ms] ERR:404 body={"strategy":"-android uiautomator","selector":"new UiSelector().descriptionContains(\"This never app...
14:02:46.898786 POST /session/cde1dcca-655d-4353-967b-b0455eb66691/element [11.356125ms] ERR:404 body={"strategy":"-android uiautomator","selector":"new UiSelector().textMatches(\"(?is).*\\QThis never a...
14:02:46.909152 POST /session/cde1dcca-655d-4353-967b-b0455eb66691/element [10.314167ms] ERR:404 body={"strategy":"-android uiautomator","selector":"new UiSelector().descriptionMatches(\"(?is).*\\QThis ...
14:02:46.921185 POST /session/cde1dcca-655d-4353-967b-b0455eb66691/element [11.987708ms] ERR:404 body={"strategy":"-android uiautomator","selector":"new UiSelector().textContains(\"This never appears\")...
14:02:46.933279 POST /session/cde1dcca-655d-4353-967b-b0455eb66691/element [12.041ms] ERR:404 body={"strategy":"-android uiautomator","selector":"new UiSelector().descriptionContains(\"This never app...
14:02:46.943615 POST /session/cde1dcca-655d-4353-967b-b0455eb66691/element [10.281125ms] ERR:404 body={"strategy":"-android uiautomator","selector":"new UiSelector().textMatches(\"(?is).*\\QThis never a...
14:02:46.957112 POST /session/cde1dcca-655d-4353-967b-b0455eb66691/element [13.4395ms] ERR:404 body={"strategy":"-android uiautomator","selector":"new UiSelector().descriptionMatches(\"(?is).*\\QThis ...
14:02:46.973188 POST /session/cde1dcca-655d-4353-967b-b0455eb66691/element [16.00875ms] ERR:404 body={"strategy":"-android uiautomator","selector":"new UiSelector().textContains(\"This never appears\")...
14:02:46.984584 POST /session/cde1dcca-655d-4353-967b-b0455eb66691/element [11.338709ms] ERR:404 body={"strategy":"-android uiautomator","selector":"new UiSelector().descriptionContains(\"This never app...
14:02:47.001610 POST /session/cde1dcca-655d-4353-967b-b0455eb66691/element [16.969583ms] ERR:404 body={"strategy":"-android uiautomator","selector":"new UiSelector().textMatches(\"(?is).*\\QThis never a...
14:02:47.012681 POST /session/cde1dcca-655d-4353-967b-b0455eb66691/element [11.016125ms] ERR:404 body={"strategy":"-android uiautomator","selector":"new UiSelector().descriptionMatches(\"(?is).*\\QThis ...
14:02:47.022848 POST /session/cde1dcca-655d-4353-967b-b0455eb66691/element [10.111291ms] ERR:404 body={"strategy":"-android uiautomator","selector":"new UiSelector().textContains(\"This never appears\")...
14:02:47.037280 POST /session/cde1dcca-655d-4353-967b-b0455eb66691/element [13.489458ms] ERR:404 body={"strategy":"-android uiautomator","selector":"new UiSelector().descriptionContains(\"This never app...
14:02:47.049766 POST /session/cde1dcca-655d-4353-967b-b0455eb66691/element [12.433833ms] ERR:404 body={"strategy":"-android uiautomator","selector":"new UiSelector().textMatches(\"(?is).*\\QThis never a...
14:02:47.062880 POST /session/cde1dcca-655d-4353-967b-b0455eb66691/element [13.057667ms] ERR:404 body={"strategy":"-android uiautomator","selector":"new UiSelector().descriptionMatches(\"(?is).*\\QThis ...
14:02:47.072202 POST /session/cde1dcca-655d-4353-967b-b0455eb66691/element [9.265625ms] ERR:404 body={"strategy":"-android uiautomator","selector":"new UiSelector().textContains(\"This never appears\")...
14:02:47.090294 POST /session/cde1dcca-655d-4353-967b-b0455eb66691/element [18.03425ms] ERR:404 body={"strategy":"-android uiautomator","selector":"new UiSelector().descriptionContains(\"This never app...
14:02:47.104581 POST /session/cde1dcca-655d-4353-967b-b0455eb66691/element [14.222417ms] ERR:404 body={"strategy":"-android uiautomator","selector":"new UiSelector().textMatches(\"(?is).*\\QThis never a...
14:02:47.116816 POST /session/cde1dcca-655d-4353-967b-b0455eb66691/element [12.176ms] ERR:404 body={"strategy":"-android uiautomator","selector":"new UiSelector().descriptionMatches(\"(?is).*\\QThis ...
14:02:47.126578 POST /session/cde1dcca-655d-4353-967b-b0455eb66691/element [9.711583ms] ERR:404 body={"strategy":"-android uiautomator","selector":"new UiSelector().textContains(\"This never appears\")...
14:02:47.140838 POST /session/cde1dcca-655d-4353-967b-b0455eb66691/element [14.209125ms] ERR:404 body={"strategy":"-android uiautomator","selector":"new UiSelector().descriptionContains(\"This never app...
14:02:47.152446 POST /session/cde1dcca-655d-4353-967b-b0455eb66691/element [11.549417ms] ERR:404 body={"strategy":"-android uiautomator","selector":"new UiSelector().textMatches(\"(?is).*\\QThis never a...
14:02:47.163724 POST /session/cde1dcca-655d-4353-967b-b0455eb66691/element [11.223458ms] ERR:404 body={"strategy":"-android uiautomator","selector":"new UiSelector().descriptionMatches(\"(?is).*\\QThis ...
14:02:47.175282 POST /session/cde1dcca-655d-4353-967b-b0455eb66691/element [11.508417ms] ERR:404 body={"strategy":"-android uiautomator","selector":"new UiSelector().textContains(\"This never appears\")...
14:02:47.186753 POST /session/cde1dcca-655d-4353-967b-b0455eb66691/element [11.41575ms] ERR:404 body={"strategy":"-android uiautomator","selector":"new UiSelector().descriptionContains(\"This never app...
14:02:47.201821 POST /session/cde1dcca-655d-4353-967b-b0455eb66691/element [15.011458ms] ERR:404 body={"strategy":"-android uiautomator","selector":"new UiSelector().textMatches(\"(?is).*\\QThis never a...
14:02:47.213397 POST /session/cde1dcca-655d-4353-967b-b0455eb66691/element [11.519333ms] ERR:404 body={"strategy":"-android uiautomator","selector":"new UiSelector().descriptionMatches(\"(?is).*\\QThis ...
14:02:47.225037 POST /session/cde1dcca-655d-4353-967b-b0455eb66691/element [11.587417ms] ERR:404 body={"strategy":"-android uiautomator","selector":"new UiSelector().textContains(\"This never appears\")...
14:02:47.233195 POST /session/cde1dcca-655d-4353-967b-b0455eb66691/element [8.110708ms] ERR:404 body={"strategy":"-android uiautomator","selector":"new UiSelector().descriptionContains(\"This never app...
14:02:47.261358 POST /session/cde1dcca-655d-4353-967b-b0455eb66691/element [28.027542ms] ERR:404 body={"strategy":"-android uiautomator","selector":"new UiSelector().textMatches(\"(?is).*\\QThis never a...
14:02:47.277147 POST /session/cde1dcca-655d-4353-967b-b0455eb66691/element [15.724042ms] ERR:404 body={"strategy":"-android uiautomator","selector":"new UiSelector().descriptionMatches(\"(?is).*\\QThis ...
14:02:47.294703 POST /session/cde1dcca-655d-4353-967b-b0455eb66691/element [17.449208ms] ERR:404 body={"strategy":"-android uiautomator","selector":"new UiSelector().textContains(\"This never appears\")...
14:02:47.320518 POST /session/cde1dcca-655d-4353-967b-b0455eb66691/element [25.756209ms] ERR:404 body={"strategy":"-android uiautomator","selector":"new UiSelector().descriptionContains(\"This never app...
14:02:47.337033 POST /session/cde1dcca-655d-4353-967b-b0455eb66691/element [16.456375ms] ERR:404 body={"strategy":"-android uiautomator","selector":"new UiSelector().textMatches(\"(?is).*\\QThis never a...
14:02:47.347415 POST /session/cde1dcca-655d-4353-967b-b0455eb66691/element [10.302125ms] ERR:404 body={"strategy":"-android uiautomator","selector":"new UiSelector().descriptionMatches(\"(?is).*\\QThis ...
14:02:47.363061 POST /session/cde1dcca-655d-4353-967b-b0455eb66691/element [15.584042ms] ERR:404 body={"strategy":"-android uiautomator","selector":"new UiSelector().textContains(\"This never appears\")...
14:02:47.378550 POST /session/cde1dcca-655d-4353-967b-b0455eb66691/element [15.417042ms] ERR:404 body={"strategy":"-android uiautomator","selector":"new UiSelector().descriptionContains(\"This never app...
14:02:47.388050 POST /session/cde1dcca-655d-4353-967b-b0455eb66691/element [9.406209ms] ERR:404 body={"strategy":"-android uiautomator","selector":"new UiSelector().textMatches(\"(?is).*\\QThis never a...
14:02:47.410192 POST /session/cde1dcca-655d-4353-967b-b0455eb66691/element [22.055625ms] ERR:404 body={"strategy":"-android uiautomator","selector":"new UiSelector().descriptionMatches(\"(?is).*\\QThis ...
14:02:47.429690 POST /session/cde1dcca-655d-4353-967b-b0455eb66691/element [19.419292ms] ERR:404 body={"strategy":"-android uiautomator","selector":"new UiSelector().textContains(\"This never appears\")...
14:02:47.444654 POST /session/cde1dcca-655d-4353-967b-b0455eb66691/element [14.428375ms] ERR:404 body={"strategy":"-android uiautomator","selector":"new UiSelector().descriptionContains(\"This never app...
14:02:47.460593 POST /session/cde1dcca-655d-4353-967b-b0455eb66691/element [15.873292ms] ERR:404 body={"strategy":"-android uiautomator","selector":"new UiSelector().textMatches(\"(?is).*\\QThis never a...
14:02:47.481022 POST /session/cde1dcca-655d-4353-967b-b0455eb66691/element [20.280292ms] ERR:404 body={"strategy":"-android uiautomator","selector":"new UiSelector().descriptionMatches(\"(?is).*\\QThis ...
14:02:47.494576 POST /session/cde1dcca-655d-4353-967b-b0455eb66691/element [13.491417ms] ERR:404 body={"strategy":"-android uiautomator","selector":"new UiSelector().textContains(\"This never appears\")...
14:02:47.506936 POST /session/cde1dcca-655d-4353-967b-b0455eb66691/element [12.300583ms] ERR:404 body={"strategy":"-android uiautomator","selector":"new UiSelector().descriptionContains(\"This never app...
14:02:47.519749 POST /session/cde1dcca-655d-4353-967b-b0455eb66691/element [12.75625ms] ERR:404 body={"strategy":"-android uiautomator","selector":"new UiSelector().textMatches(\"(?is).*\\QThis never a...
14:02:47.533483 POST /session/cde1dcca-655d-4353-967b-b0455eb66691/element [13.664125ms] ERR:404 body={"strategy":"-android uiautomator","selector":"new UiSelector().descriptionMatches(\"(?is).*\\QThis ...
14:02:47.545787 POST /session/cde1dcca-655d-4353-967b-b0455eb66691/element [12.232708ms] ERR:404 body={"strategy":"-android uiautomator","selector":"new UiSelector().textContains(\"This never appears\")...
14:02:47.559220 POST /session/cde1dcca-655d-4353-967b-b0455eb66691/element [13.369041ms] ERR:404 body={"strategy":"-android uiautomator","selector":"new UiSelector().descriptionContains(\"This never app...
14:02:47.569878 POST /session/cde1dcca-655d-4353-967b-b0455eb66691/element [10.586375ms] ERR:404 body={"strategy":"-android uiautomator","selector":"new UiSelector().textMatches(\"(?is).*\\QThis never a...
14:02:47.585419 POST /session/cde1dcca-655d-4353-967b-b0455eb66691/element [15.484417ms] ERR:404 body={"strategy":"-android uiautomator","selector":"new UiSelector().descriptionMatches(\"(?is).*\\QThis ...
14:02:47.597142 POST /session/cde1dcca-655d-4353-967b-b0455eb66691/element [11.659ms] ERR:404 body={"strategy":"-android uiautomator","selector":"new UiSelector().textContains(\"This never appears\")...
14:02:47.609700 POST /session/cde1dcca-655d-4353-967b-b0455eb66691/element [12.49975ms] ERR:404 body={"strategy":"-android uiautomator","selector":"new UiSelector().descriptionContains(\"This never app...
14:02:47.619424 POST /session/cde1dcca-655d-4353-967b-b0455eb66691/element [9.672333ms] ERR:404 body={"strategy":"-android uiautomator","selector":"new UiSelector().textMatches(\"(?is).*\\QThis never a...
14:02:47.629637 POST /session/cde1dcca-655d-4353-967b-b0455eb66691/element [10.154459ms] ERR:404 body={"strategy":"-android uiautomator","selector":"new UiSelector().descriptionMatches(\"(?is).*\\QThis ...
14:02:47.642625 POST /session/cde1dcca-655d-4353-967b-b0455eb66691/element [12.928584ms] ERR:404 body={"strategy":"-android uiautomator","selector":"new UiSelector().textContains(\"This never appears\")...
14:02:47.650446 POST /session/cde1dcca-655d-4353-967b-b0455eb66691/element [7.767458ms] ERR:404 body={"strategy":"-android uiautomator","selector":"new UiSelector().descriptionContains(\"This never app...
14:02:47.658481 POST /session/cde1dcca-655d-4353-967b-b0455eb66691/element [7.992167ms] ERR:404 body={"strategy":"-android uiautomator","selector":"new UiSelector().textMatches(\"(?is).*\\QThis never a...
14:02:47.667155 POST /session/cde1dcca-655d-4353-967b-b0455eb66691/element [8.630167ms] ERR:404 body={"strategy":"-android uiautomator","selector":"new UiSelector().descriptionMatches(\"(?is).*\\QThis ...
14:02:47.672004 POST /session/cde1dcca-655d-4353-967b-b0455eb66691/element [4.810083ms] ERR:404 body={"strategy":"-android uiautomator","selector":"new UiSelector().textContains(\"This never appears\")...
14:02:47.678373 POST /session/cde1dcca-655d-4353-967b-b0455eb66691/element [6.335083ms] ERR:404 body={"strategy":"-android uiautomator","selector":"new UiSelector().descriptionContains(\"This never app...
14:02:47.686175 POST /session/cde1dcca-655d-4353-967b-b0455eb66691/element [7.769ms] ERR:404 body={"strategy":"-android uiautomator","selector":"new UiSelector().textMatches(\"(?is).*\\QThis never a...
14:02:47.696659 POST /session/cde1dcca-655d-4353-967b-b0455eb66691/element [10.442292ms] ERR:404 body={"strategy":"-android uiautomator","selector":"new UiSelector().descriptionMatches(\"(?is).*\\QThis ...
14:02:47.706201 POST /session/cde1dcca-655d-4353-967b-b0455eb66691/element [9.487917ms] ERR:404 body={"strategy":"-android uiautomator","selector":"new UiSelector().textContains(\"This never appears\")...
14:02:47.718996 POST /session/cde1dcca-655d-4353-967b-b0455eb66691/element [12.744583ms] ERR:404 body={"strategy":"-android uiautomator","selector":"new UiSelector().descriptionContains(\"This never app...
14:02:47.728874 POST /session/cde1dcca-655d-4353-967b-b0455eb66691/element [9.83075ms] ERR:404 body={"strategy":"-android uiautomator","selector":"new UiSelector().textMatches(\"(?is).*\\QThis never a...
14:02:47.741497 POST /session/cde1dcca-655d-4353-967b-b0455eb66691/element [12.573208ms] ERR:404 body={"strategy":"-android uiautomator","selector":"new UiSelector().descriptionMatches(\"(?is).*\\QThis ...
14:02:47.754540 POST /session/cde1dcca-655d-4353-967b-b0455eb66691/element [12.99625ms] ERR:404 body={"strategy":"-android uiautomator","selector":"new UiSelector().textContains(\"This never appears\")...
14:02:47.768159 POST /session/cde1dcca-655d-4353-967b-b0455eb66691/element [13.563792ms] ERR:404 body={"strategy":"-android uiautomator","selector":"new UiSelector().descriptionContains(\"This never app...
14:02:47.780064 POST /session/cde1dcca-655d-4353-967b-b0455eb66691/element [11.849709ms] ERR:404 body={"strategy":"-android uiautomator","selector":"new UiSelector().textMatches(\"(?is).*\\QThis never a...
14:02:47.791087 POST /session/cde1dcca-655d-4353-967b-b0455eb66691/element [10.958125ms] ERR:404 body={"strategy":"-android uiautomator","selector":"new UiSelector().descriptionMatches(\"(?is).*\\QThis ...
14:02:47.811997 POST /session/cde1dcca-655d-4353-967b-b0455eb66691/element [20.842125ms] ERR:404 body={"strategy":"-android uiautomator","selector":"new UiSelector().textContains(\"This never appears\")...
14:02:47.828310 POST /session/cde1dcca-655d-4353-967b-b0455eb66691/element [16.254291ms] ERR:404 body={"strategy":"-android uiautomator","selector":"new UiSelector().descriptionContains(\"This never app...
14:02:47.843189 POST /session/cde1dcca-655d-4353-967b-b0455eb66691/element [14.763833ms] ERR:404 body={"strategy":"-android uiautomator","selector":"new UiSelector().textMatches(\"(?is).*\\QThis never a...
14:02:47.856026 POST /session/cde1dcca-655d-4353-967b-b0455eb66691/element [12.778458ms] ERR:404 body={"strategy":"-android uiautomator","selector":"new UiSelector().descriptionMatches(\"(?is).*\\QThis ...
14:02:47.865471 POST /session/cde1dcca-655d-4353-967b-b0455eb66691/element [9.388958ms] ERR:404 body={"strategy":"-android uiautomator","selector":"new UiSelector().textContains(\"This never appears\")...
14:02:47.878601 POST /session/cde1dcca-655d-4353-967b-b0455eb66691/element [13.072542ms] ERR:404 body={"strategy":"-android uiautomator","selector":"new UiSelector().descriptionContains(\"This never app...
14:02:47.894286 POST /session/cde1dcca-655d-4353-967b-b0455eb66691/element [15.630166ms] ERR:404 body={"strategy":"-android uiautomator","selector":"new UiSelector().textMatches(\"(?is).*\\QThis never a...
14:02:47.909694 POST /session/cde1dcca-655d-4353-967b-b0455eb66691/element [15.349375ms] ERR:404 body={"strategy":"-android uiautomator","selector":"new UiSelector().descriptionMatches(\"(?is).*\\QThis ...
14:02:47.924371 POST /session/cde1dcca-655d-4353-967b-b0455eb66691/element [14.616833ms] ERR:404 body={"strategy":"-android uiautomator","selector":"new UiSelector().textContains(\"This never appears\")...
14:02:47.930060 POST /session/cde1dcca-655d-4353-967b-b0455eb66691/element [5.627084ms] ERR:404 body={"strategy":"-android uiautomator","selector":"new UiSelector().descriptionContains(\"This never app...
14:02:47.938261 POST /session/cde1dcca-655d-4353-967b-b0455eb66691/element [8.138541ms] ERR:404 body={"strategy":"-android uiautomator","selector":"new UiSelector().textMatches(\"(?is).*\\QThis never a...
14:02:47.949029 POST /session/cde1dcca-655d-4353-967b-b0455eb66691/element [10.707875ms] ERR:404 body={"strategy":"-android uiautomator","selector":"new UiSelector().descriptionMatches(\"(?is).*\\QThis ...
14:02:47.960565 POST /session/cde1dcca-655d-4353-967b-b0455eb66691/element [11.476708ms] ERR:404 body={"strategy":"-android uiautomator","selector":"new UiSelector().textContains(\"This never appears\")...
14:02:47.967906 POST /session/cde1dcca-655d-4353-967b-b0455eb66691/element [7.290083ms] ERR:404 body={"strategy":"-android uiautomator","selector":"new UiSelector().descriptionContains(\"This never app...
14:02:47.977166 POST /session/cde1dcca-655d-4353-967b-b0455eb66691/element [9.216708ms] ERR:404 body={"strategy":"-android uiautomator","selector":"new UiSelector().textMatches(\"(?is).*\\QThis never a...
14:02:47.986997 POST /session/cde1dcca-655d-4353-967b-b0455eb66691/element [9.787541ms] ERR:404 body={"strategy":"-android uiautomator","selector":"new UiSelector().descriptionMatches(\"(?is).*\\QThis ...
14:02:47.994279 POST /session/cde1dcca-655d-4353-967b-b0455eb66691/element [7.244583ms] ERR:404 body={"strategy":"-android uiautomator","selector":"new UiSelector().textContains(\"This never appears\")...
14:02:48.002989 POST /session/cde1dcca-655d-4353-967b-b0455eb66691/element [8.669667ms] ERR:404 body={"strategy":"-android uiautomator","selector":"new UiSelector().descriptionContains(\"This never app...
14:02:48.017213 POST /session/cde1dcca-655d-4353-967b-b0455eb66691/element [14.180167ms] ERR:404 body={"strategy":"-android uiautomator","selector":"new UiSelector().textMatches(\"(?is).*\\QThis never a...
14:02:48.026240 POST /session/cde1dcca-655d-4353-967b-b0455eb66691/element [8.955041ms] ERR:404 body={"strategy":"-android uiautomator","selector":"new UiSelector().descriptionMatches(\"(?is).*\\QThis ...
14:02:48.035857 POST /session/cde1dcca-655d-4353-967b-b0455eb66691/element [9.571083ms] ERR:404 body={"strategy":"-android uiautomator","selector":"new UiSelector().textContains(\"This never appears\")...
14:02:48.045867 POST /session/cde1dcca-655d-4353-967b-b0455eb66691/element [9.965542ms] ERR:404 body={"strategy":"-android uiautomator","selector":"new UiSelector().descriptionContains(\"This never app...
14:02:48.054844 POST /session/cde1dcca-655d-4353-967b-b0455eb66691/element [8.927125ms] ERR:404 body={"strategy":"-android uiautomator","selector":"new UiSelector().textMatches(\"(?is).*\\QThis never a...
14:02:48.067446 POST /session/cde1dcca-655d-4353-967b-b0455eb66691/element [12.556584ms] ERR:404 body={"strategy":"-android uiautomator","selector":"new UiSelector().descriptionMatches(\"(?is).*\\QThis ...
14:02:48.075908 POST /session/cde1dcca-655d-4353-967b-b0455eb66691/element [8.41575ms] ERR:404 body={"strategy":"-android uiautomator","selector":"new UiSelector().textContains(\"This never appears\")...
14:02:48.085699 POST /session/cde1dcca-655d-4353-967b-b0455eb66691/element [9.7435ms] ERR:404 body={"strategy":"-android uiautomator","selector":"new UiSelector().descriptionContains(\"This never app...
14:02:48.096834 POST /session/cde1dcca-655d-4353-967b-b0455eb66691/element [11.093417ms] ERR:404 body={"strategy":"-android uiautomator","selector":"new UiSelector().textMatches(\"(?is).*\\QThis never a...
14:02:48.107612 POST /session/cde1dcca-655d-4353-967b-b0455eb66691/element [10.725875ms] ERR:404 body={"strategy":"-android uiautomator","selector":"new UiSelector().descriptionMatches(\"(?is).*\\QThis ...
14:02:48.118164 POST /session/cde1dcca-655d-4353-967b-b0455eb66691/element [10.500708ms] ERR:404 body={"strategy":"-android uiautomator","selector":"new UiSelector().textContains(\"This never appears\")...
14:02:48.127974 POST /session/cde1dcca-655d-4353-967b-b0455eb66691/element [9.765166ms] ERR:404 body={"strategy":"-android uiautomator","selector":"new UiSelector().descriptionContains(\"This never app...
14:02:48.137663 POST /session/cde1dcca-655d-4353-967b-b0455eb66691/element [9.6515ms] ERR:404 body={"strategy":"-android uiautomator","selector":"new UiSelector().textMatches(\"(?is).*\\QThis never a...
14:02:48.149082 POST /session/cde1dcca-655d-4353-967b-b0455eb66691/element [11.388334ms] ERR:404 body={"strategy":"-android uiautomator","selector":"new UiSelector().descriptionMatches(\"(?is).*\\QThis ...
14:02:48.161499 POST /session/cde1dcca-655d-4353-967b-b0455eb66691/element [12.367666ms] ERR:404 body={"strategy":"-android uiautomator","selector":"new UiSelector().textContains(\"This never appears\")...
14:02:48.173055 POST /session/cde1dcca-655d-4353-967b-b0455eb66691/element [11.508083ms] ERR:404 body={"strategy":"-android uiautomator","selector":"new UiSelector().descriptionContains(\"This never app...
14:02:48.181787 POST /session/cde1dcca-655d-4353-967b-b0455eb66691/element [8.691ms] ERR:404 body={"strategy":"-android uiautomator","selector":"new UiSelector().textMatches(\"(?is).*\\QThis never a...
14:02:48.192163 POST /session/cde1dcca-655d-4353-967b-b0455eb66691/element [10.314042ms] ERR:404 body={"strategy":"-android uiautomator","selector":"new UiSelector().descriptionMatches(\"(?is).*\\QThis ...
14:02:48.204238 POST /session/cde1dcca-655d-4353-967b-b0455eb66691/element [12.018333ms] ERR:404 body={"strategy":"-android uiautomator","selector":"new UiSelector().textContains(\"This never appears\")...
14:02:48.214126 POST /session/cde1dcca-655d-4353-967b-b0455eb66691/element [9.830417ms] ERR:404 body={"strategy":"-android uiautomator","selector":"new UiSelector().descriptionContains(\"This never app...
14:02:48.226041 POST /session/cde1dcca-655d-4353-967b-b0455eb66691/element [11.878625ms] ERR:404 body={"strategy":"-android uiautomator","selector":"new UiSelector().textMatches(\"(?is).*\\QThis never a...
14:02:48.236196 POST /session/cde1dcca-655d-4353-967b-b0455eb66691/element [10.12ms] ERR:404 body={"strategy":"-android uiautomator","selector":"new UiSelector().descriptionMatches(\"(?is).*\\QThis ...
14:02:48.249916 POST /session/cde1dcca-655d-4353-967b-b0455eb66691/element [13.651583ms] ERR:404 body={"strategy":"-android uiautomator","selector":"new UiSelector().textContains(\"This never appears\")...
14:02:48.263940 POST /session/cde1dcca-655d-4353-967b-b0455eb66691/element [13.969917ms] ERR:404 body={"strategy":"-android uiautomator","selector":"new UiSelector().descriptionContains(\"This never app...
14:02:48.274748 POST /session/cde1dcca-655d-4353-967b-b0455eb66691/element [10.756792ms] ERR:404 body={"strategy":"-android uiautomator","selector":"new UiSelector().textMatches(\"(?is).*\\QThis never a...
14:02:48.286823 POST /session/cde1dcca-655d-4353-967b-b0455eb66691/element [11.852083ms] ERR:404 body={"strategy":"-android uiautomator","selector":"new UiSelector().descriptionMatches(\"(?is).*\\QThis ...
14:02:48.295717 POST /session/cde1dcca-655d-4353-967b-b0455eb66691/element [8.844208ms] ERR:404 body={"strategy":"-android uiautomator","selector":"new UiSelector().textContains(\"This never appears\")...
14:02:48.304918 POST /session/cde1dcca-655d-4353-967b-b0455eb66691/element [9.14375ms] ERR:404 body={"strategy":"-android uiautomator","selector":"new UiSelector().descriptionContains(\"This never app...
14:02:48.318026 POST /session/cde1dcca-655d-4353-967b-b0455eb66691/element [13.036292ms] ERR:404 body={"strategy":"-android uiautomator","selector":"new UiSelector().textMatches(\"(?is).*\\QThis never a...
14:02:48.335478 POST /session/cde1dcca-655d-4353-967b-b0455eb66691/element [17.38075ms] ERR:404 body={"strategy":"-android uiautomator","selector":"new UiSelector().descriptionMatches(\"(?is).*\\QThis ...
14:02:48.350975 POST /session/cde1dcca-655d-4353-967b-b0455eb66691/element [15.442042ms] ERR:404 body={"strategy":"-android uiautomator","selector":"new UiSelector().textContains(\"This never appears\")...
14:02:48.367586 POST /session/cde1dcca-655d-4353-967b-b0455eb66691/element [16.552042ms] ERR:404 body={"strategy":"-android uiautomator","selector":"new UiSelector().descriptionContains(\"This never app...
14:02:48.381357 POST /session/cde1dcca-655d-4353-967b-b0455eb66691/element [13.705375ms] ERR:404 body={"strategy":"-android uiautomator","selector":"new UiSelector().textMatches(\"(?is).*\\QThis never a...
14:02:48.390142 POST /session/cde1dcca-655d-4353-967b-b0455eb66691/element [8.7305ms] ERR:404 body={"strategy":"-android uiautomator","selector":"new UiSelector().descriptionMatches(\"(?is).*\\QThis ...
14:02:48.400038 POST /session/cde1dcca-655d-4353-967b-b0455eb66691/element [9.847ms] ERR:404 body={"strategy":"-android uiautomator","selector":"new UiSelector().textContains(\"This never appears\")...
14:02:48.411212 POST /session/cde1dcca-655d-4353-967b-b0455eb66691/element [11.119416ms] ERR:404 body={"strategy":"-android uiautomator","selector":"new UiSelector().descriptionContains(\"This never app...
14:02:48.421613 POST /session/cde1dcca-655d-4353-967b-b0455eb66691/element [10.354541ms] ERR:404 body={"strategy":"-android uiautomator","selector":"new UiSelector().textMatches(\"(?is).*\\QThis never a...
14:02:48.433147 POST /session/cde1dcca-655d-4353-967b-b0455eb66691/element [11.483875ms] ERR:404 body={"strategy":"-android uiautomator","selector":"new UiSelector().descriptionMatches(\"(?is).*\\QThis ...
14:02:48.443329 POST /session/cde1dcca-655d-4353-967b-b0455eb66691/element [10.128375ms] ERR:404 body={"strategy":"-android uiautomator","selector":"new UiSelector().textContains(\"This never appears\")...
14:02:48.455173 POST /session/cde1dcca-655d-4353-967b-b0455eb66691/element [11.785875ms] ERR:404 body={"strategy":"-android uiautomator","selector":"new UiSelector().descriptionContains(\"This never app...
14:02:48.464486 POST /session/cde1dcca-655d-4353-967b-b0455eb66691/element [9.263542ms] ERR:404 body={"strategy":"-android uiautomator","selector":"new UiSelector().textMatches(\"(?is).*\\QThis never a...
14:02:48.473258 POST /session/cde1dcca-655d-4353-967b-b0455eb66691/element [8.719917ms] ERR:404 body={"strategy":"-android uiautomator","selector":"new UiSelector().descriptionMatches(\"(?is).*\\QThis ...
14:02:48.480139 POST /session/cde1dcca-655d-4353-967b-b0455eb66691/element [6.84475ms] ERR:404 body={"strategy":"-android uiautomator","selector":"new UiSelector().textContains(\"This never appears\")...
14:02:48.488527 POST /session/cde1dcca-655d-4353-967b-b0455eb66691/element [8.353584ms] ERR:404 body={"strategy":"-android uiautomator","selector":"new UiSelector().descriptionContains(\"This never app...
14:02:48.497207 POST /session/cde1dcca-655d-4353-967b-b0455eb66691/element [8.634916ms] ERR:404 body={"strategy":"-android uiautomator","selector":"new UiSelector().textMatches(\"(?is).*\\QThis never a...
14:02:48.505232 POST /session/cde1dcca-655d-4353-967b-b0455eb66691/element [7.98025ms] ERR:404 body={"strategy":"-android uiautomator","selector":"new UiSelector().descriptionMatches(\"(?is).*\\QThis ...
14:02:48.518520 POST /session/cde1dcca-655d-4353-967b-b0455eb66691/element [13.232917ms] ERR:404 body={"strategy":"-android uiautomator","selector":"new UiSelector().textContains(\"This never appears\")...
14:02:48.530932 POST /session/cde1dcca-655d-4353-967b-b0455eb66691/element [12.354542ms] ERR:404 body={"strategy":"-android uiautomator","selector":"new UiSelector().descriptionContains(\"This never app...
14:02:48.540431 POST /session/cde1dcca-655d-4353-967b-b0455eb66691/element [9.440958ms] ERR:404 body={"strategy":"-android uiautomator","selector":"new UiSelector().textMatches(\"(?is).*\\QThis never a...
14:02:48.553195 POST /session/cde1dcca-655d-4353-967b-b0455eb66691/element [12.707292ms] ERR:404 body={"strategy":"-android uiautomator","selector":"new UiSelector().descriptionMatches(\"(?is).*\\QThis ...
14:02:48.568899 POST /session/cde1dcca-655d-4353-967b-b0455eb66691/element [15.641ms] ERR:404 body={"strategy":"-android uiautomator","selector":"new UiSelector().textContains(\"This never appears\")...
14:02:48.578057 POST /session/cde1dcca-655d-4353-967b-b0455eb66691/element [9.099458ms] ERR:404 body={"strategy":"-android uiautomator","selector":"new UiSelector().descriptionContains(\"This never app...
14:02:48.583028 POST /session/cde1dcca-655d-4353-967b-b0455eb66691/element [4.918834ms] ERR:404 body={"strategy":"-android uiautomator","selector":"new UiSelector().textMatches(\"(?is).*\\QThis never a...
14:02:48.598585 POST /session/cde1dcca-655d-4353-967b-b0455eb66691/element [15.496208ms] ERR:404 body={"strategy":"-android uiautomator","selector":"new UiSelector().descriptionMatches(\"(?is).*\\QThis ...
14:02:48.612505 POST /session/cde1dcca-655d-4353-967b-b0455eb66691/element [13.844917ms] ERR:404 body={"strategy":"-android uiautomator","selector":"new UiSelector().textContains(\"This never appears\")...
14:02:48.622467 POST /session/cde1dcca-655d-4353-967b-b0455eb66691/element [9.900042ms] ERR:404 body={"strategy":"-android uiautomator","selector":"new UiSelector().descriptionContains(\"This never app...
14:02:48.635503 POST /session/cde1dcca-655d-4353-967b-b0455eb66691/element [12.973792ms] ERR:404 body={"strategy":"-android uiautomator","selector":"new UiSelector().textMatches(\"(?is).*\\QThis never a...
14:02:48.646383 POST /session/cde1dcca-655d-4353-967b-b0455eb66691/element [10.8195ms] ERR:404 body={"strategy":"-android uiautomator","selector":"new UiSelector().descriptionMatches(\"(?is).*\\QThis ...
14:02:48.660736 POST /session/cde1dcca-655d-4353-967b-b0455eb66691/element [14.30525ms] ERR:404 body={"strategy":"-android uiautomator","selector":"new UiSelector().textContains(\"This never appears\")...
14:02:48.673972 POST /session/cde1dcca-655d-4353-967b-b0455eb66691/element [13.189333ms] ERR:404 body={"strategy":"-android uiautomator","selector":"new UiSelector().descriptionContains(\"This never app...
14:02:48.685703 POST /session/cde1dcca-655d-4353-967b-b0455eb66691/element [11.677ms] ERR:404 body={"strategy":"-android uiautomator","selector":"new UiSelector().textMatches(\"(?is).*\\QThis never a...
14:02:48.696475 POST /session/cde1dcca-655d-4353-967b-b0455eb66691/element [10.711916ms] ERR:404 body={"strategy":"-android uiautomator","selector":"new UiSelector().descriptionMatches(\"(?is).*\\QThis ...
14:02:48.704277 POST /session/cde1dcca-655d-4353-967b-b0455eb66691/element [7.745125ms] ERR:404 body={"strategy":"-android uiautomator","selector":"new UiSelector().textContains(\"This never appears\")...
14:02:48.711964 POST /session/cde1dcca-655d-4353-967b-b0455eb66691/element [7.640417ms] ERR:404 body={"strategy":"-android uiautomator","selector":"new UiSelector().descriptionContains(\"This never app...
14:02:48.723846 POST /session/cde1dcca-655d-4353-967b-b0455eb66691/element [11.814333ms] ERR:404 body={"strategy":"-android uiautomator","selector":"new UiSelector().textMatches(\"(?is).*\\QThis never a...
14:02:48.732262 POST /session/cde1dcca-655d-4353-967b-b0455eb66691/element [8.352125ms] ERR:404 body={"strategy":"-android uiautomator","selector":"new UiSelector().descriptionMatches(\"(?is).*\\QThis ...
14:02:48.740340 POST /session/cde1dcca-655d-4353-967b-b0455eb66691/element [8.034167ms] ERR:404 body={"strategy":"-android uiautomator","selector":"new UiSelector().textContains(\"This never appears\")...
14:02:48.747774 POST /session/cde1dcca-655d-4353-967b-b0455eb66691/element [7.396416ms] ERR:404 body={"strategy":"-android uiautomator","selector":"new UiSelector().descriptionContains(\"This never app...
14:02:48.758811 POST /session/cde1dcca-655d-4353-967b-b0455eb66691/element [10.985834ms] ERR:404 body={"strategy":"-android uiautomator","selector":"new UiSelector().textMatches(\"(?is).*\\QThis never a...
14:02:48.774659 POST /session/cde1dcca-655d-4353-967b-b0455eb66691/element [15.793333ms] ERR:404 body={"strategy":"-android uiautomator","selector":"new UiSelector().descriptionMatches(\"(?is).*\\QThis ...
14:02:48.781512 POST /session/cde1dcca-655d-4353-967b-b0455eb66691/element [6.797042ms] ERR:404 body={"strategy":"-android uiautomator","selector":"new UiSelector().textContains(\"This never appears\")...
14:02:48.792528 POST /session/cde1dcca-655d-4353-967b-b0455eb66691/element [10.977667ms] ERR:404 body={"strategy":"-android uiautomator","selector":"new UiSelector().descriptionContains(\"This never app...
14:02:48.801008 POST /session/cde1dcca-655d-4353-967b-b0455eb66691/element [8.431875ms] ERR:404 body={"strategy":"-android uiautomator","selector":"new UiSelector().textMatches(\"(?is).*\\QThis never a...
14:02:48.809580 POST /session/cde1dcca-655d-4353-967b-b0455eb66691/element [8.52475ms] ERR:404 body={"strategy":"-android uiautomator","selector":"new UiSelector().descriptionMatches(\"(?is).*\\QThis ...
14:02:48.822216 POST /session/cde1dcca-655d-4353-967b-b0455eb66691/element [12.573416ms] ERR:404 body={"strategy":"-android uiautomator","selector":"new UiSelector().textContains(\"This never appears\")...
14:02:48.839777 POST /session/cde1dcca-655d-4353-967b-b0455eb66691/element [17.498208ms] ERR:404 body={"strategy":"-android uiautomator","selector":"new UiSelector().descriptionContains(\"This never app...
14:02:48.851510 POST /session/cde1dcca-655d-4353-967b-b0455eb66691/element [11.677584ms] ERR:404 body={"strategy":"-android uiautomator","selector":"new UiSelector().textMatches(\"(?is).*\\QThis never a...
14:02:48.863726 POST /session/cde1dcca-655d-4353-967b-b0455eb66691/element [12.162875ms] ERR:404 body={"strategy":"-android uiautomator","selector":"new UiSelector().descriptionMatches(\"(?is).*\\QThis ...
14:02:48.876431 POST /session/cde1dcca-655d-4353-967b-b0455eb66691/element [12.664584ms] ERR:404 body={"strategy":"-android uiautomator","selector":"new UiSelector().textContains(\"This never appears\")...
14:02:48.891195 POST /session/cde1dcca-655d-4353-967b-b0455eb66691/element [14.705083ms] ERR:404 body={"strategy":"-android uiautomator","selector":"new UiSelector().descriptionContains(\"This never app...
14:02:48.904427 POST /session/cde1dcca-655d-4353-967b-b0455eb66691/element [13.167292ms] ERR:404 body={"strategy":"-android uiautomator","selector":"new UiSelector().textMatches(\"(?is).*\\QThis never a...
14:02:48.914924 POST /session/cde1dcca-655d-4353-967b-b0455eb66691/element [10.431ms] ERR:404 body={"strategy":"-android uiautomator","selector":"new UiSelector().descriptionMatches(\"(?is).*\\QThis ...
14:02:48.929379 POST /session/cde1dcca-655d-4353-967b-b0455eb66691/element [14.366541ms] ERR:404 body={"strategy":"-android uiautomator","selector":"new UiSelector().textContains(\"This never appears\")...
14:02:48.942668 POST /session/cde1dcca-655d-4353-967b-b0455eb66691/element [13.229583ms] ERR:404 body={"strategy":"-android uiautomator","selector":"new UiSelector().descriptionContains(\"This never app...
14:02:48.957023 POST /session/cde1dcca-655d-4353-967b-b0455eb66691/element [14.278167ms] ERR:404 body={"strategy":"-android uiautomator","selector":"new UiSelector().textMatches(\"(?is).*\\QThis never a...
14:02:48.972113 POST /session/cde1dcca-655d-4353-967b-b0455eb66691/element [15.02975ms] ERR:404 body={"strategy":"-android uiautomator","selector":"new UiSelector().descriptionMatches(\"(?is).*\\QThis ...
14:02:48.983567 POST /session/cde1dcca-655d-4353-967b-b0455eb66691/element [11.390833ms] ERR:404 body={"strategy":"-android uiautomator","selector":"new UiSelector().textContains(\"This never appears\")...
14:02:48.992699 POST /session/cde1dcca-655d-4353-967b-b0455eb66691/element [9.0645ms] ERR:404 body={"strategy":"-android uiautomator","selector":"new UiSelector().descriptionContains(\"This never app...
14:02:49.004755 POST /session/cde1dcca-655d-4353-967b-b0455eb66691/element [11.988625ms] ERR:404 body={"strategy":"-android uiautomator","selector":"new UiSelector().textMatches(\"(?is).*\\QThis never a...
14:02:49.013895 POST /session/cde1dcca-655d-4353-967b-b0455eb66691/element [9.083084ms] ERR:404 body={"strategy":"-android uiautomator","selector":"new UiSelector().descriptionMatches(\"(?is).*\\QThis ...
14:02:49.023328 POST /session/cde1dcca-655d-4353-967b-b0455eb66691/element [9.369833ms] ERR:404 body={"strategy":"-android uiautomator","selector":"new UiSelector().textContains(\"This never appears\")...
14:02:49.035604 POST /session/cde1dcca-655d-4353-967b-b0455eb66691/element [12.223416ms] ERR:404 body={"strategy":"-android uiautomator","selector":"new UiSelector().descriptionContains(\"This never app...
14:02:49.046070 POST /session/cde1dcca-655d-4353-967b-b0455eb66691/element [10.419125ms] ERR:404 body={"strategy":"-android uiautomator","selector":"new UiSelector().textMatches(\"(?is).*\\QThis never a...
14:02:49.057860 POST /session/cde1dcca-655d-4353-967b-b0455eb66691/element [11.723125ms] ERR:404 body={"strategy":"-android uiautomator","selector":"new UiSelector().descriptionMatches(\"(?is).*\\QThis ...
14:02:49.068374 POST /session/cde1dcca-655d-4353-967b-b0455eb66691/element [10.46075ms] ERR:404 body={"strategy":"-android uiautomator","selector":"new UiSelector().textContains(\"This never appears\")...
14:02:49.075856 POST /session/cde1dcca-655d-4353-967b-b0455eb66691/element [7.431958ms] ERR:404 body={"strategy":"-android uiautomator","selector":"new UiSelector().descriptionContains(\"This never app...
14:02:49.083223 POST /session/cde1dcca-655d-4353-967b-b0455eb66691/element [7.328959ms] ERR:404 body={"strategy":"-android uiautomator","selector":"new UiSelector().textMatches(\"(?is).*\\QThis never a...
14:02:49.091205 POST /session/cde1dcca-655d-4353-967b-b0455eb66691/element [7.943417ms] ERR:404 body={"strategy":"-android uiautomator","selector":"new UiSelector().descriptionMatches(\"(?is).*\\QThis ...
14:02:49.101414 POST /session/cde1dcca-655d-4353-967b-b0455eb66691/element [10.173417ms] ERR:404 body={"strategy":"-android uiautomator","selector":"new UiSelector().textContains(\"This never appears\")...
14:02:49.109199 POST /session/cde1dcca-655d-4353-967b-b0455eb66691/element [7.734458ms] ERR:404 body={"strategy":"-android uiautomator","selector":"new UiSelector().descriptionContains(\"This never app...
14:02:49.113958 POST /session/cde1dcca-655d-4353-967b-b0455eb66691/element [4.712875ms] ERR:404 body={"strategy":"-android uiautomator","selector":"new UiSelector().textMatches(\"(?is).*\\QThis never a...
14:02:49.124456 POST /session/cde1dcca-655d-4353-967b-b0455eb66691/element [10.44625ms] ERR:404 body={"strategy":"-android uiautomator","selector":"new UiSelector().descriptionMatches(\"(?is).*\\QThis ...
14:02:49.134220 POST /session/cde1dcca-655d-4353-967b-b0455eb66691/element [9.714708ms] ERR:404 body={"strategy":"-android uiautomator","selector":"new UiSelector().textContains(\"This never appears\")...
14:02:49.142099 POST /session/cde1dcca-655d-4353-967b-b0455eb66691/element [7.833625ms] ERR:404 body={"strategy":"-android uiautomator","selector":"new UiSelector().descriptionContains(\"This never app...
14:02:49.150073 POST /session/cde1dcca-655d-4353-967b-b0455eb66691/element [7.938875ms] ERR:404 body={"strategy":"-android uiautomator","selector":"new UiSelector().textMatches(\"(?is).*\\QThis never a...
14:02:49.156881 POST /session/cde1dcca-655d-4353-967b-b0455eb66691/element [6.75975ms] ERR:404 body={"strategy":"-android uiautomator","selector":"new UiSelector().descriptionMatches(\"(?is).*\\QThis ...
14:02:49.164667 POST /session/cde1dcca-655d-4353-967b-b0455eb66691/element [7.748042ms] ERR:404 body={"strategy":"-android uiautomator","selector":"new UiSelector().textContains(\"This never appears\")...
14:02:49.175605 POST /session/cde1dcca-655d-4353-967b-b0455eb66691/element [10.889833ms] ERR:404 body={"strategy":"-android uiautomator","selector":"new UiSelector().descriptionContains(\"This never app...
14:02:49.184343 POST /session/cde1dcca-655d-4353-967b-b0455eb66691/element [8.6905ms] ERR:404 body={"strategy":"-android uiautomator","selector":"new UiSelector().textMatches(\"(?is).*\\QThis never a...
14:02:49.192836 POST /session/cde1dcca-655d-4353-967b-b0455eb66691/element [8.436875ms] ERR:404 body={"strategy":"-android uiautomator","selector":"new UiSelector().descriptionMatches(\"(?is).*\\QThis ...
14:02:49.202116 POST /session/cde1dcca-655d-4353-967b-b0455eb66691/element [9.228958ms] ERR:404 body={"strategy":"-android uiautomator","selector":"new UiSelector().textContains(\"This never appears\")...
14:02:49.212183 POST /session/cde1dcca-655d-4353-967b-b0455eb66691/element [10.011042ms] ERR:404 body={"strategy":"-android uiautomator","selector":"new UiSelector().descriptionContains(\"This never app...
14:02:49.220522 POST /session/cde1dcca-655d-4353-967b-b0455eb66691/element [8.285417ms] ERR:404 body={"strategy":"-android uiautomator","selector":"new UiSelector().textMatches(\"(?is).*\\QThis never a...
14:02:49.230068 POST /session/cde1dcca-655d-4353-967b-b0455eb66691/element [9.5125ms] ERR:404 body={"strategy":"-android uiautomator","selector":"new UiSelector().descriptionMatches(\"(?is).*\\QThis ...
14:02:49.239708 POST /session/cde1dcca-655d-4353-967b-b0455eb66691/element [9.593791ms] ERR:404 body={"strategy":"-android uiautomator","selector":"new UiSelector().textContains(\"This never appears\")...
14:02:49.250156 POST /session/cde1dcca-655d-4353-967b-b0455eb66691/element [10.407541ms] ERR:404 body={"strategy":"-android uiautomator","selector":"new UiSelector().descriptionContains(\"This never app...
14:02:49.260853 POST /session/cde1dcca-655d-4353-967b-b0455eb66691/element [10.654916ms] ERR:404 body={"strategy":"-android uiautomator","selector":"new UiSelector().textMatches(\"(?is).*\\QThis never a...
14:02:49.270419 POST /session/cde1dcca-655d-4353-967b-b0455eb66691/element [9.523584ms] ERR:404 body={"strategy":"-android uiautomator","selector":"new UiSelector().descriptionMatches(\"(?is).*\\QThis ...
14:02:49.279019 POST /session/cde1dcca-655d-4353-967b-b0455eb66691/element [8.552917ms] ERR:404 body={"strategy":"-android uiautomator","selector":"new UiSelector().textContains(\"This never appears\")...
14:02:49.289388 POST /session/cde1dcca-655d-4353-967b-b0455eb66691/element [10.317334ms] ERR:404 body={"strategy":"-android uiautomator","selector":"new UiSelector().descriptionContains(\"This never app...
14:02:49.295789 POST /session/cde1dcca-655d-4353-967b-b0455eb66691/element [6.36125ms] ERR:404 body={"strategy":"-android uiautomator","selector":"new UiSelector().textMatches(\"(?is).*\\QThis never a...
14:02:49.303732 POST /session/cde1dcca-655d-4353-967b-b0455eb66691/element [7.914209ms] ERR:404 body={"strategy":"-android uiautomator","selector":"new UiSelector().descriptionMatches(\"(?is).*\\QThis ...
14:02:49.313541 POST /session/cde1dcca-655d-4353-967b-b0455eb66691/element [9.77275ms] ERR:404 body={"strategy":"-android uiautomator","selector":"new UiSelector().textContains(\"This never appears\")...
14:02:49.322104 POST /session/cde1dcca-655d-4353-967b-b0455eb66691/element [8.529083ms] ERR:404 body={"strategy":"-android uiautomator","selector":"new UiSelector().descriptionContains(\"This never app...
14:02:49.329626 POST /session/cde1dcca-655d-4353-967b-b0455eb66691/element [7.4835ms] ERR:404 body={"strategy":"-android uiautomator","selector":"new UiSelector().textMatches(\"(?is).*\\QThis never a...
14:02:49.340319 POST /session/cde1dcca-655d-4353-967b-b0455eb66691/element [10.625958ms] ERR:404 body={"strategy":"-android uiautomator","selector":"new UiSelector().descriptionMatches(\"(?is).*\\QThis ...
14:02:49.348650 POST /session/cde1dcca-655d-4353-967b-b0455eb66691/element [8.273625ms] ERR:404 body={"strategy":"-android uiautomator","selector":"new UiSelector().textContains(\"This never appears\")...
14:02:49.357563 POST /session/cde1dcca-655d-4353-967b-b0455eb66691/element [8.819583ms] ERR:404 body={"strategy":"-android uiautomator","selector":"new UiSelector().descriptionContains(\"This never app...
14:02:49.366034 POST /session/cde1dcca-655d-4353-967b-b0455eb66691/element [8.440791ms] ERR:404 body={"strategy":"-android uiautomator","selector":"new UiSelector().textMatches(\"(?is).*\\QThis never a...
14:02:49.374492 POST /session/cde1dcca-655d-4353-967b-b0455eb66691/element [8.42725ms] ERR:404 body={"strategy":"-android uiautomator","selector":"new UiSelector().descriptionMatches(\"(?is).*\\QThis ...
14:02:49.380900 POST /session/cde1dcca-655d-4353-967b-b0455eb66691/element [6.373542ms] ERR:404 body={"strategy":"-android uiautomator","selector":"new UiSelector().textContains(\"This never appears\")...
14:02:49.391492 POST /session/cde1dcca-655d-4353-967b-b0455eb66691/element [10.560917ms] ERR:404 body={"strategy":"-android uiautomator","selector":"new UiSelector().descriptionContains(\"This never app...
14:02:49.398530 POST /session/cde1dcca-655d-4353-967b-b0455eb66691/element [7.003334ms] ERR:404 body={"strategy":"-android uiautomator","selector":"new UiSelector().textMatches(\"(?is).*\\QThis never a...
14:02:49.410909 POST /session/cde1dcca-655d-4353-967b-b0455eb66691/element [12.321042ms] ERR:404 body={"strategy":"-android uiautomator","selector":"new UiSelector().descriptionMatches(\"(?is).*\\QThis ...
14:02:49.422029 POST /session/cde1dcca-655d-4353-967b-b0455eb66691/element [11.067334ms] ERR:404 body={"strategy":"-android uiautomator","selector":"new UiSelector().textContains(\"This never appears\")...
14:02:49.430311 POST /session/cde1dcca-655d-4353-967b-b0455eb66691/element [8.239375ms] ERR:404 body={"strategy":"-android uiautomator","selector":"new UiSelector().descriptionContains(\"This never app...
14:02:49.437476 POST /session/cde1dcca-655d-4353-967b-b0455eb66691/element [7.124041ms] ERR:404 body={"strategy":"-android uiautomator","selector":"new UiSelector().textMatches(\"(?is).*\\QThis never a...
14:02:49.444292 POST /session/cde1dcca-655d-4353-967b-b0455eb66691/element [6.77425ms] ERR:404 body={"strategy":"-android uiautomator","selector":"new UiSelector().descriptionMatches(\"(?is).*\\QThis ...
14:02:49.454272 POST /session/cde1dcca-655d-4353-967b-b0455eb66691/element [9.9185ms] ERR:404 body={"strategy":"-android uiautomator","selector":"new UiSelector().textContains(\"This never appears\")...
14:02:49.462618 POST /session/cde1dcca-655d-4353-967b-b0455eb66691/element [8.311083ms] ERR:404 body={"strategy":"-android uiautomator","selector":"new UiSelector().descriptionContains(\"This never app...
14:02:49.471050 POST /session/cde1dcca-655d-4353-967b-b0455eb66691/element [8.243375ms] ERR:404 body={"strategy":"-android uiautomator","selector":"new UiSelector().textMatches(\"(?is).*\\QThis never a...
14:02:49.479499 POST /session/cde1dcca-655d-4353-967b-b0455eb66691/element [8.403792ms] ERR:404 body={"strategy":"-android uiautomator","selector":"new UiSelector().descriptionMatches(\"(?is).*\\QThis ...
14:02:49.488157 POST /session/cde1dcca-655d-4353-967b-b0455eb66691/element [8.615834ms] ERR:404 body={"strategy":"-android uiautomator","selector":"new UiSelector().textContains(\"This never appears\")...
14:02:49.496836 POST /session/cde1dcca-655d-4353-967b-b0455eb66691/element [8.645709ms] ERR:404 body={"strategy":"-android uiautomator","selector":"new UiSelector().descriptionContains(\"This never app...
14:02:49.505558 POST /session/cde1dcca-655d-4353-967b-b0455eb66691/element [8.681917ms] ERR:404 body={"strategy":"-android uiautomator","selector":"new UiSelector().textMatches(\"(?is).*\\QThis never a...
14:02:49.511441 POST /session/cde1dcca-655d-4353-967b-b0455eb66691/element [5.839334ms] ERR:404 body={"strategy":"-android uiautomator","selector":"new UiSelector().descriptionMatches(\"(?is).*\\QThis ...
14:02:49.520393 POST /session/cde1dcca-655d-4353-967b-b0455eb66691/element [8.905875ms] ERR:404 body={"strategy":"-android uiautomator","selector":"new UiSelector().textContains(\"This never appears\")...
14:02:49.528406 POST /session/cde1dcca-655d-4353-967b-b0455eb66691/element [7.975709ms] ERR:404 body={"strategy":"-android uiautomator","selector":"new UiSelector().descriptionContains(\"This never app...
14:02:49.537718 POST /session/cde1dcca-655d-4353-967b-b0455eb66691/element [9.263ms] ERR:404 body={"strategy":"-android uiautomator","selector":"new UiSelector().textMatches(\"(?is).*\\QThis never a...
14:02:49.554335 POST /session/cde1dcca-655d-4353-967b-b0455eb66691/element [16.563333ms] ERR:404 body={"strategy":"-android uiautomator","selector":"new UiSelector().descriptionMatches(\"(?is).*\\QThis ...
14:02:49.566941 POST /session/cde1dcca-655d-4353-967b-b0455eb66691/element [12.558292ms] ERR:404 body={"strategy":"-android uiautomator","selector":"new UiSelector().textContains(\"This never appears\")...
14:02:49.577212 POST /session/cde1dcca-655d-4353-967b-b0455eb66691/element [10.227167ms] ERR:404 body={"strategy":"-android uiautomator","selector":"new UiSelector().descriptionContains(\"This never app...
14:02:49.587272 POST /session/cde1dcca-655d-4353-967b-b0455eb66691/element [10.018916ms] ERR:404 body={"strategy":"-android uiautomator","selector":"new UiSelector().textMatches(\"(?is).*\\QThis never a...
14:02:49.595259 POST /session/cde1dcca-655d-4353-967b-b0455eb66691/element [7.946333ms] ERR:404 body={"strategy":"-android uiautomator","selector":"new UiSelector().descriptionMatches(\"(?is).*\\QThis ...
14:02:49.605121 POST /session/cde1dcca-655d-4353-967b-b0455eb66691/element [9.822167ms] ERR:404 body={"strategy":"-android uiautomator","selector":"new UiSelector().textContains(\"This never appears\")...
14:02:49.611937 POST /session/cde1dcca-655d-4353-967b-b0455eb66691/element [6.780875ms] ERR:404 body={"strategy":"-android uiautomator","selector":"new UiSelector().descriptionContains(\"This never app...
14:02:49.619381 POST /session/cde1dcca-655d-4353-967b-b0455eb66691/element [7.393334ms] ERR:404 body={"strategy":"-android uiautomator","selector":"new UiSelector().textMatches(\"(?is).*\\QThis never a...
14:02:49.630984 POST /session/cde1dcca-655d-4353-967b-b0455eb66691/element [11.543916ms] ERR:404 body={"strategy":"-android uiautomator","selector":"new UiSelector().descriptionMatches(\"(?is).*\\QThis ...
14:02:49.640818 POST /session/cde1dcca-655d-4353-967b-b0455eb66691/element [9.785542ms] ERR:404 body={"strategy":"-android uiautomator","selector":"new UiSelector().textContains(\"This never appears\")...
14:02:49.649856 POST /session/cde1dcca-655d-4353-967b-b0455eb66691/element [9.000417ms] ERR:404 body={"strategy":"-android uiautomator","selector":"new UiSelector().descriptionContains(\"This never app...
14:02:49.655857 POST /session/cde1dcca-655d-4353-967b-b0455eb66691/element [5.932666ms] ERR:404 body={"strategy":"-android uiautomator","selector":"new UiSelector().textMatches(\"(?is).*\\QThis never a...
14:02:49.667234 POST /session/cde1dcca-655d-4353-967b-b0455eb66691/element [11.323334ms] ERR:404 body={"strategy":"-android uiautomator","selector":"new UiSelector().descriptionMatches(\"(?is).*\\QThis ...
14:02:49.676035 POST /session/cde1dcca-655d-4353-967b-b0455eb66691/element [8.726416ms] ERR:404 body={"strategy":"-android uiautomator","selector":"new UiSelector().textContains(\"This never appears\")...
14:02:49.684785 POST /session/cde1dcca-655d-4353-967b-b0455eb66691/element [8.70225ms] ERR:404 body={"strategy":"-android uiautomator","selector":"new UiSelector().descriptionContains(\"This never app...
14:02:49.691595 POST /session/cde1dcca-655d-4353-967b-b0455eb66691/element [6.771416ms] ERR:404 body={"strategy":"-android uiautomator","selector":"new UiSelector().textMatches(\"(?is).*\\QThis never a...
14:02:49.700822 POST /session/cde1dcca-655d-4353-967b-b0455eb66691/element [9.188791ms] ERR:404 body={"strategy":"-android uiautomator","selector":"new UiSelector().descriptionMatches(\"(?is).*\\QThis ...
14:02:49.709728 POST /session/cde1dcca-655d-4353-967b-b0455eb66691/element [8.873292ms] ERR:404 body={"strategy":"-android uiautomator","selector":"new UiSelector().textContains(\"This never appears\")...
14:02:49.717680 POST /session/cde1dcca-655d-4353-967b-b0455eb66691/element [7.923042ms] ERR:404 body={"strategy":"-android uiautomator","selector":"new UiSelector().descriptionContains(\"This never app...
14:02:49.725756 POST /session/cde1dcca-655d-4353-967b-b0455eb66691/element [8.035667ms] ERR:404 body={"strategy":"-android uiautomator","selector":"new UiSelector().textMatches(\"(?is).*\\QThis never a...
14:02:49.733619 POST /session/cde1dcca-655d-4353-967b-b0455eb66691/element [7.833084ms] ERR:404 body={"strategy":"-android uiautomator","selector":"new UiSelector().descriptionMatches(\"(?is).*\\QThis ...
14:02:49.740461 POST /session/cde1dcca-655d-4353-967b-b0455eb66691/element [6.806084ms] ERR:404 body={"strategy":"-android uiautomator","selector":"new UiSelector().textContains(\"This never appears\")...
14:02:49.751726 POST /session/cde1dcca-655d-4353-967b-b0455eb66691/element [11.223792ms] ERR:404 body={"strategy":"-android uiautomator","selector":"new UiSelector().descriptionContains(\"This never app...
14:02:49.764531 POST /session/cde1dcca-655d-4353-967b-b0455eb66691/element [12.756834ms] ERR:404 body={"strategy":"-android uiautomator","selector":"new UiSelector().textMatches(\"(?is).*\\QThis never a...
14:02:49.774578 POST /session/cde1dcca-655d-4353-967b-b0455eb66691/element [9.98425ms] ERR:404 body={"strategy":"-android uiautomator","selector":"new UiSelector().descriptionMatches(\"(?is).*\\QThis ...
14:02:49.785636 POST /session/cde1dcca-655d-4353-967b-b0455eb66691/element [11.020833ms] ERR:404 body={"strategy":"-android uiautomator","selector":"new UiSelector().textContains(\"This never appears\")...
14:02:49.794636 POST /session/cde1dcca-655d-4353-967b-b0455eb66691/element [8.962042ms] ERR:404 body={"strategy":"-android uiautomator","selector":"new UiSelector().descriptionContains(\"This never app...
14:02:49.803258 POST /session/cde1dcca-655d-4353-967b-b0455eb66691/element [8.582ms] ERR:404 body={"strategy":"-android uiautomator","selector":"new UiSelector().textMatches(\"(?is).*\\QThis never a...
14:02:49.811146 POST /session/cde1dcca-655d-4353-967b-b0455eb66691/element [7.850209ms] ERR:404 body={"strategy":"-android uiautomator","selector":"new UiSelector().descriptionMatches(\"(?is).*\\QThis ...
14:02:49.818348 POST /session/cde1dcca-655d-4353-967b-b0455eb66691/element [7.156792ms] ERR:404 body={"strategy":"-android uiautomator","selector":"new UiSelector().textContains(\"This never appears\")...
14:02:49.832023 POST /session/cde1dcca-655d-4353-967b-b0455eb66691/element [13.634ms] ERR:404 body={"strategy":"-android uiautomator","selector":"new UiSelector().descriptionContains(\"This never app...
14:02:49.843973 POST /session/cde1dcca-655d-4353-967b-b0455eb66691/element [11.908ms] ERR:404 body={"strategy":"-android uiautomator","selector":"new UiSelector().textMatches(\"(?is).*\\QThis never a...
14:02:49.852255 POST /session/cde1dcca-655d-4353-967b-b0455eb66691/element [8.233333ms] ERR:404 body={"strategy":"-android uiautomator","selector":"new UiSelector().descriptionMatches(\"(?is).*\\QThis ...
14:02:49.862421 POST /session/cde1dcca-655d-4353-967b-b0455eb66691/element [10.10425ms] ERR:404 body={"strategy":"-android uiautomator","selector":"new UiSelector().textContains(\"This never appears\")...
14:02:49.873584 POST /session/cde1dcca-655d-4353-967b-b0455eb66691/element [11.09175ms] ERR:404 body={"strategy":"-android uiautomator","selector":"new UiSelector().descriptionContains(\"This never app...
14:02:49.882410 POST /session/cde1dcca-655d-4353-967b-b0455eb66691/element [8.773625ms] ERR:404 body={"strategy":"-android uiautomator","selector":"new UiSelector().textMatches(\"(?is).*\\QThis never a...
14:02:49.894783 POST /session/cde1dcca-655d-4353-967b-b0455eb66691/element [12.313875ms] ERR:404 body={"strategy":"-android uiautomator","selector":"new UiSelector().descriptionMatches(\"(?is).*\\QThis ...
14:02:49.911304 POST /session/cde1dcca-655d-4353-967b-b0455eb66691/element [16.457375ms] ERR:404 body={"strategy":"-android uiautomator","selector":"new UiSelector().textContains(\"This never appears\")...
14:02:49.920738 POST /session/cde1dcca-655d-4353-967b-b0455eb66691/element [9.3655ms] ERR:404 body={"strategy":"-android uiautomator","selector":"new UiSelector().descriptionContains(\"This never app...
14:02:49.940041 POST /session/cde1dcca-655d-4353-967b-b0455eb66691/element [19.2355ms] ERR:404 body={"strategy":"-android uiautomator","selector":"new UiSelector().textMatches(\"(?is).*\\QThis never a...
14:02:49.952691 POST /session/cde1dcca-655d-4353-967b-b0455eb66691/element [12.589084ms] ERR:404 body={"strategy":"-android uiautomator","selector":"new UiSelector().descriptionMatches(\"(?is).*\\QThis ...
14:02:49.963951 POST /session/cde1dcca-655d-4353-967b-b0455eb66691/element [10.449333ms] ERR:404 body={"strategy":"-android uiautomator","selector":"new UiSelector().textContains(\"This never appears\")...
14:02:49.973843 POST /session/cde1dcca-655d-4353-967b-b0455eb66691/element [8.009417ms] ERR:404 body={"strategy":"-android uiautomator","selector":"new UiSelector().descriptionContains(\"This never app...
14:02:49.983182 POST /session/cde1dcca-655d-4353-967b-b0455eb66691/element [9.28725ms] ERR:404 body={"strategy":"-android uiautomator","selector":"new UiSelector().textMatches(\"(?is).*\\QThis never a...
14:02:49.990706 POST /session/cde1dcca-655d-4353-967b-b0455eb66691/element [7.472875ms] ERR:404 body={"strategy":"-android uiautomator","selector":"new UiSelector().descriptionMatches(\"(?is).*\\QThis ...
14:02:50.002681 POST /session/cde1dcca-655d-4353-967b-b0455eb66691/element [10.657875ms] ERR:404 body={"strategy":"-android uiautomator","selector":"new UiSelector().textContains(\"This never appears\")...
14:02:50.009677 POST /session/cde1dcca-655d-4353-967b-b0455eb66691/element [6.934167ms] ERR:404 body={"strategy":"-android uiautomator","selector":"new UiSelector().descriptionContains(\"This never app...
14:02:50.024626 POST /session/cde1dcca-655d-4353-967b-b0455eb66691/element [14.88975ms] ERR:404 body={"strategy":"-android uiautomator","selector":"new UiSelector().textMatches(\"(?is).*\\QThis never a...
14:02:50.032860 POST /session/cde1dcca-655d-4353-967b-b0455eb66691/element [8.166292ms] ERR:404 body={"strategy":"-android uiautomator","selector":"new UiSelector().descriptionMatches(\"(?is).*\\QThis ...
14:02:50.050444 POST /session/cde1dcca-655d-4353-967b-b0455eb66691/element [17.502208ms] ERR:404 body={"strategy":"-android uiautomator","selector":"new UiSelector().textContains(\"This never appears\")...
14:02:50.060191 POST /session/cde1dcca-655d-4353-967b-b0455eb66691/element [9.663833ms] ERR:404 body={"strategy":"-android uiautomator","selector":"new UiSelector().descriptionContains(\"This never app...
14:02:50.071864 POST /session/cde1dcca-655d-4353-967b-b0455eb66691/element [11.603875ms] ERR:404 body={"strategy":"-android uiautomator","selector":"new UiSelector().textMatches(\"(?is).*\\QThis never a...
14:02:50.080385 POST /session/cde1dcca-655d-4353-967b-b0455eb66691/element [8.454167ms] ERR:404 body={"strategy":"-android uiautomator","selector":"new UiSelector().descriptionMatches(\"(?is).*\\QThis ...
14:02:50.093762 POST /session/cde1dcca-655d-4353-967b-b0455eb66691/element [13.305917ms] ERR:404 body={"strategy":"-android uiautomator","selector":"new UiSelector().textContains(\"This never appears\")...
14:02:50.103316 POST /session/cde1dcca-655d-4353-967b-b0455eb66691/element [9.489292ms] ERR:404 body={"strategy":"-android uiautomator","selector":"new UiSelector().descriptionContains(\"This never app...
14:02:50.116159 POST /session/cde1dcca-655d-4353-967b-b0455eb66691/element [12.775916ms] ERR:404 body={"strategy":"-android uiautomator","selector":"new UiSelector().textMatches(\"(?is).*\\QThis never a...
14:02:50.126480 POST /session/cde1dcca-655d-4353-967b-b0455eb66691/element [10.195667ms] ERR:404 body={"strategy":"-android uiautomator","selector":"new UiSelector().descriptionMatches(\"(?is).*\\QThis ...
14:02:50.140655 POST /session/cde1dcca-655d-4353-967b-b0455eb66691/element [14.1135ms] ERR:404 body={"strategy":"-android uiautomator","selector":"new UiSelector().textContains(\"This never appears\")...
14:02:50.150618 POST /session/cde1dcca-655d-4353-967b-b0455eb66691/element [9.90275ms] ERR:404 body={"strategy":"-android uiautomator","selector":"new UiSelector().descriptionContains(\"This never app...
14:02:50.163036 POST /session/cde1dcca-655d-4353-967b-b0455eb66691/element [12.362417ms] ERR:404 body={"strategy":"-android uiautomator","selector":"new UiSelector().textMatches(\"(?is).*\\QThis never a...
14:02:50.171789 POST /session/cde1dcca-655d-4353-967b-b0455eb66691/element [8.701083ms] ERR:404 body={"strategy":"-android uiautomator","selector":"new UiSelector().descriptionMatches(\"(?is).*\\QThis ...
14:02:50.180504 POST /session/cde1dcca-655d-4353-967b-b0455eb66691/element [8.646541ms] ERR:404 body={"strategy":"-android uiautomator","selector":"new UiSelector().textContains(\"This never appears\")...
14:02:50.191040 POST /session/cde1dcca-655d-4353-967b-b0455eb66691/element [10.481792ms] ERR:404 body={"strategy":"-android uiautomator","selector":"new UiSelector().descriptionContains(\"This never app...
14:02:50.202920 POST /session/cde1dcca-655d-4353-967b-b0455eb66691/element [11.826083ms] ERR:404 body={"strategy":"-android uiautomator","selector":"new UiSelector().textMatches(\"(?is).*\\QThis never a...
14:02:50.210318 POST /session/cde1dcca-655d-4353-967b-b0455eb66691/element [7.347541ms] ERR:404 body={"strategy":"-android uiautomator","selector":"new UiSelector().descriptionMatches(\"(?is).*\\QThis ...
14:02:50.222348 POST /session/cde1dcca-655d-4353-967b-b0455eb66691/element [11.979292ms] ERR:404 body={"strategy":"-android uiautomator","selector":"new UiSelector().textContains(\"This never appears\")...
14:02:50.233624 POST /session/cde1dcca-655d-4353-967b-b0455eb66691/element [11.21425ms] ERR:404 body={"strategy":"-android uiautomator","selector":"new UiSelector().descriptionContains(\"This never app...
14:02:50.244637 POST /session/cde1dcca-655d-4353-967b-b0455eb66691/element [10.957125ms] ERR:404 body={"strategy":"-android uiautomator","selector":"new UiSelector().textMatches(\"(?is).*\\QThis never a...
14:02:50.255849 POST /session/cde1dcca-655d-4353-967b-b0455eb66691/element [11.159875ms] ERR:404 body={"strategy":"-android uiautomator","selector":"new UiSelector().descriptionMatches(\"(?is).*\\QThis ...
14:02:50.266237 POST /session/cde1dcca-655d-4353-967b-b0455eb66691/element [10.33075ms] ERR:404 body={"strategy":"-android uiautomator","selector":"new UiSelector().textContains(\"This never appears\")...
14:02:50.272501 POST /session/cde1dcca-655d-4353-967b-b0455eb66691/element [6.211291ms] ERR:404 body={"strategy":"-android uiautomator","selector":"new UiSelector().descriptionContains(\"This never app...
14:02:50.282500 POST /session/cde1dcca-655d-4353-967b-b0455eb66691/element [9.935583ms] ERR:404 body={"strategy":"-android uiautomator","selector":"new UiSelector().textMatches(\"(?is).*\\QThis never a...
14:02:50.292307 POST /session/cde1dcca-655d-4353-967b-b0455eb66691/element [9.747833ms] ERR:404 body={"strategy":"-android uiautomator","selector":"new UiSelector().descriptionMatches(\"(?is).*\\QThis ...
14:02:50.302123 POST /session/cde1dcca-655d-4353-967b-b0455eb66691/element [9.762416ms] ERR:404 body={"strategy":"-android uiautomator","selector":"new UiSelector().textContains(\"This never appears\")...
14:02:50.311686 POST /session/cde1dcca-655d-4353-967b-b0455eb66691/element [9.48025ms] ERR:404 body={"strategy":"-android uiautomator","selector":"new UiSelector().descriptionContains(\"This never app...
14:02:50.318842 POST /session/cde1dcca-655d-4353-967b-b0455eb66691/element [7.081417ms] ERR:404 body={"strategy":"-android uiautomator","selector":"new UiSelector().textMatches(\"(?is).*\\QThis never a...
14:02:50.329226 POST /session/cde1dcca-655d-4353-967b-b0455eb66691/element [10.316583ms] ERR:404 body={"strategy":"-android uiautomator","selector":"new UiSelector().descriptionMatches(\"(?is).*\\QThis ...
14:02:50.339730 POST /session/cde1dcca-655d-4353-967b-b0455eb66691/element [10.443333ms] ERR:404 body={"strategy":"-android uiautomator","selector":"new UiSelector().textContains(\"This never appears\")...
14:02:50.350604 POST /session/cde1dcca-655d-4353-967b-b0455eb66691/element [10.823667ms] ERR:404 body={"strategy":"-android uiautomator","selector":"new UiSelector().descriptionContains(\"This never app...
14:02:50.364795 POST /session/cde1dcca-655d-4353-967b-b0455eb66691/element [14.126125ms] ERR:404 body={"strategy":"-android uiautomator","selector":"new UiSelector().textMatches(\"(?is).*\\QThis never a...
14:02:50.376514 POST /session/cde1dcca-655d-4353-967b-b0455eb66691/element [11.650458ms] ERR:404 body={"strategy":"-android uiautomator","selector":"new UiSelector().descriptionMatches(\"(?is).*\\QThis ...
14:02:50.387337 POST /session/cde1dcca-655d-4353-967b-b0455eb66691/element [10.762208ms] ERR:404 body={"strategy":"-android uiautomator","selector":"new UiSelector().textContains(\"This never appears\")...
14:02:50.397970 POST /session/cde1dcca-655d-4353-967b-b0455eb66691/element [10.571542ms] ERR:404 body={"strategy":"-android uiautomator","selector":"new UiSelector().descriptionContains(\"This never app...
14:02:50.409979 POST /session/cde1dcca-655d-4353-967b-b0455eb66691/element [11.952333ms] ERR:404 body={"strategy":"-android uiautomator","selector":"new UiSelector().textMatches(\"(?is).*\\QThis never a...
14:02:50.420226 POST /session/cde1dcca-655d-4353-967b-b0455eb66691/element [10.171209ms] ERR:404 body={"strategy":"-android uiautomator","selector":"new UiSelector().descriptionMatches(\"(?is).*\\QThis ...
14:02:50.431299 POST /session/cde1dcca-655d-4353-967b-b0455eb66691/element [10.908333ms] ERR:404 body={"strategy":"-android uiautomator","selector":"new UiSelector().textContains(\"This never appears\")...
14:02:50.440206 POST /session/cde1dcca-655d-4353-967b-b0455eb66691/element [8.8435ms] ERR:404 body={"strategy":"-android uiautomator","selector":"new UiSelector().descriptionContains(\"This never app...
14:02:50.451528 POST /session/cde1dcca-655d-4353-967b-b0455eb66691/element [11.2565ms] ERR:404 body={"strategy":"-android uiautomator","selector":"new UiSelector().textMatches(\"(?is).*\\QThis never a...
14:02:50.463448 POST /session/cde1dcca-655d-4353-967b-b0455eb66691/element [11.864459ms] ERR:404 body={"strategy":"-android uiautomator","selector":"new UiSelector().descriptionMatches(\"(?is).*\\QThis ...
14:02:50.474636 POST /session/cde1dcca-655d-4353-967b-b0455eb66691/element [11.132375ms] ERR:404 body={"strategy":"-android uiautomator","selector":"new UiSelector().textContains(\"This never appears\")...
14:02:50.485634 POST /session/cde1dcca-655d-4353-967b-b0455eb66691/element [10.931416ms] ERR:404 body={"strategy":"-android uiautomator","selector":"new UiSelector().descriptionContains(\"This never app...
14:02:50.499815 POST /session/cde1dcca-655d-4353-967b-b0455eb66691/element [14.018083ms] ERR:404 body={"strategy":"-android uiautomator","selector":"new UiSelector().textMatches(\"(?is).*\\QThis never a...
14:02:50.515822 POST /session/cde1dcca-655d-4353-967b-b0455eb66691/element [15.937417ms] ERR:404 body={"strategy":"-android uiautomator","selector":"new UiSelector().descriptionMatches(\"(?is).*\\QThis ...
14:02:50.529495 POST /session/cde1dcca-655d-4353-967b-b0455eb66691/element [13.609584ms] ERR:404 body={"strategy":"-android uiautomator","selector":"new UiSelector().textContains(\"This never appears\")...
14:02:50.545662 POST /session/cde1dcca-655d-4353-967b-b0455eb66691/element [16.097083ms] ERR:404 body={"strategy":"-android uiautomator","selector":"new UiSelector().descriptionContains(\"This never app...
14:02:50.557920 POST /session/cde1dcca-655d-4353-967b-b0455eb66691/element [12.19775ms] ERR:404 body={"strategy":"-android uiautomator","selector":"new UiSelector().textMatches(\"(?is).*\\QThis never a...
14:02:50.570987 POST /session/cde1dcca-655d-4353-967b-b0455eb66691/element [12.997875ms] ERR:404 body={"strategy":"-android uiautomator","selector":"new UiSelector().descriptionMatches(\"(?is).*\\QThis ...
14:02:50.583724 POST /session/cde1dcca-655d-4353-967b-b0455eb66691/element [12.673083ms] ERR:404 body={"strategy":"-android uiautomator","selector":"new UiSelector().textContains(\"This never appears\")...
14:02:50.594349 POST /session/cde1dcca-655d-4353-967b-b0455eb66691/element [10.554458ms] ERR:404 body={"strategy":"-android uiautomator","selector":"new UiSelector().descriptionContains(\"This never app...
14:02:50.608971 POST /session/cde1dcca-655d-4353-967b-b0455eb66691/element [14.552ms] ERR:404 body={"strategy":"-android uiautomator","selector":"new UiSelector().textMatches(\"(?is).*\\QThis never a...
14:02:50.624608 POST /session/cde1dcca-655d-4353-967b-b0455eb66691/element [15.569375ms] ERR:404 body={"strategy":"-android uiautomator","selector":"new UiSelector().descriptionMatches(\"(?is).*\\QThis ...
14:02:50.635342 POST /session/cde1dcca-655d-4353-967b-b0455eb66691/element [10.552833ms] ERR:404 body={"strategy":"-android uiautomator","selector":"new UiSelector().textContains(\"This never appears\")...
14:02:50.646227 POST /session/cde1dcca-655d-4353-967b-b0455eb66691/element [10.772708ms] ERR:404 body={"strategy":"-android uiautomator","selector":"new UiSelector().descriptionContains(\"This never app...
14:02:50.654440 POST /session/cde1dcca-655d-4353-967b-b0455eb66691/element [8.159625ms] ERR:404 body={"strategy":"-android uiautomator","selector":"new UiSelector().textMatches(\"(?is).*\\QThis never a...
14:02:50.669662 POST /session/cde1dcca-655d-4353-967b-b0455eb66691/element [15.170792ms] ERR:404 body={"strategy":"-android uiautomator","selector":"new UiSelector().descriptionMatches(\"(?is).*\\QThis ...
14:02:50.685475 POST /session/cde1dcca-655d-4353-967b-b0455eb66691/element [15.73075ms] ERR:404 body={"strategy":"-android uiautomator","selector":"new UiSelector().textContains(\"This never appears\")...
14:02:50.698578 POST /session/cde1dcca-655d-4353-967b-b0455eb66691/element [12.557083ms] ERR:404 body={"strategy":"-android uiautomator","selector":"new UiSelector().descriptionContains(\"This never app...
14:02:50.711958 POST /session/cde1dcca-655d-4353-967b-b0455eb66691/element [13.313334ms] ERR:404 body={"strategy":"-android uiautomator","selector":"new UiSelector().textMatches(\"(?is).*\\QThis never a...
14:02:50.723434 POST /session/cde1dcca-655d-4353-967b-b0455eb66691/element [11.411375ms] ERR:404 body={"strategy":"-android uiautomator","selector":"new UiSelector().descriptionMatches(\"(?is).*\\QThis ...
14:02:50.737585 POST /session/cde1dcca-655d-4353-967b-b0455eb66691/element [14.075084ms] ERR:404 body={"strategy":"-android uiautomator","selector":"new UiSelector().textContains(\"This never appears\")...
14:02:50.748067 POST /session/cde1dcca-655d-4353-967b-b0455eb66691/element [10.425959ms] ERR:404 body={"strategy":"-android uiautomator","selector":"new UiSelector().descriptionContains(\"This never app...
14:02:50.758766 POST /session/cde1dcca-655d-4353-967b-b0455eb66691/element [10.6485ms] ERR:404 body={"strategy":"-android uiautomator","selector":"new UiSelector().textMatches(\"(?is).*\\QThis never a...
14:02:50.770704 POST /session/cde1dcca-655d-4353-967b-b0455eb66691/element [11.879959ms] ERR:404 body={"strategy":"-android uiautomator","selector":"new UiSelector().descriptionMatches(\"(?is).*\\QThis ...
14:02:50.779781 POST /session/cde1dcca-655d-4353-967b-b0455eb66691/element [9.015083ms] ERR:404 body={"strategy":"-android uiautomator","selector":"new UiSelector().textContains(\"This never appears\")...
14:02:50.792684 POST /session/cde1dcca-655d-4353-967b-b0455eb66691/element [12.855167ms] ERR:404 body={"strategy":"-android uiautomator","selector":"new UiSelector().descriptionContains(\"This never app...
14:02:50.803767 POST /session/cde1dcca-655d-4353-967b-b0455eb66691/element [11.025417ms] ERR:404 body={"strategy":"-android uiautomator","selector":"new UiSelector().textMatches(\"(?is).*\\QThis never a...
14:02:50.813633 POST /session/cde1dcca-655d-4353-967b-b0455eb66691/element [9.813042ms] ERR:404 body={"strategy":"-android uiautomator","selector":"new UiSelector().descriptionMatches(\"(?is).*\\QThis ...
14:02:50.822559 POST /session/cde1dcca-655d-4353-967b-b0455eb66691/element [8.881167ms] ERR:404 body={"strategy":"-android uiautomator","selector":"new UiSelector().textContains(\"This never appears\")...
14:02:50.830485 POST /session/cde1dcca-655d-4353-967b-b0455eb66691/element [7.875292ms] ERR:404 body={"strategy":"-android uiautomator","selector":"new UiSelector().descriptionContains(\"This never app...
14:02:50.840311 POST /session/cde1dcca-655d-4353-967b-b0455eb66691/element [9.7785ms] ERR:404 body={"strategy":"-android uiautomator","selector":"new UiSelector().textMatches(\"(?is).*\\QThis never a...
14:02:50.850060 POST /session/cde1dcca-655d-4353-967b-b0455eb66691/element [9.703709ms] ERR:404 body={"strategy":"-android uiautomator","selector":"new UiSelector().descriptionMatches(\"(?is).*\\QThis ...
14:02:50.862649 POST /session/cde1dcca-655d-4353-967b-b0455eb66691/element [12.515334ms] ERR:404 body={"strategy":"-android uiautomator","selector":"new UiSelector().textContains(\"This never appears\")...
14:02:50.873656 POST /session/cde1dcca-655d-4353-967b-b0455eb66691/element [10.945333ms] ERR:404 body={"strategy":"-android uiautomator","selector":"new UiSelector().descriptionContains(\"This never app...
14:02:50.882735 POST /session/cde1dcca-655d-4353-967b-b0455eb66691/element [9.020542ms] ERR:404 body={"strategy":"-android uiautomator","selector":"new UiSelector().textMatches(\"(?is).*\\QThis never a...
14:02:50.893419 POST /session/cde1dcca-655d-4353-967b-b0455eb66691/element [10.622834ms] ERR:404 body={"strategy":"-android uiautomator","selector":"new UiSelector().descriptionMatches(\"(?is).*\\QThis ...
14:02:50.905577 POST /session/cde1dcca-655d-4353-967b-b0455eb66691/element [12.088875ms] ERR:404 body={"strategy":"-android uiautomator","selector":"new UiSelector().textContains(\"This never appears\")...
14:02:50.914530 POST /session/cde1dcca-655d-4353-967b-b0455eb66691/element [8.886959ms] ERR:404 body={"strategy":"-android uiautomator","selector":"new UiSelector().descriptionContains(\"This never app...
14:02:50.925332 POST /session/cde1dcca-655d-4353-967b-b0455eb66691/element [10.745375ms] ERR:404 body={"strategy":"-android uiautomator","selector":"new UiSelector().textMatches(\"(?is).*\\QThis never a...
14:02:50.932885 POST /session/cde1dcca-655d-4353-967b-b0455eb66691/element [7.489083ms] ERR:404 body={"strategy":"-android uiautomator","selector":"new UiSelector().descriptionMatches(\"(?is).*\\QThis ...
14:02:50.941671 POST /session/cde1dcca-655d-4353-967b-b0455eb66691/element [8.7195ms] ERR:404 body={"strategy":"-android uiautomator","selector":"new UiSelector().textContains(\"This never appears\")...
14:02:50.949884 POST /session/cde1dcca-655d-4353-967b-b0455eb66691/element [8.153375ms] ERR:404 body={"strategy":"-android uiautomator","selector":"new UiSelector().descriptionContains(\"This never app...
14:02:50.961222 POST /session/cde1dcca-655d-4353-967b-b0455eb66691/element [11.275875ms] ERR:404 body={"strategy":"-android uiautomator","selector":"new UiSelector().textMatches(\"(?is).*\\QThis never a...
14:02:50.970595 POST /session/cde1dcca-655d-4353-967b-b0455eb66691/element [9.320708ms] ERR:404 body={"strategy":"-android uiautomator","selector":"new UiSelector().descriptionMatches(\"(?is).*\\QThis ...
14:02:50.982571 POST /session/cde1dcca-655d-4353-967b-b0455eb66691/element [11.921791ms] ERR:404 body={"strategy":"-android uiautomator","selector":"new UiSelector().textContains(\"This never appears\")...
14:02:50.994154 POST /session/cde1dcca-655d-4353-967b-b0455eb66691/element [11.518375ms] ERR:404 body={"strategy":"-android uiautomator","selector":"new UiSelector().descriptionContains(\"This never app...
14:02:51.005482 POST /session/cde1dcca-655d-4353-967b-b0455eb66691/element [11.274917ms] ERR:404 body={"strategy":"-android uiautomator","selector":"new UiSelector().textMatches(\"(?is).*\\QThis never a...
14:02:51.016043 POST /session/cde1dcca-655d-4353-967b-b0455eb66691/element [10.49675ms] ERR:404 body={"strategy":"-android uiautomator","selector":"new UiSelector().descriptionMatches(\"(?is).*\\QThis ...
14:02:51.030387 POST /session/cde1dcca-655d-4353-967b-b0455eb66691/element [14.29025ms] ERR:404 body={"strategy":"-android uiautomator","selector":"new UiSelector().textContains(\"This never appears\")...
14:02:51.042226 POST /session/cde1dcca-655d-4353-967b-b0455eb66691/element [11.789209ms] ERR:404 body={"strategy":"-android uiautomator","selector":"new UiSelector().descriptionContains(\"This never app...
14:02:51.053286 POST /session/cde1dcca-655d-4353-967b-b0455eb66691/element [10.99575ms] ERR:404 body={"strategy":"-android uiautomator","selector":"new UiSelector().textMatches(\"(?is).*\\QThis never a...
14:02:51.066199 POST /session/cde1dcca-655d-4353-967b-b0455eb66691/element [12.852334ms] ERR:404 body={"strategy":"-android uiautomator","selector":"new UiSelector().descriptionMatches(\"(?is).*\\QThis ...
14:02:51.076973 POST /session/cde1dcca-655d-4353-967b-b0455eb66691/element [10.714083ms] ERR:404 body={"strategy":"-android uiautomator","selector":"new UiSelector().textContains(\"This never appears\")...
14:02:51.086299 POST /session/cde1dcca-655d-4353-967b-b0455eb66691/element [9.281708ms] ERR:404 body={"strategy":"-android uiautomator","selector":"new UiSelector().descriptionContains(\"This never app...
14:02:51.094491 POST /session/cde1dcca-655d-4353-967b-b0455eb66691/element [8.145625ms] ERR:404 body={"strategy":"-android uiautomator","selector":"new UiSelector().textMatches(\"(?is).*\\QThis never a...
14:02:51.101819 POST /session/cde1dcca-655d-4353-967b-b0455eb66691/element [7.28925ms] ERR:404 body={"strategy":"-android uiautomator","selector":"new UiSelector().descriptionMatches(\"(?is).*\\QThis ...
14:02:51.112112 POST /session/cde1dcca-655d-4353-967b-b0455eb66691/element [10.237792ms] ERR:404 body={"strategy":"-android uiautomator","selector":"new UiSelector().textContains(\"This never appears\")...
14:02:51.120165 POST /session/cde1dcca-655d-4353-967b-b0455eb66691/element [8.006ms] ERR:404 body={"strategy":"-android uiautomator","selector":"new UiSelector().descriptionContains(\"This never app...
14:02:51.128860 POST /session/cde1dcca-655d-4353-967b-b0455eb66691/element [8.650416ms] ERR:404 body={"strategy":"-android uiautomator","selector":"new UiSelector().textMatches(\"(?is).*\\QThis never a...
14:02:51.137586 POST /session/cde1dcca-655d-4353-967b-b0455eb66691/element [8.681042ms] ERR:404 body={"strategy":"-android uiautomator","selector":"new UiSelector().descriptionMatches(\"(?is).*\\QThis ...
14:02:51.145179 POST /session/cde1dcca-655d-4353-967b-b0455eb66691/element [7.559ms] ERR:404 body={"strategy":"-android uiautomator","selector":"new UiSelector().textContains(\"This never appears\")...
14:02:51.152082 POST /session/cde1dcca-655d-4353-967b-b0455eb66691/element [6.863083ms] ERR:404 body={"strategy":"-android uiautomator","selector":"new UiSelector().descriptionContains(\"This never app...
14:02:51.161236 POST /session/cde1dcca-655d-4353-967b-b0455eb66691/element [9.108167ms] ERR:404 body={"strategy":"-android uiautomator","selector":"new UiSelector().textMatches(\"(?is).*\\QThis never a...
14:02:51.169363 POST /session/cde1dcca-655d-4353-967b-b0455eb66691/element [8.08375ms] ERR:404 body={"strategy":"-android uiautomator","selector":"new UiSelector().descriptionMatches(\"(?is).*\\QThis ...
14:02:51.178230 POST /session/cde1dcca-655d-4353-967b-b0455eb66691/element [8.818333ms] ERR:404 body={"strategy":"-android uiautomator","selector":"new UiSelector().textContains(\"This never appears\")...
14:02:51.188015 POST /session/cde1dcca-655d-4353-967b-b0455eb66691/element [9.748292ms] ERR:404 body={"strategy":"-android uiautomator","selector":"new UiSelector().descriptionContains(\"This never app...
14:02:51.195531 POST /session/cde1dcca-655d-4353-967b-b0455eb66691/element [7.485709ms] ERR:404 body={"strategy":"-android uiautomator","selector":"new UiSelector().textMatches(\"(?is).*\\QThis never a...
14:02:51.207015 POST /session/cde1dcca-655d-4353-967b-b0455eb66691/element [11.444042ms] ERR:404 body={"strategy":"-android uiautomator","selector":"new UiSelector().descriptionMatches(\"(?is).*\\QThis ...
14:02:51.212718 POST /session/cde1dcca-655d-4353-967b-b0455eb66691/element [5.641917ms] ERR:404 body={"strategy":"-android uiautomator","selector":"new UiSelector().textContains(\"This never appears\")...
14:02:51.220284 POST /session/cde1dcca-655d-4353-967b-b0455eb66691/element [7.527042ms] ERR:404 body={"strategy":"-android uiautomator","selector":"new UiSelector().descriptionContains(\"This never app...
14:02:51.233076 POST /session/cde1dcca-655d-4353-967b-b0455eb66691/element [12.743625ms] ERR:404 body={"strategy":"-android uiautomator","selector":"new UiSelector().textMatches(\"(?is).*\\QThis never a...
14:02:51.245364 POST /session/cde1dcca-655d-4353-967b-b0455eb66691/element [12.23625ms] ERR:404 body={"strategy":"-android uiautomator","selector":"new UiSelector().descriptionMatches(\"(?is).*\\QThis ...
14:02:51.255468 POST /session/cde1dcca-655d-4353-967b-b0455eb66691/element [10.044583ms] ERR:404 body={"strategy":"-android uiautomator","selector":"new UiSelector().textContains(\"This never appears\")...
14:02:51.268854 POST /session/cde1dcca-655d-4353-967b-b0455eb66691/element [13.328583ms] ERR:404 body={"strategy":"-android uiautomator","selector":"new UiSelector().descriptionContains(\"This never app...
14:02:51.277369 POST /session/cde1dcca-655d-4353-967b-b0455eb66691/element [8.455708ms] ERR:404 body={"strategy":"-android uiautomator","selector":"new UiSelector().textMatches(\"(?is).*\\QThis never a...
14:02:51.284361 POST /session/cde1dcca-655d-4353-967b-b0455eb66691/element [6.931875ms] ERR:404 body={"strategy":"-android uiautomator","selector":"new UiSelector().descriptionMatches(\"(?is).*\\QThis ...
14:02:51.289920 POST /session/cde1dcca-655d-4353-967b-b0455eb66691/element [5.529333ms] ERR:404 body={"strategy":"-android uiautomator","selector":"new UiSelector().textContains(\"This never appears\")...
14:02:51.300471 POST /session/cde1dcca-655d-4353-967b-b0455eb66691/element [10.508417ms] ERR:404 body={"strategy":"-android uiautomator","selector":"new UiSelector().descriptionContains(\"This never app...
14:02:51.308650 POST /session/cde1dcca-655d-4353-967b-b0455eb66691/element [8.129208ms] ERR:404 body={"strategy":"-android uiautomator","selector":"new UiSelector().textMatches(\"(?is).*\\QThis never a...
14:02:51.312875 POST /session/cde1dcca-655d-4353-967b-b0455eb66691/element [4.186125ms] ERR:404 body={"strategy":"-android uiautomator","selector":"new UiSelector().descriptionMatches(\"(?is).*\\QThis ...
14:02:51.318609 POST /session/cde1dcca-655d-4353-967b-b0455eb66691/element [5.696542ms] ERR:404 body={"strategy":"-android uiautomator","selector":"new UiSelector().textContains(\"This never appears\")...
14:02:51.327324 POST /session/cde1dcca-655d-4353-967b-b0455eb66691/element [8.655625ms] ERR:404 body={"strategy":"-android uiautomator","selector":"new UiSelector().descriptionContains(\"This never app...
14:02:51.335688 POST /session/cde1dcca-655d-4353-967b-b0455eb66691/element [8.308083ms] ERR:404 body={"strategy":"-android uiautomator","selector":"new UiSelector().textMatches(\"(?is).*\\QThis never a...
14:02:51.346264 POST /session/cde1dcca-655d-4353-967b-b0455eb66691/element [10.530458ms] ERR:404 body={"strategy":"-android uiautomator","selector":"new UiSelector().descriptionMatches(\"(?is).*\\QThis ...
14:02:51.357947 POST /session/cde1dcca-655d-4353-967b-b0455eb66691/element [11.637917ms] ERR:404 body={"strategy":"-android uiautomator","selector":"new UiSelector().textContains(\"This never appears\")...
14:02:51.368912 POST /session/cde1dcca-655d-4353-967b-b0455eb66691/element [10.921875ms] ERR:404 body={"strategy":"-android uiautomator","selector":"new UiSelector().descriptionContains(\"This never app...
14:02:51.377878 POST /session/cde1dcca-655d-4353-967b-b0455eb66691/element [8.924333ms] ERR:404 body={"strategy":"-android uiautomator","selector":"new UiSelector().textMatches(\"(?is).*\\QThis never a...
14:02:51.385777 POST /session/cde1dcca-655d-4353-967b-b0455eb66691/element [7.861791ms] ERR:404 body={"strategy":"-android uiautomator","selector":"new UiSelector().descriptionMatches(\"(?is).*\\QThis ...
14:02:51.393858 POST /session/cde1dcca-655d-4353-967b-b0455eb66691/element [8.051792ms] ERR:404 body={"strategy":"-android uiautomator","selector":"new UiSelector().textContains(\"This never appears\")...
14:02:51.406011 POST /session/cde1dcca-655d-4353-967b-b0455eb66691/element [12.113083ms] ERR:404 body={"strategy":"-android uiautomator","selector":"new UiSelector().descriptionContains(\"This never app...
14:02:51.413044 POST /session/cde1dcca-655d-4353-967b-b0455eb66691/element [6.986167ms] ERR:404 body={"strategy":"-android uiautomator","selector":"new UiSelector().textMatches(\"(?is).*\\QThis never a...
14:02:51.423005 POST /session/cde1dcca-655d-4353-967b-b0455eb66691/element [9.913625ms] ERR:404 body={"strategy":"-android uiautomator","selector":"new UiSelector().descriptionMatches(\"(?is).*\\QThis ...
14:02:51.430421 POST /session/cde1dcca-655d-4353-967b-b0455eb66691/element [7.364292ms] ERR:404 body={"strategy":"-android uiautomator","selector":"new UiSelector().textContains(\"This never appears\")...
14:02:51.438469 POST /session/cde1dcca-655d-4353-967b-b0455eb66691/element [8.011041ms] ERR:404 body={"strategy":"-android uiautomator","selector":"new UiSelector().descriptionContains(\"This never app...
14:02:51.447464 POST /session/cde1dcca-655d-4353-967b-b0455eb66691/element [8.948708ms] ERR:404 body={"strategy":"-android uiautomator","selector":"new UiSelector().textMatches(\"(?is).*\\QThis never a...
14:02:51.460401 POST /session/cde1dcca-655d-4353-967b-b0455eb66691/element [12.884ms] ERR:404 body={"strategy":"-android uiautomator","selector":"new UiSelector().descriptionMatches(\"(?is).*\\QThis ...
14:02:51.473494 POST /session/cde1dcca-655d-4353-967b-b0455eb66691/element [13.041583ms] ERR:404 body={"strategy":"-android uiautomator","selector":"new UiSelector().textContains(\"This never appears\")...
14:02:51.488657 POST /session/cde1dcca-655d-4353-967b-b0455eb66691/element [15.110833ms] ERR:404 body={"strategy":"-android uiautomator","selector":"new UiSelector().descriptionContains(\"This never app...
14:02:51.498581 POST /session/cde1dcca-655d-4353-967b-b0455eb66691/element [9.862584ms] ERR:404 body={"strategy":"-android uiautomator","selector":"new UiSelector().textMatches(\"(?is).*\\QThis never a...
14:02:51.513344 POST /session/cde1dcca-655d-4353-967b-b0455eb66691/element [14.694375ms] ERR:404 body={"strategy":"-android uiautomator","selector":"new UiSelector().descriptionMatches(\"(?is).*\\QThis ...
14:02:51.524999 POST /session/cde1dcca-655d-4353-967b-b0455eb66691/element [11.586875ms] ERR:404 body={"strategy":"-android uiautomator","selector":"new UiSelector().textContains(\"This never appears\")...
14:02:51.533759 POST /session/cde1dcca-655d-4353-967b-b0455eb66691/element [8.695917ms] ERR:404 body={"strategy":"-android uiautomator","selector":"new UiSelector().descriptionContains(\"This never app...
14:02:51.546300 POST /session/cde1dcca-655d-4353-967b-b0455eb66691/element [12.474375ms] ERR:404 body={"strategy":"-android uiautomator","selector":"new UiSelector().textMatches(\"(?is).*\\QThis never a...
14:02:51.559059 POST /session/cde1dcca-655d-4353-967b-b0455eb66691/element [12.689958ms] ERR:404 body={"strategy":"-android uiautomator","selector":"new UiSelector().descriptionMatches(\"(?is).*\\QThis ...
14:02:51.571982 POST /session/cde1dcca-655d-4353-967b-b0455eb66691/element [12.849458ms] ERR:404 body={"strategy":"-android uiautomator","selector":"new UiSelector().textContains(\"This never appears\")...
14:02:51.583987 POST /session/cde1dcca-655d-4353-967b-b0455eb66691/element [11.941667ms] ERR:404 body={"strategy":"-android uiautomator","selector":"new UiSelector().descriptionContains(\"This never app...
14:02:51.595965 POST /session/cde1dcca-655d-4353-967b-b0455eb66691/element [11.901166ms] ERR:404 body={"strategy":"-android uiautomator","selector":"new UiSelector().textMatches(\"(?is).*\\QThis never a...
14:02:51.610549 POST /session/cde1dcca-655d-4353-967b-b0455eb66691/element [14.505625ms] ERR:404 body={"strategy":"-android uiautomator","selector":"new UiSelector().descriptionMatches(\"(?is).*\\QThis ...
14:02:51.620135 POST /session/cde1dcca-655d-4353-967b-b0455eb66691/element [9.517625ms] ERR:404 body={"strategy":"-android uiautomator","selector":"new UiSelector().textContains(\"This never appears\")...
14:02:51.631739 POST /session/cde1dcca-655d-4353-967b-b0455eb66691/element [11.541541ms] ERR:404 body={"strategy":"-android uiautomator","selector":"new UiSelector().descriptionContains(\"This never app...
14:02:51.642098 POST /session/cde1dcca-655d-4353-967b-b0455eb66691/element [10.296875ms] ERR:404 body={"strategy":"-android uiautomator","selector":"new UiSelector().textMatches(\"(?is).*\\QThis never a...
14:02:51.652615 POST /session/cde1dcca-655d-4353-967b-b0455eb66691/element [10.455416ms] ERR:404 body={"strategy":"-android uiautomator","selector":"new UiSelector().descriptionMatches(\"(?is).*\\QThis ...
14:02:51.670832 POST /session/cde1dcca-655d-4353-967b-b0455eb66691/element [18.156625ms] ERR:404 body={"strategy":"-android uiautomator","selector":"new UiSelector().textContains(\"This never appears\")...
14:02:51.681583 POST /session/cde1dcca-655d-4353-967b-b0455eb66691/element [10.496125ms] ERR:404 body={"strategy":"-android uiautomator","selector":"new UiSelector().descriptionContains(\"This never app...
14:02:51.691969 POST /session/cde1dcca-655d-4353-967b-b0455eb66691/element [10.169334ms] ERR:404 body={"strategy":"-android uiautomator","selector":"new UiSelector().textMatches(\"(?is).*\\QThis never a...
14:02:51.700841 POST /session/cde1dcca-655d-4353-967b-b0455eb66691/element [8.797917ms] ERR:404 body={"strategy":"-android uiautomator","selector":"new UiSelector().descriptionMatches(\"(?is).*\\QThis ...
14:02:51.726368 POST /session/cde1dcca-655d-4353-967b-b0455eb66691/element [24.6335ms] ERR:404 body={"strategy":"-android uiautomator","selector":"new UiSelector().textContains(\"This never appears\")...
14:02:51.743971 POST /session/cde1dcca-655d-4353-967b-b0455eb66691/element [17.54925ms] ERR:404 body={"strategy":"-android uiautomator","selector":"new UiSelector().descriptionContains(\"This never app...
14:02:51.765389 POST /session/cde1dcca-655d-4353-967b-b0455eb66691/element [21.329084ms] ERR:404 body={"strategy":"-android uiautomator","selector":"new UiSelector().textMatches(\"(?is).*\\QThis never a...
14:02:51.779954 POST /session/cde1dcca-655d-4353-967b-b0455eb66691/element [14.487042ms] ERR:404 body={"strategy":"-android uiautomator","selector":"new UiSelector().descriptionMatches(\"(?is).*\\QThis ...
14:02:51.800358 POST /session/cde1dcca-655d-4353-967b-b0455eb66691/element [20.303042ms] ERR:404 body={"strategy":"-android uiautomator","selector":"new UiSelector().textContains(\"This never appears\")...
14:02:51.847269 POST /session/cde1dcca-655d-4353-967b-b0455eb66691/element [46.847708ms] ERR:404 body={"strategy":"-android uiautomator","selector":"new UiSelector().descriptionContains(\"This never app...
14:02:51.871337 POST /session/cde1dcca-655d-4353-967b-b0455eb66691/element [24.0155ms] ERR:404 body={"strategy":"-android uiautomator","selector":"new UiSelector().textMatches(\"(?is).*\\QThis never a...
14:02:51.890306 POST /session/cde1dcca-655d-4353-967b-b0455eb66691/element [18.900958ms] ERR:404 body={"strategy":"-android uiautomator","selector":"new UiSelector().descriptionMatches(\"(?is).*\\QThis ...
14:02:51.912797 POST /session/cde1dcca-655d-4353-967b-b0455eb66691/element [21.911416ms] ERR:404 body={"strategy":"-android uiautomator","selector":"new UiSelector().textContains(\"This never appears\")...
14:02:51.929795 POST /session/cde1dcca-655d-4353-967b-b0455eb66691/element [16.751167ms] ERR:404 body={"strategy":"-android uiautomator","selector":"new UiSelector().descriptionContains(\"This never app...
14:02:51.939193 POST /session/cde1dcca-655d-4353-967b-b0455eb66691/element [9.296125ms] ERR:404 body={"strategy":"-android uiautomator","selector":"new UiSelector().textMatches(\"(?is).*\\QThis never a...
14:02:51.955541 POST /session/cde1dcca-655d-4353-967b-b0455eb66691/element [16.253291ms] ERR:404 body={"strategy":"-android uiautomator","selector":"new UiSelector().descriptionMatches(\"(?is).*\\QThis ...
14:02:51.998074 POST /session/cde1dcca-655d-4353-967b-b0455eb66691/element [42.432167ms] ERR:404 body={"strategy":"-android uiautomator","selector":"new UiSelector().textContains(\"This never appears\")...
14:02:52.037799 POST /session/cde1dcca-655d-4353-967b-b0455eb66691/element [39.617875ms] ERR:404 body={"strategy":"-android uiautomator","selector":"new UiSelector().descriptionContains(\"This never app...
14:02:52.056056 POST /session/cde1dcca-655d-4353-967b-b0455eb66691/element [18.174459ms] ERR:404 body={"strategy":"-android uiautomator","selector":"new UiSelector().textMatches(\"(?is).*\\QThis never a...
14:02:52.069269 POST /session/cde1dcca-655d-4353-967b-b0455eb66691/element [13.155ms] ERR:404 body={"strategy":"-android uiautomator","selector":"new UiSelector().descriptionMatches(\"(?is).*\\QThis ...
14:02:52.084085 POST /session/cde1dcca-655d-4353-967b-b0455eb66691/element [14.762834ms] ERR:404 body={"strategy":"-android uiautomator","selector":"new UiSelector().textContains(\"This never appears\")...
14:02:52.094585 POST /session/cde1dcca-655d-4353-967b-b0455eb66691/element [10.448042ms] ERR:404 body={"strategy":"-android uiautomator","selector":"new UiSelector().descriptionContains(\"This never app...
14:02:52.110595 POST /session/cde1dcca-655d-4353-967b-b0455eb66691/element [15.954417ms] ERR:404 body={"strategy":"-android uiautomator","selector":"new UiSelector().textMatches(\"(?is).*\\QThis never a...
14:02:52.121054 POST /session/cde1dcca-655d-4353-967b-b0455eb66691/element [10.398792ms] ERR:404 body={"strategy":"-android uiautomator","selector":"new UiSelector().descriptionMatches(\"(?is).*\\QThis ...
14:02:52.130941 POST /session/cde1dcca-655d-4353-967b-b0455eb66691/element [9.829083ms] ERR:404 body={"strategy":"-android uiautomator","selector":"new UiSelector().textContains(\"This never appears\")...
14:02:52.142074 POST /session/cde1dcca-655d-4353-967b-b0455eb66691/element [11.08625ms] ERR:404 body={"strategy":"-android uiautomator","selector":"new UiSelector().descriptionContains(\"This never app...
14:02:52.151541 POST /session/cde1dcca-655d-4353-967b-b0455eb66691/element [9.402625ms] ERR:404 body={"strategy":"-android uiautomator","selector":"new UiSelector().textMatches(\"(?is).*\\QThis never a...
14:02:52.160896 POST /session/cde1dcca-655d-4353-967b-b0455eb66691/element [9.29125ms] ERR:404 body={"strategy":"-android uiautomator","selector":"new UiSelector().descriptionMatches(\"(?is).*\\QThis ...
14:02:52.175337 POST /session/cde1dcca-655d-4353-967b-b0455eb66691/element [14.373958ms] ERR:404 body={"strategy":"-android uiautomator","selector":"new UiSelector().textContains(\"This never appears\")...
14:02:52.183263 POST /session/cde1dcca-655d-4353-967b-b0455eb66691/element [7.877334ms] ERR:404 body={"strategy":"-android uiautomator","selector":"new UiSelector().descriptionContains(\"This never app...
14:02:52.198287 POST /session/cde1dcca-655d-4353-967b-b0455eb66691/element [14.961584ms] ERR:404 body={"strategy":"-android uiautomator","selector":"new UiSelector().textMatches(\"(?is).*\\QThis never a...
14:02:52.213841 POST /session/cde1dcca-655d-4353-967b-b0455eb66691/element [15.491625ms] ERR:404 body={"strategy":"-android uiautomator","selector":"new UiSelector().descriptionMatches(\"(?is).*\\QThis ...
14:02:52.229525 POST /session/cde1dcca-655d-4353-967b-b0455eb66691/element [15.616708ms] ERR:404 body={"strategy":"-android uiautomator","selector":"new UiSelector().textContains(\"This never appears\")...
14:02:52.241973 POST /session/cde1dcca-655d-4353-967b-b0455eb66691/element [12.397167ms] ERR:404 body={"strategy":"-android uiautomator","selector":"new UiSelector().descriptionContains(\"This never app...
14:02:52.253141 POST /session/cde1dcca-655d-4353-967b-b0455eb66691/element [11.111959ms] ERR:404 body={"strategy":"-android uiautomator","selector":"new UiSelector().textMatches(\"(?is).*\\QThis never a...
14:02:52.261931 POST /session/cde1dcca-655d-4353-967b-b0455eb66691/element [8.726792ms] ERR:404 body={"strategy":"-android uiautomator","selector":"new UiSelector().descriptionMatches(\"(?is).*\\QThis ...
14:02:52.271062 POST /session/cde1dcca-655d-4353-967b-b0455eb66691/element [9.087417ms] ERR:404 body={"strategy":"-android uiautomator","selector":"new UiSelector().textContains(\"This never appears\")...
14:02:52.279525 POST /session/cde1dcca-655d-4353-967b-b0455eb66691/element [8.413ms] ERR:404 body={"strategy":"-android uiautomator","selector":"new UiSelector().descriptionContains(\"This never app...
14:02:52.295347 POST /session/cde1dcca-655d-4353-967b-b0455eb66691/element [15.748416ms] ERR:404 body={"strategy":"-android uiautomator","selector":"new UiSelector().textMatches(\"(?is).*\\QThis never a...
14:02:52.307995 POST /session/cde1dcca-655d-4353-967b-b0455eb66691/element [12.58375ms] ERR:404 body={"strategy":"-android uiautomator","selector":"new UiSelector().descriptionMatches(\"(?is).*\\QThis ...
14:02:52.317148 POST /session/cde1dcca-655d-4353-967b-b0455eb66691/element [9.086375ms] ERR:404 body={"strategy":"-android uiautomator","selector":"new UiSelector().textContains(\"This never appears\")...
14:02:52.333419 POST /session/cde1dcca-655d-4353-967b-b0455eb66691/element [16.206084ms] ERR:404 body={"strategy":"-android uiautomator","selector":"new UiSelector().descriptionContains(\"This never app...
14:02:52.340996 POST /session/cde1dcca-655d-4353-967b-b0455eb66691/element [7.510375ms] ERR:404 body={"strategy":"-android uiautomator","selector":"new UiSelector().textMatches(\"(?is).*\\QThis never a...
14:02:52.350983 POST /session/cde1dcca-655d-4353-967b-b0455eb66691/element [9.940208ms] ERR:404 body={"strategy":"-android uiautomator","selector":"new UiSelector().descriptionMatches(\"(?is).*\\QThis ...
14:02:52.361839 POST /session/cde1dcca-655d-4353-967b-b0455eb66691/element [10.79ms] ERR:404 body={"strategy":"-android uiautomator","selector":"new UiSelector().textContains(\"This never appears\")...
14:02:52.369085 POST /session/cde1dcca-655d-4353-967b-b0455eb66691/element [7.193958ms] ERR:404 body={"strategy":"-android uiautomator","selector":"new UiSelector().descriptionContains(\"This never app...
14:02:52.380360 POST /session/cde1dcca-655d-4353-967b-b0455eb66691/element [11.205375ms] ERR:404 body={"strategy":"-android uiautomator","selector":"new UiSelector().textMatches(\"(?is).*\\QThis never a...
14:02:52.390518 POST /session/cde1dcca-655d-4353-967b-b0455eb66691/element [10.099334ms] ERR:404 body={"strategy":"-android uiautomator","selector":"new UiSelector().descriptionMatches(\"(?is).*\\QThis ...
14:02:52.398486 POST /session/cde1dcca-655d-4353-967b-b0455eb66691/element [7.907416ms] ERR:404 body={"strategy":"-android uiautomator","selector":"new UiSelector().textContains(\"This never appears\")...
14:02:52.408836 POST /session/cde1dcca-655d-4353-967b-b0455eb66691/element [10.301083ms] ERR:404 body={"strategy":"-android uiautomator","selector":"new UiSelector().descriptionContains(\"This never app...
14:02:52.423923 POST /session/cde1dcca-655d-4353-967b-b0455eb66691/element [15.028417ms] ERR:404 body={"strategy":"-android uiautomator","selector":"new UiSelector().textMatches(\"(?is).*\\QThis never a...
14:02:52.433249 POST /session/cde1dcca-655d-4353-967b-b0455eb66691/element [9.269416ms] ERR:404 body={"strategy":"-android uiautomator","selector":"new UiSelector().descriptionMatches(\"(?is).*\\QThis ...
14:02:52.448746 POST /session/cde1dcca-655d-4353-967b-b0455eb66691/element [15.434916ms] ERR:404 body={"strategy":"-android uiautomator","selector":"new UiSelector().textContains(\"This never appears\")...
14:02:52.460261 POST /session/cde1dcca-655d-4353-967b-b0455eb66691/element [11.456542ms] ERR:404 body={"strategy":"-android uiautomator","selector":"new UiSelector().descriptionContains(\"This never app...
14:02:52.469590 POST /session/cde1dcca-655d-4353-967b-b0455eb66691/element [9.26725ms] ERR:404 body={"strategy":"-android uiautomator","selector":"new UiSelector().textMatches(\"(?is).*\\QThis never a...
14:02:52.484654 POST /session/cde1dcca-655d-4353-967b-b0455eb66691/element [14.987875ms] ERR:404 body={"strategy":"-android uiautomator","selector":"new UiSelector().descriptionMatches(\"(?is).*\\QThis ...
14:02:52.495936 POST /session/cde1dcca-655d-4353-967b-b0455eb66691/element [11.213ms] ERR:404 body={"strategy":"-android uiautomator","selector":"new UiSelector().textContains(\"This never appears\")...
14:02:52.508903 POST /session/cde1dcca-655d-4353-967b-b0455eb66691/element [12.869709ms] ERR:404 body={"strategy":"-android uiautomator","selector":"new UiSelector().descriptionContains(\"This never app...
14:02:52.519255 POST /session/cde1dcca-655d-4353-967b-b0455eb66691/element [10.2925ms] ERR:404 body={"strategy":"-android uiautomator","selector":"new UiSelector().textMatches(\"(?is).*\\QThis never a...
14:02:52.531330 POST /session/cde1dcca-655d-4353-967b-b0455eb66691/element [12.008542ms] ERR:404 body={"strategy":"-android uiautomator","selector":"new UiSelector().descriptionMatches(\"(?is).*\\QThis ...
14:02:52.539796 POST /session/cde1dcca-655d-4353-967b-b0455eb66691/element [8.399333ms] ERR:404 body={"strategy":"-android uiautomator","selector":"new UiSelector().textContains(\"This never appears\")...
14:02:52.550396 POST /session/cde1dcca-655d-4353-967b-b0455eb66691/element [10.545625ms] ERR:404 body={"strategy":"-android uiautomator","selector":"new UiSelector().descriptionContains(\"This never app...
14:02:52.562117 POST /session/cde1dcca-655d-4353-967b-b0455eb66691/element [11.653833ms] ERR:404 body={"strategy":"-android uiautomator","selector":"new UiSelector().textMatches(\"(?is).*\\QThis never a...
14:02:52.571779 POST /session/cde1dcca-655d-4353-967b-b0455eb66691/element [9.599708ms] ERR:404 body={"strategy":"-android uiautomator","selector":"new UiSelector().descriptionMatches(\"(?is).*\\QThis ...
14:02:52.579800 POST /session/cde1dcca-655d-4353-967b-b0455eb66691/element [7.963166ms] ERR:404 body={"strategy":"-android uiautomator","selector":"new UiSelector().textContains(\"This never appears\")...
14:02:52.591495 POST /session/cde1dcca-655d-4353-967b-b0455eb66691/element [11.640125ms] ERR:404 body={"strategy":"-android uiautomator","selector":"new UiSelector().descriptionContains(\"This never app...
14:02:52.604381 POST /session/cde1dcca-655d-4353-967b-b0455eb66691/element [12.826958ms] ERR:404 body={"strategy":"-android uiautomator","selector":"new UiSelector().textMatches(\"(?is).*\\QThis never a...
14:02:52.614039 POST /session/cde1dcca-655d-4353-967b-b0455eb66691/element [9.588208ms] ERR:404 body={"strategy":"-android uiautomator","selector":"new UiSelector().descriptionMatches(\"(?is).*\\QThis ...
14:02:52.622496 POST /session/cde1dcca-655d-4353-967b-b0455eb66691/element [8.400625ms] ERR:404 body={"strategy":"-android uiautomator","selector":"new UiSelector().textContains(\"This never appears\")...
14:02:52.634113 POST /session/cde1dcca-655d-4353-967b-b0455eb66691/element [11.54825ms] ERR:404 body={"strategy":"-android uiautomator","selector":"new UiSelector().descriptionContains(\"This never app...
14:02:52.643806 POST /session/cde1dcca-655d-4353-967b-b0455eb66691/element [9.633625ms] ERR:404 body={"strategy":"-android uiautomator","selector":"new UiSelector().textMatches(\"(?is).*\\QThis never a...
14:02:52.655630 POST /session/cde1dcca-655d-4353-967b-b0455eb66691/element [11.766083ms] ERR:404 body={"strategy":"-android uiautomator","selector":"new UiSelector().descriptionMatches(\"(?is).*\\QThis ...
14:02:52.671452 POST /session/cde1dcca-655d-4353-967b-b0455eb66691/element [15.755083ms] ERR:404 body={"strategy":"-android uiautomator","selector":"new UiSelector().textContains(\"This never appears\")...
14:02:52.680735 POST /session/cde1dcca-655d-4353-967b-b0455eb66691/element [9.215792ms] ERR:404 body={"strategy":"-android uiautomator","selector":"new UiSelector().descriptionContains(\"This never app...
14:02:52.689723 POST /session/cde1dcca-655d-4353-967b-b0455eb66691/element [8.915667ms] ERR:404 body={"strategy":"-android uiautomator","selector":"new UiSelector().textMatches(\"(?is).*\\QThis never a...
14:02:52.705683 POST /session/cde1dcca-655d-4353-967b-b0455eb66691/element [15.90575ms] ERR:404 body={"strategy":"-android uiautomator","selector":"new UiSelector().descriptionMatches(\"(?is).*\\QThis ...
14:02:52.715189 POST /session/cde1dcca-655d-4353-967b-b0455eb66691/element [9.428709ms] ERR:404 body={"strategy":"-android uiautomator","selector":"new UiSelector().textContains(\"This never appears\")...
14:02:52.726943 POST /session/cde1dcca-655d-4353-967b-b0455eb66691/element [11.689083ms] ERR:404 body={"strategy":"-android uiautomator","selector":"new UiSelector().descriptionContains(\"This never app...
14:02:52.738611 POST /session/cde1dcca-655d-4353-967b-b0455eb66691/element [11.600458ms] ERR:404 body={"strategy":"-android uiautomator","selector":"new UiSelector().textMatches(\"(?is).*\\QThis never a...
14:02:52.754331 POST /session/cde1dcca-655d-4353-967b-b0455eb66691/element [15.651792ms] ERR:404 body={"strategy":"-android uiautomator","selector":"new UiSelector().descriptionMatches(\"(?is).*\\QThis ...
14:02:52.769408 POST /session/cde1dcca-655d-4353-967b-b0455eb66691/element [15.003167ms] ERR:404 body={"strategy":"-android uiautomator","selector":"new UiSelector().textContains(\"This never appears\")...
14:02:52.781656 POST /session/cde1dcca-655d-4353-967b-b0455eb66691/element [12.178125ms] ERR:404 body={"strategy":"-android uiautomator","selector":"new UiSelector().descriptionContains(\"This never app...
14:02:52.798452 POST /session/cde1dcca-655d-4353-967b-b0455eb66691/element [16.694ms] ERR:404 body={"strategy":"-android uiautomator","selector":"new UiSelector().textMatches(\"(?is).*\\QThis never a...
14:02:52.809570 POST /session/cde1dcca-655d-4353-967b-b0455eb66691/element [11.043834ms] ERR:404 body={"strategy":"-android uiautomator","selector":"new UiSelector().descriptionMatches(\"(?is).*\\QThis ...
14:02:52.821980 POST /session/cde1dcca-655d-4353-967b-b0455eb66691/element [12.343917ms] ERR:404 body={"strategy":"-android uiautomator","selector":"new UiSelector().textContains(\"This never appears\")...
14:02:52.832001 POST /session/cde1dcca-655d-4353-967b-b0455eb66691/element [9.950791ms] ERR:404 body={"strategy":"-android uiautomator","selector":"new UiSelector().descriptionContains(\"This never app...
14:02:52.846339 POST /session/cde1dcca-655d-4353-967b-b0455eb66691/element [14.264292ms] ERR:404 body={"strategy":"-android uiautomator","selector":"new UiSelector().textMatches(\"(?is).*\\QThis never a...
14:02:52.859610 POST /session/cde1dcca-655d-4353-967b-b0455eb66691/element [13.205208ms] ERR:404 body={"strategy":"-android uiautomator","selector":"new UiSelector().descriptionMatches(\"(?is).*\\QThis ...
14:02:52.873004 POST /session/cde1dcca-655d-4353-967b-b0455eb66691/element [13.324792ms] ERR:404 body={"strategy":"-android uiautomator","selector":"new UiSelector().textContains(\"This never appears\")...
14:02:52.884646 POST /session/cde1dcca-655d-4353-967b-b0455eb66691/element [11.574084ms] ERR:404 body={"strategy":"-android uiautomator","selector":"new UiSelector().descriptionContains(\"This never app...
14:02:52.897967 POST /session/cde1dcca-655d-4353-967b-b0455eb66691/element [13.2455ms] ERR:404 body={"strategy":"-android uiautomator","selector":"new UiSelector().textMatches(\"(?is).*\\QThis never a...
14:02:52.908718 POST /session/cde1dcca-655d-4353-967b-b0455eb66691/element [10.687666ms] ERR:404 body={"strategy":"-android uiautomator","selector":"new UiSelector().descriptionMatches(\"(?is).*\\QThis ...
14:02:52.917112 POST /session/cde1dcca-655d-4353-967b-b0455eb66691/element [8.339208ms] ERR:404 body={"strategy":"-android uiautomator","selector":"new UiSelector().textContains(\"This never appears\")...
14:02:52.923851 POST /session/cde1dcca-655d-4353-967b-b0455eb66691/element [6.6725ms] ERR:404 body={"strategy":"-android uiautomator","selector":"new UiSelector().descriptionContains(\"This never app...
14:02:52.931795 POST /session/cde1dcca-655d-4353-967b-b0455eb66691/element [7.897416ms] ERR:404 body={"strategy":"-android uiautomator","selector":"new UiSelector().textMatches(\"(?is).*\\QThis never a...
14:02:52.939635 POST /session/cde1dcca-655d-4353-967b-b0455eb66691/element [7.785375ms] ERR:404 body={"strategy":"-android uiautomator","selector":"new UiSelector().descriptionMatches(\"(?is).*\\QThis ...
14:02:52.951336 POST /session/cde1dcca-655d-4353-967b-b0455eb66691/element [11.636375ms] ERR:404 body={"strategy":"-android uiautomator","selector":"new UiSelector().textContains(\"This never appears\")...
14:02:52.961679 POST /session/cde1dcca-655d-4353-967b-b0455eb66691/element [10.276792ms] ERR:404 body={"strategy":"-android uiautomator","selector":"new UiSelector().descriptionContains(\"This never app...
14:02:52.974043 POST /session/cde1dcca-655d-4353-967b-b0455eb66691/element [12.315792ms] ERR:404 body={"strategy":"-android uiautomator","selector":"new UiSelector().textMatches(\"(?is).*\\QThis never a...
14:02:52.978776 POST /session/cde1dcca-655d-4353-967b-b0455eb66691/element [4.675ms] ERR:404 body={"strategy":"-android uiautomator","selector":"new UiSelector().descriptionMatches(\"(?is).*\\QThis ...
14:02:52.986883 POST /session/cde1dcca-655d-4353-967b-b0455eb66691/element [8.040167ms] ERR:404 body={"strategy":"-android uiautomator","selector":"new UiSelector().textContains(\"This never appears\")...
14:02:52.999024 POST /session/cde1dcca-655d-4353-967b-b0455eb66691/element [12.079584ms] ERR:404 body={"strategy":"-android uiautomator","selector":"new UiSelector().descriptionContains(\"This never app...
14:02:53.006652 POST /session/cde1dcca-655d-4353-967b-b0455eb66691/element [7.580375ms] ERR:404 body={"strategy":"-android uiautomator","selector":"new UiSelector().textMatches(\"(?is).*\\QThis never a...
14:02:53.019267 POST /session/cde1dcca-655d-4353-967b-b0455eb66691/element [12.558917ms] ERR:404 body={"strategy":"-android uiautomator","selector":"new UiSelector().descriptionMatches(\"(?is).*\\QThis ...
14:02:53.031631 POST /session/cde1dcca-655d-4353-967b-b0455eb66691/element [12.289958ms] ERR:404 body={"strategy":"-android uiautomator","selector":"new UiSelector().textContains(\"This never appears\")...
14:02:53.044885 POST /session/cde1dcca-655d-4353-967b-b0455eb66691/element [13.046875ms] ERR:404 body={"strategy":"-android uiautomator","selector":"new UiSelector().descriptionContains(\"This never app...
14:02:53.055007 POST /session/cde1dcca-655d-4353-967b-b0455eb66691/element [10.033708ms] ERR:404 body={"strategy":"-android uiautomator","selector":"new UiSelector().textMatches(\"(?is).*\\QThis never a...
14:02:53.067837 POST /session/cde1dcca-655d-4353-967b-b0455eb66691/element [12.767166ms] ERR:404 body={"strategy":"-android uiautomator","selector":"new UiSelector().descriptionMatches(\"(?is).*\\QThis ...
14:02:53.075568 POST /session/cde1dcca-655d-4353-967b-b0455eb66691/element [7.66375ms] ERR:404 body={"strategy":"-android uiautomator","selector":"new UiSelector().textContains(\"This never appears\")...
14:02:53.086174 POST /session/cde1dcca-655d-4353-967b-b0455eb66691/element [10.54675ms] ERR:404 body={"strategy":"-android uiautomator","selector":"new UiSelector().descriptionContains(\"This never app...
14:02:53.096206 POST /session/cde1dcca-655d-4353-967b-b0455eb66691/element [9.942958ms] ERR:404 body={"strategy":"-android uiautomator","selector":"new UiSelector().textMatches(\"(?is).*\\QThis never a...
14:02:53.108629 POST /session/cde1dcca-655d-4353-967b-b0455eb66691/element [12.374083ms] ERR:404 body={"strategy":"-android uiautomator","selector":"new UiSelector().descriptionMatches(\"(?is).*\\QThis ...
14:02:53.117791 POST /session/cde1dcca-655d-4353-967b-b0455eb66691/element [9.103375ms] ERR:404 body={"strategy":"-android uiautomator","selector":"new UiSelector().textContains(\"This never appears\")...
14:02:53.128234 POST /session/cde1dcca-655d-4353-967b-b0455eb66691/element [10.385208ms] ERR:404 body={"strategy":"-android uiautomator","selector":"new UiSelector().descriptionContains(\"This never app...
14:02:53.138908 POST /session/cde1dcca-655d-4353-967b-b0455eb66691/element [10.620792ms] ERR:404 body={"strategy":"-android uiautomator","selector":"new UiSelector().textMatches(\"(?is).*\\QThis never a...
14:02:53.152106 POST /session/cde1dcca-655d-4353-967b-b0455eb66691/element [13.128625ms] ERR:404 body={"strategy":"-android uiautomator","selector":"new UiSelector().descriptionMatches(\"(?is).*\\QThis ...
14:02:53.167981 POST /session/cde1dcca-655d-4353-967b-b0455eb66691/element [15.799458ms] ERR:404 body={"strategy":"-android uiautomator","selector":"new UiSelector().textContains(\"This never appears\")...
14:02:53.181345 POST /session/cde1dcca-655d-4353-967b-b0455eb66691/element [13.299375ms] ERR:404 body={"strategy":"-android uiautomator","selector":"new UiSelector().descriptionContains(\"This never app...
14:02:53.191533 POST /session/cde1dcca-655d-4353-967b-b0455eb66691/element [9.974583ms] ERR:404 body={"strategy":"-android uiautomator","selector":"new UiSelector().textMatches(\"(?is).*\\QThis never a...
14:02:53.199262 POST /session/cde1dcca-655d-4353-967b-b0455eb66691/element [7.684667ms] ERR:404 body={"strategy":"-android uiautomator","selector":"new UiSelector().descriptionMatches(\"(?is).*\\QThis ...
14:02:53.206268 POST /session/cde1dcca-655d-4353-967b-b0455eb66691/element [6.959625ms] ERR:404 body={"strategy":"-android uiautomator","selector":"new UiSelector().textContains(\"This never appears\")...
14:02:53.216952 POST /session/cde1dcca-655d-4353-967b-b0455eb66691/element [10.635458ms] ERR:404 body={"strategy":"-android uiautomator","selector":"new UiSelector().descriptionContains(\"This never app...
14:02:53.228165 POST /session/cde1dcca-655d-4353-967b-b0455eb66691/element [11.153542ms] ERR:404 body={"strategy":"-android uiautomator","selector":"new UiSelector().textMatches(\"(?is).*\\QThis never a...
14:02:53.239317 POST /session/cde1dcca-655d-4353-967b-b0455eb66691/element [11.090583ms] ERR:404 body={"strategy":"-android uiautomator","selector":"new UiSelector().descriptionMatches(\"(?is).*\\QThis ...
14:02:53.249295 POST /session/cde1dcca-655d-4353-967b-b0455eb66691/element [9.922ms] ERR:404 body={"strategy":"-android uiautomator","selector":"new UiSelector().textContains(\"This never appears\")...
14:02:53.259721 POST /session/cde1dcca-655d-4353-967b-b0455eb66691/element [10.376208ms] ERR:404 body={"strategy":"-android uiautomator","selector":"new UiSelector().descriptionContains(\"This never app...
14:02:53.267778 POST /session/cde1dcca-655d-4353-967b-b0455eb66691/element [8.013833ms] ERR:404 body={"strategy":"-android uiautomator","selector":"new UiSelector().textMatches(\"(?is).*\\QThis never a...
14:02:53.274325 POST /session/cde1dcca-655d-4353-967b-b0455eb66691/element [6.488833ms] ERR:404 body={"strategy":"-android uiautomator","selector":"new UiSelector().descriptionMatches(\"(?is).*\\QThis ...
14:02:53.282601 POST /session/cde1dcca-655d-4353-967b-b0455eb66691/element [8.223542ms] ERR:404 body={"strategy":"-android uiautomator","selector":"new UiSelector().textContains(\"This never appears\")...
14:02:53.293198 POST /session/cde1dcca-655d-4353-967b-b0455eb66691/element [10.53575ms] ERR:404 body={"strategy":"-android uiautomator","selector":"new UiSelector().descriptionContains(\"This never app...
14:02:53.302957 POST /session/cde1dcca-655d-4353-967b-b0455eb66691/element [9.706958ms] ERR:404 body={"strategy":"-android uiautomator","selector":"new UiSelector().textMatches(\"(?is).*\\QThis never a...
14:02:53.310689 POST /session/cde1dcca-655d-4353-967b-b0455eb66691/element [7.67925ms] ERR:404 body={"strategy":"-android uiautomator","selector":"new UiSelector().descriptionMatches(\"(?is).*\\QThis ...
14:02:53.322224 POST /session/cde1dcca-655d-4353-967b-b0455eb66691/element [11.473958ms] ERR:404 body={"strategy":"-android uiautomator","selector":"new UiSelector().textContains(\"This never appears\")...
14:02:53.327576 POST /session/cde1dcca-655d-4353-967b-b0455eb66691/element [5.301625ms] ERR:404 body={"strategy":"-android uiautomator","selector":"new UiSelector().descriptionContains(\"This never app...
14:02:53.336343 POST /session/cde1dcca-655d-4353-967b-b0455eb66691/element [8.7105ms] ERR:404 body={"strategy":"-android uiautomator","selector":"new UiSelector().textMatches(\"(?is).*\\QThis never a...
14:02:53.347862 POST /session/cde1dcca-655d-4353-967b-b0455eb66691/element [11.464292ms] ERR:404 body={"strategy":"-android uiautomator","selector":"new UiSelector().descriptionMatches(\"(?is).*\\QThis ...
14:02:53.361696 POST /session/cde1dcca-655d-4353-967b-b0455eb66691/element [13.779041ms] ERR:404 body={"strategy":"-android uiautomator","selector":"new UiSelector().textContains(\"This never appears\")...
14:02:53.373475 POST /session/cde1dcca-655d-4353-967b-b0455eb66691/element [11.725375ms] ERR:404 body={"strategy":"-android uiautomator","selector":"new UiSelector().descriptionContains(\"This never app...
14:02:53.384116 POST /session/cde1dcca-655d-4353-967b-b0455eb66691/element [10.589833ms] ERR:404 body={"strategy":"-android uiautomator","selector":"new UiSelector().textMatches(\"(?is).*\\QThis never a...
14:02:53.395389 POST /session/cde1dcca-655d-4353-967b-b0455eb66691/element [11.214416ms] ERR:404 body={"strategy":"-android uiautomator","selector":"new UiSelector().descriptionMatches(\"(?is).*\\QThis ...
14:02:53.404362 POST /session/cde1dcca-655d-4353-967b-b0455eb66691/element [8.918417ms] ERR:404 body={"strategy":"-android uiautomator","selector":"new UiSelector().textContains(\"This never appears\")...
14:02:53.415728 POST /session/cde1dcca-655d-4353-967b-b0455eb66691/element [11.314417ms] ERR:404 body={"strategy":"-android uiautomator","selector":"new UiSelector().descriptionContains(\"This never app...
14:02:53.428129 POST /session/cde1dcca-655d-4353-967b-b0455eb66691/element [12.3425ms] ERR:404 body={"strategy":"-android uiautomator","selector":"new UiSelector().textMatches(\"(?is).*\\QThis never a...
14:02:53.444322 POST /session/cde1dcca-655d-4353-967b-b0455eb66691/element [16.133833ms] ERR:404 body={"strategy":"-android uiautomator","selector":"new UiSelector().descriptionMatches(\"(?is).*\\QThis ...
14:02:53.455726 POST /session/cde1dcca-655d-4353-967b-b0455eb66691/element [11.339708ms] ERR:404 body={"strategy":"-android uiautomator","selector":"new UiSelector().textContains(\"This never appears\")...
14:02:53.471549 POST /session/cde1dcca-655d-4353-967b-b0455eb66691/element [15.759292ms] ERR:404 body={"strategy":"-android uiautomator","selector":"new UiSelector().descriptionContains(\"This never app...
14:02:53.485694 POST /session/cde1dcca-655d-4353-967b-b0455eb66691/element [14.083292ms] ERR:404 body={"strategy":"-android uiautomator","selector":"new UiSelector().textMatches(\"(?is).*\\QThis never a...
14:02:53.494832 POST /session/cde1dcca-655d-4353-967b-b0455eb66691/element [9.074208ms] ERR:404 body={"strategy":"-android uiautomator","selector":"new UiSelector().descriptionMatches(\"(?is).*\\QThis ...
14:02:53.503624 POST /session/cde1dcca-655d-4353-967b-b0455eb66691/element [8.74025ms] ERR:404 body={"strategy":"-android uiautomator","selector":"new UiSelector().textContains(\"This never appears\")...
14:02:53.513578 POST /session/cde1dcca-655d-4353-967b-b0455eb66691/element [9.896375ms] ERR:404 body={"strategy":"-android uiautomator","selector":"new UiSelector().descriptionContains(\"This never app...
14:02:53.525547 POST /session/cde1dcca-655d-4353-967b-b0455eb66691/element [11.915625ms] ERR:404 body={"strategy":"-android uiautomator","selector":"new UiSelector().textMatches(\"(?is).*\\QThis never a...
14:02:53.537878 POST /session/cde1dcca-655d-4353-967b-b0455eb66691/element [12.270417ms] ERR:404 body={"strategy":"-android uiautomator","selector":"new UiSelector().descriptionMatches(\"(?is).*\\QThis ...
14:02:53.553574 POST /session/cde1dcca-655d-4353-967b-b0455eb66691/element [15.633541ms] ERR:404 body={"strategy":"-android uiautomator","selector":"new UiSelector().textContains(\"This never appears\")...
14:02:53.566879 POST /session/cde1dcca-655d-4353-967b-b0455eb66691/element [13.241ms] ERR:404 body={"strategy":"-android uiautomator","selector":"new UiSelector().descriptionContains(\"This never app...
14:02:53.578024 POST /session/cde1dcca-655d-4353-967b-b0455eb66691/element [11.08175ms] ERR:404 body={"strategy":"-android uiautomator","selector":"new UiSelector().textMatches(\"(?is).*\\QThis never a...
14:02:53.585738 POST /session/cde1dcca-655d-4353-967b-b0455eb66691/element [7.657458ms] ERR:404 body={"strategy":"-android uiautomator","selector":"new UiSelector().descriptionMatches(\"(?is).*\\QThis ...
14:02:53.596232 POST /session/cde1dcca-655d-4353-967b-b0455eb66691/element [10.447ms] ERR:404 body={"strategy":"-android uiautomator","selector":"new UiSelector().textContains(\"This never appears\")...
14:02:53.602866 POST /session/cde1dcca-655d-4353-967b-b0455eb66691/element [6.588292ms] ERR:404 body={"strategy":"-android uiautomator","selector":"new UiSelector().descriptionContains(\"This never app...
14:02:53.613962 POST /session/cde1dcca-655d-4353-967b-b0455eb66691/element [11.043042ms] ERR:404 body={"strategy":"-android uiautomator","selector":"new UiSelector().textMatches(\"(?is).*\\QThis never a...
14:02:53.622693 POST /session/cde1dcca-655d-4353-967b-b0455eb66691/element [8.677583ms] ERR:404 body={"strategy":"-android uiautomator","selector":"new UiSelector().descriptionMatches(\"(?is).*\\QThis ...
14:02:53.632773 POST /session/cde1dcca-655d-4353-967b-b0455eb66691/element [10.029208ms] ERR:404 body={"strategy":"-android uiautomator","selector":"new UiSelector().textContains(\"This never appears\")...
14:02:53.644072 POST /session/cde1dcca-655d-4353-967b-b0455eb66691/element [11.25325ms] ERR:404 body={"strategy":"-android uiautomator","selector":"new UiSelector().descriptionContains(\"This never app...
14:02:53.654819 POST /session/cde1dcca-655d-4353-967b-b0455eb66691/element [10.6965ms] ERR:404 body={"strategy":"-android uiautomator","selector":"new UiSelector().textMatches(\"(?is).*\\QThis never a...
14:02:53.670023 POST /session/cde1dcca-655d-4353-967b-b0455eb66691/element [15.132958ms] ERR:404 body={"strategy":"-android uiautomator","selector":"new UiSelector().descriptionMatches(\"(?is).*\\QThis ...
14:02:53.686749 POST /session/cde1dcca-655d-4353-967b-b0455eb66691/element [16.669792ms] ERR:404 body={"strategy":"-android uiautomator","selector":"new UiSelector().textContains(\"This never appears\")...
14:02:53.697448 POST /session/cde1dcca-655d-4353-967b-b0455eb66691/element [10.63325ms] ERR:404 body={"strategy":"-android uiautomator","selector":"new UiSelector().descriptionContains(\"This never app...
14:02:53.708968 POST /session/cde1dcca-655d-4353-967b-b0455eb66691/element [11.461167ms] ERR:404 body={"strategy":"-android uiautomator","selector":"new UiSelector().textMatches(\"(?is).*\\QThis never a...
14:02:53.720405 POST /session/cde1dcca-655d-4353-967b-b0455eb66691/element [11.372083ms] ERR:404 body={"strategy":"-android uiautomator","selector":"new UiSelector().descriptionMatches(\"(?is).*\\QThis ...
14:02:53.731030 POST /session/cde1dcca-655d-4353-967b-b0455eb66691/element [10.562209ms] ERR:404 body={"strategy":"-android uiautomator","selector":"new UiSelector().textContains(\"This never appears\")...
14:02:53.742442 POST /session/cde1dcca-655d-4353-967b-b0455eb66691/element [11.349584ms] ERR:404 body={"strategy":"-android uiautomator","selector":"new UiSelector().descriptionContains(\"This never app...
14:02:53.753211 POST /session/cde1dcca-655d-4353-967b-b0455eb66691/element [10.72625ms] ERR:404 body={"strategy":"-android uiautomator","selector":"new UiSelector().textMatches(\"(?is).*\\QThis never a...
14:02:53.764619 POST /session/cde1dcca-655d-4353-967b-b0455eb66691/element [11.354083ms] ERR:404 body={"strategy":"-android uiautomator","selector":"new UiSelector().descriptionMatches(\"(?is).*\\QThis ...
14:02:53.775491 POST /session/cde1dcca-655d-4353-967b-b0455eb66691/element [10.810041ms] ERR:404 body={"strategy":"-android uiautomator","selector":"new UiSelector().textContains(\"This never appears\")...
14:02:53.787736 POST /session/cde1dcca-655d-4353-967b-b0455eb66691/element [12.177625ms] ERR:404 body={"strategy":"-android uiautomator","selector":"new UiSelector().descriptionContains(\"This never app...
14:02:53.797716 POST /session/cde1dcca-655d-4353-967b-b0455eb66691/element [9.92075ms] ERR:404 body={"strategy":"-android uiautomator","selector":"new UiSelector().textMatches(\"(?is).*\\QThis never a...
14:02:53.810085 POST /session/cde1dcca-655d-4353-967b-b0455eb66691/element [12.325667ms] ERR:404 body={"strategy":"-android uiautomator","selector":"new UiSelector().descriptionMatches(\"(?is).*\\QThis ...
14:02:53.819373 POST /session/cde1dcca-655d-4353-967b-b0455eb66691/element [9.2255ms] ERR:404 body={"strategy":"-android uiautomator","selector":"new UiSelector().textContains(\"This never appears\")...
14:02:53.829199 POST /session/cde1dcca-655d-4353-967b-b0455eb66691/element [9.762334ms] ERR:404 body={"strategy":"-android uiautomator","selector":"new UiSelector().descriptionContains(\"This never app...
14:02:53.837689 POST /session/cde1dcca-655d-4353-967b-b0455eb66691/element [8.431541ms] ERR:404 body={"strategy":"-android uiautomator","selector":"new UiSelector().textMatches(\"(?is).*\\QThis never a...
14:02:53.849391 POST /session/cde1dcca-655d-4353-967b-b0455eb66691/element [11.635ms] ERR:404 body={"strategy":"-android uiautomator","selector":"new UiSelector().descriptionMatches(\"(?is).*\\QThis ...
14:02:53.860166 POST /session/cde1dcca-655d-4353-967b-b0455eb66691/element [10.718708ms] ERR:404 body={"strategy":"-android uiautomator","selector":"new UiSelector().textContains(\"This never appears\")...
14:02:53.874792 POST /session/cde1dcca-655d-4353-967b-b0455eb66691/element [14.576583ms] ERR:404 body={"strategy":"-android uiautomator","selector":"new UiSelector().descriptionContains(\"This never app...
14:02:53.882474 POST /session/cde1dcca-655d-4353-967b-b0455eb66691/element [7.6245ms] ERR:404 body={"strategy":"-android uiautomator","selector":"new UiSelector().textMatches(\"(?is).*\\QThis never a...
14:02:53.891919 POST /session/cde1dcca-655d-4353-967b-b0455eb66691/element [9.387125ms] ERR:404 body={"strategy":"-android uiautomator","selector":"new UiSelector().descriptionMatches(\"(?is).*\\QThis ...
14:02:53.903167 POST /session/cde1dcca-655d-4353-967b-b0455eb66691/element [11.195583ms] ERR:404 body={"strategy":"-android uiautomator","selector":"new UiSelector().textContains(\"This never appears\")...
14:02:53.914705 POST /session/cde1dcca-655d-4353-967b-b0455eb66691/element [11.4885ms] ERR:404 body={"strategy":"-android uiautomator","selector":"new UiSelector().descriptionContains(\"This never app...
14:02:53.925276 POST /session/cde1dcca-655d-4353-967b-b0455eb66691/element [10.369541ms] ERR:404 body={"strategy":"-android uiautomator","selector":"new UiSelector().textMatches(\"(?is).*\\QThis never a...
14:02:53.938492 POST /session/cde1dcca-655d-4353-967b-b0455eb66691/element [13.15525ms] ERR:404 body={"strategy":"-android uiautomator","selector":"new UiSelector().descriptionMatches(\"(?is).*\\QThis ...
14:02:53.953502 POST /session/cde1dcca-655d-4353-967b-b0455eb66691/element [14.933167ms] ERR:404 body={"strategy":"-android uiautomator","selector":"new UiSelector().textContains(\"This never appears\")...
14:02:53.965525 POST /session/cde1dcca-655d-4353-967b-b0455eb66691/element [11.972084ms] ERR:404 body={"strategy":"-android uiautomator","selector":"new UiSelector().descriptionContains(\"This never app...
14:02:53.975569 POST /session/cde1dcca-655d-4353-967b-b0455eb66691/element [9.984459ms] ERR:404 body={"strategy":"-android uiautomator","selector":"new UiSelector().textMatches(\"(?is).*\\QThis never a...
14:02:53.988618 POST /session/cde1dcca-655d-4353-967b-b0455eb66691/element [12.992375ms] ERR:404 body={"strategy":"-android uiautomator","selector":"new UiSelector().descriptionMatches(\"(?is).*\\QThis ...
14:02:54.001944 POST /session/cde1dcca-655d-4353-967b-b0455eb66691/element [13.260417ms] ERR:404 body={"strategy":"-android uiautomator","selector":"new UiSelector().textContains(\"This never appears\")...
14:02:54.011207 POST /session/cde1dcca-655d-4353-967b-b0455eb66691/element [9.215375ms] ERR:404 body={"strategy":"-android uiautomator","selector":"new UiSelector().descriptionContains(\"This never app...
14:02:54.019796 POST /session/cde1dcca-655d-4353-967b-b0455eb66691/element [8.531334ms] ERR:404 body={"strategy":"-android uiautomator","selector":"new UiSelector().textMatches(\"(?is).*\\QThis never a...
14:02:54.031667 POST /session/cde1dcca-655d-4353-967b-b0455eb66691/element [11.814291ms] ERR:404 body={"strategy":"-android uiautomator","selector":"new UiSelector().descriptionMatches(\"(?is).*\\QThis ...
14:02:54.043768 POST /session/cde1dcca-655d-4353-967b-b0455eb66691/element [12.039583ms] ERR:404 body={"strategy":"-android uiautomator","selector":"new UiSelector().textContains(\"This never appears\")...
14:02:54.055730 POST /session/cde1dcca-655d-4353-967b-b0455eb66691/element [11.89975ms] ERR:404 body={"strategy":"-android uiautomator","selector":"new UiSelector().descriptionContains(\"This never app...
14:02:54.065810 POST /session/cde1dcca-655d-4353-967b-b0455eb66691/element [10.027333ms] ERR:404 body={"strategy":"-android uiautomator","selector":"new UiSelector().textMatches(\"(?is).*\\QThis never a...
14:02:54.076927 POST /session/cde1dcca-655d-4353-967b-b0455eb66691/element [10.950458ms] ERR:404 body={"strategy":"-android uiautomator","selector":"new UiSelector().descriptionMatches(\"(?is).*\\QThis ...
14:02:54.087927 POST /session/cde1dcca-655d-4353-967b-b0455eb66691/element [10.950958ms] ERR:404 body={"strategy":"-android uiautomator","selector":"new UiSelector().textContains(\"This never appears\")...
14:02:54.098631 POST /session/cde1dcca-655d-4353-967b-b0455eb66691/element [10.5255ms] ERR:404 body={"strategy":"-android uiautomator","selector":"new UiSelector().descriptionContains(\"This never app...
14:02:54.112818 POST /session/cde1dcca-655d-4353-967b-b0455eb66691/element [14.136542ms] ERR:404 body={"strategy":"-android uiautomator","selector":"new UiSelector().textMatches(\"(?is).*\\QThis never a...
14:02:54.132140 POST /session/cde1dcca-655d-4353-967b-b0455eb66691/element [19.260083ms] ERR:404 body={"strategy":"-android uiautomator","selector":"new UiSelector().descriptionMatches(\"(?is).*\\QThis ...
14:02:54.144887 POST /session/cde1dcca-655d-4353-967b-b0455eb66691/element [12.680209ms] ERR:404 body={"strategy":"-android uiautomator","selector":"new UiSelector().textContains(\"This never appears\")...
14:02:54.153929 POST /session/cde1dcca-655d-4353-967b-b0455eb66691/element [8.968917ms] ERR:404 body={"strategy":"-android uiautomator","selector":"new UiSelector().descriptionContains(\"This never app...
14:02:54.166636 POST /session/cde1dcca-655d-4353-967b-b0455eb66691/element [12.618041ms] ERR:404 body={"strategy":"-android uiautomator","selector":"new UiSelector().textMatches(\"(?is).*\\QThis never a...
14:02:54.175407 POST /session/cde1dcca-655d-4353-967b-b0455eb66691/element [8.703417ms] ERR:404 body={"strategy":"-android uiautomator","selector":"new UiSelector().descriptionMatches(\"(?is).*\\QThis ...
14:02:54.188241 POST /session/cde1dcca-655d-4353-967b-b0455eb66691/element [12.72175ms] ERR:404 body={"strategy":"-android uiautomator","selector":"new UiSelector().textContains(\"This never appears\")...
14:02:54.206066 POST /session/cde1dcca-655d-4353-967b-b0455eb66691/element [17.742917ms] ERR:404 body={"strategy":"-android uiautomator","selector":"new UiSelector().descriptionContains(\"This never app...
14:02:54.223346 POST /session/cde1dcca-655d-4353-967b-b0455eb66691/element [17.074666ms] ERR:404 body={"strategy":"-android uiautomator","selector":"new UiSelector().textMatches(\"(?is).*\\QThis never a...
14:02:54.232113 POST /session/cde1dcca-655d-4353-967b-b0455eb66691/element [8.690042ms] ERR:404 body={"strategy":"-android uiautomator","selector":"new UiSelector().descriptionMatches(\"(?is).*\\QThis ...
14:02:54.244087 POST /session/cde1dcca-655d-4353-967b-b0455eb66691/element [11.894ms] ERR:404 body={"strategy":"-android uiautomator","selector":"new UiSelector().textContains(\"This never appears\")...
14:02:54.254240 POST /session/cde1dcca-655d-4353-967b-b0455eb66691/element [10.104542ms] ERR:404 body={"strategy":"-android uiautomator","selector":"new UiSelector().descriptionContains(\"This never app...
14:02:54.262456 POST /session/cde1dcca-655d-4353-967b-b0455eb66691/element [8.164584ms] ERR:404 body={"strategy":"-android uiautomator","selector":"new UiSelector().textMatches(\"(?is).*\\QThis never a...
14:02:54.271620 POST /session/cde1dcca-655d-4353-967b-b0455eb66691/element [9.104291ms] ERR:404 body={"strategy":"-android uiautomator","selector":"new UiSelector().descriptionMatches(\"(?is).*\\QThis ...
14:02:54.281748 POST /session/cde1dcca-655d-4353-967b-b0455eb66691/element [10.070666ms] ERR:404 body={"strategy":"-android uiautomator","selector":"new UiSelector().textContains(\"This never appears\")...
14:02:54.291743 POST /session/cde1dcca-655d-4353-967b-b0455eb66691/element [9.9335ms] ERR:404 body={"strategy":"-android uiautomator","selector":"new UiSelector().descriptionContains(\"This never app...
14:02:54.302131 POST /session/cde1dcca-655d-4353-967b-b0455eb66691/element [10.348125ms] ERR:404 body={"strategy":"-android uiautomator","selector":"new UiSelector().textMatches(\"(?is).*\\QThis never a...
14:02:54.312555 POST /session/cde1dcca-655d-4353-967b-b0455eb66691/element [10.365167ms] ERR:404 body={"strategy":"-android uiautomator","selector":"new UiSelector().descriptionMatches(\"(?is).*\\QThis ...
14:02:54.323825 POST /session/cde1dcca-655d-4353-967b-b0455eb66691/element [11.217834ms] ERR:404 body={"strategy":"-android uiautomator","selector":"new UiSelector().textContains(\"This never appears\")...
14:02:54.333289 POST /session/cde1dcca-655d-4353-967b-b0455eb66691/element [9.409375ms] ERR:404 body={"strategy":"-android uiautomator","selector":"new UiSelector().descriptionContains(\"This never app...
14:02:54.340481 POST /session/cde1dcca-655d-4353-967b-b0455eb66691/element [7.147209ms] ERR:404 body={"strategy":"-android uiautomator","selector":"new UiSelector().textMatches(\"(?is).*\\QThis never a...
14:02:54.354257 POST /session/cde1dcca-655d-4353-967b-b0455eb66691/element [13.735208ms] ERR:404 body={"strategy":"-android uiautomator","selector":"new UiSelector().descriptionMatches(\"(?is).*\\QThis ...
14:02:54.362179 POST /session/cde1dcca-655d-4353-967b-b0455eb66691/element [7.872875ms] ERR:404 body={"strategy":"-android uiautomator","selector":"new UiSelector().textContains(\"This never appears\")...
14:02:54.371265 POST /session/cde1dcca-655d-4353-967b-b0455eb66691/element [9.037417ms] ERR:404 body={"strategy":"-android uiautomator","selector":"new UiSelector().descriptionContains(\"This never app...
14:02:54.382055 POST /session/cde1dcca-655d-4353-967b-b0455eb66691/element [10.726709ms] ERR:404 body={"strategy":"-android uiautomator","selector":"new UiSelector().textMatches(\"(?is).*\\QThis never a...
14:02:54.393860 POST /session/cde1dcca-655d-4353-967b-b0455eb66691/element [11.759875ms] ERR:404 body={"strategy":"-android uiautomator","selector":"new UiSelector().descriptionMatches(\"(?is).*\\QThis ...
14:02:54.407219 POST /session/cde1dcca-655d-4353-967b-b0455eb66691/element [13.312333ms] ERR:404 body={"strategy":"-android uiautomator","selector":"new UiSelector().textContains(\"This never appears\")...
14:02:54.420432 POST /session/cde1dcca-655d-4353-967b-b0455eb66691/element [13.14775ms] ERR:404 body={"strategy":"-android uiautomator","selector":"new UiSelector().descriptionContains(\"This never app...
14:02:54.431951 POST /session/cde1dcca-655d-4353-967b-b0455eb66691/element [11.445125ms] ERR:404 body={"strategy":"-android uiautomator","selector":"new UiSelector().textMatches(\"(?is).*\\QThis never a...
14:02:54.443441 POST /session/cde1dcca-655d-4353-967b-b0455eb66691/element [11.417667ms] ERR:404 body={"strategy":"-android uiautomator","selector":"new UiSelector().descriptionMatches(\"(?is).*\\QThis ...
14:02:54.455705 POST /session/cde1dcca-655d-4353-967b-b0455eb66691/element [12.216958ms] ERR:404 body={"strategy":"-android uiautomator","selector":"new UiSelector().textContains(\"This never appears\")...
14:02:54.466747 POST /session/cde1dcca-655d-4353-967b-b0455eb66691/element [10.987583ms] ERR:404 body={"strategy":"-android uiautomator","selector":"new UiSelector().descriptionContains(\"This never app...
14:02:54.480133 POST /session/cde1dcca-655d-4353-967b-b0455eb66691/element [13.329375ms] ERR:404 body={"strategy":"-android uiautomator","selector":"new UiSelector().textMatches(\"(?is).*\\QThis never a...
14:02:54.494896 POST /session/cde1dcca-655d-4353-967b-b0455eb66691/element [14.708208ms] ERR:404 body={"strategy":"-android uiautomator","selector":"new UiSelector().descriptionMatches(\"(?is).*\\QThis ...
14:02:54.502614 POST /session/cde1dcca-655d-4353-967b-b0455eb66691/element [7.654917ms] ERR:404 body={"strategy":"-android uiautomator","selector":"new UiSelector().textContains(\"This never appears\")...
14:02:54.516155 POST /session/cde1dcca-655d-4353-967b-b0455eb66691/element [13.484041ms] ERR:404 body={"strategy":"-android uiautomator","selector":"new UiSelector().descriptionContains(\"This never app...
14:02:54.531516 POST /session/cde1dcca-655d-4353-967b-b0455eb66691/element [15.291833ms] ERR:404 body={"strategy":"-android uiautomator","selector":"new UiSelector().textMatches(\"(?is).*\\QThis never a...
14:02:54.543284 POST /session/cde1dcca-655d-4353-967b-b0455eb66691/element [11.696792ms] ERR:404 body={"strategy":"-android uiautomator","selector":"new UiSelector().descriptionMatches(\"(?is).*\\QThis ...
14:02:54.549533 POST /session/cde1dcca-655d-4353-967b-b0455eb66691/element [6.131458ms] ERR:404 body={"strategy":"-android uiautomator","selector":"new UiSelector().textContains(\"This never appears\")...
14:02:54.560429 POST /session/cde1dcca-655d-4353-967b-b0455eb66691/element [10.826583ms] ERR:404 body={"strategy":"-android uiautomator","selector":"new UiSelector().descriptionContains(\"This never app...
14:02:54.573595 POST /session/cde1dcca-655d-4353-967b-b0455eb66691/element [13.106125ms] ERR:404 body={"strategy":"-android uiautomator","selector":"new UiSelector().textMatches(\"(?is).*\\QThis never a...
14:02:54.587437 POST /session/cde1dcca-655d-4353-967b-b0455eb66691/element [13.776834ms] ERR:404 body={"strategy":"-android uiautomator","selector":"new UiSelector().descriptionMatches(\"(?is).*\\QThis ...
14:02:54.596799 POST /session/cde1dcca-655d-4353-967b-b0455eb66691/element [9.139416ms] ERR:404 body={"strategy":"-android uiautomator","selector":"new UiSelector().textContains(\"This never appears\")...
14:02:54.606966 POST /session/cde1dcca-655d-4353-967b-b0455eb66691/element [10.11425ms] ERR:404 body={"strategy":"-android uiautomator","selector":"new UiSelector().descriptionContains(\"This never app...
14:02:54.616786 POST /session/cde1dcca-655d-4353-967b-b0455eb66691/element [9.75575ms] ERR:404 body={"strategy":"-android uiautomator","selector":"new UiSelector().textMatches(\"(?is).*\\QThis never a...
14:02:54.627869 POST /session/cde1dcca-655d-4353-967b-b0455eb66691/element [11.024917ms] ERR:404 body={"strategy":"-android uiautomator","selector":"new UiSelector().descriptionMatches(\"(?is).*\\QThis ...
14:02:54.641397 POST /session/cde1dcca-655d-4353-967b-b0455eb66691/element [13.107708ms] ERR:404 body={"strategy":"-android uiautomator","selector":"new UiSelector().textContains(\"This never appears\")...
14:02:54.654531 POST /session/cde1dcca-655d-4353-967b-b0455eb66691/element [13.064875ms] ERR:404 body={"strategy":"-android uiautomator","selector":"new UiSelector().descriptionContains(\"This never app...
14:02:54.666927 POST /session/cde1dcca-655d-4353-967b-b0455eb66691/element [12.298375ms] ERR:404 body={"strategy":"-android uiautomator","selector":"new UiSelector().textMatches(\"(?is).*\\QThis never a...
14:02:54.683539 POST /session/cde1dcca-655d-4353-967b-b0455eb66691/element [16.54475ms] ERR:404 body={"strategy":"-android uiautomator","selector":"new UiSelector().descriptionMatches(\"(?is).*\\QThis ...
14:02:54.690113 POST /session/cde1dcca-655d-4353-967b-b0455eb66691/element [6.496791ms] ERR:404 body={"strategy":"-android uiautomator","selector":"new UiSelector().textContains(\"This never appears\")...
14:02:54.706151 POST /session/cde1dcca-655d-4353-967b-b0455eb66691/element [15.928625ms] ERR:404 body={"strategy":"-android uiautomator","selector":"new UiSelector().descriptionContains(\"This never app...
14:02:54.720346 POST /session/cde1dcca-655d-4353-967b-b0455eb66691/element [14.126166ms] ERR:404 body={"strategy":"-android uiautomator","selector":"new UiSelector().textMatches(\"(?is).*\\QThis never a...
14:02:54.730402 POST /session/cde1dcca-655d-4353-967b-b0455eb66691/element [7.748125ms] ERR:404 body={"strategy":"-android uiautomator","selector":"new UiSelector().descriptionMatches(\"(?is).*\\QThis ...
14:02:54.741092 POST /session/cde1dcca-655d-4353-967b-b0455eb66691/element [10.625542ms] ERR:404 body={"strategy":"-android uiautomator","selector":"new UiSelector().textContains(\"This never appears\")...
14:02:54.747179 POST /session/cde1dcca-655d-4353-967b-b0455eb66691/element [6.024833ms] ERR:404 body={"strategy":"-android uiautomator","selector":"new UiSelector().descriptionContains(\"This never app...
14:02:54.760107 POST /session/cde1dcca-655d-4353-967b-b0455eb66691/element [12.868708ms] ERR:404 body={"strategy":"-android uiautomator","selector":"new UiSelector().textMatches(\"(?is).*\\QThis never a...
14:02:54.769236 POST /session/cde1dcca-655d-4353-967b-b0455eb66691/element [9.070375ms] ERR:404 body={"strategy":"-android uiautomator","selector":"new UiSelector().descriptionMatches(\"(?is).*\\QThis ...
14:02:54.783204 POST /session/cde1dcca-655d-4353-967b-b0455eb66691/element [13.903916ms] ERR:404 body={"strategy":"-android uiautomator","selector":"new UiSelector().textContains(\"This never appears\")...
14:02:54.795134 POST /session/cde1dcca-655d-4353-967b-b0455eb66691/element [11.868583ms] ERR:404 body={"strategy":"-android uiautomator","selector":"new UiSelector().descriptionContains(\"This never app...
14:02:54.809042 POST /session/cde1dcca-655d-4353-967b-b0455eb66691/element [13.854417ms] ERR:404 body={"strategy":"-android uiautomator","selector":"new UiSelector().textMatches(\"(?is).*\\QThis never a...
14:02:54.822095 POST /session/cde1dcca-655d-4353-967b-b0455eb66691/element [13.004459ms] ERR:404 body={"strategy":"-android uiautomator","selector":"new UiSelector().descriptionMatches(\"(?is).*\\QThis ...
14:02:54.833970 POST /session/cde1dcca-655d-4353-967b-b0455eb66691/element [11.809083ms] ERR:404 body={"strategy":"-android uiautomator","selector":"new UiSelector().textContains(\"This never appears\")...
14:02:54.845262 POST /session/cde1dcca-655d-4353-967b-b0455eb66691/element [11.220291ms] ERR:404 body={"strategy":"-android uiautomator","selector":"new UiSelector().descriptionContains(\"This never app...
14:02:54.854428 POST /session/cde1dcca-655d-4353-967b-b0455eb66691/element [9.1ms] ERR:404 body={"strategy":"-android uiautomator","selector":"new UiSelector().textMatches(\"(?is).*\\QThis never a...
14:02:54.863517 POST /session/cde1dcca-655d-4353-967b-b0455eb66691/element [9.019875ms] ERR:404 body={"strategy":"-android uiautomator","selector":"new UiSelector().descriptionMatches(\"(?is).*\\QThis ...
14:02:54.873001 POST /session/cde1dcca-655d-4353-967b-b0455eb66691/element [9.430041ms] ERR:404 body={"strategy":"-android uiautomator","selector":"new UiSelector().textContains(\"This never appears\")...
14:02:54.883235 POST /session/cde1dcca-655d-4353-967b-b0455eb66691/element [10.166584ms] ERR:404 body={"strategy":"-android uiautomator","selector":"new UiSelector().descriptionContains(\"This never app...
14:02:54.892433 POST /session/cde1dcca-655d-4353-967b-b0455eb66691/element [9.144083ms] ERR:404 body={"strategy":"-android uiautomator","selector":"new UiSelector().textMatches(\"(?is).*\\QThis never a...
14:02:54.903838 POST /session/cde1dcca-655d-4353-967b-b0455eb66691/element [11.335542ms] ERR:404 body={"strategy":"-android uiautomator","selector":"new UiSelector().descriptionMatches(\"(?is).*\\QThis ...
14:02:54.917682 POST /session/cde1dcca-655d-4353-967b-b0455eb66691/element [13.777416ms] ERR:404 body={"strategy":"-android uiautomator","selector":"new UiSelector().textContains(\"This never appears\")...
14:02:54.927300 POST /session/cde1dcca-655d-4353-967b-b0455eb66691/element [9.545542ms] ERR:404 body={"strategy":"-android uiautomator","selector":"new UiSelector().descriptionContains(\"This never app...
14:02:54.934431 POST /session/cde1dcca-655d-4353-967b-b0455eb66691/element [7.073084ms] ERR:404 body={"strategy":"-android uiautomator","selector":"new UiSelector().textMatches(\"(?is).*\\QThis never a...
14:02:54.947806 POST /session/cde1dcca-655d-4353-967b-b0455eb66691/element [13.320959ms] ERR:404 body={"strategy":"-android uiautomator","selector":"new UiSelector().descriptionMatches(\"(?is).*\\QThis ...
14:02:54.960221 POST /session/cde1dcca-655d-4353-967b-b0455eb66691/element [12.365625ms] ERR:404 body={"strategy":"-android uiautomator","selector":"new UiSelector().textContains(\"This never appears\")...
14:02:54.970208 POST /session/cde1dcca-655d-4353-967b-b0455eb66691/element [9.945958ms] ERR:404 body={"strategy":"-android uiautomator","selector":"new UiSelector().descriptionContains(\"This never app...
14:02:54.979406 POST /session/cde1dcca-655d-4353-967b-b0455eb66691/element [9.153458ms] ERR:404 body={"strategy":"-android uiautomator","selector":"new UiSelector().textMatches(\"(?is).*\\QThis never a...
14:02:54.987136 POST /session/cde1dcca-655d-4353-967b-b0455eb66691/element [7.692708ms] ERR:404 body={"strategy":"-android uiautomator","selector":"new UiSelector().descriptionMatches(\"(?is).*\\QThis ...
14:02:55.000474 POST /session/cde1dcca-655d-4353-967b-b0455eb66691/element [13.269916ms] ERR:404 body={"strategy":"-android uiautomator","selector":"new UiSelector().textContains(\"This never appears\")...
14:02:55.013676 POST /session/cde1dcca-655d-4353-967b-b0455eb66691/element [13.130625ms] ERR:404 body={"strategy":"-android uiautomator","selector":"new UiSelector().descriptionContains(\"This never app...
14:02:55.025977 POST /session/cde1dcca-655d-4353-967b-b0455eb66691/element [12.233792ms] ERR:404 body={"strategy":"-android uiautomator","selector":"new UiSelector().textMatches(\"(?is).*\\QThis never a...
14:02:55.035046 POST /session/cde1dcca-655d-4353-967b-b0455eb66691/element [9.009917ms] ERR:404 body={"strategy":"-android uiautomator","selector":"new UiSelector().descriptionMatches(\"(?is).*\\QThis ...
14:02:55.046025 POST /session/cde1dcca-655d-4353-967b-b0455eb66691/element [10.9315ms] ERR:404 body={"strategy":"-android uiautomator","selector":"new UiSelector().textContains(\"This never appears\")...
14:02:55.055089 POST /session/cde1dcca-655d-4353-967b-b0455eb66691/element [9.006042ms] ERR:404 body={"strategy":"-android uiautomator","selector":"new UiSelector().descriptionContains(\"This never app...
14:02:55.064544 POST /session/cde1dcca-655d-4353-967b-b0455eb66691/element [9.3715ms] ERR:404 body={"strategy":"-android uiautomator","selector":"new UiSelector().textMatches(\"(?is).*\\QThis never a...
14:02:55.077258 POST /session/cde1dcca-655d-4353-967b-b0455eb66691/element [12.664916ms] ERR:404 body={"strategy":"-android uiautomator","selector":"new UiSelector().descriptionMatches(\"(?is).*\\QThis ...
14:02:55.085850 POST /session/cde1dcca-655d-4353-967b-b0455eb66691/element [8.529958ms] ERR:404 body={"strategy":"-android uiautomator","selector":"new UiSelector().textContains(\"This never appears\")...
14:02:55.099119 POST /session/cde1dcca-655d-4353-967b-b0455eb66691/element [13.189667ms] ERR:404 body={"strategy":"-android uiautomator","selector":"new UiSelector().descriptionContains(\"This never app...
14:02:55.111296 POST /session/cde1dcca-655d-4353-967b-b0455eb66691/element [12.124666ms] ERR:404 body={"strategy":"-android uiautomator","selector":"new UiSelector().textMatches(\"(?is).*\\QThis never a...
14:02:55.125769 POST /session/cde1dcca-655d-4353-967b-b0455eb66691/element [14.415792ms] ERR:404 body={"strategy":"-android uiautomator","selector":"new UiSelector().descriptionMatches(\"(?is).*\\QThis ...
14:02:55.137053 POST /session/cde1dcca-655d-4353-967b-b0455eb66691/element [11.222958ms] ERR:404 body={"strategy":"-android uiautomator","selector":"new UiSelector().textContains(\"This never appears\")...
14:02:55.148760 POST /session/cde1dcca-655d-4353-967b-b0455eb66691/element [11.636ms] ERR:404 body={"strategy":"-android uiautomator","selector":"new UiSelector().descriptionContains(\"This never app...
14:02:55.159847 POST /session/cde1dcca-655d-4353-967b-b0455eb66691/element [11.0255ms] ERR:404 body={"strategy":"-android uiautomator","selector":"new UiSelector().textMatches(\"(?is).*\\QThis never a...
14:02:55.172697 POST /session/cde1dcca-655d-4353-967b-b0455eb66691/element [12.801166ms] ERR:404 body={"strategy":"-android uiautomator","selector":"new UiSelector().descriptionMatches(\"(?is).*\\QThis ...
14:02:55.182277 POST /session/cde1dcca-655d-4353-967b-b0455eb66691/element [9.532916ms] ERR:404 body={"strategy":"-android uiautomator","selector":"new UiSelector().textContains(\"This never appears\")...
14:02:55.193077 POST /session/cde1dcca-655d-4353-967b-b0455eb66691/element [10.744709ms] ERR:404 body={"strategy":"-android uiautomator","selector":"new UiSelector().descriptionContains(\"This never app...
14:02:55.203030 POST /session/cde1dcca-655d-4353-967b-b0455eb66691/element [9.891625ms] ERR:404 body={"strategy":"-android uiautomator","selector":"new UiSelector().textMatches(\"(?is).*\\QThis never a...
14:02:55.211903 POST /session/cde1dcca-655d-4353-967b-b0455eb66691/element [8.788584ms] ERR:404 body={"strategy":"-android uiautomator","selector":"new UiSelector().descriptionMatches(\"(?is).*\\QThis ...
14:02:55.223604 POST /session/cde1dcca-655d-4353-967b-b0455eb66691/element [11.652375ms] ERR:404 body={"strategy":"-android uiautomator","selector":"new UiSelector().textContains(\"This never appears\")...
14:02:55.233750 POST /session/cde1dcca-655d-4353-967b-b0455eb66691/element [10.078584ms] ERR:404 body={"strategy":"-android uiautomator","selector":"new UiSelector().descriptionContains(\"This never app...
14:02:55.243044 POST /session/cde1dcca-655d-4353-967b-b0455eb66691/element [9.237ms] ERR:404 body={"strategy":"-android uiautomator","selector":"new UiSelector().textMatches(\"(?is).*\\QThis never a...
14:02:55.252951 POST /session/cde1dcca-655d-4353-967b-b0455eb66691/element [9.859792ms] ERR:404 body={"strategy":"-android uiautomator","selector":"new UiSelector().descriptionMatches(\"(?is).*\\QThis ...
14:02:55.264459 POST /session/cde1dcca-655d-4353-967b-b0455eb66691/element [11.436083ms] ERR:404 body={"strategy":"-android uiautomator","selector":"new UiSelector().textContains(\"This never appears\")...
14:02:55.277330 POST /session/cde1dcca-655d-4353-967b-b0455eb66691/element [12.82425ms] ERR:404 body={"strategy":"-android uiautomator","selector":"new UiSelector().descriptionContains(\"This never app...
14:02:55.288051 POST /session/cde1dcca-655d-4353-967b-b0455eb66691/element [10.672708ms] ERR:404 body={"strategy":"-android uiautomator","selector":"new UiSelector().textMatches(\"(?is).*\\QThis never a...
14:02:55.297025 POST /session/cde1dcca-655d-4353-967b-b0455eb66691/element [8.9115ms] ERR:404 body={"strategy":"-android uiautomator","selector":"new UiSelector().descriptionMatches(\"(?is).*\\QThis ...
14:02:55.307067 POST /session/cde1dcca-655d-4353-967b-b0455eb66691/element [9.984416ms] ERR:404 body={"strategy":"-android uiautomator","selector":"new UiSelector().textContains(\"This never appears\")...
14:02:55.318093 POST /session/cde1dcca-655d-4353-967b-b0455eb66691/element [10.967709ms] ERR:404 body={"strategy":"-android uiautomator","selector":"new UiSelector().descriptionContains(\"This never app...
14:02:55.322776 POST /session/cde1dcca-655d-4353-967b-b0455eb66691/element [4.640042ms] ERR:404 body={"strategy":"-android uiautomator","selector":"new UiSelector().textMatches(\"(?is).*\\QThis never a...
14:02:55.332213 POST /session/cde1dcca-655d-4353-967b-b0455eb66691/element [9.397708ms] ERR:404 body={"strategy":"-android uiautomator","selector":"new UiSelector().descriptionMatches(\"(?is).*\\QThis ...
14:02:55.344843 POST /session/cde1dcca-655d-4353-967b-b0455eb66691/element [12.565041ms] ERR:404 body={"strategy":"-android uiautomator","selector":"new UiSelector().textContains(\"This never appears\")...
14:02:55.357212 POST /session/cde1dcca-655d-4353-967b-b0455eb66691/element [12.298125ms] ERR:404 body={"strategy":"-android uiautomator","selector":"new UiSelector().descriptionContains(\"This never app...
14:02:55.368413 POST /session/cde1dcca-655d-4353-967b-b0455eb66691/element [11.136417ms] ERR:404 body={"strategy":"-android uiautomator","selector":"new UiSelector().textMatches(\"(?is).*\\QThis never a...
14:02:55.376854 POST /session/cde1dcca-655d-4353-967b-b0455eb66691/element [8.380166ms] ERR:404 body={"strategy":"-android uiautomator","selector":"new UiSelector().descriptionMatches(\"(?is).*\\QThis ...
14:02:55.382662 POST /session/cde1dcca-655d-4353-967b-b0455eb66691/element [5.7725ms] ERR:404 body={"strategy":"-android uiautomator","selector":"new UiSelector().textContains(\"This never appears\")...
14:02:55.394357 POST /session/cde1dcca-655d-4353-967b-b0455eb66691/element [11.657375ms] ERR:404 body={"strategy":"-android uiautomator","selector":"new UiSelector().descriptionContains(\"This never app...
14:02:55.403938 POST /session/cde1dcca-655d-4353-967b-b0455eb66691/element [9.521042ms] ERR:404 body={"strategy":"-android uiautomator","selector":"new UiSelector().textMatches(\"(?is).*\\QThis never a...
14:02:55.415099 POST /session/cde1dcca-655d-4353-967b-b0455eb66691/element [11.08775ms] ERR:404 body={"strategy":"-android uiautomator","selector":"new UiSelector().descriptionMatches(\"(?is).*\\QThis ...
14:02:55.424268 POST /session/cde1dcca-655d-4353-967b-b0455eb66691/element [9.113334ms] ERR:404 body={"strategy":"-android uiautomator","selector":"new UiSelector().textContains(\"This never appears\")...
14:02:55.436135 POST /session/cde1dcca-655d-4353-967b-b0455eb66691/element [11.821959ms] ERR:404 body={"strategy":"-android uiautomator","selector":"new UiSelector().descriptionContains(\"This never app...
14:02:55.446920 POST /session/cde1dcca-655d-4353-967b-b0455eb66691/element [10.725917ms] ERR:404 body={"strategy":"-android uiautomator","selector":"new UiSelector().textMatches(\"(?is).*\\QThis never a...
14:02:55.456445 POST /session/cde1dcca-655d-4353-967b-b0455eb66691/element [9.443958ms] ERR:404 body={"strategy":"-android uiautomator","selector":"new UiSelector().descriptionMatches(\"(?is).*\\QThis ...
14:02:55.469606 POST /session/cde1dcca-655d-4353-967b-b0455eb66691/element [13.108ms] ERR:404 body={"strategy":"-android uiautomator","selector":"new UiSelector().textContains(\"This never appears\")...
14:02:55.482651 POST /session/cde1dcca-655d-4353-967b-b0455eb66691/element [12.981041ms] ERR:404 body={"strategy":"-android uiautomator","selector":"new UiSelector().descriptionContains(\"This never app...
14:02:55.495313 POST /session/cde1dcca-655d-4353-967b-b0455eb66691/element [12.61325ms] ERR:404 body={"strategy":"-android uiautomator","selector":"new UiSelector().textMatches(\"(?is).*\\QThis never a...
14:02:55.502318 POST /session/cde1dcca-655d-4353-967b-b0455eb66691/element [6.948209ms] ERR:404 body={"strategy":"-android uiautomator","selector":"new UiSelector().descriptionMatches(\"(?is).*\\QThis ...
14:02:55.510284 POST /session/cde1dcca-655d-4353-967b-b0455eb66691/element [7.914417ms] ERR:404 body={"strategy":"-android uiautomator","selector":"new UiSelector().textContains(\"This never appears\")...
14:02:55.523223 POST /session/cde1dcca-655d-4353-967b-b0455eb66691/element [12.873041ms] ERR:404 body={"strategy":"-android uiautomator","selector":"new UiSelector().descriptionContains(\"This never app...
14:02:55.531485 POST /session/cde1dcca-655d-4353-967b-b0455eb66691/element [8.211666ms] ERR:404 body={"strategy":"-android uiautomator","selector":"new UiSelector().textMatches(\"(?is).*\\QThis never a...
14:02:55.541094 POST /session/cde1dcca-655d-4353-967b-b0455eb66691/element [9.551833ms] ERR:404 body={"strategy":"-android uiautomator","selector":"new UiSelector().descriptionMatches(\"(?is).*\\QThis ...
14:02:55.547839 POST /session/cde1dcca-655d-4353-967b-b0455eb66691/element [6.688875ms] ERR:404 body={"strategy":"-android uiautomator","selector":"new UiSelector().textContains(\"This never appears\")...
14:02:55.562126 POST /session/cde1dcca-655d-4353-967b-b0455eb66691/element [14.225541ms] ERR:404 body={"strategy":"-android uiautomator","selector":"new UiSelector().descriptionContains(\"This never app...
14:02:55.570923 POST /session/cde1dcca-655d-4353-967b-b0455eb66691/element [8.734667ms] ERR:404 body={"strategy":"-android uiautomator","selector":"new UiSelector().textMatches(\"(?is).*\\QThis never a...
14:02:55.582096 POST /session/cde1dcca-655d-4353-967b-b0455eb66691/element [11.125916ms] ERR:404 body={"strategy":"-android uiautomator","selector":"new UiSelector().descriptionMatches(\"(?is).*\\QThis ...
14:02:55.594602 POST /session/cde1dcca-655d-4353-967b-b0455eb66691/element [12.455334ms] ERR:404 body={"strategy":"-android uiautomator","selector":"new UiSelector().textContains(\"This never appears\")...
14:02:55.604607 POST /session/cde1dcca-655d-4353-967b-b0455eb66691/element [9.740125ms] ERR:404 body={"strategy":"-android uiautomator","selector":"new UiSelector().descriptionContains(\"This never app...
14:02:55.615609 POST /session/cde1dcca-655d-4353-967b-b0455eb66691/element [10.943959ms] ERR:404 body={"strategy":"-android uiautomator","selector":"new UiSelector().textMatches(\"(?is).*\\QThis never a...
14:02:55.626115 POST /session/cde1dcca-655d-4353-967b-b0455eb66691/element [10.415958ms] ERR:404 body={"strategy":"-android uiautomator","selector":"new UiSelector().descriptionMatches(\"(?is).*\\QThis ...
14:02:55.636493 POST /session/cde1dcca-655d-4353-967b-b0455eb66691/element [10.324834ms] ERR:404 body={"strategy":"-android uiautomator","selector":"new UiSelector().textContains(\"This never appears\")...
14:02:55.645992 POST /session/cde1dcca-655d-4353-967b-b0455eb66691/element [9.435541ms] ERR:404 body={"strategy":"-android uiautomator","selector":"new UiSelector().descriptionContains(\"This never app...
14:02:55.657277 POST /session/cde1dcca-655d-4353-967b-b0455eb66691/element [11.226ms] ERR:404 body={"strategy":"-android uiautomator","selector":"new UiSelector().textMatches(\"(?is).*\\QThis never a...
14:02:55.666892 POST /session/cde1dcca-655d-4353-967b-b0455eb66691/element [9.562541ms] ERR:404 body={"strategy":"-android uiautomator","selector":"new UiSelector().descriptionMatches(\"(?is).*\\QThis ...
14:02:55.682086 POST /session/cde1dcca-655d-4353-967b-b0455eb66691/element [15.115417ms] ERR:404 body={"strategy":"-android uiautomator","selector":"new UiSelector().textContains(\"This never appears\")...
14:02:55.695033 POST /session/cde1dcca-655d-4353-967b-b0455eb66691/element [12.862208ms] ERR:404 body={"strategy":"-android uiautomator","selector":"new UiSelector().descriptionContains(\"This never app...
14:02:55.706967 POST /session/cde1dcca-655d-4353-967b-b0455eb66691/element [11.859333ms] ERR:404 body={"strategy":"-android uiautomator","selector":"new UiSelector().textMatches(\"(?is).*\\QThis never a...
14:02:55.718837 POST /session/cde1dcca-655d-4353-967b-b0455eb66691/element [11.806ms] ERR:404 body={"strategy":"-android uiautomator","selector":"new UiSelector().descriptionMatches(\"(?is).*\\QThis ...
14:02:55.729592 POST /session/cde1dcca-655d-4353-967b-b0455eb66691/element [10.682709ms] ERR:404 body={"strategy":"-android uiautomator","selector":"new UiSelector().textContains(\"This never appears\")...
14:02:55.741786 POST /session/cde1dcca-655d-4353-967b-b0455eb66691/element [12.133208ms] ERR:404 body={"strategy":"-android uiautomator","selector":"new UiSelector().descriptionContains(\"This never app...
14:02:55.758663 POST /session/cde1dcca-655d-4353-967b-b0455eb66691/element [16.808958ms] ERR:404 body={"strategy":"-android uiautomator","selector":"new UiSelector().textMatches(\"(?is).*\\QThis never a...
14:02:55.769607 POST /session/cde1dcca-655d-4353-967b-b0455eb66691/element [10.863209ms] ERR:404 body={"strategy":"-android uiautomator","selector":"new UiSelector().descriptionMatches(\"(?is).*\\QThis ...
14:02:55.786233 POST /session/cde1dcca-655d-4353-967b-b0455eb66691/element [16.562834ms] ERR:404 body={"strategy":"-android uiautomator","selector":"new UiSelector().textContains(\"This never appears\")...
14:02:55.800674 POST /session/cde1dcca-655d-4353-967b-b0455eb66691/element [14.369917ms] ERR:404 body={"strategy":"-android uiautomator","selector":"new UiSelector().descriptionContains(\"This never app...
14:02:55.813736 POST /session/cde1dcca-655d-4353-967b-b0455eb66691/element [12.994667ms] ERR:404 body={"strategy":"-android uiautomator","selector":"new UiSelector().textMatches(\"(?is).*\\QThis never a...
14:02:55.823728 POST /session/cde1dcca-655d-4353-967b-b0455eb66691/element [9.922667ms] ERR:404 body={"strategy":"-android uiautomator","selector":"new UiSelector().descriptionMatches(\"(?is).*\\QThis ...
14:02:55.859597 GET /session/cde1dcca-655d-4353-967b-b0455eb66691/source [35.715417ms] OK body=
14:02:56.023544 GET /session/cde1dcca-655d-4353-967b-b0455eb66691/screenshot [162.655208ms] OK body=
14:02:56.047759 GET /session/cde1dcca-655d-4353-967b-b0455eb66691/source [23.491541ms] OK body=
14:02:56.053264 DELETE /session/cde1dcca-655d-4353-967b-b0455eb66691 [1.52175ms] OK body=
