14:07:09.129177 POST /session [7.642583ms] OK body={"capabilities":{"platformName":"Android","deviceName":"sdk_gphone64_arm64"}}
14:07:09.132859 POST /session/b6037238-2dfb-4780-9d39-2244ce47b012/appium/settings [3.572875ms] OK body={"settings":{"enableMultiWindows":true,"waitForIdleTimeout":200}}
14:07:09.135348 POST /session/b6037238-2dfb-4780-9d39-2244ce47b012/appium/settings [2.461375ms] OK body={"settings":{"implicitWait":100}}
14:07:09.220686 GET /session/b6037238-2dfb-4780-9d39-2244ce47b012/appium/device/info [21.807375ms] OK body=
14:07:09.229953 POST /session/b6037238-2dfb-4780-9d39-2244ce47b012/appium/settings [6.239125ms] OK body={"settings":{"waitForIdleTimeout":200}}
14:07:09.911321 POST /session/b6037238-2dfb-4780-9d39-2244ce47b012/appium/device/launch_app [9.273584ms] OK body={"appId":"com.kylebrowning.landmarks"}
14:07:11.259379 POST /session/b6037238-2dfb-4780-9d39-2244ce47b012/element [346.636333ms] OK body={"strategy":"-android uiautomator","selector":"new UiSelector().textContains(\"Landmarks\")"}
14:07:11.832376 POST /session/b6037238-2dfb-4780-9d39-2244ce47b012/element [559.731083ms] OK body={"strategy":"-android uiautomator","selector":"new UiSelector().textContains(\"Featured\")"}
14:07:11.859018 POST /session/b6037238-2dfb-4780-9d39-2244ce47b012/element [25.990625ms] ERR:404 body={"strategy":"-android uiautomator","selector":"new UiSelector().textContains(\"This never appears\")...
14:07:11.882423 POST /session/b6037238-2dfb-4780-9d39-2244ce47b012/element [23.314416ms] ERR:404 body={"strategy":"-android uiautomator","selector":"new UiSelector().descriptionContains(\"This never app...
14:07:11.904096 POST /session/b6037238-2dfb-4780-9d39-2244ce47b012/element [21.607167ms] ERR:404 body={"strategy":"-android uiautomator","selector":"new UiSelector().textMatches(\"(?is).*\\QThis never a...
14:07:11.927143 POST /session/b6037238-2dfb-4780-9d39-2244ce47b012/element [22.982375ms] ERR:404 body={"strategy":"-android uiautomator","selector":"new UiSelector().descriptionMatches(\"(?is).*\\QThis ...
14:07:11.949739 POST /session/b6037238-2dfb-4780-9d39-2244ce47b012/element [22.520958ms] ERR:404 body={"strategy":"-android uiautomator","selector":"new UiSelector().textContains(\"This never appears\")...
14:07:11.969817 POST /session/b6037238-2dfb-4780-9d39-2244ce47b012/element [20.021333ms] ERR:404 body={"strategy":"-android uiautomator","selector":"new UiSelector().descriptionContains(\"This never app...
14:07:11.988997 POST /session/b6037238-2dfb-4780-9d39-2244ce47b012/element [19.12525ms] ERR:404 body={"strategy":"-android uiautomator","selector":"new UiSelector().textMatches(\"(?is).*\\QThis never a...
14:07:12.009450 POST /session/b6037238-2dfb-4780-9d39-2244ce47b012/element [20.400791ms] ERR:404 body={"strategy":"-android uiautomator","selector":"new UiSelector().descriptionMatches(\"(?is).*\\QThis ...
14:07:12.031801 POST /session/b6037238-2dfb-4780-9d39-2244ce47b012/element [22.281791ms] ERR:404 body={"strategy":"-android uiautomator","selector":"new UiSelector().textContains(\"This never appears\")...
14:07:12.051644 POST /session/b6037238-2dfb-4780-9d39-2244ce47b012/element [19.788416ms] ERR:404 body={"strategy":"-android uiautomator","selector":"new UiSelector().descriptionContains(\"This never app...
14:07:12.071071 POST /session/b6037238-2dfb-4780-9d39-2244ce47b012/element [19.351ms] ERR:404 body={"strategy":"-android uiautomator","selector":"new UiSelector().textMatches(\"(?is).*\\QThis never a...
14:07:12.089525 POST /session/b6037238-2dfb-4780-9d39-2244ce47b012/element [18.380458ms] ERR:404 body={"strategy":"-android uiautomator","selector":"new UiSelector().descriptionMatches(\"(?is).*\\QThis ...
14:07:12.106777 POST /session/b6037238-2dfb-4780-9d39-2244ce47b012/element [17.185125ms] ERR:404 body={"strategy":"-android uiautomator","selector":"new UiSelector().textContains(\"This never appears\")...
14:07:12.132768 POST /session/b6037238-2dfb-4780-9d39-2244ce47b012/element [25.925292ms] ERR:404 body={"strategy":"-android uiautomator","selector":"new UiSelector().descriptionContains(\"This never app...
14:07:12.151864 POST /session/b6037238-2dfb-4780-9d39-2244ce47b012/element [19.033292ms] ERR:404 body={"strategy":"-android uiautomator","selector":"new UiSelector().textMatches(\"(?is).*\\QThis never a...
14:07:12.170309 POST /session/b6037238-2dfb-4780-9d39-2244ce47b012/element [18.397375ms] ERR:404 body={"strategy":"-android uiautomator","selector":"new UiSelector().descriptionMatches(\"(?is).*\\QThis ...
14:07:12.187730 POST /session/b6037238-2dfb-4780-9d39-2244ce47b012/element [17.344667ms] ERR:404 body={"strategy":"-android uiautomator","selector":"new UiSelector().textContains(\"This never appears\")...
14:07:12.204929 POST /session/b6037238-2dfb-4780-9d39-2244ce47b012/element [17.143625ms] ERR:404 body={"strategy":"-android uiautomator","selector":"new UiSelector().descriptionContains(\"This never app...
14:07:12.226942 POST /session/b6037238-2dfb-4780-9d39-2244ce47b012/element [21.959334ms] ERR:404 body={"strategy":"-android uiautomator","selector":"new UiSelector().textMatches(\"(?is).*\\QThis never a...
14:07:12.246091 POST /session/b6037238-2dfb-4780-9d39-2244ce47b012/element [19.087125ms] ERR:404 body={"strategy":"-android uiautomator","selector":"new UiSelector().descriptionMatches(\"(?is).*\\QThis ...
14:07:12.265315 POST /session/b6037238-2dfb-4780-9d39-2244ce47b012/element [19.151125ms] ERR:404 body={"strategy":"-android uiautomator","selector":"new UiSelector().textContains(\"This never appears\")...
14:07:12.282159 POST /session/b6037238-2dfb-4780-9d39-2244ce47b012/element [16.751833ms] ERR:404 body={"strategy":"-android uiautomator","selector":"new UiSelector().descriptionContains(\"This never app...
14:07:12.300529 POST /session/b6037238-2dfb-4780-9d39-2244ce47b012/element [18.317125ms] ERR:404 body={"strategy":"-android uiautomator","selector":"new UiSelector().textMatches(\"(?is).*\\QThis never a...
14:07:12.317747 POST /session/b6037238-2dfb-4780-9d39-2244ce47b012/element [17.155625ms] ERR:404 body={"strategy":"-android uiautomator","selector":"new UiSelector().descriptionMatches(\"(?is).*\\QThis ...
14:07:12.336325 POST /session/b6037238-2dfb-4780-9d39-2244ce47b012/element [18.506083ms] ERR:404 body={"strategy":"-android uiautomator","selector":"new UiSelector().textContains(\"This never appears\")...
14:07:12.353483 POST /session/b6037238-2dfb-4780-9d39-2244ce47b012/element [17.085ms] ERR:404 body={"strategy":"-android uiautomator","selector":"new UiSelector().descriptionContains(\"This never app...
14:07:12.371357 POST /session/b6037238-2dfb-4780-9d39-2244ce47b012/element [17.800875ms] ERR:404 body={"strategy":"-android uiautomator","selector":"new UiSelector().textMatches(\"(?is).*\\QThis never a...
14:07:12.387236 POST /session/b6037238-2dfb-4780-9d39-2244ce47b012/element [15.822541ms] ERR:404 body={"strategy":"-android uiautomator","selector":"new UiSelector().descriptionMatches(\"(?is).*\\QThis ...
14:07:12.403816 POST /session/b6037238-2dfb-4780-9d39-2244ce47b012/element [16.517417ms] ERR:404 body={"strategy":"-android uiautomator","selector":"new UiSelector().textContains(\"This never appears\")...
14:07:12.421670 POST /session/b6037238-2dfb-4780-9d39-2244ce47b012/element [17.787333ms] ERR:404 body={"strategy":"-android uiautomator","selector":"new UiSelector().descriptionContains(\"This never app...
14:07:12.439708 POST /session/b6037238-2dfb-4780-9d39-2244ce47b012/element [17.96975ms] ERR:404 body={"strategy":"-android uiautomator","selector":"new UiSelector().textMatches(\"(?is).*\\QThis never a...
14:07:12.458082 POST /session/b6037238-2dfb-4780-9d39-2244ce47b012/element [18.308667ms] ERR:404 body={"strategy":"-android uiautomator","selector":"new UiSelector().descriptionMatches(\"(?is).*\\QThis ...
14:07:12.475153 POST /session/b6037238-2dfb-4780-9d39-2244ce47b012/element [17.004333ms] ERR:404 body={"strategy":"-android uiautomator","selector":"new UiSelector().textContains(\"This never appears\")...
14:07:12.490972 POST /session/b6037238-2dfb-4780-9d39-2244ce47b012/element [15.767458ms] ERR:404 body={"strategy":"-android uiautomator","selector":"new UiSelector().descriptionContains(\"This never app...
14:07:12.507521 POST /session/b6037238-2dfb-4780-9d39-2244ce47b012/element [16.4825ms] ERR:404 body={"strategy":"-android uiautomator","selector":"new UiSelector().textMatches(\"(?is).*\\QThis never a...
14:07:12.527033 POST /session/b6037238-2dfb-4780-9d39-2244ce47b012/element [19.43225ms] ERR:404 body={"strategy":"-android uiautomator","selector":"new UiSelector().descriptionMatches(\"(?is).*\\QThis ...
14:07:12.545493 POST /session/b6037238-2dfb-4780-9d39-2244ce47b012/element [18.391041ms] ERR:404 body={"strategy":"-android uiautomator","selector":"new UiSelector().textContains(\"This never appears\")...
14:07:12.562197 POST /session/b6037238-2dfb-4780-9d39-2244ce47b012/element [16.628375ms] ERR:404 body={"strategy":"-android uiautomator","selector":"new UiSelector().descriptionContains(\"This never app...
14:07:12.580881 POST /session/b6037238-2dfb-4780-9d39-2244ce47b012/element [18.610208ms] ERR:404 body={"strategy":"-android uiautomator","selector":"new UiSelector().textMatches(\"(?is).*\\QThis never a...
14:07:12.598606 POST /session/b6037238-2dfb-4780-9d39-2244ce47b012/element [17.61025ms] ERR:404 body={"strategy":"-android uiautomator","selector":"new UiSelector().descriptionMatches(\"(?is).*\\QThis ...
14:07:12.614650 POST /session/b6037238-2dfb-4780-9d39-2244ce47b012/element [15.981333ms] ERR:404 body={"strategy":"-android uiautomator","selector":"new UiSelector().textContains(\"This never appears\")...
14:07:12.630082 POST /session/b6037238-2dfb-4780-9d39-2244ce47b012/element [15.38575ms] ERR:404 body={"strategy":"-android uiautomator","selector":"new UiSelector().descriptionContains(\"This never app...
14:07:12.646023 POST /session/b6037238-2dfb-4780-9d39-2244ce47b012/element [15.879584ms] ERR:404 body={"strategy":"-android uiautomator","selector":"new UiSelector().textMatches(\"(?is).*\\QThis never a...
14:07:12.662172 POST /session/b6037238-2dfb-4780-9d39-2244ce47b012/element [16.087208ms] ERR:404 body={"strategy":"-android uiautomator","selector":"new UiSelector().descriptionMatches(\"(?is).*\\QThis ...
14:07:12.677771 POST /session/b6037238-2dfb-4780-9d39-2244ce47b012/element [15.547ms] ERR:404 body={"strategy":"-android uiautomator","selector":"new UiSelector().textContains(\"This never appears\")...
14:07:12.692573 POST /session/b6037238-2dfb-4780-9d39-2244ce47b012/element [14.74325ms] ERR:404 body={"strategy":"-android uiautomator","selector":"new UiSelector().descriptionContains(\"This never app...
14:07:12.708817 POST /session/b6037238-2dfb-4780-9d39-2244ce47b012/element [16.1825ms] ERR:404 body={"strategy":"-android uiautomator","selector":"new UiSelector().textMatches(\"(?is).*\\QThis never a...
14:07:12.727937 POST /session/b6037238-2dfb-4780-9d39-2244ce47b012/element [19.065125ms] ERR:404 body={"strategy":"-android uiautomator","selector":"new UiSelector().descriptionMatches(\"(?is).*\\QThis ...
14:07:12.745439 POST /session/b6037238-2dfb-4780-9d39-2244ce47b012/element [17.450875ms] ERR:404 body={"strategy":"-android uiautomator","selector":"new UiSelector().textContains(\"This never appears\")...
14:07:12.762075 POST /session/b6037238-2dfb-4780-9d39-2244ce47b012/element [16.588167ms] ERR:404 body={"strategy":"-android uiautomator","selector":"new UiSelector().descriptionContains(\"This never app...
14:07:12.777113 POST /session/b6037238-2dfb-4780-9d39-2244ce47b012/element [14.968959ms] ERR:404 body={"strategy":"-android uiautomator","selector":"new UiSelector().textMatches(\"(?is).*\\QThis never a...
14:07:12.791925 POST /session/b6037238-2dfb-4780-9d39-2244ce47b012/element [14.772208ms] ERR:404 body={"strategy":"-android uiautomator","selector":"new UiSelector().descriptionMatches(\"(?is).*\\QThis ...
14:07:12.807786 POST /session/b6037238-2dfb-4780-9d39-2244ce47b012/element [15.822375ms] ERR:404 body={"strategy":"-android uiautomator","selector":"new UiSelector().textContains(\"This never appears\")...
14:07:12.823598 POST /session/b6037238-2dfb-4780-9d39-2244ce47b012/element [15.768208ms] ERR:404 body={"strategy":"-android uiautomator","selector":"new UiSelector().descriptionContains(\"This never app...
14:07:12.840238 POST /session/b6037238-2dfb-4780-9d39-2244ce47b012/element [16.565042ms] ERR:404 body={"strategy":"-android uiautomator","selector":"new UiSelector().textMatches(\"(?is).*\\QThis never a...
14:07:12.859140 POST /session/b6037238-2dfb-4780-9d39-2244ce47b012/element [18.830333ms] ERR:404 body={"strategy":"-android uiautomator","selector":"new UiSelector().descriptionMatches(\"(?is).*\\QThis ...
14:07:12.877611 POST /session/b6037238-2dfb-4780-9d39-2244ce47b012/element [18.407542ms] ERR:404 body={"strategy":"-android uiautomator","selector":"new UiSelector().textContains(\"This never appears\")...
14:07:12.896296 POST /session/b6037238-2dfb-4780-9d39-2244ce47b012/element [18.615959ms] ERR:404 body={"strategy":"-android uiautomator","selector":"new UiSelector().descriptionContains(\"This never app...
14:07:12.911899 POST /session/b6037238-2dfb-4780-9d39-2244ce47b012/element [15.551584ms] ERR:404 body={"strategy":"-android uiautomator","selector":"new UiSelector().textMatches(\"(?is).*\\QThis never a...
14:07:12.927534 POST /session/b6037238-2dfb-4780-9d39-2244ce47b012/element [15.579ms] ERR:404 body={"strategy":"-android uiautomator","selector":"new UiSelector().descriptionMatches(\"(?is).*\\QThis ...
14:07:12.943753 POST /session/b6037238-2dfb-4780-9d39-2244ce47b012/element [16.160375ms] ERR:404 body={"strategy":"-android uiautomator","selector":"new UiSelector().textContains(\"This never appears\")...
14:07:12.958816 POST /session/b6037238-2dfb-4780-9d39-2244ce47b012/element [15.008417ms] ERR:404 body={"strategy":"-android uiautomator","selector":"new UiSelector().descriptionContains(\"This never app...
14:07:12.979180 POST /session/b6037238-2dfb-4780-9d39-2244ce47b012/element [20.314792ms] ERR:404 body={"strategy":"-android uiautomator","selector":"new UiSelector().textMatches(\"(?is).*\\QThis never a...
14:07:13.002755 POST /session/b6037238-2dfb-4780-9d39-2244ce47b012/element [23.524459ms] ERR:404 body={"strategy":"-android uiautomator","selector":"new UiSelector().descriptionMatches(\"(?is).*\\QThis ...
14:07:13.024849 POST /session/b6037238-2dfb-4780-9d39-2244ce47b012/element [22.040125ms] ERR:404 body={"strategy":"-android uiautomator","selector":"new UiSelector().textContains(\"This never appears\")...
14:07:13.040117 POST /session/b6037238-2dfb-4780-9d39-2244ce47b012/element [15.194333ms] ERR:404 body={"strategy":"-android uiautomator","selector":"new UiSelector().descriptionContains(\"This never app...
14:07:13.055763 POST /session/b6037238-2dfb-4780-9d39-2244ce47b012/element [15.595167ms] ERR:404 body={"strategy":"-android uiautomator","selector":"new UiSelector().textMatches(\"(?is).*\\QThis never a...
14:07:13.072028 POST /session/b6037238-2dfb-4780-9d39-2244ce47b012/element [16.202ms] ERR:404 body={"strategy":"-android uiautomator","selector":"new UiSelector().descriptionMatches(\"(?is).*\\QThis ...
14:07:13.090652 POST /session/b6037238-2dfb-4780-9d39-2244ce47b012/element [18.560167ms] ERR:404 body={"strategy":"-android uiautomator","selector":"new UiSelector().textContains(\"This never appears\")...
14:07:13.107783 POST /session/b6037238-2dfb-4780-9d39-2244ce47b012/element [17.069041ms] ERR:404 body={"strategy":"-android uiautomator","selector":"new UiSelector().descriptionContains(\"This never app...
14:07:13.124411 POST /session/b6037238-2dfb-4780-9d39-2244ce47b012/element [16.534125ms] ERR:404 body={"strategy":"-android uiautomator","selector":"new UiSelector().textMatches(\"(?is).*\\QThis never a...
14:07:13.140846 POST /session/b6037238-2dfb-4780-9d39-2244ce47b012/element [16.378292ms] ERR:404 body={"strategy":"-android uiautomator","selector":"new UiSelector().descriptionMatches(\"(?is).*\\QThis ...
14:07:13.157329 POST /session/b6037238-2dfb-4780-9d39-2244ce47b012/element [16.41675ms] ERR:404 body={"strategy":"-android uiautomator","selector":"new UiSelector().textContains(\"This never appears\")...
14:07:13.173189 POST /session/b6037238-2dfb-4780-9d39-2244ce47b012/element [15.811166ms] ERR:404 body={"strategy":"-android uiautomator","selector":"new UiSelector().descriptionContains(\"This never app...
14:07:13.188408 POST /session/b6037238-2dfb-4780-9d39-2244ce47b012/element [15.160458ms] ERR:404 body={"strategy":"-android uiautomator","selector":"new UiSelector().textMatches(\"(?is).*\\QThis never a...
14:07:13.205543 POST /session/b6037238-2dfb-4780-9d39-2244ce47b012/element [17.083959ms] ERR:404 body={"strategy":"-android uiautomator","selector":"new UiSelector().descriptionMatches(\"(?is).*\\QThis ...
14:07:13.222821 POST /session/b6037238-2dfb-4780-9d39-2244ce47b012/element [17.22175ms] ERR:404 body={"strategy":"-android uiautomator","selector":"new UiSelector().textContains(\"This never appears\")...
14:07:13.240262 POST /session/b6037238-2dfb-4780-9d39-2244ce47b012/element [17.382459ms] ERR:404 body={"strategy":"-android uiautomator","selector":"new UiSelector().descriptionContains(\"This never app...
14:07:13.257919 POST /session/b6037238-2dfb-4780-9d39-2244ce47b012/element [17.597125ms] ERR:404 body={"strategy":"-android uiautomator","selector":"new UiSelector().textMatches(\"(?is).*\\QThis never a...
14:07:13.274897 POST /session/b6037238-2dfb-4780-9d39-2244ce47b012/element [16.922958ms] ERR:404 body={"strategy":"-android uiautomator","selector":"new UiSelector().descriptionMatches(\"(?is).*\\QThis ...
14:07:13.292227 POST /session/b6037238-2dfb-4780-9d39-2244ce47b012/element [17.258875ms] ERR:404 body={"strategy":"-android uiautomator","selector":"new UiSelector().textContains(\"This never appears\")...
14:07:13.309530 POST /session/b6037238-2dfb-4780-9d39-2244ce47b012/element [17.217459ms] ERR:404 body={"strategy":"-android uiautomator","selector":"new UiSelector().descriptionContains(\"This never app...
14:07:13.325002 POST /session/b6037238-2dfb-4780-9d39-2244ce47b012/element [15.403416ms] ERR:404 body={"strategy":"-android uiautomator","selector":"new UiSelector().textMatches(\"(?is).*\\QThis never a...
14:07:13.345215 POST /session/b6037238-2dfb-4780-9d39-2244ce47b012/element [20.141291ms] ERR:404 body={"strategy":"-android uiautomator","selector":"new UiSelector().descriptionMatches(\"(?is).*\\QThis ...
14:07:13.361505 POST /session/b6037238-2dfb-4780-9d39-2244ce47b012/element [16.213459ms] ERR:404 body={"strategy":"-android uiautomator","selector":"new UiSelector().textContains(\"This never appears\")...
14:07:13.377579 POST /session/b6037238-2dfb-4780-9d39-2244ce47b012/element [15.984291ms] ERR:404 body={"strategy":"-android uiautomator","selector":"new UiSelector().descriptionContains(\"This never app...
14:07:13.394159 POST /session/b6037238-2dfb-4780-9d39-2244ce47b012/element [16.523959ms] ERR:404 body={"strategy":"-android uiautomator","selector":"new UiSelector().textMatches(\"(?is).*\\QThis never a...
14:07:13.413879 POST /session/b6037238-2dfb-4780-9d39-2244ce47b012/element [19.666166ms] ERR:404 body={"strategy":"-android uiautomator","selector":"new UiSelector().descriptionMatches(\"(?is).*\\QThis ...
14:07:13.436439 POST /session/b6037238-2dfb-4780-9d39-2244ce47b012/element [22.497334ms] ERR:404 body={"strategy":"-android uiautomator","selector":"new UiSelector().textContains(\"This never appears\")...
14:07:13.455433 POST /session/b6037238-2dfb-4780-9d39-2244ce47b012/element [18.916291ms] ERR:404 body={"strategy":"-android uiautomator","selector":"new UiSelector().descriptionContains(\"This never app...
14:07:13.473693 POST /session/b6037238-2dfb-4780-9d39-2244ce47b012/element [18.196625ms] ERR:404 body={"strategy":"-android uiautomator","selector":"new UiSelector().textMatches(\"(?is).*\\QThis never a...
14:07:13.492112 POST /session/b6037238-2dfb-4780-9d39-2244ce47b012/element [18.335416ms] ERR:404 body={"strategy":"-android uiautomator","selector":"new UiSelector().descriptionMatches(\"(?is).*\\QThis ...
14:07:13.509038 POST /session/b6037238-2dfb-4780-9d39-2244ce47b012/element [16.832917ms] ERR:404 body={"strategy":"-android uiautomator","selector":"new UiSelector().textContains(\"This never appears\")...
14:07:13.524155 POST /session/b6037238-2dfb-4780-9d39-2244ce47b012/element [15.050875ms] ERR:404 body={"strategy":"-android uiautomator","selector":"new UiSelector().descriptionContains(\"This never app...
14:07:13.540248 POST /session/b6037238-2dfb-4780-9d39-2244ce47b012/element [16.020125ms] ERR:404 body={"strategy":"-android uiautomator","selector":"new UiSelector().textMatches(\"(?is).*\\QThis never a...
14:07:13.556230 POST /session/b6037238-2dfb-4780-9d39-2244ce47b012/element [15.920958ms] ERR:404 body={"strategy":"-android uiautomator","selector":"new UiSelector().descriptionMatches(\"(?is).*\\QThis ...
14:07:13.571678 POST /session/b6037238-2dfb-4780-9d39-2244ce47b012/element [15.393375ms] ERR:404 body={"strategy":"-android uiautomator","selector":"new UiSelector().textContains(\"This never appears\")...
14:07:13.587022 POST /session/b6037238-2dfb-4780-9d39-2244ce47b012/element [15.288625ms] ERR:404 body={"strategy":"-android uiautomator","selector":"new UiSelector().descriptionContains(\"This never app...
14:07:13.602287 POST /session/b6037238-2dfb-4780-9d39-2244ce47b012/element [15.209542ms] ERR:404 body={"strategy":"-android uiautomator","selector":"new UiSelector().textMatches(\"(?is).*\\QThis never a...
14:07:13.615858 POST /session/b6037238-2dfb-4780-9d39-2244ce47b012/element [13.517209ms] ERR:404 body={"strategy":"-android uiautomator","selector":"new UiSelector().descriptionMatches(\"(?is).*\\QThis ...
14:07:13.629884 POST /session/b6037238-2dfb-4780-9d39-2244ce47b012/element [13.9735ms] ERR:404 body={"strategy":"-android uiautomator","selector":"new UiSelector().textContains(\"This never appears\")...
14:07:13.643715 POST /session/b6037238-2dfb-4780-9d39-2244ce47b012/element [13.788083ms] ERR:404 body={"strategy":"-android uiautomator","selector":"new UiSelector().descriptionContains(\"This never app...
14:07:13.659334 POST /session/b6037238-2dfb-4780-9d39-2244ce47b012/element [15.576084ms] ERR:404 body={"strategy":"-android uiautomator","selector":"new UiSelector().textMatches(\"(?is).*\\QThis never a...
14:07:13.673601 POST /session/b6037238-2dfb-4780-9d39-2244ce47b012/element [14.211542ms] ERR:404 body={"strategy":"-android uiautomator","selector":"new UiSelector().descriptionMatches(\"(?is).*\\QThis ...
14:07:13.688188 POST /session/b6037238-2dfb-4780-9d39-2244ce47b012/element [14.5365ms] ERR:404 body={"strategy":"-android uiautomator","selector":"new UiSelector().textContains(\"This never appears\")...
14:07:13.704013 POST /session/b6037238-2dfb-4780-9d39-2244ce47b012/element [15.767333ms] ERR:404 body={"strategy":"-android uiautomator","selector":"new UiSelector().descriptionContains(\"This never app...
14:07:13.719588 POST /session/b6037238-2dfb-4780-9d39-2244ce47b012/element [15.51925ms] ERR:404 body={"strategy":"-android uiautomator","selector":"new UiSelector().textMatches(\"(?is).*\\QThis never a...
14:07:13.735409 POST /session/b6037238-2dfb-4780-9d39-2244ce47b012/element [15.752125ms] ERR:404 body={"strategy":"-android uiautomator","selector":"new UiSelector().descriptionMatches(\"(?is).*\\QThis ...
14:07:13.750704 POST /session/b6037238-2dfb-4780-9d39-2244ce47b012/element [15.23275ms] ERR:404 body={"strategy":"-android uiautomator","selector":"new UiSelector().textContains(\"This never appears\")...
14:07:13.766015 POST /session/b6037238-2dfb-4780-9d39-2244ce47b012/element [15.262084ms] ERR:404 body={"strategy":"-android uiautomator","selector":"new UiSelector().descriptionContains(\"This never app...
14:07:13.781603 POST /session/b6037238-2dfb-4780-9d39-2244ce47b012/element [15.53275ms] ERR:404 body={"strategy":"-android uiautomator","selector":"new UiSelector().textMatches(\"(?is).*\\QThis never a...
14:07:13.796608 POST /session/b6037238-2dfb-4780-9d39-2244ce47b012/element [14.94225ms] ERR:404 body={"strategy":"-android uiautomator","selector":"new UiSelector().descriptionMatches(\"(?is).*\\QThis ...
14:07:13.811770 POST /session/b6037238-2dfb-4780-9d39-2244ce47b012/element [15.094208ms] ERR:404 body={"strategy":"-android uiautomator","selector":"new UiSelector().textContains(\"This never appears\")...
14:07:13.825906 POST /session/b6037238-2dfb-4780-9d39-2244ce47b012/element [14.085875ms] ERR:404 body={"strategy":"-android uiautomator","selector":"new UiSelector().descriptionContains(\"This never app...
14:07:13.838722 POST /session/b6037238-2dfb-4780-9d39-2244ce47b012/element [12.752ms] ERR:404 body={"strategy":"-android uiautomator","selector":"new UiSelector().textMatches(\"(?is).*\\QThis never a...
14:07:13.853147 POST /session/b6037238-2dfb-4780-9d39-2244ce47b012/element [14.383583ms] ERR:404 body={"strategy":"-android uiautomator","selector":"new UiSelector().descriptionMatches(\"(?is).*\\QThis ...
14:07:13.868395 POST /session/b6037238-2dfb-4780-9d39-2244ce47b012/element [15.207958ms] ERR:404 body={"strategy":"-android uiautomator","selector":"new UiSelector().textContains(\"This never appears\")...
14:07:13.882246 POST /session/b6037238-2dfb-4780-9d39-2244ce47b012/element [13.806875ms] ERR:404 body={"strategy":"-android uiautomator","selector":"new UiSelector().descriptionContains(\"This never app...
14:07:13.898448 POST /session/b6037238-2dfb-4780-9d39-2244ce47b012/element [16.138459ms] ERR:404 body={"strategy":"-android uiautomator","selector":"new UiSelector().textMatches(\"(?is).*\\QThis never a...
14:07:13.912888 POST /session/b6037238-2dfb-4780-9d39-2244ce47b012/element [14.3855ms] ERR:404 body={"strategy":"-android uiautomator","selector":"new UiSelector().descriptionMatches(\"(?is).*\\QThis ...
14:07:13.926328 POST /session/b6037238-2dfb-4780-9d39-2244ce47b012/element [13.392ms] ERR:404 body={"strategy":"-android uiautomator","selector":"new UiSelector().textContains(\"This never appears\")...
14:07:13.940787 POST /session/b6037238-2dfb-4780-9d39-2244ce47b012/element [14.415542ms] ERR:404 body={"strategy":"-android uiautomator","selector":"new UiSelector().descriptionContains(\"This never app...
14:07:13.954980 POST /session/b6037238-2dfb-4780-9d39-2244ce47b012/element [14.146ms] ERR:404 body={"strategy":"-android uiautomator","selector":"new UiSelector().textMatches(\"(?is).*\\QThis never a...
14:07:13.968969 POST /session/b6037238-2dfb-4780-9d39-2244ce47b012/element [13.93375ms] ERR:404 body={"strategy":"-android uiautomator","selector":"new UiSelector().descriptionMatches(\"(?is).*\\QThis ...
14:07:13.982961 POST /session/b6037238-2dfb-4780-9d39-2244ce47b012/element [13.95425ms] ERR:404 body={"strategy":"-android uiautomator","selector":"new UiSelector().textContains(\"This never appears\")...
14:07:13.997600 POST /session/b6037238-2dfb-4780-9d39-2244ce47b012/element [14.597833ms] ERR:404 body={"strategy":"-android uiautomator","selector":"new UiSelector().descriptionContains(\"This never app...
14:07:14.011213 POST /session/b6037238-2dfb-4780-9d39-2244ce47b012/element [13.574792ms] ERR:404 body={"strategy":"-android uiautomator","selector":"new UiSelector().textMatches(\"(?is).*\\QThis never a...
14:07:14.026034 POST /session/b6037238-2dfb-4780-9d39-2244ce47b012/element [14.787292ms] ERR:404 body={"strategy":"-android uiautomator","selector":"new UiSelector().descriptionMatches(\"(?is).*\\QThis ...
14:07:14.041656 POST /session/b6037238-2dfb-4780-9d39-2244ce47b012/element [15.571958ms] ERR:404 body={"strategy":"-android uiautomator","selector":"new UiSelector().textContains(\"This never appears\")...
14:07:14.056875 POST /session/b6037238-2dfb-4780-9d39-2244ce47b012/element [15.175209ms] ERR:404 body={"strategy":"-android uiautomator","selector":"new UiSelector().descriptionContains(\"This never app...
14:07:14.070903 POST /session/b6037238-2dfb-4780-9d39-2244ce47b012/element [13.985208ms] ERR:404 body={"strategy":"-android uiautomator","selector":"new UiSelector().textMatches(\"(?is).*\\QThis never a...
14:07:14.085190 POST /session/b6037238-2dfb-4780-9d39-2244ce47b012/element [14.235959ms] ERR:404 body={"strategy":"-android uiautomator","selector":"new UiSelector().descriptionMatches(\"(?is).*\\QThis ...
14:07:14.100224 POST /session/b6037238-2dfb-4780-9d39-2244ce47b012/element [14.9735ms] ERR:404 body={"strategy":"-android uiautomator","selector":"new UiSelector().textContains(\"This never appears\")...
14:07:14.114643 POST /session/b6037238-2dfb-4780-9d39-2244ce47b012/element [14.384708ms] ERR:404 body={"strategy":"-android uiautomator","selector":"new UiSelector().descriptionContains(\"This never app...
14:07:14.130356 POST /session/b6037238-2dfb-4780-9d39-2244ce47b012/element [15.657ms] ERR:404 body={"strategy":"-android uiautomator","selector":"new UiSelector().textMatches(\"(?is).*\\QThis never a...
14:07:14.147900 POST /session/b6037238-2dfb-4780-9d39-2244ce47b012/element [17.489ms] ERR:404 body={"strategy":"-android uiautomator","selector":"new UiSelector().descriptionMatches(\"(?is).*\\QThis ...
14:07:14.158402 POST /session/b6037238-2dfb-4780-9d39-2244ce47b012/element [10.44075ms] ERR:404 body={"strategy":"-android uiautomator","selector":"new UiSelector().textContains(\"This never appears\")...
14:07:14.177447 POST /session/b6037238-2dfb-4780-9d39-2244ce47b012/element [18.971458ms] ERR:404 body={"strategy":"-android uiautomator","selector":"new UiSelector().descriptionContains(\"This never app...
14:07:14.196535 POST /session/b6037238-2dfb-4780-9d39-2244ce47b012/element [19.001375ms] ERR:404 body={"strategy":"-android uiautomator","selector":"new UiSelector().textMatches(\"(?is).*\\QThis never a...
14:07:14.213602 POST /session/b6037238-2dfb-4780-9d39-2244ce47b012/element [16.99325ms] ERR:404 body={"strategy":"-android uiautomator","selector":"new UiSelector().descriptionMatches(\"(?is).*\\QThis ...
14:07:14.237209 POST /session/b6037238-2dfb-4780-9d39-2244ce47b012/element [23.540625ms] ERR:404 body={"strategy":"-android uiautomator","selector":"new UiSelector().textContains(\"This never appears\")...
14:07:14.252871 POST /session/b6037238-2dfb-4780-9d39-2244ce47b012/element [15.603292ms] ERR:404 body={"strategy":"-android uiautomator","selector":"new UiSelector().descriptionContains(\"This never app...
14:07:14.267051 POST /session/b6037238-2dfb-4780-9d39-2244ce47b012/element [14.108375ms] ERR:404 body={"strategy":"-android uiautomator","selector":"new UiSelector().textMatches(\"(?is).*\\QThis never a...
14:07:14.279746 POST /session/b6037238-2dfb-4780-9d39-2244ce47b012/element [12.647917ms] ERR:404 body={"strategy":"-android uiautomator","selector":"new UiSelector().descriptionMatches(\"(?is).*\\QThis ...
14:07:14.295080 POST /session/b6037238-2dfb-4780-9d39-2244ce47b012/element [15.283667ms] ERR:404 body={"strategy":"-android uiautomator","selector":"new UiSelector().textContains(\"This never appears\")...
14:07:14.309266 POST /session/b6037238-2dfb-4780-9d39-2244ce47b012/element [14.140458ms] ERR:404 body={"strategy":"-android uiautomator","selector":"new UiSelector().descriptionContains(\"This never app...
14:07:14.322575 POST /session/b6037238-2dfb-4780-9d39-2244ce47b012/element [13.266833ms] ERR:404 body={"strategy":"-android uiautomator","selector":"new UiSelector().textMatches(\"(?is).*\\QThis never a...
14:07:14.336225 POST /session/b6037238-2dfb-4780-9d39-2244ce47b012/element [13.614125ms] ERR:404 body={"strategy":"-android uiautomator","selector":"new UiSelector().descriptionMatches(\"(?is).*\\QThis ...
14:07:14.350494 POST /session/b6037238-2dfb-4780-9d39-2244ce47b012/element [14.223917ms] ERR:404 body={"strategy":"-android uiautomator","selector":"new UiSelector().textContains(\"This never appears\")...
14:07:14.367612 POST /session/b6037238-2dfb-4780-9d39-2244ce47b012/element [17.069667ms] ERR:404 body={"strategy":"-android uiautomator","selector":"new UiSelector().descriptionContains(\"This never app...
14:07:14.388546 POST /session/b6037238-2dfb-4780-9d39-2244ce47b012/element [20.876083ms] ERR:404 body={"strategy":"-android uiautomator","selector":"new UiSelector().textMatches(\"(?is).*\\QThis never a...
14:07:14.404795 POST /session/b6037238-2dfb-4780-9d39-2244ce47b012/element [16.192292ms] ERR:404 body={"strategy":"-android uiautomator","selector":"new UiSelector().descriptionMatches(\"(?is).*\\QThis ...
14:07:14.419558 POST /session/b6037238-2dfb-4780-9d39-2244ce47b012/element [14.711084ms] ERR:404 body={"strategy":"-android uiautomator","selector":"new UiSelector().textContains(\"This never appears\")...
14:07:14.436588 POST /session/b6037238-2dfb-4780-9d39-2244ce47b012/element [16.981416ms] ERR:404 body={"strategy":"-android uiautomator","selector":"new UiSelector().descriptionContains(\"This never app...
14:07:14.454534 POST /session/b6037238-2dfb-4780-9d39-2244ce47b012/element [17.875666ms] ERR:404 body={"strategy":"-android uiautomator","selector":"new UiSelector().textMatches(\"(?is).*\\QThis never a...
14:07:14.470037 POST /session/b6037238-2dfb-4780-9d39-2244ce47b012/element [15.449583ms] ERR:404 body={"strategy":"-android uiautomator","selector":"new UiSelector().descriptionMatches(\"(?is).*\\QThis ...
14:07:14.485609 POST /session/b6037238-2dfb-4780-9d39-2244ce47b012/element [15.5205ms] ERR:404 body={"strategy":"-android uiautomator","selector":"new UiSelector().textContains(\"This never appears\")...
14:07:14.500104 POST /session/b6037238-2dfb-4780-9d39-2244ce47b012/element [14.449875ms] ERR:404 body={"strategy":"-android uiautomator","selector":"new UiSelector().descriptionContains(\"This never app...
14:07:14.516484 POST /session/b6037238-2dfb-4780-9d39-2244ce47b012/element [16.328291ms] ERR:404 body={"strategy":"-android uiautomator","selector":"new UiSelector().textMatches(\"(?is).*\\QThis never a...
14:07:14.539094 POST /session/b6037238-2dfb-4780-9d39-2244ce47b012/element [22.526459ms] ERR:404 body={"strategy":"-android uiautomator","selector":"new UiSelector().descriptionMatches(\"(?is).*\\QThis ...
14:07:14.557044 POST /session/b6037238-2dfb-4780-9d39-2244ce47b012/element [17.890333ms] ERR:404 body={"strategy":"-android uiautomator","selector":"new UiSelector().textContains(\"This never appears\")...
14:07:14.573456 POST /session/b6037238-2dfb-4780-9d39-2244ce47b012/element [16.356792ms] ERR:404 body={"strategy":"-android uiautomator","selector":"new UiSelector().descriptionContains(\"This never app...
14:07:14.588824 POST /session/b6037238-2dfb-4780-9d39-2244ce47b012/element [15.309292ms] ERR:404 body={"strategy":"-android uiautomator","selector":"new UiSelector().textMatches(\"(?is).*\\QThis never a...
14:07:14.606370 POST /session/b6037238-2dfb-4780-9d39-2244ce47b012/element [17.487166ms] ERR:404 body={"strategy":"-android uiautomator","selector":"new UiSelector().descriptionMatches(\"(?is).*\\QThis ...
14:07:14.634467 POST /session/b6037238-2dfb-4780-9d39-2244ce47b012/element [28.034625ms] ERR:404 body={"strategy":"-android uiautomator","selector":"new UiSelector().textContains(\"This never appears\")...
14:07:14.650608 POST /session/b6037238-2dfb-4780-9d39-2244ce47b012/element [16.086084ms] ERR:404 body={"strategy":"-android uiautomator","selector":"new UiSelector().descriptionContains(\"This never app...
14:07:14.674442 POST /session/b6037238-2dfb-4780-9d39-2244ce47b012/element [23.773833ms] ERR:404 body={"strategy":"-android uiautomator","selector":"new UiSelector().textMatches(\"(?is).*\\QThis never a...
14:07:14.692302 POST /session/b6037238-2dfb-4780-9d39-2244ce47b012/element [17.791167ms] ERR:404 body={"strategy":"-android uiautomator","selector":"new UiSelector().descriptionMatches(\"(?is).*\\QThis ...
14:07:14.712227 POST /session/b6037238-2dfb-4780-9d39-2244ce47b012/element [19.861042ms] ERR:404 body={"strategy":"-android uiautomator","selector":"new UiSelector().textContains(\"This never appears\")...
14:07:14.740567 POST /session/b6037238-2dfb-4780-9d39-2244ce47b012/element [28.271708ms] ERR:404 body={"strategy":"-android uiautomator","selector":"new UiSelector().descriptionContains(\"This never app...
14:07:14.756105 POST /session/b6037238-2dfb-4780-9d39-2244ce47b012/element [15.471917ms] ERR:404 body={"strategy":"-android uiautomator","selector":"new UiSelector().textMatches(\"(?is).*\\QThis never a...
14:07:14.781808 POST /session/b6037238-2dfb-4780-9d39-2244ce47b012/element [25.633083ms] ERR:404 body={"strategy":"-android uiautomator","selector":"new UiSelector().descriptionMatches(\"(?is).*\\QThis ...
14:07:14.800645 POST /session/b6037238-2dfb-4780-9d39-2244ce47b012/element [18.777125ms] ERR:404 body={"strategy":"-android uiautomator","selector":"new UiSelector().textContains(\"This never appears\")...
14:07:14.817441 POST /session/b6037238-2dfb-4780-9d39-2244ce47b012/element [16.737875ms] ERR:404 body={"strategy":"-android uiautomator","selector":"new UiSelector().descriptionContains(\"This never app...
14:07:14.834470 POST /session/b6037238-2dfb-4780-9d39-2244ce47b012/element [16.968834ms] ERR:404 body={"strategy":"-android uiautomator","selector":"new UiSelector().textMatches(\"(?is).*\\QThis never a...
14:07:14.851196 POST /session/b6037238-2dfb-4780-9d39-2244ce47b012/element [16.673875ms] ERR:404 body={"strategy":"-android uiautomator","selector":"new UiSelector().descriptionMatches(\"(?is).*\\QThis ...
14:07:14.869660 POST /session/b6037238-2dfb-4780-9d39-2244ce47b012/element [18.398666ms] ERR:404 body={"strategy":"-android uiautomator","selector":"new UiSelector().textContains(\"This never appears\")...
14:07:14.886227 POST /session/b6037238-2dfb-4780-9d39-2244ce47b012/element [16.494917ms] ERR:404 body={"strategy":"-android uiautomator","selector":"new UiSelector().descriptionContains(\"This never app...
14:07:14.904633 POST /session/b6037238-2dfb-4780-9d39-2244ce47b012/element [18.341708ms] ERR:404 body={"strategy":"-android uiautomator","selector":"new UiSelector().textMatches(\"(?is).*\\QThis never a...
14:07:14.919353 POST /session/b6037238-2dfb-4780-9d39-2244ce47b012/element [14.652708ms] ERR:404 body={"strategy":"-android uiautomator","selector":"new UiSelector().descriptionMatches(\"(?is).*\\QThis ...
14:07:14.937957 POST /session/b6037238-2dfb-4780-9d39-2244ce47b012/element [18.538084ms] ERR:404 body={"strategy":"-android uiautomator","selector":"new UiSelector().textContains(\"This never appears\")...
14:07:14.948173 POST /session/b6037238-2dfb-4780-9d39-2244ce47b012/element [10.147375ms] ERR:404 body={"strategy":"-android uiautomator","selector":"new UiSelector().descriptionContains(\"This never app...
14:07:14.970100 POST /session/b6037238-2dfb-4780-9d39-2244ce47b012/element [21.873417ms] ERR:404 body={"strategy":"-android uiautomator","selector":"new UiSelector().textMatches(\"(?is).*\\QThis never a...
14:07:14.994681 POST /session/b6037238-2dfb-4780-9d39-2244ce47b012/element [24.509208ms] ERR:404 body={"strategy":"-android uiautomator","selector":"new UiSelector().descriptionMatches(\"(?is).*\\QThis ...
14:07:15.011397 POST /session/b6037238-2dfb-4780-9d39-2244ce47b012/element [16.626ms] ERR:404 body={"strategy":"-android uiautomator","selector":"new UiSelector().textContains(\"This never appears\")...
14:07:15.031466 POST /session/b6037238-2dfb-4780-9d39-2244ce47b012/element [20.0015ms] ERR:404 body={"strategy":"-android uiautomator","selector":"new UiSelector().descriptionContains(\"This never app...
14:07:15.051365 POST /session/b6037238-2dfb-4780-9d39-2244ce47b012/element [19.822125ms] ERR:404 body={"strategy":"-android uiautomator","selector":"new UiSelector().textMatches(\"(?is).*\\QThis never a...
14:07:15.068723 POST /session/b6037238-2dfb-4780-9d39-2244ce47b012/element [17.286709ms] ERR:404 body={"strategy":"-android uiautomator","selector":"new UiSelector().descriptionMatches(\"(?is).*\\QThis ...
14:07:15.085928 POST /session/b6037238-2dfb-4780-9d39-2244ce47b012/element [17.1445ms] ERR:404 body={"strategy":"-android uiautomator","selector":"new UiSelector().textContains(\"This never appears\")...
14:07:15.107566 POST /session/b6037238-2dfb-4780-9d39-2244ce47b012/element [21.572833ms] ERR:404 body={"strategy":"-android uiautomator","selector":"new UiSelector().descriptionContains(\"This never app...
14:07:15.123846 POST /session/b6037238-2dfb-4780-9d39-2244ce47b012/element [16.217333ms] ERR:404 body={"strategy":"-android uiautomator","selector":"new UiSelector().textMatches(\"(?is).*\\QThis never a...
14:07:15.141831 POST /session/b6037238-2dfb-4780-9d39-2244ce47b012/element [17.915833ms] ERR:404 body={"strategy":"-android uiautomator","selector":"new UiSelector().descriptionMatches(\"(?is).*\\QThis ...
14:07:15.159418 POST /session/b6037238-2dfb-4780-9d39-2244ce47b012/element [17.520834ms] ERR:404 body={"strategy":"-android uiautomator","selector":"new UiSelector().textContains(\"This never appears\")...
14:07:15.178113 POST /session/b6037238-2dfb-4780-9d39-2244ce47b012/element [18.611416ms] ERR:404 body={"strategy":"-android uiautomator","selector":"new UiSelector().descriptionContains(\"This never app...
14:07:15.195930 POST /session/b6037238-2dfb-4780-9d39-2244ce47b012/element [17.72575ms] ERR:404 body={"strategy":"-android uiautomator","selector":"new UiSelector().textMatches(\"(?is).*\\QThis never a...
14:07:15.211132 POST /session/b6037238-2dfb-4780-9d39-2244ce47b012/element [15.120875ms] ERR:404 body={"strategy":"-android uiautomator","selector":"new UiSelector().descriptionMatches(\"(?is).*\\QThis ...
14:07:15.227800 POST /session/b6037238-2dfb-4780-9d39-2244ce47b012/element [16.607667ms] ERR:404 body={"strategy":"-android uiautomator","selector":"new UiSelector().textContains(\"This never appears\")...
14:07:15.242048 POST /session/b6037238-2dfb-4780-9d39-2244ce47b012/element [14.185625ms] ERR:404 body={"strategy":"-android uiautomator","selector":"new UiSelector().descriptionContains(\"This never app...
14:07:15.259043 POST /session/b6037238-2dfb-4780-9d39-2244ce47b012/element [16.927875ms] ERR:404 body={"strategy":"-android uiautomator","selector":"new UiSelector().textMatches(\"(?is).*\\QThis never a...
14:07:15.274148 POST /session/b6037238-2dfb-4780-9d39-2244ce47b012/element [15.040917ms] ERR:404 body={"strategy":"-android uiautomator","selector":"new UiSelector().descriptionMatches(\"(?is).*\\QThis ...
14:07:15.291179 POST /session/b6037238-2dfb-4780-9d39-2244ce47b012/element [16.972417ms] ERR:404 body={"strategy":"-android uiautomator","selector":"new UiSelector().textContains(\"This never appears\")...
14:07:15.307688 POST /session/b6037238-2dfb-4780-9d39-2244ce47b012/element [16.439791ms] ERR:404 body={"strategy":"-android uiautomator","selector":"new UiSelector().descriptionContains(\"This never app...
14:07:15.323357 POST /session/b6037238-2dfb-4780-9d39-2244ce47b012/element [15.611ms] ERR:404 body={"strategy":"-android uiautomator","selector":"new UiSelector().textMatches(\"(?is).*\\QThis never a...
14:07:15.338151 POST /session/b6037238-2dfb-4780-9d39-2244ce47b012/element [14.716709ms] ERR:404 body={"strategy":"-android uiautomator","selector":"new UiSelector().descriptionMatches(\"(?is).*\\QThis ...
14:07:15.356303 POST /session/b6037238-2dfb-4780-9d39-2244ce47b012/element [18.075667ms] ERR:404 body={"strategy":"-android uiautomator","selector":"new UiSelector().textContains(\"This never appears\")...
14:07:15.369456 POST /session/b6037238-2dfb-4780-9d39-2244ce47b012/element [13.097ms] ERR:404 body={"strategy":"-android uiautomator","selector":"new UiSelector().descriptionContains(\"This never app...
14:07:15.383694 POST /session/b6037238-2dfb-4780-9d39-2244ce47b012/element [14.168542ms] ERR:404 body={"strategy":"-android uiautomator","selector":"new UiSelector().textMatches(\"(?is).*\\QThis never a...
14:07:15.400415 POST /session/b6037238-2dfb-4780-9d39-2244ce47b012/element [16.675542ms] ERR:404 body={"strategy":"-android uiautomator","selector":"new UiSelector().descriptionMatches(\"(?is).*\\QThis ...
14:07:15.415222 POST /session/b6037238-2dfb-4780-9d39-2244ce47b012/element [14.752667ms] ERR:404 body={"strategy":"-android uiautomator","selector":"new UiSelector().textContains(\"This never appears\")...
14:07:15.430008 POST /session/b6037238-2dfb-4780-9d39-2244ce47b012/element [14.73525ms] ERR:404 body={"strategy":"-android uiautomator","selector":"new UiSelector().descriptionContains(\"This never app...
14:07:15.442875 POST /session/b6037238-2dfb-4780-9d39-2244ce47b012/element [12.821667ms] ERR:404 body={"strategy":"-android uiautomator","selector":"new UiSelector().textMatches(\"(?is).*\\QThis never a...
14:07:15.456823 POST /session/b6037238-2dfb-4780-9d39-2244ce47b012/element [13.892375ms] ERR:404 body={"strategy":"-android uiautomator","selector":"new UiSelector().descriptionMatches(\"(?is).*\\QThis ...
14:07:15.471190 POST /session/b6037238-2dfb-4780-9d39-2244ce47b012/element [14.311458ms] ERR:404 body={"strategy":"-android uiautomator","selector":"new UiSelector().textContains(\"This never appears\")...
14:07:15.488277 POST /session/b6037238-2dfb-4780-9d39-2244ce47b012/element [17.034958ms] ERR:404 body={"strategy":"-android uiautomator","selector":"new UiSelector().descriptionContains(\"This never app...
14:07:15.503104 POST /session/b6037238-2dfb-4780-9d39-2244ce47b012/element [14.765959ms] ERR:404 body={"strategy":"-android uiautomator","selector":"new UiSelector().textMatches(\"(?is).*\\QThis never a...
14:07:15.513718 POST /session/b6037238-2dfb-4780-9d39-2244ce47b012/element [10.552125ms] ERR:404 body={"strategy":"-android uiautomator","selector":"new UiSelector().descriptionMatches(\"(?is).*\\QThis ...
14:07:15.528079 POST /session/b6037238-2dfb-4780-9d39-2244ce47b012/element [14.320917ms] ERR:404 body={"strategy":"-android uiautomator","selector":"new UiSelector().textContains(\"This never appears\")...
14:07:15.540685 POST /session/b6037238-2dfb-4780-9d39-2244ce47b012/element [12.533125ms] ERR:404 body={"strategy":"-android uiautomator","selector":"new UiSelector().descriptionContains(\"This never app...
14:07:15.556268 POST /session/b6037238-2dfb-4780-9d39-2244ce47b012/element [15.489458ms] ERR:404 body={"strategy":"-android uiautomator","selector":"new UiSelector().textMatches(\"(?is).*\\QThis never a...
14:07:15.568270 POST /session/b6037238-2dfb-4780-9d39-2244ce47b012/element [11.937958ms] ERR:404 body={"strategy":"-android uiautomator","selector":"new UiSelector().descriptionMatches(\"(?is).*\\QThis ...
14:07:15.581829 POST /session/b6037238-2dfb-4780-9d39-2244ce47b012/element [13.500708ms] ERR:404 body={"strategy":"-android uiautomator","selector":"new UiSelector().textContains(\"This never appears\")...
14:07:15.595211 POST /session/b6037238-2dfb-4780-9d39-2244ce47b012/element [13.324708ms] ERR:404 body={"strategy":"-android uiautomator","selector":"new UiSelector().descriptionContains(\"This never app...
14:07:15.612221 POST /session/b6037238-2dfb-4780-9d39-2244ce47b012/element [16.959625ms] ERR:404 body={"strategy":"-android uiautomator","selector":"new UiSelector().textMatches(\"(?is).*\\QThis never a...
14:07:15.626402 POST /session/b6037238-2dfb-4780-9d39-2244ce47b012/element [14.118584ms] ERR:404 body={"strategy":"-android uiautomator","selector":"new UiSelector().descriptionMatches(\"(?is).*\\QThis ...
14:07:15.638374 POST /session/b6037238-2dfb-4780-9d39-2244ce47b012/element [11.918167ms] ERR:404 body={"strategy":"-android uiautomator","selector":"new UiSelector().textContains(\"This never appears\")...
14:07:15.652668 POST /session/b6037238-2dfb-4780-9d39-2244ce47b012/element [14.2395ms] ERR:404 body={"strategy":"-android uiautomator","selector":"new UiSelector().descriptionContains(\"This never app...
14:07:15.668613 POST /session/b6037238-2dfb-4780-9d39-2244ce47b012/element [15.887042ms] ERR:404 body={"strategy":"-android uiautomator","selector":"new UiSelector().textMatches(\"(?is).*\\QThis never a...
14:07:15.684159 POST /session/b6037238-2dfb-4780-9d39-2244ce47b012/element [15.488542ms] ERR:404 body={"strategy":"-android uiautomator","selector":"new UiSelector().descriptionMatches(\"(?is).*\\QThis ...
14:07:15.698212 POST /session/b6037238-2dfb-4780-9d39-2244ce47b012/element [13.987416ms] ERR:404 body={"strategy":"-android uiautomator","selector":"new UiSelector().textContains(\"This never appears\")...
14:07:15.712834 POST /session/b6037238-2dfb-4780-9d39-2244ce47b012/element [14.565792ms] ERR:404 body={"strategy":"-android uiautomator","selector":"new UiSelector().descriptionContains(\"This never app...
14:07:15.730373 POST /session/b6037238-2dfb-4780-9d39-2244ce47b012/element [17.469916ms] ERR:404 body={"strategy":"-android uiautomator","selector":"new UiSelector().textMatches(\"(?is).*\\QThis never a...
14:07:15.741800 POST /session/b6037238-2dfb-4780-9d39-2244ce47b012/element [11.359958ms] ERR:404 body={"strategy":"-android uiautomator","selector":"new UiSelector().descriptionMatches(\"(?is).*\\QThis ...
14:07:15.751990 POST /session/b6037238-2dfb-4780-9d39-2244ce47b012/element [10.131041ms] ERR:404 body={"strategy":"-android uiautomator","selector":"new UiSelector().textContains(\"This never appears\")...
14:07:15.765874 POST /session/b6037238-2dfb-4780-9d39-2244ce47b012/element [13.827708ms] ERR:404 body={"strategy":"-android uiautomator","selector":"new UiSelector().descriptionContains(\"This never app...
14:07:15.778108 POST /session/b6037238-2dfb-4780-9d39-2244ce47b012/element [12.175125ms] ERR:404 body={"strategy":"-android uiautomator","selector":"new UiSelector().textMatches(\"(?is).*\\QThis never a...
14:07:15.789995 POST /session/b6037238-2dfb-4780-9d39-2244ce47b012/element [11.834083ms] ERR:404 body={"strategy":"-android uiautomator","selector":"new UiSelector().descriptionMatches(\"(?is).*\\QThis ...
14:07:15.803218 POST /session/b6037238-2dfb-4780-9d39-2244ce47b012/element [13.160791ms] ERR:404 body={"strategy":"-android uiautomator","selector":"new UiSelector().textContains(\"This never appears\")...
14:07:15.815737 POST /session/b6037238-2dfb-4780-9d39-2244ce47b012/element [12.46125ms] ERR:404 body={"strategy":"-android uiautomator","selector":"new UiSelector().descriptionContains(\"This never app...
14:07:15.828636 POST /session/b6037238-2dfb-4780-9d39-2244ce47b012/element [12.845458ms] ERR:404 body={"strategy":"-android uiautomator","selector":"new UiSelector().textMatches(\"(?is).*\\QThis never a...
14:07:15.838703 POST /session/b6037238-2dfb-4780-9d39-2244ce47b012/element [9.997875ms] ERR:404 body={"strategy":"-android uiautomator","selector":"new UiSelector().descriptionMatches(\"(?is).*\\QThis ...
14:07:15.852675 POST /session/b6037238-2dfb-4780-9d39-2244ce47b012/element [13.898709ms] ERR:404 body={"strategy":"-android uiautomator","selector":"new UiSelector().textContains(\"This never appears\")...
14:07:15.865390 POST /session/b6037238-2dfb-4780-9d39-2244ce47b012/element [12.657292ms] ERR:404 body={"strategy":"-android uiautomator","selector":"new UiSelector().descriptionContains(\"This never app...
14:07:15.877443 POST /session/b6037238-2dfb-4780-9d39-2244ce47b012/element [12.009958ms] ERR:404 body={"strategy":"-android uiautomator","selector":"new UiSelector().textMatches(\"(?is).*\\QThis never a...
14:07:15.889978 POST /session/b6037238-2dfb-4780-9d39-2244ce47b012/element [12.481041ms] ERR:404 body={"strategy":"-android uiautomator","selector":"new UiSelector().descriptionMatches(\"(?is).*\\QThis ...
14:07:15.902963 POST /session/b6037238-2dfb-4780-9d39-2244ce47b012/element [12.941084ms] ERR:404 body={"strategy":"-android uiautomator","selector":"new UiSelector().textContains(\"This never appears\")...
14:07:15.918430 POST /session/b6037238-2dfb-4780-9d39-2244ce47b012/element [15.359875ms] ERR:404 body={"strategy":"-android uiautomator","selector":"new UiSelector().descriptionContains(\"This never app...
14:07:15.928570 POST /session/b6037238-2dfb-4780-9d39-2244ce47b012/element [10.080834ms] ERR:404 body={"strategy":"-android uiautomator","selector":"new UiSelector().textMatches(\"(?is).*\\QThis never a...
14:07:15.939411 POST /session/b6037238-2dfb-4780-9d39-2244ce47b012/element [10.800584ms] ERR:404 body={"strategy":"-android uiautomator","selector":"new UiSelector().descriptionMatches(\"(?is).*\\QThis ...
14:07:15.950886 POST /session/b6037238-2dfb-4780-9d39-2244ce47b012/element [11.428625ms] ERR:404 body={"strategy":"-android uiautomator","selector":"new UiSelector().textContains(\"This never appears\")...
14:07:15.966956 POST /session/b6037238-2dfb-4780-9d39-2244ce47b012/element [16.02975ms] ERR:404 body={"strategy":"-android uiautomator","selector":"new UiSelector().descriptionContains(\"This never app...
14:07:15.982387 POST /session/b6037238-2dfb-4780-9d39-2244ce47b012/element [15.36725ms] ERR:404 body={"strategy":"-android uiautomator","selector":"new UiSelector().textMatches(\"(?is).*\\QThis never a...
14:07:15.996283 POST /session/b6037238-2dfb-4780-9d39-2244ce47b012/element [13.82525ms] ERR:404 body={"strategy":"-android uiautomator","selector":"new UiSelector().descriptionMatches(\"(?is).*\\QThis ...
14:07:16.010383 POST /session/b6037238-2dfb-4780-9d39-2244ce47b012/element [14.034875ms] ERR:404 body={"strategy":"-android uiautomator","selector":"new UiSelector().textContains(\"This never appears\")...
14:07:16.021037 POST /session/b6037238-2dfb-4780-9d39-2244ce47b012/element [10.577417ms] ERR:404 body={"strategy":"-android uiautomator","selector":"new UiSelector().descriptionContains(\"This never app...
14:07:16.036207 POST /session/b6037238-2dfb-4780-9d39-2244ce47b012/element [15.104583ms] ERR:404 body={"strategy":"-android uiautomator","selector":"new UiSelector().textMatches(\"(?is).*\\QThis never a...
14:07:16.050212 POST /session/b6037238-2dfb-4780-9d39-2244ce47b012/element [13.942125ms] ERR:404 body={"strategy":"-android uiautomator","selector":"new UiSelector().descriptionMatches(\"(?is).*\\QThis ...
14:07:16.070588 POST /session/b6037238-2dfb-4780-9d39-2244ce47b012/element [20.306041ms] ERR:404 body={"strategy":"-android uiautomator","selector":"new UiSelector().textContains(\"This never appears\")...
14:07:16.084558 POST /session/b6037238-2dfb-4780-9d39-2244ce47b012/element [13.879666ms] ERR:404 body={"strategy":"-android uiautomator","selector":"new UiSelector().descriptionContains(\"This never app...
14:07:16.095618 POST /session/b6037238-2dfb-4780-9d39-2244ce47b012/element [10.989375ms] ERR:404 body={"strategy":"-android uiautomator","selector":"new UiSelector().textMatches(\"(?is).*\\QThis never a...
14:07:16.121990 POST /session/b6037238-2dfb-4780-9d39-2244ce47b012/element [26.309625ms] ERR:404 body={"strategy":"-android uiautomator","selector":"new UiSelector().descriptionMatches(\"(?is).*\\QThis ...
14:07:16.132082 POST /session/b6037238-2dfb-4780-9d39-2244ce47b012/element [10.024167ms] ERR:404 body={"strategy":"-android uiautomator","selector":"new UiSelector().textContains(\"This never appears\")...
14:07:16.146232 POST /session/b6037238-2dfb-4780-9d39-2244ce47b012/element [14.083917ms] ERR:404 body={"strategy":"-android uiautomator","selector":"new UiSelector().descriptionContains(\"This never app...
14:07:16.164869 POST /session/b6037238-2dfb-4780-9d39-2244ce47b012/element [18.575083ms] ERR:404 body={"strategy":"-android uiautomator","selector":"new UiSelector().textMatches(\"(?is).*\\QThis never a...
14:07:16.226193 POST /session/b6037238-2dfb-4780-9d39-2244ce47b012/element [61.269ms] ERR:404 body={"strategy":"-android uiautomator","selector":"new UiSelector().descriptionMatches(\"(?is).*\\QThis ...
14:07:16.281692 POST /session/b6037238-2dfb-4780-9d39-2244ce47b012/element [55.180708ms] ERR:404 body={"strategy":"-android uiautomator","selector":"new UiSelector().textContains(\"This never appears\")...
14:07:16.325938 POST /session/b6037238-2dfb-4780-9d39-2244ce47b012/element [44.192375ms] ERR:404 body={"strategy":"-android uiautomator","selector":"new UiSelector().descriptionContains(\"This never app...
14:07:16.342129 POST /session/b6037238-2dfb-4780-9d39-2244ce47b012/element [16.132708ms] ERR:404 body={"strategy":"-android uiautomator","selector":"new UiSelector().textMatches(\"(?is).*\\QThis never a...
14:07:16.408679 POST /session/b6037238-2dfb-4780-9d39-2244ce47b012/element [66.477292ms] ERR:404 body={"strategy":"-android uiautomator","selector":"new UiSelector().descriptionMatches(\"(?is).*\\QThis ...
14:07:16.430451 POST /session/b6037238-2dfb-4780-9d39-2244ce47b012/element [21.662417ms] ERR:404 body={"strategy":"-android uiautomator","selector":"new UiSelector().textContains(\"This never appears\")...
14:07:16.451900 POST /session/b6037238-2dfb-4780-9d39-2244ce47b012/element [21.336959ms] ERR:404 body={"strategy":"-android uiautomator","selector":"new UiSelector().descriptionContains(\"This never app...
14:07:16.480593 POST /session/b6037238-2dfb-4780-9d39-2244ce47b012/element [28.590083ms] ERR:404 body={"strategy":"-android uiautomator","selector":"new UiSelector().textMatches(\"(?is).*\\QThis never a...
14:07:16.517320 POST /session/b6037238-2dfb-4780-9d39-2244ce47b012/element [36.621333ms] ERR:404 body={"strategy":"-android uiautomator","selector":"new UiSelector().descriptionMatches(\"(?is).*\\QThis ...
14:07:16.535597 POST /session/b6037238-2dfb-4780-9d39-2244ce47b012/element [18.211333ms] ERR:404 body={"strategy":"-android uiautomator","selector":"new UiSelector().textContains(\"This never appears\")...
14:07:16.559470 POST /session/b6037238-2dfb-4780-9d39-2244ce47b012/element [23.781958ms] ERR:404 body={"strategy":"-android uiautomator","selector":"new UiSelector().descriptionContains(\"This never app...
14:07:16.574762 POST /session/b6037238-2dfb-4780-9d39-2244ce47b012/element [11.914167ms] ERR:404 body={"strategy":"-android uiautomator","selector":"new UiSelector().textMatches(\"(?is).*\\QThis never a...
14:07:16.591754 POST /session/b6037238-2dfb-4780-9d39-2244ce47b012/element [16.933125ms] ERR:404 body={"strategy":"-android uiautomator","selector":"new UiSelector().descriptionMatches(\"(?is).*\\QThis ...
14:07:16.607501 POST /session/b6037238-2dfb-4780-9d39-2244ce47b012/element [15.689667ms] ERR:404 body={"strategy":"-android uiautomator","selector":"new UiSelector().textContains(\"This never appears\")...
14:07:16.617903 POST /session/b6037238-2dfb-4780-9d39-2244ce47b012/element [10.340583ms] ERR:404 body={"strategy":"-android uiautomator","selector":"new UiSelector().descriptionContains(\"This never app...
14:07:16.629579 POST /session/b6037238-2dfb-4780-9d39-2244ce47b012/element [11.610583ms] ERR:404 body={"strategy":"-android uiautomator","selector":"new UiSelector().textMatches(\"(?is).*\\QThis never a...
14:07:16.641752 POST /session/b6037238-2dfb-4780-9d39-2244ce47b012/element [12.10575ms] ERR:404 body={"strategy":"-android uiautomator","selector":"new UiSelector().descriptionMatches(\"(?is).*\\QThis ...
14:07:16.651958 POST /session/b6037238-2dfb-4780-9d39-2244ce47b012/element [10.137542ms] ERR:404 body={"strategy":"-android uiautomator","selector":"new UiSelector().textContains(\"This never appears\")...
14:07:16.664528 POST /session/b6037238-2dfb-4780-9d39-2244ce47b012/element [12.519625ms] ERR:404 body={"strategy":"-android uiautomator","selector":"new UiSelector().descriptionContains(\"This never app...
14:07:16.674752 POST /session/b6037238-2dfb-4780-9d39-2244ce47b012/element [10.151458ms] ERR:404 body={"strategy":"-android uiautomator","selector":"new UiSelector().textMatches(\"(?is).*\\QThis never a...
14:07:16.687930 POST /session/b6037238-2dfb-4780-9d39-2244ce47b012/element [13.123916ms] ERR:404 body={"strategy":"-android uiautomator","selector":"new UiSelector().descriptionMatches(\"(?is).*\\QThis ...
14:07:16.705328 POST /session/b6037238-2dfb-4780-9d39-2244ce47b012/element [17.215834ms] ERR:404 body={"strategy":"-android uiautomator","selector":"new UiSelector().textContains(\"This never appears\")...
14:07:16.719317 POST /session/b6037238-2dfb-4780-9d39-2244ce47b012/element [13.923708ms] ERR:404 body={"strategy":"-android uiautomator","selector":"new UiSelector().descriptionContains(\"This never app...
14:07:16.732806 POST /session/b6037238-2dfb-4780-9d39-2244ce47b012/element [13.402875ms] ERR:404 body={"strategy":"-android uiautomator","selector":"new UiSelector().textMatches(\"(?is).*\\QThis never a...
14:07:16.744838 POST /session/b6037238-2dfb-4780-9d39-2244ce47b012/element [11.977958ms] ERR:404 body={"strategy":"-android uiautomator","selector":"new UiSelector().descriptionMatches(\"(?is).*\\QThis ...
14:07:16.757304 POST /session/b6037238-2dfb-4780-9d39-2244ce47b012/element [12.407875ms] ERR:404 body={"strategy":"-android uiautomator","selector":"new UiSelector().textContains(\"This never appears\")...
14:07:16.771805 POST /session/b6037238-2dfb-4780-9d39-2244ce47b012/element [14.366375ms] ERR:404 body={"strategy":"-android uiautomator","selector":"new UiSelector().descriptionContains(\"This never app...
14:07:16.782531 POST /session/b6037238-2dfb-4780-9d39-2244ce47b012/element [10.676083ms] ERR:404 body={"strategy":"-android uiautomator","selector":"new UiSelector().textMatches(\"(?is).*\\QThis never a...
14:07:16.793470 POST /session/b6037238-2dfb-4780-9d39-2244ce47b012/element [10.876917ms] ERR:404 body={"strategy":"-android uiautomator","selector":"new UiSelector().descriptionMatches(\"(?is).*\\QThis ...
14:07:16.807977 POST /session/b6037238-2dfb-4780-9d39-2244ce47b012/element [14.436166ms] ERR:404 body={"strategy":"-android uiautomator","selector":"new UiSelector().textContains(\"This never appears\")...
14:07:16.821758 POST /session/b6037238-2dfb-4780-9d39-2244ce47b012/element [13.688667ms] ERR:404 body={"strategy":"-android uiautomator","selector":"new UiSelector().descriptionContains(\"This never app...
14:07:16.835926 POST /session/b6037238-2dfb-4780-9d39-2244ce47b012/element [14.096083ms] ERR:404 body={"strategy":"-android uiautomator","selector":"new UiSelector().textMatches(\"(?is).*\\QThis never a...
14:07:16.848070 POST /session/b6037238-2dfb-4780-9d39-2244ce47b012/element [12.077959ms] ERR:404 body={"strategy":"-android uiautomator","selector":"new UiSelector().descriptionMatches(\"(?is).*\\QThis ...
14:07:16.857167 POST /session/b6037238-2dfb-4780-9d39-2244ce47b012/element [9.036875ms] ERR:404 body={"strategy":"-android uiautomator","selector":"new UiSelector().textContains(\"This never appears\")...
14:07:16.870700 POST /session/b6037238-2dfb-4780-9d39-2244ce47b012/element [13.468958ms] ERR:404 body={"strategy":"-android uiautomator","selector":"new UiSelector().descriptionContains(\"This never app...
14:07:16.885587 POST /session/b6037238-2dfb-4780-9d39-2244ce47b012/element [14.834292ms] ERR:404 body={"strategy":"-android uiautomator","selector":"new UiSelector().textMatches(\"(?is).*\\QThis never a...
14:07:16.899111 POST /session/b6037238-2dfb-4780-9d39-2244ce47b012/element [13.4695ms] ERR:404 body={"strategy":"-android uiautomator","selector":"new UiSelector().descriptionMatches(\"(?is).*\\QThis ...
14:07:16.909567 POST /session/b6037238-2dfb-4780-9d39-2244ce47b012/element [10.399583ms] ERR:404 body={"strategy":"-android uiautomator","selector":"new UiSelector().textContains(\"This never appears\")...
14:07:16.921969 POST /session/b6037238-2dfb-4780-9d39-2244ce47b012/element [12.369458ms] ERR:404 body={"strategy":"-android uiautomator","selector":"new UiSelector().descriptionContains(\"This never app...
14:07:16.934452 POST /session/b6037238-2dfb-4780-9d39-2244ce47b012/element [12.426542ms] ERR:404 body={"strategy":"-android uiautomator","selector":"new UiSelector().textMatches(\"(?is).*\\QThis never a...
14:07:16.945958 POST /session/b6037238-2dfb-4780-9d39-2244ce47b012/element [11.285125ms] ERR:404 body={"strategy":"-android uiautomator","selector":"new UiSelector().descriptionMatches(\"(?is).*\\QThis ...
14:07:16.955223 POST /session/b6037238-2dfb-4780-9d39-2244ce47b012/element [9.193959ms] ERR:404 body={"strategy":"-android uiautomator","selector":"new UiSelector().textContains(\"This never appears\")...
14:07:16.970088 POST /session/b6037238-2dfb-4780-9d39-2244ce47b012/element [14.817ms] ERR:404 body={"strategy":"-android uiautomator","selector":"new UiSelector().descriptionContains(\"This never app...
14:07:16.981448 POST /session/b6037238-2dfb-4780-9d39-2244ce47b012/element [11.286ms] ERR:404 body={"strategy":"-android uiautomator","selector":"new UiSelector().textMatches(\"(?is).*\\QThis never a...
14:07:16.993399 POST /session/b6037238-2dfb-4780-9d39-2244ce47b012/element [11.891292ms] ERR:404 body={"strategy":"-android uiautomator","selector":"new UiSelector().descriptionMatches(\"(?is).*\\QThis ...
14:07:17.003860 POST /session/b6037238-2dfb-4780-9d39-2244ce47b012/element [10.40225ms] ERR:404 body={"strategy":"-android uiautomator","selector":"new UiSelector().textContains(\"This never appears\")...
14:07:17.015640 POST /session/b6037238-2dfb-4780-9d39-2244ce47b012/element [11.718875ms] ERR:404 body={"strategy":"-android uiautomator","selector":"new UiSelector().descriptionContains(\"This never app...
14:07:17.025944 POST /session/b6037238-2dfb-4780-9d39-2244ce47b012/element [10.238875ms] ERR:404 body={"strategy":"-android uiautomator","selector":"new UiSelector().textMatches(\"(?is).*\\QThis never a...
14:07:17.038693 POST /session/b6037238-2dfb-4780-9d39-2244ce47b012/element [12.686833ms] ERR:404 body={"strategy":"-android uiautomator","selector":"new UiSelector().descriptionMatches(\"(?is).*\\QThis ...
14:07:17.051688 POST /session/b6037238-2dfb-4780-9d39-2244ce47b012/element [12.923708ms] ERR:404 body={"strategy":"-android uiautomator","selector":"new UiSelector().textContains(\"This never appears\")...
14:07:17.067420 POST /session/b6037238-2dfb-4780-9d39-2244ce47b012/element [15.662625ms] ERR:404 body={"strategy":"-android uiautomator","selector":"new UiSelector().descriptionContains(\"This never app...
14:07:17.080257 POST /session/b6037238-2dfb-4780-9d39-2244ce47b012/element [12.778ms] ERR:404 body={"strategy":"-android uiautomator","selector":"new UiSelector().textMatches(\"(?is).*\\QThis never a...
14:07:17.095336 POST /session/b6037238-2dfb-4780-9d39-2244ce47b012/element [15.034334ms] ERR:404 body={"strategy":"-android uiautomator","selector":"new UiSelector().descriptionMatches(\"(?is).*\\QThis ...
14:07:17.107546 POST /session/b6037238-2dfb-4780-9d39-2244ce47b012/element [12.146959ms] ERR:404 body={"strategy":"-android uiautomator","selector":"new UiSelector().textContains(\"This never appears\")...
14:07:17.126471 POST /session/b6037238-2dfb-4780-9d39-2244ce47b012/element [18.878584ms] ERR:404 body={"strategy":"-android uiautomator","selector":"new UiSelector().descriptionContains(\"This never app...
14:07:17.141941 POST /session/b6037238-2dfb-4780-9d39-2244ce47b012/element [15.401917ms] ERR:404 body={"strategy":"-android uiautomator","selector":"new UiSelector().textMatches(\"(?is).*\\QThis never a...
14:07:17.156613 POST /session/b6037238-2dfb-4780-9d39-2244ce47b012/element [14.612958ms] ERR:404 body={"strategy":"-android uiautomator","selector":"new UiSelector().descriptionMatches(\"(?is).*\\QThis ...
14:07:17.171444 POST /session/b6037238-2dfb-4780-9d39-2244ce47b012/element [14.76125ms] ERR:404 body={"strategy":"-android uiautomator","selector":"new UiSelector().textContains(\"This never appears\")...
14:07:17.183629 POST /session/b6037238-2dfb-4780-9d39-2244ce47b012/element [12.12325ms] ERR:404 body={"strategy":"-android uiautomator","selector":"new UiSelector().descriptionContains(\"This never app...
14:07:17.196661 POST /session/b6037238-2dfb-4780-9d39-2244ce47b012/element [12.964166ms] ERR:404 body={"strategy":"-android uiautomator","selector":"new UiSelector().textMatches(\"(?is).*\\QThis never a...
14:07:17.209796 POST /session/b6037238-2dfb-4780-9d39-2244ce47b012/element [13.067917ms] ERR:404 body={"strategy":"-android uiautomator","selector":"new UiSelector().descriptionMatches(\"(?is).*\\QThis ...
14:07:17.227218 POST /session/b6037238-2dfb-4780-9d39-2244ce47b012/element [17.344583ms] ERR:404 body={"strategy":"-android uiautomator","selector":"new UiSelector().textContains(\"This never appears\")...
14:07:17.242682 POST /session/b6037238-2dfb-4780-9d39-2244ce47b012/element [15.38625ms] ERR:404 body={"strategy":"-android uiautomator","selector":"new UiSelector().descriptionContains(\"This never app...
14:07:17.252481 POST /session/b6037238-2dfb-4780-9d39-2244ce47b012/element [9.704458ms] ERR:404 body={"strategy":"-android uiautomator","selector":"new UiSelector().textMatches(\"(?is).*\\QThis never a...
14:07:17.274358 POST /session/b6037238-2dfb-4780-9d39-2244ce47b012/element [21.801167ms] ERR:404 body={"strategy":"-android uiautomator","selector":"new UiSelector().descriptionMatches(\"(?is).*\\QThis ...
14:07:17.290040 POST /session/b6037238-2dfb-4780-9d39-2244ce47b012/element [15.599ms] ERR:404 body={"strategy":"-android uiautomator","selector":"new UiSelector().textContains(\"This never appears\")...
14:07:17.307823 POST /session/b6037238-2dfb-4780-9d39-2244ce47b012/element [17.726916ms] ERR:404 body={"strategy":"-android uiautomator","selector":"new UiSelector().descriptionContains(\"This never app...
14:07:17.321144 POST /session/b6037238-2dfb-4780-9d39-2244ce47b012/element [13.260292ms] ERR:404 body={"strategy":"-android uiautomator","selector":"new UiSelector().textMatches(\"(?is).*\\QThis never a...
14:07:17.337991 POST /session/b6037238-2dfb-4780-9d39-2244ce47b012/element [16.777916ms] ERR:404 body={"strategy":"-android uiautomator","selector":"new UiSelector().descriptionMatches(\"(?is).*\\QThis ...
14:07:17.351729 POST /session/b6037238-2dfb-4780-9d39-2244ce47b012/element [13.671792ms] ERR:404 body={"strategy":"-android uiautomator","selector":"new UiSelector().textContains(\"This never appears\")...
14:07:17.365624 POST /session/b6037238-2dfb-4780-9d39-2244ce47b012/element [13.8065ms] ERR:404 body={"strategy":"-android uiautomator","selector":"new UiSelector().descriptionContains(\"This never app...
14:07:17.376759 POST /session/b6037238-2dfb-4780-9d39-2244ce47b012/element [11.069625ms] ERR:404 body={"strategy":"-android uiautomator","selector":"new UiSelector().textMatches(\"(?is).*\\QThis never a...
14:07:17.388709 POST /session/b6037238-2dfb-4780-9d39-2244ce47b012/element [11.890708ms] ERR:404 body={"strategy":"-android uiautomator","selector":"new UiSelector().descriptionMatches(\"(?is).*\\QThis ...
14:07:17.401255 POST /session/b6037238-2dfb-4780-9d39-2244ce47b012/element [12.48475ms] ERR:404 body={"strategy":"-android uiautomator","selector":"new UiSelector().textContains(\"This never appears\")...
14:07:17.414563 POST /session/b6037238-2dfb-4780-9d39-2244ce47b012/element [13.254958ms] ERR:404 body={"strategy":"-android uiautomator","selector":"new UiSelector().descriptionContains(\"This never app...
14:07:17.425973 POST /session/b6037238-2dfb-4780-9d39-2244ce47b012/element [11.350959ms] ERR:404 body={"strategy":"-android uiautomator","selector":"new UiSelector().textMatches(\"(?is).*\\QThis never a...
14:07:17.439114 POST /session/b6037238-2dfb-4780-9d39-2244ce47b012/element [13.08ms] ERR:404 body={"strategy":"-android uiautomator","selector":"new UiSelector().descriptionMatches(\"(?is).*\\QThis ...
14:07:17.452763 POST /session/b6037238-2dfb-4780-9d39-2244ce47b012/element [13.578375ms] ERR:404 body={"strategy":"-android uiautomator","selector":"new UiSelector().textContains(\"This never appears\")...
14:07:17.465804 POST /session/b6037238-2dfb-4780-9d39-2244ce47b012/element [12.982792ms] ERR:404 body={"strategy":"-android uiautomator","selector":"new UiSelector().descriptionContains(\"This never app...
14:07:17.480154 POST /session/b6037238-2dfb-4780-9d39-2244ce47b012/element [14.293833ms] ERR:404 body={"strategy":"-android uiautomator","selector":"new UiSelector().textMatches(\"(?is).*\\QThis never a...
14:07:17.491109 POST /session/b6037238-2dfb-4780-9d39-2244ce47b012/element [10.894166ms] ERR:404 body={"strategy":"-android uiautomator","selector":"new UiSelector().descriptionMatches(\"(?is).*\\QThis ...
14:07:17.502212 POST /session/b6037238-2dfb-4780-9d39-2244ce47b012/element [11.040375ms] ERR:404 body={"strategy":"-android uiautomator","selector":"new UiSelector().textContains(\"This never appears\")...
14:07:17.513911 POST /session/b6037238-2dfb-4780-9d39-2244ce47b012/element [11.635ms] ERR:404 body={"strategy":"-android uiautomator","selector":"new UiSelector().descriptionContains(\"This never app...
14:07:17.523325 POST /session/b6037238-2dfb-4780-9d39-2244ce47b012/element [9.3645ms] ERR:404 body={"strategy":"-android uiautomator","selector":"new UiSelector().textMatches(\"(?is).*\\QThis never a...
14:07:17.533333 POST /session/b6037238-2dfb-4780-9d39-2244ce47b012/element [9.954292ms] ERR:404 body={"strategy":"-android uiautomator","selector":"new UiSelector().descriptionMatches(\"(?is).*\\QThis ...
14:07:17.544346 POST /session/b6037238-2dfb-4780-9d39-2244ce47b012/element [10.966791ms] ERR:404 body={"strategy":"-android uiautomator","selector":"new UiSelector().textContains(\"This never appears\")...
14:07:17.557588 POST /session/b6037238-2dfb-4780-9d39-2244ce47b012/element [13.183333ms] ERR:404 body={"strategy":"-android uiautomator","selector":"new UiSelector().descriptionContains(\"This never app...
14:07:17.570356 POST /session/b6037238-2dfb-4780-9d39-2244ce47b012/element [12.709583ms] ERR:404 body={"strategy":"-android uiautomator","selector":"new UiSelector().textMatches(\"(?is).*\\QThis never a...
14:07:17.583782 POST /session/b6037238-2dfb-4780-9d39-2244ce47b012/element [13.375958ms] ERR:404 body={"strategy":"-android uiautomator","selector":"new UiSelector().descriptionMatches(\"(?is).*\\QThis ...
14:07:17.600636 POST /session/b6037238-2dfb-4780-9d39-2244ce47b012/element [16.797666ms] ERR:404 body={"strategy":"-android uiautomator","selector":"new UiSelector().textContains(\"This never appears\")...
14:07:17.611398 POST /session/b6037238-2dfb-4780-9d39-2244ce47b012/element [10.701541ms] ERR:404 body={"strategy":"-android uiautomator","selector":"new UiSelector().descriptionContains(\"This never app...
14:07:17.625607 POST /session/b6037238-2dfb-4780-9d39-2244ce47b012/element [14.135084ms] ERR:404 body={"strategy":"-android uiautomator","selector":"new UiSelector().textMatches(\"(?is).*\\QThis never a...
14:07:17.639213 POST /session/b6037238-2dfb-4780-9d39-2244ce47b012/element [13.541833ms] ERR:404 body={"strategy":"-android uiautomator","selector":"new UiSelector().descriptionMatches(\"(?is).*\\QThis ...
14:07:17.653928 POST /session/b6037238-2dfb-4780-9d39-2244ce47b012/element [14.649625ms] ERR:404 body={"strategy":"-android uiautomator","selector":"new UiSelector().textContains(\"This never appears\")...
14:07:17.665871 POST /session/b6037238-2dfb-4780-9d39-2244ce47b012/element [11.890666ms] ERR:404 body={"strategy":"-android uiautomator","selector":"new UiSelector().descriptionContains(\"This never app...
14:07:17.676339 POST /session/b6037238-2dfb-4780-9d39-2244ce47b012/element [10.419166ms] ERR:404 body={"strategy":"-android uiautomator","selector":"new UiSelector().textMatches(\"(?is).*\\QThis never a...
14:07:17.689606 POST /session/b6037238-2dfb-4780-9d39-2244ce47b012/element [13.216416ms] ERR:404 body={"strategy":"-android uiautomator","selector":"new UiSelector().descriptionMatches(\"(?is).*\\QThis ...
14:07:17.698924 POST /session/b6037238-2dfb-4780-9d39-2244ce47b012/element [9.274709ms] ERR:404 body={"strategy":"-android uiautomator","selector":"new UiSelector().textContains(\"This never appears\")...
14:07:17.709247 POST /session/b6037238-2dfb-4780-9d39-2244ce47b012/element [10.272958ms] ERR:404 body={"strategy":"-android uiautomator","selector":"new UiSelector().descriptionContains(\"This never app...
14:07:17.719841 POST /session/b6037238-2dfb-4780-9d39-2244ce47b012/element [10.552917ms] ERR:404 body={"strategy":"-android uiautomator","selector":"new UiSelector().textMatches(\"(?is).*\\QThis never a...
14:07:17.732398 POST /session/b6037238-2dfb-4780-9d39-2244ce47b012/element [12.492708ms] ERR:404 body={"strategy":"-android uiautomator","selector":"new UiSelector().descriptionMatches(\"(?is).*\\QThis ...
14:07:17.744620 POST /session/b6037238-2dfb-4780-9d39-2244ce47b012/element [12.16825ms] ERR:404 body={"strategy":"-android uiautomator","selector":"new UiSelector().textContains(\"This never appears\")...
14:07:17.757592 POST /session/b6037238-2dfb-4780-9d39-2244ce47b012/element [12.912125ms] ERR:404 body={"strategy":"-android uiautomator","selector":"new UiSelector().descriptionContains(\"This never app...
14:07:17.768538 POST /session/b6037238-2dfb-4780-9d39-2244ce47b012/element [10.88825ms] ERR:404 body={"strategy":"-android uiautomator","selector":"new UiSelector().textMatches(\"(?is).*\\QThis never a...
14:07:17.780564 POST /session/b6037238-2dfb-4780-9d39-2244ce47b012/element [11.974666ms] ERR:404 body={"strategy":"-android uiautomator","selector":"new UiSelector().descriptionMatches(\"(?is).*\\QThis ...
14:07:17.789214 POST /session/b6037238-2dfb-4780-9d39-2244ce47b012/element [8.602ms] ERR:404 body={"strategy":"-android uiautomator","selector":"new UiSelector().textContains(\"This never appears\")...
14:07:17.803628 POST /session/b6037238-2dfb-4780-9d39-2244ce47b012/element [14.362375ms] ERR:404 body={"strategy":"-android uiautomator","selector":"new UiSelector().descriptionContains(\"This never app...
14:07:17.812290 POST /session/b6037238-2dfb-4780-9d39-2244ce47b012/element [8.610917ms] ERR:404 body={"strategy":"-android uiautomator","selector":"new UiSelector().textMatches(\"(?is).*\\QThis never a...
14:07:17.824971 POST /session/b6037238-2dfb-4780-9d39-2244ce47b012/element [12.623792ms] ERR:404 body={"strategy":"-android uiautomator","selector":"new UiSelector().descriptionMatches(\"(?is).*\\QThis ...
14:07:17.839311 POST /session/b6037238-2dfb-4780-9d39-2244ce47b012/element [14.279417ms] ERR:404 body={"strategy":"-android uiautomator","selector":"new UiSelector().textContains(\"This never appears\")...
14:07:17.852352 POST /session/b6037238-2dfb-4780-9d39-2244ce47b012/element [12.9725ms] ERR:404 body={"strategy":"-android uiautomator","selector":"new UiSelector().descriptionContains(\"This never app...
14:07:17.863013 POST /session/b6037238-2dfb-4780-9d39-2244ce47b012/element [10.595333ms] ERR:404 body={"strategy":"-android uiautomator","selector":"new UiSelector().textMatches(\"(?is).*\\QThis never a...
14:07:17.873052 POST /session/b6037238-2dfb-4780-9d39-2244ce47b012/element [9.971917ms] ERR:404 body={"strategy":"-android uiautomator","selector":"new UiSelector().descriptionMatches(\"(?is).*\\QThis ...
14:07:17.885553 POST /session/b6037238-2dfb-4780-9d39-2244ce47b012/element [12.437041ms] ERR:404 body={"strategy":"-android uiautomator","selector":"new UiSelector().textContains(\"This never appears\")...
14:07:17.897776 POST /session/b6037238-2dfb-4780-9d39-2244ce47b012/element [12.152ms] ERR:404 body={"strategy":"-android uiautomator","selector":"new UiSelector().descriptionContains(\"This never app...
14:07:17.909842 POST /session/b6037238-2dfb-4780-9d39-2244ce47b012/element [11.98975ms] ERR:404 body={"strategy":"-android uiautomator","selector":"new UiSelector().textMatches(\"(?is).*\\QThis never a...
14:07:17.923257 POST /session/b6037238-2dfb-4780-9d39-2244ce47b012/element [13.342583ms] ERR:404 body={"strategy":"-android uiautomator","selector":"new UiSelector().descriptionMatches(\"(?is).*\\QThis ...
14:07:17.936413 POST /session/b6037238-2dfb-4780-9d39-2244ce47b012/element [13.091ms] ERR:404 body={"strategy":"-android uiautomator","selector":"new UiSelector().textContains(\"This never appears\")...
14:07:17.947742 POST /session/b6037238-2dfb-4780-9d39-2244ce47b012/element [11.26025ms] ERR:404 body={"strategy":"-android uiautomator","selector":"new UiSelector().descriptionContains(\"This never app...
14:07:17.957985 POST /session/b6037238-2dfb-4780-9d39-2244ce47b012/element [10.182209ms] ERR:404 body={"strategy":"-android uiautomator","selector":"new UiSelector().textMatches(\"(?is).*\\QThis never a...
14:07:17.972191 POST /session/b6037238-2dfb-4780-9d39-2244ce47b012/element [14.144208ms] ERR:404 body={"strategy":"-android uiautomator","selector":"new UiSelector().descriptionMatches(\"(?is).*\\QThis ...
14:07:17.983420 POST /session/b6037238-2dfb-4780-9d39-2244ce47b012/element [11.180459ms] ERR:404 body={"strategy":"-android uiautomator","selector":"new UiSelector().textContains(\"This never appears\")...
14:07:17.991926 POST /session/b6037238-2dfb-4780-9d39-2244ce47b012/element [8.456291ms] ERR:404 body={"strategy":"-android uiautomator","selector":"new UiSelector().descriptionContains(\"This never app...
14:07:18.004289 POST /session/b6037238-2dfb-4780-9d39-2244ce47b012/element [12.312375ms] ERR:404 body={"strategy":"-android uiautomator","selector":"new UiSelector().textMatches(\"(?is).*\\QThis never a...
14:07:18.017413 POST /session/b6037238-2dfb-4780-9d39-2244ce47b012/element [13.064167ms] ERR:404 body={"strategy":"-android uiautomator","selector":"new UiSelector().descriptionMatches(\"(?is).*\\QThis ...
14:07:18.031952 POST /session/b6037238-2dfb-4780-9d39-2244ce47b012/element [14.476792ms] ERR:404 body={"strategy":"-android uiautomator","selector":"new UiSelector().textContains(\"This never appears\")...
14:07:18.041709 POST /session/b6037238-2dfb-4780-9d39-2244ce47b012/element [9.711833ms] ERR:404 body={"strategy":"-android uiautomator","selector":"new UiSelector().descriptionContains(\"This never app...
14:07:18.052362 POST /session/b6037238-2dfb-4780-9d39-2244ce47b012/element [10.600333ms] ERR:404 body={"strategy":"-android uiautomator","selector":"new UiSelector().textMatches(\"(?is).*\\QThis never a...
14:07:18.062674 POST /session/b6037238-2dfb-4780-9d39-2244ce47b012/element [10.235916ms] ERR:404 body={"strategy":"-android uiautomator","selector":"new UiSelector().descriptionMatches(\"(?is).*\\QThis ...
14:07:18.073065 POST /session/b6037238-2dfb-4780-9d39-2244ce47b012/element [10.332791ms] ERR:404 body={"strategy":"-android uiautomator","selector":"new UiSelector().textContains(\"This never appears\")...
14:07:18.088925 POST /session/b6037238-2dfb-4780-9d39-2244ce47b012/element [15.801666ms] ERR:404 body={"strategy":"-android uiautomator","selector":"new UiSelector().descriptionContains(\"This never app...
14:07:18.102045 POST /session/b6037238-2dfb-4780-9d39-2244ce47b012/element [13.063916ms] ERR:404 body={"strategy":"-android uiautomator","selector":"new UiSelector().textMatches(\"(?is).*\\QThis never a...
14:07:18.114924 POST /session/b6037238-2dfb-4780-9d39-2244ce47b012/element [12.82125ms] ERR:404 body={"strategy":"-android uiautomator","selector":"new UiSelector().descriptionMatches(\"(?is).*\\QThis ...
14:07:18.141111 POST /session/b6037238-2dfb-4780-9d39-2244ce47b012/element [26.134541ms] ERR:404 body={"strategy":"-android uiautomator","selector":"new UiSelector().textContains(\"This never appears\")...
14:07:18.154546 POST /session/b6037238-2dfb-4780-9d39-2244ce47b012/element [13.368584ms] ERR:404 body={"strategy":"-android uiautomator","selector":"new UiSelector().descriptionContains(\"This never app...
14:07:18.168038 POST /session/b6037238-2dfb-4780-9d39-2244ce47b012/element [13.429167ms] ERR:404 body={"strategy":"-android uiautomator","selector":"new UiSelector().textMatches(\"(?is).*\\QThis never a...
14:07:18.177747 POST /session/b6037238-2dfb-4780-9d39-2244ce47b012/element [9.643958ms] ERR:404 body={"strategy":"-android uiautomator","selector":"new UiSelector().descriptionMatches(\"(?is).*\\QThis ...
14:07:18.194936 POST /session/b6037238-2dfb-4780-9d39-2244ce47b012/element [17.122917ms] ERR:404 body={"strategy":"-android uiautomator","selector":"new UiSelector().textContains(\"This never appears\")...
14:07:18.206712 POST /session/b6037238-2dfb-4780-9d39-2244ce47b012/element [11.700375ms] ERR:404 body={"strategy":"-android uiautomator","selector":"new UiSelector().descriptionContains(\"This never app...
14:07:18.219601 POST /session/b6037238-2dfb-4780-9d39-2244ce47b012/element [12.818958ms] ERR:404 body={"strategy":"-android uiautomator","selector":"new UiSelector().textMatches(\"(?is).*\\QThis never a...
14:07:18.238326 POST /session/b6037238-2dfb-4780-9d39-2244ce47b012/element [18.654375ms] ERR:404 body={"strategy":"-android uiautomator","selector":"new UiSelector().descriptionMatches(\"(?is).*\\QThis ...
14:07:18.247008 POST /session/b6037238-2dfb-4780-9d39-2244ce47b012/element [8.623042ms] ERR:404 body={"strategy":"-android uiautomator","selector":"new UiSelector().textContains(\"This never appears\")...
14:07:18.255831 POST /session/b6037238-2dfb-4780-9d39-2244ce47b012/element [8.76875ms] ERR:404 body={"strategy":"-android uiautomator","selector":"new UiSelector().descriptionContains(\"This never app...
14:07:18.271553 POST /session/b6037238-2dfb-4780-9d39-2244ce47b012/element [15.651042ms] ERR:404 body={"strategy":"-android uiautomator","selector":"new UiSelector().textMatches(\"(?is).*\\QThis never a...
14:07:18.283794 POST /session/b6037238-2dfb-4780-9d39-2244ce47b012/element [12.186625ms] ERR:404 body={"strategy":"-android uiautomator","selector":"new UiSelector().descriptionMatches(\"(?is).*\\QThis ...
14:07:18.297174 POST /session/b6037238-2dfb-4780-9d39-2244ce47b012/element [13.320583ms] ERR:404 body={"strategy":"-android uiautomator","selector":"new UiSelector().textContains(\"This never appears\")...
14:07:18.309596 POST /session/b6037238-2dfb-4780-9d39-2244ce47b012/element [12.361083ms] ERR:404 body={"strategy":"-android uiautomator","selector":"new UiSelector().descriptionContains(\"This never app...
14:07:18.322007 POST /session/b6037238-2dfb-4780-9d39-2244ce47b012/element [12.343958ms] ERR:404 body={"strategy":"-android uiautomator","selector":"new UiSelector().textMatches(\"(?is).*\\QThis never a...
14:07:18.331925 POST /session/b6037238-2dfb-4780-9d39-2244ce47b012/element [9.867125ms] ERR:404 body={"strategy":"-android uiautomator","selector":"new UiSelector().descriptionMatches(\"(?is).*\\QThis ...
14:07:18.343242 POST /session/b6037238-2dfb-4780-9d39-2244ce47b012/element [11.259916ms] ERR:404 body={"strategy":"-android uiautomator","selector":"new UiSelector().textContains(\"This never appears\")...
14:07:18.354677 POST /session/b6037238-2dfb-4780-9d39-2244ce47b012/element [11.379625ms] ERR:404 body={"strategy":"-android uiautomator","selector":"new UiSelector().descriptionContains(\"This never app...
14:07:18.363614 POST /session/b6037238-2dfb-4780-9d39-2244ce47b012/element [8.88ms] ERR:404 body={"strategy":"-android uiautomator","selector":"new UiSelector().textMatches(\"(?is).*\\QThis never a...
14:07:18.374188 POST /session/b6037238-2dfb-4780-9d39-2244ce47b012/element [10.514625ms] ERR:404 body={"strategy":"-android uiautomator","selector":"new UiSelector().descriptionMatches(\"(?is).*\\QThis ...
14:07:18.385133 POST /session/b6037238-2dfb-4780-9d39-2244ce47b012/element [10.907541ms] ERR:404 body={"strategy":"-android uiautomator","selector":"new UiSelector().textContains(\"This never appears\")...
14:07:18.394468 POST /session/b6037238-2dfb-4780-9d39-2244ce47b012/element [9.283791ms] ERR:404 body={"strategy":"-android uiautomator","selector":"new UiSelector().descriptionContains(\"This never app...
14:07:18.407170 POST /session/b6037238-2dfb-4780-9d39-2244ce47b012/element [12.651416ms] ERR:404 body={"strategy":"-android uiautomator","selector":"new UiSelector().textMatches(\"(?is).*\\QThis never a...
14:07:18.421786 POST /session/b6037238-2dfb-4780-9d39-2244ce47b012/element [14.550166ms] ERR:404 body={"strategy":"-android uiautomator","selector":"new UiSelector().descriptionMatches(\"(?is).*\\QThis ...
14:07:18.433768 POST /session/b6037238-2dfb-4780-9d39-2244ce47b012/element [11.931417ms] ERR:404 body={"strategy":"-android uiautomator","selector":"new UiSelector().textContains(\"This never appears\")...
14:07:18.443545 POST /session/b6037238-2dfb-4780-9d39-2244ce47b012/element [9.712625ms] ERR:404 body={"strategy":"-android uiautomator","selector":"new UiSelector().descriptionContains(\"This never app...
14:07:18.456996 POST /session/b6037238-2dfb-4780-9d39-2244ce47b012/element [13.38975ms] ERR:404 body={"strategy":"-android uiautomator","selector":"new UiSelector().textMatches(\"(?is).*\\QThis never a...
14:07:18.468696 POST /session/b6037238-2dfb-4780-9d39-2244ce47b012/element [11.638917ms] ERR:404 body={"strategy":"-android uiautomator","selector":"new UiSelector().descriptionMatches(\"(?is).*\\QThis ...
14:07:18.478170 POST /session/b6037238-2dfb-4780-9d39-2244ce47b012/element [9.424542ms] ERR:404 body={"strategy":"-android uiautomator","selector":"new UiSelector().textContains(\"This never appears\")...
14:07:18.483788 POST /session/b6037238-2dfb-4780-9d39-2244ce47b012/element [5.566791ms] ERR:404 body={"strategy":"-android uiautomator","selector":"new UiSelector().descriptionContains(\"This never app...
14:07:18.494471 POST /session/b6037238-2dfb-4780-9d39-2244ce47b012/element [10.631916ms] ERR:404 body={"strategy":"-android uiautomator","selector":"new UiSelector().textMatches(\"(?is).*\\QThis never a...
14:07:18.505814 POST /session/b6037238-2dfb-4780-9d39-2244ce47b012/element [11.296667ms] ERR:404 body={"strategy":"-android uiautomator","selector":"new UiSelector().descriptionMatches(\"(?is).*\\QThis ...
14:07:18.524070 POST /session/b6037238-2dfb-4780-9d39-2244ce47b012/element [18.201125ms] ERR:404 body={"strategy":"-android uiautomator","selector":"new UiSelector().textContains(\"This never appears\")...
14:07:18.536664 POST /session/b6037238-2dfb-4780-9d39-2244ce47b012/element [12.537042ms] ERR:404 body={"strategy":"-android uiautomator","selector":"new UiSelector().descriptionContains(\"This never app...
14:07:18.546236 POST /session/b6037238-2dfb-4780-9d39-2244ce47b012/element [9.523417ms] ERR:404 body={"strategy":"-android uiautomator","selector":"new UiSelector().textMatches(\"(?is).*\\QThis never a...
14:07:18.553197 POST /session/b6037238-2dfb-4780-9d39-2244ce47b012/element [6.918333ms] ERR:404 body={"strategy":"-android uiautomator","selector":"new UiSelector().descriptionMatches(\"(?is).*\\QThis ...
14:07:18.565692 POST /session/b6037238-2dfb-4780-9d39-2244ce47b012/element [12.437375ms] ERR:404 body={"strategy":"-android uiautomator","selector":"new UiSelector().textContains(\"This never appears\")...
14:07:18.578431 POST /session/b6037238-2dfb-4780-9d39-2244ce47b012/element [12.700334ms] ERR:404 body={"strategy":"-android uiautomator","selector":"new UiSelector().descriptionContains(\"This never app...
14:07:18.587065 POST /session/b6037238-2dfb-4780-9d39-2244ce47b012/element [8.573333ms] ERR:404 body={"strategy":"-android uiautomator","selector":"new UiSelector().textMatches(\"(?is).*\\QThis never a...
14:07:18.595769 POST /session/b6037238-2dfb-4780-9d39-2244ce47b012/element [8.65725ms] ERR:404 body={"strategy":"-android uiautomator","selector":"new UiSelector().descriptionMatches(\"(?is).*\\QThis ...
14:07:18.604093 POST /session/b6037238-2dfb-4780-9d39-2244ce47b012/element [8.281375ms] ERR:404 body={"strategy":"-android uiautomator","selector":"new UiSelector().textContains(\"This never appears\")...
14:07:18.612487 POST /session/b6037238-2dfb-4780-9d39-2244ce47b012/element [8.339959ms] ERR:404 body={"strategy":"-android uiautomator","selector":"new UiSelector().descriptionContains(\"This never app...
14:07:18.625762 POST /session/b6037238-2dfb-4780-9d39-2244ce47b012/element [13.232459ms] ERR:404 body={"strategy":"-android uiautomator","selector":"new UiSelector().textMatches(\"(?is).*\\QThis never a...
14:07:18.636057 POST /session/b6037238-2dfb-4780-9d39-2244ce47b012/element [10.243ms] ERR:404 body={"strategy":"-android uiautomator","selector":"new UiSelector().descriptionMatches(\"(?is).*\\QThis ...
14:07:18.646814 POST /session/b6037238-2dfb-4780-9d39-2244ce47b012/element [10.695791ms] ERR:404 body={"strategy":"-android uiautomator","selector":"new UiSelector().textContains(\"This never appears\")...
14:07:18.653458 POST /session/b6037238-2dfb-4780-9d39-2244ce47b012/element [6.590792ms] ERR:404 body={"strategy":"-android uiautomator","selector":"new UiSelector().descriptionContains(\"This never app...
14:07:18.663258 POST /session/b6037238-2dfb-4780-9d39-2244ce47b012/element [9.756916ms] ERR:404 body={"strategy":"-android uiautomator","selector":"new UiSelector().textMatches(\"(?is).*\\QThis never a...
14:07:18.672689 POST /session/b6037238-2dfb-4780-9d39-2244ce47b012/element [9.3945ms] ERR:404 body={"strategy":"-android uiautomator","selector":"new UiSelector().descriptionMatches(\"(?is).*\\QThis ...
14:07:18.679941 POST /session/b6037238-2dfb-4780-9d39-2244ce47b012/element [7.185833ms] ERR:404 body={"strategy":"-android uiautomator","selector":"new UiSelector().textContains(\"This never appears\")...
14:07:18.693804 POST /session/b6037238-2dfb-4780-9d39-2244ce47b012/element [13.823083ms] ERR:404 body={"strategy":"-android uiautomator","selector":"new UiSelector().descriptionContains(\"This never app...
14:07:18.706125 POST /session/b6037238-2dfb-4780-9d39-2244ce47b012/element [12.256917ms] ERR:404 body={"strategy":"-android uiautomator","selector":"new UiSelector().textMatches(\"(?is).*\\QThis never a...
14:07:18.717619 POST /session/b6037238-2dfb-4780-9d39-2244ce47b012/element [11.456417ms] ERR:404 body={"strategy":"-android uiautomator","selector":"new UiSelector().descriptionMatches(\"(?is).*\\QThis ...
14:07:18.725514 POST /session/b6037238-2dfb-4780-9d39-2244ce47b012/element [7.851916ms] ERR:404 body={"strategy":"-android uiautomator","selector":"new UiSelector().textContains(\"This never appears\")...
14:07:18.735828 POST /session/b6037238-2dfb-4780-9d39-2244ce47b012/element [10.25925ms] ERR:404 body={"strategy":"-android uiautomator","selector":"new UiSelector().descriptionContains(\"This never app...
14:07:18.747470 POST /session/b6037238-2dfb-4780-9d39-2244ce47b012/element [11.590084ms] ERR:404 body={"strategy":"-android uiautomator","selector":"new UiSelector().textMatches(\"(?is).*\\QThis never a...
14:07:18.760321 POST /session/b6037238-2dfb-4780-9d39-2244ce47b012/element [12.816667ms] ERR:404 body={"strategy":"-android uiautomator","selector":"new UiSelector().descriptionMatches(\"(?is).*\\QThis ...
14:07:18.770421 POST /session/b6037238-2dfb-4780-9d39-2244ce47b012/element [10.059917ms] ERR:404 body={"strategy":"-android uiautomator","selector":"new UiSelector().textContains(\"This never appears\")...
14:07:18.781998 POST /session/b6037238-2dfb-4780-9d39-2244ce47b012/element [11.5095ms] ERR:404 body={"strategy":"-android uiautomator","selector":"new UiSelector().descriptionContains(\"This never app...
14:07:18.792484 POST /session/b6037238-2dfb-4780-9d39-2244ce47b012/element [10.432917ms] ERR:404 body={"strategy":"-android uiautomator","selector":"new UiSelector().textMatches(\"(?is).*\\QThis never a...
14:07:18.802949 POST /session/b6037238-2dfb-4780-9d39-2244ce47b012/element [10.406709ms] ERR:404 body={"strategy":"-android uiautomator","selector":"new UiSelector().descriptionMatches(\"(?is).*\\QThis ...
14:07:18.811637 POST /session/b6037238-2dfb-4780-9d39-2244ce47b012/element [8.641708ms] ERR:404 body={"strategy":"-android uiautomator","selector":"new UiSelector().textContains(\"This never appears\")...
14:07:18.821619 POST /session/b6037238-2dfb-4780-9d39-2244ce47b012/element [9.934459ms] ERR:404 body={"strategy":"-android uiautomator","selector":"new UiSelector().descriptionContains(\"This never app...
14:07:18.829766 POST /session/b6037238-2dfb-4780-9d39-2244ce47b012/element [8.063125ms] ERR:404 body={"strategy":"-android uiautomator","selector":"new UiSelector().textMatches(\"(?is).*\\QThis never a...
14:07:18.838439 POST /session/b6037238-2dfb-4780-9d39-2244ce47b012/element [8.631875ms] ERR:404 body={"strategy":"-android uiautomator","selector":"new UiSelector().descriptionMatches(\"(?is).*\\QThis ...
14:07:18.848887 POST /session/b6037238-2dfb-4780-9d39-2244ce47b012/element [10.393125ms] ERR:404 body={"strategy":"-android uiautomator","selector":"new UiSelector().textContains(\"This never appears\")...
14:07:18.859044 POST /session/b6037238-2dfb-4780-9d39-2244ce47b012/element [10.112791ms] ERR:404 body={"strategy":"-android uiautomator","selector":"new UiSelector().descriptionContains(\"This never app...
14:07:18.876491 POST /session/b6037238-2dfb-4780-9d39-2244ce47b012/element [17.400208ms] ERR:404 body={"strategy":"-android uiautomator","selector":"new UiSelector().textMatches(\"(?is).*\\QThis never a...
14:07:18.891783 POST /session/b6037238-2dfb-4780-9d39-2244ce47b012/element [15.229875ms] ERR:404 body={"strategy":"-android uiautomator","selector":"new UiSelector().descriptionMatches(\"(?is).*\\QThis ...
14:07:18.903510 POST /session/b6037238-2dfb-4780-9d39-2244ce47b012/element [11.662875ms] ERR:404 body={"strategy":"-android uiautomator","selector":"new UiSelector().textContains(\"This never appears\")...
14:07:18.912706 POST /session/b6037238-2dfb-4780-9d39-2244ce47b012/element [9.141333ms] ERR:404 body={"strategy":"-android uiautomator","selector":"new UiSelector().descriptionContains(\"This never app...
14:07:18.923228 POST /session/b6037238-2dfb-4780-9d39-2244ce47b012/element [10.46025ms] ERR:404 body={"strategy":"-android uiautomator","selector":"new UiSelector().textMatches(\"(?is).*\\QThis never a...
14:07:18.932869 POST /session/b6037238-2dfb-4780-9d39-2244ce47b012/element [9.596333ms] ERR:404 body={"strategy":"-android uiautomator","selector":"new UiSelector().descriptionMatches(\"(?is).*\\QThis ...
14:07:18.946924 POST /session/b6037238-2dfb-4780-9d39-2244ce47b012/element [13.998125ms] ERR:404 body={"strategy":"-android uiautomator","selector":"new UiSelector().textContains(\"This never appears\")...
14:07:18.954216 POST /session/b6037238-2dfb-4780-9d39-2244ce47b012/element [7.22475ms] ERR:404 body={"strategy":"-android uiautomator","selector":"new UiSelector().descriptionContains(\"This never app...
14:07:18.966347 POST /session/b6037238-2dfb-4780-9d39-2244ce47b012/element [12.0635ms] ERR:404 body={"strategy":"-android uiautomator","selector":"new UiSelector().textMatches(\"(?is).*\\QThis never a...
14:07:18.979335 POST /session/b6037238-2dfb-4780-9d39-2244ce47b012/element [12.914208ms] ERR:404 body={"strategy":"-android uiautomator","selector":"new UiSelector().descriptionMatches(\"(?is).*\\QThis ...
14:07:18.991815 POST /session/b6037238-2dfb-4780-9d39-2244ce47b012/element [12.399917ms] ERR:404 body={"strategy":"-android uiautomator","selector":"new UiSelector().textContains(\"This never appears\")...
14:07:19.007914 POST /session/b6037238-2dfb-4780-9d39-2244ce47b012/element [16.038333ms] ERR:404 body={"strategy":"-android uiautomator","selector":"new UiSelector().descriptionContains(\"This never app...
14:07:19.021997 POST /session/b6037238-2dfb-4780-9d39-2244ce47b012/element [14.007916ms] ERR:404 body={"strategy":"-android uiautomator","selector":"new UiSelector().textMatches(\"(?is).*\\QThis never a...
14:07:19.034204 POST /session/b6037238-2dfb-4780-9d39-2244ce47b012/element [12.149042ms] ERR:404 body={"strategy":"-android uiautomator","selector":"new UiSelector().descriptionMatches(\"(?is).*\\QThis ...
14:07:19.050257 POST /session/b6037238-2dfb-4780-9d39-2244ce47b012/element [15.981709ms] ERR:404 body={"strategy":"-android uiautomator","selector":"new UiSelector().textContains(\"This never appears\")...
14:07:19.066878 POST /session/b6037238-2dfb-4780-9d39-2244ce47b012/element [16.554916ms] ERR:404 body={"strategy":"-android uiautomator","selector":"new UiSelector().descriptionContains(\"This never app...
14:07:19.075620 POST /session/b6037238-2dfb-4780-9d39-2244ce47b012/element [8.676541ms] ERR:404 body={"strategy":"-android uiautomator","selector":"new UiSelector().textMatches(\"(?is).*\\QThis never a...
14:07:19.086157 POST /session/b6037238-2dfb-4780-9d39-2244ce47b012/element [10.478916ms] ERR:404 body={"strategy":"-android uiautomator","selector":"new UiSelector().descriptionMatches(\"(?is).*\\QThis ...
14:07:19.098269 POST /session/b6037238-2dfb-4780-9d39-2244ce47b012/element [12.051125ms] ERR:404 body={"strategy":"-android uiautomator","selector":"new UiSelector().textContains(\"This never appears\")...
14:07:19.110789 POST /session/b6037238-2dfb-4780-9d39-2244ce47b012/element [12.466417ms] ERR:404 body={"strategy":"-android uiautomator","selector":"new UiSelector().descriptionContains(\"This never app...
14:07:19.120979 POST /session/b6037238-2dfb-4780-9d39-2244ce47b012/element [10.116583ms] ERR:404 body={"strategy":"-android uiautomator","selector":"new UiSelector().textMatches(\"(?is).*\\QThis never a...
14:07:19.134982 POST /session/b6037238-2dfb-4780-9d39-2244ce47b012/element [13.934458ms] ERR:404 body={"strategy":"-android uiautomator","selector":"new UiSelector().descriptionMatches(\"(?is).*\\QThis ...
14:07:19.144153 POST /session/b6037238-2dfb-4780-9d39-2244ce47b012/element [9.113458ms] ERR:404 body={"strategy":"-android uiautomator","selector":"new UiSelector().textContains(\"This never appears\")...
14:07:19.157201 POST /session/b6037238-2dfb-4780-9d39-2244ce47b012/element [12.986833ms] ERR:404 body={"strategy":"-android uiautomator","selector":"new UiSelector().descriptionContains(\"This never app...
14:07:19.168238 POST /session/b6037238-2dfb-4780-9d39-2244ce47b012/element [10.979125ms] ERR:404 body={"strategy":"-android uiautomator","selector":"new UiSelector().textMatches(\"(?is).*\\QThis never a...
14:07:19.179664 POST /session/b6037238-2dfb-4780-9d39-2244ce47b012/element [11.368958ms] ERR:404 body={"strategy":"-android uiautomator","selector":"new UiSelector().descriptionMatches(\"(?is).*\\QThis ...
14:07:19.191382 POST /session/b6037238-2dfb-4780-9d39-2244ce47b012/element [11.663084ms] ERR:404 body={"strategy":"-android uiautomator","selector":"new UiSelector().textContains(\"This never appears\")...
14:07:19.201691 POST /session/b6037238-2dfb-4780-9d39-2244ce47b012/element [10.245583ms] ERR:404 body={"strategy":"-android uiautomator","selector":"new UiSelector().descriptionContains(\"This never app...
14:07:19.211622 POST /session/b6037238-2dfb-4780-9d39-2244ce47b012/element [9.871375ms] ERR:404 body={"strategy":"-android uiautomator","selector":"new UiSelector().textMatches(\"(?is).*\\QThis never a...
14:07:19.222789 POST /session/b6037238-2dfb-4780-9d39-2244ce47b012/element [11.096875ms] ERR:404 body={"strategy":"-android uiautomator","selector":"new UiSelector().descriptionMatches(\"(?is).*\\QThis ...
14:07:19.233626 POST /session/b6037238-2dfb-4780-9d39-2244ce47b012/element [10.762875ms] ERR:404 body={"strategy":"-android uiautomator","selector":"new UiSelector().textContains(\"This never appears\")...
14:07:19.243674 POST /session/b6037238-2dfb-4780-9d39-2244ce47b012/element [9.989458ms] ERR:404 body={"strategy":"-android uiautomator","selector":"new UiSelector().descriptionContains(\"This never app...
14:07:19.256556 POST /session/b6037238-2dfb-4780-9d39-2244ce47b012/element [12.823917ms] ERR:404 body={"strategy":"-android uiautomator","selector":"new UiSelector().textMatches(\"(?is).*\\QThis never a...
14:07:19.267419 POST /session/b6037238-2dfb-4780-9d39-2244ce47b012/element [10.797125ms] ERR:404 body={"strategy":"-android uiautomator","selector":"new UiSelector().descriptionMatches(\"(?is).*\\QThis ...
14:07:19.279448 POST /session/b6037238-2dfb-4780-9d39-2244ce47b012/element [11.98ms] ERR:404 body={"strategy":"-android uiautomator","selector":"new UiSelector().textContains(\"This never appears\")...
14:07:19.289803 POST /session/b6037238-2dfb-4780-9d39-2244ce47b012/element [10.303458ms] ERR:404 body={"strategy":"-android uiautomator","selector":"new UiSelector().descriptionContains(\"This never app...
14:07:19.300422 POST /session/b6037238-2dfb-4780-9d39-2244ce47b012/element [10.559458ms] ERR:404 body={"strategy":"-android uiautomator","selector":"new UiSelector().textMatches(\"(?is).*\\QThis never a...
14:07:19.312773 POST /session/b6037238-2dfb-4780-9d39-2244ce47b012/element [12.291458ms] ERR:404 body={"strategy":"-android uiautomator","selector":"new UiSelector().descriptionMatches(\"(?is).*\\QThis ...
14:07:19.323548 POST /session/b6037238-2dfb-4780-9d39-2244ce47b012/element [10.706708ms] ERR:404 body={"strategy":"-android uiautomator","selector":"new UiSelector().textContains(\"This never appears\")...
14:07:19.334532 POST /session/b6037238-2dfb-4780-9d39-2244ce47b012/element [10.915208ms] ERR:404 body={"strategy":"-android uiautomator","selector":"new UiSelector().descriptionContains(\"This never app...
14:07:19.345309 POST /session/b6037238-2dfb-4780-9d39-2244ce47b012/element [10.715ms] ERR:404 body={"strategy":"-android uiautomator","selector":"new UiSelector().textMatches(\"(?is).*\\QThis never a...
14:07:19.355794 POST /session/b6037238-2dfb-4780-9d39-2244ce47b012/element [10.43525ms] ERR:404 body={"strategy":"-android uiautomator","selector":"new UiSelector().descriptionMatches(\"(?is).*\\QThis ...
14:07:19.365895 POST /session/b6037238-2dfb-4780-9d39-2244ce47b012/element [10.052417ms] ERR:404 body={"strategy":"-android uiautomator","selector":"new UiSelector().textContains(\"This never appears\")...
14:07:19.375843 POST /session/b6037238-2dfb-4780-9d39-2244ce47b012/element [9.918917ms] ERR:404 body={"strategy":"-android uiautomator","selector":"new UiSelector().descriptionContains(\"This never app...
14:07:19.383608 POST /session/b6037238-2dfb-4780-9d39-2244ce47b012/element [7.72575ms] ERR:404 body={"strategy":"-android uiautomator","selector":"new UiSelector().textMatches(\"(?is).*\\QThis never a...
14:07:19.394911 POST /session/b6037238-2dfb-4780-9d39-2244ce47b012/element [11.09775ms] ERR:404 body={"strategy":"-android uiautomator","selector":"new UiSelector().descriptionMatches(\"(?is).*\\QThis ...
14:07:19.408597 POST /session/b6037238-2dfb-4780-9d39-2244ce47b012/element [13.562875ms] ERR:404 body={"strategy":"-android uiautomator","selector":"new UiSelector().textContains(\"This never appears\")...
14:07:19.418514 POST /session/b6037238-2dfb-4780-9d39-2244ce47b012/element [9.858708ms] ERR:404 body={"strategy":"-android uiautomator","selector":"new UiSelector().descriptionContains(\"This never app...
14:07:19.430929 POST /session/b6037238-2dfb-4780-9d39-2244ce47b012/element [12.371333ms] ERR:404 body={"strategy":"-android uiautomator","selector":"new UiSelector().textMatches(\"(?is).*\\QThis never a...
14:07:19.441611 POST /session/b6037238-2dfb-4780-9d39-2244ce47b012/element [10.614917ms] ERR:404 body={"strategy":"-android uiautomator","selector":"new UiSelector().descriptionMatches(\"(?is).*\\QThis ...
14:07:19.449718 POST /session/b6037238-2dfb-4780-9d39-2244ce47b012/element [8.053125ms] ERR:404 body={"strategy":"-android uiautomator","selector":"new UiSelector().textContains(\"This never appears\")...
14:07:19.456640 POST /session/b6037238-2dfb-4780-9d39-2244ce47b012/element [6.870042ms] ERR:404 body={"strategy":"-android uiautomator","selector":"new UiSelector().descriptionContains(\"This never app...
14:07:19.470013 POST /session/b6037238-2dfb-4780-9d39-2244ce47b012/element [13.318375ms] ERR:404 body={"strategy":"-android uiautomator","selector":"new UiSelector().textMatches(\"(?is).*\\QThis never a...
14:07:19.480558 POST /session/b6037238-2dfb-4780-9d39-2244ce47b012/element [10.478458ms] ERR:404 body={"strategy":"-android uiautomator","selector":"new UiSelector().descriptionMatches(\"(?is).*\\QThis ...
14:07:19.492491 POST /session/b6037238-2dfb-4780-9d39-2244ce47b012/element [11.860291ms] ERR:404 body={"strategy":"-android uiautomator","selector":"new UiSelector().textContains(\"This never appears\")...
14:07:19.502810 POST /session/b6037238-2dfb-4780-9d39-2244ce47b012/element [10.246084ms] ERR:404 body={"strategy":"-android uiautomator","selector":"new UiSelector().descriptionContains(\"This never app...
14:07:19.509393 POST /session/b6037238-2dfb-4780-9d39-2244ce47b012/element [6.514375ms] ERR:404 body={"strategy":"-android uiautomator","selector":"new UiSelector().textMatches(\"(?is).*\\QThis never a...
14:07:19.527036 POST /session/b6037238-2dfb-4780-9d39-2244ce47b012/element [17.6035ms] ERR:404 body={"strategy":"-android uiautomator","selector":"new UiSelector().descriptionMatches(\"(?is).*\\QThis ...
14:07:19.542848 POST /session/b6037238-2dfb-4780-9d39-2244ce47b012/element [15.749625ms] ERR:404 body={"strategy":"-android uiautomator","selector":"new UiSelector().textContains(\"This never appears\")...
14:07:19.556319 POST /session/b6037238-2dfb-4780-9d39-2244ce47b012/element [13.407166ms] ERR:404 body={"strategy":"-android uiautomator","selector":"new UiSelector().descriptionContains(\"This never app...
14:07:19.567796 POST /session/b6037238-2dfb-4780-9d39-2244ce47b012/element [11.415041ms] ERR:404 body={"strategy":"-android uiautomator","selector":"new UiSelector().textMatches(\"(?is).*\\QThis never a...
14:07:19.580408 POST /session/b6037238-2dfb-4780-9d39-2244ce47b012/element [12.557125ms] ERR:404 body={"strategy":"-android uiautomator","selector":"new UiSelector().descriptionMatches(\"(?is).*\\QThis ...
14:07:19.589626 POST /session/b6037238-2dfb-4780-9d39-2244ce47b012/element [9.1725ms] ERR:404 body={"strategy":"-android uiautomator","selector":"new UiSelector().textContains(\"This never appears\")...
14:07:19.598970 POST /session/b6037238-2dfb-4780-9d39-2244ce47b012/element [9.305125ms] ERR:404 body={"strategy":"-android uiautomator","selector":"new UiSelector().descriptionContains(\"This never app...
14:07:19.608733 POST /session/b6037238-2dfb-4780-9d39-2244ce47b012/element [9.70825ms] ERR:404 body={"strategy":"-android uiautomator","selector":"new UiSelector().textMatches(\"(?is).*\\QThis never a...
14:07:19.616979 POST /session/b6037238-2dfb-4780-9d39-2244ce47b012/element [8.185875ms] ERR:404 body={"strategy":"-android uiautomator","selector":"new UiSelector().descriptionMatches(\"(?is).*\\QThis ...
14:07:19.626991 POST /session/b6037238-2dfb-4780-9d39-2244ce47b012/element [9.948834ms] ERR:404 body={"strategy":"-android uiautomator","selector":"new UiSelector().textContains(\"This never appears\")...
14:07:19.643263 POST /session/b6037238-2dfb-4780-9d39-2244ce47b012/element [16.21125ms] ERR:404 body={"strategy":"-android uiautomator","selector":"new UiSelector().descriptionContains(\"This never app...
14:07:19.649883 POST /session/b6037238-2dfb-4780-9d39-2244ce47b012/element [6.564958ms] ERR:404 body={"strategy":"-android uiautomator","selector":"new UiSelector().textMatches(\"(?is).*\\QThis never a...
14:07:19.659854 POST /session/b6037238-2dfb-4780-9d39-2244ce47b012/element [9.911583ms] ERR:404 body={"strategy":"-android uiautomator","selector":"new UiSelector().descriptionMatches(\"(?is).*\\QThis ...
14:07:19.675307 POST /session/b6037238-2dfb-4780-9d39-2244ce47b012/element [15.383917ms] ERR:404 body={"strategy":"-android uiautomator","selector":"new UiSelector().textContains(\"This never appears\")...
14:07:19.688917 POST /session/b6037238-2dfb-4780-9d39-2244ce47b012/element [13.542834ms] ERR:404 body={"strategy":"-android uiautomator","selector":"new UiSelector().descriptionContains(\"This never app...
14:07:19.697695 POST /session/b6037238-2dfb-4780-9d39-2244ce47b012/element [8.709208ms] ERR:404 body={"strategy":"-android uiautomator","selector":"new UiSelector().textMatches(\"(?is).*\\QThis never a...
14:07:19.706683 POST /session/b6037238-2dfb-4780-9d39-2244ce47b012/element [8.937584ms] ERR:404 body={"strategy":"-android uiautomator","selector":"new UiSelector().descriptionMatches(\"(?is).*\\QThis ...
14:07:19.714807 POST /session/b6037238-2dfb-4780-9d39-2244ce47b012/element [8.064167ms] ERR:404 body={"strategy":"-android uiautomator","selector":"new UiSelector().textContains(\"This never appears\")...
14:07:19.730145 POST /session/b6037238-2dfb-4780-9d39-2244ce47b012/element [15.279375ms] ERR:404 body={"strategy":"-android uiautomator","selector":"new UiSelector().descriptionContains(\"This never app...
14:07:19.743568 POST /session/b6037238-2dfb-4780-9d39-2244ce47b012/element [13.3565ms] ERR:404 body={"strategy":"-android uiautomator","selector":"new UiSelector().textMatches(\"(?is).*\\QThis never a...
14:07:19.752672 POST /session/b6037238-2dfb-4780-9d39-2244ce47b012/element [9.040667ms] ERR:404 body={"strategy":"-android uiautomator","selector":"new UiSelector().descriptionMatches(\"(?is).*\\QThis ...
14:07:19.765617 POST /session/b6037238-2dfb-4780-9d39-2244ce47b012/element [12.882292ms] ERR:404 body={"strategy":"-android uiautomator","selector":"new UiSelector().textContains(\"This never appears\")...
14:07:19.777324 POST /session/b6037238-2dfb-4780-9d39-2244ce47b012/element [11.648708ms] ERR:404 body={"strategy":"-android uiautomator","selector":"new UiSelector().descriptionContains(\"This never app...
14:07:19.794422 POST /session/b6037238-2dfb-4780-9d39-2244ce47b012/element [17.035208ms] ERR:404 body={"strategy":"-android uiautomator","selector":"new UiSelector().textMatches(\"(?is).*\\QThis never a...
14:07:19.808483 POST /session/b6037238-2dfb-4780-9d39-2244ce47b012/element [14ms] ERR:404 body={"strategy":"-android uiautomator","selector":"new UiSelector().descriptionMatches(\"(?is).*\\QThis ...
14:07:19.817443 POST /session/b6037238-2dfb-4780-9d39-2244ce47b012/element [8.890917ms] ERR:404 body={"strategy":"-android uiautomator","selector":"new UiSelector().textContains(\"This never appears\")...
14:07:19.832066 POST /session/b6037238-2dfb-4780-9d39-2244ce47b012/element [14.568333ms] ERR:404 body={"strategy":"-android uiautomator","selector":"new UiSelector().descriptionContains(\"This never app...
14:07:19.843010 POST /session/b6037238-2dfb-4780-9d39-2244ce47b012/element [10.879917ms] ERR:404 body={"strategy":"-android uiautomator","selector":"new UiSelector().textMatches(\"(?is).*\\QThis never a...
14:07:19.848825 POST /session/b6037238-2dfb-4780-9d39-2244ce47b012/element [5.758375ms] ERR:404 body={"strategy":"-android uiautomator","selector":"new UiSelector().descriptionMatches(\"(?is).*\\QThis ...
14:07:19.859718 POST /session/b6037238-2dfb-4780-9d39-2244ce47b012/element [10.856375ms] ERR:404 body={"strategy":"-android uiautomator","selector":"new UiSelector().textContains(\"This never appears\")...
14:07:19.867150 POST /session/b6037238-2dfb-4780-9d39-2244ce47b012/element [7.383959ms] ERR:404 body={"strategy":"-android uiautomator","selector":"new UiSelector().descriptionContains(\"This never app...
14:07:19.877902 POST /session/b6037238-2dfb-4780-9d39-2244ce47b012/element [10.707541ms] ERR:404 body={"strategy":"-android uiautomator","selector":"new UiSelector().textMatches(\"(?is).*\\QThis never a...
14:07:19.890048 POST /session/b6037238-2dfb-4780-9d39-2244ce47b012/element [12.092375ms] ERR:404 body={"strategy":"-android uiautomator","selector":"new UiSelector().descriptionMatches(\"(?is).*\\QThis ...
14:07:19.899231 POST /session/b6037238-2dfb-4780-9d39-2244ce47b012/element [9.131333ms] ERR:404 body={"strategy":"-android uiautomator","selector":"new UiSelector().textContains(\"This never appears\")...
14:07:19.908435 POST /session/b6037238-2dfb-4780-9d39-2244ce47b012/element [9.150084ms] ERR:404 body={"strategy":"-android uiautomator","selector":"new UiSelector().descriptionContains(\"This never app...
14:07:19.921460 POST /session/b6037238-2dfb-4780-9d39-2244ce47b012/element [12.968958ms] ERR:404 body={"strategy":"-android uiautomator","selector":"new UiSelector().textMatches(\"(?is).*\\QThis never a...
14:07:19.933614 POST /session/b6037238-2dfb-4780-9d39-2244ce47b012/element [12.094708ms] ERR:404 body={"strategy":"-android uiautomator","selector":"new UiSelector().descriptionMatches(\"(?is).*\\QThis ...
14:07:19.945222 POST /session/b6037238-2dfb-4780-9d39-2244ce47b012/element [11.538833ms] ERR:404 body={"strategy":"-android uiautomator","selector":"new UiSelector().textContains(\"This never appears\")...
14:07:19.959410 POST /session/b6037238-2dfb-4780-9d39-2244ce47b012/element [14.128459ms] ERR:404 body={"strategy":"-android uiautomator","selector":"new UiSelector().descriptionContains(\"This never app...
14:07:19.972786 POST /session/b6037238-2dfb-4780-9d39-2244ce47b012/element [13.30625ms] ERR:404 body={"strategy":"-android uiautomator","selector":"new UiSelector().textMatches(\"(?is).*\\QThis never a...
14:07:19.982112 POST /session/b6037238-2dfb-4780-9d39-2244ce47b012/element [9.26425ms] ERR:404 body={"strategy":"-android uiautomator","selector":"new UiSelector().descriptionMatches(\"(?is).*\\QThis ...
14:07:19.989577 POST /session/b6037238-2dfb-4780-9d39-2244ce47b012/element [7.406ms] ERR:404 body={"strategy":"-android uiautomator","selector":"new UiSelector().textContains(\"This never appears\")...
14:07:19.997668 POST /session/b6037238-2dfb-4780-9d39-2244ce47b012/element [8.038458ms] ERR:404 body={"strategy":"-android uiautomator","selector":"new UiSelector().descriptionContains(\"This never app...
14:07:20.010065 POST /session/b6037238-2dfb-4780-9d39-2244ce47b012/element [12.334541ms] ERR:404 body={"strategy":"-android uiautomator","selector":"new UiSelector().textMatches(\"(?is).*\\QThis never a...
14:07:20.022769 POST /session/b6037238-2dfb-4780-9d39-2244ce47b012/element [12.650667ms] ERR:404 body={"strategy":"-android uiautomator","selector":"new UiSelector().descriptionMatches(\"(?is).*\\QThis ...
14:07:20.035409 POST /session/b6037238-2dfb-4780-9d39-2244ce47b012/element [12.582042ms] ERR:404 body={"strategy":"-android uiautomator","selector":"new UiSelector().textContains(\"This never appears\")...
14:07:20.047136 POST /session/b6037238-2dfb-4780-9d39-2244ce47b012/element [11.667792ms] ERR:404 body={"strategy":"-android uiautomator","selector":"new UiSelector().descriptionContains(\"This never app...
14:07:20.057717 POST /session/b6037238-2dfb-4780-9d39-2244ce47b012/element [10.519583ms] ERR:404 body={"strategy":"-android uiautomator","selector":"new UiSelector().textMatches(\"(?is).*\\QThis never a...
14:07:20.068968 POST /session/b6037238-2dfb-4780-9d39-2244ce47b012/element [11.194ms] ERR:404 body={"strategy":"-android uiautomator","selector":"new UiSelector().descriptionMatches(\"(?is).*\\QThis ...
14:07:20.081754 POST /session/b6037238-2dfb-4780-9d39-2244ce47b012/element [12.728542ms] ERR:404 body={"strategy":"-android uiautomator","selector":"new UiSelector().textContains(\"This never appears\")...
14:07:20.088473 POST /session/b6037238-2dfb-4780-9d39-2244ce47b012/element [6.6635ms] ERR:404 body={"strategy":"-android uiautomator","selector":"new UiSelector().descriptionContains(\"This never app...
14:07:20.097202 POST /session/b6037238-2dfb-4780-9d39-2244ce47b012/element [8.690167ms] ERR:404 body={"strategy":"-android uiautomator","selector":"new UiSelector().textMatches(\"(?is).*\\QThis never a...
14:07:20.109376 POST /session/b6037238-2dfb-4780-9d39-2244ce47b012/element [12.139041ms] ERR:404 body={"strategy":"-android uiautomator","selector":"new UiSelector().descriptionMatches(\"(?is).*\\QThis ...
14:07:20.121851 POST /session/b6037238-2dfb-4780-9d39-2244ce47b012/element [12.415125ms] ERR:404 body={"strategy":"-android uiautomator","selector":"new UiSelector().textContains(\"This never appears\")...
14:07:20.132336 POST /session/b6037238-2dfb-4780-9d39-2244ce47b012/element [10.42325ms] ERR:404 body={"strategy":"-android uiautomator","selector":"new UiSelector().descriptionContains(\"This never app...
14:07:20.142436 POST /session/b6037238-2dfb-4780-9d39-2244ce47b012/element [10.044709ms] ERR:404 body={"strategy":"-android uiautomator","selector":"new UiSelector().textMatches(\"(?is).*\\QThis never a...
14:07:20.154092 POST /session/b6037238-2dfb-4780-9d39-2244ce47b012/element [11.590625ms] ERR:404 body={"strategy":"-android uiautomator","selector":"new UiSelector().descriptionMatches(\"(?is).*\\QThis ...
14:07:20.164447 POST /session/b6037238-2dfb-4780-9d39-2244ce47b012/element [10.2895ms] ERR:404 body={"strategy":"-android uiautomator","selector":"new UiSelector().textContains(\"This never appears\")...
14:07:20.173790 POST /session/b6037238-2dfb-4780-9d39-2244ce47b012/element [9.29375ms] ERR:404 body={"strategy":"-android uiautomator","selector":"new UiSelector().descriptionContains(\"This never app...
14:07:20.184131 POST /session/b6037238-2dfb-4780-9d39-2244ce47b012/element [10.295125ms] ERR:404 body={"strategy":"-android uiautomator","selector":"new UiSelector().textMatches(\"(?is).*\\QThis never a...
14:07:20.192866 POST /session/b6037238-2dfb-4780-9d39-2244ce47b012/element [8.692291ms] ERR:404 body={"strategy":"-android uiautomator","selector":"new UiSelector().descriptionMatches(\"(?is).*\\QThis ...
14:07:20.204334 POST /session/b6037238-2dfb-4780-9d39-2244ce47b012/element [11.413333ms] ERR:404 body={"strategy":"-android uiautomator","selector":"new UiSelector().textContains(\"This never appears\")...
14:07:20.212868 POST /session/b6037238-2dfb-4780-9d39-2244ce47b012/element [8.470375ms] ERR:404 body={"strategy":"-android uiautomator","selector":"new UiSelector().descriptionContains(\"This never app...
14:07:20.221060 POST /session/b6037238-2dfb-4780-9d39-2244ce47b012/element [8.137333ms] ERR:404 body={"strategy":"-android uiautomator","selector":"new UiSelector().textMatches(\"(?is).*\\QThis never a...
14:07:20.230776 POST /session/b6037238-2dfb-4780-9d39-2244ce47b012/element [9.669167ms] ERR:404 body={"strategy":"-android uiautomator","selector":"new UiSelector().descriptionMatches(\"(?is).*\\QThis ...
14:07:20.241212 POST /session/b6037238-2dfb-4780-9d39-2244ce47b012/element [10.369333ms] ERR:404 body={"strategy":"-android uiautomator","selector":"new UiSelector().textContains(\"This never appears\")...
14:07:20.249222 POST /session/b6037238-2dfb-4780-9d39-2244ce47b012/element [7.959625ms] ERR:404 body={"strategy":"-android uiautomator","selector":"new UiSelector().descriptionContains(\"This never app...
14:07:20.262883 POST /session/b6037238-2dfb-4780-9d39-2244ce47b012/element [13.615167ms] ERR:404 body={"strategy":"-android uiautomator","selector":"new UiSelector().textMatches(\"(?is).*\\QThis never a...
14:07:20.274860 POST /session/b6037238-2dfb-4780-9d39-2244ce47b012/element [11.915542ms] ERR:404 body={"strategy":"-android uiautomator","selector":"new UiSelector().descriptionMatches(\"(?is).*\\QThis ...
14:07:20.282986 POST /session/b6037238-2dfb-4780-9d39-2244ce47b012/element [8.070292ms] ERR:404 body={"strategy":"-android uiautomator","selector":"new UiSelector().textContains(\"This never appears\")...
14:07:20.293821 POST /session/b6037238-2dfb-4780-9d39-2244ce47b012/element [10.784834ms] ERR:404 body={"strategy":"-android uiautomator","selector":"new UiSelector().descriptionContains(\"This never app...
14:07:20.302001 POST /session/b6037238-2dfb-4780-9d39-2244ce47b012/element [8.137042ms] ERR:404 body={"strategy":"-android uiautomator","selector":"new UiSelector().textMatches(\"(?is).*\\QThis never a...
14:07:20.309279 POST /session/b6037238-2dfb-4780-9d39-2244ce47b012/element [7.237792ms] ERR:404 body={"strategy":"-android uiautomator","selector":"new UiSelector().descriptionMatches(\"(?is).*\\QThis ...
14:07:20.317478 POST /session/b6037238-2dfb-4780-9d39-2244ce47b012/element [8.154792ms] ERR:404 body={"strategy":"-android uiautomator","selector":"new UiSelector().textContains(\"This never appears\")...
14:07:20.325243 POST /session/b6037238-2dfb-4780-9d39-2244ce47b012/element [7.716625ms] ERR:404 body={"strategy":"-android uiautomator","selector":"new UiSelector().descriptionContains(\"This never app...
14:07:20.336858 POST /session/b6037238-2dfb-4780-9d39-2244ce47b012/element [11.571916ms] ERR:404 body={"strategy":"-android uiautomator","selector":"new UiSelector().textMatches(\"(?is).*\\QThis never a...
14:07:20.346995 POST /session/b6037238-2dfb-4780-9d39-2244ce47b012/element [10.094042ms] ERR:404 body={"strategy":"-android uiautomator","selector":"new UiSelector().descriptionMatches(\"(?is).*\\QThis ...
14:07:20.358420 POST /session/b6037238-2dfb-4780-9d39-2244ce47b012/element [11.373167ms] ERR:404 body={"strategy":"-android uiautomator","selector":"new UiSelector().textContains(\"This never appears\")...
14:07:20.368188 POST /session/b6037238-2dfb-4780-9d39-2244ce47b012/element [9.720542ms] ERR:404 body={"strategy":"-android uiautomator","selector":"new UiSelector().descriptionContains(\"This never app...
14:07:20.375794 POST /session/b6037238-2dfb-4780-9d39-2244ce47b012/element [7.551458ms] ERR:404 body={"strategy":"-android uiautomator","selector":"new UiSelector().textMatches(\"(?is).*\\QThis never a...
14:07:20.384375 POST /session/b6037238-2dfb-4780-9d39-2244ce47b012/element [8.512584ms] ERR:404 body={"strategy":"-android uiautomator","selector":"new UiSelector().descriptionMatches(\"(?is).*\\QThis ...
14:07:20.393589 POST /session/b6037238-2dfb-4780-9d39-2244ce47b012/element [9.149708ms] ERR:404 body={"strategy":"-android uiautomator","selector":"new UiSelector().textContains(\"This never appears\")...
14:07:20.407208 POST /session/b6037238-2dfb-4780-9d39-2244ce47b012/element [13.459542ms] ERR:404 body={"strategy":"-android uiautomator","selector":"new UiSelector().descriptionContains(\"This never app...
14:07:20.415661 POST /session/b6037238-2dfb-4780-9d39-2244ce47b012/element [8.389083ms] ERR:404 body={"strategy":"-android uiautomator","selector":"new UiSelector().textMatches(\"(?is).*\\QThis never a...
14:07:20.423277 POST /session/b6037238-2dfb-4780-9d39-2244ce47b012/element [7.555166ms] ERR:404 body={"strategy":"-android uiautomator","selector":"new UiSelector().descriptionMatches(\"(?is).*\\QThis ...
14:07:20.435387 POST /session/b6037238-2dfb-4780-9d39-2244ce47b012/element [12.042083ms] ERR:404 body={"strategy":"-android uiautomator","selector":"new UiSelector().textContains(\"This never appears\")...
14:07:20.441726 POST /session/b6037238-2dfb-4780-9d39-2244ce47b012/element [6.294958ms] ERR:404 body={"strategy":"-android uiautomator","selector":"new UiSelector().descriptionContains(\"This never app...
14:07:20.451546 POST /session/b6037238-2dfb-4780-9d39-2244ce47b012/element [9.781375ms] ERR:404 body={"strategy":"-android uiautomator","selector":"new UiSelector().textMatches(\"(?is).*\\QThis never a...
14:07:20.459625 POST /session/b6037238-2dfb-4780-9d39-2244ce47b012/element [8.028916ms] ERR:404 body={"strategy":"-android uiautomator","selector":"new UiSelector().descriptionMatches(\"(?is).*\\QThis ...
14:07:20.465819 POST /session/b6037238-2dfb-4780-9d39-2244ce47b012/element [6.149917ms] ERR:404 body={"strategy":"-android uiautomator","selector":"new UiSelector().textContains(\"This never appears\")...
14:07:20.472307 POST /session/b6037238-2dfb-4780-9d39-2244ce47b012/element [6.448625ms] ERR:404 body={"strategy":"-android uiautomator","selector":"new UiSelector().descriptionContains(\"This never app...
14:07:20.482801 POST /session/b6037238-2dfb-4780-9d39-2244ce47b012/element [10.444166ms] ERR:404 body={"strategy":"-android uiautomator","selector":"new UiSelector().textMatches(\"(?is).*\\QThis never a...
14:07:20.495266 POST /session/b6037238-2dfb-4780-9d39-2244ce47b012/element [12.410166ms] ERR:404 body={"strategy":"-android uiautomator","selector":"new UiSelector().descriptionMatches(\"(?is).*\\QThis ...
14:07:20.504285 POST /session/b6037238-2dfb-4780-9d39-2244ce47b012/element [8.958458ms] ERR:404 body={"strategy":"-android uiautomator","selector":"new UiSelector().textContains(\"This never appears\")...
14:07:20.513178 POST /session/b6037238-2dfb-4780-9d39-2244ce47b012/element [8.848167ms] ERR:404 body={"strategy":"-android uiautomator","selector":"new UiSelector().descriptionContains(\"This never app...
14:07:20.523626 POST /session/b6037238-2dfb-4780-9d39-2244ce47b012/element [10.401834ms] ERR:404 body={"strategy":"-android uiautomator","selector":"new UiSelector().textMatches(\"(?is).*\\QThis never a...
14:07:20.534263 POST /session/b6037238-2dfb-4780-9d39-2244ce47b012/element [10.584459ms] ERR:404 body={"strategy":"-android uiautomator","selector":"new UiSelector().descriptionMatches(\"(?is).*\\QThis ...
14:07:20.543958 POST /session/b6037238-2dfb-4780-9d39-2244ce47b012/element [9.641458ms] ERR:404 body={"strategy":"-android uiautomator","selector":"new UiSelector().textContains(\"This never appears\")...
14:07:20.551982 POST /session/b6037238-2dfb-4780-9d39-2244ce47b012/element [7.989584ms] ERR:404 body={"strategy":"-android uiautomator","selector":"new UiSelector().descriptionContains(\"This never app...
14:07:20.558934 POST /session/b6037238-2dfb-4780-9d39-2244ce47b012/element [6.901083ms] ERR:404 body={"strategy":"-android uiautomator","selector":"new UiSelector().textMatches(\"(?is).*\\QThis never a...
14:07:20.572785 POST /session/b6037238-2dfb-4780-9d39-2244ce47b012/element [13.806625ms] ERR:404 body={"strategy":"-android uiautomator","selector":"new UiSelector().descriptionMatches(\"(?is).*\\QThis ...
14:07:20.585208 POST /session/b6037238-2dfb-4780-9d39-2244ce47b012/element [12.363709ms] ERR:404 body={"strategy":"-android uiautomator","selector":"new UiSelector().textContains(\"This never appears\")...
14:07:20.593808 POST /session/b6037238-2dfb-4780-9d39-2244ce47b012/element [8.546042ms] ERR:404 body={"strategy":"-android uiautomator","selector":"new UiSelector().descriptionContains(\"This never app...
14:07:20.603625 POST /session/b6037238-2dfb-4780-9d39-2244ce47b012/element [9.767833ms] ERR:404 body={"strategy":"-android uiautomator","selector":"new UiSelector().textMatches(\"(?is).*\\QThis never a...
14:07:20.614496 POST /session/b6037238-2dfb-4780-9d39-2244ce47b012/element [10.819583ms] ERR:404 body={"strategy":"-android uiautomator","selector":"new UiSelector().descriptionMatches(\"(?is).*\\QThis ...
14:07:20.623183 POST /session/b6037238-2dfb-4780-9d39-2244ce47b012/element [8.632792ms] ERR:404 body={"strategy":"-android uiautomator","selector":"new UiSelector().textContains(\"This never appears\")...
14:07:20.631546 POST /session/b6037238-2dfb-4780-9d39-2244ce47b012/element [8.314708ms] ERR:404 body={"strategy":"-android uiautomator","selector":"new UiSelector().descriptionContains(\"This never app...
14:07:20.640143 POST /session/b6037238-2dfb-4780-9d39-2244ce47b012/element [8.555417ms] ERR:404 body={"strategy":"-android uiautomator","selector":"new UiSelector().textMatches(\"(?is).*\\QThis never a...
14:07:20.650528 POST /session/b6037238-2dfb-4780-9d39-2244ce47b012/element [10.341083ms] ERR:404 body={"strategy":"-android uiautomator","selector":"new UiSelector().descriptionMatches(\"(?is).*\\QThis ...
14:07:20.659907 POST /session/b6037238-2dfb-4780-9d39-2244ce47b012/element [9.317708ms] ERR:404 body={"strategy":"-android uiautomator","selector":"new UiSelector().textContains(\"This never appears\")...
14:07:20.669470 POST /session/b6037238-2dfb-4780-9d39-2244ce47b012/element [9.512ms] ERR:404 body={"strategy":"-android uiautomator","selector":"new UiSelector().descriptionContains(\"This never app...
14:07:20.676538 POST /session/b6037238-2dfb-4780-9d39-2244ce47b012/element [7.0185ms] ERR:404 body={"strategy":"-android uiautomator","selector":"new UiSelector().textMatches(\"(?is).*\\QThis never a...
14:07:20.684725 POST /session/b6037238-2dfb-4780-9d39-2244ce47b012/element [8.143083ms] ERR:404 body={"strategy":"-android uiautomator","selector":"new UiSelector().descriptionMatches(\"(?is).*\\QThis ...
14:07:20.692888 POST /session/b6037238-2dfb-4780-9d39-2244ce47b012/element [8.106208ms] ERR:404 body={"strategy":"-android uiautomator","selector":"new UiSelector().textContains(\"This never appears\")...
14:07:20.705096 POST /session/b6037238-2dfb-4780-9d39-2244ce47b012/element [12.147208ms] ERR:404 body={"strategy":"-android uiautomator","selector":"new UiSelector().descriptionContains(\"This never app...
14:07:20.714758 POST /session/b6037238-2dfb-4780-9d39-2244ce47b012/element [9.61725ms] ERR:404 body={"strategy":"-android uiautomator","selector":"new UiSelector().textMatches(\"(?is).*\\QThis never a...
14:07:20.723611 POST /session/b6037238-2dfb-4780-9d39-2244ce47b012/element [8.802666ms] ERR:404 body={"strategy":"-android uiautomator","selector":"new UiSelector().descriptionMatches(\"(?is).*\\QThis ...
14:07:20.727602 POST /session/b6037238-2dfb-4780-9d39-2244ce47b012/element [3.949917ms] ERR:404 body={"strategy":"-android uiautomator","selector":"new UiSelector().textContains(\"This never appears\")...
14:07:20.737569 POST /session/b6037238-2dfb-4780-9d39-2244ce47b012/element [9.919459ms] ERR:404 body={"strategy":"-android uiautomator","selector":"new UiSelector().descriptionContains(\"This never app...
14:07:20.747267 POST /session/b6037238-2dfb-4780-9d39-2244ce47b012/element [9.655625ms] ERR:404 body={"strategy":"-android uiautomator","selector":"new UiSelector().textMatches(\"(?is).*\\QThis never a...
14:07:20.758372 POST /session/b6037238-2dfb-4780-9d39-2244ce47b012/element [11.063958ms] ERR:404 body={"strategy":"-android uiautomator","selector":"new UiSelector().descriptionMatches(\"(?is).*\\QThis ...
14:07:20.767055 POST /session/b6037238-2dfb-4780-9d39-2244ce47b012/element [8.631875ms] ERR:404 body={"strategy":"-android uiautomator","selector":"new UiSelector().textContains(\"This never appears\")...
14:07:20.774666 POST /session/b6037238-2dfb-4780-9d39-2244ce47b012/element [7.568208ms] ERR:404 body={"strategy":"-android uiautomator","selector":"new UiSelector().descriptionContains(\"This never app...
14:07:20.780728 POST /session/b6037238-2dfb-4780-9d39-2244ce47b012/element [6.019042ms] ERR:404 body={"strategy":"-android uiautomator","selector":"new UiSelector().textMatches(\"(?is).*\\QThis never a...
14:07:20.788454 POST /session/b6037238-2dfb-4780-9d39-2244ce47b012/element [7.672125ms] ERR:404 body={"strategy":"-android uiautomator","selector":"new UiSelector().descriptionMatches(\"(?is).*\\QThis ...
14:07:20.800991 POST /session/b6037238-2dfb-4780-9d39-2244ce47b012/element [12.4685ms] ERR:404 body={"strategy":"-android uiautomator","selector":"new UiSelector().textContains(\"This never appears\")...
14:07:20.807169 POST /session/b6037238-2dfb-4780-9d39-2244ce47b012/element [6.129583ms] ERR:404 body={"strategy":"-android uiautomator","selector":"new UiSelector().descriptionContains(\"This never app...
14:07:20.813695 POST /session/b6037238-2dfb-4780-9d39-2244ce47b012/element [6.486042ms] ERR:404 body={"strategy":"-android uiautomator","selector":"new UiSelector().textMatches(\"(?is).*\\QThis never a...
14:07:20.824386 POST /session/b6037238-2dfb-4780-9d39-2244ce47b012/element [10.644792ms] ERR:404 body={"strategy":"-android uiautomator","selector":"new UiSelector().descriptionMatches(\"(?is).*\\QThis ...
14:07:20.833384 POST /session/b6037238-2dfb-4780-9d39-2244ce47b012/element [8.948875ms] ERR:404 body={"strategy":"-android uiautomator","selector":"new UiSelector().textContains(\"This never appears\")...
14:07:20.842405 POST /session/b6037238-2dfb-4780-9d39-2244ce47b012/element [8.97625ms] ERR:404 body={"strategy":"-android uiautomator","selector":"new UiSelector().descriptionContains(\"This never app...
14:07:20.850914 POST /session/b6037238-2dfb-4780-9d39-2244ce47b012/element [8.463084ms] ERR:404 body={"strategy":"-android uiautomator","selector":"new UiSelector().textMatches(\"(?is).*\\QThis never a...
14:07:20.861948 POST /session/b6037238-2dfb-4780-9d39-2244ce47b012/element [10.979833ms] ERR:404 body={"strategy":"-android uiautomator","selector":"new UiSelector().descriptionMatches(\"(?is).*\\QThis ...
14:07:20.870579 POST /session/b6037238-2dfb-4780-9d39-2244ce47b012/element [8.578709ms] ERR:404 body={"strategy":"-android uiautomator","selector":"new UiSelector().textContains(\"This never appears\")...
14:07:20.876952 POST /session/b6037238-2dfb-4780-9d39-2244ce47b012/element [6.341084ms] ERR:404 body={"strategy":"-android uiautomator","selector":"new UiSelector().descriptionContains(\"This never app...
14:07:20.883043 POST /session/b6037238-2dfb-4780-9d39-2244ce47b012/element [6.056625ms] ERR:404 body={"strategy":"-android uiautomator","selector":"new UiSelector().textMatches(\"(?is).*\\QThis never a...
14:07:20.895742 POST /session/b6037238-2dfb-4780-9d39-2244ce47b012/element [12.643459ms] ERR:404 body={"strategy":"-android uiautomator","selector":"new UiSelector().descriptionMatches(\"(?is).*\\QThis ...
14:07:20.908055 POST /session/b6037238-2dfb-4780-9d39-2244ce47b012/element [12.248334ms] ERR:404 body={"strategy":"-android uiautomator","selector":"new UiSelector().textContains(\"This never appears\")...
14:07:20.917412 POST /session/b6037238-2dfb-4780-9d39-2244ce47b012/element [9.30175ms] ERR:404 body={"strategy":"-android uiautomator","selector":"new UiSelector().descriptionContains(\"This never app...
14:07:20.926834 POST /session/b6037238-2dfb-4780-9d39-2244ce47b012/element [9.370292ms] ERR:404 body={"strategy":"-android uiautomator","selector":"new UiSelector().textMatches(\"(?is).*\\QThis never a...
14:07:20.938466 POST /session/b6037238-2dfb-4780-9d39-2244ce47b012/element [11.58225ms] ERR:404 body={"strategy":"-android uiautomator","selector":"new UiSelector().descriptionMatches(\"(?is).*\\QThis ...
14:07:20.946494 POST /session/b6037238-2dfb-4780-9d39-2244ce47b012/element [7.975083ms] ERR:404 body={"strategy":"-android uiautomator","selector":"new UiSelector().textContains(\"This never appears\")...
14:07:20.955012 POST /session/b6037238-2dfb-4780-9d39-2244ce47b012/element [8.470375ms] ERR:404 body={"strategy":"-android uiautomator","selector":"new UiSelector().descriptionContains(\"This never app...
14:07:20.965181 POST /session/b6037238-2dfb-4780-9d39-2244ce47b012/element [10.111666ms] ERR:404 body={"strategy":"-android uiautomator","selector":"new UiSelector().textMatches(\"(?is).*\\QThis never a...
14:07:20.982110 POST /session/b6037238-2dfb-4780-9d39-2244ce47b012/element [16.878375ms] ERR:404 body={"strategy":"-android uiautomator","selector":"new UiSelector().descriptionMatches(\"(?is).*\\QThis ...
14:07:20.993337 POST /session/b6037238-2dfb-4780-9d39-2244ce47b012/element [11.167709ms] ERR:404 body={"strategy":"-android uiautomator","selector":"new UiSelector().textContains(\"This never appears\")...
14:07:20.999774 POST /session/b6037238-2dfb-4780-9d39-2244ce47b012/element [6.3905ms] ERR:404 body={"strategy":"-android uiautomator","selector":"new UiSelector().descriptionContains(\"This never app...
14:07:21.010937 POST /session/b6037238-2dfb-4780-9d39-2244ce47b012/element [11.118292ms] ERR:404 body={"strategy":"-android uiautomator","selector":"new UiSelector().textMatches(\"(?is).*\\QThis never a...
14:07:21.022435 POST /session/b6037238-2dfb-4780-9d39-2244ce47b012/element [11.427ms] ERR:404 body={"strategy":"-android uiautomator","selector":"new UiSelector().descriptionMatches(\"(?is).*\\QThis ...
14:07:21.031584 POST /session/b6037238-2dfb-4780-9d39-2244ce47b012/element [9.088042ms] ERR:404 body={"strategy":"-android uiautomator","selector":"new UiSelector().textContains(\"This never appears\")...
14:07:21.041513 POST /session/b6037238-2dfb-4780-9d39-2244ce47b012/element [9.866583ms] ERR:404 body={"strategy":"-android uiautomator","selector":"new UiSelector().descriptionContains(\"This never app...
14:07:21.048261 POST /session/b6037238-2dfb-4780-9d39-2244ce47b012/element [6.698333ms] ERR:404 body={"strategy":"-android uiautomator","selector":"new UiSelector().textMatches(\"(?is).*\\QThis never a...
14:07:21.054095 POST /session/b6037238-2dfb-4780-9d39-2244ce47b012/element [5.785958ms] ERR:404 body={"strategy":"-android uiautomator","selector":"new UiSelector().descriptionMatches(\"(?is).*\\QThis ...
14:07:21.061872 POST /session/b6037238-2dfb-4780-9d39-2244ce47b012/element [7.724042ms] ERR:404 body={"strategy":"-android uiautomator","selector":"new UiSelector().textContains(\"This never appears\")...
14:07:21.072257 POST /session/b6037238-2dfb-4780-9d39-2244ce47b012/element [10.343ms] ERR:404 body={"strategy":"-android uiautomator","selector":"new UiSelector().descriptionContains(\"This never app...
14:07:21.081875 POST /session/b6037238-2dfb-4780-9d39-2244ce47b012/element [9.559458ms] ERR:404 body={"strategy":"-android uiautomator","selector":"new UiSelector().textMatches(\"(?is).*\\QThis never a...
14:07:21.089592 POST /session/b6037238-2dfb-4780-9d39-2244ce47b012/element [7.67225ms] ERR:404 body={"strategy":"-android uiautomator","selector":"new UiSelector().descriptionMatches(\"(?is).*\\QThis ...
14:07:21.099828 POST /session/b6037238-2dfb-4780-9d39-2244ce47b012/element [10.199458ms] ERR:404 body={"strategy":"-android uiautomator","selector":"new UiSelector().textContains(\"This never appears\")...
14:07:21.107542 POST /session/b6037238-2dfb-4780-9d39-2244ce47b012/element [7.680834ms] ERR:404 body={"strategy":"-android uiautomator","selector":"new UiSelector().descriptionContains(\"This never app...
14:07:21.113264 POST /session/b6037238-2dfb-4780-9d39-2244ce47b012/element [5.690209ms] ERR:404 body={"strategy":"-android uiautomator","selector":"new UiSelector().textMatches(\"(?is).*\\QThis never a...
14:07:21.119703 POST /session/b6037238-2dfb-4780-9d39-2244ce47b012/element [6.408333ms] ERR:404 body={"strategy":"-android uiautomator","selector":"new UiSelector().descriptionMatches(\"(?is).*\\QThis ...
14:07:21.127872 POST /session/b6037238-2dfb-4780-9d39-2244ce47b012/element [8.13625ms] ERR:404 body={"strategy":"-android uiautomator","selector":"new UiSelector().textContains(\"This never appears\")...
14:07:21.137276 POST /session/b6037238-2dfb-4780-9d39-2244ce47b012/element [9.362541ms] ERR:404 body={"strategy":"-android uiautomator","selector":"new UiSelector().descriptionContains(\"This never app...
14:07:21.146395 POST /session/b6037238-2dfb-4780-9d39-2244ce47b012/element [9.07075ms] ERR:404 body={"strategy":"-android uiautomator","selector":"new UiSelector().textMatches(\"(?is).*\\QThis never a...
14:07:21.155890 POST /session/b6037238-2dfb-4780-9d39-2244ce47b012/element [9.447292ms] ERR:404 body={"strategy":"-android uiautomator","selector":"new UiSelector().descriptionMatches(\"(?is).*\\QThis ...
14:07:21.163889 POST /session/b6037238-2dfb-4780-9d39-2244ce47b012/element [7.956459ms] ERR:404 body={"strategy":"-android uiautomator","selector":"new UiSelector().textContains(\"This never appears\")...
14:07:21.174309 POST /session/b6037238-2dfb-4780-9d39-2244ce47b012/element [10.373125ms] ERR:404 body={"strategy":"-android uiautomator","selector":"new UiSelector().descriptionContains(\"This never app...
14:07:21.185128 POST /session/b6037238-2dfb-4780-9d39-2244ce47b012/element [10.759625ms] ERR:404 body={"strategy":"-android uiautomator","selector":"new UiSelector().textMatches(\"(?is).*\\QThis never a...
14:07:21.195795 POST /session/b6037238-2dfb-4780-9d39-2244ce47b012/element [10.607834ms] ERR:404 body={"strategy":"-android uiautomator","selector":"new UiSelector().descriptionMatches(\"(?is).*\\QThis ...
14:07:21.202562 POST /session/b6037238-2dfb-4780-9d39-2244ce47b012/element [6.72475ms] ERR:404 body={"strategy":"-android uiautomator","selector":"new UiSelector().textContains(\"This never appears\")...
14:07:21.209742 POST /session/b6037238-2dfb-4780-9d39-2244ce47b012/element [7.145875ms] ERR:404 body={"strategy":"-android uiautomator","selector":"new UiSelector().descriptionContains(\"This never app...
14:07:21.217862 POST /session/b6037238-2dfb-4780-9d39-2244ce47b012/element [8.08625ms] ERR:404 body={"strategy":"-android uiautomator","selector":"new UiSelector().textMatches(\"(?is).*\\QThis never a...
14:07:21.226805 POST /session/b6037238-2dfb-4780-9d39-2244ce47b012/element [8.896625ms] ERR:404 body={"strategy":"-android uiautomator","selector":"new UiSelector().descriptionMatches(\"(?is).*\\QThis ...
14:07:21.236838 POST /session/b6037238-2dfb-4780-9d39-2244ce47b012/element [9.966875ms] ERR:404 body={"strategy":"-android uiautomator","selector":"new UiSelector().textContains(\"This never appears\")...
14:07:21.248637 POST /session/b6037238-2dfb-4780-9d39-2244ce47b012/element [11.731417ms] ERR:404 body={"strategy":"-android uiautomator","selector":"new UiSelector().descriptionContains(\"This never app...
14:07:21.259866 POST /session/b6037238-2dfb-4780-9d39-2244ce47b012/element [11.173209ms] ERR:404 body={"strategy":"-android uiautomator","selector":"new UiSelector().textMatches(\"(?is).*\\QThis never a...
14:07:21.269775 POST /session/b6037238-2dfb-4780-9d39-2244ce47b012/element [9.847292ms] ERR:404 body={"strategy":"-android uiautomator","selector":"new UiSelector().descriptionMatches(\"(?is).*\\QThis ...
14:07:21.279551 POST /session/b6037238-2dfb-4780-9d39-2244ce47b012/element [9.716083ms] ERR:404 body={"strategy":"-android uiautomator","selector":"new UiSelector().textContains(\"This never appears\")...
14:07:21.292274 POST /session/b6037238-2dfb-4780-9d39-2244ce47b012/element [12.677167ms] ERR:404 body={"strategy":"-android uiautomator","selector":"new UiSelector().descriptionContains(\"This never app...
14:07:21.301814 POST /session/b6037238-2dfb-4780-9d39-2244ce47b012/element [9.488042ms] ERR:404 body={"strategy":"-android uiautomator","selector":"new UiSelector().textMatches(\"(?is).*\\QThis never a...
14:07:21.311328 POST /session/b6037238-2dfb-4780-9d39-2244ce47b012/element [9.452875ms] ERR:404 body={"strategy":"-android uiautomator","selector":"new UiSelector().descriptionMatches(\"(?is).*\\QThis ...
14:07:21.324850 POST /session/b6037238-2dfb-4780-9d39-2244ce47b012/element [13.446958ms] ERR:404 body={"strategy":"-android uiautomator","selector":"new UiSelector().textContains(\"This never appears\")...
14:07:21.338954 POST /session/b6037238-2dfb-4780-9d39-2244ce47b012/element [14.042709ms] ERR:404 body={"strategy":"-android uiautomator","selector":"new UiSelector().descriptionContains(\"This never app...
14:07:21.348764 POST /session/b6037238-2dfb-4780-9d39-2244ce47b012/element [9.746292ms] ERR:404 body={"strategy":"-android uiautomator","selector":"new UiSelector().textMatches(\"(?is).*\\QThis never a...
14:07:21.360746 POST /session/b6037238-2dfb-4780-9d39-2244ce47b012/element [11.907542ms] ERR:404 body={"strategy":"-android uiautomator","selector":"new UiSelector().descriptionMatches(\"(?is).*\\QThis ...
14:07:21.370755 POST /session/b6037238-2dfb-4780-9d39-2244ce47b012/element [9.93825ms] ERR:404 body={"strategy":"-android uiautomator","selector":"new UiSelector().textContains(\"This never appears\")...
14:07:21.380474 POST /session/b6037238-2dfb-4780-9d39-2244ce47b012/element [9.647083ms] ERR:404 body={"strategy":"-android uiautomator","selector":"new UiSelector().descriptionContains(\"This never app...
14:07:21.387428 POST /session/b6037238-2dfb-4780-9d39-2244ce47b012/element [6.894958ms] ERR:404 body={"strategy":"-android uiautomator","selector":"new UiSelector().textMatches(\"(?is).*\\QThis never a...
14:07:21.393732 POST /session/b6037238-2dfb-4780-9d39-2244ce47b012/element [6.165625ms] ERR:404 body={"strategy":"-android uiautomator","selector":"new UiSelector().descriptionMatches(\"(?is).*\\QThis ...
14:07:21.401909 POST /session/b6037238-2dfb-4780-9d39-2244ce47b012/element [8.130542ms] ERR:404 body={"strategy":"-android uiautomator","selector":"new UiSelector().textContains(\"This never appears\")...
14:07:21.415945 POST /session/b6037238-2dfb-4780-9d39-2244ce47b012/element [13.980459ms] ERR:404 body={"strategy":"-android uiautomator","selector":"new UiSelector().descriptionContains(\"This never app...
14:07:21.431847 POST /session/b6037238-2dfb-4780-9d39-2244ce47b012/element [15.830583ms] ERR:404 body={"strategy":"-android uiautomator","selector":"new UiSelector().textMatches(\"(?is).*\\QThis never a...
14:07:21.443656 POST /session/b6037238-2dfb-4780-9d39-2244ce47b012/element [11.744458ms] ERR:404 body={"strategy":"-android uiautomator","selector":"new UiSelector().descriptionMatches(\"(?is).*\\QThis ...
14:07:21.456555 POST /session/b6037238-2dfb-4780-9d39-2244ce47b012/element [12.841833ms] ERR:404 body={"strategy":"-android uiautomator","selector":"new UiSelector().textContains(\"This never appears\")...
14:07:21.467893 POST /session/b6037238-2dfb-4780-9d39-2244ce47b012/element [11.270833ms] ERR:404 body={"strategy":"-android uiautomator","selector":"new UiSelector().descriptionContains(\"This never app...
14:07:21.480695 POST /session/b6037238-2dfb-4780-9d39-2244ce47b012/element [12.7425ms] ERR:404 body={"strategy":"-android uiautomator","selector":"new UiSelector().textMatches(\"(?is).*\\QThis never a...
14:07:21.489575 POST /session/b6037238-2dfb-4780-9d39-2244ce47b012/element [8.822292ms] ERR:404 body={"strategy":"-android uiautomator","selector":"new UiSelector().descriptionMatches(\"(?is).*\\QThis ...
14:07:21.498091 POST /session/b6037238-2dfb-4780-9d39-2244ce47b012/element [8.454791ms] ERR:404 body={"strategy":"-android uiautomator","selector":"new UiSelector().textContains(\"This never appears\")...
14:07:21.506569 POST /session/b6037238-2dfb-4780-9d39-2244ce47b012/element [8.429125ms] ERR:404 body={"strategy":"-android uiautomator","selector":"new UiSelector().descriptionContains(\"This never app...
14:07:21.517224 POST /session/b6037238-2dfb-4780-9d39-2244ce47b012/element [10.60525ms] ERR:404 body={"strategy":"-android uiautomator","selector":"new UiSelector().textMatches(\"(?is).*\\QThis never a...
14:07:21.525086 POST /session/b6037238-2dfb-4780-9d39-2244ce47b012/element [7.811167ms] ERR:404 body={"strategy":"-android uiautomator","selector":"new UiSelector().descriptionMatches(\"(?is).*\\QThis ...
14:07:21.533568 POST /session/b6037238-2dfb-4780-9d39-2244ce47b012/element [8.44125ms] ERR:404 body={"strategy":"-android uiautomator","selector":"new UiSelector().textContains(\"This never appears\")...
14:07:21.542089 POST /session/b6037238-2dfb-4780-9d39-2244ce47b012/element [8.474542ms] ERR:404 body={"strategy":"-android uiautomator","selector":"new UiSelector().descriptionContains(\"This never app...
14:07:21.550381 POST /session/b6037238-2dfb-4780-9d39-2244ce47b012/element [8.245084ms] ERR:404 body={"strategy":"-android uiautomator","selector":"new UiSelector().textMatches(\"(?is).*\\QThis never a...
14:07:21.559814 POST /session/b6037238-2dfb-4780-9d39-2244ce47b012/element [9.392916ms] ERR:404 body={"strategy":"-android uiautomator","selector":"new UiSelector().descriptionMatches(\"(?is).*\\QThis ...
14:07:21.568378 POST /session/b6037238-2dfb-4780-9d39-2244ce47b012/element [8.519167ms] ERR:404 body={"strategy":"-android uiautomator","selector":"new UiSelector().textContains(\"This never appears\")...
14:07:21.579190 POST /session/b6037238-2dfb-4780-9d39-2244ce47b012/element [10.746334ms] ERR:404 body={"strategy":"-android uiautomator","selector":"new UiSelector().descriptionContains(\"This never app...
14:07:21.592040 POST /session/b6037238-2dfb-4780-9d39-2244ce47b012/element [12.782417ms] ERR:404 body={"strategy":"-android uiautomator","selector":"new UiSelector().textMatches(\"(?is).*\\QThis never a...
14:07:21.606185 POST /session/b6037238-2dfb-4780-9d39-2244ce47b012/element [14.087417ms] ERR:404 body={"strategy":"-android uiautomator","selector":"new UiSelector().descriptionMatches(\"(?is).*\\QThis ...
14:07:21.614374 POST /session/b6037238-2dfb-4780-9d39-2244ce47b012/element [8.11775ms] ERR:404 body={"strategy":"-android uiautomator","selector":"new UiSelector().textContains(\"This never appears\")...
14:07:21.621952 POST /session/b6037238-2dfb-4780-9d39-2244ce47b012/element [7.521792ms] ERR:404 body={"strategy":"-android uiautomator","selector":"new UiSelector().descriptionContains(\"This never app...
14:07:21.651127 POST /session/b6037238-2dfb-4780-9d39-2244ce47b012/element [29.110375ms] ERR:404 body={"strategy":"-android uiautomator","selector":"new UiSelector().textMatches(\"(?is).*\\QThis never a...
14:07:21.677776 POST /session/b6037238-2dfb-4780-9d39-2244ce47b012/element [26.563584ms] ERR:404 body={"strategy":"-android uiautomator","selector":"new UiSelector().descriptionMatches(\"(?is).*\\QThis ...
14:07:21.686927 POST /session/b6037238-2dfb-4780-9d39-2244ce47b012/element [9.095625ms] ERR:404 body={"strategy":"-android uiautomator","selector":"new UiSelector().textContains(\"This never appears\")...
14:07:21.707891 POST /session/b6037238-2dfb-4780-9d39-2244ce47b012/element [20.906958ms] ERR:404 body={"strategy":"-android uiautomator","selector":"new UiSelector().descriptionContains(\"This never app...
14:07:21.718091 POST /session/b6037238-2dfb-4780-9d39-2244ce47b012/element [10.155458ms] ERR:404 body={"strategy":"-android uiautomator","selector":"new UiSelector().textMatches(\"(?is).*\\QThis never a...
14:07:21.729141 POST /session/b6037238-2dfb-4780-9d39-2244ce47b012/element [11.015167ms] ERR:404 body={"strategy":"-android uiautomator","selector":"new UiSelector().descriptionMatches(\"(?is).*\\QThis ...
14:07:21.741825 POST /session/b6037238-2dfb-4780-9d39-2244ce47b012/element [12.627416ms] ERR:404 body={"strategy":"-android uiautomator","selector":"new UiSelector().textContains(\"This never appears\")...
14:07:21.753083 POST /session/b6037238-2dfb-4780-9d39-2244ce47b012/element [11.195666ms] ERR:404 body={"strategy":"-android uiautomator","selector":"new UiSelector().descriptionContains(\"This never app...
14:07:21.762540 POST /session/b6037238-2dfb-4780-9d39-2244ce47b012/element [9.404333ms] ERR:404 body={"strategy":"-android uiautomator","selector":"new UiSelector().textMatches(\"(?is).*\\QThis never a...
14:07:21.771017 POST /session/b6037238-2dfb-4780-9d39-2244ce47b012/element [8.427333ms] ERR:404 body={"strategy":"-android uiautomator","selector":"new UiSelector().descriptionMatches(\"(?is).*\\QThis ...
14:07:21.783071 POST /session/b6037238-2dfb-4780-9d39-2244ce47b012/element [12.009208ms] ERR:404 body={"strategy":"-android uiautomator","selector":"new UiSelector().textContains(\"This never appears\")...
14:07:21.790108 POST /session/b6037238-2dfb-4780-9d39-2244ce47b012/element [6.989625ms] ERR:404 body={"strategy":"-android uiautomator","selector":"new UiSelector().descriptionContains(\"This never app...
14:07:21.797954 POST /session/b6037238-2dfb-4780-9d39-2244ce47b012/element [7.804958ms] ERR:404 body={"strategy":"-android uiautomator","selector":"new UiSelector().textMatches(\"(?is).*\\QThis never a...
14:07:21.804893 POST /session/b6037238-2dfb-4780-9d39-2244ce47b012/element [6.891ms] ERR:404 body={"strategy":"-android uiautomator","selector":"new UiSelector().descriptionMatches(\"(?is).*\\QThis ...
14:07:21.816144 POST /session/b6037238-2dfb-4780-9d39-2244ce47b012/element [11.208291ms] ERR:404 body={"strategy":"-android uiautomator","selector":"new UiSelector().textContains(\"This never appears\")...
14:07:21.827048 POST /session/b6037238-2dfb-4780-9d39-2244ce47b012/element [10.854416ms] ERR:404 body={"strategy":"-android uiautomator","selector":"new UiSelector().descriptionContains(\"This never app...
14:07:21.833222 POST /session/b6037238-2dfb-4780-9d39-2244ce47b012/element [6.129667ms] ERR:404 body={"strategy":"-android uiautomator","selector":"new UiSelector().textMatches(\"(?is).*\\QThis never a...
14:07:21.844242 POST /session/b6037238-2dfb-4780-9d39-2244ce47b012/element [10.974334ms] ERR:404 body={"strategy":"-android uiautomator","selector":"new UiSelector().descriptionMatches(\"(?is).*\\QThis ...
14:07:21.858735 POST /session/b6037238-2dfb-4780-9d39-2244ce47b012/element [13.941875ms] ERR:404 body={"strategy":"-android uiautomator","selector":"new UiSelector().textContains(\"This never appears\")...
14:07:21.872004 POST /session/b6037238-2dfb-4780-9d39-2244ce47b012/element [13.190958ms] ERR:404 body={"strategy":"-android uiautomator","selector":"new UiSelector().descriptionContains(\"This never app...
14:07:21.890571 POST /session/b6037238-2dfb-4780-9d39-2244ce47b012/element [18.500917ms] ERR:404 body={"strategy":"-android uiautomator","selector":"new UiSelector().textMatches(\"(?is).*\\QThis never a...
14:07:21.906402 POST /session/b6037238-2dfb-4780-9d39-2244ce47b012/element [15.774375ms] ERR:404 body={"strategy":"-android uiautomator","selector":"new UiSelector().descriptionMatches(\"(?is).*\\QThis ...
14:07:21.939943 POST /session/b6037238-2dfb-4780-9d39-2244ce47b012/element [33.486958ms] ERR:404 body={"strategy":"-android uiautomator","selector":"new UiSelector().textContains(\"This never appears\")...
14:07:21.956326 POST /session/b6037238-2dfb-4780-9d39-2244ce47b012/element [16.317375ms] ERR:404 body={"strategy":"-android uiautomator","selector":"new UiSelector().descriptionContains(\"This never app...
14:07:21.966860 POST /session/b6037238-2dfb-4780-9d39-2244ce47b012/element [10.470041ms] ERR:404 body={"strategy":"-android uiautomator","selector":"new UiSelector().textMatches(\"(?is).*\\QThis never a...
14:07:21.978250 POST /session/b6037238-2dfb-4780-9d39-2244ce47b012/element [11.327167ms] ERR:404 body={"strategy":"-android uiautomator","selector":"new UiSelector().descriptionMatches(\"(?is).*\\QThis ...
14:07:21.987009 POST /session/b6037238-2dfb-4780-9d39-2244ce47b012/element [8.699417ms] ERR:404 body={"strategy":"-android uiautomator","selector":"new UiSelector().textContains(\"This never appears\")...
14:07:21.996131 POST /session/b6037238-2dfb-4780-9d39-2244ce47b012/element [9.063417ms] ERR:404 body={"strategy":"-android uiautomator","selector":"new UiSelector().descriptionContains(\"This never app...
14:07:22.008590 POST /session/b6037238-2dfb-4780-9d39-2244ce47b012/element [12.395666ms] ERR:404 body={"strategy":"-android uiautomator","selector":"new UiSelector().textMatches(\"(?is).*\\QThis never a...
14:07:22.018316 POST /session/b6037238-2dfb-4780-9d39-2244ce47b012/element [9.664584ms] ERR:404 body={"strategy":"-android uiautomator","selector":"new UiSelector().descriptionMatches(\"(?is).*\\QThis ...
14:07:22.025915 POST /session/b6037238-2dfb-4780-9d39-2244ce47b012/element [7.51275ms] ERR:404 body={"strategy":"-android uiautomator","selector":"new UiSelector().textContains(\"This never appears\")...
14:07:22.035728 POST /session/b6037238-2dfb-4780-9d39-2244ce47b012/element [9.740333ms] ERR:404 body={"strategy":"-android uiautomator","selector":"new UiSelector().descriptionContains(\"This never app...
14:07:22.043435 POST /session/b6037238-2dfb-4780-9d39-2244ce47b012/element [7.659542ms] ERR:404 body={"strategy":"-android uiautomator","selector":"new UiSelector().textMatches(\"(?is).*\\QThis never a...
14:07:22.051783 POST /session/b6037238-2dfb-4780-9d39-2244ce47b012/element [8.301958ms] ERR:404 body={"strategy":"-android uiautomator","selector":"new UiSelector().descriptionMatches(\"(?is).*\\QThis ...
14:07:22.059866 POST /session/b6037238-2dfb-4780-9d39-2244ce47b012/element [8.03275ms] ERR:404 body={"strategy":"-android uiautomator","selector":"new UiSelector().textContains(\"This never appears\")...
14:07:22.069733 POST /session/b6037238-2dfb-4780-9d39-2244ce47b012/element [9.831875ms] ERR:404 body={"strategy":"-android uiautomator","selector":"new UiSelector().descriptionContains(\"This never app...
14:07:22.081894 POST /session/b6037238-2dfb-4780-9d39-2244ce47b012/element [12.114291ms] ERR:404 body={"strategy":"-android uiautomator","selector":"new UiSelector().textMatches(\"(?is).*\\QThis never a...
14:07:22.092436 POST /session/b6037238-2dfb-4780-9d39-2244ce47b012/element [10.499666ms] ERR:404 body={"strategy":"-android uiautomator","selector":"new UiSelector().descriptionMatches(\"(?is).*\\QThis ...
14:07:22.102746 POST /session/b6037238-2dfb-4780-9d39-2244ce47b012/element [10.28325ms] ERR:404 body={"strategy":"-android uiautomator","selector":"new UiSelector().textContains(\"This never appears\")...
14:07:22.111782 POST /session/b6037238-2dfb-4780-9d39-2244ce47b012/element [9.006916ms] ERR:404 body={"strategy":"-android uiautomator","selector":"new UiSelector().descriptionContains(\"This never app...
14:07:22.125548 POST /session/b6037238-2dfb-4780-9d39-2244ce47b012/element [13.712083ms] ERR:404 body={"strategy":"-android uiautomator","selector":"new UiSelector().textMatches(\"(?is).*\\QThis never a...
14:07:22.135421 POST /session/b6037238-2dfb-4780-9d39-2244ce47b012/element [9.80325ms] ERR:404 body={"strategy":"-android uiautomator","selector":"new UiSelector().descriptionMatches(\"(?is).*\\QThis ...
14:07:22.145575 POST /session/b6037238-2dfb-4780-9d39-2244ce47b012/element [10.09875ms] ERR:404 body={"strategy":"-android uiautomator","selector":"new UiSelector().textContains(\"This never appears\")...
14:07:22.151540 POST /session/b6037238-2dfb-4780-9d39-2244ce47b012/element [5.908583ms] ERR:404 body={"strategy":"-android uiautomator","selector":"new UiSelector().descriptionContains(\"This never app...
14:07:22.161343 POST /session/b6037238-2dfb-4780-9d39-2244ce47b012/element [9.747416ms] ERR:404 body={"strategy":"-android uiautomator","selector":"new UiSelector().textMatches(\"(?is).*\\QThis never a...
14:07:22.171247 POST /session/b6037238-2dfb-4780-9d39-2244ce47b012/element [9.852958ms] ERR:404 body={"strategy":"-android uiautomator","selector":"new UiSelector().descriptionMatches(\"(?is).*\\QThis ...
14:07:22.179407 POST /session/b6037238-2dfb-4780-9d39-2244ce47b012/element [8.103792ms] ERR:404 body={"strategy":"-android uiautomator","selector":"new UiSelector().textContains(\"This never appears\")...
14:07:22.187421 POST /session/b6037238-2dfb-4780-9d39-2244ce47b012/element [7.979209ms] ERR:404 body={"strategy":"-android uiautomator","selector":"new UiSelector().descriptionContains(\"This never app...
14:07:22.196812 POST /session/b6037238-2dfb-4780-9d39-2244ce47b012/element [9.352791ms] ERR:404 body={"strategy":"-android uiautomator","selector":"new UiSelector().textMatches(\"(?is).*\\QThis never a...
14:07:22.205688 POST /session/b6037238-2dfb-4780-9d39-2244ce47b012/element [8.833708ms] ERR:404 body={"strategy":"-android uiautomator","selector":"new UiSelector().descriptionMatches(\"(?is).*\\QThis ...
14:07:22.213843 POST /session/b6037238-2dfb-4780-9d39-2244ce47b012/element [8.103667ms] ERR:404 body={"strategy":"-android uiautomator","selector":"new UiSelector().textContains(\"This never appears\")...
14:07:22.222439 POST /session/b6037238-2dfb-4780-9d39-2244ce47b012/element [8.553834ms] ERR:404 body={"strategy":"-android uiautomator","selector":"new UiSelector().descriptionContains(\"This never app...
14:07:22.229945 POST /session/b6037238-2dfb-4780-9d39-2244ce47b012/element [7.459542ms] ERR:404 body={"strategy":"-android uiautomator","selector":"new UiSelector().textMatches(\"(?is).*\\QThis never a...
14:07:22.241484 POST /session/b6037238-2dfb-4780-9d39-2244ce47b012/element [11.502625ms] ERR:404 body={"strategy":"-android uiautomator","selector":"new UiSelector().descriptionMatches(\"(?is).*\\QThis ...
14:07:22.248936 POST /session/b6037238-2dfb-4780-9d39-2244ce47b012/element [7.398ms] ERR:404 body={"strategy":"-android uiautomator","selector":"new UiSelector().textContains(\"This never appears\")...
14:07:22.256935 POST /session/b6037238-2dfb-4780-9d39-2244ce47b012/element [7.937666ms] ERR:404 body={"strategy":"-android uiautomator","selector":"new UiSelector().descriptionContains(\"This never app...
14:07:22.268653 POST /session/b6037238-2dfb-4780-9d39-2244ce47b012/element [11.6635ms] ERR:404 body={"strategy":"-android uiautomator","selector":"new UiSelector().textMatches(\"(?is).*\\QThis never a...
14:07:22.277042 POST /session/b6037238-2dfb-4780-9d39-2244ce47b012/element [8.330584ms] ERR:404 body={"strategy":"-android uiautomator","selector":"new UiSelector().descriptionMatches(\"(?is).*\\QThis ...
14:07:22.286310 POST /session/b6037238-2dfb-4780-9d39-2244ce47b012/element [9.228375ms] ERR:404 body={"strategy":"-android uiautomator","selector":"new UiSelector().textContains(\"This never appears\")...
14:07:22.298089 POST /session/b6037238-2dfb-4780-9d39-2244ce47b012/element [11.72125ms] ERR:404 body={"strategy":"-android uiautomator","selector":"new UiSelector().descriptionContains(\"This never app...
14:07:22.304848 POST /session/b6037238-2dfb-4780-9d39-2244ce47b012/element [6.700542ms] ERR:404 body={"strategy":"-android uiautomator","selector":"new UiSelector().textMatches(\"(?is).*\\QThis never a...
14:07:22.313602 POST /session/b6037238-2dfb-4780-9d39-2244ce47b012/element [8.701792ms] ERR:404 body={"strategy":"-android uiautomator","selector":"new UiSelector().descriptionMatches(\"(?is).*\\QThis ...
14:07:22.321013 POST /session/b6037238-2dfb-4780-9d39-2244ce47b012/element [7.372ms] ERR:404 body={"strategy":"-android uiautomator","selector":"new UiSelector().textContains(\"This never appears\")...
14:07:22.329658 POST /session/b6037238-2dfb-4780-9d39-2244ce47b012/element [8.598667ms] ERR:404 body={"strategy":"-android uiautomator","selector":"new UiSelector().descriptionContains(\"This never app...
14:07:22.341840 POST /session/b6037238-2dfb-4780-9d39-2244ce47b012/element [12.134125ms] ERR:404 body={"strategy":"-android uiautomator","selector":"new UiSelector().textMatches(\"(?is).*\\QThis never a...
14:07:22.352419 POST /session/b6037238-2dfb-4780-9d39-2244ce47b012/element [10.513708ms] ERR:404 body={"strategy":"-android uiautomator","selector":"new UiSelector().descriptionMatches(\"(?is).*\\QThis ...
14:07:22.360926 POST /session/b6037238-2dfb-4780-9d39-2244ce47b012/element [8.456584ms] ERR:404 body={"strategy":"-android uiautomator","selector":"new UiSelector().textContains(\"This never appears\")...
14:07:22.372492 POST /session/b6037238-2dfb-4780-9d39-2244ce47b012/element [11.4005ms] ERR:404 body={"strategy":"-android uiautomator","selector":"new UiSelector().descriptionContains(\"This never app...
14:07:22.380096 POST /session/b6037238-2dfb-4780-9d39-2244ce47b012/element [7.545291ms] ERR:404 body={"strategy":"-android uiautomator","selector":"new UiSelector().textMatches(\"(?is).*\\QThis never a...
14:07:22.387517 POST /session/b6037238-2dfb-4780-9d39-2244ce47b012/element [7.382041ms] ERR:404 body={"strategy":"-android uiautomator","selector":"new UiSelector().descriptionMatches(\"(?is).*\\QThis ...
14:07:22.395923 POST /session/b6037238-2dfb-4780-9d39-2244ce47b012/element [8.360083ms] ERR:404 body={"strategy":"-android uiautomator","selector":"new UiSelector().textContains(\"This never appears\")...
14:07:22.404730 POST /session/b6037238-2dfb-4780-9d39-2244ce47b012/element [8.762875ms] ERR:404 body={"strategy":"-android uiautomator","selector":"new UiSelector().descriptionContains(\"This never app...
14:07:22.415236 POST /session/b6037238-2dfb-4780-9d39-2244ce47b012/element [10.452833ms] ERR:404 body={"strategy":"-android uiautomator","selector":"new UiSelector().textMatches(\"(?is).*\\QThis never a...
14:07:22.426382 POST /session/b6037238-2dfb-4780-9d39-2244ce47b012/element [11.097ms] ERR:404 body={"strategy":"-android uiautomator","selector":"new UiSelector().descriptionMatches(\"(?is).*\\QThis ...
14:07:22.437384 POST /session/b6037238-2dfb-4780-9d39-2244ce47b012/element [10.938ms] ERR:404 body={"strategy":"-android uiautomator","selector":"new UiSelector().textContains(\"This never appears\")...
14:07:22.449312 POST /session/b6037238-2dfb-4780-9d39-2244ce47b012/element [11.846459ms] ERR:404 body={"strategy":"-android uiautomator","selector":"new UiSelector().descriptionContains(\"This never app...
14:07:22.457944 POST /session/b6037238-2dfb-4780-9d39-2244ce47b012/element [8.565083ms] ERR:404 body={"strategy":"-android uiautomator","selector":"new UiSelector().textMatches(\"(?is).*\\QThis never a...
14:07:22.463295 POST /session/b6037238-2dfb-4780-9d39-2244ce47b012/element [5.299292ms] ERR:404 body={"strategy":"-android uiautomator","selector":"new UiSelector().descriptionMatches(\"(?is).*\\QThis ...
14:07:22.471395 POST /session/b6037238-2dfb-4780-9d39-2244ce47b012/element [8.052292ms] ERR:404 body={"strategy":"-android uiautomator","selector":"new UiSelector().textContains(\"This never appears\")...
14:07:22.477379 POST /session/b6037238-2dfb-4780-9d39-2244ce47b012/element [5.927041ms] ERR:404 body={"strategy":"-android uiautomator","selector":"new UiSelector().descriptionContains(\"This never app...
14:07:22.486751 POST /session/b6037238-2dfb-4780-9d39-2244ce47b012/element [9.312375ms] ERR:404 body={"strategy":"-android uiautomator","selector":"new UiSelector().textMatches(\"(?is).*\\QThis never a...
14:07:22.497160 POST /session/b6037238-2dfb-4780-9d39-2244ce47b012/element [10.361125ms] ERR:404 body={"strategy":"-android uiautomator","selector":"new UiSelector().descriptionMatches(\"(?is).*\\QThis ...
14:07:22.505085 POST /session/b6037238-2dfb-4780-9d39-2244ce47b012/element [7.877333ms] ERR:404 body={"strategy":"-android uiautomator","selector":"new UiSelector().textContains(\"This never appears\")...
14:07:22.511944 POST /session/b6037238-2dfb-4780-9d39-2244ce47b012/element [6.820667ms] ERR:404 body={"strategy":"-android uiautomator","selector":"new UiSelector().descriptionContains(\"This never app...
14:07:22.518614 POST /session/b6037238-2dfb-4780-9d39-2244ce47b012/element [6.623458ms] ERR:404 body={"strategy":"-android uiautomator","selector":"new UiSelector().textMatches(\"(?is).*\\QThis never a...
14:07:22.526206 POST /session/b6037238-2dfb-4780-9d39-2244ce47b012/element [7.553542ms] ERR:404 body={"strategy":"-android uiautomator","selector":"new UiSelector().descriptionMatches(\"(?is).*\\QThis ...
14:07:22.534386 POST /session/b6037238-2dfb-4780-9d39-2244ce47b012/element [8.149084ms] ERR:404 body={"strategy":"-android uiautomator","selector":"new UiSelector().textContains(\"This never appears\")...
14:07:22.543025 POST /session/b6037238-2dfb-4780-9d39-2244ce47b012/element [8.600958ms] ERR:404 body={"strategy":"-android uiautomator","selector":"new UiSelector().descriptionContains(\"This never app...
14:07:22.551418 POST /session/b6037238-2dfb-4780-9d39-2244ce47b012/element [8.346791ms] ERR:404 body={"strategy":"-android uiautomator","selector":"new UiSelector().textMatches(\"(?is).*\\QThis never a...
14:07:22.558460 POST /session/b6037238-2dfb-4780-9d39-2244ce47b012/element [6.994959ms] ERR:404 body={"strategy":"-android uiautomator","selector":"new UiSelector().descriptionMatches(\"(?is).*\\QThis ...
14:07:22.566414 POST /session/b6037238-2dfb-4780-9d39-2244ce47b012/element [7.921875ms] ERR:404 body={"strategy":"-android uiautomator","selector":"new UiSelector().textContains(\"This never appears\")...
14:07:22.574442 POST /session/b6037238-2dfb-4780-9d39-2244ce47b012/element [7.993209ms] ERR:404 body={"strategy":"-android uiautomator","selector":"new UiSelector().descriptionContains(\"This never app...
14:07:22.581522 POST /session/b6037238-2dfb-4780-9d39-2244ce47b012/element [7.040917ms] ERR:404 body={"strategy":"-android uiautomator","selector":"new UiSelector().textMatches(\"(?is).*\\QThis never a...
14:07:22.590898 POST /session/b6037238-2dfb-4780-9d39-2244ce47b012/element [9.33675ms] ERR:404 body={"strategy":"-android uiautomator","selector":"new UiSelector().descriptionMatches(\"(?is).*\\QThis ...
14:07:22.598668 POST /session/b6037238-2dfb-4780-9d39-2244ce47b012/element [7.721083ms] ERR:404 body={"strategy":"-android uiautomator","selector":"new UiSelector().textContains(\"This never appears\")...
14:07:22.605251 POST /session/b6037238-2dfb-4780-9d39-2244ce47b012/element [6.5465ms] ERR:404 body={"strategy":"-android uiautomator","selector":"new UiSelector().descriptionContains(\"This never app...
14:07:22.614459 POST /session/b6037238-2dfb-4780-9d39-2244ce47b012/element [9.177042ms] ERR:404 body={"strategy":"-android uiautomator","selector":"new UiSelector().textMatches(\"(?is).*\\QThis never a...
14:07:22.622015 POST /session/b6037238-2dfb-4780-9d39-2244ce47b012/element [7.501959ms] ERR:404 body={"strategy":"-android uiautomator","selector":"new UiSelector().descriptionMatches(\"(?is).*\\QThis ...
14:07:22.631689 POST /session/b6037238-2dfb-4780-9d39-2244ce47b012/element [9.624ms] ERR:404 body={"strategy":"-android uiautomator","selector":"new UiSelector().textContains(\"This never appears\")...
14:07:22.645385 POST /session/b6037238-2dfb-4780-9d39-2244ce47b012/element [13.641958ms] ERR:404 body={"strategy":"-android uiautomator","selector":"new UiSelector().descriptionContains(\"This never app...
14:07:22.653525 POST /session/b6037238-2dfb-4780-9d39-2244ce47b012/element [8.096084ms] ERR:404 body={"strategy":"-android uiautomator","selector":"new UiSelector().textMatches(\"(?is).*\\QThis never a...
14:07:22.660276 POST /session/b6037238-2dfb-4780-9d39-2244ce47b012/element [6.713916ms] ERR:404 body={"strategy":"-android uiautomator","selector":"new UiSelector().descriptionMatches(\"(?is).*\\QThis ...
14:07:22.668171 POST /session/b6037238-2dfb-4780-9d39-2244ce47b012/element [7.839208ms] ERR:404 body={"strategy":"-android uiautomator","selector":"new UiSelector().textContains(\"This never appears\")...
14:07:22.676682 POST /session/b6037238-2dfb-4780-9d39-2244ce47b012/element [8.47825ms] ERR:404 body={"strategy":"-android uiautomator","selector":"new UiSelector().descriptionContains(\"This never app...
14:07:22.685583 POST /session/b6037238-2dfb-4780-9d39-2244ce47b012/element [8.862417ms] ERR:404 body={"strategy":"-android uiautomator","selector":"new UiSelector().textMatches(\"(?is).*\\QThis never a...
14:07:22.693924 POST /session/b6037238-2dfb-4780-9d39-2244ce47b012/element [8.292333ms] ERR:404 body={"strategy":"-android uiautomator","selector":"new UiSelector().descriptionMatches(\"(?is).*\\QThis ...
14:07:22.701685 POST /session/b6037238-2dfb-4780-9d39-2244ce47b012/element [7.711167ms] ERR:404 body={"strategy":"-android uiautomator","selector":"new UiSelector().textContains(\"This never appears\")...
14:07:22.711858 POST /session/b6037238-2dfb-4780-9d39-2244ce47b012/element [10.123458ms] ERR:404 body={"strategy":"-android uiautomator","selector":"new UiSelector().descriptionContains(\"This never app...
14:07:22.721282 POST /session/b6037238-2dfb-4780-9d39-2244ce47b012/element [9.385042ms] ERR:404 body={"strategy":"-android uiautomator","selector":"new UiSelector().textMatches(\"(?is).*\\QThis never a...
14:07:22.729560 POST /session/b6037238-2dfb-4780-9d39-2244ce47b012/element [8.230041ms] ERR:404 body={"strategy":"-android uiautomator","selector":"new UiSelector().descriptionMatches(\"(?is).*\\QThis ...
14:07:22.739591 POST /session/b6037238-2dfb-4780-9d39-2244ce47b012/element [9.982209ms] ERR:404 body={"strategy":"-android uiautomator","selector":"new UiSelector().textContains(\"This never appears\")...
14:07:22.748094 POST /session/b6037238-2dfb-4780-9d39-2244ce47b012/element [8.4535ms] ERR:404 body={"strategy":"-android uiautomator","selector":"new UiSelector().descriptionContains(\"This never app...
14:07:22.756294 POST /session/b6037238-2dfb-4780-9d39-2244ce47b012/element [8.139791ms] ERR:404 body={"strategy":"-android uiautomator","selector":"new UiSelector().textMatches(\"(?is).*\\QThis never a...
14:07:22.767970 POST /session/b6037238-2dfb-4780-9d39-2244ce47b012/element [11.612125ms] ERR:404 body={"strategy":"-android uiautomator","selector":"new UiSelector().descriptionMatches(\"(?is).*\\QThis ...
14:07:22.781893 POST /session/b6037238-2dfb-4780-9d39-2244ce47b012/element [13.840167ms] ERR:404 body={"strategy":"-android uiautomator","selector":"new UiSelector().textContains(\"This never appears\")...
14:07:22.796268 POST /session/b6037238-2dfb-4780-9d39-2244ce47b012/element [14.304125ms] ERR:404 body={"strategy":"-android uiautomator","selector":"new UiSelector().descriptionContains(\"This never app...
14:07:22.809636 POST /session/b6037238-2dfb-4780-9d39-2244ce47b012/element [13.314375ms] ERR:404 body={"strategy":"-android uiautomator","selector":"new UiSelector().textMatches(\"(?is).*\\QThis never a...
14:07:22.822795 POST /session/b6037238-2dfb-4780-9d39-2244ce47b012/element [13.110291ms] ERR:404 body={"strategy":"-android uiautomator","selector":"new UiSelector().descriptionMatches(\"(?is).*\\QThis ...
14:07:22.832701 POST /session/b6037238-2dfb-4780-9d39-2244ce47b012/element [9.850625ms] ERR:404 body={"strategy":"-android uiautomator","selector":"new UiSelector().textContains(\"This never appears\")...
14:07:22.841879 POST /session/b6037238-2dfb-4780-9d39-2244ce47b012/element [9.130875ms] ERR:404 body={"strategy":"-android uiautomator","selector":"new UiSelector().descriptionContains(\"This never app...
14:07:22.850216 POST /session/b6037238-2dfb-4780-9d39-2244ce47b012/element [8.297375ms] ERR:404 body={"strategy":"-android uiautomator","selector":"new UiSelector().textMatches(\"(?is).*\\QThis never a...
14:07:22.858749 POST /session/b6037238-2dfb-4780-9d39-2244ce47b012/element [8.471917ms] ERR:404 body={"strategy":"-android uiautomator","selector":"new UiSelector().descriptionMatches(\"(?is).*\\QThis ...
14:07:22.868492 POST /session/b6037238-2dfb-4780-9d39-2244ce47b012/element [9.705167ms] ERR:404 body={"strategy":"-android uiautomator","selector":"new UiSelector().textContains(\"This never appears\")...
14:07:22.876538 POST /session/b6037238-2dfb-4780-9d39-2244ce47b012/element [8.007667ms] ERR:404 body={"strategy":"-android uiautomator","selector":"new UiSelector().descriptionContains(\"This never app...
14:07:22.890724 POST /session/b6037238-2dfb-4780-9d39-2244ce47b012/element [14.127708ms] ERR:404 body={"strategy":"-android uiautomator","selector":"new UiSelector().textMatches(\"(?is).*\\QThis never a...
14:07:22.898824 POST /session/b6037238-2dfb-4780-9d39-2244ce47b012/element [8.034584ms] ERR:404 body={"strategy":"-android uiautomator","selector":"new UiSelector().descriptionMatches(\"(?is).*\\QThis ...
14:07:22.908932 POST /session/b6037238-2dfb-4780-9d39-2244ce47b012/element [10.070041ms] ERR:404 body={"strategy":"-android uiautomator","selector":"new UiSelector().textContains(\"This never appears\")...
14:07:22.914213 POST /session/b6037238-2dfb-4780-9d39-2244ce47b012/element [5.250084ms] ERR:404 body={"strategy":"-android uiautomator","selector":"new UiSelector().descriptionContains(\"This never app...
14:07:22.923644 POST /session/b6037238-2dfb-4780-9d39-2244ce47b012/element [9.392042ms] ERR:404 body={"strategy":"-android uiautomator","selector":"new UiSelector().textMatches(\"(?is).*\\QThis never a...
14:07:22.931412 POST /session/b6037238-2dfb-4780-9d39-2244ce47b012/element [7.700875ms] ERR:404 body={"strategy":"-android uiautomator","selector":"new UiSelector().descriptionMatches(\"(?is).*\\QThis ...
14:07:22.942711 POST /session/b6037238-2dfb-4780-9d39-2244ce47b012/element [10.425125ms] ERR:404 body={"strategy":"-android uiautomator","selector":"new UiSelector().textContains(\"This never appears\")...
14:07:22.950741 POST /session/b6037238-2dfb-4780-9d39-2244ce47b012/element [7.975042ms] ERR:404 body={"strategy":"-android uiautomator","selector":"new UiSelector().descriptionContains(\"This never app...
14:07:22.961877 POST /session/b6037238-2dfb-4780-9d39-2244ce47b012/element [11.077834ms] ERR:404 body={"strategy":"-android uiautomator","selector":"new UiSelector().textMatches(\"(?is).*\\QThis never a...
14:07:22.972235 POST /session/b6037238-2dfb-4780-9d39-2244ce47b012/element [10.296417ms] ERR:404 body={"strategy":"-android uiautomator","selector":"new UiSelector().descriptionMatches(\"(?is).*\\QThis ...
14:07:22.980661 POST /session/b6037238-2dfb-4780-9d39-2244ce47b012/element [8.376833ms] ERR:404 body={"strategy":"-android uiautomator","selector":"new UiSelector().textContains(\"This never appears\")...
14:07:22.989460 POST /session/b6037238-2dfb-4780-9d39-2244ce47b012/element [8.739833ms] ERR:404 body={"strategy":"-android uiautomator","selector":"new UiSelector().descriptionContains(\"This never app...
14:07:22.997379 POST /session/b6037238-2dfb-4780-9d39-2244ce47b012/element [7.873792ms] ERR:404 body={"strategy":"-android uiautomator","selector":"new UiSelector().textMatches(\"(?is).*\\QThis never a...
14:07:23.005589 POST /session/b6037238-2dfb-4780-9d39-2244ce47b012/element [8.173459ms] ERR:404 body={"strategy":"-android uiautomator","selector":"new UiSelector().descriptionMatches(\"(?is).*\\QThis ...
14:07:23.015744 POST /session/b6037238-2dfb-4780-9d39-2244ce47b012/element [10.106333ms] ERR:404 body={"strategy":"-android uiautomator","selector":"new UiSelector().textContains(\"This never appears\")...
14:07:23.028353 POST /session/b6037238-2dfb-4780-9d39-2244ce47b012/element [12.541125ms] ERR:404 body={"strategy":"-android uiautomator","selector":"new UiSelector().descriptionContains(\"This never app...
14:07:23.040650 POST /session/b6037238-2dfb-4780-9d39-2244ce47b012/element [12.22875ms] ERR:404 body={"strategy":"-android uiautomator","selector":"new UiSelector().textMatches(\"(?is).*\\QThis never a...
14:07:23.047836 POST /session/b6037238-2dfb-4780-9d39-2244ce47b012/element [7.140042ms] ERR:404 body={"strategy":"-android uiautomator","selector":"new UiSelector().descriptionMatches(\"(?is).*\\QThis ...
14:07:23.057355 POST /session/b6037238-2dfb-4780-9d39-2244ce47b012/element [9.463208ms] ERR:404 body={"strategy":"-android uiautomator","selector":"new UiSelector().textContains(\"This never appears\")...
14:07:23.072310 POST /session/b6037238-2dfb-4780-9d39-2244ce47b012/element [14.906958ms] ERR:404 body={"strategy":"-android uiautomator","selector":"new UiSelector().descriptionContains(\"This never app...
14:07:23.081765 POST /session/b6037238-2dfb-4780-9d39-2244ce47b012/element [9.395ms] ERR:404 body={"strategy":"-android uiautomator","selector":"new UiSelector().textMatches(\"(?is).*\\QThis never a...
14:07:23.091781 POST /session/b6037238-2dfb-4780-9d39-2244ce47b012/element [9.961708ms] ERR:404 body={"strategy":"-android uiautomator","selector":"new UiSelector().descriptionMatches(\"(?is).*\\QThis ...
14:07:23.098247 POST /session/b6037238-2dfb-4780-9d39-2244ce47b012/element [6.420792ms] ERR:404 body={"strategy":"-android uiautomator","selector":"new UiSelector().textContains(\"This never appears\")...
14:07:23.104454 POST /session/b6037238-2dfb-4780-9d39-2244ce47b012/element [6.166834ms] ERR:404 body={"strategy":"-android uiautomator","selector":"new UiSelector().descriptionContains(\"This never app...
14:07:23.112625 POST /session/b6037238-2dfb-4780-9d39-2244ce47b012/element [8.124792ms] ERR:404 body={"strategy":"-android uiautomator","selector":"new UiSelector().textMatches(\"(?is).*\\QThis never a...
14:07:23.118402 POST /session/b6037238-2dfb-4780-9d39-2244ce47b012/element [5.728833ms] ERR:404 body={"strategy":"-android uiautomator","selector":"new UiSelector().descriptionMatches(\"(?is).*\\QThis ...
14:07:23.127406 POST /session/b6037238-2dfb-4780-9d39-2244ce47b012/element [8.955708ms] ERR:404 body={"strategy":"-android uiautomator","selector":"new UiSelector().textContains(\"This never appears\")...
14:07:23.135744 POST /session/b6037238-2dfb-4780-9d39-2244ce47b012/element [8.29675ms] ERR:404 body={"strategy":"-android uiautomator","selector":"new UiSelector().descriptionContains(\"This never app...
14:07:23.144371 POST /session/b6037238-2dfb-4780-9d39-2244ce47b012/element [8.576958ms] ERR:404 body={"strategy":"-android uiautomator","selector":"new UiSelector().textMatches(\"(?is).*\\QThis never a...
14:07:23.151134 POST /session/b6037238-2dfb-4780-9d39-2244ce47b012/element [6.721375ms] ERR:404 body={"strategy":"-android uiautomator","selector":"new UiSelector().descriptionMatches(\"(?is).*\\QThis ...
14:07:23.160235 POST /session/b6037238-2dfb-4780-9d39-2244ce47b012/element [9.060958ms] ERR:404 body={"strategy":"-android uiautomator","selector":"new UiSelector().textContains(\"This never appears\")...
14:07:23.167808 POST /session/b6037238-2dfb-4780-9d39-2244ce47b012/element [7.538292ms] ERR:404 body={"strategy":"-android uiautomator","selector":"new UiSelector().descriptionContains(\"This never app...
14:07:23.175423 POST /session/b6037238-2dfb-4780-9d39-2244ce47b012/element [7.580333ms] ERR:404 body={"strategy":"-android uiautomator","selector":"new UiSelector().textMatches(\"(?is).*\\QThis never a...
14:07:23.182784 POST /session/b6037238-2dfb-4780-9d39-2244ce47b012/element [7.315458ms] ERR:404 body={"strategy":"-android uiautomator","selector":"new UiSelector().descriptionMatches(\"(?is).*\\QThis ...
14:07:23.189496 POST /session/b6037238-2dfb-4780-9d39-2244ce47b012/element [6.675833ms] ERR:404 body={"strategy":"-android uiautomator","selector":"new UiSelector().textContains(\"This never appears\")...
14:07:23.196544 POST /session/b6037238-2dfb-4780-9d39-2244ce47b012/element [7.003209ms] ERR:404 body={"strategy":"-android uiautomator","selector":"new UiSelector().descriptionContains(\"This never app...
14:07:23.203401 POST /session/b6037238-2dfb-4780-9d39-2244ce47b012/element [6.807542ms] ERR:404 body={"strategy":"-android uiautomator","selector":"new UiSelector().textMatches(\"(?is).*\\QThis never a...
14:07:23.210342 POST /session/b6037238-2dfb-4780-9d39-2244ce47b012/element [6.894875ms] ERR:404 body={"strategy":"-android uiautomator","selector":"new UiSelector().descriptionMatches(\"(?is).*\\QThis ...
14:07:23.216786 POST /session/b6037238-2dfb-4780-9d39-2244ce47b012/element [6.407917ms] ERR:404 body={"strategy":"-android uiautomator","selector":"new UiSelector().textContains(\"This never appears\")...
14:07:23.224845 POST /session/b6037238-2dfb-4780-9d39-2244ce47b012/element [8.017375ms] ERR:404 body={"strategy":"-android uiautomator","selector":"new UiSelector().descriptionContains(\"This never app...
14:07:23.234032 POST /session/b6037238-2dfb-4780-9d39-2244ce47b012/element [9.148625ms] ERR:404 body={"strategy":"-android uiautomator","selector":"new UiSelector().textMatches(\"(?is).*\\QThis never a...
14:07:23.241823 POST /session/b6037238-2dfb-4780-9d39-2244ce47b012/element [7.75475ms] ERR:404 body={"strategy":"-android uiautomator","selector":"new UiSelector().descriptionMatches(\"(?is).*\\QThis ...
14:07:23.248387 POST /session/b6037238-2dfb-4780-9d39-2244ce47b012/element [6.527375ms] ERR:404 body={"strategy":"-android uiautomator","selector":"new UiSelector().textContains(\"This never appears\")...
14:07:23.256904 POST /session/b6037238-2dfb-4780-9d39-2244ce47b012/element [8.476833ms] ERR:404 body={"strategy":"-android uiautomator","selector":"new UiSelector().descriptionContains(\"This never app...
14:07:23.265733 POST /session/b6037238-2dfb-4780-9d39-2244ce47b012/element [8.782209ms] ERR:404 body={"strategy":"-android uiautomator","selector":"new UiSelector().textMatches(\"(?is).*\\QThis never a...
14:07:23.273952 POST /session/b6037238-2dfb-4780-9d39-2244ce47b012/element [8.173125ms] ERR:404 body={"strategy":"-android uiautomator","selector":"new UiSelector().descriptionMatches(\"(?is).*\\QThis ...
14:07:23.284587 POST /session/b6037238-2dfb-4780-9d39-2244ce47b012/element [10.586583ms] ERR:404 body={"strategy":"-android uiautomator","selector":"new UiSelector().textContains(\"This never appears\")...
14:07:23.292579 POST /session/b6037238-2dfb-4780-9d39-2244ce47b012/element [7.932084ms] ERR:404 body={"strategy":"-android uiautomator","selector":"new UiSelector().descriptionContains(\"This never app...
14:07:23.304375 POST /session/b6037238-2dfb-4780-9d39-2244ce47b012/element [11.739292ms] ERR:404 body={"strategy":"-android uiautomator","selector":"new UiSelector().textMatches(\"(?is).*\\QThis never a...
14:07:23.314209 POST /session/b6037238-2dfb-4780-9d39-2244ce47b012/element [9.775875ms] ERR:404 body={"strategy":"-android uiautomator","selector":"new UiSelector().descriptionMatches(\"(?is).*\\QThis ...
14:07:23.319751 POST /session/b6037238-2dfb-4780-9d39-2244ce47b012/element [5.491541ms] ERR:404 body={"strategy":"-android uiautomator","selector":"new UiSelector().textContains(\"This never appears\")...
14:07:23.326577 POST /session/b6037238-2dfb-4780-9d39-2244ce47b012/element [6.781208ms] ERR:404 body={"strategy":"-android uiautomator","selector":"new UiSelector().descriptionContains(\"This never app...
14:07:23.337767 POST /session/b6037238-2dfb-4780-9d39-2244ce47b012/element [11.139041ms] ERR:404 body={"strategy":"-android uiautomator","selector":"new UiSelector().textMatches(\"(?is).*\\QThis never a...
14:07:23.349304 POST /session/b6037238-2dfb-4780-9d39-2244ce47b012/element [11.483583ms] ERR:404 body={"strategy":"-android uiautomator","selector":"new UiSelector().descriptionMatches(\"(?is).*\\QThis ...
14:07:23.358876 POST /session/b6037238-2dfb-4780-9d39-2244ce47b012/element [9.514709ms] ERR:404 body={"strategy":"-android uiautomator","selector":"new UiSelector().textContains(\"This never appears\")...
14:07:23.370935 POST /session/b6037238-2dfb-4780-9d39-2244ce47b012/element [12.003792ms] ERR:404 body={"strategy":"-android uiautomator","selector":"new UiSelector().descriptionContains(\"This never app...
14:07:23.380374 POST /session/b6037238-2dfb-4780-9d39-2244ce47b012/element [9.382625ms] ERR:404 body={"strategy":"-android uiautomator","selector":"new UiSelector().textMatches(\"(?is).*\\QThis never a...
14:07:23.389521 POST /session/b6037238-2dfb-4780-9d39-2244ce47b012/element [9.089625ms] ERR:404 body={"strategy":"-android uiautomator","selector":"new UiSelector().descriptionMatches(\"(?is).*\\QThis ...
14:07:23.398662 POST /session/b6037238-2dfb-4780-9d39-2244ce47b012/element [9.087542ms] ERR:404 body={"strategy":"-android uiautomator","selector":"new UiSelector().textContains(\"This never appears\")...
14:07:23.411965 POST /session/b6037238-2dfb-4780-9d39-2244ce47b012/element [13.2455ms] ERR:404 body={"strategy":"-android uiautomator","selector":"new UiSelector().descriptionContains(\"This never app...
14:07:23.421894 POST /session/b6037238-2dfb-4780-9d39-2244ce47b012/element [9.874916ms] ERR:404 body={"strategy":"-android uiautomator","selector":"new UiSelector().textMatches(\"(?is).*\\QThis never a...
14:07:23.439643 POST /session/b6037238-2dfb-4780-9d39-2244ce47b012/element [17.682416ms] ERR:404 body={"strategy":"-android uiautomator","selector":"new UiSelector().descriptionMatches(\"(?is).*\\QThis ...
14:07:23.452699 POST /session/b6037238-2dfb-4780-9d39-2244ce47b012/element [12.931208ms] ERR:404 body={"strategy":"-android uiautomator","selector":"new UiSelector().textContains(\"This never appears\")...
14:07:23.466589 POST /session/b6037238-2dfb-4780-9d39-2244ce47b012/element [13.819875ms] ERR:404 body={"strategy":"-android uiautomator","selector":"new UiSelector().descriptionContains(\"This never app...
14:07:23.480251 POST /session/b6037238-2dfb-4780-9d39-2244ce47b012/element [13.586625ms] ERR:404 body={"strategy":"-android uiautomator","selector":"new UiSelector().textMatches(\"(?is).*\\QThis never a...
14:07:23.492818 POST /session/b6037238-2dfb-4780-9d39-2244ce47b012/element [12.512834ms] ERR:404 body={"strategy":"-android uiautomator","selector":"new UiSelector().descriptionMatches(\"(?is).*\\QThis ...
14:07:23.502860 POST /session/b6037238-2dfb-4780-9d39-2244ce47b012/element [9.98475ms] ERR:404 body={"strategy":"-android uiautomator","selector":"new UiSelector().textContains(\"This never appears\")...
14:07:23.513812 POST /session/b6037238-2dfb-4780-9d39-2244ce47b012/element [10.904916ms] ERR:404 body={"strategy":"-android uiautomator","selector":"new UiSelector().descriptionContains(\"This never app...
14:07:23.526112 POST /session/b6037238-2dfb-4780-9d39-2244ce47b012/element [12.251792ms] ERR:404 body={"strategy":"-android uiautomator","selector":"new UiSelector().textMatches(\"(?is).*\\QThis never a...
14:07:23.537050 POST /session/b6037238-2dfb-4780-9d39-2244ce47b012/element [10.89125ms] ERR:404 body={"strategy":"-android uiautomator","selector":"new UiSelector().descriptionMatches(\"(?is).*\\QThis ...
14:07:23.547633 POST /session/b6037238-2dfb-4780-9d39-2244ce47b012/element [10.536875ms] ERR:404 body={"strategy":"-android uiautomator","selector":"new UiSelector().textContains(\"This never appears\")...
14:07:23.555398 POST /session/b6037238-2dfb-4780-9d39-2244ce47b012/element [7.730042ms] ERR:404 body={"strategy":"-android uiautomator","selector":"new UiSelector().descriptionContains(\"This never app...
14:07:23.562673 POST /session/b6037238-2dfb-4780-9d39-2244ce47b012/element [7.212125ms] ERR:404 body={"strategy":"-android uiautomator","selector":"new UiSelector().textMatches(\"(?is).*\\QThis never a...
14:07:23.570382 POST /session/b6037238-2dfb-4780-9d39-2244ce47b012/element [7.66125ms] ERR:404 body={"strategy":"-android uiautomator","selector":"new UiSelector().descriptionMatches(\"(?is).*\\QThis ...
14:07:23.581591 POST /session/b6037238-2dfb-4780-9d39-2244ce47b012/element [11.1625ms] ERR:404 body={"strategy":"-android uiautomator","selector":"new UiSelector().textContains(\"This never appears\")...
14:07:23.594036 POST /session/b6037238-2dfb-4780-9d39-2244ce47b012/element [12.389459ms] ERR:404 body={"strategy":"-android uiautomator","selector":"new UiSelector().descriptionContains(\"This never app...
14:07:23.607071 POST /session/b6037238-2dfb-4780-9d39-2244ce47b012/element [12.978709ms] ERR:404 body={"strategy":"-android uiautomator","selector":"new UiSelector().textMatches(\"(?is).*\\QThis never a...
14:07:23.616825 POST /session/b6037238-2dfb-4780-9d39-2244ce47b012/element [9.691083ms] ERR:404 body={"strategy":"-android uiautomator","selector":"new UiSelector().descriptionMatches(\"(?is).*\\QThis ...
14:07:23.626837 POST /session/b6037238-2dfb-4780-9d39-2244ce47b012/element [9.940791ms] ERR:404 body={"strategy":"-android uiautomator","selector":"new UiSelector().textContains(\"This never appears\")...
14:07:23.636961 POST /session/b6037238-2dfb-4780-9d39-2244ce47b012/element [10.06425ms] ERR:404 body={"strategy":"-android uiautomator","selector":"new UiSelector().descriptionContains(\"This never app...
14:07:23.644089 POST /session/b6037238-2dfb-4780-9d39-2244ce47b012/element [7.072375ms] ERR:404 body={"strategy":"-android uiautomator","selector":"new UiSelector().textMatches(\"(?is).*\\QThis never a...
14:07:23.654983 POST /session/b6037238-2dfb-4780-9d39-2244ce47b012/element [10.83575ms] ERR:404 body={"strategy":"-android uiautomator","selector":"new UiSelector().descriptionMatches(\"(?is).*\\QThis ...
14:07:23.668515 POST /session/b6037238-2dfb-4780-9d39-2244ce47b012/element [13.477375ms] ERR:404 body={"strategy":"-android uiautomator","selector":"new UiSelector().textContains(\"This never appears\")...
14:07:23.681294 POST /session/b6037238-2dfb-4780-9d39-2244ce47b012/element [12.708083ms] ERR:404 body={"strategy":"-android uiautomator","selector":"new UiSelector().descriptionContains(\"This never app...
14:07:23.691830 POST /session/b6037238-2dfb-4780-9d39-2244ce47b012/element [10.463667ms] ERR:404 body={"strategy":"-android uiautomator","selector":"new UiSelector().textMatches(\"(?is).*\\QThis never a...
14:07:23.703364 POST /session/b6037238-2dfb-4780-9d39-2244ce47b012/element [11.465959ms] ERR:404 body={"strategy":"-android uiautomator","selector":"new UiSelector().descriptionMatches(\"(?is).*\\QThis ...
14:07:23.715337 POST /session/b6037238-2dfb-4780-9d39-2244ce47b012/element [11.901459ms] ERR:404 body={"strategy":"-android uiautomator","selector":"new UiSelector().textContains(\"This never appears\")...
14:07:23.724037 POST /session/b6037238-2dfb-4780-9d39-2244ce47b012/element [8.638459ms] ERR:404 body={"strategy":"-android uiautomator","selector":"new UiSelector().descriptionContains(\"This never app...
14:07:23.731290 POST /session/b6037238-2dfb-4780-9d39-2244ce47b012/element [7.21725ms] ERR:404 body={"strategy":"-android uiautomator","selector":"new UiSelector().textMatches(\"(?is).*\\QThis never a...
14:07:23.738094 POST /session/b6037238-2dfb-4780-9d39-2244ce47b012/element [6.753584ms] ERR:404 body={"strategy":"-android uiautomator","selector":"new UiSelector().descriptionMatches(\"(?is).*\\QThis ...
14:07:23.748068 POST /session/b6037238-2dfb-4780-9d39-2244ce47b012/element [9.9375ms] ERR:404 body={"strategy":"-android uiautomator","selector":"new UiSelector().textContains(\"This never appears\")...
14:07:23.758468 POST /session/b6037238-2dfb-4780-9d39-2244ce47b012/element [10.343ms] ERR:404 body={"strategy":"-android uiautomator","selector":"new UiSelector().descriptionContains(\"This never app...
14:07:23.768899 POST /session/b6037238-2dfb-4780-9d39-2244ce47b012/element [10.379541ms] ERR:404 body={"strategy":"-android uiautomator","selector":"new UiSelector().textMatches(\"(?is).*\\QThis never a...
14:07:23.780753 POST /session/b6037238-2dfb-4780-9d39-2244ce47b012/element [11.80025ms] ERR:404 body={"strategy":"-android uiautomator","selector":"new UiSelector().descriptionMatches(\"(?is).*\\QThis ...
14:07:23.789013 POST /session/b6037238-2dfb-4780-9d39-2244ce47b012/element [8.203208ms] ERR:404 body={"strategy":"-android uiautomator","selector":"new UiSelector().textContains(\"This never appears\")...
14:07:23.803241 POST /session/b6037238-2dfb-4780-9d39-2244ce47b012/element [14.189375ms] ERR:404 body={"strategy":"-android uiautomator","selector":"new UiSelector().descriptionContains(\"This never app...
14:07:23.811657 POST /session/b6037238-2dfb-4780-9d39-2244ce47b012/element [8.352583ms] ERR:404 body={"strategy":"-android uiautomator","selector":"new UiSelector().textMatches(\"(?is).*\\QThis never a...
14:07:23.818910 POST /session/b6037238-2dfb-4780-9d39-2244ce47b012/element [7.214625ms] ERR:404 body={"strategy":"-android uiautomator","selector":"new UiSelector().descriptionMatches(\"(?is).*\\QThis ...
14:07:23.827655 POST /session/b6037238-2dfb-4780-9d39-2244ce47b012/element [8.71325ms] ERR:404 body={"strategy":"-android uiautomator","selector":"new UiSelector().textContains(\"This never appears\")...
14:07:23.836164 POST /session/b6037238-2dfb-4780-9d39-2244ce47b012/element [8.463125ms] ERR:404 body={"strategy":"-android uiautomator","selector":"new UiSelector().descriptionContains(\"This never app...
14:07:23.845770 POST /session/b6037238-2dfb-4780-9d39-2244ce47b012/element [9.558459ms] ERR:404 body={"strategy":"-android uiautomator","selector":"new UiSelector().textMatches(\"(?is).*\\QThis never a...
14:07:23.853078 POST /session/b6037238-2dfb-4780-9d39-2244ce47b012/element [7.252ms] ERR:404 body={"strategy":"-android uiautomator","selector":"new UiSelector().descriptionMatches(\"(?is).*\\QThis ...
14:07:23.863857 POST /session/b6037238-2dfb-4780-9d39-2244ce47b012/element [10.722417ms] ERR:404 body={"strategy":"-android uiautomator","selector":"new UiSelector().textContains(\"This never appears\")...
14:07:23.873497 POST /session/b6037238-2dfb-4780-9d39-2244ce47b012/element [9.5775ms] ERR:404 body={"strategy":"-android uiautomator","selector":"new UiSelector().descriptionContains(\"This never app...
14:07:23.878721 POST /session/b6037238-2dfb-4780-9d39-2244ce47b012/element [5.178708ms] ERR:404 body={"strategy":"-android uiautomator","selector":"new UiSelector().textMatches(\"(?is).*\\QThis never a...
14:07:23.887115 POST /session/b6037238-2dfb-4780-9d39-2244ce47b012/element [8.338792ms] ERR:404 body={"strategy":"-android uiautomator","selector":"new UiSelector().descriptionMatches(\"(?is).*\\QThis ...
14:07:23.898111 POST /session/b6037238-2dfb-4780-9d39-2244ce47b012/element [10.949875ms] ERR:404 body={"strategy":"-android uiautomator","selector":"new UiSelector().textContains(\"This never appears\")...
14:07:23.906873 POST /session/b6037238-2dfb-4780-9d39-2244ce47b012/element [8.720458ms] ERR:404 body={"strategy":"-android uiautomator","selector":"new UiSelector().descriptionContains(\"This never app...
14:07:23.915308 POST /session/b6037238-2dfb-4780-9d39-2244ce47b012/element [8.4ms] ERR:404 body={"strategy":"-android uiautomator","selector":"new UiSelector().textMatches(\"(?is).*\\QThis never a...
14:07:23.922821 POST /session/b6037238-2dfb-4780-9d39-2244ce47b012/element [7.487666ms] ERR:404 body={"strategy":"-android uiautomator","selector":"new UiSelector().descriptionMatches(\"(?is).*\\QThis ...
14:07:23.932259 POST /session/b6037238-2dfb-4780-9d39-2244ce47b012/element [9.407125ms] ERR:404 body={"strategy":"-android uiautomator","selector":"new UiSelector().textContains(\"This never appears\")...
14:07:23.940051 POST /session/b6037238-2dfb-4780-9d39-2244ce47b012/element [7.756125ms] ERR:404 body={"strategy":"-android uiautomator","selector":"new UiSelector().descriptionContains(\"This never app...
14:07:23.947235 POST /session/b6037238-2dfb-4780-9d39-2244ce47b012/element [7.151875ms] ERR:404 body={"strategy":"-android uiautomator","selector":"new UiSelector().textMatches(\"(?is).*\\QThis never a...
14:07:23.956844 POST /session/b6037238-2dfb-4780-9d39-2244ce47b012/element [9.582041ms] ERR:404 body={"strategy":"-android uiautomator","selector":"new UiSelector().descriptionMatches(\"(?is).*\\QThis ...
14:07:23.967542 POST /session/b6037238-2dfb-4780-9d39-2244ce47b012/element [10.65775ms] ERR:404 body={"strategy":"-android uiautomator","selector":"new UiSelector().textContains(\"This never appears\")...
14:07:23.975700 POST /session/b6037238-2dfb-4780-9d39-2244ce47b012/element [8.103958ms] ERR:404 body={"strategy":"-android uiautomator","selector":"new UiSelector().descriptionContains(\"This never app...
14:07:23.983729 POST /session/b6037238-2dfb-4780-9d39-2244ce47b012/element [7.996375ms] ERR:404 body={"strategy":"-android uiautomator","selector":"new UiSelector().textMatches(\"(?is).*\\QThis never a...
14:07:23.991932 POST /session/b6037238-2dfb-4780-9d39-2244ce47b012/element [8.16425ms] ERR:404 body={"strategy":"-android uiautomator","selector":"new UiSelector().descriptionMatches(\"(?is).*\\QThis ...
14:07:23.998629 POST /session/b6037238-2dfb-4780-9d39-2244ce47b012/element [6.653875ms] ERR:404 body={"strategy":"-android uiautomator","selector":"new UiSelector().textContains(\"This never appears\")...
14:07:24.005444 POST /session/b6037238-2dfb-4780-9d39-2244ce47b012/element [6.783958ms] ERR:404 body={"strategy":"-android uiautomator","selector":"new UiSelector().descriptionContains(\"This never app...
14:07:24.013911 POST /session/b6037238-2dfb-4780-9d39-2244ce47b012/element [8.438792ms] ERR:404 body={"strategy":"-android uiautomator","selector":"new UiSelector().textMatches(\"(?is).*\\QThis never a...
14:07:24.019702 POST /session/b6037238-2dfb-4780-9d39-2244ce47b012/element [5.7545ms] ERR:404 body={"strategy":"-android uiautomator","selector":"new UiSelector().descriptionMatches(\"(?is).*\\QThis ...
14:07:24.027205 POST /session/b6037238-2dfb-4780-9d39-2244ce47b012/element [7.440667ms] ERR:404 body={"strategy":"-android uiautomator","selector":"new UiSelector().textContains(\"This never appears\")...
14:07:24.037622 POST /session/b6037238-2dfb-4780-9d39-2244ce47b012/element [10.373084ms] ERR:404 body={"strategy":"-android uiautomator","selector":"new UiSelector().descriptionContains(\"This never app...
14:07:24.046786 POST /session/b6037238-2dfb-4780-9d39-2244ce47b012/element [9.109041ms] ERR:404 body={"strategy":"-android uiautomator","selector":"new UiSelector().textMatches(\"(?is).*\\QThis never a...
14:07:24.058344 POST /session/b6037238-2dfb-4780-9d39-2244ce47b012/element [11.491ms] ERR:404 body={"strategy":"-android uiautomator","selector":"new UiSelector().descriptionMatches(\"(?is).*\\QThis ...
14:07:24.068113 POST /session/b6037238-2dfb-4780-9d39-2244ce47b012/element [9.721375ms] ERR:404 body={"strategy":"-android uiautomator","selector":"new UiSelector().textContains(\"This never appears\")...
14:07:24.077211 POST /session/b6037238-2dfb-4780-9d39-2244ce47b012/element [9.0575ms] ERR:404 body={"strategy":"-android uiautomator","selector":"new UiSelector().descriptionContains(\"This never app...
14:07:24.082814 POST /session/b6037238-2dfb-4780-9d39-2244ce47b012/element [5.560875ms] ERR:404 body={"strategy":"-android uiautomator","selector":"new UiSelector().textMatches(\"(?is).*\\QThis never a...
14:07:24.091678 POST /session/b6037238-2dfb-4780-9d39-2244ce47b012/element [8.822417ms] ERR:404 body={"strategy":"-android uiautomator","selector":"new UiSelector().descriptionMatches(\"(?is).*\\QThis ...
14:07:24.100760 POST /session/b6037238-2dfb-4780-9d39-2244ce47b012/element [9.039375ms] ERR:404 body={"strategy":"-android uiautomator","selector":"new UiSelector().textContains(\"This never appears\")...
14:07:24.111237 POST /session/b6037238-2dfb-4780-9d39-2244ce47b012/element [10.429583ms] ERR:404 body={"strategy":"-android uiautomator","selector":"new UiSelector().descriptionContains(\"This never app...
14:07:24.121120 POST /session/b6037238-2dfb-4780-9d39-2244ce47b012/element [9.808375ms] ERR:404 body={"strategy":"-android uiautomator","selector":"new UiSelector().textMatches(\"(?is).*\\QThis never a...
14:07:24.131001 POST /session/b6037238-2dfb-4780-9d39-2244ce47b012/element [9.838375ms] ERR:404 body={"strategy":"-android uiautomator","selector":"new UiSelector().descriptionMatches(\"(?is).*\\QThis ...
14:07:24.141249 POST /session/b6037238-2dfb-4780-9d39-2244ce47b012/element [10.203875ms] ERR:404 body={"strategy":"-android uiautomator","selector":"new UiSelector().textContains(\"This never appears\")...
14:07:24.154659 POST /session/b6037238-2dfb-4780-9d39-2244ce47b012/element [13.359542ms] ERR:404 body={"strategy":"-android uiautomator","selector":"new UiSelector().descriptionContains(\"This never app...
14:07:24.172342 POST /session/b6037238-2dfb-4780-9d39-2244ce47b012/element [17.610042ms] ERR:404 body={"strategy":"-android uiautomator","selector":"new UiSelector().textMatches(\"(?is).*\\QThis never a...
14:07:24.180983 POST /session/b6037238-2dfb-4780-9d39-2244ce47b012/element [8.579208ms] ERR:404 body={"strategy":"-android uiautomator","selector":"new UiSelector().descriptionMatches(\"(?is).*\\QThis ...
14:07:24.193989 POST /session/b6037238-2dfb-4780-9d39-2244ce47b012/element [12.9395ms] ERR:404 body={"strategy":"-android uiautomator","selector":"new UiSelector().textContains(\"This never appears\")...
14:07:24.200374 POST /session/b6037238-2dfb-4780-9d39-2244ce47b012/element [6.256667ms] ERR:404 body={"strategy":"-android uiautomator","selector":"new UiSelector().descriptionContains(\"This never app...
14:07:24.211794 POST /session/b6037238-2dfb-4780-9d39-2244ce47b012/element [11.217917ms] ERR:404 body={"strategy":"-android uiautomator","selector":"new UiSelector().textMatches(\"(?is).*\\QThis never a...
14:07:24.228917 POST /session/b6037238-2dfb-4780-9d39-2244ce47b012/element [17.048875ms] ERR:404 body={"strategy":"-android uiautomator","selector":"new UiSelector().descriptionMatches(\"(?is).*\\QThis ...
14:07:24.238033 POST /session/b6037238-2dfb-4780-9d39-2244ce47b012/element [9.069209ms] ERR:404 body={"strategy":"-android uiautomator","selector":"new UiSelector().textContains(\"This never appears\")...
14:07:24.246299 POST /session/b6037238-2dfb-4780-9d39-2244ce47b012/element [8.224209ms] ERR:404 body={"strategy":"-android uiautomator","selector":"new UiSelector().descriptionContains(\"This never app...
14:07:24.254506 POST /session/b6037238-2dfb-4780-9d39-2244ce47b012/element [8.170083ms] ERR:404 body={"strategy":"-android uiautomator","selector":"new UiSelector().textMatches(\"(?is).*\\QThis never a...
14:07:24.262505 POST /session/b6037238-2dfb-4780-9d39-2244ce47b012/element [7.9565ms] ERR:404 body={"strategy":"-android uiautomator","selector":"new UiSelector().descriptionMatches(\"(?is).*\\QThis ...
14:07:24.269558 POST /session/b6037238-2dfb-4780-9d39-2244ce47b012/element [7.018ms] ERR:404 body={"strategy":"-android uiautomator","selector":"new UiSelector().textContains(\"This never appears\")...
14:07:24.278860 POST /session/b6037238-2dfb-4780-9d39-2244ce47b012/element [9.263375ms] ERR:404 body={"strategy":"-android uiautomator","selector":"new UiSelector().descriptionContains(\"This never app...
14:07:24.289816 POST /session/b6037238-2dfb-4780-9d39-2244ce47b012/element [10.926125ms] ERR:404 body={"strategy":"-android uiautomator","selector":"new UiSelector().textMatches(\"(?is).*\\QThis never a...
14:07:24.298732 POST /session/b6037238-2dfb-4780-9d39-2244ce47b012/element [8.889209ms] ERR:404 body={"strategy":"-android uiautomator","selector":"new UiSelector().descriptionMatches(\"(?is).*\\QThis ...
14:07:24.309795 POST /session/b6037238-2dfb-4780-9d39-2244ce47b012/element [11.037625ms] ERR:404 body={"strategy":"-android uiautomator","selector":"new UiSelector().textContains(\"This never appears\")...
14:07:24.318336 POST /session/b6037238-2dfb-4780-9d39-2244ce47b012/element [8.510459ms] ERR:404 body={"strategy":"-android uiautomator","selector":"new UiSelector().descriptionContains(\"This never app...
14:07:24.326685 POST /session/b6037238-2dfb-4780-9d39-2244ce47b012/element [8.321084ms] ERR:404 body={"strategy":"-android uiautomator","selector":"new UiSelector().textMatches(\"(?is).*\\QThis never a...
14:07:24.334818 POST /session/b6037238-2dfb-4780-9d39-2244ce47b012/element [8.112292ms] ERR:404 body={"strategy":"-android uiautomator","selector":"new UiSelector().descriptionMatches(\"(?is).*\\QThis ...
14:07:24.344408 POST /session/b6037238-2dfb-4780-9d39-2244ce47b012/element [9.560041ms] ERR:404 body={"strategy":"-android uiautomator","selector":"new UiSelector().textContains(\"This never appears\")...
14:07:24.351317 POST /session/b6037238-2dfb-4780-9d39-2244ce47b012/element [6.873208ms] ERR:404 body={"strategy":"-android uiautomator","selector":"new UiSelector().descriptionContains(\"This never app...
14:07:24.360261 POST /session/b6037238-2dfb-4780-9d39-2244ce47b012/element [8.913041ms] ERR:404 body={"strategy":"-android uiautomator","selector":"new UiSelector().textMatches(\"(?is).*\\QThis never a...
14:07:24.368321 POST /session/b6037238-2dfb-4780-9d39-2244ce47b012/element [8.028416ms] ERR:404 body={"strategy":"-android uiautomator","selector":"new UiSelector().descriptionMatches(\"(?is).*\\QThis ...
14:07:24.376040 POST /session/b6037238-2dfb-4780-9d39-2244ce47b012/element [7.676667ms] ERR:404 body={"strategy":"-android uiautomator","selector":"new UiSelector().textContains(\"This never appears\")...
14:07:24.383932 POST /session/b6037238-2dfb-4780-9d39-2244ce47b012/element [7.85525ms] ERR:404 body={"strategy":"-android uiautomator","selector":"new UiSelector().descriptionContains(\"This never app...
14:07:24.391541 POST /session/b6037238-2dfb-4780-9d39-2244ce47b012/element [7.564917ms] ERR:404 body={"strategy":"-android uiautomator","selector":"new UiSelector().textMatches(\"(?is).*\\QThis never a...
14:07:24.400964 POST /session/b6037238-2dfb-4780-9d39-2244ce47b012/element [9.386ms] ERR:404 body={"strategy":"-android uiautomator","selector":"new UiSelector().descriptionMatches(\"(?is).*\\QThis ...
14:07:24.411176 POST /session/b6037238-2dfb-4780-9d39-2244ce47b012/element [10.162416ms] ERR:404 body={"strategy":"-android uiautomator","selector":"new UiSelector().textContains(\"This never appears\")...
14:07:24.419800 POST /session/b6037238-2dfb-4780-9d39-2244ce47b012/element [8.560459ms] ERR:404 body={"strategy":"-android uiautomator","selector":"new UiSelector().descriptionContains(\"This never app...
14:07:24.427997 POST /session/b6037238-2dfb-4780-9d39-2244ce47b012/element [8.155208ms] ERR:404 body={"strategy":"-android uiautomator","selector":"new UiSelector().textMatches(\"(?is).*\\QThis never a...
14:07:24.435675 POST /session/b6037238-2dfb-4780-9d39-2244ce47b012/element [7.6335ms] ERR:404 body={"strategy":"-android uiautomator","selector":"new UiSelector().descriptionMatches(\"(?is).*\\QThis ...
14:07:24.442964 POST /session/b6037238-2dfb-4780-9d39-2244ce47b012/element [7.254666ms] ERR:404 body={"strategy":"-android uiautomator","selector":"new UiSelector().textContains(\"This never appears\")...
14:07:24.451131 POST /session/b6037238-2dfb-4780-9d39-2244ce47b012/element [8.137291ms] ERR:404 body={"strategy":"-android uiautomator","selector":"new UiSelector().descriptionContains(\"This never app...
14:07:24.459229 POST /session/b6037238-2dfb-4780-9d39-2244ce47b012/element [8.066458ms] ERR:404 body={"strategy":"-android uiautomator","selector":"new UiSelector().textMatches(\"(?is).*\\QThis never a...
14:07:24.467600 POST /session/b6037238-2dfb-4780-9d39-2244ce47b012/element [8.347916ms] ERR:404 body={"strategy":"-android uiautomator","selector":"new UiSelector().descriptionMatches(\"(?is).*\\QThis ...
14:07:24.475128 POST /session/b6037238-2dfb-4780-9d39-2244ce47b012/element [7.501792ms] ERR:404 body={"strategy":"-android uiautomator","selector":"new UiSelector().textContains(\"This never appears\")...
14:07:24.484473 POST /session/b6037238-2dfb-4780-9d39-2244ce47b012/element [9.320375ms] ERR:404 body={"strategy":"-android uiautomator","selector":"new UiSelector().descriptionContains(\"This never app...
14:07:24.491444 POST /session/b6037238-2dfb-4780-9d39-2244ce47b012/element [6.946917ms] ERR:404 body={"strategy":"-android uiautomator","selector":"new UiSelector().textMatches(\"(?is).*\\QThis never a...
14:07:24.498726 POST /session/b6037238-2dfb-4780-9d39-2244ce47b012/element [7.2595ms] ERR:404 body={"strategy":"-android uiautomator","selector":"new UiSelector().descriptionMatches(\"(?is).*\\QThis ...
14:07:24.506349 POST /session/b6037238-2dfb-4780-9d39-2244ce47b012/element [7.596666ms] ERR:404 body={"strategy":"-android uiautomator","selector":"new UiSelector().textContains(\"This never appears\")...
14:07:24.516828 POST /session/b6037238-2dfb-4780-9d39-2244ce47b012/element [10.452542ms] ERR:404 body={"strategy":"-android uiautomator","selector":"new UiSelector().descriptionContains(\"This never app...
14:07:24.525339 POST /session/b6037238-2dfb-4780-9d39-2244ce47b012/element [8.477709ms] ERR:404 body={"strategy":"-android uiautomator","selector":"new UiSelector().textMatches(\"(?is).*\\QThis never a...
14:07:24.536430 POST /session/b6037238-2dfb-4780-9d39-2244ce47b012/element [11.053333ms] ERR:404 body={"strategy":"-android uiautomator","selector":"new UiSelector().descriptionMatches(\"(?is).*\\QThis ...
14:07:24.543727 POST /session/b6037238-2dfb-4780-9d39-2244ce47b012/element [7.246417ms] ERR:404 body={"strategy":"-android uiautomator","selector":"new UiSelector().textContains(\"This never appears\")...
14:07:24.551833 POST /session/b6037238-2dfb-4780-9d39-2244ce47b012/element [8.075792ms] ERR:404 body={"strategy":"-android uiautomator","selector":"new UiSelector().descriptionContains(\"This never app...
14:07:24.559105 POST /session/b6037238-2dfb-4780-9d39-2244ce47b012/element [7.2385ms] ERR:404 body={"strategy":"-android uiautomator","selector":"new UiSelector().textMatches(\"(?is).*\\QThis never a...
14:07:24.567972 POST /session/b6037238-2dfb-4780-9d39-2244ce47b012/element [8.839625ms] ERR:404 body={"strategy":"-android uiautomator","selector":"new UiSelector().descriptionMatches(\"(?is).*\\QThis ...
14:07:24.577220 POST /session/b6037238-2dfb-4780-9d39-2244ce47b012/element [9.216791ms] ERR:404 body={"strategy":"-android uiautomator","selector":"new UiSelector().textContains(\"This never appears\")...
14:07:24.584720 POST /session/b6037238-2dfb-4780-9d39-2244ce47b012/element [7.468166ms] ERR:404 body={"strategy":"-android uiautomator","selector":"new UiSelector().descriptionContains(\"This never app...
14:07:24.592986 POST /session/b6037238-2dfb-4780-9d39-2244ce47b012/element [8.238709ms] ERR:404 body={"strategy":"-android uiautomator","selector":"new UiSelector().textMatches(\"(?is).*\\QThis never a...
14:07:24.600262 POST /session/b6037238-2dfb-4780-9d39-2244ce47b012/element [7.236917ms] ERR:404 body={"strategy":"-android uiautomator","selector":"new UiSelector().descriptionMatches(\"(?is).*\\QThis ...
14:07:24.608698 POST /session/b6037238-2dfb-4780-9d39-2244ce47b012/element [8.386ms] ERR:404 body={"strategy":"-android uiautomator","selector":"new UiSelector().textContains(\"This never appears\")...
14:07:24.615087 POST /session/b6037238-2dfb-4780-9d39-2244ce47b012/element [6.362791ms] ERR:404 body={"strategy":"-android uiautomator","selector":"new UiSelector().descriptionContains(\"This never app...
14:07:24.619358 POST /session/b6037238-2dfb-4780-9d39-2244ce47b012/element [4.245833ms] ERR:404 body={"strategy":"-android uiautomator","selector":"new UiSelector().textMatches(\"(?is).*\\QThis never a...
14:07:24.625836 POST /session/b6037238-2dfb-4780-9d39-2244ce47b012/element [6.4505ms] ERR:404 body={"strategy":"-android uiautomator","selector":"new UiSelector().descriptionMatches(\"(?is).*\\QThis ...
14:07:24.633606 POST /session/b6037238-2dfb-4780-9d39-2244ce47b012/element [7.74325ms] ERR:404 body={"strategy":"-android uiautomator","selector":"new UiSelector().textContains(\"This never appears\")...
14:07:24.640810 POST /session/b6037238-2dfb-4780-9d39-2244ce47b012/element [7.164375ms] ERR:404 body={"strategy":"-android uiautomator","selector":"new UiSelector().descriptionContains(\"This never app...
14:07:24.648048 POST /session/b6037238-2dfb-4780-9d39-2244ce47b012/element [7.185667ms] ERR:404 body={"strategy":"-android uiautomator","selector":"new UiSelector().textMatches(\"(?is).*\\QThis never a...
14:07:24.657039 POST /session/b6037238-2dfb-4780-9d39-2244ce47b012/element [8.947375ms] ERR:404 body={"strategy":"-android uiautomator","selector":"new UiSelector().descriptionMatches(\"(?is).*\\QThis ...
14:07:24.665195 POST /session/b6037238-2dfb-4780-9d39-2244ce47b012/element [8.115792ms] ERR:404 body={"strategy":"-android uiautomator","selector":"new UiSelector().textContains(\"This never appears\")...
14:07:24.673705 POST /session/b6037238-2dfb-4780-9d39-2244ce47b012/element [8.481875ms] ERR:404 body={"strategy":"-android uiautomator","selector":"new UiSelector().descriptionContains(\"This never app...
14:07:24.684640 POST /session/b6037238-2dfb-4780-9d39-2244ce47b012/element [10.889667ms] ERR:404 body={"strategy":"-android uiautomator","selector":"new UiSelector().textMatches(\"(?is).*\\QThis never a...
14:07:24.693905 POST /session/b6037238-2dfb-4780-9d39-2244ce47b012/element [9.200209ms] ERR:404 body={"strategy":"-android uiautomator","selector":"new UiSelector().descriptionMatches(\"(?is).*\\QThis ...
14:07:24.702207 POST /session/b6037238-2dfb-4780-9d39-2244ce47b012/element [8.233917ms] ERR:404 body={"strategy":"-android uiautomator","selector":"new UiSelector().textContains(\"This never appears\")...
14:07:24.709394 POST /session/b6037238-2dfb-4780-9d39-2244ce47b012/element [7.138625ms] ERR:404 body={"strategy":"-android uiautomator","selector":"new UiSelector().descriptionContains(\"This never app...
14:07:24.716281 POST /session/b6037238-2dfb-4780-9d39-2244ce47b012/element [6.840917ms] ERR:404 body={"strategy":"-android uiautomator","selector":"new UiSelector().textMatches(\"(?is).*\\QThis never a...
14:07:24.733050 POST /session/b6037238-2dfb-4780-9d39-2244ce47b012/element [16.708709ms] ERR:404 body={"strategy":"-android uiautomator","selector":"new UiSelector().descriptionMatches(\"(?is).*\\QThis ...
14:07:24.742223 POST /session/b6037238-2dfb-4780-9d39-2244ce47b012/element [9.118917ms] ERR:404 body={"strategy":"-android uiautomator","selector":"new UiSelector().textContains(\"This never appears\")...
14:07:24.759506 POST /session/b6037238-2dfb-4780-9d39-2244ce47b012/element [17.215416ms] ERR:404 body={"strategy":"-android uiautomator","selector":"new UiSelector().descriptionContains(\"This never app...
14:07:24.771974 POST /session/b6037238-2dfb-4780-9d39-2244ce47b012/element [12.39975ms] ERR:404 body={"strategy":"-android uiautomator","selector":"new UiSelector().textMatches(\"(?is).*\\QThis never a...
14:07:24.779999 POST /session/b6037238-2dfb-4780-9d39-2244ce47b012/element [7.964334ms] ERR:404 body={"strategy":"-android uiautomator","selector":"new UiSelector().descriptionMatches(\"(?is).*\\QThis ...
14:07:24.788924 POST /session/b6037238-2dfb-4780-9d39-2244ce47b012/element [8.887333ms] ERR:404 body={"strategy":"-android uiautomator","selector":"new UiSelector().textContains(\"This never appears\")...
14:07:24.796233 POST /session/b6037238-2dfb-4780-9d39-2244ce47b012/element [7.251875ms] ERR:404 body={"strategy":"-android uiautomator","selector":"new UiSelector().descriptionContains(\"This never app...
14:07:24.809639 POST /session/b6037238-2dfb-4780-9d39-2244ce47b012/element [13.337125ms] ERR:404 body={"strategy":"-android uiautomator","selector":"new UiSelector().textMatches(\"(?is).*\\QThis never a...
14:07:24.814355 POST /session/b6037238-2dfb-4780-9d39-2244ce47b012/element [4.637833ms] ERR:404 body={"strategy":"-android uiautomator","selector":"new UiSelector().descriptionMatches(\"(?is).*\\QThis ...
14:07:24.828732 POST /session/b6037238-2dfb-4780-9d39-2244ce47b012/element [14.307167ms] ERR:404 body={"strategy":"-android uiautomator","selector":"new UiSelector().textContains(\"This never appears\")...
14:07:24.841088 POST /session/b6037238-2dfb-4780-9d39-2244ce47b012/element [12.293708ms] ERR:404 body={"strategy":"-android uiautomator","selector":"new UiSelector().descriptionContains(\"This never app...
14:07:24.850937 POST /session/b6037238-2dfb-4780-9d39-2244ce47b012/element [9.780958ms] ERR:404 body={"strategy":"-android uiautomator","selector":"new UiSelector().textMatches(\"(?is).*\\QThis never a...
14:07:24.863482 POST /session/b6037238-2dfb-4780-9d39-2244ce47b012/element [12.495792ms] ERR:404 body={"strategy":"-android uiautomator","selector":"new UiSelector().descriptionMatches(\"(?is).*\\QThis ...
14:07:24.871303 POST /session/b6037238-2dfb-4780-9d39-2244ce47b012/element [7.773334ms] ERR:404 body={"strategy":"-android uiautomator","selector":"new UiSelector().textContains(\"This never appears\")...
14:07:24.884680 POST /session/b6037238-2dfb-4780-9d39-2244ce47b012/element [13.315208ms] ERR:404 body={"strategy":"-android uiautomator","selector":"new UiSelector().descriptionContains(\"This never app...
14:07:24.898259 POST /session/b6037238-2dfb-4780-9d39-2244ce47b012/element [13.52225ms] ERR:404 body={"strategy":"-android uiautomator","selector":"new UiSelector().textMatches(\"(?is).*\\QThis never a...
14:07:24.906766 POST /session/b6037238-2dfb-4780-9d39-2244ce47b012/element [8.442333ms] ERR:404 body={"strategy":"-android uiautomator","selector":"new UiSelector().descriptionMatches(\"(?is).*\\QThis ...
14:07:24.916884 POST /session/b6037238-2dfb-4780-9d39-2244ce47b012/element [10.066875ms] ERR:404 body={"strategy":"-android uiautomator","selector":"new UiSelector().textContains(\"This never appears\")...
14:07:24.922173 POST /session/b6037238-2dfb-4780-9d39-2244ce47b012/element [5.2445ms] ERR:404 body={"strategy":"-android uiautomator","selector":"new UiSelector().descriptionContains(\"This never app...
14:07:24.932173 POST /session/b6037238-2dfb-4780-9d39-2244ce47b012/element [9.961167ms] ERR:404 body={"strategy":"-android uiautomator","selector":"new UiSelector().textMatches(\"(?is).*\\QThis never a...
14:07:24.941561 POST /session/b6037238-2dfb-4780-9d39-2244ce47b012/element [9.340291ms] ERR:404 body={"strategy":"-android uiautomator","selector":"new UiSelector().descriptionMatches(\"(?is).*\\QThis ...
14:07:24.952879 POST /session/b6037238-2dfb-4780-9d39-2244ce47b012/element [11.254625ms] ERR:404 body={"strategy":"-android uiautomator","selector":"new UiSelector().textContains(\"This never appears\")...
14:07:24.963596 POST /session/b6037238-2dfb-4780-9d39-2244ce47b012/element [10.665042ms] ERR:404 body={"strategy":"-android uiautomator","selector":"new UiSelector().descriptionContains(\"This never app...
14:07:24.976113 POST /session/b6037238-2dfb-4780-9d39-2244ce47b012/element [12.453417ms] ERR:404 body={"strategy":"-android uiautomator","selector":"new UiSelector().textMatches(\"(?is).*\\QThis never a...
14:07:24.984264 POST /session/b6037238-2dfb-4780-9d39-2244ce47b012/element [8.086416ms] ERR:404 body={"strategy":"-android uiautomator","selector":"new UiSelector().descriptionMatches(\"(?is).*\\QThis ...
14:07:24.991583 POST /session/b6037238-2dfb-4780-9d39-2244ce47b012/element [7.268917ms] ERR:404 body={"strategy":"-android uiautomator","selector":"new UiSelector().textContains(\"This never appears\")...
14:07:24.998825 POST /session/b6037238-2dfb-4780-9d39-2244ce47b012/element [7.184917ms] ERR:404 body={"strategy":"-android uiautomator","selector":"new UiSelector().descriptionContains(\"This never app...
14:07:25.005401 POST /session/b6037238-2dfb-4780-9d39-2244ce47b012/element [6.524792ms] ERR:404 body={"strategy":"-android uiautomator","selector":"new UiSelector().textMatches(\"(?is).*\\QThis never a...
14:07:25.014565 POST /session/b6037238-2dfb-4780-9d39-2244ce47b012/element [9.10075ms] ERR:404 body={"strategy":"-android uiautomator","selector":"new UiSelector().descriptionMatches(\"(?is).*\\QThis ...
14:07:25.023123 POST /session/b6037238-2dfb-4780-9d39-2244ce47b012/element [8.506833ms] ERR:404 body={"strategy":"-android uiautomator","selector":"new UiSelector().textContains(\"This never appears\")...
14:07:25.035109 POST /session/b6037238-2dfb-4780-9d39-2244ce47b012/element [11.942583ms] ERR:404 body={"strategy":"-android uiautomator","selector":"new UiSelector().descriptionContains(\"This never app...
14:07:25.046237 POST /session/b6037238-2dfb-4780-9d39-2244ce47b012/element [11.068709ms] ERR:404 body={"strategy":"-android uiautomator","selector":"new UiSelector().textMatches(\"(?is).*\\QThis never a...
14:07:25.060728 POST /session/b6037238-2dfb-4780-9d39-2244ce47b012/element [14.440625ms] ERR:404 body={"strategy":"-android uiautomator","selector":"new UiSelector().descriptionMatches(\"(?is).*\\QThis ...
14:07:25.071277 POST /session/b6037238-2dfb-4780-9d39-2244ce47b012/element [10.477167ms] ERR:404 body={"strategy":"-android uiautomator","selector":"new UiSelector().textContains(\"This never appears\")...
14:07:25.082875 POST /session/b6037238-2dfb-4780-9d39-2244ce47b012/element [11.543167ms] ERR:404 body={"strategy":"-android uiautomator","selector":"new UiSelector().descriptionContains(\"This never app...
14:07:25.091668 POST /session/b6037238-2dfb-4780-9d39-2244ce47b012/element [8.735666ms] ERR:404 body={"strategy":"-android uiautomator","selector":"new UiSelector().textMatches(\"(?is).*\\QThis never a...
14:07:25.101778 POST /session/b6037238-2dfb-4780-9d39-2244ce47b012/element [10.0505ms] ERR:404 body={"strategy":"-android uiautomator","selector":"new UiSelector().descriptionMatches(\"(?is).*\\QThis ...
14:07:25.110404 POST /session/b6037238-2dfb-4780-9d39-2244ce47b012/element [8.575666ms] ERR:404 body={"strategy":"-android uiautomator","selector":"new UiSelector().textContains(\"This never appears\")...
14:07:25.118046 POST /session/b6037238-2dfb-4780-9d39-2244ce47b012/element [7.589834ms] ERR:404 body={"strategy":"-android uiautomator","selector":"new UiSelector().descriptionContains(\"This never app...
14:07:25.127628 POST /session/b6037238-2dfb-4780-9d39-2244ce47b012/element [9.520875ms] ERR:404 body={"strategy":"-android uiautomator","selector":"new UiSelector().textMatches(\"(?is).*\\QThis never a...
14:07:25.137905 POST /session/b6037238-2dfb-4780-9d39-2244ce47b012/element [10.206958ms] ERR:404 body={"strategy":"-android uiautomator","selector":"new UiSelector().descriptionMatches(\"(?is).*\\QThis ...
14:07:25.147472 POST /session/b6037238-2dfb-4780-9d39-2244ce47b012/element [9.512708ms] ERR:404 body={"strategy":"-android uiautomator","selector":"new UiSelector().textContains(\"This never appears\")...
14:07:25.157983 POST /session/b6037238-2dfb-4780-9d39-2244ce47b012/element [10.443917ms] ERR:404 body={"strategy":"-android uiautomator","selector":"new UiSelector().descriptionContains(\"This never app...
14:07:25.165965 POST /session/b6037238-2dfb-4780-9d39-2244ce47b012/element [7.897125ms] ERR:404 body={"strategy":"-android uiautomator","selector":"new UiSelector().textMatches(\"(?is).*\\QThis never a...
14:07:25.181694 POST /session/b6037238-2dfb-4780-9d39-2244ce47b012/element [15.524459ms] ERR:404 body={"strategy":"-android uiautomator","selector":"new UiSelector().descriptionMatches(\"(?is).*\\QThis ...
14:07:25.192204 POST /session/b6037238-2dfb-4780-9d39-2244ce47b012/element [10.445583ms] ERR:404 body={"strategy":"-android uiautomator","selector":"new UiSelector().textContains(\"This never appears\")...
14:07:25.199184 POST /session/b6037238-2dfb-4780-9d39-2244ce47b012/element [6.911584ms] ERR:404 body={"strategy":"-android uiautomator","selector":"new UiSelector().descriptionContains(\"This never app...
14:07:25.210017 POST /session/b6037238-2dfb-4780-9d39-2244ce47b012/element [10.733125ms] ERR:404 body={"strategy":"-android uiautomator","selector":"new UiSelector().textMatches(\"(?is).*\\QThis never a...
14:07:25.223076 POST /session/b6037238-2dfb-4780-9d39-2244ce47b012/element [12.983333ms] ERR:404 body={"strategy":"-android uiautomator","selector":"new UiSelector().descriptionMatches(\"(?is).*\\QThis ...
14:07:25.234404 POST /session/b6037238-2dfb-4780-9d39-2244ce47b012/element [11.248791ms] ERR:404 body={"strategy":"-android uiautomator","selector":"new UiSelector().textContains(\"This never appears\")...
14:07:25.245607 POST /session/b6037238-2dfb-4780-9d39-2244ce47b012/element [11.135125ms] ERR:404 body={"strategy":"-android uiautomator","selector":"new UiSelector().descriptionContains(\"This never app...
14:07:25.256309 POST /session/b6037238-2dfb-4780-9d39-2244ce47b012/element [10.625709ms] ERR:404 body={"strategy":"-android uiautomator","selector":"new UiSelector().textMatches(\"(?is).*\\QThis never a...
14:07:25.269294 POST /session/b6037238-2dfb-4780-9d39-2244ce47b012/element [12.921542ms] ERR:404 body={"strategy":"-android uiautomator","selector":"new UiSelector().descriptionMatches(\"(?is).*\\QThis ...
14:07:25.279945 POST /session/b6037238-2dfb-4780-9d39-2244ce47b012/element [10.588167ms] ERR:404 body={"strategy":"-android uiautomator","selector":"new UiSelector().textContains(\"This never appears\")...
14:07:25.291020 POST /session/b6037238-2dfb-4780-9d39-2244ce47b012/element [11.002416ms] ERR:404 body={"strategy":"-android uiautomator","selector":"new UiSelector().descriptionContains(\"This never app...
14:07:25.305034 POST /session/b6037238-2dfb-4780-9d39-2244ce47b012/element [13.934334ms] ERR:404 body={"strategy":"-android uiautomator","selector":"new UiSelector().textMatches(\"(?is).*\\QThis never a...
14:07:25.318648 POST /session/b6037238-2dfb-4780-9d39-2244ce47b012/element [13.526583ms] ERR:404 body={"strategy":"-android uiautomator","selector":"new UiSelector().descriptionMatches(\"(?is).*\\QThis ...
14:07:25.330569 POST /session/b6037238-2dfb-4780-9d39-2244ce47b012/element [11.832291ms] ERR:404 body={"strategy":"-android uiautomator","selector":"new UiSelector().textContains(\"This never appears\")...
14:07:25.336285 POST /session/b6037238-2dfb-4780-9d39-2244ce47b012/element [5.648125ms] ERR:404 body={"strategy":"-android uiautomator","selector":"new UiSelector().descriptionContains(\"This never app...
14:07:25.350487 POST /session/b6037238-2dfb-4780-9d39-2244ce47b012/element [14.145333ms] ERR:404 body={"strategy":"-android uiautomator","selector":"new UiSelector().textMatches(\"(?is).*\\QThis never a...
14:07:25.363585 POST /session/b6037238-2dfb-4780-9d39-2244ce47b012/element [13.031334ms] ERR:404 body={"strategy":"-android uiautomator","selector":"new UiSelector().descriptionMatches(\"(?is).*\\QThis ...
14:07:25.373805 POST /session/b6037238-2dfb-4780-9d39-2244ce47b012/element [10.142125ms] ERR:404 body={"strategy":"-android uiautomator","selector":"new UiSelector().textContains(\"This never appears\")...
14:07:25.383416 POST /session/b6037238-2dfb-4780-9d39-2244ce47b012/element [9.547166ms] ERR:404 body={"strategy":"-android uiautomator","selector":"new UiSelector().descriptionContains(\"This never app...
14:07:25.391324 POST /session/b6037238-2dfb-4780-9d39-2244ce47b012/element [7.850042ms] ERR:404 body={"strategy":"-android uiautomator","selector":"new UiSelector().textMatches(\"(?is).*\\QThis never a...
14:07:25.402538 POST /session/b6037238-2dfb-4780-9d39-2244ce47b012/element [11.155875ms] ERR:404 body={"strategy":"-android uiautomator","selector":"new UiSelector().descriptionMatches(\"(?is).*\\QThis ...
14:07:25.414282 POST /session/b6037238-2dfb-4780-9d39-2244ce47b012/element [11.680375ms] ERR:404 body={"strategy":"-android uiautomator","selector":"new UiSelector().textContains(\"This never appears\")...
14:07:25.421755 POST /session/b6037238-2dfb-4780-9d39-2244ce47b012/element [7.408625ms] ERR:404 body={"strategy":"-android uiautomator","selector":"new UiSelector().descriptionContains(\"This never app...
14:07:25.428523 POST /session/b6037238-2dfb-4780-9d39-2244ce47b012/element [6.703167ms] ERR:404 body={"strategy":"-android uiautomator","selector":"new UiSelector().textMatches(\"(?is).*\\QThis never a...
14:07:25.438364 POST /session/b6037238-2dfb-4780-9d39-2244ce47b012/element [9.769375ms] ERR:404 body={"strategy":"-android uiautomator","selector":"new UiSelector().descriptionMatches(\"(?is).*\\QThis ...
14:07:25.448546 POST /session/b6037238-2dfb-4780-9d39-2244ce47b012/element [10.141208ms] ERR:404 body={"strategy":"-android uiautomator","selector":"new UiSelector().textContains(\"This never appears\")...
14:07:25.456407 POST /session/b6037238-2dfb-4780-9d39-2244ce47b012/element [7.814791ms] ERR:404 body={"strategy":"-android uiautomator","selector":"new UiSelector().descriptionContains(\"This never app...
14:07:25.464286 POST /session/b6037238-2dfb-4780-9d39-2244ce47b012/element [7.840667ms] ERR:404 body={"strategy":"-android uiautomator","selector":"new UiSelector().textMatches(\"(?is).*\\QThis never a...
14:07:25.472640 POST /session/b6037238-2dfb-4780-9d39-2244ce47b012/element [8.309792ms] ERR:404 body={"strategy":"-android uiautomator","selector":"new UiSelector().descriptionMatches(\"(?is).*\\QThis ...
14:07:25.482876 POST /session/b6037238-2dfb-4780-9d39-2244ce47b012/element [10.199542ms] ERR:404 body={"strategy":"-android uiautomator","selector":"new UiSelector().textContains(\"This never appears\")...
14:07:25.492291 POST /session/b6037238-2dfb-4780-9d39-2244ce47b012/element [9.362541ms] ERR:404 body={"strategy":"-android uiautomator","selector":"new UiSelector().descriptionContains(\"This never app...
14:07:25.500079 POST /session/b6037238-2dfb-4780-9d39-2244ce47b012/element [7.757291ms] ERR:404 body={"strategy":"-android uiautomator","selector":"new UiSelector().textMatches(\"(?is).*\\QThis never a...
14:07:25.508300 POST /session/b6037238-2dfb-4780-9d39-2244ce47b012/element [8.176167ms] ERR:404 body={"strategy":"-android uiautomator","selector":"new UiSelector().descriptionMatches(\"(?is).*\\QThis ...
14:07:25.517445 POST /session/b6037238-2dfb-4780-9d39-2244ce47b012/element [9.0935ms] ERR:404 body={"strategy":"-android uiautomator","selector":"new UiSelector().textContains(\"This never appears\")...
14:07:25.525628 POST /session/b6037238-2dfb-4780-9d39-2244ce47b012/element [8.133ms] ERR:404 body={"strategy":"-android uiautomator","selector":"new UiSelector().descriptionContains(\"This never app...
14:07:25.535415 POST /session/b6037238-2dfb-4780-9d39-2244ce47b012/element [9.744125ms] ERR:404 body={"strategy":"-android uiautomator","selector":"new UiSelector().textMatches(\"(?is).*\\QThis never a...
14:07:25.544093 POST /session/b6037238-2dfb-4780-9d39-2244ce47b012/element [8.612625ms] ERR:404 body={"strategy":"-android uiautomator","selector":"new UiSelector().descriptionMatches(\"(?is).*\\QThis ...
14:07:25.553834 POST /session/b6037238-2dfb-4780-9d39-2244ce47b012/element [9.700041ms] ERR:404 body={"strategy":"-android uiautomator","selector":"new UiSelector().textContains(\"This never appears\")...
14:07:25.563300 POST /session/b6037238-2dfb-4780-9d39-2244ce47b012/element [9.42175ms] ERR:404 body={"strategy":"-android uiautomator","selector":"new UiSelector().descriptionContains(\"This never app...
14:07:25.571702 POST /session/b6037238-2dfb-4780-9d39-2244ce47b012/element [8.348083ms] ERR:404 body={"strategy":"-android uiautomator","selector":"new UiSelector().textMatches(\"(?is).*\\QThis never a...
14:07:25.580968 POST /session/b6037238-2dfb-4780-9d39-2244ce47b012/element [9.218875ms] ERR:404 body={"strategy":"-android uiautomator","selector":"new UiSelector().descriptionMatches(\"(?is).*\\QThis ...
14:07:25.590173 POST /session/b6037238-2dfb-4780-9d39-2244ce47b012/element [9.159417ms] ERR:404 body={"strategy":"-android uiautomator","selector":"new UiSelector().textContains(\"This never appears\")...
14:07:25.599947 POST /session/b6037238-2dfb-4780-9d39-2244ce47b012/element [9.719833ms] ERR:404 body={"strategy":"-android uiautomator","selector":"new UiSelector().descriptionContains(\"This never app...
14:07:25.607468 POST /session/b6037238-2dfb-4780-9d39-2244ce47b012/element [7.462125ms] ERR:404 body={"strategy":"-android uiautomator","selector":"new UiSelector().textMatches(\"(?is).*\\QThis never a...
14:07:25.615632 POST /session/b6037238-2dfb-4780-9d39-2244ce47b012/element [8.125542ms] ERR:404 body={"strategy":"-android uiautomator","selector":"new UiSelector().descriptionMatches(\"(?is).*\\QThis ...
14:07:25.624441 POST /session/b6037238-2dfb-4780-9d39-2244ce47b012/element [8.7465ms] ERR:404 body={"strategy":"-android uiautomator","selector":"new UiSelector().textContains(\"This never appears\")...
14:07:25.634460 POST /session/b6037238-2dfb-4780-9d39-2244ce47b012/element [9.95725ms] ERR:404 body={"strategy":"-android uiautomator","selector":"new UiSelector().descriptionContains(\"This never app...
14:07:25.642189 POST /session/b6037238-2dfb-4780-9d39-2244ce47b012/element [7.671417ms] ERR:404 body={"strategy":"-android uiautomator","selector":"new UiSelector().textMatches(\"(?is).*\\QThis never a...
14:07:25.655056 POST /session/b6037238-2dfb-4780-9d39-2244ce47b012/element [12.805541ms] ERR:404 body={"strategy":"-android uiautomator","selector":"new UiSelector().descriptionMatches(\"(?is).*\\QThis ...
14:07:25.663037 POST /session/b6037238-2dfb-4780-9d39-2244ce47b012/element [7.9295ms] ERR:404 body={"strategy":"-android uiautomator","selector":"new UiSelector().textContains(\"This never appears\")...
14:07:25.674601 POST /session/b6037238-2dfb-4780-9d39-2244ce47b012/element [11.500042ms] ERR:404 body={"strategy":"-android uiautomator","selector":"new UiSelector().descriptionContains(\"This never app...
14:07:25.683624 POST /session/b6037238-2dfb-4780-9d39-2244ce47b012/element [8.957833ms] ERR:404 body={"strategy":"-android uiautomator","selector":"new UiSelector().textMatches(\"(?is).*\\QThis never a...
14:07:25.699808 POST /session/b6037238-2dfb-4780-9d39-2244ce47b012/element [16.136708ms] ERR:404 body={"strategy":"-android uiautomator","selector":"new UiSelector().descriptionMatches(\"(?is).*\\QThis ...
14:07:25.713008 POST /session/b6037238-2dfb-4780-9d39-2244ce47b012/element [13.139333ms] ERR:404 body={"strategy":"-android uiautomator","selector":"new UiSelector().textContains(\"This never appears\")...
14:07:25.721637 POST /session/b6037238-2dfb-4780-9d39-2244ce47b012/element [8.571625ms] ERR:404 body={"strategy":"-android uiautomator","selector":"new UiSelector().descriptionContains(\"This never app...
14:07:25.728763 POST /session/b6037238-2dfb-4780-9d39-2244ce47b012/element [7.082375ms] ERR:404 body={"strategy":"-android uiautomator","selector":"new UiSelector().textMatches(\"(?is).*\\QThis never a...
14:07:25.739683 POST /session/b6037238-2dfb-4780-9d39-2244ce47b012/element [10.872291ms] ERR:404 body={"strategy":"-android uiautomator","selector":"new UiSelector().descriptionMatches(\"(?is).*\\QThis ...
14:07:25.750293 POST /session/b6037238-2dfb-4780-9d39-2244ce47b012/element [10.546375ms] ERR:404 body={"strategy":"-android uiautomator","selector":"new UiSelector().textContains(\"This never appears\")...
14:07:25.760950 POST /session/b6037238-2dfb-4780-9d39-2244ce47b012/element [10.575833ms] ERR:404 body={"strategy":"-android uiautomator","selector":"new UiSelector().descriptionContains(\"This never app...
14:07:25.772304 POST /session/b6037238-2dfb-4780-9d39-2244ce47b012/element [11.254958ms] ERR:404 body={"strategy":"-android uiautomator","selector":"new UiSelector().textMatches(\"(?is).*\\QThis never a...
14:07:25.782587 POST /session/b6037238-2dfb-4780-9d39-2244ce47b012/element [10.212625ms] ERR:404 body={"strategy":"-android uiautomator","selector":"new UiSelector().descriptionMatches(\"(?is).*\\QThis ...
14:07:25.791325 POST /session/b6037238-2dfb-4780-9d39-2244ce47b012/element [8.691959ms] ERR:404 body={"strategy":"-android uiautomator","selector":"new UiSelector().textContains(\"This never appears\")...
14:07:25.799205 POST /session/b6037238-2dfb-4780-9d39-2244ce47b012/element [7.83625ms] ERR:404 body={"strategy":"-android uiautomator","selector":"new UiSelector().descriptionContains(\"This never app...
14:07:25.805477 POST /session/b6037238-2dfb-4780-9d39-2244ce47b012/element [6.22175ms] ERR:404 body={"strategy":"-android uiautomator","selector":"new UiSelector().textMatches(\"(?is).*\\QThis never a...
14:07:25.812582 POST /session/b6037238-2dfb-4780-9d39-2244ce47b012/element [7.067875ms] ERR:404 body={"strategy":"-android uiautomator","selector":"new UiSelector().descriptionMatches(\"(?is).*\\QThis ...
14:07:25.820384 POST /session/b6037238-2dfb-4780-9d39-2244ce47b012/element [7.759791ms] ERR:404 body={"strategy":"-android uiautomator","selector":"new UiSelector().textContains(\"This never appears\")...
14:07:25.827975 POST /session/b6037238-2dfb-4780-9d39-2244ce47b012/element [7.554042ms] ERR:404 body={"strategy":"-android uiautomator","selector":"new UiSelector().descriptionContains(\"This never app...
14:07:25.836483 POST /session/b6037238-2dfb-4780-9d39-2244ce47b012/element [8.471375ms] ERR:404 body={"strategy":"-android uiautomator","selector":"new UiSelector().textMatches(\"(?is).*\\QThis never a...
14:07:25.842980 POST /session/b6037238-2dfb-4780-9d39-2244ce47b012/element [6.46425ms] ERR:404 body={"strategy":"-android uiautomator","selector":"new UiSelector().descriptionMatches(\"(?is).*\\QThis ...
14:07:25.850881 POST /session/b6037238-2dfb-4780-9d39-2244ce47b012/element [7.874ms] ERR:404 body={"strategy":"-android uiautomator","selector":"new UiSelector().textContains(\"This never appears\")...
14:07:25.857317 POST /session/b6037238-2dfb-4780-9d39-2244ce47b012/element [6.399ms] ERR:404 body={"strategy":"-android uiautomator","selector":"new UiSelector().descriptionContains(\"This never app...
14:07:25.864039 POST /session/b6037238-2dfb-4780-9d39-2244ce47b012/element [6.693166ms] ERR:404 body={"strategy":"-android uiautomator","selector":"new UiSelector().textMatches(\"(?is).*\\QThis never a...
14:07:25.869927 POST /session/b6037238-2dfb-4780-9d39-2244ce47b012/element [5.860208ms] ERR:404 body={"strategy":"-android uiautomator","selector":"new UiSelector().descriptionMatches(\"(?is).*\\QThis ...
14:07:25.877786 POST /session/b6037238-2dfb-4780-9d39-2244ce47b012/element [7.831334ms] ERR:404 body={"strategy":"-android uiautomator","selector":"new UiSelector().textContains(\"This never appears\")...
14:07:25.885344 POST /session/b6037238-2dfb-4780-9d39-2244ce47b012/element [7.51925ms] ERR:404 body={"strategy":"-android uiautomator","selector":"new UiSelector().descriptionContains(\"This never app...
14:07:25.892492 POST /session/b6037238-2dfb-4780-9d39-2244ce47b012/element [7.121ms] ERR:404 body={"strategy":"-android uiautomator","selector":"new UiSelector().textMatches(\"(?is).*\\QThis never a...
14:07:25.900625 POST /session/b6037238-2dfb-4780-9d39-2244ce47b012/element [8.107125ms] ERR:404 body={"strategy":"-android uiautomator","selector":"new UiSelector().descriptionMatches(\"(?is).*\\QThis ...
14:07:25.909002 POST /session/b6037238-2dfb-4780-9d39-2244ce47b012/element [8.349916ms] ERR:404 body={"strategy":"-android uiautomator","selector":"new UiSelector().textContains(\"This never appears\")...
14:07:25.916264 POST /session/b6037238-2dfb-4780-9d39-2244ce47b012/element [7.237375ms] ERR:404 body={"strategy":"-android uiautomator","selector":"new UiSelector().descriptionContains(\"This never app...
14:07:25.924313 POST /session/b6037238-2dfb-4780-9d39-2244ce47b012/element [8.024084ms] ERR:404 body={"strategy":"-android uiautomator","selector":"new UiSelector().textMatches(\"(?is).*\\QThis never a...
14:07:25.931568 POST /session/b6037238-2dfb-4780-9d39-2244ce47b012/element [7.219583ms] ERR:404 body={"strategy":"-android uiautomator","selector":"new UiSelector().descriptionMatches(\"(?is).*\\QThis ...
14:07:25.939890 POST /session/b6037238-2dfb-4780-9d39-2244ce47b012/element [8.285833ms] ERR:404 body={"strategy":"-android uiautomator","selector":"new UiSelector().textContains(\"This never appears\")...
14:07:25.948779 POST /session/b6037238-2dfb-4780-9d39-2244ce47b012/element [8.8425ms] ERR:404 body={"strategy":"-android uiautomator","selector":"new UiSelector().descriptionContains(\"This never app...
14:07:25.957165 POST /session/b6037238-2dfb-4780-9d39-2244ce47b012/element [8.334584ms] ERR:404 body={"strategy":"-android uiautomator","selector":"new UiSelector().textMatches(\"(?is).*\\QThis never a...
14:07:25.963536 POST /session/b6037238-2dfb-4780-9d39-2244ce47b012/element [6.329708ms] ERR:404 body={"strategy":"-android uiautomator","selector":"new UiSelector().descriptionMatches(\"(?is).*\\QThis ...
14:07:25.969968 POST /session/b6037238-2dfb-4780-9d39-2244ce47b012/element [6.404875ms] ERR:404 body={"strategy":"-android uiautomator","selector":"new UiSelector().textContains(\"This never appears\")...
14:07:25.979407 POST /session/b6037238-2dfb-4780-9d39-2244ce47b012/element [9.415875ms] ERR:404 body={"strategy":"-android uiautomator","selector":"new UiSelector().descriptionContains(\"This never app...
14:07:25.984863 POST /session/b6037238-2dfb-4780-9d39-2244ce47b012/element [5.429333ms] ERR:404 body={"strategy":"-android uiautomator","selector":"new UiSelector().textMatches(\"(?is).*\\QThis never a...
14:07:25.992038 POST /session/b6037238-2dfb-4780-9d39-2244ce47b012/element [7.154417ms] ERR:404 body={"strategy":"-android uiautomator","selector":"new UiSelector().descriptionMatches(\"(?is).*\\QThis ...
14:07:25.999491 POST /session/b6037238-2dfb-4780-9d39-2244ce47b012/element [7.426875ms] ERR:404 body={"strategy":"-android uiautomator","selector":"new UiSelector().textContains(\"This never appears\")...
14:07:26.007350 POST /session/b6037238-2dfb-4780-9d39-2244ce47b012/element [7.817584ms] ERR:404 body={"strategy":"-android uiautomator","selector":"new UiSelector().descriptionContains(\"This never app...
14:07:26.015923 POST /session/b6037238-2dfb-4780-9d39-2244ce47b012/element [8.46875ms] ERR:404 body={"strategy":"-android uiautomator","selector":"new UiSelector().textMatches(\"(?is).*\\QThis never a...
14:07:26.027159 POST /session/b6037238-2dfb-4780-9d39-2244ce47b012/element [11.150333ms] ERR:404 body={"strategy":"-android uiautomator","selector":"new UiSelector().descriptionMatches(\"(?is).*\\QThis ...
14:07:26.036306 POST /session/b6037238-2dfb-4780-9d39-2244ce47b012/element [9.104792ms] ERR:404 body={"strategy":"-android uiautomator","selector":"new UiSelector().textContains(\"This never appears\")...
14:07:26.048631 POST /session/b6037238-2dfb-4780-9d39-2244ce47b012/element [12.26675ms] ERR:404 body={"strategy":"-android uiautomator","selector":"new UiSelector().descriptionContains(\"This never app...
14:07:26.059304 POST /session/b6037238-2dfb-4780-9d39-2244ce47b012/element [10.620875ms] ERR:404 body={"strategy":"-android uiautomator","selector":"new UiSelector().textMatches(\"(?is).*\\QThis never a...
14:07:26.068219 POST /session/b6037238-2dfb-4780-9d39-2244ce47b012/element [8.872959ms] ERR:404 body={"strategy":"-android uiautomator","selector":"new UiSelector().descriptionMatches(\"(?is).*\\QThis ...
14:07:26.075939 POST /session/b6037238-2dfb-4780-9d39-2244ce47b012/element [7.689709ms] ERR:404 body={"strategy":"-android uiautomator","selector":"new UiSelector().textContains(\"This never appears\")...
14:07:26.084174 POST /session/b6037238-2dfb-4780-9d39-2244ce47b012/element [8.199208ms] ERR:404 body={"strategy":"-android uiautomator","selector":"new UiSelector().descriptionContains(\"This never app...
14:07:26.093417 POST /session/b6037238-2dfb-4780-9d39-2244ce47b012/element [9.210416ms] ERR:404 body={"strategy":"-android uiautomator","selector":"new UiSelector().textMatches(\"(?is).*\\QThis never a...
14:07:26.105165 POST /session/b6037238-2dfb-4780-9d39-2244ce47b012/element [11.723959ms] ERR:404 body={"strategy":"-android uiautomator","selector":"new UiSelector().descriptionMatches(\"(?is).*\\QThis ...
14:07:26.114632 POST /session/b6037238-2dfb-4780-9d39-2244ce47b012/element [9.432584ms] ERR:404 body={"strategy":"-android uiautomator","selector":"new UiSelector().textContains(\"This never appears\")...
14:07:26.123597 POST /session/b6037238-2dfb-4780-9d39-2244ce47b012/element [8.935709ms] ERR:404 body={"strategy":"-android uiautomator","selector":"new UiSelector().descriptionContains(\"This never app...
14:07:26.133078 POST /session/b6037238-2dfb-4780-9d39-2244ce47b012/element [9.444917ms] ERR:404 body={"strategy":"-android uiautomator","selector":"new UiSelector().textMatches(\"(?is).*\\QThis never a...
14:07:26.141557 POST /session/b6037238-2dfb-4780-9d39-2244ce47b012/element [8.447708ms] ERR:404 body={"strategy":"-android uiautomator","selector":"new UiSelector().descriptionMatches(\"(?is).*\\QThis ...
14:07:26.149411 POST /session/b6037238-2dfb-4780-9d39-2244ce47b012/element [7.829ms] ERR:404 body={"strategy":"-android uiautomator","selector":"new UiSelector().textContains(\"This never appears\")...
14:07:26.159421 POST /session/b6037238-2dfb-4780-9d39-2244ce47b012/element [9.976167ms] ERR:404 body={"strategy":"-android uiautomator","selector":"new UiSelector().descriptionContains(\"This never app...
14:07:26.171928 POST /session/b6037238-2dfb-4780-9d39-2244ce47b012/element [12.434375ms] ERR:404 body={"strategy":"-android uiautomator","selector":"new UiSelector().textMatches(\"(?is).*\\QThis never a...
14:07:26.183216 POST /session/b6037238-2dfb-4780-9d39-2244ce47b012/element [11.240834ms] ERR:404 body={"strategy":"-android uiautomator","selector":"new UiSelector().descriptionMatches(\"(?is).*\\QThis ...
14:07:26.193359 POST /session/b6037238-2dfb-4780-9d39-2244ce47b012/element [10.080458ms] ERR:404 body={"strategy":"-android uiautomator","selector":"new UiSelector().textContains(\"This never appears\")...
14:07:26.203789 POST /session/b6037238-2dfb-4780-9d39-2244ce47b012/element [10.376708ms] ERR:404 body={"strategy":"-android uiautomator","selector":"new UiSelector().descriptionContains(\"This never app...
14:07:26.214077 POST /session/b6037238-2dfb-4780-9d39-2244ce47b012/element [10.221417ms] ERR:404 body={"strategy":"-android uiautomator","selector":"new UiSelector().textMatches(\"(?is).*\\QThis never a...
14:07:26.222888 POST /session/b6037238-2dfb-4780-9d39-2244ce47b012/element [8.753041ms] ERR:404 body={"strategy":"-android uiautomator","selector":"new UiSelector().descriptionMatches(\"(?is).*\\QThis ...
14:07:26.232789 POST /session/b6037238-2dfb-4780-9d39-2244ce47b012/element [9.834292ms] ERR:404 body={"strategy":"-android uiautomator","selector":"new UiSelector().textContains(\"This never appears\")...
14:07:26.244960 POST /session/b6037238-2dfb-4780-9d39-2244ce47b012/element [12.099208ms] ERR:404 body={"strategy":"-android uiautomator","selector":"new UiSelector().descriptionContains(\"This never app...
14:07:26.262349 POST /session/b6037238-2dfb-4780-9d39-2244ce47b012/element [17.294041ms] ERR:404 body={"strategy":"-android uiautomator","selector":"new UiSelector().textMatches(\"(?is).*\\QThis never a...
14:07:26.273974 POST /session/b6037238-2dfb-4780-9d39-2244ce47b012/element [11.554875ms] ERR:404 body={"strategy":"-android uiautomator","selector":"new UiSelector().descriptionMatches(\"(?is).*\\QThis ...
14:07:26.280681 POST /session/b6037238-2dfb-4780-9d39-2244ce47b012/element [6.643167ms] ERR:404 body={"strategy":"-android uiautomator","selector":"new UiSelector().textContains(\"This never appears\")...
14:07:26.291399 POST /session/b6037238-2dfb-4780-9d39-2244ce47b012/element [10.650542ms] ERR:404 body={"strategy":"-android uiautomator","selector":"new UiSelector().descriptionContains(\"This never app...
14:07:26.301566 POST /session/b6037238-2dfb-4780-9d39-2244ce47b012/element [10.101458ms] ERR:404 body={"strategy":"-android uiautomator","selector":"new UiSelector().textMatches(\"(?is).*\\QThis never a...
14:07:26.311284 POST /session/b6037238-2dfb-4780-9d39-2244ce47b012/element [9.644708ms] ERR:404 body={"strategy":"-android uiautomator","selector":"new UiSelector().descriptionMatches(\"(?is).*\\QThis ...
14:07:26.342513 POST /session/b6037238-2dfb-4780-9d39-2244ce47b012/element [31.169292ms] ERR:404 body={"strategy":"-android uiautomator","selector":"new UiSelector().textContains(\"This never appears\")...
14:07:26.355878 POST /session/b6037238-2dfb-4780-9d39-2244ce47b012/element [13.302667ms] ERR:404 body={"strategy":"-android uiautomator","selector":"new UiSelector().descriptionContains(\"This never app...
14:07:26.376133 POST /session/b6037238-2dfb-4780-9d39-2244ce47b012/element [20.195125ms] ERR:404 body={"strategy":"-android uiautomator","selector":"new UiSelector().textMatches(\"(?is).*\\QThis never a...
14:07:26.388222 POST /session/b6037238-2dfb-4780-9d39-2244ce47b012/element [12.015667ms] ERR:404 body={"strategy":"-android uiautomator","selector":"new UiSelector().descriptionMatches(\"(?is).*\\QThis ...
14:07:26.415567 POST /session/b6037238-2dfb-4780-9d39-2244ce47b012/element [26.989208ms] ERR:404 body={"strategy":"-android uiautomator","selector":"new UiSelector().textContains(\"This never appears\")...
14:07:26.444328 POST /session/b6037238-2dfb-4780-9d39-2244ce47b012/element [28.691625ms] ERR:404 body={"strategy":"-android uiautomator","selector":"new UiSelector().descriptionContains(\"This never app...
14:07:26.469062 POST /session/b6037238-2dfb-4780-9d39-2244ce47b012/element [24.646125ms] ERR:404 body={"strategy":"-android uiautomator","selector":"new UiSelector().textMatches(\"(?is).*\\QThis never a...
14:07:26.491133 POST /session/b6037238-2dfb-4780-9d39-2244ce47b012/element [21.998167ms] ERR:404 body={"strategy":"-android uiautomator","selector":"new UiSelector().descriptionMatches(\"(?is).*\\QThis ...
14:07:26.509277 POST /session/b6037238-2dfb-4780-9d39-2244ce47b012/element [18.092708ms] ERR:404 body={"strategy":"-android uiautomator","selector":"new UiSelector().textContains(\"This never appears\")...
14:07:26.521404 POST /session/b6037238-2dfb-4780-9d39-2244ce47b012/element [12.076791ms] ERR:404 body={"strategy":"-android uiautomator","selector":"new UiSelector().descriptionContains(\"This never app...
14:07:26.531322 POST /session/b6037238-2dfb-4780-9d39-2244ce47b012/element [9.862709ms] ERR:404 body={"strategy":"-android uiautomator","selector":"new UiSelector().textMatches(\"(?is).*\\QThis never a...
14:07:26.541151 POST /session/b6037238-2dfb-4780-9d39-2244ce47b012/element [9.749333ms] ERR:404 body={"strategy":"-android uiautomator","selector":"new UiSelector().descriptionMatches(\"(?is).*\\QThis ...
14:07:26.571474 POST /session/b6037238-2dfb-4780-9d39-2244ce47b012/element [30.263625ms] ERR:404 body={"strategy":"-android uiautomator","selector":"new UiSelector().textContains(\"This never appears\")...
14:07:26.588207 POST /session/b6037238-2dfb-4780-9d39-2244ce47b012/element [16.659667ms] ERR:404 body={"strategy":"-android uiautomator","selector":"new UiSelector().descriptionContains(\"This never app...
14:07:26.619022 POST /session/b6037238-2dfb-4780-9d39-2244ce47b012/element [30.698167ms] ERR:404 body={"strategy":"-android uiautomator","selector":"new UiSelector().textMatches(\"(?is).*\\QThis never a...
14:07:26.631544 POST /session/b6037238-2dfb-4780-9d39-2244ce47b012/element [12.426084ms] ERR:404 body={"strategy":"-android uiautomator","selector":"new UiSelector().descriptionMatches(\"(?is).*\\QThis ...
14:07:26.644116 POST /session/b6037238-2dfb-4780-9d39-2244ce47b012/element [12.472208ms] ERR:404 body={"strategy":"-android uiautomator","selector":"new UiSelector().textContains(\"This never appears\")...
14:07:26.662442 POST /session/b6037238-2dfb-4780-9d39-2244ce47b012/element [18.225542ms] ERR:404 body={"strategy":"-android uiautomator","selector":"new UiSelector().descriptionContains(\"This never app...
14:07:26.676762 POST /session/b6037238-2dfb-4780-9d39-2244ce47b012/element [14.213708ms] ERR:404 body={"strategy":"-android uiautomator","selector":"new UiSelector().textMatches(\"(?is).*\\QThis never a...
14:07:26.704036 POST /session/b6037238-2dfb-4780-9d39-2244ce47b012/element [27.165791ms] ERR:404 body={"strategy":"-android uiautomator","selector":"new UiSelector().descriptionMatches(\"(?is).*\\QThis ...
14:07:26.715019 POST /session/b6037238-2dfb-4780-9d39-2244ce47b012/element [10.891791ms] ERR:404 body={"strategy":"-android uiautomator","selector":"new UiSelector().textContains(\"This never appears\")...
14:07:26.725716 POST /session/b6037238-2dfb-4780-9d39-2244ce47b012/element [10.567375ms] ERR:404 body={"strategy":"-android uiautomator","selector":"new UiSelector().descriptionContains(\"This never app...
14:07:26.740015 POST /session/b6037238-2dfb-4780-9d39-2244ce47b012/element [14.231792ms] ERR:404 body={"strategy":"-android uiautomator","selector":"new UiSelector().textMatches(\"(?is).*\\QThis never a...
14:07:26.751894 POST /session/b6037238-2dfb-4780-9d39-2244ce47b012/element [11.815459ms] ERR:404 body={"strategy":"-android uiautomator","selector":"new UiSelector().descriptionMatches(\"(?is).*\\QThis ...
14:07:26.764279 POST /session/b6037238-2dfb-4780-9d39-2244ce47b012/element [12.308709ms] ERR:404 body={"strategy":"-android uiautomator","selector":"new UiSelector().textContains(\"This never appears\")...
14:07:26.777998 POST /session/b6037238-2dfb-4780-9d39-2244ce47b012/element [13.66575ms] ERR:404 body={"strategy":"-android uiautomator","selector":"new UiSelector().descriptionContains(\"This never app...
14:07:26.788889 POST /session/b6037238-2dfb-4780-9d39-2244ce47b012/element [10.834667ms] ERR:404 body={"strategy":"-android uiautomator","selector":"new UiSelector().textMatches(\"(?is).*\\QThis never a...
14:07:26.801732 POST /session/b6037238-2dfb-4780-9d39-2244ce47b012/element [12.783916ms] ERR:404 body={"strategy":"-android uiautomator","selector":"new UiSelector().descriptionMatches(\"(?is).*\\QThis ...
14:07:26.810659 POST /session/b6037238-2dfb-4780-9d39-2244ce47b012/element [8.859667ms] ERR:404 body={"strategy":"-android uiautomator","selector":"new UiSelector().textContains(\"This never appears\")...
14:07:26.819033 POST /session/b6037238-2dfb-4780-9d39-2244ce47b012/element [8.308584ms] ERR:404 body={"strategy":"-android uiautomator","selector":"new UiSelector().descriptionContains(\"This never app...
14:07:26.828546 POST /session/b6037238-2dfb-4780-9d39-2244ce47b012/element [9.462959ms] ERR:404 body={"strategy":"-android uiautomator","selector":"new UiSelector().textMatches(\"(?is).*\\QThis never a...
14:07:26.837466 POST /session/b6037238-2dfb-4780-9d39-2244ce47b012/element [8.849208ms] ERR:404 body={"strategy":"-android uiautomator","selector":"new UiSelector().descriptionMatches(\"(?is).*\\QThis ...
14:07:26.850259 POST /session/b6037238-2dfb-4780-9d39-2244ce47b012/element [12.73425ms] ERR:404 body={"strategy":"-android uiautomator","selector":"new UiSelector().textContains(\"This never appears\")...
14:07:26.861976 POST /session/b6037238-2dfb-4780-9d39-2244ce47b012/element [11.655ms] ERR:404 body={"strategy":"-android uiautomator","selector":"new UiSelector().descriptionContains(\"This never app...
14:07:26.875856 POST /session/b6037238-2dfb-4780-9d39-2244ce47b012/element [13.827875ms] ERR:404 body={"strategy":"-android uiautomator","selector":"new UiSelector().textMatches(\"(?is).*\\QThis never a...
14:07:26.883421 POST /session/b6037238-2dfb-4780-9d39-2244ce47b012/element [7.499833ms] ERR:404 body={"strategy":"-android uiautomator","selector":"new UiSelector().descriptionMatches(\"(?is).*\\QThis ...
14:07:26.895219 POST /session/b6037238-2dfb-4780-9d39-2244ce47b012/element [11.727ms] ERR:404 body={"strategy":"-android uiautomator","selector":"new UiSelector().textContains(\"This never appears\")...
14:07:26.908942 POST /session/b6037238-2dfb-4780-9d39-2244ce47b012/element [13.622916ms] ERR:404 body={"strategy":"-android uiautomator","selector":"new UiSelector().descriptionContains(\"This never app...
14:07:26.916793 POST /session/b6037238-2dfb-4780-9d39-2244ce47b012/element [7.785792ms] ERR:404 body={"strategy":"-android uiautomator","selector":"new UiSelector().textMatches(\"(?is).*\\QThis never a...
14:07:26.926423 POST /session/b6037238-2dfb-4780-9d39-2244ce47b012/element [9.586042ms] ERR:404 body={"strategy":"-android uiautomator","selector":"new UiSelector().descriptionMatches(\"(?is).*\\QThis ...
14:07:26.935265 POST /session/b6037238-2dfb-4780-9d39-2244ce47b012/element [8.772709ms] ERR:404 body={"strategy":"-android uiautomator","selector":"new UiSelector().textContains(\"This never appears\")...
14:07:26.940727 POST /session/b6037238-2dfb-4780-9d39-2244ce47b012/element [5.400042ms] ERR:404 body={"strategy":"-android uiautomator","selector":"new UiSelector().descriptionContains(\"This never app...
14:07:26.950491 POST /session/b6037238-2dfb-4780-9d39-2244ce47b012/element [9.702333ms] ERR:404 body={"strategy":"-android uiautomator","selector":"new UiSelector().textMatches(\"(?is).*\\QThis never a...
14:07:26.963693 POST /session/b6037238-2dfb-4780-9d39-2244ce47b012/element [13.13225ms] ERR:404 body={"strategy":"-android uiautomator","selector":"new UiSelector().descriptionMatches(\"(?is).*\\QThis ...
14:07:26.972412 POST /session/b6037238-2dfb-4780-9d39-2244ce47b012/element [8.63ms] ERR:404 body={"strategy":"-android uiautomator","selector":"new UiSelector().textContains(\"This never appears\")...
14:07:26.984772 POST /session/b6037238-2dfb-4780-9d39-2244ce47b012/element [12.285333ms] ERR:404 body={"strategy":"-android uiautomator","selector":"new UiSelector().descriptionContains(\"This never app...
14:07:26.994635 POST /session/b6037238-2dfb-4780-9d39-2244ce47b012/element [9.802292ms] ERR:404 body={"strategy":"-android uiautomator","selector":"new UiSelector().textMatches(\"(?is).*\\QThis never a...
14:07:27.003670 POST /session/b6037238-2dfb-4780-9d39-2244ce47b012/element [8.978541ms] ERR:404 body={"strategy":"-android uiautomator","selector":"new UiSelector().descriptionMatches(\"(?is).*\\QThis ...
14:07:27.012845 POST /session/b6037238-2dfb-4780-9d39-2244ce47b012/element [9.105209ms] ERR:404 body={"strategy":"-android uiautomator","selector":"new UiSelector().textContains(\"This never appears\")...
14:07:27.019926 POST /session/b6037238-2dfb-4780-9d39-2244ce47b012/element [7.027625ms] ERR:404 body={"strategy":"-android uiautomator","selector":"new UiSelector().descriptionContains(\"This never app...
14:07:27.032343 POST /session/b6037238-2dfb-4780-9d39-2244ce47b012/element [12.362ms] ERR:404 body={"strategy":"-android uiautomator","selector":"new UiSelector().textMatches(\"(?is).*\\QThis never a...
14:07:27.042667 POST /session/b6037238-2dfb-4780-9d39-2244ce47b012/element [10.250542ms] ERR:404 body={"strategy":"-android uiautomator","selector":"new UiSelector().descriptionMatches(\"(?is).*\\QThis ...
14:07:27.050698 POST /session/b6037238-2dfb-4780-9d39-2244ce47b012/element [7.965875ms] ERR:404 body={"strategy":"-android uiautomator","selector":"new UiSelector().textContains(\"This never appears\")...
14:07:27.060708 POST /session/b6037238-2dfb-4780-9d39-2244ce47b012/element [9.947792ms] ERR:404 body={"strategy":"-android uiautomator","selector":"new UiSelector().descriptionContains(\"This never app...
14:07:27.068855 POST /session/b6037238-2dfb-4780-9d39-2244ce47b012/element [8.088959ms] ERR:404 body={"strategy":"-android uiautomator","selector":"new UiSelector().textMatches(\"(?is).*\\QThis never a...
14:07:27.082000 POST /session/b6037238-2dfb-4780-9d39-2244ce47b012/element [13.101125ms] ERR:404 body={"strategy":"-android uiautomator","selector":"new UiSelector().descriptionMatches(\"(?is).*\\QThis ...
14:07:27.090711 POST /session/b6037238-2dfb-4780-9d39-2244ce47b012/element [8.658375ms] ERR:404 body={"strategy":"-android uiautomator","selector":"new UiSelector().textContains(\"This never appears\")...
14:07:27.096575 POST /session/b6037238-2dfb-4780-9d39-2244ce47b012/element [5.808875ms] ERR:404 body={"strategy":"-android uiautomator","selector":"new UiSelector().descriptionContains(\"This never app...
14:07:27.100439 POST /session/b6037238-2dfb-4780-9d39-2244ce47b012/element [3.653458ms] ERR:404 body={"strategy":"-android uiautomator","selector":"new UiSelector().textMatches(\"(?is).*\\QThis never a...
14:07:27.108445 POST /session/b6037238-2dfb-4780-9d39-2244ce47b012/element [7.952959ms] ERR:404 body={"strategy":"-android uiautomator","selector":"new UiSelector().descriptionMatches(\"(?is).*\\QThis ...
14:07:27.116886 POST /session/b6037238-2dfb-4780-9d39-2244ce47b012/element [8.377042ms] ERR:404 body={"strategy":"-android uiautomator","selector":"new UiSelector().textContains(\"This never appears\")...
14:07:27.126342 POST /session/b6037238-2dfb-4780-9d39-2244ce47b012/element [9.408ms] ERR:404 body={"strategy":"-android uiautomator","selector":"new UiSelector().descriptionContains(\"This never app...
14:07:27.136115 POST /session/b6037238-2dfb-4780-9d39-2244ce47b012/element [9.711833ms] ERR:404 body={"strategy":"-android uiautomator","selector":"new UiSelector().textMatches(\"(?is).*\\QThis never a...
14:07:27.146258 POST /session/b6037238-2dfb-4780-9d39-2244ce47b012/element [10.096416ms] ERR:404 body={"strategy":"-android uiautomator","selector":"new UiSelector().descriptionMatches(\"(?is).*\\QThis ...
14:07:27.151421 POST /session/b6037238-2dfb-4780-9d39-2244ce47b012/element [5.100833ms] ERR:404 body={"strategy":"-android uiautomator","selector":"new UiSelector().textContains(\"This never appears\")...
14:07:27.158671 POST /session/b6037238-2dfb-4780-9d39-2244ce47b012/element [7.199334ms] ERR:404 body={"strategy":"-android uiautomator","selector":"new UiSelector().descriptionContains(\"This never app...
14:07:27.164962 POST /session/b6037238-2dfb-4780-9d39-2244ce47b012/element [6.225583ms] ERR:404 body={"strategy":"-android uiautomator","selector":"new UiSelector().textMatches(\"(?is).*\\QThis never a...
14:07:27.171153 POST /session/b6037238-2dfb-4780-9d39-2244ce47b012/element [6.14925ms] ERR:404 body={"strategy":"-android uiautomator","selector":"new UiSelector().descriptionMatches(\"(?is).*\\QThis ...
14:07:27.179251 POST /session/b6037238-2dfb-4780-9d39-2244ce47b012/element [8.037084ms] ERR:404 body={"strategy":"-android uiautomator","selector":"new UiSelector().textContains(\"This never appears\")...
14:07:27.190535 POST /session/b6037238-2dfb-4780-9d39-2244ce47b012/element [11.225959ms] ERR:404 body={"strategy":"-android uiautomator","selector":"new UiSelector().descriptionContains(\"This never app...
14:07:27.202086 POST /session/b6037238-2dfb-4780-9d39-2244ce47b012/element [11.483042ms] ERR:404 body={"strategy":"-android uiautomator","selector":"new UiSelector().textMatches(\"(?is).*\\QThis never a...
14:07:27.212673 POST /session/b6037238-2dfb-4780-9d39-2244ce47b012/element [10.5175ms] ERR:404 body={"strategy":"-android uiautomator","selector":"new UiSelector().descriptionMatches(\"(?is).*\\QThis ...
14:07:27.220395 POST /session/b6037238-2dfb-4780-9d39-2244ce47b012/element [7.664542ms] ERR:404 body={"strategy":"-android uiautomator","selector":"new UiSelector().textContains(\"This never appears\")...
14:07:27.228419 POST /session/b6037238-2dfb-4780-9d39-2244ce47b012/element [7.963667ms] ERR:404 body={"strategy":"-android uiautomator","selector":"new UiSelector().descriptionContains(\"This never app...
14:07:27.236071 POST /session/b6037238-2dfb-4780-9d39-2244ce47b012/element [7.575792ms] ERR:404 body={"strategy":"-android uiautomator","selector":"new UiSelector().textMatches(\"(?is).*\\QThis never a...
14:07:27.243812 POST /session/b6037238-2dfb-4780-9d39-2244ce47b012/element [7.681833ms] ERR:404 body={"strategy":"-android uiautomator","selector":"new UiSelector().descriptionMatches(\"(?is).*\\QThis ...
14:07:27.255924 POST /session/b6037238-2dfb-4780-9d39-2244ce47b012/element [12.041208ms] ERR:404 body={"strategy":"-android uiautomator","selector":"new UiSelector().textContains(\"This never appears\")...
14:07:27.266594 POST /session/b6037238-2dfb-4780-9d39-2244ce47b012/element [10.596292ms] ERR:404 body={"strategy":"-android uiautomator","selector":"new UiSelector().descriptionContains(\"This never app...
14:07:27.272604 POST /session/b6037238-2dfb-4780-9d39-2244ce47b012/element [5.960625ms] ERR:404 body={"strategy":"-android uiautomator","selector":"new UiSelector().textMatches(\"(?is).*\\QThis never a...
14:07:27.283440 POST /session/b6037238-2dfb-4780-9d39-2244ce47b012/element [10.781167ms] ERR:404 body={"strategy":"-android uiautomator","selector":"new UiSelector().descriptionMatches(\"(?is).*\\QThis ...
14:07:27.295067 POST /session/b6037238-2dfb-4780-9d39-2244ce47b012/element [11.568292ms] ERR:404 body={"strategy":"-android uiautomator","selector":"new UiSelector().textContains(\"This never appears\")...
14:07:27.308911 POST /session/b6037238-2dfb-4780-9d39-2244ce47b012/element [13.774542ms] ERR:404 body={"strategy":"-android uiautomator","selector":"new UiSelector().descriptionContains(\"This never app...
14:07:27.323943 POST /session/b6037238-2dfb-4780-9d39-2244ce47b012/element [14.945917ms] ERR:404 body={"strategy":"-android uiautomator","selector":"new UiSelector().textMatches(\"(?is).*\\QThis never a...
14:07:27.339900 POST /session/b6037238-2dfb-4780-9d39-2244ce47b012/element [15.876708ms] ERR:404 body={"strategy":"-android uiautomator","selector":"new UiSelector().descriptionMatches(\"(?is).*\\QThis ...
14:07:27.352053 POST /session/b6037238-2dfb-4780-9d39-2244ce47b012/element [12.082375ms] ERR:404 body={"strategy":"-android uiautomator","selector":"new UiSelector().textContains(\"This never appears\")...
14:07:27.363334 POST /session/b6037238-2dfb-4780-9d39-2244ce47b012/element [11.2145ms] ERR:404 body={"strategy":"-android uiautomator","selector":"new UiSelector().descriptionContains(\"This never app...
14:07:27.375372 POST /session/b6037238-2dfb-4780-9d39-2244ce47b012/element [11.964208ms] ERR:404 body={"strategy":"-android uiautomator","selector":"new UiSelector().textMatches(\"(?is).*\\QThis never a...
14:07:27.388194 POST /session/b6037238-2dfb-4780-9d39-2244ce47b012/element [12.754584ms] ERR:404 body={"strategy":"-android uiautomator","selector":"new UiSelector().descriptionMatches(\"(?is).*\\QThis ...
14:07:27.401662 POST /session/b6037238-2dfb-4780-9d39-2244ce47b012/element [13.393792ms] ERR:404 body={"strategy":"-android uiautomator","selector":"new UiSelector().textContains(\"This never appears\")...
14:07:27.411562 POST /session/b6037238-2dfb-4780-9d39-2244ce47b012/element [9.835625ms] ERR:404 body={"strategy":"-android uiautomator","selector":"new UiSelector().descriptionContains(\"This never app...
14:07:27.420648 POST /session/b6037238-2dfb-4780-9d39-2244ce47b012/element [9.018334ms] ERR:404 body={"strategy":"-android uiautomator","selector":"new UiSelector().textMatches(\"(?is).*\\QThis never a...
14:07:27.435099 POST /session/b6037238-2dfb-4780-9d39-2244ce47b012/element [14.378625ms] ERR:404 body={"strategy":"-android uiautomator","selector":"new UiSelector().descriptionMatches(\"(?is).*\\QThis ...
14:07:27.455199 POST /session/b6037238-2dfb-4780-9d39-2244ce47b012/element [20.026916ms] ERR:404 body={"strategy":"-android uiautomator","selector":"new UiSelector().textContains(\"This never appears\")...
14:07:27.466315 POST /session/b6037238-2dfb-4780-9d39-2244ce47b012/element [11.054292ms] ERR:404 body={"strategy":"-android uiautomator","selector":"new UiSelector().descriptionContains(\"This never app...
14:07:27.476660 POST /session/b6037238-2dfb-4780-9d39-2244ce47b012/element [10.300333ms] ERR:404 body={"strategy":"-android uiautomator","selector":"new UiSelector().textMatches(\"(?is).*\\QThis never a...
14:07:27.486459 POST /session/b6037238-2dfb-4780-9d39-2244ce47b012/element [9.742541ms] ERR:404 body={"strategy":"-android uiautomator","selector":"new UiSelector().descriptionMatches(\"(?is).*\\QThis ...
14:07:27.502655 POST /session/b6037238-2dfb-4780-9d39-2244ce47b012/element [16.113959ms] ERR:404 body={"strategy":"-android uiautomator","selector":"new UiSelector().textContains(\"This never appears\")...
14:07:27.511814 POST /session/b6037238-2dfb-4780-9d39-2244ce47b012/element [9.082292ms] ERR:404 body={"strategy":"-android uiautomator","selector":"new UiSelector().descriptionContains(\"This never app...
14:07:27.524385 POST /session/b6037238-2dfb-4780-9d39-2244ce47b012/element [12.477542ms] ERR:404 body={"strategy":"-android uiautomator","selector":"new UiSelector().textMatches(\"(?is).*\\QThis never a...
14:07:27.536800 POST /session/b6037238-2dfb-4780-9d39-2244ce47b012/element [12.332208ms] ERR:404 body={"strategy":"-android uiautomator","selector":"new UiSelector().descriptionMatches(\"(?is).*\\QThis ...
14:07:27.548406 POST /session/b6037238-2dfb-4780-9d39-2244ce47b012/element [11.536125ms] ERR:404 body={"strategy":"-android uiautomator","selector":"new UiSelector().textContains(\"This never appears\")...
14:07:27.559931 POST /session/b6037238-2dfb-4780-9d39-2244ce47b012/element [11.401042ms] ERR:404 body={"strategy":"-android uiautomator","selector":"new UiSelector().descriptionContains(\"This never app...
14:07:27.564955 POST /session/b6037238-2dfb-4780-9d39-2244ce47b012/element [4.956625ms] ERR:404 body={"strategy":"-android uiautomator","selector":"new UiSelector().textMatches(\"(?is).*\\QThis never a...
14:07:27.571860 POST /session/b6037238-2dfb-4780-9d39-2244ce47b012/element [6.82675ms] ERR:404 body={"strategy":"-android uiautomator","selector":"new UiSelector().descriptionMatches(\"(?is).*\\QThis ...
14:07:27.580962 POST /session/b6037238-2dfb-4780-9d39-2244ce47b012/element [9.004584ms] ERR:404 body={"strategy":"-android uiautomator","selector":"new UiSelector().textContains(\"This never appears\")...
14:07:27.588680 POST /session/b6037238-2dfb-4780-9d39-2244ce47b012/element [7.651042ms] ERR:404 body={"strategy":"-android uiautomator","selector":"new UiSelector().descriptionContains(\"This never app...
14:07:27.597743 POST /session/b6037238-2dfb-4780-9d39-2244ce47b012/element [8.978ms] ERR:404 body={"strategy":"-android uiautomator","selector":"new UiSelector().textMatches(\"(?is).*\\QThis never a...
14:07:27.605549 POST /session/b6037238-2dfb-4780-9d39-2244ce47b012/element [7.758833ms] ERR:404 body={"strategy":"-android uiautomator","selector":"new UiSelector().descriptionMatches(\"(?is).*\\QThis ...
14:07:27.612855 POST /session/b6037238-2dfb-4780-9d39-2244ce47b012/element [7.251375ms] ERR:404 body={"strategy":"-android uiautomator","selector":"new UiSelector().textContains(\"This never appears\")...
14:07:27.621397 POST /session/b6037238-2dfb-4780-9d39-2244ce47b012/element [8.484042ms] ERR:404 body={"strategy":"-android uiautomator","selector":"new UiSelector().descriptionContains(\"This never app...
14:07:27.630820 POST /session/b6037238-2dfb-4780-9d39-2244ce47b012/element [9.34725ms] ERR:404 body={"strategy":"-android uiautomator","selector":"new UiSelector().textMatches(\"(?is).*\\QThis never a...
14:07:27.639594 POST /session/b6037238-2dfb-4780-9d39-2244ce47b012/element [8.706959ms] ERR:404 body={"strategy":"-android uiautomator","selector":"new UiSelector().descriptionMatches(\"(?is).*\\QThis ...
14:07:27.647158 POST /session/b6037238-2dfb-4780-9d39-2244ce47b012/element [7.474333ms] ERR:404 body={"strategy":"-android uiautomator","selector":"new UiSelector().textContains(\"This never appears\")...
14:07:27.657840 POST /session/b6037238-2dfb-4780-9d39-2244ce47b012/element [10.632375ms] ERR:404 body={"strategy":"-android uiautomator","selector":"new UiSelector().descriptionContains(\"This never app...
14:07:27.666810 POST /session/b6037238-2dfb-4780-9d39-2244ce47b012/element [8.910042ms] ERR:404 body={"strategy":"-android uiautomator","selector":"new UiSelector().textMatches(\"(?is).*\\QThis never a...
14:07:27.676094 POST /session/b6037238-2dfb-4780-9d39-2244ce47b012/element [9.232916ms] ERR:404 body={"strategy":"-android uiautomator","selector":"new UiSelector().descriptionMatches(\"(?is).*\\QThis ...
14:07:27.684298 POST /session/b6037238-2dfb-4780-9d39-2244ce47b012/element [8.138416ms] ERR:404 body={"strategy":"-android uiautomator","selector":"new UiSelector().textContains(\"This never appears\")...
14:07:27.696186 POST /session/b6037238-2dfb-4780-9d39-2244ce47b012/element [11.840625ms] ERR:404 body={"strategy":"-android uiautomator","selector":"new UiSelector().descriptionContains(\"This never app...
14:07:27.704250 POST /session/b6037238-2dfb-4780-9d39-2244ce47b012/element [7.995208ms] ERR:404 body={"strategy":"-android uiautomator","selector":"new UiSelector().textMatches(\"(?is).*\\QThis never a...
14:07:27.714068 POST /session/b6037238-2dfb-4780-9d39-2244ce47b012/element [9.774125ms] ERR:404 body={"strategy":"-android uiautomator","selector":"new UiSelector().descriptionMatches(\"(?is).*\\QThis ...
14:07:27.723039 POST /session/b6037238-2dfb-4780-9d39-2244ce47b012/element [8.925541ms] ERR:404 body={"strategy":"-android uiautomator","selector":"new UiSelector().textContains(\"This never appears\")...
14:07:27.732375 POST /session/b6037238-2dfb-4780-9d39-2244ce47b012/element [9.273292ms] ERR:404 body={"strategy":"-android uiautomator","selector":"new UiSelector().descriptionContains(\"This never app...
14:07:27.739955 POST /session/b6037238-2dfb-4780-9d39-2244ce47b012/element [7.535042ms] ERR:404 body={"strategy":"-android uiautomator","selector":"new UiSelector().textMatches(\"(?is).*\\QThis never a...
14:07:27.749786 POST /session/b6037238-2dfb-4780-9d39-2244ce47b012/element [9.770125ms] ERR:404 body={"strategy":"-android uiautomator","selector":"new UiSelector().descriptionMatches(\"(?is).*\\QThis ...
14:07:27.757598 POST /session/b6037238-2dfb-4780-9d39-2244ce47b012/element [7.755083ms] ERR:404 body={"strategy":"-android uiautomator","selector":"new UiSelector().textContains(\"This never appears\")...
14:07:27.767190 POST /session/b6037238-2dfb-4780-9d39-2244ce47b012/element [9.534334ms] ERR:404 body={"strategy":"-android uiautomator","selector":"new UiSelector().descriptionContains(\"This never app...
14:07:27.777073 POST /session/b6037238-2dfb-4780-9d39-2244ce47b012/element [9.83775ms] ERR:404 body={"strategy":"-android uiautomator","selector":"new UiSelector().textMatches(\"(?is).*\\QThis never a...
14:07:27.786294 POST /session/b6037238-2dfb-4780-9d39-2244ce47b012/element [9.156458ms] ERR:404 body={"strategy":"-android uiautomator","selector":"new UiSelector().descriptionMatches(\"(?is).*\\QThis ...
14:07:27.792909 POST /session/b6037238-2dfb-4780-9d39-2244ce47b012/element [6.554917ms] ERR:404 body={"strategy":"-android uiautomator","selector":"new UiSelector().textContains(\"This never appears\")...
14:07:27.801729 POST /session/b6037238-2dfb-4780-9d39-2244ce47b012/element [8.7665ms] ERR:404 body={"strategy":"-android uiautomator","selector":"new UiSelector().descriptionContains(\"This never app...
14:07:27.818993 POST /session/b6037238-2dfb-4780-9d39-2244ce47b012/element [17.200708ms] ERR:404 body={"strategy":"-android uiautomator","selector":"new UiSelector().textMatches(\"(?is).*\\QThis never a...
14:07:27.828668 POST /session/b6037238-2dfb-4780-9d39-2244ce47b012/element [9.616459ms] ERR:404 body={"strategy":"-android uiautomator","selector":"new UiSelector().descriptionMatches(\"(?is).*\\QThis ...
14:07:27.835521 POST /session/b6037238-2dfb-4780-9d39-2244ce47b012/element [6.789417ms] ERR:404 body={"strategy":"-android uiautomator","selector":"new UiSelector().textContains(\"This never appears\")...
14:07:27.843936 POST /session/b6037238-2dfb-4780-9d39-2244ce47b012/element [8.346542ms] ERR:404 body={"strategy":"-android uiautomator","selector":"new UiSelector().descriptionContains(\"This never app...
14:07:27.852510 POST /session/b6037238-2dfb-4780-9d39-2244ce47b012/element [8.512625ms] ERR:404 body={"strategy":"-android uiautomator","selector":"new UiSelector().textMatches(\"(?is).*\\QThis never a...
14:07:27.860861 POST /session/b6037238-2dfb-4780-9d39-2244ce47b012/element [8.286417ms] ERR:404 body={"strategy":"-android uiautomator","selector":"new UiSelector().descriptionMatches(\"(?is).*\\QThis ...
14:07:27.869297 POST /session/b6037238-2dfb-4780-9d39-2244ce47b012/element [8.369417ms] ERR:404 body={"strategy":"-android uiautomator","selector":"new UiSelector().textContains(\"This never appears\")...
14:07:27.876165 POST /session/b6037238-2dfb-4780-9d39-2244ce47b012/element [6.803333ms] ERR:404 body={"strategy":"-android uiautomator","selector":"new UiSelector().descriptionContains(\"This never app...
14:07:27.885345 POST /session/b6037238-2dfb-4780-9d39-2244ce47b012/element [9.124917ms] ERR:404 body={"strategy":"-android uiautomator","selector":"new UiSelector().textMatches(\"(?is).*\\QThis never a...
14:07:27.892761 POST /session/b6037238-2dfb-4780-9d39-2244ce47b012/element [7.363666ms] ERR:404 body={"strategy":"-android uiautomator","selector":"new UiSelector().descriptionMatches(\"(?is).*\\QThis ...
14:07:27.900678 POST /session/b6037238-2dfb-4780-9d39-2244ce47b012/element [7.86675ms] ERR:404 body={"strategy":"-android uiautomator","selector":"new UiSelector().textContains(\"This never appears\")...
14:07:27.911372 POST /session/b6037238-2dfb-4780-9d39-2244ce47b012/element [10.634542ms] ERR:404 body={"strategy":"-android uiautomator","selector":"new UiSelector().descriptionContains(\"This never app...
14:07:27.922270 POST /session/b6037238-2dfb-4780-9d39-2244ce47b012/element [10.844625ms] ERR:404 body={"strategy":"-android uiautomator","selector":"new UiSelector().textMatches(\"(?is).*\\QThis never a...
14:07:27.934447 POST /session/b6037238-2dfb-4780-9d39-2244ce47b012/element [12.120167ms] ERR:404 body={"strategy":"-android uiautomator","selector":"new UiSelector().descriptionMatches(\"(?is).*\\QThis ...
14:07:27.944219 POST /session/b6037238-2dfb-4780-9d39-2244ce47b012/element [9.712167ms] ERR:404 body={"strategy":"-android uiautomator","selector":"new UiSelector().textContains(\"This never appears\")...
14:07:27.954686 POST /session/b6037238-2dfb-4780-9d39-2244ce47b012/element [10.42175ms] ERR:404 body={"strategy":"-android uiautomator","selector":"new UiSelector().descriptionContains(\"This never app...
14:07:27.963552 POST /session/b6037238-2dfb-4780-9d39-2244ce47b012/element [8.823833ms] ERR:404 body={"strategy":"-android uiautomator","selector":"new UiSelector().textMatches(\"(?is).*\\QThis never a...
14:07:27.970913 POST /session/b6037238-2dfb-4780-9d39-2244ce47b012/element [7.316917ms] ERR:404 body={"strategy":"-android uiautomator","selector":"new UiSelector().descriptionMatches(\"(?is).*\\QThis ...
14:07:27.976482 POST /session/b6037238-2dfb-4780-9d39-2244ce47b012/element [5.529792ms] ERR:404 body={"strategy":"-android uiautomator","selector":"new UiSelector().textContains(\"This never appears\")...
14:07:27.985188 POST /session/b6037238-2dfb-4780-9d39-2244ce47b012/element [8.673959ms] ERR:404 body={"strategy":"-android uiautomator","selector":"new UiSelector().descriptionContains(\"This never app...
14:07:27.998499 POST /session/b6037238-2dfb-4780-9d39-2244ce47b012/element [13.267166ms] ERR:404 body={"strategy":"-android uiautomator","selector":"new UiSelector().textMatches(\"(?is).*\\QThis never a...
14:07:28.007348 POST /session/b6037238-2dfb-4780-9d39-2244ce47b012/element [8.798ms] ERR:404 body={"strategy":"-android uiautomator","selector":"new UiSelector().descriptionMatches(\"(?is).*\\QThis ...
14:07:28.015685 POST /session/b6037238-2dfb-4780-9d39-2244ce47b012/element [8.28475ms] ERR:404 body={"strategy":"-android uiautomator","selector":"new UiSelector().textContains(\"This never appears\")...
14:07:28.020546 POST /session/b6037238-2dfb-4780-9d39-2244ce47b012/element [4.814375ms] ERR:404 body={"strategy":"-android uiautomator","selector":"new UiSelector().descriptionContains(\"This never app...
14:07:28.029059 POST /session/b6037238-2dfb-4780-9d39-2244ce47b012/element [8.453334ms] ERR:404 body={"strategy":"-android uiautomator","selector":"new UiSelector().textMatches(\"(?is).*\\QThis never a...
14:07:28.038838 POST /session/b6037238-2dfb-4780-9d39-2244ce47b012/element [9.720042ms] ERR:404 body={"strategy":"-android uiautomator","selector":"new UiSelector().descriptionMatches(\"(?is).*\\QThis ...
14:07:28.047681 POST /session/b6037238-2dfb-4780-9d39-2244ce47b012/element [8.633166ms] ERR:404 body={"strategy":"-android uiautomator","selector":"new UiSelector().textContains(\"This never appears\")...
14:07:28.059047 POST /session/b6037238-2dfb-4780-9d39-2244ce47b012/element [11.304625ms] ERR:404 body={"strategy":"-android uiautomator","selector":"new UiSelector().descriptionContains(\"This never app...
14:07:28.068774 POST /session/b6037238-2dfb-4780-9d39-2244ce47b012/element [9.667708ms] ERR:404 body={"strategy":"-android uiautomator","selector":"new UiSelector().textMatches(\"(?is).*\\QThis never a...
14:07:28.079699 POST /session/b6037238-2dfb-4780-9d39-2244ce47b012/element [10.874375ms] ERR:404 body={"strategy":"-android uiautomator","selector":"new UiSelector().descriptionMatches(\"(?is).*\\QThis ...
14:07:28.085290 POST /session/b6037238-2dfb-4780-9d39-2244ce47b012/element [5.548084ms] ERR:404 body={"strategy":"-android uiautomator","selector":"new UiSelector().textContains(\"This never appears\")...
14:07:28.091877 POST /session/b6037238-2dfb-4780-9d39-2244ce47b012/element [6.547ms] ERR:404 body={"strategy":"-android uiautomator","selector":"new UiSelector().descriptionContains(\"This never app...
14:07:28.097920 POST /session/b6037238-2dfb-4780-9d39-2244ce47b012/element [6.013583ms] ERR:404 body={"strategy":"-android uiautomator","selector":"new UiSelector().textMatches(\"(?is).*\\QThis never a...
14:07:28.104887 POST /session/b6037238-2dfb-4780-9d39-2244ce47b012/element [6.932166ms] ERR:404 body={"strategy":"-android uiautomator","selector":"new UiSelector().descriptionMatches(\"(?is).*\\QThis ...
14:07:28.110424 POST /session/b6037238-2dfb-4780-9d39-2244ce47b012/element [5.4995ms] ERR:404 body={"strategy":"-android uiautomator","selector":"new UiSelector().textContains(\"This never appears\")...
14:07:28.116540 POST /session/b6037238-2dfb-4780-9d39-2244ce47b012/element [6.077459ms] ERR:404 body={"strategy":"-android uiautomator","selector":"new UiSelector().descriptionContains(\"This never app...
14:07:28.125112 POST /session/b6037238-2dfb-4780-9d39-2244ce47b012/element [8.522625ms] ERR:404 body={"strategy":"-android uiautomator","selector":"new UiSelector().textMatches(\"(?is).*\\QThis never a...
14:07:28.131935 POST /session/b6037238-2dfb-4780-9d39-2244ce47b012/element [6.783959ms] ERR:404 body={"strategy":"-android uiautomator","selector":"new UiSelector().descriptionMatches(\"(?is).*\\QThis ...
14:07:28.139442 POST /session/b6037238-2dfb-4780-9d39-2244ce47b012/element [7.462333ms] ERR:404 body={"strategy":"-android uiautomator","selector":"new UiSelector().textContains(\"This never appears\")...
14:07:28.147817 POST /session/b6037238-2dfb-4780-9d39-2244ce47b012/element [8.327292ms] ERR:404 body={"strategy":"-android uiautomator","selector":"new UiSelector().descriptionContains(\"This never app...
14:07:28.160149 POST /session/b6037238-2dfb-4780-9d39-2244ce47b012/element [12.277958ms] ERR:404 body={"strategy":"-android uiautomator","selector":"new UiSelector().textMatches(\"(?is).*\\QThis never a...
14:07:28.174196 POST /session/b6037238-2dfb-4780-9d39-2244ce47b012/element [13.990125ms] ERR:404 body={"strategy":"-android uiautomator","selector":"new UiSelector().descriptionMatches(\"(?is).*\\QThis ...
14:07:28.183724 POST /session/b6037238-2dfb-4780-9d39-2244ce47b012/element [9.478291ms] ERR:404 body={"strategy":"-android uiautomator","selector":"new UiSelector().textContains(\"This never appears\")...
14:07:28.193663 POST /session/b6037238-2dfb-4780-9d39-2244ce47b012/element [9.896625ms] ERR:404 body={"strategy":"-android uiautomator","selector":"new UiSelector().descriptionContains(\"This never app...
14:07:28.203646 POST /session/b6037238-2dfb-4780-9d39-2244ce47b012/element [9.934042ms] ERR:404 body={"strategy":"-android uiautomator","selector":"new UiSelector().textMatches(\"(?is).*\\QThis never a...
14:07:28.212415 POST /session/b6037238-2dfb-4780-9d39-2244ce47b012/element [8.724583ms] ERR:404 body={"strategy":"-android uiautomator","selector":"new UiSelector().descriptionMatches(\"(?is).*\\QThis ...
14:07:28.221752 POST /session/b6037238-2dfb-4780-9d39-2244ce47b012/element [9.284291ms] ERR:404 body={"strategy":"-android uiautomator","selector":"new UiSelector().textContains(\"This never appears\")...
14:07:28.229976 POST /session/b6037238-2dfb-4780-9d39-2244ce47b012/element [8.168958ms] ERR:404 body={"strategy":"-android uiautomator","selector":"new UiSelector().descriptionContains(\"This never app...
14:07:28.239292 POST /session/b6037238-2dfb-4780-9d39-2244ce47b012/element [9.265375ms] ERR:404 body={"strategy":"-android uiautomator","selector":"new UiSelector().textMatches(\"(?is).*\\QThis never a...
14:07:28.247583 POST /session/b6037238-2dfb-4780-9d39-2244ce47b012/element [8.246375ms] ERR:404 body={"strategy":"-android uiautomator","selector":"new UiSelector().descriptionMatches(\"(?is).*\\QThis ...
14:07:28.258821 POST /session/b6037238-2dfb-4780-9d39-2244ce47b012/element [11.200292ms] ERR:404 body={"strategy":"-android uiautomator","selector":"new UiSelector().textContains(\"This never appears\")...
14:07:28.266404 POST /session/b6037238-2dfb-4780-9d39-2244ce47b012/element [7.525792ms] ERR:404 body={"strategy":"-android uiautomator","selector":"new UiSelector().descriptionContains(\"This never app...
14:07:28.275688 POST /session/b6037238-2dfb-4780-9d39-2244ce47b012/element [9.230041ms] ERR:404 body={"strategy":"-android uiautomator","selector":"new UiSelector().textMatches(\"(?is).*\\QThis never a...
14:07:28.282489 POST /session/b6037238-2dfb-4780-9d39-2244ce47b012/element [6.754959ms] ERR:404 body={"strategy":"-android uiautomator","selector":"new UiSelector().descriptionMatches(\"(?is).*\\QThis ...
14:07:28.289340 POST /session/b6037238-2dfb-4780-9d39-2244ce47b012/element [6.804125ms] ERR:404 body={"strategy":"-android uiautomator","selector":"new UiSelector().textContains(\"This never appears\")...
14:07:28.296753 POST /session/b6037238-2dfb-4780-9d39-2244ce47b012/element [7.371625ms] ERR:404 body={"strategy":"-android uiautomator","selector":"new UiSelector().descriptionContains(\"This never app...
14:07:28.304154 POST /session/b6037238-2dfb-4780-9d39-2244ce47b012/element [7.363959ms] ERR:404 body={"strategy":"-android uiautomator","selector":"new UiSelector().textMatches(\"(?is).*\\QThis never a...
14:07:28.309676 POST /session/b6037238-2dfb-4780-9d39-2244ce47b012/element [5.486833ms] ERR:404 body={"strategy":"-android uiautomator","selector":"new UiSelector().descriptionMatches(\"(?is).*\\QThis ...
14:07:28.323516 POST /session/b6037238-2dfb-4780-9d39-2244ce47b012/element [13.787542ms] ERR:404 body={"strategy":"-android uiautomator","selector":"new UiSelector().textContains(\"This never appears\")...
14:07:28.336045 POST /session/b6037238-2dfb-4780-9d39-2244ce47b012/element [12.465333ms] ERR:404 body={"strategy":"-android uiautomator","selector":"new UiSelector().descriptionContains(\"This never app...
14:07:28.343865 POST /session/b6037238-2dfb-4780-9d39-2244ce47b012/element [7.757542ms] ERR:404 body={"strategy":"-android uiautomator","selector":"new UiSelector().textMatches(\"(?is).*\\QThis never a...
14:07:28.357346 POST /session/b6037238-2dfb-4780-9d39-2244ce47b012/element [13.42175ms] ERR:404 body={"strategy":"-android uiautomator","selector":"new UiSelector().descriptionMatches(\"(?is).*\\QThis ...
14:07:28.364473 POST /session/b6037238-2dfb-4780-9d39-2244ce47b012/element [7.051041ms] ERR:404 body={"strategy":"-android uiautomator","selector":"new UiSelector().textContains(\"This never appears\")...
14:07:28.374366 POST /session/b6037238-2dfb-4780-9d39-2244ce47b012/element [9.832125ms] ERR:404 body={"strategy":"-android uiautomator","selector":"new UiSelector().descriptionContains(\"This never app...
14:07:28.386978 POST /session/b6037238-2dfb-4780-9d39-2244ce47b012/element [12.539459ms] ERR:404 body={"strategy":"-android uiautomator","selector":"new UiSelector().textMatches(\"(?is).*\\QThis never a...
14:07:28.394780 POST /session/b6037238-2dfb-4780-9d39-2244ce47b012/element [7.740417ms] ERR:404 body={"strategy":"-android uiautomator","selector":"new UiSelector().descriptionMatches(\"(?is).*\\QThis ...
14:07:28.404868 POST /session/b6037238-2dfb-4780-9d39-2244ce47b012/element [10.026208ms] ERR:404 body={"strategy":"-android uiautomator","selector":"new UiSelector().textContains(\"This never appears\")...
14:07:28.411928 POST /session/b6037238-2dfb-4780-9d39-2244ce47b012/element [7.00625ms] ERR:404 body={"strategy":"-android uiautomator","selector":"new UiSelector().descriptionContains(\"This never app...
14:07:28.417814 POST /session/b6037238-2dfb-4780-9d39-2244ce47b012/element [5.825334ms] ERR:404 body={"strategy":"-android uiautomator","selector":"new UiSelector().textMatches(\"(?is).*\\QThis never a...
14:07:28.437709 POST /session/b6037238-2dfb-4780-9d39-2244ce47b012/element [19.829916ms] ERR:404 body={"strategy":"-android uiautomator","selector":"new UiSelector().descriptionMatches(\"(?is).*\\QThis ...
14:07:28.456286 POST /session/b6037238-2dfb-4780-9d39-2244ce47b012/element [18.520792ms] ERR:404 body={"strategy":"-android uiautomator","selector":"new UiSelector().textContains(\"This never appears\")...
14:07:28.464194 POST /session/b6037238-2dfb-4780-9d39-2244ce47b012/element [7.842875ms] ERR:404 body={"strategy":"-android uiautomator","selector":"new UiSelector().descriptionContains(\"This never app...
14:07:28.474800 POST /session/b6037238-2dfb-4780-9d39-2244ce47b012/element [10.547375ms] ERR:404 body={"strategy":"-android uiautomator","selector":"new UiSelector().textMatches(\"(?is).*\\QThis never a...
14:07:28.485963 POST /session/b6037238-2dfb-4780-9d39-2244ce47b012/element [11.098625ms] ERR:404 body={"strategy":"-android uiautomator","selector":"new UiSelector().descriptionMatches(\"(?is).*\\QThis ...
14:07:28.494515 POST /session/b6037238-2dfb-4780-9d39-2244ce47b012/element [8.502166ms] ERR:404 body={"strategy":"-android uiautomator","selector":"new UiSelector().textContains(\"This never appears\")...
14:07:28.507220 POST /session/b6037238-2dfb-4780-9d39-2244ce47b012/element [12.652791ms] ERR:404 body={"strategy":"-android uiautomator","selector":"new UiSelector().descriptionContains(\"This never app...
14:07:28.516415 POST /session/b6037238-2dfb-4780-9d39-2244ce47b012/element [9.145708ms] ERR:404 body={"strategy":"-android uiautomator","selector":"new UiSelector().textMatches(\"(?is).*\\QThis never a...
14:07:28.525525 POST /session/b6037238-2dfb-4780-9d39-2244ce47b012/element [9.060875ms] ERR:404 body={"strategy":"-android uiautomator","selector":"new UiSelector().descriptionMatches(\"(?is).*\\QThis ...
14:07:28.534604 POST /session/b6037238-2dfb-4780-9d39-2244ce47b012/element [9.023125ms] ERR:404 body={"strategy":"-android uiautomator","selector":"new UiSelector().textContains(\"This never appears\")...
14:07:28.545677 POST /session/b6037238-2dfb-4780-9d39-2244ce47b012/element [11.029792ms] ERR:404 body={"strategy":"-android uiautomator","selector":"new UiSelector().descriptionContains(\"This never app...
14:07:28.554090 POST /session/b6037238-2dfb-4780-9d39-2244ce47b012/element [8.360625ms] ERR:404 body={"strategy":"-android uiautomator","selector":"new UiSelector().textMatches(\"(?is).*\\QThis never a...
14:07:28.561374 POST /session/b6037238-2dfb-4780-9d39-2244ce47b012/element [7.2435ms] ERR:404 body={"strategy":"-android uiautomator","selector":"new UiSelector().descriptionMatches(\"(?is).*\\QThis ...
14:07:28.569255 POST /session/b6037238-2dfb-4780-9d39-2244ce47b012/element [7.84225ms] ERR:404 body={"strategy":"-android uiautomator","selector":"new UiSelector().textContains(\"This never appears\")...
14:07:28.579662 POST /session/b6037238-2dfb-4780-9d39-2244ce47b012/element [10.3485ms] ERR:404 body={"strategy":"-android uiautomator","selector":"new UiSelector().descriptionContains(\"This never app...
14:07:28.589567 POST /session/b6037238-2dfb-4780-9d39-2244ce47b012/element [9.8605ms] ERR:404 body={"strategy":"-android uiautomator","selector":"new UiSelector().textMatches(\"(?is).*\\QThis never a...
14:07:28.602906 POST /session/b6037238-2dfb-4780-9d39-2244ce47b012/element [13.287166ms] ERR:404 body={"strategy":"-android uiautomator","selector":"new UiSelector().descriptionMatches(\"(?is).*\\QThis ...
14:07:28.615251 POST /session/b6037238-2dfb-4780-9d39-2244ce47b012/element [12.294917ms] ERR:404 body={"strategy":"-android uiautomator","selector":"new UiSelector().textContains(\"This never appears\")...
14:07:28.623731 POST /session/b6037238-2dfb-4780-9d39-2244ce47b012/element [8.428625ms] ERR:404 body={"strategy":"-android uiautomator","selector":"new UiSelector().descriptionContains(\"This never app...
14:07:28.631325 POST /session/b6037238-2dfb-4780-9d39-2244ce47b012/element [7.546958ms] ERR:404 body={"strategy":"-android uiautomator","selector":"new UiSelector().textMatches(\"(?is).*\\QThis never a...
14:07:28.640096 POST /session/b6037238-2dfb-4780-9d39-2244ce47b012/element [8.714291ms] ERR:404 body={"strategy":"-android uiautomator","selector":"new UiSelector().descriptionMatches(\"(?is).*\\QThis ...
14:07:28.648209 POST /session/b6037238-2dfb-4780-9d39-2244ce47b012/element [8.060375ms] ERR:404 body={"strategy":"-android uiautomator","selector":"new UiSelector().textContains(\"This never appears\")...
14:07:28.656836 POST /session/b6037238-2dfb-4780-9d39-2244ce47b012/element [8.570625ms] ERR:404 body={"strategy":"-android uiautomator","selector":"new UiSelector().descriptionContains(\"This never app...
14:07:28.666641 POST /session/b6037238-2dfb-4780-9d39-2244ce47b012/element [9.746292ms] ERR:404 body={"strategy":"-android uiautomator","selector":"new UiSelector().textMatches(\"(?is).*\\QThis never a...
14:07:28.676649 POST /session/b6037238-2dfb-4780-9d39-2244ce47b012/element [9.90225ms] ERR:404 body={"strategy":"-android uiautomator","selector":"new UiSelector().descriptionMatches(\"(?is).*\\QThis ...
14:07:28.685841 POST /session/b6037238-2dfb-4780-9d39-2244ce47b012/element [9.145333ms] ERR:404 body={"strategy":"-android uiautomator","selector":"new UiSelector().textContains(\"This never appears\")...
14:07:28.691357 POST /session/b6037238-2dfb-4780-9d39-2244ce47b012/element [5.464375ms] ERR:404 body={"strategy":"-android uiautomator","selector":"new UiSelector().descriptionContains(\"This never app...
14:07:28.698797 POST /session/b6037238-2dfb-4780-9d39-2244ce47b012/element [7.381041ms] ERR:404 body={"strategy":"-android uiautomator","selector":"new UiSelector().textMatches(\"(?is).*\\QThis never a...
14:07:28.705959 POST /session/b6037238-2dfb-4780-9d39-2244ce47b012/element [7.111666ms] ERR:404 body={"strategy":"-android uiautomator","selector":"new UiSelector().descriptionMatches(\"(?is).*\\QThis ...
14:07:28.713250 POST /session/b6037238-2dfb-4780-9d39-2244ce47b012/element [7.223ms] ERR:404 body={"strategy":"-android uiautomator","selector":"new UiSelector().textContains(\"This never appears\")...
14:07:28.724621 POST /session/b6037238-2dfb-4780-9d39-2244ce47b012/element [11.323583ms] ERR:404 body={"strategy":"-android uiautomator","selector":"new UiSelector().descriptionContains(\"This never app...
14:07:28.738442 POST /session/b6037238-2dfb-4780-9d39-2244ce47b012/element [13.77125ms] ERR:404 body={"strategy":"-android uiautomator","selector":"new UiSelector().textMatches(\"(?is).*\\QThis never a...
14:07:28.748748 POST /session/b6037238-2dfb-4780-9d39-2244ce47b012/element [10.257709ms] ERR:404 body={"strategy":"-android uiautomator","selector":"new UiSelector().descriptionMatches(\"(?is).*\\QThis ...
14:07:28.754619 POST /session/b6037238-2dfb-4780-9d39-2244ce47b012/element [5.811041ms] ERR:404 body={"strategy":"-android uiautomator","selector":"new UiSelector().textContains(\"This never appears\")...
14:07:28.781360 POST /session/b6037238-2dfb-4780-9d39-2244ce47b012/element [26.663417ms] ERR:404 body={"strategy":"-android uiautomator","selector":"new UiSelector().descriptionContains(\"This never app...
14:07:28.799173 POST /session/b6037238-2dfb-4780-9d39-2244ce47b012/element [17.749458ms] ERR:404 body={"strategy":"-android uiautomator","selector":"new UiSelector().textMatches(\"(?is).*\\QThis never a...
14:07:28.813009 POST /session/b6037238-2dfb-4780-9d39-2244ce47b012/element [13.770708ms] ERR:404 body={"strategy":"-android uiautomator","selector":"new UiSelector().descriptionMatches(\"(?is).*\\QThis ...
14:07:28.854879 POST /session/b6037238-2dfb-4780-9d39-2244ce47b012/element [41.800542ms] ERR:404 body={"strategy":"-android uiautomator","selector":"new UiSelector().textContains(\"This never appears\")...
14:07:28.865691 POST /session/b6037238-2dfb-4780-9d39-2244ce47b012/element [10.719625ms] ERR:404 body={"strategy":"-android uiautomator","selector":"new UiSelector().descriptionContains(\"This never app...
14:07:28.878954 POST /session/b6037238-2dfb-4780-9d39-2244ce47b012/element [13.166666ms] ERR:404 body={"strategy":"-android uiautomator","selector":"new UiSelector().textMatches(\"(?is).*\\QThis never a...
14:07:28.891202 POST /session/b6037238-2dfb-4780-9d39-2244ce47b012/element [12.010667ms] ERR:404 body={"strategy":"-android uiautomator","selector":"new UiSelector().descriptionMatches(\"(?is).*\\QThis ...
14:07:28.937000 GET /session/b6037238-2dfb-4780-9d39-2244ce47b012/source [45.464292ms] OK body=
14:07:29.082855 GET /session/b6037238-2dfb-4780-9d39-2244ce47b012/screenshot [144.489416ms] OK body=
14:07:29.104026 GET /session/b6037238-2dfb-4780-9d39-2244ce47b012/source [20.589792ms] OK body=
14:07:29.113568 DELETE /session/b6037238-2dfb-4780-9d39-2244ce47b012 [1.745917ms] OK body=
