14:08:46.438142 POST /session [20.552958ms] OK body={"capabilities":{"platformName":"Android","deviceName":"sdk_gphone64_arm64"}}
14:08:46.446862 POST /session/bc763643-8652-4d35-ba30-986d1fb87677/appium/settings [8.57ms] OK body={"settings":{"enableMultiWindows":true,"waitForIdleTimeout":200}}
14:08:46.454015 POST /session/bc763643-8652-4d35-ba30-986d1fb87677/appium/settings [7.100542ms] OK body={"settings":{"implicitWait":100}}
14:08:46.573672 GET /session/bc763643-8652-4d35-ba30-986d1fb87677/appium/device/info [75.167291ms] OK body=
14:08:46.628511 POST /session/bc763643-8652-4d35-ba30-986d1fb87677/appium/settings [47.6395ms] OK body={"settings":{"waitForIdleTimeout":200}}
14:08:50.841507 POST /session/bc763643-8652-4d35-ba30-986d1fb87677/appium/device/launch_app [70.173917ms] OK body={"appId":"com.kylebrowning.landmarks"}
14:08:54.461848 POST /session/bc763643-8652-4d35-ba30-986d1fb87677/element [2.610550958s] ERR:404 body={"strategy":"-android uiautomator","selector":"new UiSelector().textContains(\"No landmarks yet\")"}
14:08:54.952954 POST /session/bc763643-8652-4d35-ba30-986d1fb87677/element [490.96375ms] ERR:404 body={"strategy":"-android uiautomator","selector":"new UiSelector().descriptionContains(\"No landmarks y...
14:08:55.000619 POST /session/bc763643-8652-4d35-ba30-986d1fb87677/element [47.562916ms] ERR:404 body={"strategy":"-android uiautomator","selector":"new UiSelector().textMatches(\"(?is).*\\QNo landmarks...
14:08:55.097830 POST /session/bc763643-8652-4d35-ba30-986d1fb87677/element [97.102125ms] ERR:404 body={"strategy":"-android uiautomator","selector":"new UiSelector().descriptionMatches(\"(?is).*\\QNo la...
14:08:55.236618 GET /session/bc763643-8652-4d35-ba30-986d1fb87677/source [136.491417ms] OK body=
14:08:55.312410 POST /session/bc763643-8652-4d35-ba30-986d1fb87677/element [62.978375ms] ERR:404 body={"strategy":"-android uiautomator","selector":"new UiSelector().textContains(\"No landmarks yet\")"}
14:08:55.395367 POST /session/bc763643-8652-4d35-ba30-986d1fb87677/element [82.859375ms] ERR:404 body={"strategy":"-android uiautomator","selector":"new UiSelector().descriptionContains(\"No landmarks y...
14:08:55.511935 POST /session/bc763643-8652-4d35-ba30-986d1fb87677/element [116.445791ms] ERR:404 body={"strategy":"-android uiautomator","selector":"new UiSelector().textMatches(\"(?is).*\\QNo landmarks...
14:08:55.570363 POST /session/bc763643-8652-4d35-ba30-986d1fb87677/element [58.272ms] ERR:404 body={"strategy":"-android uiautomator","selector":"new UiSelector().descriptionMatches(\"(?is).*\\QNo la...
14:08:55.700595 POST /session/bc763643-8652-4d35-ba30-986d1fb87677/element [130.068167ms] ERR:404 body={"strategy":"-android uiautomator","selector":"new UiSelector().textContains(\"No landmarks yet\")"}
14:08:55.798012 POST /session/bc763643-8652-4d35-ba30-986d1fb87677/element [97.291208ms] ERR:404 body={"strategy":"-android uiautomator","selector":"new UiSelector().descriptionContains(\"No landmarks y...
14:08:56.012390 POST /session/bc763643-8652-4d35-ba30-986d1fb87677/element [214.278125ms] ERR:404 body={"strategy":"-android uiautomator","selector":"new UiSelector().textMatches(\"(?is).*\\QNo landmarks...
14:08:56.073531 POST /session/bc763643-8652-4d35-ba30-986d1fb87677/element [61.083083ms] ERR:404 body={"strategy":"-android uiautomator","selector":"new UiSelector().descriptionMatches(\"(?is).*\\QNo la...
14:08:56.126690 POST /session/bc763643-8652-4d35-ba30-986d1fb87677/element [53.1055ms] ERR:404 body={"strategy":"-android uiautomator","selector":"new UiSelector().textContains(\"No landmarks yet\")"}
14:08:56.186603 POST /session/bc763643-8652-4d35-ba30-986d1fb87677/element [59.806375ms] ERR:404 body={"strategy":"-android uiautomator","selector":"new UiSelector().descriptionContains(\"No landmarks y...
14:08:56.247676 POST /session/bc763643-8652-4d35-ba30-986d1fb87677/element [60.353292ms] ERR:404 body={"strategy":"-android uiautomator","selector":"new UiSelector().textMatches(\"(?is).*\\QNo landmarks...
14:08:56.283941 POST /session/bc763643-8652-4d35-ba30-986d1fb87677/element [34.857208ms] ERR:404 body={"strategy":"-android uiautomator","selector":"new UiSelector().descriptionMatches(\"(?is).*\\QNo la...
14:08:56.326244 GET /session/bc763643-8652-4d35-ba30-986d1fb87677/source [41.875625ms] OK body=
14:08:56.392276 POST /session/bc763643-8652-4d35-ba30-986d1fb87677/element [65.052584ms] ERR:404 body={"strategy":"-android uiautomator","selector":"new UiSelector().textContains(\"No landmarks yet\")"}
14:08:56.439469 POST /session/bc763643-8652-4d35-ba30-986d1fb87677/element [47.102459ms] ERR:404 body={"strategy":"-android uiautomator","selector":"new UiSelector().descriptionContains(\"No landmarks y...
14:08:56.467267 POST /session/bc763643-8652-4d35-ba30-986d1fb87677/element [27.723083ms] ERR:404 body={"strategy":"-android uiautomator","selector":"new UiSelector().textMatches(\"(?is).*\\QNo landmarks...
14:08:56.485351 POST /session/bc763643-8652-4d35-ba30-986d1fb87677/element [18.028042ms] ERR:404 body={"strategy":"-android uiautomator","selector":"new UiSelector().descriptionMatches(\"(?is).*\\QNo la...
14:08:56.493554 POST /session/bc763643-8652-4d35-ba30-986d1fb87677/element [8.130875ms] ERR:404 body={"strategy":"-android uiautomator","selector":"new UiSelector().textContains(\"No landmarks yet\")"}
14:08:56.508294 POST /session/bc763643-8652-4d35-ba30-986d1fb87677/element [14.584083ms] ERR:404 body={"strategy":"-android uiautomator","selector":"new UiSelector().descriptionContains(\"No landmarks y...
14:08:56.525968 POST /session/bc763643-8652-4d35-ba30-986d1fb87677/element [17.548583ms] ERR:404 body={"strategy":"-android uiautomator","selector":"new UiSelector().textMatches(\"(?is).*\\QNo landmarks...
14:08:56.558064 POST /session/bc763643-8652-4d35-ba30-986d1fb87677/element [32.028833ms] ERR:404 body={"strategy":"-android uiautomator","selector":"new UiSelector().descriptionMatches(\"(?is).*\\QNo la...
14:08:56.574776 POST /session/bc763643-8652-4d35-ba30-986d1fb87677/element [16.6465ms] ERR:404 body={"strategy":"-android uiautomator","selector":"new UiSelector().textContains(\"No landmarks yet\")"}
14:08:56.611969 POST /session/bc763643-8652-4d35-ba30-986d1fb87677/element [37.106334ms] ERR:404 body={"strategy":"-android uiautomator","selector":"new UiSelector().descriptionContains(\"No landmarks y...
14:08:56.630096 POST /session/bc763643-8652-4d35-ba30-986d1fb87677/element [18.008ms] ERR:404 body={"strategy":"-android uiautomator","selector":"new UiSelector().textMatches(\"(?is).*\\QNo landmarks...
14:08:56.658624 POST /session/bc763643-8652-4d35-ba30-986d1fb87677/element [28.422625ms] ERR:404 body={"strategy":"-android uiautomator","selector":"new UiSelector().descriptionMatches(\"(?is).*\\QNo la...
14:08:56.694675 POST /session/bc763643-8652-4d35-ba30-986d1fb87677/element [35.754958ms] ERR:404 body={"strategy":"-android uiautomator","selector":"new UiSelector().textContains(\"No landmarks yet\")"}
14:08:56.732819 POST /session/bc763643-8652-4d35-ba30-986d1fb87677/element [37.978042ms] ERR:404 body={"strategy":"-android uiautomator","selector":"new UiSelector().descriptionContains(\"No landmarks y...
14:08:56.754035 POST /session/bc763643-8652-4d35-ba30-986d1fb87677/element [20.974334ms] ERR:404 body={"strategy":"-android uiautomator","selector":"new UiSelector().textMatches(\"(?is).*\\QNo landmarks...
14:08:56.788785 POST /session/bc763643-8652-4d35-ba30-986d1fb87677/element [34.643292ms] ERR:404 body={"strategy":"-android uiautomator","selector":"new UiSelector().descriptionMatches(\"(?is).*\\QNo la...
14:08:56.853590 POST /session/bc763643-8652-4d35-ba30-986d1fb87677/element [64.701375ms] ERR:404 body={"strategy":"-android uiautomator","selector":"new UiSelector().textContains(\"No landmarks yet\")"}
14:08:56.877269 POST /session/bc763643-8652-4d35-ba30-986d1fb87677/element [23.570333ms] ERR:404 body={"strategy":"-android uiautomator","selector":"new UiSelector().descriptionContains(\"No landmarks y...
14:08:56.916659 POST /session/bc763643-8652-4d35-ba30-986d1fb87677/element [39.309875ms] ERR:404 body={"strategy":"-android uiautomator","selector":"new UiSelector().textMatches(\"(?is).*\\QNo landmarks...
14:08:57.021007 POST /session/bc763643-8652-4d35-ba30-986d1fb87677/element [104.171666ms] ERR:404 body={"strategy":"-android uiautomator","selector":"new UiSelector().descriptionMatches(\"(?is).*\\QNo la...
14:08:57.075275 POST /session/bc763643-8652-4d35-ba30-986d1fb87677/element [54.202083ms] ERR:404 body={"strategy":"-android uiautomator","selector":"new UiSelector().textContains(\"No landmarks yet\")"}
14:08:57.103227 POST /session/bc763643-8652-4d35-ba30-986d1fb87677/element [27.865375ms] ERR:404 body={"strategy":"-android uiautomator","selector":"new UiSelector().descriptionContains(\"No landmarks y...
14:08:57.122866 POST /session/bc763643-8652-4d35-ba30-986d1fb87677/element [19.5645ms] ERR:404 body={"strategy":"-android uiautomator","selector":"new UiSelector().textMatches(\"(?is).*\\QNo landmarks...
14:08:57.162683 POST /session/bc763643-8652-4d35-ba30-986d1fb87677/element [39.741084ms] ERR:404 body={"strategy":"-android uiautomator","selector":"new UiSelector().descriptionMatches(\"(?is).*\\QNo la...
14:08:57.189011 POST /session/bc763643-8652-4d35-ba30-986d1fb87677/element [26.228ms] ERR:404 body={"strategy":"-android uiautomator","selector":"new UiSelector().textContains(\"No landmarks yet\")"}
14:08:57.197764 POST /session/bc763643-8652-4d35-ba30-986d1fb87677/element [8.689875ms] ERR:404 body={"strategy":"-android uiautomator","selector":"new UiSelector().descriptionContains(\"No landmarks y...
14:08:57.213132 POST /session/bc763643-8652-4d35-ba30-986d1fb87677/element [15.294916ms] ERR:404 body={"strategy":"-android uiautomator","selector":"new UiSelector().textMatches(\"(?is).*\\QNo landmarks...
14:08:57.232164 POST /session/bc763643-8652-4d35-ba30-986d1fb87677/element [18.93425ms] ERR:404 body={"strategy":"-android uiautomator","selector":"new UiSelector().descriptionMatches(\"(?is).*\\QNo la...
14:08:57.270953 POST /session/bc763643-8652-4d35-ba30-986d1fb87677/element [38.721375ms] ERR:404 body={"strategy":"-android uiautomator","selector":"new UiSelector().textContains(\"No landmarks yet\")"}
14:08:57.287733 POST /session/bc763643-8652-4d35-ba30-986d1fb87677/element [16.188375ms] ERR:404 body={"strategy":"-android uiautomator","selector":"new UiSelector().descriptionContains(\"No landmarks y...
14:08:57.321174 POST /session/bc763643-8652-4d35-ba30-986d1fb87677/element [33.367083ms] ERR:404 body={"strategy":"-android uiautomator","selector":"new UiSelector().textMatches(\"(?is).*\\QNo landmarks...
14:08:57.357653 POST /session/bc763643-8652-4d35-ba30-986d1fb87677/element [36.334417ms] ERR:404 body={"strategy":"-android uiautomator","selector":"new UiSelector().descriptionMatches(\"(?is).*\\QNo la...
14:08:57.386943 GET /session/bc763643-8652-4d35-ba30-986d1fb87677/source [29.069ms] OK body=
14:08:57.439784 POST /session/bc763643-8652-4d35-ba30-986d1fb87677/element [52.004333ms] ERR:404 body={"strategy":"-android uiautomator","selector":"new UiSelector().textContains(\"No landmarks yet\")"}
14:08:57.464014 POST /session/bc763643-8652-4d35-ba30-986d1fb87677/element [24.124917ms] ERR:404 body={"strategy":"-android uiautomator","selector":"new UiSelector().descriptionContains(\"No landmarks y...
14:08:57.477573 POST /session/bc763643-8652-4d35-ba30-986d1fb87677/element [13.476625ms] ERR:404 body={"strategy":"-android uiautomator","selector":"new UiSelector().textMatches(\"(?is).*\\QNo landmarks...
14:08:57.489375 POST /session/bc763643-8652-4d35-ba30-986d1fb87677/element [11.731583ms] ERR:404 body={"strategy":"-android uiautomator","selector":"new UiSelector().descriptionMatches(\"(?is).*\\QNo la...
14:08:57.503307 POST /session/bc763643-8652-4d35-ba30-986d1fb87677/element [13.856375ms] ERR:404 body={"strategy":"-android uiautomator","selector":"new UiSelector().textContains(\"No landmarks yet\")"}
14:08:57.513067 POST /session/bc763643-8652-4d35-ba30-986d1fb87677/element [9.6915ms] ERR:404 body={"strategy":"-android uiautomator","selector":"new UiSelector().descriptionContains(\"No landmarks y...
14:08:57.552617 POST /session/bc763643-8652-4d35-ba30-986d1fb87677/element [39.451958ms] ERR:404 body={"strategy":"-android uiautomator","selector":"new UiSelector().textMatches(\"(?is).*\\QNo landmarks...
14:08:57.566681 POST /session/bc763643-8652-4d35-ba30-986d1fb87677/element [13.958ms] ERR:404 body={"strategy":"-android uiautomator","selector":"new UiSelector().descriptionMatches(\"(?is).*\\QNo la...
14:08:57.596377 POST /session/bc763643-8652-4d35-ba30-986d1fb87677/element [29.626584ms] ERR:404 body={"strategy":"-android uiautomator","selector":"new UiSelector().textContains(\"No landmarks yet\")"}
14:08:57.620306 POST /session/bc763643-8652-4d35-ba30-986d1fb87677/element [23.835417ms] ERR:404 body={"strategy":"-android uiautomator","selector":"new UiSelector().descriptionContains(\"No landmarks y...
14:08:57.641870 POST /session/bc763643-8652-4d35-ba30-986d1fb87677/element [21.490084ms] ERR:404 body={"strategy":"-android uiautomator","selector":"new UiSelector().textMatches(\"(?is).*\\QNo landmarks...
14:08:57.659923 POST /session/bc763643-8652-4d35-ba30-986d1fb87677/element [17.765958ms] ERR:404 body={"strategy":"-android uiautomator","selector":"new UiSelector().descriptionMatches(\"(?is).*\\QNo la...
14:08:57.681427 POST /session/bc763643-8652-4d35-ba30-986d1fb87677/element [21.416458ms] ERR:404 body={"strategy":"-android uiautomator","selector":"new UiSelector().textContains(\"No landmarks yet\")"}
14:08:57.699033 POST /session/bc763643-8652-4d35-ba30-986d1fb87677/element [17.527291ms] ERR:404 body={"strategy":"-android uiautomator","selector":"new UiSelector().descriptionContains(\"No landmarks y...
14:08:57.721004 POST /session/bc763643-8652-4d35-ba30-986d1fb87677/element [21.903541ms] ERR:404 body={"strategy":"-android uiautomator","selector":"new UiSelector().textMatches(\"(?is).*\\QNo landmarks...
14:08:57.729878 POST /session/bc763643-8652-4d35-ba30-986d1fb87677/element [8.797416ms] ERR:404 body={"strategy":"-android uiautomator","selector":"new UiSelector().descriptionMatches(\"(?is).*\\QNo la...
14:08:57.738888 POST /session/bc763643-8652-4d35-ba30-986d1fb87677/element [8.949417ms] ERR:404 body={"strategy":"-android uiautomator","selector":"new UiSelector().textContains(\"No landmarks yet\")"}
14:08:57.760982 POST /session/bc763643-8652-4d35-ba30-986d1fb87677/element [22.001375ms] ERR:404 body={"strategy":"-android uiautomator","selector":"new UiSelector().descriptionContains(\"No landmarks y...
14:08:57.779253 POST /session/bc763643-8652-4d35-ba30-986d1fb87677/element [18.187167ms] ERR:404 body={"strategy":"-android uiautomator","selector":"new UiSelector().textMatches(\"(?is).*\\QNo landmarks...
14:08:57.788111 POST /session/bc763643-8652-4d35-ba30-986d1fb87677/element [8.728417ms] ERR:404 body={"strategy":"-android uiautomator","selector":"new UiSelector().descriptionMatches(\"(?is).*\\QNo la...
14:08:57.807234 POST /session/bc763643-8652-4d35-ba30-986d1fb87677/element [19.046333ms] ERR:404 body={"strategy":"-android uiautomator","selector":"new UiSelector().textContains(\"No landmarks yet\")"}
14:08:57.816232 POST /session/bc763643-8652-4d35-ba30-986d1fb87677/element [8.926958ms] ERR:404 body={"strategy":"-android uiautomator","selector":"new UiSelector().descriptionContains(\"No landmarks y...
14:08:57.863975 POST /session/bc763643-8652-4d35-ba30-986d1fb87677/element [47.655958ms] ERR:404 body={"strategy":"-android uiautomator","selector":"new UiSelector().textMatches(\"(?is).*\\QNo landmarks...
14:08:57.895633 POST /session/bc763643-8652-4d35-ba30-986d1fb87677/element [31.560375ms] ERR:404 body={"strategy":"-android uiautomator","selector":"new UiSelector().descriptionMatches(\"(?is).*\\QNo la...
14:08:57.927976 POST /session/bc763643-8652-4d35-ba30-986d1fb87677/element [32.189125ms] ERR:404 body={"strategy":"-android uiautomator","selector":"new UiSelector().textContains(\"No landmarks yet\")"}
14:08:57.947997 POST /session/bc763643-8652-4d35-ba30-986d1fb87677/element [19.950041ms] ERR:404 body={"strategy":"-android uiautomator","selector":"new UiSelector().descriptionContains(\"No landmarks y...
14:08:57.976744 POST /session/bc763643-8652-4d35-ba30-986d1fb87677/element [28.24725ms] ERR:404 body={"strategy":"-android uiautomator","selector":"new UiSelector().textMatches(\"(?is).*\\QNo landmarks...
14:08:57.994700 POST /session/bc763643-8652-4d35-ba30-986d1fb87677/element [17.548458ms] ERR:404 body={"strategy":"-android uiautomator","selector":"new UiSelector().descriptionMatches(\"(?is).*\\QNo la...
14:08:58.007836 POST /session/bc763643-8652-4d35-ba30-986d1fb87677/element [13.030875ms] ERR:404 body={"strategy":"-android uiautomator","selector":"new UiSelector().textContains(\"No landmarks yet\")"}
14:08:58.030942 POST /session/bc763643-8652-4d35-ba30-986d1fb87677/element [22.991333ms] ERR:404 body={"strategy":"-android uiautomator","selector":"new UiSelector().descriptionContains(\"No landmarks y...
14:08:58.040919 POST /session/bc763643-8652-4d35-ba30-986d1fb87677/element [9.912542ms] ERR:404 body={"strategy":"-android uiautomator","selector":"new UiSelector().textMatches(\"(?is).*\\QNo landmarks...
14:08:58.052125 POST /session/bc763643-8652-4d35-ba30-986d1fb87677/element [11.140084ms] ERR:404 body={"strategy":"-android uiautomator","selector":"new UiSelector().descriptionMatches(\"(?is).*\\QNo la...
14:08:58.075435 POST /session/bc763643-8652-4d35-ba30-986d1fb87677/element [22.83625ms] ERR:404 body={"strategy":"-android uiautomator","selector":"new UiSelector().textContains(\"No landmarks yet\")"}
14:08:58.108994 POST /session/bc763643-8652-4d35-ba30-986d1fb87677/element [33.200916ms] ERR:404 body={"strategy":"-android uiautomator","selector":"new UiSelector().descriptionContains(\"No landmarks y...
14:08:58.121448 POST /session/bc763643-8652-4d35-ba30-986d1fb87677/element [12.358125ms] ERR:404 body={"strategy":"-android uiautomator","selector":"new UiSelector().textMatches(\"(?is).*\\QNo landmarks...
14:08:58.146714 POST /session/bc763643-8652-4d35-ba30-986d1fb87677/element [25.183917ms] ERR:404 body={"strategy":"-android uiautomator","selector":"new UiSelector().descriptionMatches(\"(?is).*\\QNo la...
14:08:58.163072 POST /session/bc763643-8652-4d35-ba30-986d1fb87677/element [16.271375ms] ERR:404 body={"strategy":"-android uiautomator","selector":"new UiSelector().textContains(\"No landmarks yet\")"}
14:08:58.244198 POST /session/bc763643-8652-4d35-ba30-986d1fb87677/element [81.056417ms] ERR:404 body={"strategy":"-android uiautomator","selector":"new UiSelector().descriptionContains(\"No landmarks y...
14:08:58.310396 POST /session/bc763643-8652-4d35-ba30-986d1fb87677/element [66.10825ms] ERR:404 body={"strategy":"-android uiautomator","selector":"new UiSelector().textMatches(\"(?is).*\\QNo landmarks...
14:08:58.435152 POST /session/bc763643-8652-4d35-ba30-986d1fb87677/element [124.670875ms] ERR:404 body={"strategy":"-android uiautomator","selector":"new UiSelector().descriptionMatches(\"(?is).*\\QNo la...
14:08:58.507728 GET /session/bc763643-8652-4d35-ba30-986d1fb87677/source [70.519333ms] OK body=
14:08:58.564373 POST /session/bc763643-8652-4d35-ba30-986d1fb87677/element [54.746875ms] ERR:404 body={"strategy":"-android uiautomator","selector":"new UiSelector().textContains(\"No landmarks yet\")"}
14:08:58.574938 POST /session/bc763643-8652-4d35-ba30-986d1fb87677/element [10.089417ms] ERR:404 body={"strategy":"-android uiautomator","selector":"new UiSelector().descriptionContains(\"No landmarks y...
14:08:58.600060 POST /session/bc763643-8652-4d35-ba30-986d1fb87677/element [25.054625ms] ERR:404 body={"strategy":"-android uiautomator","selector":"new UiSelector().textMatches(\"(?is).*\\QNo landmarks...
14:08:58.611844 POST /session/bc763643-8652-4d35-ba30-986d1fb87677/element [11.72425ms] ERR:404 body={"strategy":"-android uiautomator","selector":"new UiSelector().descriptionMatches(\"(?is).*\\QNo la...
14:08:58.629718 POST /session/bc763643-8652-4d35-ba30-986d1fb87677/element [17.804833ms] ERR:404 body={"strategy":"-android uiautomator","selector":"new UiSelector().textContains(\"No landmarks yet\")"}
14:08:58.638816 POST /session/bc763643-8652-4d35-ba30-986d1fb87677/element [9.030291ms] ERR:404 body={"strategy":"-android uiautomator","selector":"new UiSelector().descriptionContains(\"No landmarks y...
14:08:58.658918 POST /session/bc763643-8652-4d35-ba30-986d1fb87677/element [19.940792ms] ERR:404 body={"strategy":"-android uiautomator","selector":"new UiSelector().textMatches(\"(?is).*\\QNo landmarks...
14:08:58.691765 POST /session/bc763643-8652-4d35-ba30-986d1fb87677/element [32.683209ms] ERR:404 body={"strategy":"-android uiautomator","selector":"new UiSelector().descriptionMatches(\"(?is).*\\QNo la...
14:08:58.715292 POST /session/bc763643-8652-4d35-ba30-986d1fb87677/element [23.333667ms] ERR:404 body={"strategy":"-android uiautomator","selector":"new UiSelector().textContains(\"No landmarks yet\")"}
14:08:58.758897 POST /session/bc763643-8652-4d35-ba30-986d1fb87677/element [43.533042ms] ERR:404 body={"strategy":"-android uiautomator","selector":"new UiSelector().descriptionContains(\"No landmarks y...
14:08:58.803409 POST /session/bc763643-8652-4d35-ba30-986d1fb87677/element [44.452791ms] ERR:404 body={"strategy":"-android uiautomator","selector":"new UiSelector().textMatches(\"(?is).*\\QNo landmarks...
14:08:58.839656 POST /session/bc763643-8652-4d35-ba30-986d1fb87677/element [36.169458ms] ERR:404 body={"strategy":"-android uiautomator","selector":"new UiSelector().descriptionMatches(\"(?is).*\\QNo la...
14:08:58.860742 POST /session/bc763643-8652-4d35-ba30-986d1fb87677/element [20.969166ms] ERR:404 body={"strategy":"-android uiautomator","selector":"new UiSelector().textContains(\"No landmarks yet\")"}
14:08:58.869499 POST /session/bc763643-8652-4d35-ba30-986d1fb87677/element [8.65ms] ERR:404 body={"strategy":"-android uiautomator","selector":"new UiSelector().descriptionContains(\"No landmarks y...
14:08:58.878061 POST /session/bc763643-8652-4d35-ba30-986d1fb87677/element [8.505ms] ERR:404 body={"strategy":"-android uiautomator","selector":"new UiSelector().textMatches(\"(?is).*\\QNo landmarks...
14:08:58.904581 POST /session/bc763643-8652-4d35-ba30-986d1fb87677/element [26.450708ms] ERR:404 body={"strategy":"-android uiautomator","selector":"new UiSelector().descriptionMatches(\"(?is).*\\QNo la...
14:08:58.912212 POST /session/bc763643-8652-4d35-ba30-986d1fb87677/element [7.556208ms] ERR:404 body={"strategy":"-android uiautomator","selector":"new UiSelector().textContains(\"No landmarks yet\")"}
14:08:58.923597 POST /session/bc763643-8652-4d35-ba30-986d1fb87677/element [11.305583ms] ERR:404 body={"strategy":"-android uiautomator","selector":"new UiSelector().descriptionContains(\"No landmarks y...
14:08:58.938699 POST /session/bc763643-8652-4d35-ba30-986d1fb87677/element [15.023834ms] ERR:404 body={"strategy":"-android uiautomator","selector":"new UiSelector().textMatches(\"(?is).*\\QNo landmarks...
14:08:58.949936 POST /session/bc763643-8652-4d35-ba30-986d1fb87677/element [11.135334ms] ERR:404 body={"strategy":"-android uiautomator","selector":"new UiSelector().descriptionMatches(\"(?is).*\\QNo la...
14:08:58.958348 POST /session/bc763643-8652-4d35-ba30-986d1fb87677/element [8.321125ms] ERR:404 body={"strategy":"-android uiautomator","selector":"new UiSelector().textContains(\"No landmarks yet\")"}
14:08:58.990264 POST /session/bc763643-8652-4d35-ba30-986d1fb87677/element [31.830875ms] ERR:404 body={"strategy":"-android uiautomator","selector":"new UiSelector().descriptionContains(\"No landmarks y...
14:08:59.015176 POST /session/bc763643-8652-4d35-ba30-986d1fb87677/element [24.676709ms] ERR:404 body={"strategy":"-android uiautomator","selector":"new UiSelector().textMatches(\"(?is).*\\QNo landmarks...
14:08:59.028594 POST /session/bc763643-8652-4d35-ba30-986d1fb87677/element [13.264916ms] ERR:404 body={"strategy":"-android uiautomator","selector":"new UiSelector().descriptionMatches(\"(?is).*\\QNo la...
14:08:59.055028 POST /session/bc763643-8652-4d35-ba30-986d1fb87677/element [26.302792ms] ERR:404 body={"strategy":"-android uiautomator","selector":"new UiSelector().textContains(\"No landmarks yet\")"}
14:08:59.088692 POST /session/bc763643-8652-4d35-ba30-986d1fb87677/element [33.592833ms] ERR:404 body={"strategy":"-android uiautomator","selector":"new UiSelector().descriptionContains(\"No landmarks y...
14:08:59.097533 POST /session/bc763643-8652-4d35-ba30-986d1fb87677/element [8.756ms] ERR:404 body={"strategy":"-android uiautomator","selector":"new UiSelector().textMatches(\"(?is).*\\QNo landmarks...
14:08:59.107052 POST /session/bc763643-8652-4d35-ba30-986d1fb87677/element [9.260917ms] ERR:404 body={"strategy":"-android uiautomator","selector":"new UiSelector().descriptionMatches(\"(?is).*\\QNo la...
14:08:59.131541 POST /session/bc763643-8652-4d35-ba30-986d1fb87677/element [24.383542ms] ERR:404 body={"strategy":"-android uiautomator","selector":"new UiSelector().textContains(\"No landmarks yet\")"}
14:08:59.166426 POST /session/bc763643-8652-4d35-ba30-986d1fb87677/element [34.782625ms] ERR:404 body={"strategy":"-android uiautomator","selector":"new UiSelector().descriptionContains(\"No landmarks y...
14:08:59.208445 POST /session/bc763643-8652-4d35-ba30-986d1fb87677/element [41.876584ms] ERR:404 body={"strategy":"-android uiautomator","selector":"new UiSelector().textMatches(\"(?is).*\\QNo landmarks...
14:08:59.240616 POST /session/bc763643-8652-4d35-ba30-986d1fb87677/element [32.079209ms] ERR:404 body={"strategy":"-android uiautomator","selector":"new UiSelector().descriptionMatches(\"(?is).*\\QNo la...
14:08:59.260628 POST /session/bc763643-8652-4d35-ba30-986d1fb87677/element [19.9355ms] ERR:404 body={"strategy":"-android uiautomator","selector":"new UiSelector().textContains(\"No landmarks yet\")"}
14:08:59.371263 POST /session/bc763643-8652-4d35-ba30-986d1fb87677/element [110.50875ms] ERR:404 body={"strategy":"-android uiautomator","selector":"new UiSelector().descriptionContains(\"No landmarks y...
14:08:59.392288 POST /session/bc763643-8652-4d35-ba30-986d1fb87677/element [20.404333ms] ERR:404 body={"strategy":"-android uiautomator","selector":"new UiSelector().textMatches(\"(?is).*\\QNo landmarks...
14:08:59.421400 POST /session/bc763643-8652-4d35-ba30-986d1fb87677/element [28.943208ms] ERR:404 body={"strategy":"-android uiautomator","selector":"new UiSelector().descriptionMatches(\"(?is).*\\QNo la...
14:08:59.453051 POST /session/bc763643-8652-4d35-ba30-986d1fb87677/element [31.600417ms] ERR:404 body={"strategy":"-android uiautomator","selector":"new UiSelector().textContains(\"No landmarks yet\")"}
14:08:59.480914 POST /session/bc763643-8652-4d35-ba30-986d1fb87677/element [27.787209ms] ERR:404 body={"strategy":"-android uiautomator","selector":"new UiSelector().descriptionContains(\"No landmarks y...
14:08:59.507429 POST /session/bc763643-8652-4d35-ba30-986d1fb87677/element [26.404625ms] ERR:404 body={"strategy":"-android uiautomator","selector":"new UiSelector().textMatches(\"(?is).*\\QNo landmarks...
14:08:59.539029 POST /session/bc763643-8652-4d35-ba30-986d1fb87677/element [31.517083ms] ERR:404 body={"strategy":"-android uiautomator","selector":"new UiSelector().descriptionMatches(\"(?is).*\\QNo la...
14:08:59.568732 GET /session/bc763643-8652-4d35-ba30-986d1fb87677/source [29.318041ms] OK body=
14:08:59.583024 POST /session/bc763643-8652-4d35-ba30-986d1fb87677/element [13.215125ms] ERR:404 body={"strategy":"-android uiautomator","selector":"new UiSelector().textContains(\"No landmarks yet\")"}
14:08:59.614431 POST /session/bc763643-8652-4d35-ba30-986d1fb87677/element [31.267583ms] ERR:404 body={"strategy":"-android uiautomator","selector":"new UiSelector().descriptionContains(\"No landmarks y...
14:08:59.629352 POST /session/bc763643-8652-4d35-ba30-986d1fb87677/element [14.851334ms] ERR:404 body={"strategy":"-android uiautomator","selector":"new UiSelector().textMatches(\"(?is).*\\QNo landmarks...
14:08:59.645096 POST /session/bc763643-8652-4d35-ba30-986d1fb87677/element [15.639292ms] ERR:404 body={"strategy":"-android uiautomator","selector":"new UiSelector().descriptionMatches(\"(?is).*\\QNo la...
14:08:59.666878 POST /session/bc763643-8652-4d35-ba30-986d1fb87677/element [21.681458ms] ERR:404 body={"strategy":"-android uiautomator","selector":"new UiSelector().textContains(\"No landmarks yet\")"}
14:08:59.674759 POST /session/bc763643-8652-4d35-ba30-986d1fb87677/element [7.719459ms] ERR:404 body={"strategy":"-android uiautomator","selector":"new UiSelector().descriptionContains(\"No landmarks y...
14:08:59.685184 POST /session/bc763643-8652-4d35-ba30-986d1fb87677/element [10.304334ms] ERR:404 body={"strategy":"-android uiautomator","selector":"new UiSelector().textMatches(\"(?is).*\\QNo landmarks...
14:08:59.694668 POST /session/bc763643-8652-4d35-ba30-986d1fb87677/element [9.393167ms] ERR:404 body={"strategy":"-android uiautomator","selector":"new UiSelector().descriptionMatches(\"(?is).*\\QNo la...
14:08:59.705062 POST /session/bc763643-8652-4d35-ba30-986d1fb87677/element [10.32275ms] ERR:404 body={"strategy":"-android uiautomator","selector":"new UiSelector().textContains(\"No landmarks yet\")"}
14:08:59.711209 POST /session/bc763643-8652-4d35-ba30-986d1fb87677/element [6.062833ms] ERR:404 body={"strategy":"-android uiautomator","selector":"new UiSelector().descriptionContains(\"No landmarks y...
14:08:59.726497 POST /session/bc763643-8652-4d35-ba30-986d1fb87677/element [15.221875ms] ERR:404 body={"strategy":"-android uiautomator","selector":"new UiSelector().textMatches(\"(?is).*\\QNo landmarks...
14:08:59.762324 POST /session/bc763643-8652-4d35-ba30-986d1fb87677/element [35.684458ms] ERR:404 body={"strategy":"-android uiautomator","selector":"new UiSelector().descriptionMatches(\"(?is).*\\QNo la...
14:08:59.797655 POST /session/bc763643-8652-4d35-ba30-986d1fb87677/element [35.254625ms] ERR:404 body={"strategy":"-android uiautomator","selector":"new UiSelector().textContains(\"No landmarks yet\")"}
14:08:59.814701 POST /session/bc763643-8652-4d35-ba30-986d1fb87677/element [16.968542ms] ERR:404 body={"strategy":"-android uiautomator","selector":"new UiSelector().descriptionContains(\"No landmarks y...
14:08:59.841558 POST /session/bc763643-8652-4d35-ba30-986d1fb87677/element [26.764708ms] ERR:404 body={"strategy":"-android uiautomator","selector":"new UiSelector().textMatches(\"(?is).*\\QNo landmarks...
14:08:59.876609 POST /session/bc763643-8652-4d35-ba30-986d1fb87677/element [34.959458ms] ERR:404 body={"strategy":"-android uiautomator","selector":"new UiSelector().descriptionMatches(\"(?is).*\\QNo la...
14:08:59.899352 POST /session/bc763643-8652-4d35-ba30-986d1fb87677/element [22.646375ms] ERR:404 body={"strategy":"-android uiautomator","selector":"new UiSelector().textContains(\"No landmarks yet\")"}
14:08:59.907645 POST /session/bc763643-8652-4d35-ba30-986d1fb87677/element [8.202583ms] ERR:404 body={"strategy":"-android uiautomator","selector":"new UiSelector().descriptionContains(\"No landmarks y...
14:08:59.941654 POST /session/bc763643-8652-4d35-ba30-986d1fb87677/element [33.931167ms] ERR:404 body={"strategy":"-android uiautomator","selector":"new UiSelector().textMatches(\"(?is).*\\QNo landmarks...
14:08:59.972985 POST /session/bc763643-8652-4d35-ba30-986d1fb87677/element [31.204458ms] ERR:404 body={"strategy":"-android uiautomator","selector":"new UiSelector().descriptionMatches(\"(?is).*\\QNo la...
14:08:59.989060 POST /session/bc763643-8652-4d35-ba30-986d1fb87677/element [15.977584ms] ERR:404 body={"strategy":"-android uiautomator","selector":"new UiSelector().textContains(\"No landmarks yet\")"}
14:09:00.002085 POST /session/bc763643-8652-4d35-ba30-986d1fb87677/element [12.942ms] ERR:404 body={"strategy":"-android uiautomator","selector":"new UiSelector().descriptionContains(\"No landmarks y...
14:09:00.045299 POST /session/bc763643-8652-4d35-ba30-986d1fb87677/element [43.062709ms] ERR:404 body={"strategy":"-android uiautomator","selector":"new UiSelector().textMatches(\"(?is).*\\QNo landmarks...
14:09:00.075177 POST /session/bc763643-8652-4d35-ba30-986d1fb87677/element [29.736625ms] ERR:404 body={"strategy":"-android uiautomator","selector":"new UiSelector().descriptionMatches(\"(?is).*\\QNo la...
14:09:00.091092 POST /session/bc763643-8652-4d35-ba30-986d1fb87677/element [15.6795ms] ERR:404 body={"strategy":"-android uiautomator","selector":"new UiSelector().textContains(\"No landmarks yet\")"}
14:09:00.100500 POST /session/bc763643-8652-4d35-ba30-986d1fb87677/element [8.887584ms] ERR:404 body={"strategy":"-android uiautomator","selector":"new UiSelector().descriptionContains(\"No landmarks y...
14:09:00.136782 POST /session/bc763643-8652-4d35-ba30-986d1fb87677/element [36.200875ms] ERR:404 body={"strategy":"-android uiautomator","selector":"new UiSelector().textMatches(\"(?is).*\\QNo landmarks...
14:09:00.160289 POST /session/bc763643-8652-4d35-ba30-986d1fb87677/element [23.400708ms] ERR:404 body={"strategy":"-android uiautomator","selector":"new UiSelector().descriptionMatches(\"(?is).*\\QNo la...
14:09:00.191092 POST /session/bc763643-8652-4d35-ba30-986d1fb87677/element [30.437375ms] ERR:404 body={"strategy":"-android uiautomator","selector":"new UiSelector().textContains(\"No landmarks yet\")"}
14:09:00.220369 POST /session/bc763643-8652-4d35-ba30-986d1fb87677/element [29.139792ms] ERR:404 body={"strategy":"-android uiautomator","selector":"new UiSelector().descriptionContains(\"No landmarks y...
14:09:00.239775 POST /session/bc763643-8652-4d35-ba30-986d1fb87677/element [19.33075ms] ERR:404 body={"strategy":"-android uiautomator","selector":"new UiSelector().textMatches(\"(?is).*\\QNo landmarks...
14:09:00.254786 POST /session/bc763643-8652-4d35-ba30-986d1fb87677/element [14.924792ms] ERR:404 body={"strategy":"-android uiautomator","selector":"new UiSelector().descriptionMatches(\"(?is).*\\QNo la...
14:09:00.278458 POST /session/bc763643-8652-4d35-ba30-986d1fb87677/element [23.527083ms] ERR:404 body={"strategy":"-android uiautomator","selector":"new UiSelector().textContains(\"No landmarks yet\")"}
14:09:00.303340 POST /session/bc763643-8652-4d35-ba30-986d1fb87677/element [24.797542ms] ERR:404 body={"strategy":"-android uiautomator","selector":"new UiSelector().descriptionContains(\"No landmarks y...
14:09:00.320598 POST /session/bc763643-8652-4d35-ba30-986d1fb87677/element [17.148541ms] ERR:404 body={"strategy":"-android uiautomator","selector":"new UiSelector().textMatches(\"(?is).*\\QNo landmarks...
14:09:00.332240 POST /session/bc763643-8652-4d35-ba30-986d1fb87677/element [11.578708ms] ERR:404 body={"strategy":"-android uiautomator","selector":"new UiSelector().descriptionMatches(\"(?is).*\\QNo la...
14:09:00.357377 POST /session/bc763643-8652-4d35-ba30-986d1fb87677/element [25.026417ms] ERR:404 body={"strategy":"-android uiautomator","selector":"new UiSelector().textContains(\"No landmarks yet\")"}
14:09:00.373643 POST /session/bc763643-8652-4d35-ba30-986d1fb87677/element [16.187917ms] ERR:404 body={"strategy":"-android uiautomator","selector":"new UiSelector().descriptionContains(\"No landmarks y...
14:09:00.394159 POST /session/bc763643-8652-4d35-ba30-986d1fb87677/element [20.434541ms] ERR:404 body={"strategy":"-android uiautomator","selector":"new UiSelector().textMatches(\"(?is).*\\QNo landmarks...
14:09:00.412233 POST /session/bc763643-8652-4d35-ba30-986d1fb87677/element [17.992833ms] ERR:404 body={"strategy":"-android uiautomator","selector":"new UiSelector().descriptionMatches(\"(?is).*\\QNo la...
14:09:00.435190 POST /session/bc763643-8652-4d35-ba30-986d1fb87677/element [22.8665ms] ERR:404 body={"strategy":"-android uiautomator","selector":"new UiSelector().textContains(\"No landmarks yet\")"}
14:09:00.454521 POST /session/bc763643-8652-4d35-ba30-986d1fb87677/element [19.272625ms] ERR:404 body={"strategy":"-android uiautomator","selector":"new UiSelector().descriptionContains(\"No landmarks y...
14:09:00.466654 POST /session/bc763643-8652-4d35-ba30-986d1fb87677/element [11.947209ms] ERR:404 body={"strategy":"-android uiautomator","selector":"new UiSelector().textMatches(\"(?is).*\\QNo landmarks...
14:09:00.510650 POST /session/bc763643-8652-4d35-ba30-986d1fb87677/element [43.900291ms] ERR:404 body={"strategy":"-android uiautomator","selector":"new UiSelector().descriptionMatches(\"(?is).*\\QNo la...
14:09:00.540114 POST /session/bc763643-8652-4d35-ba30-986d1fb87677/element [29.379708ms] ERR:404 body={"strategy":"-android uiautomator","selector":"new UiSelector().textContains(\"No landmarks yet\")"}
14:09:00.618889 POST /session/bc763643-8652-4d35-ba30-986d1fb87677/element [78.675875ms] ERR:404 body={"strategy":"-android uiautomator","selector":"new UiSelector().descriptionContains(\"No landmarks y...
14:09:00.658951 POST /session/bc763643-8652-4d35-ba30-986d1fb87677/element [39.928667ms] ERR:404 body={"strategy":"-android uiautomator","selector":"new UiSelector().textMatches(\"(?is).*\\QNo landmarks...
14:09:00.674189 POST /session/bc763643-8652-4d35-ba30-986d1fb87677/element [15.15425ms] ERR:404 body={"strategy":"-android uiautomator","selector":"new UiSelector().descriptionMatches(\"(?is).*\\QNo la...
14:09:00.699299 GET /session/bc763643-8652-4d35-ba30-986d1fb87677/source [24.750333ms] OK body=
14:09:00.726505 POST /session/bc763643-8652-4d35-ba30-986d1fb87677/element [26.320583ms] ERR:404 body={"strategy":"-android uiautomator","selector":"new UiSelector().textContains(\"No landmarks yet\")"}
14:09:00.734265 POST /session/bc763643-8652-4d35-ba30-986d1fb87677/element [7.674542ms] ERR:404 body={"strategy":"-android uiautomator","selector":"new UiSelector().descriptionContains(\"No landmarks y...
14:09:00.747007 POST /session/bc763643-8652-4d35-ba30-986d1fb87677/element [12.681875ms] ERR:404 body={"strategy":"-android uiautomator","selector":"new UiSelector().textMatches(\"(?is).*\\QNo landmarks...
14:09:00.757780 POST /session/bc763643-8652-4d35-ba30-986d1fb87677/element [10.687375ms] ERR:404 body={"strategy":"-android uiautomator","selector":"new UiSelector().descriptionMatches(\"(?is).*\\QNo la...
14:09:00.774966 POST /session/bc763643-8652-4d35-ba30-986d1fb87677/element [17.061917ms] ERR:404 body={"strategy":"-android uiautomator","selector":"new UiSelector().textContains(\"No landmarks yet\")"}
14:09:00.808678 POST /session/bc763643-8652-4d35-ba30-986d1fb87677/element [33.564083ms] ERR:404 body={"strategy":"-android uiautomator","selector":"new UiSelector().descriptionContains(\"No landmarks y...
14:09:00.817087 POST /session/bc763643-8652-4d35-ba30-986d1fb87677/element [8.296208ms] ERR:404 body={"strategy":"-android uiautomator","selector":"new UiSelector().textMatches(\"(?is).*\\QNo landmarks...
14:09:00.833060 POST /session/bc763643-8652-4d35-ba30-986d1fb87677/element [15.885709ms] ERR:404 body={"strategy":"-android uiautomator","selector":"new UiSelector().descriptionMatches(\"(?is).*\\QNo la...
14:09:00.843420 POST /session/bc763643-8652-4d35-ba30-986d1fb87677/element [10.25625ms] ERR:404 body={"strategy":"-android uiautomator","selector":"new UiSelector().textContains(\"No landmarks yet\")"}
14:09:00.855043 POST /session/bc763643-8652-4d35-ba30-986d1fb87677/element [11.5185ms] ERR:404 body={"strategy":"-android uiautomator","selector":"new UiSelector().descriptionContains(\"No landmarks y...
14:09:00.867013 POST /session/bc763643-8652-4d35-ba30-986d1fb87677/element [11.887084ms] ERR:404 body={"strategy":"-android uiautomator","selector":"new UiSelector().textMatches(\"(?is).*\\QNo landmarks...
14:09:00.877527 POST /session/bc763643-8652-4d35-ba30-986d1fb87677/element [10.201917ms] ERR:404 body={"strategy":"-android uiautomator","selector":"new UiSelector().descriptionMatches(\"(?is).*\\QNo la...
14:09:00.891010 POST /session/bc763643-8652-4d35-ba30-986d1fb87677/element [13.208375ms] ERR:404 body={"strategy":"-android uiautomator","selector":"new UiSelector().textContains(\"No landmarks yet\")"}
14:09:00.910783 POST /session/bc763643-8652-4d35-ba30-986d1fb87677/element [19.66425ms] ERR:404 body={"strategy":"-android uiautomator","selector":"new UiSelector().descriptionContains(\"No landmarks y...
14:09:00.922596 POST /session/bc763643-8652-4d35-ba30-986d1fb87677/element [11.717042ms] ERR:404 body={"strategy":"-android uiautomator","selector":"new UiSelector().textMatches(\"(?is).*\\QNo landmarks...
14:09:00.930569 POST /session/bc763643-8652-4d35-ba30-986d1fb87677/element [7.899542ms] ERR:404 body={"strategy":"-android uiautomator","selector":"new UiSelector().descriptionMatches(\"(?is).*\\QNo la...
14:09:00.937916 POST /session/bc763643-8652-4d35-ba30-986d1fb87677/element [7.283875ms] ERR:404 body={"strategy":"-android uiautomator","selector":"new UiSelector().textContains(\"No landmarks yet\")"}
14:09:00.949459 POST /session/bc763643-8652-4d35-ba30-986d1fb87677/element [11.47425ms] ERR:404 body={"strategy":"-android uiautomator","selector":"new UiSelector().descriptionContains(\"No landmarks y...
14:09:00.975203 POST /session/bc763643-8652-4d35-ba30-986d1fb87677/element [25.633542ms] ERR:404 body={"strategy":"-android uiautomator","selector":"new UiSelector().textMatches(\"(?is).*\\QNo landmarks...
14:09:01.036740 POST /session/bc763643-8652-4d35-ba30-986d1fb87677/element [61.486167ms] ERR:404 body={"strategy":"-android uiautomator","selector":"new UiSelector().descriptionMatches(\"(?is).*\\QNo la...
14:09:01.047648 POST /session/bc763643-8652-4d35-ba30-986d1fb87677/element [10.835875ms] ERR:404 body={"strategy":"-android uiautomator","selector":"new UiSelector().textContains(\"No landmarks yet\")"}
14:09:01.076628 POST /session/bc763643-8652-4d35-ba30-986d1fb87677/element [28.865917ms] ERR:404 body={"strategy":"-android uiautomator","selector":"new UiSelector().descriptionContains(\"No landmarks y...
14:09:01.110910 POST /session/bc763643-8652-4d35-ba30-986d1fb87677/element [34.216625ms] ERR:404 body={"strategy":"-android uiautomator","selector":"new UiSelector().textMatches(\"(?is).*\\QNo landmarks...
14:09:01.126751 POST /session/bc763643-8652-4d35-ba30-986d1fb87677/element [15.747959ms] ERR:404 body={"strategy":"-android uiautomator","selector":"new UiSelector().descriptionMatches(\"(?is).*\\QNo la...
14:09:01.146215 POST /session/bc763643-8652-4d35-ba30-986d1fb87677/element [19.326375ms] ERR:404 body={"strategy":"-android uiautomator","selector":"new UiSelector().textContains(\"No landmarks yet\")"}
14:09:01.168611 POST /session/bc763643-8652-4d35-ba30-986d1fb87677/element [22.322666ms] ERR:404 body={"strategy":"-android uiautomator","selector":"new UiSelector().descriptionContains(\"No landmarks y...
14:09:01.191726 POST /session/bc763643-8652-4d35-ba30-986d1fb87677/element [23.023417ms] ERR:404 body={"strategy":"-android uiautomator","selector":"new UiSelector().textMatches(\"(?is).*\\QNo landmarks...
14:09:01.216595 POST /session/bc763643-8652-4d35-ba30-986d1fb87677/element [24.758083ms] ERR:404 body={"strategy":"-android uiautomator","selector":"new UiSelector().descriptionMatches(\"(?is).*\\QNo la...
14:09:01.225400 POST /session/bc763643-8652-4d35-ba30-986d1fb87677/element [8.743791ms] ERR:404 body={"strategy":"-android uiautomator","selector":"new UiSelector().textContains(\"No landmarks yet\")"}
14:09:01.251067 POST /session/bc763643-8652-4d35-ba30-986d1fb87677/element [25.548666ms] ERR:404 body={"strategy":"-android uiautomator","selector":"new UiSelector().descriptionContains(\"No landmarks y...
14:09:01.266404 POST /session/bc763643-8652-4d35-ba30-986d1fb87677/element [15.204583ms] ERR:404 body={"strategy":"-android uiautomator","selector":"new UiSelector().textMatches(\"(?is).*\\QNo landmarks...
14:09:01.295214 POST /session/bc763643-8652-4d35-ba30-986d1fb87677/element [28.701458ms] ERR:404 body={"strategy":"-android uiautomator","selector":"new UiSelector().descriptionMatches(\"(?is).*\\QNo la...
14:09:01.314871 POST /session/bc763643-8652-4d35-ba30-986d1fb87677/element [19.5955ms] ERR:404 body={"strategy":"-android uiautomator","selector":"new UiSelector().textContains(\"No landmarks yet\")"}
14:09:01.335433 POST /session/bc763643-8652-4d35-ba30-986d1fb87677/element [20.462083ms] ERR:404 body={"strategy":"-android uiautomator","selector":"new UiSelector().descriptionContains(\"No landmarks y...
14:09:01.368773 POST /session/bc763643-8652-4d35-ba30-986d1fb87677/element [33.2535ms] ERR:404 body={"strategy":"-android uiautomator","selector":"new UiSelector().textMatches(\"(?is).*\\QNo landmarks...
14:09:01.391364 POST /session/bc763643-8652-4d35-ba30-986d1fb87677/element [22.520666ms] ERR:404 body={"strategy":"-android uiautomator","selector":"new UiSelector().descriptionMatches(\"(?is).*\\QNo la...
14:09:01.397756 POST /session/bc763643-8652-4d35-ba30-986d1fb87677/element [6.296791ms] ERR:404 body={"strategy":"-android uiautomator","selector":"new UiSelector().textContains(\"No landmarks yet\")"}
14:09:01.403183 POST /session/bc763643-8652-4d35-ba30-986d1fb87677/element [5.355291ms] ERR:404 body={"strategy":"-android uiautomator","selector":"new UiSelector().descriptionContains(\"No landmarks y...
14:09:01.421125 POST /session/bc763643-8652-4d35-ba30-986d1fb87677/element [17.790125ms] ERR:404 body={"strategy":"-android uiautomator","selector":"new UiSelector().textMatches(\"(?is).*\\QNo landmarks...
14:09:01.438921 POST /session/bc763643-8652-4d35-ba30-986d1fb87677/element [17.714208ms] ERR:404 body={"strategy":"-android uiautomator","selector":"new UiSelector().descriptionMatches(\"(?is).*\\QNo la...
14:09:01.446909 POST /session/bc763643-8652-4d35-ba30-986d1fb87677/element [7.898375ms] ERR:404 body={"strategy":"-android uiautomator","selector":"new UiSelector().textContains(\"No landmarks yet\")"}
14:09:01.465438 POST /session/bc763643-8652-4d35-ba30-986d1fb87677/element [18.461459ms] ERR:404 body={"strategy":"-android uiautomator","selector":"new UiSelector().descriptionContains(\"No landmarks y...
14:09:01.486906 POST /session/bc763643-8652-4d35-ba30-986d1fb87677/element [21.384708ms] ERR:404 body={"strategy":"-android uiautomator","selector":"new UiSelector().textMatches(\"(?is).*\\QNo landmarks...
14:09:01.497238 POST /session/bc763643-8652-4d35-ba30-986d1fb87677/element [10.226541ms] ERR:404 body={"strategy":"-android uiautomator","selector":"new UiSelector().descriptionMatches(\"(?is).*\\QNo la...
14:09:01.516015 POST /session/bc763643-8652-4d35-ba30-986d1fb87677/element [18.446709ms] ERR:404 body={"strategy":"-android uiautomator","selector":"new UiSelector().textContains(\"No landmarks yet\")"}
14:09:01.533284 POST /session/bc763643-8652-4d35-ba30-986d1fb87677/element [17.137917ms] ERR:404 body={"strategy":"-android uiautomator","selector":"new UiSelector().descriptionContains(\"No landmarks y...
14:09:01.545899 POST /session/bc763643-8652-4d35-ba30-986d1fb87677/element [12.540084ms] ERR:404 body={"strategy":"-android uiautomator","selector":"new UiSelector().textMatches(\"(?is).*\\QNo landmarks...
14:09:01.568454 POST /session/bc763643-8652-4d35-ba30-986d1fb87677/element [22.425042ms] ERR:404 body={"strategy":"-android uiautomator","selector":"new UiSelector().descriptionMatches(\"(?is).*\\QNo la...
14:09:01.575904 POST /session/bc763643-8652-4d35-ba30-986d1fb87677/element [7.343042ms] ERR:404 body={"strategy":"-android uiautomator","selector":"new UiSelector().textContains(\"No landmarks yet\")"}
14:09:01.606954 POST /session/bc763643-8652-4d35-ba30-986d1fb87677/element [30.909458ms] ERR:404 body={"strategy":"-android uiautomator","selector":"new UiSelector().descriptionContains(\"No landmarks y...
14:09:01.645784 POST /session/bc763643-8652-4d35-ba30-986d1fb87677/element [38.724583ms] ERR:404 body={"strategy":"-android uiautomator","selector":"new UiSelector().textMatches(\"(?is).*\\QNo landmarks...
14:09:01.654228 POST /session/bc763643-8652-4d35-ba30-986d1fb87677/element [8.355375ms] ERR:404 body={"strategy":"-android uiautomator","selector":"new UiSelector().descriptionMatches(\"(?is).*\\QNo la...
14:09:01.662194 POST /session/bc763643-8652-4d35-ba30-986d1fb87677/element [7.88ms] ERR:404 body={"strategy":"-android uiautomator","selector":"new UiSelector().textContains(\"No landmarks yet\")"}
14:09:01.674780 POST /session/bc763643-8652-4d35-ba30-986d1fb87677/element [12.521ms] ERR:404 body={"strategy":"-android uiautomator","selector":"new UiSelector().descriptionContains(\"No landmarks y...
14:09:01.692188 POST /session/bc763643-8652-4d35-ba30-986d1fb87677/element [17.354375ms] ERR:404 body={"strategy":"-android uiautomator","selector":"new UiSelector().textMatches(\"(?is).*\\QNo landmarks...
14:09:01.713229 POST /session/bc763643-8652-4d35-ba30-986d1fb87677/element [20.961583ms] ERR:404 body={"strategy":"-android uiautomator","selector":"new UiSelector().descriptionMatches(\"(?is).*\\QNo la...
14:09:01.767825 GET /session/bc763643-8652-4d35-ba30-986d1fb87677/source [54.343792ms] OK body=
14:09:01.786015 POST /session/bc763643-8652-4d35-ba30-986d1fb87677/element [16.318208ms] ERR:404 body={"strategy":"-android uiautomator","selector":"new UiSelector().textContains(\"No landmarks yet\")"}
14:09:01.805182 POST /session/bc763643-8652-4d35-ba30-986d1fb87677/element [19.014416ms] ERR:404 body={"strategy":"-android uiautomator","selector":"new UiSelector().descriptionContains(\"No landmarks y...
14:09:01.825153 POST /session/bc763643-8652-4d35-ba30-986d1fb87677/element [19.86675ms] ERR:404 body={"strategy":"-android uiautomator","selector":"new UiSelector().textMatches(\"(?is).*\\QNo landmarks...
14:09:01.860391 POST /session/bc763643-8652-4d35-ba30-986d1fb87677/element [35.179375ms] ERR:404 body={"strategy":"-android uiautomator","selector":"new UiSelector().descriptionMatches(\"(?is).*\\QNo la...
14:09:01.879634 POST /session/bc763643-8652-4d35-ba30-986d1fb87677/element [19.172167ms] ERR:404 body={"strategy":"-android uiautomator","selector":"new UiSelector().textContains(\"No landmarks yet\")"}
14:09:01.892635 POST /session/bc763643-8652-4d35-ba30-986d1fb87677/element [12.874917ms] ERR:404 body={"strategy":"-android uiautomator","selector":"new UiSelector().descriptionContains(\"No landmarks y...
14:09:01.913503 POST /session/bc763643-8652-4d35-ba30-986d1fb87677/element [20.703292ms] ERR:404 body={"strategy":"-android uiautomator","selector":"new UiSelector().textMatches(\"(?is).*\\QNo landmarks...
14:09:01.926599 POST /session/bc763643-8652-4d35-ba30-986d1fb87677/element [12.981416ms] ERR:404 body={"strategy":"-android uiautomator","selector":"new UiSelector().descriptionMatches(\"(?is).*\\QNo la...
14:09:01.941782 POST /session/bc763643-8652-4d35-ba30-986d1fb87677/element [15.113208ms] ERR:404 body={"strategy":"-android uiautomator","selector":"new UiSelector().textContains(\"No landmarks yet\")"}
14:09:02.196641 POST /session/bc763643-8652-4d35-ba30-986d1fb87677/element [254.795666ms] ERR:404 body={"strategy":"-android uiautomator","selector":"new UiSelector().descriptionContains(\"No landmarks y...
14:09:02.446659 POST /session/bc763643-8652-4d35-ba30-986d1fb87677/element [249.852584ms] ERR:404 body={"strategy":"-android uiautomator","selector":"new UiSelector().textMatches(\"(?is).*\\QNo landmarks...
14:09:02.489814 POST /session/bc763643-8652-4d35-ba30-986d1fb87677/element [43.057458ms] ERR:404 body={"strategy":"-android uiautomator","selector":"new UiSelector().descriptionMatches(\"(?is).*\\QNo la...
14:09:02.557488 POST /session/bc763643-8652-4d35-ba30-986d1fb87677/element [67.564208ms] ERR:404 body={"strategy":"-android uiautomator","selector":"new UiSelector().textContains(\"No landmarks yet\")"}
14:09:02.573740 POST /session/bc763643-8652-4d35-ba30-986d1fb87677/element [16.146041ms] ERR:404 body={"strategy":"-android uiautomator","selector":"new UiSelector().descriptionContains(\"No landmarks y...
14:09:02.585994 POST /session/bc763643-8652-4d35-ba30-986d1fb87677/element [12.194584ms] ERR:404 body={"strategy":"-android uiautomator","selector":"new UiSelector().textMatches(\"(?is).*\\QNo landmarks...
14:09:02.647492 POST /session/bc763643-8652-4d35-ba30-986d1fb87677/element [61.435167ms] ERR:404 body={"strategy":"-android uiautomator","selector":"new UiSelector().descriptionMatches(\"(?is).*\\QNo la...
14:09:02.667036 POST /session/bc763643-8652-4d35-ba30-986d1fb87677/element [19.417958ms] ERR:404 body={"strategy":"-android uiautomator","selector":"new UiSelector().textContains(\"No landmarks yet\")"}
14:09:02.726596 POST /session/bc763643-8652-4d35-ba30-986d1fb87677/element [59.473ms] ERR:404 body={"strategy":"-android uiautomator","selector":"new UiSelector().descriptionContains(\"No landmarks y...
14:09:02.766622 POST /session/bc763643-8652-4d35-ba30-986d1fb87677/element [39.948709ms] ERR:404 body={"strategy":"-android uiautomator","selector":"new UiSelector().textMatches(\"(?is).*\\QNo landmarks...
14:09:02.792342 POST /session/bc763643-8652-4d35-ba30-986d1fb87677/element [24.5745ms] ERR:404 body={"strategy":"-android uiautomator","selector":"new UiSelector().descriptionMatches(\"(?is).*\\QNo la...
14:09:02.858739 GET /session/bc763643-8652-4d35-ba30-986d1fb87677/source [64.932292ms] OK body=
14:09:02.880121 POST /session/bc763643-8652-4d35-ba30-986d1fb87677/element [20.121ms] ERR:404 body={"strategy":"-android uiautomator","selector":"new UiSelector().textContains(\"No landmarks yet\")"}
14:09:02.907077 POST /session/bc763643-8652-4d35-ba30-986d1fb87677/element [26.87525ms] ERR:404 body={"strategy":"-android uiautomator","selector":"new UiSelector().descriptionContains(\"No landmarks y...
14:09:02.968955 POST /session/bc763643-8652-4d35-ba30-986d1fb87677/element [61.815958ms] ERR:404 body={"strategy":"-android uiautomator","selector":"new UiSelector().textMatches(\"(?is).*\\QNo landmarks...
14:09:03.038047 POST /session/bc763643-8652-4d35-ba30-986d1fb87677/element [68.994958ms] ERR:404 body={"strategy":"-android uiautomator","selector":"new UiSelector().descriptionMatches(\"(?is).*\\QNo la...
14:09:03.057340 POST /session/bc763643-8652-4d35-ba30-986d1fb87677/element [19.177959ms] ERR:404 body={"strategy":"-android uiautomator","selector":"new UiSelector().textContains(\"No landmarks yet\")"}
14:09:03.082067 POST /session/bc763643-8652-4d35-ba30-986d1fb87677/element [24.649333ms] ERR:404 body={"strategy":"-android uiautomator","selector":"new UiSelector().descriptionContains(\"No landmarks y...
14:09:03.103994 POST /session/bc763643-8652-4d35-ba30-986d1fb87677/element [21.802208ms] ERR:404 body={"strategy":"-android uiautomator","selector":"new UiSelector().textMatches(\"(?is).*\\QNo landmarks...
14:09:03.118036 POST /session/bc763643-8652-4d35-ba30-986d1fb87677/element [13.959459ms] ERR:404 body={"strategy":"-android uiautomator","selector":"new UiSelector().descriptionMatches(\"(?is).*\\QNo la...
14:09:03.129439 POST /session/bc763643-8652-4d35-ba30-986d1fb87677/element [11.328417ms] ERR:404 body={"strategy":"-android uiautomator","selector":"new UiSelector().textContains(\"No landmarks yet\")"}
14:09:03.207496 POST /session/bc763643-8652-4d35-ba30-986d1fb87677/element [77.973ms] ERR:404 body={"strategy":"-android uiautomator","selector":"new UiSelector().descriptionContains(\"No landmarks y...
14:09:03.220561 POST /session/bc763643-8652-4d35-ba30-986d1fb87677/element [13.004875ms] ERR:404 body={"strategy":"-android uiautomator","selector":"new UiSelector().textMatches(\"(?is).*\\QNo landmarks...
14:09:03.235486 POST /session/bc763643-8652-4d35-ba30-986d1fb87677/element [14.872875ms] ERR:404 body={"strategy":"-android uiautomator","selector":"new UiSelector().descriptionMatches(\"(?is).*\\QNo la...
14:09:03.250603 POST /session/bc763643-8652-4d35-ba30-986d1fb87677/element [14.956417ms] ERR:404 body={"strategy":"-android uiautomator","selector":"new UiSelector().textContains(\"No landmarks yet\")"}
14:09:03.292376 POST /session/bc763643-8652-4d35-ba30-986d1fb87677/element [41.671583ms] ERR:404 body={"strategy":"-android uiautomator","selector":"new UiSelector().descriptionContains(\"No landmarks y...
14:09:03.303931 POST /session/bc763643-8652-4d35-ba30-986d1fb87677/element [11.493ms] ERR:404 body={"strategy":"-android uiautomator","selector":"new UiSelector().textMatches(\"(?is).*\\QNo landmarks...
14:09:03.326859 POST /session/bc763643-8652-4d35-ba30-986d1fb87677/element [22.83525ms] ERR:404 body={"strategy":"-android uiautomator","selector":"new UiSelector().descriptionMatches(\"(?is).*\\QNo la...
14:09:03.335767 POST /session/bc763643-8652-4d35-ba30-986d1fb87677/element [8.830542ms] ERR:404 body={"strategy":"-android uiautomator","selector":"new UiSelector().textContains(\"No landmarks yet\")"}
14:09:03.353761 POST /session/bc763643-8652-4d35-ba30-986d1fb87677/element [17.908833ms] ERR:404 body={"strategy":"-android uiautomator","selector":"new UiSelector().descriptionContains(\"No landmarks y...
14:09:03.367461 POST /session/bc763643-8652-4d35-ba30-986d1fb87677/element [13.090792ms] ERR:404 body={"strategy":"-android uiautomator","selector":"new UiSelector().textMatches(\"(?is).*\\QNo landmarks...
14:09:03.376949 POST /session/bc763643-8652-4d35-ba30-986d1fb87677/element [9.392292ms] ERR:404 body={"strategy":"-android uiautomator","selector":"new UiSelector().descriptionMatches(\"(?is).*\\QNo la...
14:09:03.389594 POST /session/bc763643-8652-4d35-ba30-986d1fb87677/element [12.544792ms] ERR:404 body={"strategy":"-android uiautomator","selector":"new UiSelector().textContains(\"No landmarks yet\")"}
14:09:03.412286 POST /session/bc763643-8652-4d35-ba30-986d1fb87677/element [22.583541ms] ERR:404 body={"strategy":"-android uiautomator","selector":"new UiSelector().descriptionContains(\"No landmarks y...
14:09:03.452024 POST /session/bc763643-8652-4d35-ba30-986d1fb87677/element [39.608542ms] ERR:404 body={"strategy":"-android uiautomator","selector":"new UiSelector().textMatches(\"(?is).*\\QNo landmarks...
14:09:03.474758 POST /session/bc763643-8652-4d35-ba30-986d1fb87677/element [22.586709ms] ERR:404 body={"strategy":"-android uiautomator","selector":"new UiSelector().descriptionMatches(\"(?is).*\\QNo la...
14:09:03.494536 POST /session/bc763643-8652-4d35-ba30-986d1fb87677/element [19.619417ms] ERR:404 body={"strategy":"-android uiautomator","selector":"new UiSelector().textContains(\"No landmarks yet\")"}
14:09:03.514210 POST /session/bc763643-8652-4d35-ba30-986d1fb87677/element [19.593042ms] ERR:404 body={"strategy":"-android uiautomator","selector":"new UiSelector().descriptionContains(\"No landmarks y...
14:09:03.545712 POST /session/bc763643-8652-4d35-ba30-986d1fb87677/element [31.434417ms] ERR:404 body={"strategy":"-android uiautomator","selector":"new UiSelector().textMatches(\"(?is).*\\QNo landmarks...
14:09:03.574405 POST /session/bc763643-8652-4d35-ba30-986d1fb87677/element [28.626375ms] ERR:404 body={"strategy":"-android uiautomator","selector":"new UiSelector().descriptionMatches(\"(?is).*\\QNo la...
14:09:03.582195 POST /session/bc763643-8652-4d35-ba30-986d1fb87677/element [7.676125ms] ERR:404 body={"strategy":"-android uiautomator","selector":"new UiSelector().textContains(\"No landmarks yet\")"}
14:09:03.588601 POST /session/bc763643-8652-4d35-ba30-986d1fb87677/element [6.326708ms] ERR:404 body={"strategy":"-android uiautomator","selector":"new UiSelector().descriptionContains(\"No landmarks y...
14:09:03.598804 POST /session/bc763643-8652-4d35-ba30-986d1fb87677/element [10.113ms] ERR:404 body={"strategy":"-android uiautomator","selector":"new UiSelector().textMatches(\"(?is).*\\QNo landmarks...
14:09:03.629102 POST /session/bc763643-8652-4d35-ba30-986d1fb87677/element [30.19775ms] ERR:404 body={"strategy":"-android uiautomator","selector":"new UiSelector().descriptionMatches(\"(?is).*\\QNo la...
14:09:03.709481 POST /session/bc763643-8652-4d35-ba30-986d1fb87677/element [80.289875ms] ERR:404 body={"strategy":"-android uiautomator","selector":"new UiSelector().textContains(\"No landmarks yet\")"}
14:09:03.776748 POST /session/bc763643-8652-4d35-ba30-986d1fb87677/element [67.201167ms] ERR:404 body={"strategy":"-android uiautomator","selector":"new UiSelector().descriptionContains(\"No landmarks y...
14:09:03.791608 POST /session/bc763643-8652-4d35-ba30-986d1fb87677/element [14.801458ms] ERR:404 body={"strategy":"-android uiautomator","selector":"new UiSelector().textMatches(\"(?is).*\\QNo landmarks...
14:09:03.803926 POST /session/bc763643-8652-4d35-ba30-986d1fb87677/element [12.221666ms] ERR:404 body={"strategy":"-android uiautomator","selector":"new UiSelector().descriptionMatches(\"(?is).*\\QNo la...
14:09:03.824685 POST /session/bc763643-8652-4d35-ba30-986d1fb87677/element [20.242667ms] ERR:404 body={"strategy":"-android uiautomator","selector":"new UiSelector().textContains(\"No landmarks yet\")"}
14:09:03.833912 POST /session/bc763643-8652-4d35-ba30-986d1fb87677/element [9.153959ms] ERR:404 body={"strategy":"-android uiautomator","selector":"new UiSelector().descriptionContains(\"No landmarks y...
14:09:03.848592 POST /session/bc763643-8652-4d35-ba30-986d1fb87677/element [14.598083ms] ERR:404 body={"strategy":"-android uiautomator","selector":"new UiSelector().textMatches(\"(?is).*\\QNo landmarks...
14:09:03.867258 POST /session/bc763643-8652-4d35-ba30-986d1fb87677/element [18.543208ms] ERR:404 body={"strategy":"-android uiautomator","selector":"new UiSelector().descriptionMatches(\"(?is).*\\QNo la...
14:09:03.890689 GET /session/bc763643-8652-4d35-ba30-986d1fb87677/source [23.149958ms] OK body=
14:09:03.911460 POST /session/bc763643-8652-4d35-ba30-986d1fb87677/element [19.919208ms] ERR:404 body={"strategy":"-android uiautomator","selector":"new UiSelector().textContains(\"No landmarks yet\")"}
14:09:03.920449 POST /session/bc763643-8652-4d35-ba30-986d1fb87677/element [8.62675ms] ERR:404 body={"strategy":"-android uiautomator","selector":"new UiSelector().descriptionContains(\"No landmarks y...
14:09:03.957270 POST /session/bc763643-8652-4d35-ba30-986d1fb87677/element [36.687584ms] ERR:404 body={"strategy":"-android uiautomator","selector":"new UiSelector().textMatches(\"(?is).*\\QNo landmarks...
14:09:03.989515 POST /session/bc763643-8652-4d35-ba30-986d1fb87677/element [32.1055ms] ERR:404 body={"strategy":"-android uiautomator","selector":"new UiSelector().descriptionMatches(\"(?is).*\\QNo la...
14:09:04.026382 POST /session/bc763643-8652-4d35-ba30-986d1fb87677/element [36.781833ms] ERR:404 body={"strategy":"-android uiautomator","selector":"new UiSelector().textContains(\"No landmarks yet\")"}
14:09:04.034446 POST /session/bc763643-8652-4d35-ba30-986d1fb87677/element [7.974542ms] ERR:404 body={"strategy":"-android uiautomator","selector":"new UiSelector().descriptionContains(\"No landmarks y...
14:09:04.043064 POST /session/bc763643-8652-4d35-ba30-986d1fb87677/element [8.503709ms] ERR:404 body={"strategy":"-android uiautomator","selector":"new UiSelector().textMatches(\"(?is).*\\QNo landmarks...
14:09:04.056929 POST /session/bc763643-8652-4d35-ba30-986d1fb87677/element [13.740375ms] ERR:404 body={"strategy":"-android uiautomator","selector":"new UiSelector().descriptionMatches(\"(?is).*\\QNo la...
14:09:04.063600 POST /session/bc763643-8652-4d35-ba30-986d1fb87677/element [6.611459ms] ERR:404 body={"strategy":"-android uiautomator","selector":"new UiSelector().textContains(\"No landmarks yet\")"}
14:09:04.071279 POST /session/bc763643-8652-4d35-ba30-986d1fb87677/element [7.388041ms] ERR:404 body={"strategy":"-android uiautomator","selector":"new UiSelector().descriptionContains(\"No landmarks y...
14:09:04.080335 POST /session/bc763643-8652-4d35-ba30-986d1fb87677/element [8.986834ms] ERR:404 body={"strategy":"-android uiautomator","selector":"new UiSelector().textMatches(\"(?is).*\\QNo landmarks...
14:09:04.098999 POST /session/bc763643-8652-4d35-ba30-986d1fb87677/element [18.439583ms] ERR:404 body={"strategy":"-android uiautomator","selector":"new UiSelector().descriptionMatches(\"(?is).*\\QNo la...
14:09:04.128850 POST /session/bc763643-8652-4d35-ba30-986d1fb87677/element [28.107792ms] ERR:404 body={"strategy":"-android uiautomator","selector":"new UiSelector().textContains(\"No landmarks yet\")"}
14:09:04.149304 POST /session/bc763643-8652-4d35-ba30-986d1fb87677/element [20.364208ms] ERR:404 body={"strategy":"-android uiautomator","selector":"new UiSelector().descriptionContains(\"No landmarks y...
14:09:04.202355 POST /session/bc763643-8652-4d35-ba30-986d1fb87677/element [52.989875ms] ERR:404 body={"strategy":"-android uiautomator","selector":"new UiSelector().textMatches(\"(?is).*\\QNo landmarks...
14:09:04.230347 POST /session/bc763643-8652-4d35-ba30-986d1fb87677/element [27.894167ms] ERR:404 body={"strategy":"-android uiautomator","selector":"new UiSelector().descriptionMatches(\"(?is).*\\QNo la...
14:09:04.253762 POST /session/bc763643-8652-4d35-ba30-986d1fb87677/element [23.353334ms] ERR:404 body={"strategy":"-android uiautomator","selector":"new UiSelector().textContains(\"No landmarks yet\")"}
14:09:04.299387 POST /session/bc763643-8652-4d35-ba30-986d1fb87677/element [45.485166ms] ERR:404 body={"strategy":"-android uiautomator","selector":"new UiSelector().descriptionContains(\"No landmarks y...
14:09:04.356502 POST /session/bc763643-8652-4d35-ba30-986d1fb87677/element [56.961459ms] ERR:404 body={"strategy":"-android uiautomator","selector":"new UiSelector().textMatches(\"(?is).*\\QNo landmarks...
14:09:04.372518 POST /session/bc763643-8652-4d35-ba30-986d1fb87677/element [15.868209ms] ERR:404 body={"strategy":"-android uiautomator","selector":"new UiSelector().descriptionMatches(\"(?is).*\\QNo la...
14:09:04.390580 POST /session/bc763643-8652-4d35-ba30-986d1fb87677/element [17.886208ms] ERR:404 body={"strategy":"-android uiautomator","selector":"new UiSelector().textContains(\"No landmarks yet\")"}
14:09:04.437460 POST /session/bc763643-8652-4d35-ba30-986d1fb87677/element [46.726292ms] ERR:404 body={"strategy":"-android uiautomator","selector":"new UiSelector().descriptionContains(\"No landmarks y...
14:09:04.449178 POST /session/bc763643-8652-4d35-ba30-986d1fb87677/element [11.61675ms] ERR:404 body={"strategy":"-android uiautomator","selector":"new UiSelector().textMatches(\"(?is).*\\QNo landmarks...
14:09:04.462643 POST /session/bc763643-8652-4d35-ba30-986d1fb87677/element [13.398542ms] ERR:404 body={"strategy":"-android uiautomator","selector":"new UiSelector().descriptionMatches(\"(?is).*\\QNo la...
14:09:04.473014 POST /session/bc763643-8652-4d35-ba30-986d1fb87677/element [10.316125ms] ERR:404 body={"strategy":"-android uiautomator","selector":"new UiSelector().textContains(\"No landmarks yet\")"}
14:09:04.499869 POST /session/bc763643-8652-4d35-ba30-986d1fb87677/element [26.784708ms] ERR:404 body={"strategy":"-android uiautomator","selector":"new UiSelector().descriptionContains(\"No landmarks y...
14:09:04.514328 POST /session/bc763643-8652-4d35-ba30-986d1fb87677/element [14.387792ms] ERR:404 body={"strategy":"-android uiautomator","selector":"new UiSelector().textMatches(\"(?is).*\\QNo landmarks...
14:09:04.587721 POST /session/bc763643-8652-4d35-ba30-986d1fb87677/element [73.32ms] ERR:404 body={"strategy":"-android uiautomator","selector":"new UiSelector().descriptionMatches(\"(?is).*\\QNo la...
14:09:04.622648 POST /session/bc763643-8652-4d35-ba30-986d1fb87677/element [34.782458ms] ERR:404 body={"strategy":"-android uiautomator","selector":"new UiSelector().textContains(\"No landmarks yet\")"}
14:09:04.662295 POST /session/bc763643-8652-4d35-ba30-986d1fb87677/element [39.554541ms] ERR:404 body={"strategy":"-android uiautomator","selector":"new UiSelector().descriptionContains(\"No landmarks y...
14:09:04.874038 POST /session/bc763643-8652-4d35-ba30-986d1fb87677/element [211.570834ms] ERR:404 body={"strategy":"-android uiautomator","selector":"new UiSelector().textMatches(\"(?is).*\\QNo landmarks...
14:09:04.964267 POST /session/bc763643-8652-4d35-ba30-986d1fb87677/element [90.124042ms] ERR:404 body={"strategy":"-android uiautomator","selector":"new UiSelector().descriptionMatches(\"(?is).*\\QNo la...
14:09:05.317788 GET /session/bc763643-8652-4d35-ba30-986d1fb87677/source [338.694334ms] OK body=
14:09:05.338973 POST /session/bc763643-8652-4d35-ba30-986d1fb87677/element [18.658208ms] ERR:404 body={"strategy":"-android uiautomator","selector":"new UiSelector().textContains(\"No landmarks yet\")"}
14:09:05.373481 POST /session/bc763643-8652-4d35-ba30-986d1fb87677/element [34.437333ms] ERR:404 body={"strategy":"-android uiautomator","selector":"new UiSelector().descriptionContains(\"No landmarks y...
14:09:05.484792 POST /session/bc763643-8652-4d35-ba30-986d1fb87677/element [111.213333ms] ERR:404 body={"strategy":"-android uiautomator","selector":"new UiSelector().textMatches(\"(?is).*\\QNo landmarks...
14:09:05.526538 POST /session/bc763643-8652-4d35-ba30-986d1fb87677/element [41.677417ms] ERR:404 body={"strategy":"-android uiautomator","selector":"new UiSelector().descriptionMatches(\"(?is).*\\QNo la...
14:09:05.541652 POST /session/bc763643-8652-4d35-ba30-986d1fb87677/element [15.0035ms] ERR:404 body={"strategy":"-android uiautomator","selector":"new UiSelector().textContains(\"No landmarks yet\")"}
14:09:05.590910 POST /session/bc763643-8652-4d35-ba30-986d1fb87677/element [49.108291ms] ERR:404 body={"strategy":"-android uiautomator","selector":"new UiSelector().descriptionContains(\"No landmarks y...
14:09:05.611532 POST /session/bc763643-8652-4d35-ba30-986d1fb87677/element [20.52875ms] ERR:404 body={"strategy":"-android uiautomator","selector":"new UiSelector().textMatches(\"(?is).*\\QNo landmarks...
14:09:05.623954 POST /session/bc763643-8652-4d35-ba30-986d1fb87677/element [12.314709ms] ERR:404 body={"strategy":"-android uiautomator","selector":"new UiSelector().descriptionMatches(\"(?is).*\\QNo la...
14:09:05.655787 POST /session/bc763643-8652-4d35-ba30-986d1fb87677/element [31.705709ms] ERR:404 body={"strategy":"-android uiautomator","selector":"new UiSelector().textContains(\"No landmarks yet\")"}
14:09:05.688435 POST /session/bc763643-8652-4d35-ba30-986d1fb87677/element [32.540292ms] ERR:404 body={"strategy":"-android uiautomator","selector":"new UiSelector().descriptionContains(\"No landmarks y...
14:09:05.699245 POST /session/bc763643-8652-4d35-ba30-986d1fb87677/element [10.732209ms] ERR:404 body={"strategy":"-android uiautomator","selector":"new UiSelector().textMatches(\"(?is).*\\QNo landmarks...
14:09:05.714418 POST /session/bc763643-8652-4d35-ba30-986d1fb87677/element [15.024959ms] ERR:404 body={"strategy":"-android uiautomator","selector":"new UiSelector().descriptionMatches(\"(?is).*\\QNo la...
14:09:05.728929 POST /session/bc763643-8652-4d35-ba30-986d1fb87677/element [14.408416ms] ERR:404 body={"strategy":"-android uiautomator","selector":"new UiSelector().textContains(\"No landmarks yet\")"}
14:09:05.737418 POST /session/bc763643-8652-4d35-ba30-986d1fb87677/element [8.4165ms] ERR:404 body={"strategy":"-android uiautomator","selector":"new UiSelector().descriptionContains(\"No landmarks y...
14:09:05.757481 POST /session/bc763643-8652-4d35-ba30-986d1fb87677/element [19.968583ms] ERR:404 body={"strategy":"-android uiautomator","selector":"new UiSelector().textMatches(\"(?is).*\\QNo landmarks...
14:09:05.777645 POST /session/bc763643-8652-4d35-ba30-986d1fb87677/element [20.077542ms] ERR:404 body={"strategy":"-android uiautomator","selector":"new UiSelector().descriptionMatches(\"(?is).*\\QNo la...
14:09:05.810846 POST /session/bc763643-8652-4d35-ba30-986d1fb87677/element [33.113125ms] ERR:404 body={"strategy":"-android uiautomator","selector":"new UiSelector().textContains(\"No landmarks yet\")"}
14:09:05.820129 POST /session/bc763643-8652-4d35-ba30-986d1fb87677/element [9.186958ms] ERR:404 body={"strategy":"-android uiautomator","selector":"new UiSelector().descriptionContains(\"No landmarks y...
14:09:05.841694 POST /session/bc763643-8652-4d35-ba30-986d1fb87677/element [21.504417ms] ERR:404 body={"strategy":"-android uiautomator","selector":"new UiSelector().textMatches(\"(?is).*\\QNo landmarks...
14:09:05.854951 POST /session/bc763643-8652-4d35-ba30-986d1fb87677/element [13.188208ms] ERR:404 body={"strategy":"-android uiautomator","selector":"new UiSelector().descriptionMatches(\"(?is).*\\QNo la...
14:09:05.861817 POST /session/bc763643-8652-4d35-ba30-986d1fb87677/element [6.772375ms] ERR:404 body={"strategy":"-android uiautomator","selector":"new UiSelector().textContains(\"No landmarks yet\")"}
14:09:05.894868 POST /session/bc763643-8652-4d35-ba30-986d1fb87677/element [31.178292ms] ERR:404 body={"strategy":"-android uiautomator","selector":"new UiSelector().descriptionContains(\"No landmarks y...
14:09:05.919408 POST /session/bc763643-8652-4d35-ba30-986d1fb87677/element [24.406833ms] ERR:404 body={"strategy":"-android uiautomator","selector":"new UiSelector().textMatches(\"(?is).*\\QNo landmarks...
14:09:05.933549 POST /session/bc763643-8652-4d35-ba30-986d1fb87677/element [14.046584ms] ERR:404 body={"strategy":"-android uiautomator","selector":"new UiSelector().descriptionMatches(\"(?is).*\\QNo la...
14:09:05.941144 POST /session/bc763643-8652-4d35-ba30-986d1fb87677/element [7.464625ms] ERR:404 body={"strategy":"-android uiautomator","selector":"new UiSelector().textContains(\"No landmarks yet\")"}
14:09:05.949174 POST /session/bc763643-8652-4d35-ba30-986d1fb87677/element [7.872792ms] ERR:404 body={"strategy":"-android uiautomator","selector":"new UiSelector().descriptionContains(\"No landmarks y...
14:09:05.960848 POST /session/bc763643-8652-4d35-ba30-986d1fb87677/element [11.566416ms] ERR:404 body={"strategy":"-android uiautomator","selector":"new UiSelector().textMatches(\"(?is).*\\QNo landmarks...
14:09:05.974579 POST /session/bc763643-8652-4d35-ba30-986d1fb87677/element [13.655084ms] ERR:404 body={"strategy":"-android uiautomator","selector":"new UiSelector().descriptionMatches(\"(?is).*\\QNo la...
14:09:05.982998 POST /session/bc763643-8652-4d35-ba30-986d1fb87677/element [8.34725ms] ERR:404 body={"strategy":"-android uiautomator","selector":"new UiSelector().textContains(\"No landmarks yet\")"}
14:09:06.010765 POST /session/bc763643-8652-4d35-ba30-986d1fb87677/element [27.6805ms] ERR:404 body={"strategy":"-android uiautomator","selector":"new UiSelector().descriptionContains(\"No landmarks y...
14:09:06.053176 POST /session/bc763643-8652-4d35-ba30-986d1fb87677/element [42.292541ms] ERR:404 body={"strategy":"-android uiautomator","selector":"new UiSelector().textMatches(\"(?is).*\\QNo landmarks...
14:09:06.094443 POST /session/bc763643-8652-4d35-ba30-986d1fb87677/element [41.145042ms] ERR:404 body={"strategy":"-android uiautomator","selector":"new UiSelector().descriptionMatches(\"(?is).*\\QNo la...
14:09:06.101721 POST /session/bc763643-8652-4d35-ba30-986d1fb87677/element [7.211083ms] ERR:404 body={"strategy":"-android uiautomator","selector":"new UiSelector().textContains(\"No landmarks yet\")"}
14:09:06.109020 POST /session/bc763643-8652-4d35-ba30-986d1fb87677/element [7.224167ms] ERR:404 body={"strategy":"-android uiautomator","selector":"new UiSelector().descriptionContains(\"No landmarks y...
14:09:06.117139 POST /session/bc763643-8652-4d35-ba30-986d1fb87677/element [8.05125ms] ERR:404 body={"strategy":"-android uiautomator","selector":"new UiSelector().textMatches(\"(?is).*\\QNo landmarks...
14:09:06.138998 POST /session/bc763643-8652-4d35-ba30-986d1fb87677/element [21.766083ms] ERR:404 body={"strategy":"-android uiautomator","selector":"new UiSelector().descriptionMatches(\"(?is).*\\QNo la...
14:09:06.156710 POST /session/bc763643-8652-4d35-ba30-986d1fb87677/element [17.628917ms] ERR:404 body={"strategy":"-android uiautomator","selector":"new UiSelector().textContains(\"No landmarks yet\")"}
14:09:06.175578 POST /session/bc763643-8652-4d35-ba30-986d1fb87677/element [18.772083ms] ERR:404 body={"strategy":"-android uiautomator","selector":"new UiSelector().descriptionContains(\"No landmarks y...
14:09:06.191364 POST /session/bc763643-8652-4d35-ba30-986d1fb87677/element [15.679792ms] ERR:404 body={"strategy":"-android uiautomator","selector":"new UiSelector().textMatches(\"(?is).*\\QNo landmarks...
14:09:06.204220 POST /session/bc763643-8652-4d35-ba30-986d1fb87677/element [12.7835ms] ERR:404 body={"strategy":"-android uiautomator","selector":"new UiSelector().descriptionMatches(\"(?is).*\\QNo la...
14:09:06.210985 POST /session/bc763643-8652-4d35-ba30-986d1fb87677/element [6.623667ms] ERR:404 body={"strategy":"-android uiautomator","selector":"new UiSelector().textContains(\"No landmarks yet\")"}
14:09:06.222298 POST /session/bc763643-8652-4d35-ba30-986d1fb87677/element [11.195375ms] ERR:404 body={"strategy":"-android uiautomator","selector":"new UiSelector().descriptionContains(\"No landmarks y...
14:09:06.241180 POST /session/bc763643-8652-4d35-ba30-986d1fb87677/element [18.803083ms] ERR:404 body={"strategy":"-android uiautomator","selector":"new UiSelector().textMatches(\"(?is).*\\QNo landmarks...
14:09:06.249340 POST /session/bc763643-8652-4d35-ba30-986d1fb87677/element [8.10025ms] ERR:404 body={"strategy":"-android uiautomator","selector":"new UiSelector().descriptionMatches(\"(?is).*\\QNo la...
14:09:06.255514 POST /session/bc763643-8652-4d35-ba30-986d1fb87677/element [6.080583ms] ERR:404 body={"strategy":"-android uiautomator","selector":"new UiSelector().textContains(\"No landmarks yet\")"}
14:09:06.275353 POST /session/bc763643-8652-4d35-ba30-986d1fb87677/element [19.689333ms] ERR:404 body={"strategy":"-android uiautomator","selector":"new UiSelector().descriptionContains(\"No landmarks y...
14:09:06.290555 POST /session/bc763643-8652-4d35-ba30-986d1fb87677/element [15.12525ms] ERR:404 body={"strategy":"-android uiautomator","selector":"new UiSelector().textMatches(\"(?is).*\\QNo landmarks...
14:09:06.347079 POST /session/bc763643-8652-4d35-ba30-986d1fb87677/element [56.456083ms] ERR:404 body={"strategy":"-android uiautomator","selector":"new UiSelector().descriptionMatches(\"(?is).*\\QNo la...
14:09:06.437227 GET /session/bc763643-8652-4d35-ba30-986d1fb87677/source [84.296166ms] OK body=
14:09:06.577934 POST /session/bc763643-8652-4d35-ba30-986d1fb87677/element [132.517875ms] ERR:404 body={"strategy":"-android uiautomator","selector":"new UiSelector().textContains(\"No landmarks yet\")"}
14:09:06.610597 POST /session/bc763643-8652-4d35-ba30-986d1fb87677/element [32.592458ms] ERR:404 body={"strategy":"-android uiautomator","selector":"new UiSelector().descriptionContains(\"No landmarks y...
14:09:06.819717 POST /session/bc763643-8652-4d35-ba30-986d1fb87677/element [209.027125ms] ERR:404 body={"strategy":"-android uiautomator","selector":"new UiSelector().textMatches(\"(?is).*\\QNo landmarks...
14:09:06.959896 POST /session/bc763643-8652-4d35-ba30-986d1fb87677/element [140.060417ms] ERR:404 body={"strategy":"-android uiautomator","selector":"new UiSelector().descriptionMatches(\"(?is).*\\QNo la...
14:09:06.989103 POST /session/bc763643-8652-4d35-ba30-986d1fb87677/element [29.125875ms] ERR:404 body={"strategy":"-android uiautomator","selector":"new UiSelector().textContains(\"No landmarks yet\")"}
14:09:07.027768 POST /session/bc763643-8652-4d35-ba30-986d1fb87677/element [38.603458ms] ERR:404 body={"strategy":"-android uiautomator","selector":"new UiSelector().descriptionContains(\"No landmarks y...
14:09:07.056787 POST /session/bc763643-8652-4d35-ba30-986d1fb87677/element [28.924583ms] ERR:404 body={"strategy":"-android uiautomator","selector":"new UiSelector().textMatches(\"(?is).*\\QNo landmarks...
14:09:07.112875 POST /session/bc763643-8652-4d35-ba30-986d1fb87677/element [56.022916ms] ERR:404 body={"strategy":"-android uiautomator","selector":"new UiSelector().descriptionMatches(\"(?is).*\\QNo la...
14:09:07.143759 POST /session/bc763643-8652-4d35-ba30-986d1fb87677/element [30.816083ms] ERR:404 body={"strategy":"-android uiautomator","selector":"new UiSelector().textContains(\"No landmarks yet\")"}
14:09:07.186147 POST /session/bc763643-8652-4d35-ba30-986d1fb87677/element [42.241792ms] ERR:404 body={"strategy":"-android uiautomator","selector":"new UiSelector().descriptionContains(\"No landmarks y...
14:09:07.261989 POST /session/bc763643-8652-4d35-ba30-986d1fb87677/element [62.021375ms] ERR:404 body={"strategy":"-android uiautomator","selector":"new UiSelector().textMatches(\"(?is).*\\QNo landmarks...
14:09:07.474450 POST /session/bc763643-8652-4d35-ba30-986d1fb87677/element [212.314417ms] ERR:404 body={"strategy":"-android uiautomator","selector":"new UiSelector().descriptionMatches(\"(?is).*\\QNo la...
14:09:07.503822 GET /session/bc763643-8652-4d35-ba30-986d1fb87677/source [29.18175ms] OK body=
14:09:07.514890 POST /session/bc763643-8652-4d35-ba30-986d1fb87677/element [10.330208ms] ERR:404 body={"strategy":"-android uiautomator","selector":"new UiSelector().textContains(\"No landmarks yet\")"}
14:09:07.527599 POST /session/bc763643-8652-4d35-ba30-986d1fb87677/element [12.65225ms] ERR:404 body={"strategy":"-android uiautomator","selector":"new UiSelector().descriptionContains(\"No landmarks y...
14:09:07.538548 POST /session/bc763643-8652-4d35-ba30-986d1fb87677/element [10.894375ms] ERR:404 body={"strategy":"-android uiautomator","selector":"new UiSelector().textMatches(\"(?is).*\\QNo landmarks...
14:09:07.559713 POST /session/bc763643-8652-4d35-ba30-986d1fb87677/element [21.034667ms] ERR:404 body={"strategy":"-android uiautomator","selector":"new UiSelector().descriptionMatches(\"(?is).*\\QNo la...
14:09:07.567358 POST /session/bc763643-8652-4d35-ba30-986d1fb87677/element [7.538958ms] ERR:404 body={"strategy":"-android uiautomator","selector":"new UiSelector().textContains(\"No landmarks yet\")"}
14:09:07.612709 POST /session/bc763643-8652-4d35-ba30-986d1fb87677/element [45.238875ms] ERR:404 body={"strategy":"-android uiautomator","selector":"new UiSelector().descriptionContains(\"No landmarks y...
14:09:07.643028 POST /session/bc763643-8652-4d35-ba30-986d1fb87677/element [30.224041ms] ERR:404 body={"strategy":"-android uiautomator","selector":"new UiSelector().textMatches(\"(?is).*\\QNo landmarks...
14:09:07.652408 POST /session/bc763643-8652-4d35-ba30-986d1fb87677/element [9.302708ms] ERR:404 body={"strategy":"-android uiautomator","selector":"new UiSelector().descriptionMatches(\"(?is).*\\QNo la...
14:09:07.666098 POST /session/bc763643-8652-4d35-ba30-986d1fb87677/element [13.628334ms] ERR:404 body={"strategy":"-android uiautomator","selector":"new UiSelector().textContains(\"No landmarks yet\")"}
14:09:07.693641 POST /session/bc763643-8652-4d35-ba30-986d1fb87677/element [27.483292ms] ERR:404 body={"strategy":"-android uiautomator","selector":"new UiSelector().descriptionContains(\"No landmarks y...
14:09:07.714705 POST /session/bc763643-8652-4d35-ba30-986d1fb87677/element [20.998792ms] ERR:404 body={"strategy":"-android uiautomator","selector":"new UiSelector().textMatches(\"(?is).*\\QNo landmarks...
14:09:07.741078 POST /session/bc763643-8652-4d35-ba30-986d1fb87677/element [26.191709ms] ERR:404 body={"strategy":"-android uiautomator","selector":"new UiSelector().descriptionMatches(\"(?is).*\\QNo la...
14:09:07.756123 POST /session/bc763643-8652-4d35-ba30-986d1fb87677/element [14.868416ms] ERR:404 body={"strategy":"-android uiautomator","selector":"new UiSelector().textContains(\"No landmarks yet\")"}
14:09:07.770621 POST /session/bc763643-8652-4d35-ba30-986d1fb87677/element [14.389875ms] ERR:404 body={"strategy":"-android uiautomator","selector":"new UiSelector().descriptionContains(\"No landmarks y...
14:09:07.811103 POST /session/bc763643-8652-4d35-ba30-986d1fb87677/element [40.355084ms] ERR:404 body={"strategy":"-android uiautomator","selector":"new UiSelector().textMatches(\"(?is).*\\QNo landmarks...
14:09:07.837150 POST /session/bc763643-8652-4d35-ba30-986d1fb87677/element [25.696083ms] ERR:404 body={"strategy":"-android uiautomator","selector":"new UiSelector().descriptionMatches(\"(?is).*\\QNo la...
14:09:07.846703 POST /session/bc763643-8652-4d35-ba30-986d1fb87677/element [9.469791ms] ERR:404 body={"strategy":"-android uiautomator","selector":"new UiSelector().textContains(\"No landmarks yet\")"}
14:09:07.856010 POST /session/bc763643-8652-4d35-ba30-986d1fb87677/element [9.200458ms] ERR:404 body={"strategy":"-android uiautomator","selector":"new UiSelector().descriptionContains(\"No landmarks y...
14:09:07.891023 POST /session/bc763643-8652-4d35-ba30-986d1fb87677/element [34.936417ms] ERR:404 body={"strategy":"-android uiautomator","selector":"new UiSelector().textMatches(\"(?is).*\\QNo landmarks...
14:09:07.907522 POST /session/bc763643-8652-4d35-ba30-986d1fb87677/element [16.380584ms] ERR:404 body={"strategy":"-android uiautomator","selector":"new UiSelector().descriptionMatches(\"(?is).*\\QNo la...
14:09:07.925432 POST /session/bc763643-8652-4d35-ba30-986d1fb87677/element [17.813708ms] ERR:404 body={"strategy":"-android uiautomator","selector":"new UiSelector().textContains(\"No landmarks yet\")"}
14:09:07.946968 POST /session/bc763643-8652-4d35-ba30-986d1fb87677/element [21.431375ms] ERR:404 body={"strategy":"-android uiautomator","selector":"new UiSelector().descriptionContains(\"No landmarks y...
14:09:07.953569 POST /session/bc763643-8652-4d35-ba30-986d1fb87677/element [6.53775ms] ERR:404 body={"strategy":"-android uiautomator","selector":"new UiSelector().textMatches(\"(?is).*\\QNo landmarks...
14:09:07.984514 POST /session/bc763643-8652-4d35-ba30-986d1fb87677/element [30.534ms] ERR:404 body={"strategy":"-android uiautomator","selector":"new UiSelector().descriptionMatches(\"(?is).*\\QNo la...
14:09:08.000199 POST /session/bc763643-8652-4d35-ba30-986d1fb87677/element [15.582083ms] ERR:404 body={"strategy":"-android uiautomator","selector":"new UiSelector().textContains(\"No landmarks yet\")"}
14:09:08.018948 POST /session/bc763643-8652-4d35-ba30-986d1fb87677/element [18.640334ms] ERR:404 body={"strategy":"-android uiautomator","selector":"new UiSelector().descriptionContains(\"No landmarks y...
14:09:08.026414 POST /session/bc763643-8652-4d35-ba30-986d1fb87677/element [7.375542ms] ERR:404 body={"strategy":"-android uiautomator","selector":"new UiSelector().textMatches(\"(?is).*\\QNo landmarks...
14:09:08.057796 POST /session/bc763643-8652-4d35-ba30-986d1fb87677/element [31.29475ms] ERR:404 body={"strategy":"-android uiautomator","selector":"new UiSelector().descriptionMatches(\"(?is).*\\QNo la...
14:09:08.066896 POST /session/bc763643-8652-4d35-ba30-986d1fb87677/element [8.988333ms] ERR:404 body={"strategy":"-android uiautomator","selector":"new UiSelector().textContains(\"No landmarks yet\")"}
14:09:08.091325 POST /session/bc763643-8652-4d35-ba30-986d1fb87677/element [24.300541ms] ERR:404 body={"strategy":"-android uiautomator","selector":"new UiSelector().descriptionContains(\"No landmarks y...
14:09:08.103819 POST /session/bc763643-8652-4d35-ba30-986d1fb87677/element [12.384834ms] ERR:404 body={"strategy":"-android uiautomator","selector":"new UiSelector().textMatches(\"(?is).*\\QNo landmarks...
14:09:08.129457 POST /session/bc763643-8652-4d35-ba30-986d1fb87677/element [25.505875ms] ERR:404 body={"strategy":"-android uiautomator","selector":"new UiSelector().descriptionMatches(\"(?is).*\\QNo la...
14:09:08.165262 POST /session/bc763643-8652-4d35-ba30-986d1fb87677/element [35.698209ms] ERR:404 body={"strategy":"-android uiautomator","selector":"new UiSelector().textContains(\"No landmarks yet\")"}
14:09:08.189762 POST /session/bc763643-8652-4d35-ba30-986d1fb87677/element [24.406709ms] ERR:404 body={"strategy":"-android uiautomator","selector":"new UiSelector().descriptionContains(\"No landmarks y...
14:09:08.206326 POST /session/bc763643-8652-4d35-ba30-986d1fb87677/element [16.41925ms] ERR:404 body={"strategy":"-android uiautomator","selector":"new UiSelector().textMatches(\"(?is).*\\QNo landmarks...
14:09:08.215725 POST /session/bc763643-8652-4d35-ba30-986d1fb87677/element [9.143583ms] ERR:404 body={"strategy":"-android uiautomator","selector":"new UiSelector().descriptionMatches(\"(?is).*\\QNo la...
14:09:08.233001 POST /session/bc763643-8652-4d35-ba30-986d1fb87677/element [17.039084ms] ERR:404 body={"strategy":"-android uiautomator","selector":"new UiSelector().textContains(\"No landmarks yet\")"}
14:09:08.243074 POST /session/bc763643-8652-4d35-ba30-986d1fb87677/element [9.997ms] ERR:404 body={"strategy":"-android uiautomator","selector":"new UiSelector().descriptionContains(\"No landmarks y...
14:09:08.274252 POST /session/bc763643-8652-4d35-ba30-986d1fb87677/element [31.114792ms] ERR:404 body={"strategy":"-android uiautomator","selector":"new UiSelector().textMatches(\"(?is).*\\QNo landmarks...
14:09:08.306758 POST /session/bc763643-8652-4d35-ba30-986d1fb87677/element [32.433875ms] ERR:404 body={"strategy":"-android uiautomator","selector":"new UiSelector().descriptionMatches(\"(?is).*\\QNo la...
14:09:08.314350 POST /session/bc763643-8652-4d35-ba30-986d1fb87677/element [7.514542ms] ERR:404 body={"strategy":"-android uiautomator","selector":"new UiSelector().textContains(\"No landmarks yet\")"}
14:09:08.337454 POST /session/bc763643-8652-4d35-ba30-986d1fb87677/element [23.0075ms] ERR:404 body={"strategy":"-android uiautomator","selector":"new UiSelector().descriptionContains(\"No landmarks y...
14:09:08.366098 POST /session/bc763643-8652-4d35-ba30-986d1fb87677/element [28.564375ms] ERR:404 body={"strategy":"-android uiautomator","selector":"new UiSelector().textMatches(\"(?is).*\\QNo landmarks...
14:09:08.408149 POST /session/bc763643-8652-4d35-ba30-986d1fb87677/element [41.954375ms] ERR:404 body={"strategy":"-android uiautomator","selector":"new UiSelector().descriptionMatches(\"(?is).*\\QNo la...
14:09:08.430620 POST /session/bc763643-8652-4d35-ba30-986d1fb87677/element [22.391375ms] ERR:404 body={"strategy":"-android uiautomator","selector":"new UiSelector().textContains(\"No landmarks yet\")"}
14:09:08.445458 POST /session/bc763643-8652-4d35-ba30-986d1fb87677/element [14.740292ms] ERR:404 body={"strategy":"-android uiautomator","selector":"new UiSelector().descriptionContains(\"No landmarks y...
14:09:08.463250 POST /session/bc763643-8652-4d35-ba30-986d1fb87677/element [17.665209ms] ERR:404 body={"strategy":"-android uiautomator","selector":"new UiSelector().textMatches(\"(?is).*\\QNo landmarks...
14:09:08.511708 POST /session/bc763643-8652-4d35-ba30-986d1fb87677/element [48.33975ms] ERR:404 body={"strategy":"-android uiautomator","selector":"new UiSelector().descriptionMatches(\"(?is).*\\QNo la...
14:09:08.548355 GET /session/bc763643-8652-4d35-ba30-986d1fb87677/source [36.243708ms] OK body=
14:09:08.570025 POST /session/bc763643-8652-4d35-ba30-986d1fb87677/element [20.114ms] ERR:404 body={"strategy":"-android uiautomator","selector":"new UiSelector().textContains(\"No landmarks yet\")"}
14:09:08.577365 POST /session/bc763643-8652-4d35-ba30-986d1fb87677/element [7.251792ms] ERR:404 body={"strategy":"-android uiautomator","selector":"new UiSelector().descriptionContains(\"No landmarks y...
14:09:08.623800 POST /session/bc763643-8652-4d35-ba30-986d1fb87677/element [46.357833ms] ERR:404 body={"strategy":"-android uiautomator","selector":"new UiSelector().textMatches(\"(?is).*\\QNo landmarks...
14:09:08.656274 POST /session/bc763643-8652-4d35-ba30-986d1fb87677/element [32.337959ms] ERR:404 body={"strategy":"-android uiautomator","selector":"new UiSelector().descriptionMatches(\"(?is).*\\QNo la...
14:09:08.672817 POST /session/bc763643-8652-4d35-ba30-986d1fb87677/element [16.451833ms] ERR:404 body={"strategy":"-android uiautomator","selector":"new UiSelector().textContains(\"No landmarks yet\")"}
14:09:08.705957 POST /session/bc763643-8652-4d35-ba30-986d1fb87677/element [33.053959ms] ERR:404 body={"strategy":"-android uiautomator","selector":"new UiSelector().descriptionContains(\"No landmarks y...
14:09:08.731610 POST /session/bc763643-8652-4d35-ba30-986d1fb87677/element [25.582416ms] ERR:404 body={"strategy":"-android uiautomator","selector":"new UiSelector().textMatches(\"(?is).*\\QNo landmarks...
14:09:08.739014 POST /session/bc763643-8652-4d35-ba30-986d1fb87677/element [7.34375ms] ERR:404 body={"strategy":"-android uiautomator","selector":"new UiSelector().descriptionMatches(\"(?is).*\\QNo la...
14:09:08.763560 POST /session/bc763643-8652-4d35-ba30-986d1fb87677/element [24.37375ms] ERR:404 body={"strategy":"-android uiautomator","selector":"new UiSelector().textContains(\"No landmarks yet\")"}
14:09:08.775008 POST /session/bc763643-8652-4d35-ba30-986d1fb87677/element [11.327959ms] ERR:404 body={"strategy":"-android uiautomator","selector":"new UiSelector().descriptionContains(\"No landmarks y...
14:09:08.790051 POST /session/bc763643-8652-4d35-ba30-986d1fb87677/element [14.954542ms] ERR:404 body={"strategy":"-android uiautomator","selector":"new UiSelector().textMatches(\"(?is).*\\QNo landmarks...
14:09:08.807095 POST /session/bc763643-8652-4d35-ba30-986d1fb87677/element [16.957375ms] ERR:404 body={"strategy":"-android uiautomator","selector":"new UiSelector().descriptionMatches(\"(?is).*\\QNo la...
14:09:08.814588 POST /session/bc763643-8652-4d35-ba30-986d1fb87677/element [7.3935ms] ERR:404 body={"strategy":"-android uiautomator","selector":"new UiSelector().textContains(\"No landmarks yet\")"}
14:09:08.821021 POST /session/bc763643-8652-4d35-ba30-986d1fb87677/element [6.375375ms] ERR:404 body={"strategy":"-android uiautomator","selector":"new UiSelector().descriptionContains(\"No landmarks y...
14:09:08.829249 POST /session/bc763643-8652-4d35-ba30-986d1fb87677/element [8.175916ms] ERR:404 body={"strategy":"-android uiautomator","selector":"new UiSelector().textMatches(\"(?is).*\\QNo landmarks...
14:09:08.854290 POST /session/bc763643-8652-4d35-ba30-986d1fb87677/element [24.953334ms] ERR:404 body={"strategy":"-android uiautomator","selector":"new UiSelector().descriptionMatches(\"(?is).*\\QNo la...
14:09:08.863484 POST /session/bc763643-8652-4d35-ba30-986d1fb87677/element [9.13675ms] ERR:404 body={"strategy":"-android uiautomator","selector":"new UiSelector().textContains(\"No landmarks yet\")"}
14:09:08.884538 POST /session/bc763643-8652-4d35-ba30-986d1fb87677/element [20.994625ms] ERR:404 body={"strategy":"-android uiautomator","selector":"new UiSelector().descriptionContains(\"No landmarks y...
14:09:08.892263 POST /session/bc763643-8652-4d35-ba30-986d1fb87677/element [7.653541ms] ERR:404 body={"strategy":"-android uiautomator","selector":"new UiSelector().textMatches(\"(?is).*\\QNo landmarks...
14:09:08.904685 POST /session/bc763643-8652-4d35-ba30-986d1fb87677/element [12.341959ms] ERR:404 body={"strategy":"-android uiautomator","selector":"new UiSelector().descriptionMatches(\"(?is).*\\QNo la...
14:09:08.913427 POST /session/bc763643-8652-4d35-ba30-986d1fb87677/element [8.655167ms] ERR:404 body={"strategy":"-android uiautomator","selector":"new UiSelector().textContains(\"No landmarks yet\")"}
14:09:08.928919 POST /session/bc763643-8652-4d35-ba30-986d1fb87677/element [15.420375ms] ERR:404 body={"strategy":"-android uiautomator","selector":"new UiSelector().descriptionContains(\"No landmarks y...
14:09:08.937753 POST /session/bc763643-8652-4d35-ba30-986d1fb87677/element [8.73375ms] ERR:404 body={"strategy":"-android uiautomator","selector":"new UiSelector().textMatches(\"(?is).*\\QNo landmarks...
14:09:08.954722 POST /session/bc763643-8652-4d35-ba30-986d1fb87677/element [16.888916ms] ERR:404 body={"strategy":"-android uiautomator","selector":"new UiSelector().descriptionMatches(\"(?is).*\\QNo la...
14:09:08.965347 POST /session/bc763643-8652-4d35-ba30-986d1fb87677/element [10.499125ms] ERR:404 body={"strategy":"-android uiautomator","selector":"new UiSelector().textContains(\"No landmarks yet\")"}
14:09:08.978508 POST /session/bc763643-8652-4d35-ba30-986d1fb87677/element [13.068708ms] ERR:404 body={"strategy":"-android uiautomator","selector":"new UiSelector().descriptionContains(\"No landmarks y...
14:09:08.993052 POST /session/bc763643-8652-4d35-ba30-986d1fb87677/element [14.476833ms] ERR:404 body={"strategy":"-android uiautomator","selector":"new UiSelector().textMatches(\"(?is).*\\QNo landmarks...
14:09:09.006324 POST /session/bc763643-8652-4d35-ba30-986d1fb87677/element [13.20275ms] ERR:404 body={"strategy":"-android uiautomator","selector":"new UiSelector().descriptionMatches(\"(?is).*\\QNo la...
14:09:09.020394 POST /session/bc763643-8652-4d35-ba30-986d1fb87677/element [13.985ms] ERR:404 body={"strategy":"-android uiautomator","selector":"new UiSelector().textContains(\"No landmarks yet\")"}
14:09:09.035724 POST /session/bc763643-8652-4d35-ba30-986d1fb87677/element [15.204ms] ERR:404 body={"strategy":"-android uiautomator","selector":"new UiSelector().descriptionContains(\"No landmarks y...
14:09:09.056309 POST /session/bc763643-8652-4d35-ba30-986d1fb87677/element [20.489041ms] ERR:404 body={"strategy":"-android uiautomator","selector":"new UiSelector().textMatches(\"(?is).*\\QNo landmarks...
14:09:09.067797 POST /session/bc763643-8652-4d35-ba30-986d1fb87677/element [11.433875ms] ERR:404 body={"strategy":"-android uiautomator","selector":"new UiSelector().descriptionMatches(\"(?is).*\\QNo la...
14:09:09.085474 POST /session/bc763643-8652-4d35-ba30-986d1fb87677/element [17.611833ms] ERR:404 body={"strategy":"-android uiautomator","selector":"new UiSelector().textContains(\"No landmarks yet\")"}
14:09:09.110722 POST /session/bc763643-8652-4d35-ba30-986d1fb87677/element [25.168792ms] ERR:404 body={"strategy":"-android uiautomator","selector":"new UiSelector().descriptionContains(\"No landmarks y...
14:09:09.126699 POST /session/bc763643-8652-4d35-ba30-986d1fb87677/element [15.9025ms] ERR:404 body={"strategy":"-android uiautomator","selector":"new UiSelector().textMatches(\"(?is).*\\QNo landmarks...
14:09:09.140726 POST /session/bc763643-8652-4d35-ba30-986d1fb87677/element [13.956292ms] ERR:404 body={"strategy":"-android uiautomator","selector":"new UiSelector().descriptionMatches(\"(?is).*\\QNo la...
14:09:09.158177 POST /session/bc763643-8652-4d35-ba30-986d1fb87677/element [17.383875ms] ERR:404 body={"strategy":"-android uiautomator","selector":"new UiSelector().textContains(\"No landmarks yet\")"}
14:09:09.175893 POST /session/bc763643-8652-4d35-ba30-986d1fb87677/element [17.651709ms] ERR:404 body={"strategy":"-android uiautomator","selector":"new UiSelector().descriptionContains(\"No landmarks y...
14:09:09.183300 POST /session/bc763643-8652-4d35-ba30-986d1fb87677/element [7.352667ms] ERR:404 body={"strategy":"-android uiautomator","selector":"new UiSelector().textMatches(\"(?is).*\\QNo landmarks...
14:09:09.207728 POST /session/bc763643-8652-4d35-ba30-986d1fb87677/element [24.352708ms] ERR:404 body={"strategy":"-android uiautomator","selector":"new UiSelector().descriptionMatches(\"(?is).*\\QNo la...
14:09:09.215739 POST /session/bc763643-8652-4d35-ba30-986d1fb87677/element [7.955917ms] ERR:404 body={"strategy":"-android uiautomator","selector":"new UiSelector().textContains(\"No landmarks yet\")"}
14:09:09.225333 POST /session/bc763643-8652-4d35-ba30-986d1fb87677/element [9.539083ms] ERR:404 body={"strategy":"-android uiautomator","selector":"new UiSelector().descriptionContains(\"No landmarks y...
14:09:09.273051 POST /session/bc763643-8652-4d35-ba30-986d1fb87677/element [47.666708ms] ERR:404 body={"strategy":"-android uiautomator","selector":"new UiSelector().textMatches(\"(?is).*\\QNo landmarks...
14:09:09.290772 POST /session/bc763643-8652-4d35-ba30-986d1fb87677/element [17.609958ms] ERR:404 body={"strategy":"-android uiautomator","selector":"new UiSelector().descriptionMatches(\"(?is).*\\QNo la...
14:09:09.300892 POST /session/bc763643-8652-4d35-ba30-986d1fb87677/element [10.050959ms] ERR:404 body={"strategy":"-android uiautomator","selector":"new UiSelector().textContains(\"No landmarks yet\")"}
14:09:09.315993 POST /session/bc763643-8652-4d35-ba30-986d1fb87677/element [15.033333ms] ERR:404 body={"strategy":"-android uiautomator","selector":"new UiSelector().descriptionContains(\"No landmarks y...
14:09:09.340510 POST /session/bc763643-8652-4d35-ba30-986d1fb87677/element [24.414458ms] ERR:404 body={"strategy":"-android uiautomator","selector":"new UiSelector().textMatches(\"(?is).*\\QNo landmarks...
14:09:09.380908 POST /session/bc763643-8652-4d35-ba30-986d1fb87677/element [40.34725ms] ERR:404 body={"strategy":"-android uiautomator","selector":"new UiSelector().descriptionMatches(\"(?is).*\\QNo la...
14:09:09.412170 POST /session/bc763643-8652-4d35-ba30-986d1fb87677/element [31.173666ms] ERR:404 body={"strategy":"-android uiautomator","selector":"new UiSelector().textContains(\"No landmarks yet\")"}
14:09:09.424555 POST /session/bc763643-8652-4d35-ba30-986d1fb87677/element [12.309667ms] ERR:404 body={"strategy":"-android uiautomator","selector":"new UiSelector().descriptionContains(\"No landmarks y...
14:09:09.450254 POST /session/bc763643-8652-4d35-ba30-986d1fb87677/element [25.6235ms] ERR:404 body={"strategy":"-android uiautomator","selector":"new UiSelector().textMatches(\"(?is).*\\QNo landmarks...
14:09:09.475448 POST /session/bc763643-8652-4d35-ba30-986d1fb87677/element [25.084375ms] ERR:404 body={"strategy":"-android uiautomator","selector":"new UiSelector().descriptionMatches(\"(?is).*\\QNo la...
14:09:09.487106 POST /session/bc763643-8652-4d35-ba30-986d1fb87677/element [11.598292ms] ERR:404 body={"strategy":"-android uiautomator","selector":"new UiSelector().textContains(\"No landmarks yet\")"}
14:09:09.494255 POST /session/bc763643-8652-4d35-ba30-986d1fb87677/element [7.07975ms] ERR:404 body={"strategy":"-android uiautomator","selector":"new UiSelector().descriptionContains(\"No landmarks y...
14:09:09.511692 POST /session/bc763643-8652-4d35-ba30-986d1fb87677/element [17.35325ms] ERR:404 body={"strategy":"-android uiautomator","selector":"new UiSelector().textMatches(\"(?is).*\\QNo landmarks...
14:09:09.525664 POST /session/bc763643-8652-4d35-ba30-986d1fb87677/element [13.869167ms] ERR:404 body={"strategy":"-android uiautomator","selector":"new UiSelector().descriptionMatches(\"(?is).*\\QNo la...
14:09:09.555763 POST /session/bc763643-8652-4d35-ba30-986d1fb87677/element [30.033875ms] ERR:404 body={"strategy":"-android uiautomator","selector":"new UiSelector().textContains(\"No landmarks yet\")"}
14:09:09.567720 POST /session/bc763643-8652-4d35-ba30-986d1fb87677/element [11.8005ms] ERR:404 body={"strategy":"-android uiautomator","selector":"new UiSelector().descriptionContains(\"No landmarks y...
14:09:09.619509 POST /session/bc763643-8652-4d35-ba30-986d1fb87677/element [51.730083ms] ERR:404 body={"strategy":"-android uiautomator","selector":"new UiSelector().textMatches(\"(?is).*\\QNo landmarks...
14:09:09.688306 POST /session/bc763643-8652-4d35-ba30-986d1fb87677/element [68.723292ms] ERR:404 body={"strategy":"-android uiautomator","selector":"new UiSelector().descriptionMatches(\"(?is).*\\QNo la...
14:09:09.730669 GET /session/bc763643-8652-4d35-ba30-986d1fb87677/source [41.738959ms] OK body=
14:09:09.956868 GET /session/bc763643-8652-4d35-ba30-986d1fb87677/screenshot [224.214417ms] OK body=
14:09:09.980727 GET /session/bc763643-8652-4d35-ba30-986d1fb87677/source [23.308833ms] OK body=
14:09:09.987213 DELETE /session/bc763643-8652-4d35-ba30-986d1fb87677 [2.954917ms] OK body=
