14:01:24.378964 POST /session [7.790417ms] OK body={"capabilities":{"platformName":"Android","deviceName":"sdk_gphone64_arm64"}}
14:01:24.382605 POST /session/3e353224-9f02-4fc2-9e0c-ee168cb733b6/appium/settings [3.553084ms] OK body={"settings":{"enableMultiWindows":true,"waitForIdleTimeout":200}}
14:01:24.384838 POST /session/3e353224-9f02-4fc2-9e0c-ee168cb733b6/appium/settings [2.212458ms] OK body={"settings":{"implicitWait":100}}
14:01:24.429779 GET /session/3e353224-9f02-4fc2-9e0c-ee168cb733b6/appium/device/info [20.0315ms] OK body=
14:01:24.438683 POST /session/3e353224-9f02-4fc2-9e0c-ee168cb733b6/appium/settings [6.615292ms] OK body={"settings":{"waitForIdleTimeout":200}}
14:01:25.160468 POST /session/3e353224-9f02-4fc2-9e0c-ee168cb733b6/appium/device/launch_app [9.849417ms] OK body={"appId":"com.kylebrowning.landmarks"}
14:01:26.628313 POST /session/3e353224-9f02-4fc2-9e0c-ee168cb733b6/element [465.773208ms] ERR:404 body={"strategy":"-android uiautomator","selector":"new UiSelector().textContains(\"Deep Links\").clickab...
14:01:27.192887 POST /session/3e353224-9f02-4fc2-9e0c-ee168cb733b6/element [564.425125ms] ERR:404 body={"strategy":"-android uiautomator","selector":"new UiSelector().descriptionContains(\"Deep Links\")....
14:01:27.221674 POST /session/3e353224-9f02-4fc2-9e0c-ee168cb733b6/element [28.675ms] OK body={"strategy":"-android uiautomator","selector":"new UiSelector().textContains(\"Deep Links\")"}
14:01:27.287760 GET /session/3e353224-9f02-4fc2-9e0c-ee168cb733b6/source [65.829167ms] OK body=
14:01:27.351281 POST /session/3e353224-9f02-4fc2-9e0c-ee168cb733b6/appium/gestures/click [62.3845ms] OK body={"offset":{"x":907,"y":2232}}
14:01:27.967781 POST /session/3e353224-9f02-4fc2-9e0c-ee168cb733b6/element [601.066ms] ERR:404 body={"strategy":"-android uiautomator","selector":"new UiSelector().textContains(\"hello\")"}
14:01:27.985376 POST /session/3e353224-9f02-4fc2-9e0c-ee168cb733b6/element [17.514625ms] ERR:404 body={"strategy":"-android uiautomator","selector":"new UiSelector().descriptionContains(\"hello\")"}
14:01:28.002893 POST /session/3e353224-9f02-4fc2-9e0c-ee168cb733b6/element [17.438458ms] ERR:404 body={"strategy":"-android uiautomator","selector":"new UiSelector().textMatches(\"(?is).*\\Qhello\\E.*\"...
14:01:28.020560 POST /session/3e353224-9f02-4fc2-9e0c-ee168cb733b6/element [17.594292ms] ERR:404 body={"strategy":"-android uiautomator","selector":"new UiSelector().descriptionMatches(\"(?is).*\\Qhello...
14:01:28.037110 POST /session/3e353224-9f02-4fc2-9e0c-ee168cb733b6/element [16.4895ms] ERR:404 body={"strategy":"-android uiautomator","selector":"new UiSelector().textContains(\"hello\")"}
14:01:28.052145 POST /session/3e353224-9f02-4fc2-9e0c-ee168cb733b6/element [14.974875ms] ERR:404 body={"strategy":"-android uiautomator","selector":"new UiSelector().descriptionContains(\"hello\")"}
14:01:28.067287 POST /session/3e353224-9f02-4fc2-9e0c-ee168cb733b6/element [15.08275ms] ERR:404 body={"strategy":"-android uiautomator","selector":"new UiSelector().textMatches(\"(?is).*\\Qhello\\E.*\"...
14:01:28.082033 POST /session/3e353224-9f02-4fc2-9e0c-ee168cb733b6/element [14.676166ms] ERR:404 body={"strategy":"-android uiautomator","selector":"new UiSelector().descriptionMatches(\"(?is).*\\Qhello...
14:01:28.097659 POST /session/3e353224-9f02-4fc2-9e0c-ee168cb733b6/element [15.564875ms] ERR:404 body={"strategy":"-android uiautomator","selector":"new UiSelector().textContains(\"hello\")"}
14:01:28.112368 POST /session/3e353224-9f02-4fc2-9e0c-ee168cb733b6/element [14.641625ms] ERR:404 body={"strategy":"-android uiautomator","selector":"new UiSelector().descriptionContains(\"hello\")"}
14:01:28.126935 POST /session/3e353224-9f02-4fc2-9e0c-ee168cb733b6/element [14.50775ms] ERR:404 body={"strategy":"-android uiautomator","selector":"new UiSelector().textMatches(\"(?is).*\\Qhello\\E.*\"...
14:01:28.141205 POST /session/3e353224-9f02-4fc2-9e0c-ee168cb733b6/element [14.095292ms] ERR:404 body={"strategy":"-android uiautomator","selector":"new UiSelector().descriptionMatches(\"(?is).*\\Qhello...
14:01:28.156351 POST /session/3e353224-9f02-4fc2-9e0c-ee168cb733b6/element [15.082ms] ERR:404 body={"strategy":"-android uiautomator","selector":"new UiSelector().textContains(\"hello\")"}
14:01:28.170908 POST /session/3e353224-9f02-4fc2-9e0c-ee168cb733b6/element [14.482833ms] ERR:404 body={"strategy":"-android uiautomator","selector":"new UiSelector().descriptionContains(\"hello\")"}
14:01:28.187161 POST /session/3e353224-9f02-4fc2-9e0c-ee168cb733b6/element [16.193ms] ERR:404 body={"strategy":"-android uiautomator","selector":"new UiSelector().textMatches(\"(?is).*\\Qhello\\E.*\"...
14:01:28.202362 POST /session/3e353224-9f02-4fc2-9e0c-ee168cb733b6/element [15.137709ms] ERR:404 body={"strategy":"-android uiautomator","selector":"new UiSelector().descriptionMatches(\"(?is).*\\Qhello...
14:01:28.218571 POST /session/3e353224-9f02-4fc2-9e0c-ee168cb733b6/element [16.144916ms] ERR:404 body={"strategy":"-android uiautomator","selector":"new UiSelector().textContains(\"hello\")"}
14:01:28.234476 POST /session/3e353224-9f02-4fc2-9e0c-ee168cb733b6/element [15.280958ms] ERR:404 body={"strategy":"-android uiautomator","selector":"new UiSelector().descriptionContains(\"hello\")"}
14:01:28.250212 POST /session/3e353224-9f02-4fc2-9e0c-ee168cb733b6/element [15.6765ms] ERR:404 body={"strategy":"-android uiautomator","selector":"new UiSelector().textMatches(\"(?is).*\\Qhello\\E.*\"...
14:01:28.271089 POST /session/3e353224-9f02-4fc2-9e0c-ee168cb733b6/element [20.819209ms] ERR:404 body={"strategy":"-android uiautomator","selector":"new UiSelector().descriptionMatches(\"(?is).*\\Qhello...
14:01:28.289837 POST /session/3e353224-9f02-4fc2-9e0c-ee168cb733b6/element [18.675708ms] ERR:404 body={"strategy":"-android uiautomator","selector":"new UiSelector().textContains(\"hello\")"}
14:01:28.310068 POST /session/3e353224-9f02-4fc2-9e0c-ee168cb733b6/element [20.166875ms] ERR:404 body={"strategy":"-android uiautomator","selector":"new UiSelector().descriptionContains(\"hello\")"}
14:01:28.328145 POST /session/3e353224-9f02-4fc2-9e0c-ee168cb733b6/element [18.016ms] ERR:404 body={"strategy":"-android uiautomator","selector":"new UiSelector().textMatches(\"(?is).*\\Qhello\\E.*\"...
14:01:28.353640 POST /session/3e353224-9f02-4fc2-9e0c-ee168cb733b6/element [25.415ms] ERR:404 body={"strategy":"-android uiautomator","selector":"new UiSelector().descriptionMatches(\"(?is).*\\Qhello...
14:01:28.373363 POST /session/3e353224-9f02-4fc2-9e0c-ee168cb733b6/element [19.630417ms] ERR:404 body={"strategy":"-android uiautomator","selector":"new UiSelector().textContains(\"hello\")"}
14:01:28.390536 POST /session/3e353224-9f02-4fc2-9e0c-ee168cb733b6/element [17.111459ms] ERR:404 body={"strategy":"-android uiautomator","selector":"new UiSelector().descriptionContains(\"hello\")"}
14:01:28.407609 POST /session/3e353224-9f02-4fc2-9e0c-ee168cb733b6/element [17.0215ms] ERR:404 body={"strategy":"-android uiautomator","selector":"new UiSelector().textMatches(\"(?is).*\\Qhello\\E.*\"...
14:01:28.423492 POST /session/3e353224-9f02-4fc2-9e0c-ee168cb733b6/element [15.823625ms] ERR:404 body={"strategy":"-android uiautomator","selector":"new UiSelector().descriptionMatches(\"(?is).*\\Qhello...
14:01:28.440166 POST /session/3e353224-9f02-4fc2-9e0c-ee168cb733b6/element [16.618541ms] ERR:404 body={"strategy":"-android uiautomator","selector":"new UiSelector().textContains(\"hello\")"}
14:01:28.468145 POST /session/3e353224-9f02-4fc2-9e0c-ee168cb733b6/element [27.897417ms] ERR:404 body={"strategy":"-android uiautomator","selector":"new UiSelector().descriptionContains(\"hello\")"}
14:01:28.495026 POST /session/3e353224-9f02-4fc2-9e0c-ee168cb733b6/element [26.823167ms] ERR:404 body={"strategy":"-android uiautomator","selector":"new UiSelector().textMatches(\"(?is).*\\Qhello\\E.*\"...
14:01:28.517044 POST /session/3e353224-9f02-4fc2-9e0c-ee168cb733b6/element [21.955334ms] ERR:404 body={"strategy":"-android uiautomator","selector":"new UiSelector().descriptionMatches(\"(?is).*\\Qhello...
14:01:28.561692 POST /session/3e353224-9f02-4fc2-9e0c-ee168cb733b6/element [44.585042ms] ERR:404 body={"strategy":"-android uiautomator","selector":"new UiSelector().textContains(\"hello\")"}
14:01:28.582515 POST /session/3e353224-9f02-4fc2-9e0c-ee168cb733b6/element [20.749416ms] ERR:404 body={"strategy":"-android uiautomator","selector":"new UiSelector().descriptionContains(\"hello\")"}
14:01:28.599147 POST /session/3e353224-9f02-4fc2-9e0c-ee168cb733b6/element [16.564917ms] ERR:404 body={"strategy":"-android uiautomator","selector":"new UiSelector().textMatches(\"(?is).*\\Qhello\\E.*\"...
14:01:28.621346 POST /session/3e353224-9f02-4fc2-9e0c-ee168cb733b6/element [22.106542ms] ERR:404 body={"strategy":"-android uiautomator","selector":"new UiSelector().descriptionMatches(\"(?is).*\\Qhello...
14:01:28.640108 POST /session/3e353224-9f02-4fc2-9e0c-ee168cb733b6/element [18.671667ms] ERR:404 body={"strategy":"-android uiautomator","selector":"new UiSelector().textContains(\"hello\")"}
14:01:28.658550 POST /session/3e353224-9f02-4fc2-9e0c-ee168cb733b6/element [18.380834ms] ERR:404 body={"strategy":"-android uiautomator","selector":"new UiSelector().descriptionContains(\"hello\")"}
14:01:28.677630 POST /session/3e353224-9f02-4fc2-9e0c-ee168cb733b6/element [19.023458ms] ERR:404 body={"strategy":"-android uiautomator","selector":"new UiSelector().textMatches(\"(?is).*\\Qhello\\E.*\"...
14:01:28.698062 POST /session/3e353224-9f02-4fc2-9e0c-ee168cb733b6/element [20.366042ms] ERR:404 body={"strategy":"-android uiautomator","selector":"new UiSelector().descriptionMatches(\"(?is).*\\Qhello...
14:01:28.715504 POST /session/3e353224-9f02-4fc2-9e0c-ee168cb733b6/element [17.367417ms] ERR:404 body={"strategy":"-android uiautomator","selector":"new UiSelector().textContains(\"hello\")"}
14:01:28.734059 POST /session/3e353224-9f02-4fc2-9e0c-ee168cb733b6/element [18.273291ms] ERR:404 body={"strategy":"-android uiautomator","selector":"new UiSelector().descriptionContains(\"hello\")"}
14:01:28.748944 POST /session/3e353224-9f02-4fc2-9e0c-ee168cb733b6/element [14.818583ms] ERR:404 body={"strategy":"-android uiautomator","selector":"new UiSelector().textMatches(\"(?is).*\\Qhello\\E.*\"...
14:01:28.765160 POST /session/3e353224-9f02-4fc2-9e0c-ee168cb733b6/element [16.15425ms] ERR:404 body={"strategy":"-android uiautomator","selector":"new UiSelector().descriptionMatches(\"(?is).*\\Qhello...
14:01:28.780517 POST /session/3e353224-9f02-4fc2-9e0c-ee168cb733b6/element [15.287042ms] ERR:404 body={"strategy":"-android uiautomator","selector":"new UiSelector().textContains(\"hello\")"}
14:01:28.796556 POST /session/3e353224-9f02-4fc2-9e0c-ee168cb733b6/element [15.977041ms] ERR:404 body={"strategy":"-android uiautomator","selector":"new UiSelector().descriptionContains(\"hello\")"}
14:01:28.811293 POST /session/3e353224-9f02-4fc2-9e0c-ee168cb733b6/element [14.680458ms] ERR:404 body={"strategy":"-android uiautomator","selector":"new UiSelector().textMatches(\"(?is).*\\Qhello\\E.*\"...
14:01:28.826207 POST /session/3e353224-9f02-4fc2-9e0c-ee168cb733b6/element [14.837834ms] ERR:404 body={"strategy":"-android uiautomator","selector":"new UiSelector().descriptionMatches(\"(?is).*\\Qhello...
14:01:28.841492 POST /session/3e353224-9f02-4fc2-9e0c-ee168cb733b6/element [15.226ms] ERR:404 body={"strategy":"-android uiautomator","selector":"new UiSelector().textContains(\"hello\")"}
14:01:28.857530 POST /session/3e353224-9f02-4fc2-9e0c-ee168cb733b6/element [15.981792ms] ERR:404 body={"strategy":"-android uiautomator","selector":"new UiSelector().descriptionContains(\"hello\")"}
14:01:28.872914 POST /session/3e353224-9f02-4fc2-9e0c-ee168cb733b6/element [15.329458ms] ERR:404 body={"strategy":"-android uiautomator","selector":"new UiSelector().textMatches(\"(?is).*\\Qhello\\E.*\"...
14:01:28.891726 POST /session/3e353224-9f02-4fc2-9e0c-ee168cb733b6/element [18.758333ms] ERR:404 body={"strategy":"-android uiautomator","selector":"new UiSelector().descriptionMatches(\"(?is).*\\Qhello...
14:01:28.913272 POST /session/3e353224-9f02-4fc2-9e0c-ee168cb733b6/element [21.477375ms] ERR:404 body={"strategy":"-android uiautomator","selector":"new UiSelector().textContains(\"hello\")"}
14:01:28.930907 POST /session/3e353224-9f02-4fc2-9e0c-ee168cb733b6/element [17.577666ms] ERR:404 body={"strategy":"-android uiautomator","selector":"new UiSelector().descriptionContains(\"hello\")"}
14:01:28.945969 POST /session/3e353224-9f02-4fc2-9e0c-ee168cb733b6/element [14.991667ms] ERR:404 body={"strategy":"-android uiautomator","selector":"new UiSelector().textMatches(\"(?is).*\\Qhello\\E.*\"...
14:01:28.961774 POST /session/3e353224-9f02-4fc2-9e0c-ee168cb733b6/element [15.736875ms] ERR:404 body={"strategy":"-android uiautomator","selector":"new UiSelector().descriptionMatches(\"(?is).*\\Qhello...
14:01:28.991010 POST /session/3e353224-9f02-4fc2-9e0c-ee168cb733b6/element [29.171125ms] ERR:404 body={"strategy":"-android uiautomator","selector":"new UiSelector().textContains(\"hello\")"}
14:01:29.014901 POST /session/3e353224-9f02-4fc2-9e0c-ee168cb733b6/element [23.831917ms] ERR:404 body={"strategy":"-android uiautomator","selector":"new UiSelector().descriptionContains(\"hello\")"}
14:01:29.037479 POST /session/3e353224-9f02-4fc2-9e0c-ee168cb733b6/element [22.515542ms] ERR:404 body={"strategy":"-android uiautomator","selector":"new UiSelector().textMatches(\"(?is).*\\Qhello\\E.*\"...
14:01:29.057061 POST /session/3e353224-9f02-4fc2-9e0c-ee168cb733b6/element [19.498666ms] ERR:404 body={"strategy":"-android uiautomator","selector":"new UiSelector().descriptionMatches(\"(?is).*\\Qhello...
14:01:29.073595 POST /session/3e353224-9f02-4fc2-9e0c-ee168cb733b6/element [16.428333ms] ERR:404 body={"strategy":"-android uiautomator","selector":"new UiSelector().textContains(\"hello\")"}
14:01:29.089486 POST /session/3e353224-9f02-4fc2-9e0c-ee168cb733b6/element [15.830292ms] ERR:404 body={"strategy":"-android uiautomator","selector":"new UiSelector().descriptionContains(\"hello\")"}
14:01:29.106917 POST /session/3e353224-9f02-4fc2-9e0c-ee168cb733b6/element [17.37025ms] ERR:404 body={"strategy":"-android uiautomator","selector":"new UiSelector().textMatches(\"(?is).*\\Qhello\\E.*\"...
14:01:29.127708 POST /session/3e353224-9f02-4fc2-9e0c-ee168cb733b6/element [17.886ms] ERR:404 body={"strategy":"-android uiautomator","selector":"new UiSelector().descriptionMatches(\"(?is).*\\Qhello...
14:01:29.153609 POST /session/3e353224-9f02-4fc2-9e0c-ee168cb733b6/element [25.818167ms] ERR:404 body={"strategy":"-android uiautomator","selector":"new UiSelector().textContains(\"hello\")"}
14:01:29.166223 POST /session/3e353224-9f02-4fc2-9e0c-ee168cb733b6/element [12.171917ms] ERR:404 body={"strategy":"-android uiautomator","selector":"new UiSelector().descriptionContains(\"hello\")"}
14:01:29.195624 POST /session/3e353224-9f02-4fc2-9e0c-ee168cb733b6/element [29.338917ms] ERR:404 body={"strategy":"-android uiautomator","selector":"new UiSelector().textMatches(\"(?is).*\\Qhello\\E.*\"...
14:01:29.225613 POST /session/3e353224-9f02-4fc2-9e0c-ee168cb733b6/element [29.911959ms] ERR:404 body={"strategy":"-android uiautomator","selector":"new UiSelector().descriptionMatches(\"(?is).*\\Qhello...
14:01:29.293738 POST /session/3e353224-9f02-4fc2-9e0c-ee168cb733b6/element [68.020709ms] ERR:404 body={"strategy":"-android uiautomator","selector":"new UiSelector().textContains(\"hello\")"}
14:01:29.320962 POST /session/3e353224-9f02-4fc2-9e0c-ee168cb733b6/element [27.148833ms] ERR:404 body={"strategy":"-android uiautomator","selector":"new UiSelector().descriptionContains(\"hello\")"}
14:01:29.339106 POST /session/3e353224-9f02-4fc2-9e0c-ee168cb733b6/element [18.086375ms] ERR:404 body={"strategy":"-android uiautomator","selector":"new UiSelector().textMatches(\"(?is).*\\Qhello\\E.*\"...
14:01:29.356911 POST /session/3e353224-9f02-4fc2-9e0c-ee168cb733b6/element [17.712ms] ERR:404 body={"strategy":"-android uiautomator","selector":"new UiSelector().descriptionMatches(\"(?is).*\\Qhello...
14:01:29.377538 POST /session/3e353224-9f02-4fc2-9e0c-ee168cb733b6/element [20.552417ms] ERR:404 body={"strategy":"-android uiautomator","selector":"new UiSelector().textContains(\"hello\")"}
14:01:29.396200 POST /session/3e353224-9f02-4fc2-9e0c-ee168cb733b6/element [18.60925ms] ERR:404 body={"strategy":"-android uiautomator","selector":"new UiSelector().descriptionContains(\"hello\")"}
14:01:29.412033 POST /session/3e353224-9f02-4fc2-9e0c-ee168cb733b6/element [15.755584ms] ERR:404 body={"strategy":"-android uiautomator","selector":"new UiSelector().textMatches(\"(?is).*\\Qhello\\E.*\"...
14:01:29.429735 POST /session/3e353224-9f02-4fc2-9e0c-ee168cb733b6/element [17.641375ms] ERR:404 body={"strategy":"-android uiautomator","selector":"new UiSelector().descriptionMatches(\"(?is).*\\Qhello...
14:01:29.451104 POST /session/3e353224-9f02-4fc2-9e0c-ee168cb733b6/element [21.194708ms] ERR:404 body={"strategy":"-android uiautomator","selector":"new UiSelector().textContains(\"hello\")"}
14:01:29.470614 POST /session/3e353224-9f02-4fc2-9e0c-ee168cb733b6/element [19.439125ms] ERR:404 body={"strategy":"-android uiautomator","selector":"new UiSelector().descriptionContains(\"hello\")"}
14:01:29.489193 POST /session/3e353224-9f02-4fc2-9e0c-ee168cb733b6/element [18.504709ms] ERR:404 body={"strategy":"-android uiautomator","selector":"new UiSelector().textMatches(\"(?is).*\\Qhello\\E.*\"...
14:01:29.506925 POST /session/3e353224-9f02-4fc2-9e0c-ee168cb733b6/element [17.610916ms] ERR:404 body={"strategy":"-android uiautomator","selector":"new UiSelector().descriptionMatches(\"(?is).*\\Qhello...
14:01:29.522867 POST /session/3e353224-9f02-4fc2-9e0c-ee168cb733b6/element [15.892875ms] ERR:404 body={"strategy":"-android uiautomator","selector":"new UiSelector().textContains(\"hello\")"}
14:01:29.542854 POST /session/3e353224-9f02-4fc2-9e0c-ee168cb733b6/element [19.931042ms] ERR:404 body={"strategy":"-android uiautomator","selector":"new UiSelector().descriptionContains(\"hello\")"}
14:01:29.560539 POST /session/3e353224-9f02-4fc2-9e0c-ee168cb733b6/element [17.625292ms] ERR:404 body={"strategy":"-android uiautomator","selector":"new UiSelector().textMatches(\"(?is).*\\Qhello\\E.*\"...
14:01:29.581171 POST /session/3e353224-9f02-4fc2-9e0c-ee168cb733b6/element [18.315958ms] ERR:404 body={"strategy":"-android uiautomator","selector":"new UiSelector().descriptionMatches(\"(?is).*\\Qhello...
14:01:29.603844 POST /session/3e353224-9f02-4fc2-9e0c-ee168cb733b6/element [22.61375ms] ERR:404 body={"strategy":"-android uiautomator","selector":"new UiSelector().textContains(\"hello\")"}
14:01:29.623459 POST /session/3e353224-9f02-4fc2-9e0c-ee168cb733b6/element [19.553375ms] ERR:404 body={"strategy":"-android uiautomator","selector":"new UiSelector().descriptionContains(\"hello\")"}
14:01:29.639721 POST /session/3e353224-9f02-4fc2-9e0c-ee168cb733b6/element [15.795958ms] ERR:404 body={"strategy":"-android uiautomator","selector":"new UiSelector().textMatches(\"(?is).*\\Qhello\\E.*\"...
14:01:29.655495 POST /session/3e353224-9f02-4fc2-9e0c-ee168cb733b6/element [15.703459ms] ERR:404 body={"strategy":"-android uiautomator","selector":"new UiSelector().descriptionMatches(\"(?is).*\\Qhello...
14:01:29.702551 POST /session/3e353224-9f02-4fc2-9e0c-ee168cb733b6/element [47.000958ms] ERR:404 body={"strategy":"-android uiautomator","selector":"new UiSelector().textContains(\"hello\")"}
14:01:29.756934 POST /session/3e353224-9f02-4fc2-9e0c-ee168cb733b6/element [54.327459ms] ERR:404 body={"strategy":"-android uiautomator","selector":"new UiSelector().descriptionContains(\"hello\")"}
14:01:29.780088 POST /session/3e353224-9f02-4fc2-9e0c-ee168cb733b6/element [22.289083ms] ERR:404 body={"strategy":"-android uiautomator","selector":"new UiSelector().textMatches(\"(?is).*\\Qhello\\E.*\"...
14:01:29.801902 POST /session/3e353224-9f02-4fc2-9e0c-ee168cb733b6/element [21.745917ms] ERR:404 body={"strategy":"-android uiautomator","selector":"new UiSelector().descriptionMatches(\"(?is).*\\Qhello...
14:01:29.819055 POST /session/3e353224-9f02-4fc2-9e0c-ee168cb733b6/element [17.099667ms] ERR:404 body={"strategy":"-android uiautomator","selector":"new UiSelector().textContains(\"hello\")"}
14:01:29.831387 POST /session/3e353224-9f02-4fc2-9e0c-ee168cb733b6/element [12.275542ms] ERR:404 body={"strategy":"-android uiautomator","selector":"new UiSelector().descriptionContains(\"hello\")"}
14:01:29.859351 POST /session/3e353224-9f02-4fc2-9e0c-ee168cb733b6/element [27.907375ms] ERR:404 body={"strategy":"-android uiautomator","selector":"new UiSelector().textMatches(\"(?is).*\\Qhello\\E.*\"...
14:01:29.876522 POST /session/3e353224-9f02-4fc2-9e0c-ee168cb733b6/element [17.100625ms] ERR:404 body={"strategy":"-android uiautomator","selector":"new UiSelector().descriptionMatches(\"(?is).*\\Qhello...
14:01:29.902215 POST /session/3e353224-9f02-4fc2-9e0c-ee168cb733b6/element [25.636791ms] ERR:404 body={"strategy":"-android uiautomator","selector":"new UiSelector().textContains(\"hello\")"}
14:01:29.916959 POST /session/3e353224-9f02-4fc2-9e0c-ee168cb733b6/element [14.682125ms] ERR:404 body={"strategy":"-android uiautomator","selector":"new UiSelector().descriptionContains(\"hello\")"}
14:01:29.936588 POST /session/3e353224-9f02-4fc2-9e0c-ee168cb733b6/element [19.567333ms] ERR:404 body={"strategy":"-android uiautomator","selector":"new UiSelector().textMatches(\"(?is).*\\Qhello\\E.*\"...
14:01:29.959911 POST /session/3e353224-9f02-4fc2-9e0c-ee168cb733b6/element [23.263791ms] ERR:404 body={"strategy":"-android uiautomator","selector":"new UiSelector().descriptionMatches(\"(?is).*\\Qhello...
14:01:29.984276 POST /session/3e353224-9f02-4fc2-9e0c-ee168cb733b6/element [24.311125ms] ERR:404 body={"strategy":"-android uiautomator","selector":"new UiSelector().textContains(\"hello\")"}
14:01:30.006273 POST /session/3e353224-9f02-4fc2-9e0c-ee168cb733b6/element [21.938542ms] ERR:404 body={"strategy":"-android uiautomator","selector":"new UiSelector().descriptionContains(\"hello\")"}
14:01:30.023098 POST /session/3e353224-9f02-4fc2-9e0c-ee168cb733b6/element [16.73625ms] ERR:404 body={"strategy":"-android uiautomator","selector":"new UiSelector().textMatches(\"(?is).*\\Qhello\\E.*\"...
14:01:30.037927 POST /session/3e353224-9f02-4fc2-9e0c-ee168cb733b6/element [14.761458ms] ERR:404 body={"strategy":"-android uiautomator","selector":"new UiSelector().descriptionMatches(\"(?is).*\\Qhello...
14:01:30.055147 POST /session/3e353224-9f02-4fc2-9e0c-ee168cb733b6/element [17.167416ms] ERR:404 body={"strategy":"-android uiautomator","selector":"new UiSelector().textContains(\"hello\")"}
14:01:30.078494 POST /session/3e353224-9f02-4fc2-9e0c-ee168cb733b6/element [23.282458ms] ERR:404 body={"strategy":"-android uiautomator","selector":"new UiSelector().descriptionContains(\"hello\")"}
14:01:30.092167 POST /session/3e353224-9f02-4fc2-9e0c-ee168cb733b6/element [13.608458ms] ERR:404 body={"strategy":"-android uiautomator","selector":"new UiSelector().textMatches(\"(?is).*\\Qhello\\E.*\"...
14:01:30.106846 POST /session/3e353224-9f02-4fc2-9e0c-ee168cb733b6/element [14.61425ms] ERR:404 body={"strategy":"-android uiautomator","selector":"new UiSelector().descriptionMatches(\"(?is).*\\Qhello...
14:01:30.133769 POST /session/3e353224-9f02-4fc2-9e0c-ee168cb733b6/element [26.868ms] ERR:404 body={"strategy":"-android uiautomator","selector":"new UiSelector().textContains(\"hello\")"}
14:01:30.146395 POST /session/3e353224-9f02-4fc2-9e0c-ee168cb733b6/element [12.574542ms] ERR:404 body={"strategy":"-android uiautomator","selector":"new UiSelector().descriptionContains(\"hello\")"}
14:01:30.168710 POST /session/3e353224-9f02-4fc2-9e0c-ee168cb733b6/element [22.257125ms] ERR:404 body={"strategy":"-android uiautomator","selector":"new UiSelector().textMatches(\"(?is).*\\Qhello\\E.*\"...
14:01:30.199384 POST /session/3e353224-9f02-4fc2-9e0c-ee168cb733b6/element [30.616667ms] ERR:404 body={"strategy":"-android uiautomator","selector":"new UiSelector().descriptionMatches(\"(?is).*\\Qhello...
14:01:30.208602 POST /session/3e353224-9f02-4fc2-9e0c-ee168cb733b6/element [9.150709ms] ERR:404 body={"strategy":"-android uiautomator","selector":"new UiSelector().textContains(\"hello\")"}
14:01:30.227803 POST /session/3e353224-9f02-4fc2-9e0c-ee168cb733b6/element [19.137917ms] ERR:404 body={"strategy":"-android uiautomator","selector":"new UiSelector().descriptionContains(\"hello\")"}
14:01:30.264310 POST /session/3e353224-9f02-4fc2-9e0c-ee168cb733b6/element [36.442333ms] ERR:404 body={"strategy":"-android uiautomator","selector":"new UiSelector().textMatches(\"(?is).*\\Qhello\\E.*\"...
14:01:30.332912 POST /session/3e353224-9f02-4fc2-9e0c-ee168cb733b6/element [68.525209ms] ERR:404 body={"strategy":"-android uiautomator","selector":"new UiSelector().descriptionMatches(\"(?is).*\\Qhello...
14:01:30.355093 POST /session/3e353224-9f02-4fc2-9e0c-ee168cb733b6/element [22.078459ms] ERR:404 body={"strategy":"-android uiautomator","selector":"new UiSelector().textContains(\"hello\")"}
14:01:30.375987 POST /session/3e353224-9f02-4fc2-9e0c-ee168cb733b6/element [19.492667ms] ERR:404 body={"strategy":"-android uiautomator","selector":"new UiSelector().descriptionContains(\"hello\")"}
14:01:30.398603 POST /session/3e353224-9f02-4fc2-9e0c-ee168cb733b6/element [22.398625ms] ERR:404 body={"strategy":"-android uiautomator","selector":"new UiSelector().textMatches(\"(?is).*\\Qhello\\E.*\"...
14:01:30.436803 POST /session/3e353224-9f02-4fc2-9e0c-ee168cb733b6/element [35.350792ms] ERR:404 body={"strategy":"-android uiautomator","selector":"new UiSelector().descriptionMatches(\"(?is).*\\Qhello...
14:01:30.454960 POST /session/3e353224-9f02-4fc2-9e0c-ee168cb733b6/element [18.09975ms] ERR:404 body={"strategy":"-android uiautomator","selector":"new UiSelector().textContains(\"hello\")"}
14:01:30.475856 POST /session/3e353224-9f02-4fc2-9e0c-ee168cb733b6/element [20.837417ms] ERR:404 body={"strategy":"-android uiautomator","selector":"new UiSelector().descriptionContains(\"hello\")"}
14:01:30.491982 POST /session/3e353224-9f02-4fc2-9e0c-ee168cb733b6/element [16.072333ms] ERR:404 body={"strategy":"-android uiautomator","selector":"new UiSelector().textMatches(\"(?is).*\\Qhello\\E.*\"...
14:01:30.506728 POST /session/3e353224-9f02-4fc2-9e0c-ee168cb733b6/element [14.697083ms] ERR:404 body={"strategy":"-android uiautomator","selector":"new UiSelector().descriptionMatches(\"(?is).*\\Qhello...
14:01:30.520854 POST /session/3e353224-9f02-4fc2-9e0c-ee168cb733b6/element [14.0765ms] ERR:404 body={"strategy":"-android uiautomator","selector":"new UiSelector().textContains(\"hello\")"}
14:01:30.535866 POST /session/3e353224-9f02-4fc2-9e0c-ee168cb733b6/element [14.953ms] ERR:404 body={"strategy":"-android uiautomator","selector":"new UiSelector().descriptionContains(\"hello\")"}
14:01:30.551525 POST /session/3e353224-9f02-4fc2-9e0c-ee168cb733b6/element [15.601209ms] ERR:404 body={"strategy":"-android uiautomator","selector":"new UiSelector().textMatches(\"(?is).*\\Qhello\\E.*\"...
14:01:30.567579 POST /session/3e353224-9f02-4fc2-9e0c-ee168cb733b6/element [15.996458ms] ERR:404 body={"strategy":"-android uiautomator","selector":"new UiSelector().descriptionMatches(\"(?is).*\\Qhello...
14:01:30.583117 POST /session/3e353224-9f02-4fc2-9e0c-ee168cb733b6/element [15.479333ms] ERR:404 body={"strategy":"-android uiautomator","selector":"new UiSelector().textContains(\"hello\")"}
14:01:30.597493 POST /session/3e353224-9f02-4fc2-9e0c-ee168cb733b6/element [14.088167ms] ERR:404 body={"strategy":"-android uiautomator","selector":"new UiSelector().descriptionContains(\"hello\")"}
14:01:30.610023 POST /session/3e353224-9f02-4fc2-9e0c-ee168cb733b6/element [12.467709ms] ERR:404 body={"strategy":"-android uiautomator","selector":"new UiSelector().textMatches(\"(?is).*\\Qhello\\E.*\"...
14:01:30.624061 POST /session/3e353224-9f02-4fc2-9e0c-ee168cb733b6/element [13.979084ms] ERR:404 body={"strategy":"-android uiautomator","selector":"new UiSelector().descriptionMatches(\"(?is).*\\Qhello...
14:01:30.637171 POST /session/3e353224-9f02-4fc2-9e0c-ee168cb733b6/element [13.051375ms] ERR:404 body={"strategy":"-android uiautomator","selector":"new UiSelector().textContains(\"hello\")"}
14:01:30.652538 POST /session/3e353224-9f02-4fc2-9e0c-ee168cb733b6/element [15.308625ms] ERR:404 body={"strategy":"-android uiautomator","selector":"new UiSelector().descriptionContains(\"hello\")"}
14:01:30.668440 POST /session/3e353224-9f02-4fc2-9e0c-ee168cb733b6/element [15.83925ms] ERR:404 body={"strategy":"-android uiautomator","selector":"new UiSelector().textMatches(\"(?is).*\\Qhello\\E.*\"...
14:01:30.683144 POST /session/3e353224-9f02-4fc2-9e0c-ee168cb733b6/element [14.634042ms] ERR:404 body={"strategy":"-android uiautomator","selector":"new UiSelector().descriptionMatches(\"(?is).*\\Qhello...
14:01:30.697809 POST /session/3e353224-9f02-4fc2-9e0c-ee168cb733b6/element [14.590083ms] ERR:404 body={"strategy":"-android uiautomator","selector":"new UiSelector().textContains(\"hello\")"}
14:01:30.711678 POST /session/3e353224-9f02-4fc2-9e0c-ee168cb733b6/element [13.8055ms] ERR:404 body={"strategy":"-android uiautomator","selector":"new UiSelector().descriptionContains(\"hello\")"}
14:01:30.725492 POST /session/3e353224-9f02-4fc2-9e0c-ee168cb733b6/element [13.7495ms] ERR:404 body={"strategy":"-android uiautomator","selector":"new UiSelector().textMatches(\"(?is).*\\Qhello\\E.*\"...
14:01:30.740106 POST /session/3e353224-9f02-4fc2-9e0c-ee168cb733b6/element [14.55325ms] ERR:404 body={"strategy":"-android uiautomator","selector":"new UiSelector().descriptionMatches(\"(?is).*\\Qhello...
14:01:30.753583 POST /session/3e353224-9f02-4fc2-9e0c-ee168cb733b6/element [13.409875ms] ERR:404 body={"strategy":"-android uiautomator","selector":"new UiSelector().textContains(\"hello\")"}
14:01:30.768406 POST /session/3e353224-9f02-4fc2-9e0c-ee168cb733b6/element [14.767084ms] ERR:404 body={"strategy":"-android uiautomator","selector":"new UiSelector().descriptionContains(\"hello\")"}
14:01:30.781734 POST /session/3e353224-9f02-4fc2-9e0c-ee168cb733b6/element [13.260833ms] ERR:404 body={"strategy":"-android uiautomator","selector":"new UiSelector().textMatches(\"(?is).*\\Qhello\\E.*\"...
14:01:30.789034 POST /session/3e353224-9f02-4fc2-9e0c-ee168cb733b6/element [7.237958ms] ERR:404 body={"strategy":"-android uiautomator","selector":"new UiSelector().descriptionMatches(\"(?is).*\\Qhello...
14:01:30.809693 POST /session/3e353224-9f02-4fc2-9e0c-ee168cb733b6/element [20.598917ms] ERR:404 body={"strategy":"-android uiautomator","selector":"new UiSelector().textContains(\"hello\")"}
14:01:30.818740 POST /session/3e353224-9f02-4fc2-9e0c-ee168cb733b6/element [8.972875ms] ERR:404 body={"strategy":"-android uiautomator","selector":"new UiSelector().descriptionContains(\"hello\")"}
14:01:30.831133 POST /session/3e353224-9f02-4fc2-9e0c-ee168cb733b6/element [12.33ms] ERR:404 body={"strategy":"-android uiautomator","selector":"new UiSelector().textMatches(\"(?is).*\\Qhello\\E.*\"...
14:01:30.845672 POST /session/3e353224-9f02-4fc2-9e0c-ee168cb733b6/element [14.476ms] ERR:404 body={"strategy":"-android uiautomator","selector":"new UiSelector().descriptionMatches(\"(?is).*\\Qhello...
14:01:30.860872 POST /session/3e353224-9f02-4fc2-9e0c-ee168cb733b6/element [15.060916ms] ERR:404 body={"strategy":"-android uiautomator","selector":"new UiSelector().textContains(\"hello\")"}
14:01:30.874654 POST /session/3e353224-9f02-4fc2-9e0c-ee168cb733b6/element [13.721542ms] ERR:404 body={"strategy":"-android uiautomator","selector":"new UiSelector().descriptionContains(\"hello\")"}
14:01:30.890120 POST /session/3e353224-9f02-4fc2-9e0c-ee168cb733b6/element [15.419792ms] ERR:404 body={"strategy":"-android uiautomator","selector":"new UiSelector().textMatches(\"(?is).*\\Qhello\\E.*\"...
14:01:30.903981 POST /session/3e353224-9f02-4fc2-9e0c-ee168cb733b6/element [13.808125ms] ERR:404 body={"strategy":"-android uiautomator","selector":"new UiSelector().descriptionMatches(\"(?is).*\\Qhello...
14:01:30.918018 POST /session/3e353224-9f02-4fc2-9e0c-ee168cb733b6/element [13.977958ms] ERR:404 body={"strategy":"-android uiautomator","selector":"new UiSelector().textContains(\"hello\")"}
14:01:30.936093 POST /session/3e353224-9f02-4fc2-9e0c-ee168cb733b6/element [17.999583ms] ERR:404 body={"strategy":"-android uiautomator","selector":"new UiSelector().descriptionContains(\"hello\")"}
14:01:30.953997 POST /session/3e353224-9f02-4fc2-9e0c-ee168cb733b6/element [17.837625ms] ERR:404 body={"strategy":"-android uiautomator","selector":"new UiSelector().textMatches(\"(?is).*\\Qhello\\E.*\"...
14:01:30.967722 POST /session/3e353224-9f02-4fc2-9e0c-ee168cb733b6/element [13.671833ms] ERR:404 body={"strategy":"-android uiautomator","selector":"new UiSelector().descriptionMatches(\"(?is).*\\Qhello...
14:01:30.980751 POST /session/3e353224-9f02-4fc2-9e0c-ee168cb733b6/element [12.957458ms] ERR:404 body={"strategy":"-android uiautomator","selector":"new UiSelector().textContains(\"hello\")"}
14:01:30.992410 POST /session/3e353224-9f02-4fc2-9e0c-ee168cb733b6/element [11.605625ms] ERR:404 body={"strategy":"-android uiautomator","selector":"new UiSelector().descriptionContains(\"hello\")"}
14:01:31.011549 POST /session/3e353224-9f02-4fc2-9e0c-ee168cb733b6/element [19.054958ms] ERR:404 body={"strategy":"-android uiautomator","selector":"new UiSelector().textMatches(\"(?is).*\\Qhello\\E.*\"...
14:01:31.028260 POST /session/3e353224-9f02-4fc2-9e0c-ee168cb733b6/element [16.645209ms] ERR:404 body={"strategy":"-android uiautomator","selector":"new UiSelector().descriptionMatches(\"(?is).*\\Qhello...
14:01:31.041832 POST /session/3e353224-9f02-4fc2-9e0c-ee168cb733b6/element [13.509084ms] ERR:404 body={"strategy":"-android uiautomator","selector":"new UiSelector().textContains(\"hello\")"}
14:01:31.061870 POST /session/3e353224-9f02-4fc2-9e0c-ee168cb733b6/element [19.967083ms] ERR:404 body={"strategy":"-android uiautomator","selector":"new UiSelector().descriptionContains(\"hello\")"}
14:01:31.077657 POST /session/3e353224-9f02-4fc2-9e0c-ee168cb733b6/element [15.732625ms] ERR:404 body={"strategy":"-android uiautomator","selector":"new UiSelector().textMatches(\"(?is).*\\Qhello\\E.*\"...
14:01:31.091347 POST /session/3e353224-9f02-4fc2-9e0c-ee168cb733b6/element [13.636333ms] ERR:404 body={"strategy":"-android uiautomator","selector":"new UiSelector().descriptionMatches(\"(?is).*\\Qhello...
14:01:31.104012 POST /session/3e353224-9f02-4fc2-9e0c-ee168cb733b6/element [12.605583ms] ERR:404 body={"strategy":"-android uiautomator","selector":"new UiSelector().textContains(\"hello\")"}
14:01:31.117356 POST /session/3e353224-9f02-4fc2-9e0c-ee168cb733b6/element [13.279375ms] ERR:404 body={"strategy":"-android uiautomator","selector":"new UiSelector().descriptionContains(\"hello\")"}
14:01:31.129502 POST /session/3e353224-9f02-4fc2-9e0c-ee168cb733b6/element [12.090042ms] ERR:404 body={"strategy":"-android uiautomator","selector":"new UiSelector().textMatches(\"(?is).*\\Qhello\\E.*\"...
14:01:31.144426 POST /session/3e353224-9f02-4fc2-9e0c-ee168cb733b6/element [14.86125ms] ERR:404 body={"strategy":"-android uiautomator","selector":"new UiSelector().descriptionMatches(\"(?is).*\\Qhello...
14:01:31.158788 POST /session/3e353224-9f02-4fc2-9e0c-ee168cb733b6/element [14.305375ms] ERR:404 body={"strategy":"-android uiautomator","selector":"new UiSelector().textContains(\"hello\")"}
14:01:31.171969 POST /session/3e353224-9f02-4fc2-9e0c-ee168cb733b6/element [13.1115ms] ERR:404 body={"strategy":"-android uiautomator","selector":"new UiSelector().descriptionContains(\"hello\")"}
14:01:31.185685 POST /session/3e353224-9f02-4fc2-9e0c-ee168cb733b6/element [13.657667ms] ERR:404 body={"strategy":"-android uiautomator","selector":"new UiSelector().textMatches(\"(?is).*\\Qhello\\E.*\"...
14:01:31.199818 POST /session/3e353224-9f02-4fc2-9e0c-ee168cb733b6/element [14.082459ms] ERR:404 body={"strategy":"-android uiautomator","selector":"new UiSelector().descriptionMatches(\"(?is).*\\Qhello...
14:01:31.214384 POST /session/3e353224-9f02-4fc2-9e0c-ee168cb733b6/element [14.505333ms] ERR:404 body={"strategy":"-android uiautomator","selector":"new UiSelector().textContains(\"hello\")"}
14:01:31.227548 POST /session/3e353224-9f02-4fc2-9e0c-ee168cb733b6/element [13.099708ms] ERR:404 body={"strategy":"-android uiautomator","selector":"new UiSelector().descriptionContains(\"hello\")"}
14:01:31.241072 POST /session/3e353224-9f02-4fc2-9e0c-ee168cb733b6/element [13.467916ms] ERR:404 body={"strategy":"-android uiautomator","selector":"new UiSelector().textMatches(\"(?is).*\\Qhello\\E.*\"...
14:01:31.254963 POST /session/3e353224-9f02-4fc2-9e0c-ee168cb733b6/element [13.837208ms] ERR:404 body={"strategy":"-android uiautomator","selector":"new UiSelector().descriptionMatches(\"(?is).*\\Qhello...
14:01:31.268325 POST /session/3e353224-9f02-4fc2-9e0c-ee168cb733b6/element [13.272791ms] ERR:404 body={"strategy":"-android uiautomator","selector":"new UiSelector().textContains(\"hello\")"}
14:01:31.283626 POST /session/3e353224-9f02-4fc2-9e0c-ee168cb733b6/element [15.230416ms] ERR:404 body={"strategy":"-android uiautomator","selector":"new UiSelector().descriptionContains(\"hello\")"}
14:01:31.301259 POST /session/3e353224-9f02-4fc2-9e0c-ee168cb733b6/element [17.569166ms] ERR:404 body={"strategy":"-android uiautomator","selector":"new UiSelector().textMatches(\"(?is).*\\Qhello\\E.*\"...
14:01:31.315218 POST /session/3e353224-9f02-4fc2-9e0c-ee168cb733b6/element [13.896208ms] ERR:404 body={"strategy":"-android uiautomator","selector":"new UiSelector().descriptionMatches(\"(?is).*\\Qhello...
14:01:31.329043 POST /session/3e353224-9f02-4fc2-9e0c-ee168cb733b6/element [11.557042ms] ERR:404 body={"strategy":"-android uiautomator","selector":"new UiSelector().textContains(\"hello\")"}
14:01:31.342071 POST /session/3e353224-9f02-4fc2-9e0c-ee168cb733b6/element [12.973209ms] ERR:404 body={"strategy":"-android uiautomator","selector":"new UiSelector().descriptionContains(\"hello\")"}
14:01:31.356625 POST /session/3e353224-9f02-4fc2-9e0c-ee168cb733b6/element [14.265167ms] ERR:404 body={"strategy":"-android uiautomator","selector":"new UiSelector().textMatches(\"(?is).*\\Qhello\\E.*\"...
14:01:31.368831 POST /session/3e353224-9f02-4fc2-9e0c-ee168cb733b6/element [12.112125ms] ERR:404 body={"strategy":"-android uiautomator","selector":"new UiSelector().descriptionMatches(\"(?is).*\\Qhello...
14:01:31.390550 POST /session/3e353224-9f02-4fc2-9e0c-ee168cb733b6/element [21.657541ms] ERR:404 body={"strategy":"-android uiautomator","selector":"new UiSelector().textContains(\"hello\")"}
14:01:31.408330 POST /session/3e353224-9f02-4fc2-9e0c-ee168cb733b6/element [17.714041ms] ERR:404 body={"strategy":"-android uiautomator","selector":"new UiSelector().descriptionContains(\"hello\")"}
14:01:31.429257 POST /session/3e353224-9f02-4fc2-9e0c-ee168cb733b6/element [20.864875ms] ERR:404 body={"strategy":"-android uiautomator","selector":"new UiSelector().textMatches(\"(?is).*\\Qhello\\E.*\"...
14:01:31.439117 POST /session/3e353224-9f02-4fc2-9e0c-ee168cb733b6/element [9.794125ms] ERR:404 body={"strategy":"-android uiautomator","selector":"new UiSelector().descriptionMatches(\"(?is).*\\Qhello...
14:01:31.454189 POST /session/3e353224-9f02-4fc2-9e0c-ee168cb733b6/element [15.010166ms] ERR:404 body={"strategy":"-android uiautomator","selector":"new UiSelector().textContains(\"hello\")"}
14:01:31.465820 POST /session/3e353224-9f02-4fc2-9e0c-ee168cb733b6/element [11.567292ms] ERR:404 body={"strategy":"-android uiautomator","selector":"new UiSelector().descriptionContains(\"hello\")"}
14:01:31.486767 POST /session/3e353224-9f02-4fc2-9e0c-ee168cb733b6/element [20.716834ms] ERR:404 body={"strategy":"-android uiautomator","selector":"new UiSelector().textMatches(\"(?is).*\\Qhello\\E.*\"...
14:01:31.504394 POST /session/3e353224-9f02-4fc2-9e0c-ee168cb733b6/element [15.234958ms] ERR:404 body={"strategy":"-android uiautomator","selector":"new UiSelector().descriptionMatches(\"(?is).*\\Qhello...
14:01:31.519524 POST /session/3e353224-9f02-4fc2-9e0c-ee168cb733b6/element [15.053333ms] ERR:404 body={"strategy":"-android uiautomator","selector":"new UiSelector().textContains(\"hello\")"}
14:01:31.533825 POST /session/3e353224-9f02-4fc2-9e0c-ee168cb733b6/element [14.207791ms] ERR:404 body={"strategy":"-android uiautomator","selector":"new UiSelector().descriptionContains(\"hello\")"}
14:01:31.549506 POST /session/3e353224-9f02-4fc2-9e0c-ee168cb733b6/element [14.624208ms] ERR:404 body={"strategy":"-android uiautomator","selector":"new UiSelector().textMatches(\"(?is).*\\Qhello\\E.*\"...
14:01:31.571801 POST /session/3e353224-9f02-4fc2-9e0c-ee168cb733b6/element [16.622792ms] ERR:404 body={"strategy":"-android uiautomator","selector":"new UiSelector().descriptionMatches(\"(?is).*\\Qhello...
14:01:31.592017 POST /session/3e353224-9f02-4fc2-9e0c-ee168cb733b6/element [12.484583ms] ERR:404 body={"strategy":"-android uiautomator","selector":"new UiSelector().textContains(\"hello\")"}
14:01:31.608140 POST /session/3e353224-9f02-4fc2-9e0c-ee168cb733b6/element [15.27625ms] ERR:404 body={"strategy":"-android uiautomator","selector":"new UiSelector().descriptionContains(\"hello\")"}
14:01:31.632051 POST /session/3e353224-9f02-4fc2-9e0c-ee168cb733b6/element [15.543417ms] ERR:404 body={"strategy":"-android uiautomator","selector":"new UiSelector().textMatches(\"(?is).*\\Qhello\\E.*\"...
14:01:31.671530 POST /session/3e353224-9f02-4fc2-9e0c-ee168cb733b6/element [19.194708ms] ERR:404 body={"strategy":"-android uiautomator","selector":"new UiSelector().descriptionMatches(\"(?is).*\\Qhello...
14:01:31.687289 POST /session/3e353224-9f02-4fc2-9e0c-ee168cb733b6/element [15.696292ms] ERR:404 body={"strategy":"-android uiautomator","selector":"new UiSelector().textContains(\"hello\")"}
14:01:31.699546 POST /session/3e353224-9f02-4fc2-9e0c-ee168cb733b6/element [12.19925ms] ERR:404 body={"strategy":"-android uiautomator","selector":"new UiSelector().descriptionContains(\"hello\")"}
14:01:31.719913 POST /session/3e353224-9f02-4fc2-9e0c-ee168cb733b6/element [20.285334ms] ERR:404 body={"strategy":"-android uiautomator","selector":"new UiSelector().textMatches(\"(?is).*\\Qhello\\E.*\"...
14:01:31.733107 POST /session/3e353224-9f02-4fc2-9e0c-ee168cb733b6/element [13.10025ms] ERR:404 body={"strategy":"-android uiautomator","selector":"new UiSelector().descriptionMatches(\"(?is).*\\Qhello...
14:01:31.746471 POST /session/3e353224-9f02-4fc2-9e0c-ee168cb733b6/element [13.29775ms] ERR:404 body={"strategy":"-android uiautomator","selector":"new UiSelector().textContains(\"hello\")"}
14:01:31.763242 POST /session/3e353224-9f02-4fc2-9e0c-ee168cb733b6/element [16.700333ms] ERR:404 body={"strategy":"-android uiautomator","selector":"new UiSelector().descriptionContains(\"hello\")"}
14:01:31.779310 POST /session/3e353224-9f02-4fc2-9e0c-ee168cb733b6/element [16.001834ms] ERR:404 body={"strategy":"-android uiautomator","selector":"new UiSelector().textMatches(\"(?is).*\\Qhello\\E.*\"...
14:01:31.794604 POST /session/3e353224-9f02-4fc2-9e0c-ee168cb733b6/element [15.215ms] ERR:404 body={"strategy":"-android uiautomator","selector":"new UiSelector().descriptionMatches(\"(?is).*\\Qhello...
14:01:31.809196 POST /session/3e353224-9f02-4fc2-9e0c-ee168cb733b6/element [14.521959ms] ERR:404 body={"strategy":"-android uiautomator","selector":"new UiSelector().textContains(\"hello\")"}
14:01:31.825704 POST /session/3e353224-9f02-4fc2-9e0c-ee168cb733b6/element [16.413125ms] ERR:404 body={"strategy":"-android uiautomator","selector":"new UiSelector().descriptionContains(\"hello\")"}
14:01:31.844129 POST /session/3e353224-9f02-4fc2-9e0c-ee168cb733b6/element [18.361625ms] ERR:404 body={"strategy":"-android uiautomator","selector":"new UiSelector().textMatches(\"(?is).*\\Qhello\\E.*\"...
14:01:31.857027 POST /session/3e353224-9f02-4fc2-9e0c-ee168cb733b6/element [12.827625ms] ERR:404 body={"strategy":"-android uiautomator","selector":"new UiSelector().descriptionMatches(\"(?is).*\\Qhello...
14:01:31.897162 POST /session/3e353224-9f02-4fc2-9e0c-ee168cb733b6/element [14.426916ms] ERR:404 body={"strategy":"-android uiautomator","selector":"new UiSelector().textContains(\"hello\")"}
14:01:31.910111 POST /session/3e353224-9f02-4fc2-9e0c-ee168cb733b6/element [12.884792ms] ERR:404 body={"strategy":"-android uiautomator","selector":"new UiSelector().descriptionContains(\"hello\")"}
14:01:31.923866 POST /session/3e353224-9f02-4fc2-9e0c-ee168cb733b6/element [13.320333ms] ERR:404 body={"strategy":"-android uiautomator","selector":"new UiSelector().textMatches(\"(?is).*\\Qhello\\E.*\"...
14:01:31.937821 POST /session/3e353224-9f02-4fc2-9e0c-ee168cb733b6/element [13.886667ms] ERR:404 body={"strategy":"-android uiautomator","selector":"new UiSelector().descriptionMatches(\"(?is).*\\Qhello...
14:01:31.950113 POST /session/3e353224-9f02-4fc2-9e0c-ee168cb733b6/element [12.227166ms] ERR:404 body={"strategy":"-android uiautomator","selector":"new UiSelector().textContains(\"hello\")"}
14:01:31.963614 POST /session/3e353224-9f02-4fc2-9e0c-ee168cb733b6/element [13.4315ms] ERR:404 body={"strategy":"-android uiautomator","selector":"new UiSelector().descriptionContains(\"hello\")"}
14:01:31.981031 POST /session/3e353224-9f02-4fc2-9e0c-ee168cb733b6/element [16.384042ms] ERR:404 body={"strategy":"-android uiautomator","selector":"new UiSelector().textMatches(\"(?is).*\\Qhello\\E.*\"...
14:01:31.993320 POST /session/3e353224-9f02-4fc2-9e0c-ee168cb733b6/element [12.232875ms] ERR:404 body={"strategy":"-android uiautomator","selector":"new UiSelector().descriptionMatches(\"(?is).*\\Qhello...
14:01:32.006627 POST /session/3e353224-9f02-4fc2-9e0c-ee168cb733b6/element [13.2515ms] ERR:404 body={"strategy":"-android uiautomator","selector":"new UiSelector().textContains(\"hello\")"}
14:01:32.022176 POST /session/3e353224-9f02-4fc2-9e0c-ee168cb733b6/element [15.079708ms] ERR:404 body={"strategy":"-android uiautomator","selector":"new UiSelector().descriptionContains(\"hello\")"}
14:01:32.037674 POST /session/3e353224-9f02-4fc2-9e0c-ee168cb733b6/element [13.183542ms] ERR:404 body={"strategy":"-android uiautomator","selector":"new UiSelector().textMatches(\"(?is).*\\Qhello\\E.*\"...
14:01:32.052006 POST /session/3e353224-9f02-4fc2-9e0c-ee168cb733b6/element [14.230958ms] ERR:404 body={"strategy":"-android uiautomator","selector":"new UiSelector().descriptionMatches(\"(?is).*\\Qhello...
14:01:32.096194 POST /session/3e353224-9f02-4fc2-9e0c-ee168cb733b6/element [15.14475ms] ERR:404 body={"strategy":"-android uiautomator","selector":"new UiSelector().textContains(\"hello\")"}
14:01:32.108586 POST /session/3e353224-9f02-4fc2-9e0c-ee168cb733b6/element [12.254875ms] ERR:404 body={"strategy":"-android uiautomator","selector":"new UiSelector().descriptionContains(\"hello\")"}
14:01:32.122559 POST /session/3e353224-9f02-4fc2-9e0c-ee168cb733b6/element [13.377459ms] ERR:404 body={"strategy":"-android uiautomator","selector":"new UiSelector().textMatches(\"(?is).*\\Qhello\\E.*\"...
14:01:32.136088 POST /session/3e353224-9f02-4fc2-9e0c-ee168cb733b6/element [13.474791ms] ERR:404 body={"strategy":"-android uiautomator","selector":"new UiSelector().descriptionMatches(\"(?is).*\\Qhello...
14:01:32.152258 POST /session/3e353224-9f02-4fc2-9e0c-ee168cb733b6/element [16.113958ms] ERR:404 body={"strategy":"-android uiautomator","selector":"new UiSelector().textContains(\"hello\")"}
14:01:32.166676 POST /session/3e353224-9f02-4fc2-9e0c-ee168cb733b6/element [14.332958ms] ERR:404 body={"strategy":"-android uiautomator","selector":"new UiSelector().descriptionContains(\"hello\")"}
14:01:32.178001 POST /session/3e353224-9f02-4fc2-9e0c-ee168cb733b6/element [11.255167ms] ERR:404 body={"strategy":"-android uiautomator","selector":"new UiSelector().textMatches(\"(?is).*\\Qhello\\E.*\"...
14:01:32.194620 POST /session/3e353224-9f02-4fc2-9e0c-ee168cb733b6/element [15.520417ms] ERR:404 body={"strategy":"-android uiautomator","selector":"new UiSelector().descriptionMatches(\"(?is).*\\Qhello...
14:01:32.212352 POST /session/3e353224-9f02-4fc2-9e0c-ee168cb733b6/element [17.67525ms] ERR:404 body={"strategy":"-android uiautomator","selector":"new UiSelector().textContains(\"hello\")"}
14:01:32.219835 POST /session/3e353224-9f02-4fc2-9e0c-ee168cb733b6/element [7.101209ms] ERR:404 body={"strategy":"-android uiautomator","selector":"new UiSelector().descriptionContains(\"hello\")"}
14:01:32.233945 POST /session/3e353224-9f02-4fc2-9e0c-ee168cb733b6/element [14.015834ms] ERR:404 body={"strategy":"-android uiautomator","selector":"new UiSelector().textMatches(\"(?is).*\\Qhello\\E.*\"...
14:01:32.247187 POST /session/3e353224-9f02-4fc2-9e0c-ee168cb733b6/element [13.084542ms] ERR:404 body={"strategy":"-android uiautomator","selector":"new UiSelector().descriptionMatches(\"(?is).*\\Qhello...
14:01:32.265836 POST /session/3e353224-9f02-4fc2-9e0c-ee168cb733b6/element [18.060916ms] ERR:404 body={"strategy":"-android uiautomator","selector":"new UiSelector().textContains(\"hello\")"}
14:01:32.280472 POST /session/3e353224-9f02-4fc2-9e0c-ee168cb733b6/element [14.188208ms] ERR:404 body={"strategy":"-android uiautomator","selector":"new UiSelector().descriptionContains(\"hello\")"}
14:01:32.292807 POST /session/3e353224-9f02-4fc2-9e0c-ee168cb733b6/element [12.255875ms] ERR:404 body={"strategy":"-android uiautomator","selector":"new UiSelector().textMatches(\"(?is).*\\Qhello\\E.*\"...
14:01:32.306098 POST /session/3e353224-9f02-4fc2-9e0c-ee168cb733b6/element [13.203417ms] ERR:404 body={"strategy":"-android uiautomator","selector":"new UiSelector().descriptionMatches(\"(?is).*\\Qhello...
14:01:32.321311 POST /session/3e353224-9f02-4fc2-9e0c-ee168cb733b6/element [15.135875ms] ERR:404 body={"strategy":"-android uiautomator","selector":"new UiSelector().textContains(\"hello\")"}
14:01:32.334214 POST /session/3e353224-9f02-4fc2-9e0c-ee168cb733b6/element [12.83325ms] ERR:404 body={"strategy":"-android uiautomator","selector":"new UiSelector().descriptionContains(\"hello\")"}
14:01:32.350452 POST /session/3e353224-9f02-4fc2-9e0c-ee168cb733b6/element [16.164666ms] ERR:404 body={"strategy":"-android uiautomator","selector":"new UiSelector().textMatches(\"(?is).*\\Qhello\\E.*\"...
14:01:32.365352 POST /session/3e353224-9f02-4fc2-9e0c-ee168cb733b6/element [14.830833ms] ERR:404 body={"strategy":"-android uiautomator","selector":"new UiSelector().descriptionMatches(\"(?is).*\\Qhello...
14:01:32.381028 POST /session/3e353224-9f02-4fc2-9e0c-ee168cb733b6/element [15.56775ms] ERR:404 body={"strategy":"-android uiautomator","selector":"new UiSelector().textContains(\"hello\")"}
14:01:32.395881 POST /session/3e353224-9f02-4fc2-9e0c-ee168cb733b6/element [14.784458ms] ERR:404 body={"strategy":"-android uiautomator","selector":"new UiSelector().descriptionContains(\"hello\")"}
14:01:32.410571 POST /session/3e353224-9f02-4fc2-9e0c-ee168cb733b6/element [14.631417ms] ERR:404 body={"strategy":"-android uiautomator","selector":"new UiSelector().textMatches(\"(?is).*\\Qhello\\E.*\"...
14:01:32.425773 POST /session/3e353224-9f02-4fc2-9e0c-ee168cb733b6/element [15.137333ms] ERR:404 body={"strategy":"-android uiautomator","selector":"new UiSelector().descriptionMatches(\"(?is).*\\Qhello...
14:01:32.438566 POST /session/3e353224-9f02-4fc2-9e0c-ee168cb733b6/element [12.734583ms] ERR:404 body={"strategy":"-android uiautomator","selector":"new UiSelector().textContains(\"hello\")"}
14:01:32.452415 POST /session/3e353224-9f02-4fc2-9e0c-ee168cb733b6/element [13.793166ms] ERR:404 body={"strategy":"-android uiautomator","selector":"new UiSelector().descriptionContains(\"hello\")"}
14:01:32.467036 POST /session/3e353224-9f02-4fc2-9e0c-ee168cb733b6/element [14.560917ms] ERR:404 body={"strategy":"-android uiautomator","selector":"new UiSelector().textMatches(\"(?is).*\\Qhello\\E.*\"...
14:01:32.481403 POST /session/3e353224-9f02-4fc2-9e0c-ee168cb733b6/element [14.305708ms] ERR:404 body={"strategy":"-android uiautomator","selector":"new UiSelector().descriptionMatches(\"(?is).*\\Qhello...
14:01:32.504292 POST /session/3e353224-9f02-4fc2-9e0c-ee168cb733b6/element [22.827375ms] ERR:404 body={"strategy":"-android uiautomator","selector":"new UiSelector().textContains(\"hello\")"}
14:01:32.522079 POST /session/3e353224-9f02-4fc2-9e0c-ee168cb733b6/element [15.913ms] ERR:404 body={"strategy":"-android uiautomator","selector":"new UiSelector().descriptionContains(\"hello\")"}
14:01:32.534157 POST /session/3e353224-9f02-4fc2-9e0c-ee168cb733b6/element [11.974667ms] ERR:404 body={"strategy":"-android uiautomator","selector":"new UiSelector().textMatches(\"(?is).*\\Qhello\\E.*\"...
14:01:32.549313 POST /session/3e353224-9f02-4fc2-9e0c-ee168cb733b6/element [15.092333ms] ERR:404 body={"strategy":"-android uiautomator","selector":"new UiSelector().descriptionMatches(\"(?is).*\\Qhello...
14:01:32.562995 POST /session/3e353224-9f02-4fc2-9e0c-ee168cb733b6/element [13.176625ms] ERR:404 body={"strategy":"-android uiautomator","selector":"new UiSelector().textContains(\"hello\")"}
14:01:32.577042 POST /session/3e353224-9f02-4fc2-9e0c-ee168cb733b6/element [12.532625ms] ERR:404 body={"strategy":"-android uiautomator","selector":"new UiSelector().descriptionContains(\"hello\")"}
14:01:32.593499 POST /session/3e353224-9f02-4fc2-9e0c-ee168cb733b6/element [16.240084ms] ERR:404 body={"strategy":"-android uiautomator","selector":"new UiSelector().textMatches(\"(?is).*\\Qhello\\E.*\"...
14:01:32.609213 POST /session/3e353224-9f02-4fc2-9e0c-ee168cb733b6/element [15.656875ms] ERR:404 body={"strategy":"-android uiautomator","selector":"new UiSelector().descriptionMatches(\"(?is).*\\Qhello...
14:01:32.623134 POST /session/3e353224-9f02-4fc2-9e0c-ee168cb733b6/element [13.347417ms] ERR:404 body={"strategy":"-android uiautomator","selector":"new UiSelector().textContains(\"hello\")"}
14:01:32.639402 POST /session/3e353224-9f02-4fc2-9e0c-ee168cb733b6/element [16.178666ms] ERR:404 body={"strategy":"-android uiautomator","selector":"new UiSelector().descriptionContains(\"hello\")"}
14:01:32.657215 POST /session/3e353224-9f02-4fc2-9e0c-ee168cb733b6/element [14.431292ms] ERR:404 body={"strategy":"-android uiautomator","selector":"new UiSelector().textMatches(\"(?is).*\\Qhello\\E.*\"...
14:01:32.666503 POST /session/3e353224-9f02-4fc2-9e0c-ee168cb733b6/element [9.2255ms] ERR:404 body={"strategy":"-android uiautomator","selector":"new UiSelector().descriptionMatches(\"(?is).*\\Qhello...
14:01:32.683227 POST /session/3e353224-9f02-4fc2-9e0c-ee168cb733b6/element [16.651375ms] ERR:404 body={"strategy":"-android uiautomator","selector":"new UiSelector().textContains(\"hello\")"}
14:01:32.696349 POST /session/3e353224-9f02-4fc2-9e0c-ee168cb733b6/element [13.050625ms] ERR:404 body={"strategy":"-android uiautomator","selector":"new UiSelector().descriptionContains(\"hello\")"}
14:01:32.709456 POST /session/3e353224-9f02-4fc2-9e0c-ee168cb733b6/element [12.415167ms] ERR:404 body={"strategy":"-android uiautomator","selector":"new UiSelector().textMatches(\"(?is).*\\Qhello\\E.*\"...
14:01:32.744528 POST /session/3e353224-9f02-4fc2-9e0c-ee168cb733b6/element [31.481792ms] ERR:404 body={"strategy":"-android uiautomator","selector":"new UiSelector().descriptionMatches(\"(?is).*\\Qhello...
14:01:32.757668 POST /session/3e353224-9f02-4fc2-9e0c-ee168cb733b6/element [13.06325ms] ERR:404 body={"strategy":"-android uiautomator","selector":"new UiSelector().textContains(\"hello\")"}
14:01:32.818002 POST /session/3e353224-9f02-4fc2-9e0c-ee168cb733b6/element [36.311333ms] ERR:404 body={"strategy":"-android uiautomator","selector":"new UiSelector().descriptionContains(\"hello\")"}
14:01:32.839092 POST /session/3e353224-9f02-4fc2-9e0c-ee168cb733b6/element [20.865208ms] ERR:404 body={"strategy":"-android uiautomator","selector":"new UiSelector().textMatches(\"(?is).*\\Qhello\\E.*\"...
14:01:32.853980 POST /session/3e353224-9f02-4fc2-9e0c-ee168cb733b6/element [14.801416ms] ERR:404 body={"strategy":"-android uiautomator","selector":"new UiSelector().descriptionMatches(\"(?is).*\\Qhello...
14:01:32.869484 POST /session/3e353224-9f02-4fc2-9e0c-ee168cb733b6/element [15.4325ms] ERR:404 body={"strategy":"-android uiautomator","selector":"new UiSelector().textContains(\"hello\")"}
14:01:32.879894 POST /session/3e353224-9f02-4fc2-9e0c-ee168cb733b6/element [10.344667ms] ERR:404 body={"strategy":"-android uiautomator","selector":"new UiSelector().descriptionContains(\"hello\")"}
14:01:32.890328 POST /session/3e353224-9f02-4fc2-9e0c-ee168cb733b6/element [10.356084ms] ERR:404 body={"strategy":"-android uiautomator","selector":"new UiSelector().textMatches(\"(?is).*\\Qhello\\E.*\"...
14:01:32.907927 POST /session/3e353224-9f02-4fc2-9e0c-ee168cb733b6/element [17.518958ms] ERR:404 body={"strategy":"-android uiautomator","selector":"new UiSelector().descriptionMatches(\"(?is).*\\Qhello...
14:01:32.924938 POST /session/3e353224-9f02-4fc2-9e0c-ee168cb733b6/element [16.929417ms] ERR:404 body={"strategy":"-android uiautomator","selector":"new UiSelector().textContains(\"hello\")"}
14:01:32.936641 POST /session/3e353224-9f02-4fc2-9e0c-ee168cb733b6/element [11.634542ms] ERR:404 body={"strategy":"-android uiautomator","selector":"new UiSelector().descriptionContains(\"hello\")"}
14:01:32.949933 POST /session/3e353224-9f02-4fc2-9e0c-ee168cb733b6/element [13.22125ms] ERR:404 body={"strategy":"-android uiautomator","selector":"new UiSelector().textMatches(\"(?is).*\\Qhello\\E.*\"...
14:01:32.962970 POST /session/3e353224-9f02-4fc2-9e0c-ee168cb733b6/element [12.976541ms] ERR:404 body={"strategy":"-android uiautomator","selector":"new UiSelector().descriptionMatches(\"(?is).*\\Qhello...
14:01:32.982408 POST /session/3e353224-9f02-4fc2-9e0c-ee168cb733b6/element [19.389167ms] ERR:404 body={"strategy":"-android uiautomator","selector":"new UiSelector().textContains(\"hello\")"}
14:01:32.998525 POST /session/3e353224-9f02-4fc2-9e0c-ee168cb733b6/element [15.738208ms] ERR:404 body={"strategy":"-android uiautomator","selector":"new UiSelector().descriptionContains(\"hello\")"}
14:01:33.010213 POST /session/3e353224-9f02-4fc2-9e0c-ee168cb733b6/element [11.627ms] ERR:404 body={"strategy":"-android uiautomator","selector":"new UiSelector().textMatches(\"(?is).*\\Qhello\\E.*\"...
14:01:33.021747 POST /session/3e353224-9f02-4fc2-9e0c-ee168cb733b6/element [11.482917ms] ERR:404 body={"strategy":"-android uiautomator","selector":"new UiSelector().descriptionMatches(\"(?is).*\\Qhello...
14:01:33.034534 POST /session/3e353224-9f02-4fc2-9e0c-ee168cb733b6/element [12.733125ms] ERR:404 body={"strategy":"-android uiautomator","selector":"new UiSelector().textContains(\"hello\")"}
14:01:33.046740 POST /session/3e353224-9f02-4fc2-9e0c-ee168cb733b6/element [12.139333ms] ERR:404 body={"strategy":"-android uiautomator","selector":"new UiSelector().descriptionContains(\"hello\")"}
14:01:33.052347 POST /session/3e353224-9f02-4fc2-9e0c-ee168cb733b6/element [5.550042ms] ERR:404 body={"strategy":"-android uiautomator","selector":"new UiSelector().textMatches(\"(?is).*\\Qhello\\E.*\"...
14:01:33.062888 POST /session/3e353224-9f02-4fc2-9e0c-ee168cb733b6/element [10.476375ms] ERR:404 body={"strategy":"-android uiautomator","selector":"new UiSelector().descriptionMatches(\"(?is).*\\Qhello...
14:01:33.076785 POST /session/3e353224-9f02-4fc2-9e0c-ee168cb733b6/element [13.843333ms] ERR:404 body={"strategy":"-android uiautomator","selector":"new UiSelector().textContains(\"hello\")"}
14:01:33.089170 POST /session/3e353224-9f02-4fc2-9e0c-ee168cb733b6/element [12.320208ms] ERR:404 body={"strategy":"-android uiautomator","selector":"new UiSelector().descriptionContains(\"hello\")"}
14:01:33.102512 POST /session/3e353224-9f02-4fc2-9e0c-ee168cb733b6/element [11.924292ms] ERR:404 body={"strategy":"-android uiautomator","selector":"new UiSelector().textMatches(\"(?is).*\\Qhello\\E.*\"...
14:01:33.114984 POST /session/3e353224-9f02-4fc2-9e0c-ee168cb733b6/element [12.412042ms] ERR:404 body={"strategy":"-android uiautomator","selector":"new UiSelector().descriptionMatches(\"(?is).*\\Qhello...
14:01:33.126926 POST /session/3e353224-9f02-4fc2-9e0c-ee168cb733b6/element [11.874375ms] ERR:404 body={"strategy":"-android uiautomator","selector":"new UiSelector().textContains(\"hello\")"}
14:01:33.140977 POST /session/3e353224-9f02-4fc2-9e0c-ee168cb733b6/element [13.989708ms] ERR:404 body={"strategy":"-android uiautomator","selector":"new UiSelector().descriptionContains(\"hello\")"}
14:01:33.153354 POST /session/3e353224-9f02-4fc2-9e0c-ee168cb733b6/element [12.310875ms] ERR:404 body={"strategy":"-android uiautomator","selector":"new UiSelector().textMatches(\"(?is).*\\Qhello\\E.*\"...
14:01:33.166004 POST /session/3e353224-9f02-4fc2-9e0c-ee168cb733b6/element [12.590542ms] ERR:404 body={"strategy":"-android uiautomator","selector":"new UiSelector().descriptionMatches(\"(?is).*\\Qhello...
14:01:33.177462 POST /session/3e353224-9f02-4fc2-9e0c-ee168cb733b6/element [11.397167ms] ERR:404 body={"strategy":"-android uiautomator","selector":"new UiSelector().textContains(\"hello\")"}
14:01:33.187411 POST /session/3e353224-9f02-4fc2-9e0c-ee168cb733b6/element [9.901083ms] ERR:404 body={"strategy":"-android uiautomator","selector":"new UiSelector().descriptionContains(\"hello\")"}
14:01:33.199253 POST /session/3e353224-9f02-4fc2-9e0c-ee168cb733b6/element [11.785041ms] ERR:404 body={"strategy":"-android uiautomator","selector":"new UiSelector().textMatches(\"(?is).*\\Qhello\\E.*\"...
14:01:33.212679 POST /session/3e353224-9f02-4fc2-9e0c-ee168cb733b6/element [13.366375ms] ERR:404 body={"strategy":"-android uiautomator","selector":"new UiSelector().descriptionMatches(\"(?is).*\\Qhello...
14:01:33.226888 POST /session/3e353224-9f02-4fc2-9e0c-ee168cb733b6/element [14.156834ms] ERR:404 body={"strategy":"-android uiautomator","selector":"new UiSelector().textContains(\"hello\")"}
14:01:33.239372 POST /session/3e353224-9f02-4fc2-9e0c-ee168cb733b6/element [12.423417ms] ERR:404 body={"strategy":"-android uiautomator","selector":"new UiSelector().descriptionContains(\"hello\")"}
14:01:33.254228 POST /session/3e353224-9f02-4fc2-9e0c-ee168cb733b6/element [14.78625ms] ERR:404 body={"strategy":"-android uiautomator","selector":"new UiSelector().textMatches(\"(?is).*\\Qhello\\E.*\"...
14:01:33.274866 POST /session/3e353224-9f02-4fc2-9e0c-ee168cb733b6/element [20.581ms] ERR:404 body={"strategy":"-android uiautomator","selector":"new UiSelector().descriptionMatches(\"(?is).*\\Qhello...
14:01:33.286202 POST /session/3e353224-9f02-4fc2-9e0c-ee168cb733b6/element [11.266625ms] ERR:404 body={"strategy":"-android uiautomator","selector":"new UiSelector().textContains(\"hello\")"}
14:01:33.316199 POST /session/3e353224-9f02-4fc2-9e0c-ee168cb733b6/element [29.824583ms] ERR:404 body={"strategy":"-android uiautomator","selector":"new UiSelector().descriptionContains(\"hello\")"}
14:01:33.332515 POST /session/3e353224-9f02-4fc2-9e0c-ee168cb733b6/element [16.223292ms] ERR:404 body={"strategy":"-android uiautomator","selector":"new UiSelector().textMatches(\"(?is).*\\Qhello\\E.*\"...
14:01:33.373969 POST /session/3e353224-9f02-4fc2-9e0c-ee168cb733b6/element [41.345375ms] ERR:404 body={"strategy":"-android uiautomator","selector":"new UiSelector().descriptionMatches(\"(?is).*\\Qhello...
14:01:33.415841 POST /session/3e353224-9f02-4fc2-9e0c-ee168cb733b6/element [41.262875ms] ERR:404 body={"strategy":"-android uiautomator","selector":"new UiSelector().textContains(\"hello\")"}
14:01:33.447731 POST /session/3e353224-9f02-4fc2-9e0c-ee168cb733b6/element [31.823208ms] ERR:404 body={"strategy":"-android uiautomator","selector":"new UiSelector().descriptionContains(\"hello\")"}
14:01:33.459889 POST /session/3e353224-9f02-4fc2-9e0c-ee168cb733b6/element [11.899583ms] ERR:404 body={"strategy":"-android uiautomator","selector":"new UiSelector().textMatches(\"(?is).*\\Qhello\\E.*\"...
14:01:33.475631 POST /session/3e353224-9f02-4fc2-9e0c-ee168cb733b6/element [15.675291ms] ERR:404 body={"strategy":"-android uiautomator","selector":"new UiSelector().descriptionMatches(\"(?is).*\\Qhello...
14:01:33.493283 POST /session/3e353224-9f02-4fc2-9e0c-ee168cb733b6/element [17.590083ms] ERR:404 body={"strategy":"-android uiautomator","selector":"new UiSelector().textContains(\"hello\")"}
14:01:33.501079 POST /session/3e353224-9f02-4fc2-9e0c-ee168cb733b6/element [7.734333ms] ERR:404 body={"strategy":"-android uiautomator","selector":"new UiSelector().descriptionContains(\"hello\")"}
14:01:33.512721 POST /session/3e353224-9f02-4fc2-9e0c-ee168cb733b6/element [11.4245ms] ERR:404 body={"strategy":"-android uiautomator","selector":"new UiSelector().textMatches(\"(?is).*\\Qhello\\E.*\"...
14:01:33.542905 POST /session/3e353224-9f02-4fc2-9e0c-ee168cb733b6/element [29.9375ms] ERR:404 body={"strategy":"-android uiautomator","selector":"new UiSelector().descriptionMatches(\"(?is).*\\Qhello...
14:01:33.561142 POST /session/3e353224-9f02-4fc2-9e0c-ee168cb733b6/element [18.141333ms] ERR:404 body={"strategy":"-android uiautomator","selector":"new UiSelector().textContains(\"hello\")"}
14:01:33.578226 POST /session/3e353224-9f02-4fc2-9e0c-ee168cb733b6/element [16.988958ms] ERR:404 body={"strategy":"-android uiautomator","selector":"new UiSelector().descriptionContains(\"hello\")"}
14:01:33.605824 POST /session/3e353224-9f02-4fc2-9e0c-ee168cb733b6/element [27.536209ms] ERR:404 body={"strategy":"-android uiautomator","selector":"new UiSelector().textMatches(\"(?is).*\\Qhello\\E.*\"...
14:01:33.636952 POST /session/3e353224-9f02-4fc2-9e0c-ee168cb733b6/element [31.043666ms] ERR:404 body={"strategy":"-android uiautomator","selector":"new UiSelector().descriptionMatches(\"(?is).*\\Qhello...
14:01:33.648610 POST /session/3e353224-9f02-4fc2-9e0c-ee168cb733b6/element [11.469542ms] ERR:404 body={"strategy":"-android uiautomator","selector":"new UiSelector().textContains(\"hello\")"}
14:01:33.672285 POST /session/3e353224-9f02-4fc2-9e0c-ee168cb733b6/element [23.571416ms] ERR:404 body={"strategy":"-android uiautomator","selector":"new UiSelector().descriptionContains(\"hello\")"}
14:01:33.690239 POST /session/3e353224-9f02-4fc2-9e0c-ee168cb733b6/element [17.8145ms] ERR:404 body={"strategy":"-android uiautomator","selector":"new UiSelector().textMatches(\"(?is).*\\Qhello\\E.*\"...
14:01:33.726289 POST /session/3e353224-9f02-4fc2-9e0c-ee168cb733b6/element [35.877125ms] ERR:404 body={"strategy":"-android uiautomator","selector":"new UiSelector().descriptionMatches(\"(?is).*\\Qhello...
14:01:33.763776 POST /session/3e353224-9f02-4fc2-9e0c-ee168cb733b6/element [37.274292ms] ERR:404 body={"strategy":"-android uiautomator","selector":"new UiSelector().textContains(\"hello\")"}
14:01:33.780808 POST /session/3e353224-9f02-4fc2-9e0c-ee168cb733b6/element [16.970917ms] ERR:404 body={"strategy":"-android uiautomator","selector":"new UiSelector().descriptionContains(\"hello\")"}
14:01:33.794261 POST /session/3e353224-9f02-4fc2-9e0c-ee168cb733b6/element [13.38625ms] ERR:404 body={"strategy":"-android uiautomator","selector":"new UiSelector().textMatches(\"(?is).*\\Qhello\\E.*\"...
14:01:33.807820 POST /session/3e353224-9f02-4fc2-9e0c-ee168cb733b6/element [13.498625ms] ERR:404 body={"strategy":"-android uiautomator","selector":"new UiSelector().descriptionMatches(\"(?is).*\\Qhello...
14:01:33.819119 POST /session/3e353224-9f02-4fc2-9e0c-ee168cb733b6/element [11.238417ms] ERR:404 body={"strategy":"-android uiautomator","selector":"new UiSelector().textContains(\"hello\")"}
14:01:33.831499 POST /session/3e353224-9f02-4fc2-9e0c-ee168cb733b6/element [12.310959ms] ERR:404 body={"strategy":"-android uiautomator","selector":"new UiSelector().descriptionContains(\"hello\")"}
14:01:33.847458 POST /session/3e353224-9f02-4fc2-9e0c-ee168cb733b6/element [15.885833ms] ERR:404 body={"strategy":"-android uiautomator","selector":"new UiSelector().textMatches(\"(?is).*\\Qhello\\E.*\"...
14:01:33.864086 POST /session/3e353224-9f02-4fc2-9e0c-ee168cb733b6/element [16.571917ms] ERR:404 body={"strategy":"-android uiautomator","selector":"new UiSelector().descriptionMatches(\"(?is).*\\Qhello...
14:01:33.883130 POST /session/3e353224-9f02-4fc2-9e0c-ee168cb733b6/element [18.993875ms] ERR:404 body={"strategy":"-android uiautomator","selector":"new UiSelector().textContains(\"hello\")"}
14:01:33.896216 POST /session/3e353224-9f02-4fc2-9e0c-ee168cb733b6/element [13.027292ms] ERR:404 body={"strategy":"-android uiautomator","selector":"new UiSelector().descriptionContains(\"hello\")"}
14:01:33.907378 POST /session/3e353224-9f02-4fc2-9e0c-ee168cb733b6/element [11.106541ms] ERR:404 body={"strategy":"-android uiautomator","selector":"new UiSelector().textMatches(\"(?is).*\\Qhello\\E.*\"...
14:01:33.921526 POST /session/3e353224-9f02-4fc2-9e0c-ee168cb733b6/element [14.070709ms] ERR:404 body={"strategy":"-android uiautomator","selector":"new UiSelector().descriptionMatches(\"(?is).*\\Qhello...
14:01:33.933678 POST /session/3e353224-9f02-4fc2-9e0c-ee168cb733b6/element [12.082458ms] ERR:404 body={"strategy":"-android uiautomator","selector":"new UiSelector().textContains(\"hello\")"}
14:01:33.958410 POST /session/3e353224-9f02-4fc2-9e0c-ee168cb733b6/element [24.582709ms] ERR:404 body={"strategy":"-android uiautomator","selector":"new UiSelector().descriptionContains(\"hello\")"}
14:01:33.978296 POST /session/3e353224-9f02-4fc2-9e0c-ee168cb733b6/element [19.832125ms] ERR:404 body={"strategy":"-android uiautomator","selector":"new UiSelector().textMatches(\"(?is).*\\Qhello\\E.*\"...
14:01:33.992461 POST /session/3e353224-9f02-4fc2-9e0c-ee168cb733b6/element [14.096167ms] ERR:404 body={"strategy":"-android uiautomator","selector":"new UiSelector().descriptionMatches(\"(?is).*\\Qhello...
14:01:34.006637 POST /session/3e353224-9f02-4fc2-9e0c-ee168cb733b6/element [14.120167ms] ERR:404 body={"strategy":"-android uiautomator","selector":"new UiSelector().textContains(\"hello\")"}
14:01:34.020212 POST /session/3e353224-9f02-4fc2-9e0c-ee168cb733b6/element [13.524417ms] ERR:404 body={"strategy":"-android uiautomator","selector":"new UiSelector().descriptionContains(\"hello\")"}
14:01:34.034193 POST /session/3e353224-9f02-4fc2-9e0c-ee168cb733b6/element [13.927083ms] ERR:404 body={"strategy":"-android uiautomator","selector":"new UiSelector().textMatches(\"(?is).*\\Qhello\\E.*\"...
14:01:34.044078 POST /session/3e353224-9f02-4fc2-9e0c-ee168cb733b6/element [9.81825ms] ERR:404 body={"strategy":"-android uiautomator","selector":"new UiSelector().descriptionMatches(\"(?is).*\\Qhello...
14:01:34.057291 POST /session/3e353224-9f02-4fc2-9e0c-ee168cb733b6/element [13.158042ms] ERR:404 body={"strategy":"-android uiautomator","selector":"new UiSelector().textContains(\"hello\")"}
14:01:34.068621 POST /session/3e353224-9f02-4fc2-9e0c-ee168cb733b6/element [11.272333ms] ERR:404 body={"strategy":"-android uiautomator","selector":"new UiSelector().descriptionContains(\"hello\")"}
14:01:34.078460 POST /session/3e353224-9f02-4fc2-9e0c-ee168cb733b6/element [9.76675ms] ERR:404 body={"strategy":"-android uiautomator","selector":"new UiSelector().textMatches(\"(?is).*\\Qhello\\E.*\"...
14:01:34.092920 POST /session/3e353224-9f02-4fc2-9e0c-ee168cb733b6/element [14.363125ms] ERR:404 body={"strategy":"-android uiautomator","selector":"new UiSelector().descriptionMatches(\"(?is).*\\Qhello...
14:01:34.112803 POST /session/3e353224-9f02-4fc2-9e0c-ee168cb733b6/element [19.817083ms] ERR:404 body={"strategy":"-android uiautomator","selector":"new UiSelector().textContains(\"hello\")"}
14:01:34.124004 POST /session/3e353224-9f02-4fc2-9e0c-ee168cb733b6/element [11.140917ms] ERR:404 body={"strategy":"-android uiautomator","selector":"new UiSelector().descriptionContains(\"hello\")"}
14:01:34.135363 POST /session/3e353224-9f02-4fc2-9e0c-ee168cb733b6/element [11.298708ms] ERR:404 body={"strategy":"-android uiautomator","selector":"new UiSelector().textMatches(\"(?is).*\\Qhello\\E.*\"...
14:01:34.162665 POST /session/3e353224-9f02-4fc2-9e0c-ee168cb733b6/element [27.235292ms] ERR:404 body={"strategy":"-android uiautomator","selector":"new UiSelector().descriptionMatches(\"(?is).*\\Qhello...
14:01:34.177105 POST /session/3e353224-9f02-4fc2-9e0c-ee168cb733b6/element [14.271541ms] ERR:404 body={"strategy":"-android uiautomator","selector":"new UiSelector().textContains(\"hello\")"}
14:01:34.186303 POST /session/3e353224-9f02-4fc2-9e0c-ee168cb733b6/element [9.133ms] ERR:404 body={"strategy":"-android uiautomator","selector":"new UiSelector().descriptionContains(\"hello\")"}
14:01:34.213840 POST /session/3e353224-9f02-4fc2-9e0c-ee168cb733b6/element [27.249583ms] ERR:404 body={"strategy":"-android uiautomator","selector":"new UiSelector().textMatches(\"(?is).*\\Qhello\\E.*\"...
14:01:34.242482 POST /session/3e353224-9f02-4fc2-9e0c-ee168cb733b6/element [28.530334ms] ERR:404 body={"strategy":"-android uiautomator","selector":"new UiSelector().descriptionMatches(\"(?is).*\\Qhello...
14:01:34.251700 POST /session/3e353224-9f02-4fc2-9e0c-ee168cb733b6/element [9.154ms] ERR:404 body={"strategy":"-android uiautomator","selector":"new UiSelector().textContains(\"hello\")"}
14:01:34.267631 POST /session/3e353224-9f02-4fc2-9e0c-ee168cb733b6/element [15.872458ms] ERR:404 body={"strategy":"-android uiautomator","selector":"new UiSelector().descriptionContains(\"hello\")"}
14:01:34.281438 POST /session/3e353224-9f02-4fc2-9e0c-ee168cb733b6/element [13.750666ms] ERR:404 body={"strategy":"-android uiautomator","selector":"new UiSelector().textMatches(\"(?is).*\\Qhello\\E.*\"...
14:01:34.296306 POST /session/3e353224-9f02-4fc2-9e0c-ee168cb733b6/element [14.805875ms] ERR:404 body={"strategy":"-android uiautomator","selector":"new UiSelector().descriptionMatches(\"(?is).*\\Qhello...
14:01:34.314129 POST /session/3e353224-9f02-4fc2-9e0c-ee168cb733b6/element [17.750708ms] ERR:404 body={"strategy":"-android uiautomator","selector":"new UiSelector().textContains(\"hello\")"}
14:01:34.353092 POST /session/3e353224-9f02-4fc2-9e0c-ee168cb733b6/element [38.842042ms] ERR:404 body={"strategy":"-android uiautomator","selector":"new UiSelector().descriptionContains(\"hello\")"}
14:01:34.382903 POST /session/3e353224-9f02-4fc2-9e0c-ee168cb733b6/element [29.737208ms] ERR:404 body={"strategy":"-android uiautomator","selector":"new UiSelector().textMatches(\"(?is).*\\Qhello\\E.*\"...
14:01:34.391521 POST /session/3e353224-9f02-4fc2-9e0c-ee168cb733b6/element [8.558292ms] ERR:404 body={"strategy":"-android uiautomator","selector":"new UiSelector().descriptionMatches(\"(?is).*\\Qhello...
14:01:34.406158 POST /session/3e353224-9f02-4fc2-9e0c-ee168cb733b6/element [14.565792ms] ERR:404 body={"strategy":"-android uiautomator","selector":"new UiSelector().textContains(\"hello\")"}
14:01:34.420753 POST /session/3e353224-9f02-4fc2-9e0c-ee168cb733b6/element [14.524625ms] ERR:404 body={"strategy":"-android uiautomator","selector":"new UiSelector().descriptionContains(\"hello\")"}
14:01:34.436744 POST /session/3e353224-9f02-4fc2-9e0c-ee168cb733b6/element [15.925875ms] ERR:404 body={"strategy":"-android uiautomator","selector":"new UiSelector().textMatches(\"(?is).*\\Qhello\\E.*\"...
14:01:34.450520 POST /session/3e353224-9f02-4fc2-9e0c-ee168cb733b6/element [13.702292ms] ERR:404 body={"strategy":"-android uiautomator","selector":"new UiSelector().descriptionMatches(\"(?is).*\\Qhello...
14:01:34.476772 POST /session/3e353224-9f02-4fc2-9e0c-ee168cb733b6/element [26.188958ms] ERR:404 body={"strategy":"-android uiautomator","selector":"new UiSelector().textContains(\"hello\")"}
14:01:34.516107 POST /session/3e353224-9f02-4fc2-9e0c-ee168cb733b6/element [39.272125ms] ERR:404 body={"strategy":"-android uiautomator","selector":"new UiSelector().descriptionContains(\"hello\")"}
14:01:34.544544 POST /session/3e353224-9f02-4fc2-9e0c-ee168cb733b6/element [28.334125ms] ERR:404 body={"strategy":"-android uiautomator","selector":"new UiSelector().textMatches(\"(?is).*\\Qhello\\E.*\"...
14:01:34.564120 POST /session/3e353224-9f02-4fc2-9e0c-ee168cb733b6/element [19.494667ms] ERR:404 body={"strategy":"-android uiautomator","selector":"new UiSelector().descriptionMatches(\"(?is).*\\Qhello...
14:01:34.583240 POST /session/3e353224-9f02-4fc2-9e0c-ee168cb733b6/element [19.053417ms] ERR:404 body={"strategy":"-android uiautomator","selector":"new UiSelector().textContains(\"hello\")"}
14:01:34.603860 POST /session/3e353224-9f02-4fc2-9e0c-ee168cb733b6/element [20.552667ms] ERR:404 body={"strategy":"-android uiautomator","selector":"new UiSelector().descriptionContains(\"hello\")"}
14:01:34.618786 POST /session/3e353224-9f02-4fc2-9e0c-ee168cb733b6/element [14.862667ms] ERR:404 body={"strategy":"-android uiautomator","selector":"new UiSelector().textMatches(\"(?is).*\\Qhello\\E.*\"...
14:01:34.633838 POST /session/3e353224-9f02-4fc2-9e0c-ee168cb733b6/element [14.977ms] ERR:404 body={"strategy":"-android uiautomator","selector":"new UiSelector().descriptionMatches(\"(?is).*\\Qhello...
14:01:34.647325 POST /session/3e353224-9f02-4fc2-9e0c-ee168cb733b6/element [13.414708ms] ERR:404 body={"strategy":"-android uiautomator","selector":"new UiSelector().textContains(\"hello\")"}
14:01:34.662183 POST /session/3e353224-9f02-4fc2-9e0c-ee168cb733b6/element [14.794208ms] ERR:404 body={"strategy":"-android uiautomator","selector":"new UiSelector().descriptionContains(\"hello\")"}
14:01:34.674349 POST /session/3e353224-9f02-4fc2-9e0c-ee168cb733b6/element [12.099542ms] ERR:404 body={"strategy":"-android uiautomator","selector":"new UiSelector().textMatches(\"(?is).*\\Qhello\\E.*\"...
14:01:34.692550 POST /session/3e353224-9f02-4fc2-9e0c-ee168cb733b6/element [18.140625ms] ERR:404 body={"strategy":"-android uiautomator","selector":"new UiSelector().descriptionMatches(\"(?is).*\\Qhello...
14:01:34.703123 POST /session/3e353224-9f02-4fc2-9e0c-ee168cb733b6/element [10.492792ms] ERR:404 body={"strategy":"-android uiautomator","selector":"new UiSelector().textContains(\"hello\")"}
14:01:34.718825 POST /session/3e353224-9f02-4fc2-9e0c-ee168cb733b6/element [15.579541ms] ERR:404 body={"strategy":"-android uiautomator","selector":"new UiSelector().descriptionContains(\"hello\")"}
14:01:34.732426 POST /session/3e353224-9f02-4fc2-9e0c-ee168cb733b6/element [13.496041ms] ERR:404 body={"strategy":"-android uiautomator","selector":"new UiSelector().textMatches(\"(?is).*\\Qhello\\E.*\"...
14:01:34.838997 POST /session/3e353224-9f02-4fc2-9e0c-ee168cb733b6/element [106.500125ms] ERR:404 body={"strategy":"-android uiautomator","selector":"new UiSelector().descriptionMatches(\"(?is).*\\Qhello...
14:01:34.948185 POST /session/3e353224-9f02-4fc2-9e0c-ee168cb733b6/element [109.027791ms] ERR:404 body={"strategy":"-android uiautomator","selector":"new UiSelector().textContains(\"hello\")"}
14:01:34.979909 POST /session/3e353224-9f02-4fc2-9e0c-ee168cb733b6/element [31.654084ms] ERR:404 body={"strategy":"-android uiautomator","selector":"new UiSelector().descriptionContains(\"hello\")"}
14:01:35.018184 POST /session/3e353224-9f02-4fc2-9e0c-ee168cb733b6/element [38.184166ms] ERR:404 body={"strategy":"-android uiautomator","selector":"new UiSelector().textMatches(\"(?is).*\\Qhello\\E.*\"...
14:01:35.037027 POST /session/3e353224-9f02-4fc2-9e0c-ee168cb733b6/element [18.601084ms] ERR:404 body={"strategy":"-android uiautomator","selector":"new UiSelector().descriptionMatches(\"(?is).*\\Qhello...
14:01:35.050919 POST /session/3e353224-9f02-4fc2-9e0c-ee168cb733b6/element [13.801667ms] ERR:404 body={"strategy":"-android uiautomator","selector":"new UiSelector().textContains(\"hello\")"}
14:01:35.077197 POST /session/3e353224-9f02-4fc2-9e0c-ee168cb733b6/element [26.214ms] ERR:404 body={"strategy":"-android uiautomator","selector":"new UiSelector().descriptionContains(\"hello\")"}
14:01:35.091134 POST /session/3e353224-9f02-4fc2-9e0c-ee168cb733b6/element [13.87325ms] ERR:404 body={"strategy":"-android uiautomator","selector":"new UiSelector().textMatches(\"(?is).*\\Qhello\\E.*\"...
14:01:35.145205 POST /session/3e353224-9f02-4fc2-9e0c-ee168cb733b6/element [53.935792ms] ERR:404 body={"strategy":"-android uiautomator","selector":"new UiSelector().descriptionMatches(\"(?is).*\\Qhello...
14:01:35.168145 POST /session/3e353224-9f02-4fc2-9e0c-ee168cb733b6/element [22.837667ms] ERR:404 body={"strategy":"-android uiautomator","selector":"new UiSelector().textContains(\"hello\")"}
14:01:35.176735 POST /session/3e353224-9f02-4fc2-9e0c-ee168cb733b6/element [8.529375ms] ERR:404 body={"strategy":"-android uiautomator","selector":"new UiSelector().descriptionContains(\"hello\")"}
14:01:35.195067 POST /session/3e353224-9f02-4fc2-9e0c-ee168cb733b6/element [18.2395ms] ERR:404 body={"strategy":"-android uiautomator","selector":"new UiSelector().textMatches(\"(?is).*\\Qhello\\E.*\"...
14:01:35.212329 POST /session/3e353224-9f02-4fc2-9e0c-ee168cb733b6/element [17.175708ms] ERR:404 body={"strategy":"-android uiautomator","selector":"new UiSelector().descriptionMatches(\"(?is).*\\Qhello...
14:01:35.223226 POST /session/3e353224-9f02-4fc2-9e0c-ee168cb733b6/element [10.832917ms] ERR:404 body={"strategy":"-android uiautomator","selector":"new UiSelector().textContains(\"hello\")"}
14:01:35.241296 POST /session/3e353224-9f02-4fc2-9e0c-ee168cb733b6/element [18.013417ms] ERR:404 body={"strategy":"-android uiautomator","selector":"new UiSelector().descriptionContains(\"hello\")"}
14:01:35.252839 POST /session/3e353224-9f02-4fc2-9e0c-ee168cb733b6/element [11.474417ms] ERR:404 body={"strategy":"-android uiautomator","selector":"new UiSelector().textMatches(\"(?is).*\\Qhello\\E.*\"...
14:01:35.273917 POST /session/3e353224-9f02-4fc2-9e0c-ee168cb733b6/element [20.987458ms] ERR:404 body={"strategy":"-android uiautomator","selector":"new UiSelector().descriptionMatches(\"(?is).*\\Qhello...
14:01:35.300876 POST /session/3e353224-9f02-4fc2-9e0c-ee168cb733b6/element [26.889709ms] ERR:404 body={"strategy":"-android uiautomator","selector":"new UiSelector().textContains(\"hello\")"}
14:01:35.345124 POST /session/3e353224-9f02-4fc2-9e0c-ee168cb733b6/element [44.142125ms] ERR:404 body={"strategy":"-android uiautomator","selector":"new UiSelector().descriptionContains(\"hello\")"}
14:01:35.407060 POST /session/3e353224-9f02-4fc2-9e0c-ee168cb733b6/element [61.84425ms] ERR:404 body={"strategy":"-android uiautomator","selector":"new UiSelector().textMatches(\"(?is).*\\Qhello\\E.*\"...
14:01:35.470291 POST /session/3e353224-9f02-4fc2-9e0c-ee168cb733b6/element [63.174166ms] ERR:404 body={"strategy":"-android uiautomator","selector":"new UiSelector().descriptionMatches(\"(?is).*\\Qhello...
14:01:35.480199 POST /session/3e353224-9f02-4fc2-9e0c-ee168cb733b6/element [9.843042ms] ERR:404 body={"strategy":"-android uiautomator","selector":"new UiSelector().textContains(\"hello\")"}
14:01:35.491209 POST /session/3e353224-9f02-4fc2-9e0c-ee168cb733b6/element [10.52275ms] ERR:404 body={"strategy":"-android uiautomator","selector":"new UiSelector().descriptionContains(\"hello\")"}
14:01:35.554405 POST /session/3e353224-9f02-4fc2-9e0c-ee168cb733b6/element [62.4115ms] ERR:404 body={"strategy":"-android uiautomator","selector":"new UiSelector().textMatches(\"(?is).*\\Qhello\\E.*\"...
14:01:35.574400 POST /session/3e353224-9f02-4fc2-9e0c-ee168cb733b6/element [19.93175ms] ERR:404 body={"strategy":"-android uiautomator","selector":"new UiSelector().descriptionMatches(\"(?is).*\\Qhello...
14:01:35.595731 POST /session/3e353224-9f02-4fc2-9e0c-ee168cb733b6/element [21.256625ms] ERR:404 body={"strategy":"-android uiautomator","selector":"new UiSelector().textContains(\"hello\")"}
14:01:35.634034 POST /session/3e353224-9f02-4fc2-9e0c-ee168cb733b6/element [38.242791ms] ERR:404 body={"strategy":"-android uiautomator","selector":"new UiSelector().descriptionContains(\"hello\")"}
14:01:35.653257 POST /session/3e353224-9f02-4fc2-9e0c-ee168cb733b6/element [19.118666ms] ERR:404 body={"strategy":"-android uiautomator","selector":"new UiSelector().textMatches(\"(?is).*\\Qhello\\E.*\"...
14:01:35.684574 POST /session/3e353224-9f02-4fc2-9e0c-ee168cb733b6/element [31.254ms] ERR:404 body={"strategy":"-android uiautomator","selector":"new UiSelector().descriptionMatches(\"(?is).*\\Qhello...
14:01:35.702243 POST /session/3e353224-9f02-4fc2-9e0c-ee168cb733b6/element [17.54725ms] ERR:404 body={"strategy":"-android uiautomator","selector":"new UiSelector().textContains(\"hello\")"}
14:01:35.729374 POST /session/3e353224-9f02-4fc2-9e0c-ee168cb733b6/element [26.96625ms] ERR:404 body={"strategy":"-android uiautomator","selector":"new UiSelector().descriptionContains(\"hello\")"}
14:01:35.750223 POST /session/3e353224-9f02-4fc2-9e0c-ee168cb733b6/element [20.744541ms] ERR:404 body={"strategy":"-android uiautomator","selector":"new UiSelector().textMatches(\"(?is).*\\Qhello\\E.*\"...
14:01:35.781593 POST /session/3e353224-9f02-4fc2-9e0c-ee168cb733b6/element [30.607125ms] ERR:404 body={"strategy":"-android uiautomator","selector":"new UiSelector().descriptionMatches(\"(?is).*\\Qhello...
14:01:35.794118 POST /session/3e353224-9f02-4fc2-9e0c-ee168cb733b6/element [12.448709ms] ERR:404 body={"strategy":"-android uiautomator","selector":"new UiSelector().textContains(\"hello\")"}
14:01:35.854257 POST /session/3e353224-9f02-4fc2-9e0c-ee168cb733b6/element [59.281458ms] ERR:404 body={"strategy":"-android uiautomator","selector":"new UiSelector().descriptionContains(\"hello\")"}
14:01:35.873681 POST /session/3e353224-9f02-4fc2-9e0c-ee168cb733b6/element [19.371708ms] ERR:404 body={"strategy":"-android uiautomator","selector":"new UiSelector().textMatches(\"(?is).*\\Qhello\\E.*\"...
14:01:35.889966 POST /session/3e353224-9f02-4fc2-9e0c-ee168cb733b6/element [16.223625ms] ERR:404 body={"strategy":"-android uiautomator","selector":"new UiSelector().descriptionMatches(\"(?is).*\\Qhello...
14:01:35.932377 POST /session/3e353224-9f02-4fc2-9e0c-ee168cb733b6/element [42.344584ms] ERR:404 body={"strategy":"-android uiautomator","selector":"new UiSelector().textContains(\"hello\")"}
14:01:35.962915 POST /session/3e353224-9f02-4fc2-9e0c-ee168cb733b6/element [30.474667ms] ERR:404 body={"strategy":"-android uiautomator","selector":"new UiSelector().descriptionContains(\"hello\")"}
14:01:35.990028 POST /session/3e353224-9f02-4fc2-9e0c-ee168cb733b6/element [27.047125ms] ERR:404 body={"strategy":"-android uiautomator","selector":"new UiSelector().textMatches(\"(?is).*\\Qhello\\E.*\"...
14:01:36.004077 POST /session/3e353224-9f02-4fc2-9e0c-ee168cb733b6/element [13.963791ms] ERR:404 body={"strategy":"-android uiautomator","selector":"new UiSelector().descriptionMatches(\"(?is).*\\Qhello...
14:01:36.024256 POST /session/3e353224-9f02-4fc2-9e0c-ee168cb733b6/element [20.121375ms] ERR:404 body={"strategy":"-android uiautomator","selector":"new UiSelector().textContains(\"hello\")"}
14:01:36.038580 POST /session/3e353224-9f02-4fc2-9e0c-ee168cb733b6/element [14.262792ms] ERR:404 body={"strategy":"-android uiautomator","selector":"new UiSelector().descriptionContains(\"hello\")"}
14:01:36.052385 POST /session/3e353224-9f02-4fc2-9e0c-ee168cb733b6/element [13.732459ms] ERR:404 body={"strategy":"-android uiautomator","selector":"new UiSelector().textMatches(\"(?is).*\\Qhello\\E.*\"...
14:01:36.070940 POST /session/3e353224-9f02-4fc2-9e0c-ee168cb733b6/element [18.495125ms] ERR:404 body={"strategy":"-android uiautomator","selector":"new UiSelector().descriptionMatches(\"(?is).*\\Qhello...
14:01:36.086229 POST /session/3e353224-9f02-4fc2-9e0c-ee168cb733b6/element [15.219666ms] ERR:404 body={"strategy":"-android uiautomator","selector":"new UiSelector().textContains(\"hello\")"}
14:01:36.106291 POST /session/3e353224-9f02-4fc2-9e0c-ee168cb733b6/element [19.990791ms] ERR:404 body={"strategy":"-android uiautomator","selector":"new UiSelector().descriptionContains(\"hello\")"}
14:01:36.122026 POST /session/3e353224-9f02-4fc2-9e0c-ee168cb733b6/element [15.6735ms] ERR:404 body={"strategy":"-android uiautomator","selector":"new UiSelector().textMatches(\"(?is).*\\Qhello\\E.*\"...
14:01:36.135563 POST /session/3e353224-9f02-4fc2-9e0c-ee168cb733b6/element [13.48675ms] ERR:404 body={"strategy":"-android uiautomator","selector":"new UiSelector().descriptionMatches(\"(?is).*\\Qhello...
14:01:36.156510 POST /session/3e353224-9f02-4fc2-9e0c-ee168cb733b6/element [20.880792ms] ERR:404 body={"strategy":"-android uiautomator","selector":"new UiSelector().textContains(\"hello\")"}
14:01:36.174289 POST /session/3e353224-9f02-4fc2-9e0c-ee168cb733b6/element [17.712833ms] ERR:404 body={"strategy":"-android uiautomator","selector":"new UiSelector().descriptionContains(\"hello\")"}
14:01:36.185947 POST /session/3e353224-9f02-4fc2-9e0c-ee168cb733b6/element [11.603584ms] ERR:404 body={"strategy":"-android uiautomator","selector":"new UiSelector().textMatches(\"(?is).*\\Qhello\\E.*\"...
14:01:36.199812 POST /session/3e353224-9f02-4fc2-9e0c-ee168cb733b6/element [13.8085ms] ERR:404 body={"strategy":"-android uiautomator","selector":"new UiSelector().descriptionMatches(\"(?is).*\\Qhello...
14:01:36.213977 POST /session/3e353224-9f02-4fc2-9e0c-ee168cb733b6/element [14.110125ms] ERR:404 body={"strategy":"-android uiautomator","selector":"new UiSelector().textContains(\"hello\")"}
14:01:36.227452 POST /session/3e353224-9f02-4fc2-9e0c-ee168cb733b6/element [13.199416ms] ERR:404 body={"strategy":"-android uiautomator","selector":"new UiSelector().descriptionContains(\"hello\")"}
14:01:36.237102 POST /session/3e353224-9f02-4fc2-9e0c-ee168cb733b6/element [9.589083ms] ERR:404 body={"strategy":"-android uiautomator","selector":"new UiSelector().textMatches(\"(?is).*\\Qhello\\E.*\"...
14:01:36.259352 POST /session/3e353224-9f02-4fc2-9e0c-ee168cb733b6/element [22.192333ms] ERR:404 body={"strategy":"-android uiautomator","selector":"new UiSelector().descriptionMatches(\"(?is).*\\Qhello...
14:01:36.268918 POST /session/3e353224-9f02-4fc2-9e0c-ee168cb733b6/element [9.512333ms] ERR:404 body={"strategy":"-android uiautomator","selector":"new UiSelector().textContains(\"hello\")"}
14:01:36.276158 POST /session/3e353224-9f02-4fc2-9e0c-ee168cb733b6/element [6.997958ms] ERR:404 body={"strategy":"-android uiautomator","selector":"new UiSelector().descriptionContains(\"hello\")"}
14:01:36.286201 POST /session/3e353224-9f02-4fc2-9e0c-ee168cb733b6/element [9.970916ms] ERR:404 body={"strategy":"-android uiautomator","selector":"new UiSelector().textMatches(\"(?is).*\\Qhello\\E.*\"...
14:01:36.294463 POST /session/3e353224-9f02-4fc2-9e0c-ee168cb733b6/element [8.152375ms] ERR:404 body={"strategy":"-android uiautomator","selector":"new UiSelector().descriptionMatches(\"(?is).*\\Qhello...
14:01:36.323424 POST /session/3e353224-9f02-4fc2-9e0c-ee168cb733b6/element [28.89875ms] ERR:404 body={"strategy":"-android uiautomator","selector":"new UiSelector().textContains(\"hello\")"}
14:01:36.333228 POST /session/3e353224-9f02-4fc2-9e0c-ee168cb733b6/element [9.754958ms] ERR:404 body={"strategy":"-android uiautomator","selector":"new UiSelector().descriptionContains(\"hello\")"}
14:01:36.347941 POST /session/3e353224-9f02-4fc2-9e0c-ee168cb733b6/element [14.649916ms] ERR:404 body={"strategy":"-android uiautomator","selector":"new UiSelector().textMatches(\"(?is).*\\Qhello\\E.*\"...
14:01:36.356471 POST /session/3e353224-9f02-4fc2-9e0c-ee168cb733b6/element [8.43875ms] ERR:404 body={"strategy":"-android uiautomator","selector":"new UiSelector().descriptionMatches(\"(?is).*\\Qhello...
14:01:36.365181 POST /session/3e353224-9f02-4fc2-9e0c-ee168cb733b6/element [8.634167ms] ERR:404 body={"strategy":"-android uiautomator","selector":"new UiSelector().textContains(\"hello\")"}
14:01:36.390233 POST /session/3e353224-9f02-4fc2-9e0c-ee168cb733b6/element [24.995625ms] ERR:404 body={"strategy":"-android uiautomator","selector":"new UiSelector().descriptionContains(\"hello\")"}
14:01:36.420686 POST /session/3e353224-9f02-4fc2-9e0c-ee168cb733b6/element [30.401708ms] ERR:404 body={"strategy":"-android uiautomator","selector":"new UiSelector().textMatches(\"(?is).*\\Qhello\\E.*\"...
14:01:36.441395 POST /session/3e353224-9f02-4fc2-9e0c-ee168cb733b6/element [20.596417ms] ERR:404 body={"strategy":"-android uiautomator","selector":"new UiSelector().descriptionMatches(\"(?is).*\\Qhello...
14:01:36.454996 POST /session/3e353224-9f02-4fc2-9e0c-ee168cb733b6/element [13.543125ms] ERR:404 body={"strategy":"-android uiautomator","selector":"new UiSelector().textContains(\"hello\")"}
14:01:36.462302 POST /session/3e353224-9f02-4fc2-9e0c-ee168cb733b6/element [7.241959ms] ERR:404 body={"strategy":"-android uiautomator","selector":"new UiSelector().descriptionContains(\"hello\")"}
14:01:36.473377 POST /session/3e353224-9f02-4fc2-9e0c-ee168cb733b6/element [11.017959ms] ERR:404 body={"strategy":"-android uiautomator","selector":"new UiSelector().textMatches(\"(?is).*\\Qhello\\E.*\"...
14:01:36.488363 POST /session/3e353224-9f02-4fc2-9e0c-ee168cb733b6/element [14.927083ms] ERR:404 body={"strategy":"-android uiautomator","selector":"new UiSelector().descriptionMatches(\"(?is).*\\Qhello...
14:01:36.509558 POST /session/3e353224-9f02-4fc2-9e0c-ee168cb733b6/element [21.142667ms] ERR:404 body={"strategy":"-android uiautomator","selector":"new UiSelector().textContains(\"hello\")"}
14:01:36.518962 POST /session/3e353224-9f02-4fc2-9e0c-ee168cb733b6/element [9.339375ms] ERR:404 body={"strategy":"-android uiautomator","selector":"new UiSelector().descriptionContains(\"hello\")"}
14:01:36.535888 POST /session/3e353224-9f02-4fc2-9e0c-ee168cb733b6/element [16.841625ms] ERR:404 body={"strategy":"-android uiautomator","selector":"new UiSelector().textMatches(\"(?is).*\\Qhello\\E.*\"...
14:01:36.551501 POST /session/3e353224-9f02-4fc2-9e0c-ee168cb733b6/element [15.559958ms] ERR:404 body={"strategy":"-android uiautomator","selector":"new UiSelector().descriptionMatches(\"(?is).*\\Qhello...
14:01:36.566929 POST /session/3e353224-9f02-4fc2-9e0c-ee168cb733b6/element [15.371916ms] ERR:404 body={"strategy":"-android uiautomator","selector":"new UiSelector().textContains(\"hello\")"}
14:01:36.587222 POST /session/3e353224-9f02-4fc2-9e0c-ee168cb733b6/element [20.212625ms] ERR:404 body={"strategy":"-android uiautomator","selector":"new UiSelector().descriptionContains(\"hello\")"}
14:01:36.599385 POST /session/3e353224-9f02-4fc2-9e0c-ee168cb733b6/element [12.110542ms] ERR:404 body={"strategy":"-android uiautomator","selector":"new UiSelector().textMatches(\"(?is).*\\Qhello\\E.*\"...
14:01:36.606808 POST /session/3e353224-9f02-4fc2-9e0c-ee168cb733b6/element [7.367791ms] ERR:404 body={"strategy":"-android uiautomator","selector":"new UiSelector().descriptionMatches(\"(?is).*\\Qhello...
14:01:36.625562 POST /session/3e353224-9f02-4fc2-9e0c-ee168cb733b6/element [18.7005ms] ERR:404 body={"strategy":"-android uiautomator","selector":"new UiSelector().textContains(\"hello\")"}
14:01:36.639232 POST /session/3e353224-9f02-4fc2-9e0c-ee168cb733b6/element [13.609208ms] ERR:404 body={"strategy":"-android uiautomator","selector":"new UiSelector().descriptionContains(\"hello\")"}
14:01:36.651817 POST /session/3e353224-9f02-4fc2-9e0c-ee168cb733b6/element [12.532833ms] ERR:404 body={"strategy":"-android uiautomator","selector":"new UiSelector().textMatches(\"(?is).*\\Qhello\\E.*\"...
14:01:36.662480 POST /session/3e353224-9f02-4fc2-9e0c-ee168cb733b6/element [10.613333ms] ERR:404 body={"strategy":"-android uiautomator","selector":"new UiSelector().descriptionMatches(\"(?is).*\\Qhello...
14:01:36.676574 POST /session/3e353224-9f02-4fc2-9e0c-ee168cb733b6/element [14.029083ms] ERR:404 body={"strategy":"-android uiautomator","selector":"new UiSelector().textContains(\"hello\")"}
14:01:36.689573 POST /session/3e353224-9f02-4fc2-9e0c-ee168cb733b6/element [12.946625ms] ERR:404 body={"strategy":"-android uiautomator","selector":"new UiSelector().descriptionContains(\"hello\")"}
14:01:36.702410 POST /session/3e353224-9f02-4fc2-9e0c-ee168cb733b6/element [12.779791ms] ERR:404 body={"strategy":"-android uiautomator","selector":"new UiSelector().textMatches(\"(?is).*\\Qhello\\E.*\"...
14:01:36.725596 POST /session/3e353224-9f02-4fc2-9e0c-ee168cb733b6/element [23.125ms] ERR:404 body={"strategy":"-android uiautomator","selector":"new UiSelector().descriptionMatches(\"(?is).*\\Qhello...
14:01:36.738124 POST /session/3e353224-9f02-4fc2-9e0c-ee168cb733b6/element [12.464958ms] ERR:404 body={"strategy":"-android uiautomator","selector":"new UiSelector().textContains(\"hello\")"}
14:01:36.756221 POST /session/3e353224-9f02-4fc2-9e0c-ee168cb733b6/element [18.040625ms] ERR:404 body={"strategy":"-android uiautomator","selector":"new UiSelector().descriptionContains(\"hello\")"}
14:01:36.775614 POST /session/3e353224-9f02-4fc2-9e0c-ee168cb733b6/element [19.325834ms] ERR:404 body={"strategy":"-android uiautomator","selector":"new UiSelector().textMatches(\"(?is).*\\Qhello\\E.*\"...
14:01:36.788163 POST /session/3e353224-9f02-4fc2-9e0c-ee168cb733b6/element [12.42475ms] ERR:404 body={"strategy":"-android uiautomator","selector":"new UiSelector().descriptionMatches(\"(?is).*\\Qhello...
14:01:36.799563 POST /session/3e353224-9f02-4fc2-9e0c-ee168cb733b6/element [11.342125ms] ERR:404 body={"strategy":"-android uiautomator","selector":"new UiSelector().textContains(\"hello\")"}
14:01:36.810611 POST /session/3e353224-9f02-4fc2-9e0c-ee168cb733b6/element [10.995ms] ERR:404 body={"strategy":"-android uiautomator","selector":"new UiSelector().descriptionContains(\"hello\")"}
14:01:36.827093 POST /session/3e353224-9f02-4fc2-9e0c-ee168cb733b6/element [16.427625ms] ERR:404 body={"strategy":"-android uiautomator","selector":"new UiSelector().textMatches(\"(?is).*\\Qhello\\E.*\"...
14:01:36.844230 POST /session/3e353224-9f02-4fc2-9e0c-ee168cb733b6/element [17.065333ms] ERR:404 body={"strategy":"-android uiautomator","selector":"new UiSelector().descriptionMatches(\"(?is).*\\Qhello...
14:01:36.857296 POST /session/3e353224-9f02-4fc2-9e0c-ee168cb733b6/element [13.006916ms] ERR:404 body={"strategy":"-android uiautomator","selector":"new UiSelector().textContains(\"hello\")"}
14:01:36.872369 POST /session/3e353224-9f02-4fc2-9e0c-ee168cb733b6/element [14.455792ms] ERR:404 body={"strategy":"-android uiautomator","selector":"new UiSelector().descriptionContains(\"hello\")"}
14:01:36.885198 POST /session/3e353224-9f02-4fc2-9e0c-ee168cb733b6/element [12.780042ms] ERR:404 body={"strategy":"-android uiautomator","selector":"new UiSelector().textMatches(\"(?is).*\\Qhello\\E.*\"...
14:01:36.899902 POST /session/3e353224-9f02-4fc2-9e0c-ee168cb733b6/element [14.647417ms] ERR:404 body={"strategy":"-android uiautomator","selector":"new UiSelector().descriptionMatches(\"(?is).*\\Qhello...
14:01:36.915125 POST /session/3e353224-9f02-4fc2-9e0c-ee168cb733b6/element [15.158709ms] ERR:404 body={"strategy":"-android uiautomator","selector":"new UiSelector().textContains(\"hello\")"}
14:01:36.931419 POST /session/3e353224-9f02-4fc2-9e0c-ee168cb733b6/element [16.232125ms] ERR:404 body={"strategy":"-android uiautomator","selector":"new UiSelector().descriptionContains(\"hello\")"}
14:01:36.951617 POST /session/3e353224-9f02-4fc2-9e0c-ee168cb733b6/element [20.126583ms] ERR:404 body={"strategy":"-android uiautomator","selector":"new UiSelector().textMatches(\"(?is).*\\Qhello\\E.*\"...
14:01:36.960346 POST /session/3e353224-9f02-4fc2-9e0c-ee168cb733b6/element [8.631541ms] ERR:404 body={"strategy":"-android uiautomator","selector":"new UiSelector().descriptionMatches(\"(?is).*\\Qhello...
14:01:36.976536 POST /session/3e353224-9f02-4fc2-9e0c-ee168cb733b6/element [16.130209ms] ERR:404 body={"strategy":"-android uiautomator","selector":"new UiSelector().textContains(\"hello\")"}
14:01:36.987966 POST /session/3e353224-9f02-4fc2-9e0c-ee168cb733b6/element [11.375708ms] ERR:404 body={"strategy":"-android uiautomator","selector":"new UiSelector().descriptionContains(\"hello\")"}
14:01:36.999734 POST /session/3e353224-9f02-4fc2-9e0c-ee168cb733b6/element [11.7105ms] ERR:404 body={"strategy":"-android uiautomator","selector":"new UiSelector().textMatches(\"(?is).*\\Qhello\\E.*\"...
14:01:37.021765 POST /session/3e353224-9f02-4fc2-9e0c-ee168cb733b6/element [21.976916ms] ERR:404 body={"strategy":"-android uiautomator","selector":"new UiSelector().descriptionMatches(\"(?is).*\\Qhello...
14:01:37.041956 POST /session/3e353224-9f02-4fc2-9e0c-ee168cb733b6/element [20.133625ms] ERR:404 body={"strategy":"-android uiautomator","selector":"new UiSelector().textContains(\"hello\")"}
14:01:37.055491 POST /session/3e353224-9f02-4fc2-9e0c-ee168cb733b6/element [13.473209ms] ERR:404 body={"strategy":"-android uiautomator","selector":"new UiSelector().descriptionContains(\"hello\")"}
14:01:37.063697 POST /session/3e353224-9f02-4fc2-9e0c-ee168cb733b6/element [8.147125ms] ERR:404 body={"strategy":"-android uiautomator","selector":"new UiSelector().textMatches(\"(?is).*\\Qhello\\E.*\"...
14:01:37.070141 POST /session/3e353224-9f02-4fc2-9e0c-ee168cb733b6/element [6.394083ms] ERR:404 body={"strategy":"-android uiautomator","selector":"new UiSelector().descriptionMatches(\"(?is).*\\Qhello...
14:01:37.082829 POST /session/3e353224-9f02-4fc2-9e0c-ee168cb733b6/element [12.632166ms] ERR:404 body={"strategy":"-android uiautomator","selector":"new UiSelector().textContains(\"hello\")"}
14:01:37.094616 POST /session/3e353224-9f02-4fc2-9e0c-ee168cb733b6/element [11.727083ms] ERR:404 body={"strategy":"-android uiautomator","selector":"new UiSelector().descriptionContains(\"hello\")"}
14:01:37.105913 POST /session/3e353224-9f02-4fc2-9e0c-ee168cb733b6/element [11.24275ms] ERR:404 body={"strategy":"-android uiautomator","selector":"new UiSelector().textMatches(\"(?is).*\\Qhello\\E.*\"...
14:01:37.127295 POST /session/3e353224-9f02-4fc2-9e0c-ee168cb733b6/element [21.324375ms] ERR:404 body={"strategy":"-android uiautomator","selector":"new UiSelector().descriptionMatches(\"(?is).*\\Qhello...
14:01:37.139930 POST /session/3e353224-9f02-4fc2-9e0c-ee168cb733b6/element [12.584417ms] ERR:404 body={"strategy":"-android uiautomator","selector":"new UiSelector().textContains(\"hello\")"}
14:01:37.157263 POST /session/3e353224-9f02-4fc2-9e0c-ee168cb733b6/element [17.269ms] ERR:404 body={"strategy":"-android uiautomator","selector":"new UiSelector().descriptionContains(\"hello\")"}
14:01:37.167258 POST /session/3e353224-9f02-4fc2-9e0c-ee168cb733b6/element [9.938958ms] ERR:404 body={"strategy":"-android uiautomator","selector":"new UiSelector().textMatches(\"(?is).*\\Qhello\\E.*\"...
14:01:37.195648 POST /session/3e353224-9f02-4fc2-9e0c-ee168cb733b6/element [28.331375ms] ERR:404 body={"strategy":"-android uiautomator","selector":"new UiSelector().descriptionMatches(\"(?is).*\\Qhello...
14:01:37.239250 POST /session/3e353224-9f02-4fc2-9e0c-ee168cb733b6/element [43.5255ms] ERR:404 body={"strategy":"-android uiautomator","selector":"new UiSelector().textContains(\"hello\")"}
14:01:37.309807 POST /session/3e353224-9f02-4fc2-9e0c-ee168cb733b6/element [70.512583ms] ERR:404 body={"strategy":"-android uiautomator","selector":"new UiSelector().descriptionContains(\"hello\")"}
14:01:37.331768 POST /session/3e353224-9f02-4fc2-9e0c-ee168cb733b6/element [21.89825ms] ERR:404 body={"strategy":"-android uiautomator","selector":"new UiSelector().textMatches(\"(?is).*\\Qhello\\E.*\"...
14:01:37.384652 POST /session/3e353224-9f02-4fc2-9e0c-ee168cb733b6/element [52.821458ms] ERR:404 body={"strategy":"-android uiautomator","selector":"new UiSelector().descriptionMatches(\"(?is).*\\Qhello...
14:01:37.408378 POST /session/3e353224-9f02-4fc2-9e0c-ee168cb733b6/element [23.634459ms] ERR:404 body={"strategy":"-android uiautomator","selector":"new UiSelector().textContains(\"hello\")"}
14:01:37.420420 POST /session/3e353224-9f02-4fc2-9e0c-ee168cb733b6/element [11.980375ms] ERR:404 body={"strategy":"-android uiautomator","selector":"new UiSelector().descriptionContains(\"hello\")"}
14:01:37.442113 POST /session/3e353224-9f02-4fc2-9e0c-ee168cb733b6/element [21.638667ms] ERR:404 body={"strategy":"-android uiautomator","selector":"new UiSelector().textMatches(\"(?is).*\\Qhello\\E.*\"...
14:01:37.455986 POST /session/3e353224-9f02-4fc2-9e0c-ee168cb733b6/element [13.823667ms] ERR:404 body={"strategy":"-android uiautomator","selector":"new UiSelector().descriptionMatches(\"(?is).*\\Qhello...
14:01:37.472486 POST /session/3e353224-9f02-4fc2-9e0c-ee168cb733b6/element [16.44275ms] ERR:404 body={"strategy":"-android uiautomator","selector":"new UiSelector().textContains(\"hello\")"}
14:01:37.492224 POST /session/3e353224-9f02-4fc2-9e0c-ee168cb733b6/element [19.666208ms] ERR:404 body={"strategy":"-android uiautomator","selector":"new UiSelector().descriptionContains(\"hello\")"}
14:01:37.520743 POST /session/3e353224-9f02-4fc2-9e0c-ee168cb733b6/element [28.466416ms] ERR:404 body={"strategy":"-android uiautomator","selector":"new UiSelector().textMatches(\"(?is).*\\Qhello\\E.*\"...
14:01:37.545487 POST /session/3e353224-9f02-4fc2-9e0c-ee168cb733b6/element [24.684042ms] ERR:404 body={"strategy":"-android uiautomator","selector":"new UiSelector().descriptionMatches(\"(?is).*\\Qhello...
14:01:37.563811 POST /session/3e353224-9f02-4fc2-9e0c-ee168cb733b6/element [18.261459ms] ERR:404 body={"strategy":"-android uiautomator","selector":"new UiSelector().textContains(\"hello\")"}
14:01:37.576378 POST /session/3e353224-9f02-4fc2-9e0c-ee168cb733b6/element [12.497459ms] ERR:404 body={"strategy":"-android uiautomator","selector":"new UiSelector().descriptionContains(\"hello\")"}
14:01:37.601803 POST /session/3e353224-9f02-4fc2-9e0c-ee168cb733b6/element [25.32725ms] ERR:404 body={"strategy":"-android uiautomator","selector":"new UiSelector().textMatches(\"(?is).*\\Qhello\\E.*\"...
14:01:37.612128 POST /session/3e353224-9f02-4fc2-9e0c-ee168cb733b6/element [10.26675ms] ERR:404 body={"strategy":"-android uiautomator","selector":"new UiSelector().descriptionMatches(\"(?is).*\\Qhello...
14:01:37.634377 POST /session/3e353224-9f02-4fc2-9e0c-ee168cb733b6/element [22.156916ms] ERR:404 body={"strategy":"-android uiautomator","selector":"new UiSelector().textContains(\"hello\")"}
14:01:37.648097 POST /session/3e353224-9f02-4fc2-9e0c-ee168cb733b6/element [13.662667ms] ERR:404 body={"strategy":"-android uiautomator","selector":"new UiSelector().descriptionContains(\"hello\")"}
14:01:37.660786 POST /session/3e353224-9f02-4fc2-9e0c-ee168cb733b6/element [12.617ms] ERR:404 body={"strategy":"-android uiautomator","selector":"new UiSelector().textMatches(\"(?is).*\\Qhello\\E.*\"...
14:01:37.682327 POST /session/3e353224-9f02-4fc2-9e0c-ee168cb733b6/element [21.461625ms] ERR:404 body={"strategy":"-android uiautomator","selector":"new UiSelector().descriptionMatches(\"(?is).*\\Qhello...
14:01:37.691811 POST /session/3e353224-9f02-4fc2-9e0c-ee168cb733b6/element [9.388541ms] ERR:404 body={"strategy":"-android uiautomator","selector":"new UiSelector().textContains(\"hello\")"}
14:01:37.711854 POST /session/3e353224-9f02-4fc2-9e0c-ee168cb733b6/element [19.977958ms] ERR:404 body={"strategy":"-android uiautomator","selector":"new UiSelector().descriptionContains(\"hello\")"}
14:01:37.729200 POST /session/3e353224-9f02-4fc2-9e0c-ee168cb733b6/element [17.277375ms] ERR:404 body={"strategy":"-android uiautomator","selector":"new UiSelector().textMatches(\"(?is).*\\Qhello\\E.*\"...
14:01:37.742803 POST /session/3e353224-9f02-4fc2-9e0c-ee168cb733b6/element [13.546458ms] ERR:404 body={"strategy":"-android uiautomator","selector":"new UiSelector().descriptionMatches(\"(?is).*\\Qhello...
14:01:37.759815 POST /session/3e353224-9f02-4fc2-9e0c-ee168cb733b6/element [16.944292ms] ERR:404 body={"strategy":"-android uiautomator","selector":"new UiSelector().textContains(\"hello\")"}
14:01:37.776880 POST /session/3e353224-9f02-4fc2-9e0c-ee168cb733b6/element [16.985208ms] ERR:404 body={"strategy":"-android uiautomator","selector":"new UiSelector().descriptionContains(\"hello\")"}
14:01:37.803145 POST /session/3e353224-9f02-4fc2-9e0c-ee168cb733b6/element [25.261375ms] ERR:404 body={"strategy":"-android uiautomator","selector":"new UiSelector().textMatches(\"(?is).*\\Qhello\\E.*\"...
14:01:37.822834 POST /session/3e353224-9f02-4fc2-9e0c-ee168cb733b6/element [19.631042ms] ERR:404 body={"strategy":"-android uiautomator","selector":"new UiSelector().descriptionMatches(\"(?is).*\\Qhello...
14:01:37.851570 POST /session/3e353224-9f02-4fc2-9e0c-ee168cb733b6/element [28.672208ms] ERR:404 body={"strategy":"-android uiautomator","selector":"new UiSelector().textContains(\"hello\")"}
14:01:37.869806 POST /session/3e353224-9f02-4fc2-9e0c-ee168cb733b6/element [18.174958ms] ERR:404 body={"strategy":"-android uiautomator","selector":"new UiSelector().descriptionContains(\"hello\")"}
14:01:37.890235 POST /session/3e353224-9f02-4fc2-9e0c-ee168cb733b6/element [20.375125ms] ERR:404 body={"strategy":"-android uiautomator","selector":"new UiSelector().textMatches(\"(?is).*\\Qhello\\E.*\"...
14:01:37.902829 POST /session/3e353224-9f02-4fc2-9e0c-ee168cb733b6/element [12.536542ms] ERR:404 body={"strategy":"-android uiautomator","selector":"new UiSelector().descriptionMatches(\"(?is).*\\Qhello...
14:01:37.915406 POST /session/3e353224-9f02-4fc2-9e0c-ee168cb733b6/element [12.5135ms] ERR:404 body={"strategy":"-android uiautomator","selector":"new UiSelector().textContains(\"hello\")"}
14:01:37.923151 POST /session/3e353224-9f02-4fc2-9e0c-ee168cb733b6/element [7.689042ms] ERR:404 body={"strategy":"-android uiautomator","selector":"new UiSelector().descriptionContains(\"hello\")"}
14:01:37.930857 POST /session/3e353224-9f02-4fc2-9e0c-ee168cb733b6/element [7.644833ms] ERR:404 body={"strategy":"-android uiautomator","selector":"new UiSelector().textMatches(\"(?is).*\\Qhello\\E.*\"...
14:01:37.936531 POST /session/3e353224-9f02-4fc2-9e0c-ee168cb733b6/element [5.618291ms] ERR:404 body={"strategy":"-android uiautomator","selector":"new UiSelector().descriptionMatches(\"(?is).*\\Qhello...
14:01:37.943326 POST /session/3e353224-9f02-4fc2-9e0c-ee168cb733b6/element [6.739083ms] ERR:404 body={"strategy":"-android uiautomator","selector":"new UiSelector().textContains(\"hello\")"}
14:01:37.962864 POST /session/3e353224-9f02-4fc2-9e0c-ee168cb733b6/element [19.486416ms] ERR:404 body={"strategy":"-android uiautomator","selector":"new UiSelector().descriptionContains(\"hello\")"}
14:01:37.978905 POST /session/3e353224-9f02-4fc2-9e0c-ee168cb733b6/element [15.97625ms] ERR:404 body={"strategy":"-android uiautomator","selector":"new UiSelector().textMatches(\"(?is).*\\Qhello\\E.*\"...
14:01:37.994405 POST /session/3e353224-9f02-4fc2-9e0c-ee168cb733b6/element [15.442291ms] ERR:404 body={"strategy":"-android uiautomator","selector":"new UiSelector().descriptionMatches(\"(?is).*\\Qhello...
14:01:38.003069 POST /session/3e353224-9f02-4fc2-9e0c-ee168cb733b6/element [8.540584ms] ERR:404 body={"strategy":"-android uiautomator","selector":"new UiSelector().textContains(\"hello\")"}
14:01:38.017486 POST /session/3e353224-9f02-4fc2-9e0c-ee168cb733b6/element [14.342042ms] ERR:404 body={"strategy":"-android uiautomator","selector":"new UiSelector().descriptionContains(\"hello\")"}
14:01:38.163170 POST /session/3e353224-9f02-4fc2-9e0c-ee168cb733b6/element [145.619167ms] ERR:404 body={"strategy":"-android uiautomator","selector":"new UiSelector().textMatches(\"(?is).*\\Qhello\\E.*\"...
14:01:38.170947 POST /session/3e353224-9f02-4fc2-9e0c-ee168cb733b6/element [7.630875ms] ERR:404 body={"strategy":"-android uiautomator","selector":"new UiSelector().descriptionMatches(\"(?is).*\\Qhello...
14:01:38.193569 POST /session/3e353224-9f02-4fc2-9e0c-ee168cb733b6/element [22.549458ms] ERR:404 body={"strategy":"-android uiautomator","selector":"new UiSelector().textContains(\"hello\")"}
14:01:38.211752 POST /session/3e353224-9f02-4fc2-9e0c-ee168cb733b6/element [18.126917ms] ERR:404 body={"strategy":"-android uiautomator","selector":"new UiSelector().descriptionContains(\"hello\")"}
14:01:38.221498 POST /session/3e353224-9f02-4fc2-9e0c-ee168cb733b6/element [9.690375ms] ERR:404 body={"strategy":"-android uiautomator","selector":"new UiSelector().textMatches(\"(?is).*\\Qhello\\E.*\"...
14:01:38.246037 POST /session/3e353224-9f02-4fc2-9e0c-ee168cb733b6/element [24.480709ms] ERR:404 body={"strategy":"-android uiautomator","selector":"new UiSelector().descriptionMatches(\"(?is).*\\Qhello...
14:01:38.266819 POST /session/3e353224-9f02-4fc2-9e0c-ee168cb733b6/element [20.728708ms] ERR:404 body={"strategy":"-android uiautomator","selector":"new UiSelector().textContains(\"hello\")"}
14:01:38.283298 POST /session/3e353224-9f02-4fc2-9e0c-ee168cb733b6/element [16.401416ms] ERR:404 body={"strategy":"-android uiautomator","selector":"new UiSelector().descriptionContains(\"hello\")"}
14:01:38.301696 POST /session/3e353224-9f02-4fc2-9e0c-ee168cb733b6/element [18.315416ms] ERR:404 body={"strategy":"-android uiautomator","selector":"new UiSelector().textMatches(\"(?is).*\\Qhello\\E.*\"...
14:01:38.330589 POST /session/3e353224-9f02-4fc2-9e0c-ee168cb733b6/element [28.8255ms] ERR:404 body={"strategy":"-android uiautomator","selector":"new UiSelector().descriptionMatches(\"(?is).*\\Qhello...
14:01:38.343373 POST /session/3e353224-9f02-4fc2-9e0c-ee168cb733b6/element [12.6885ms] ERR:404 body={"strategy":"-android uiautomator","selector":"new UiSelector().textContains(\"hello\")"}
14:01:38.362316 POST /session/3e353224-9f02-4fc2-9e0c-ee168cb733b6/element [18.885125ms] ERR:404 body={"strategy":"-android uiautomator","selector":"new UiSelector().descriptionContains(\"hello\")"}
14:01:38.374187 POST /session/3e353224-9f02-4fc2-9e0c-ee168cb733b6/element [11.816375ms] ERR:404 body={"strategy":"-android uiautomator","selector":"new UiSelector().textMatches(\"(?is).*\\Qhello\\E.*\"...
14:01:38.384479 POST /session/3e353224-9f02-4fc2-9e0c-ee168cb733b6/element [10.237459ms] ERR:404 body={"strategy":"-android uiautomator","selector":"new UiSelector().descriptionMatches(\"(?is).*\\Qhello...
14:01:38.391536 POST /session/3e353224-9f02-4fc2-9e0c-ee168cb733b6/element [6.997917ms] ERR:404 body={"strategy":"-android uiautomator","selector":"new UiSelector().textContains(\"hello\")"}
14:01:38.410242 POST /session/3e353224-9f02-4fc2-9e0c-ee168cb733b6/element [18.64675ms] ERR:404 body={"strategy":"-android uiautomator","selector":"new UiSelector().descriptionContains(\"hello\")"}
14:01:38.418026 POST /session/3e353224-9f02-4fc2-9e0c-ee168cb733b6/element [7.71225ms] ERR:404 body={"strategy":"-android uiautomator","selector":"new UiSelector().textMatches(\"(?is).*\\Qhello\\E.*\"...
14:01:38.441268 POST /session/3e353224-9f02-4fc2-9e0c-ee168cb733b6/element [23.133833ms] ERR:404 body={"strategy":"-android uiautomator","selector":"new UiSelector().descriptionMatches(\"(?is).*\\Qhello...
14:01:38.449717 POST /session/3e353224-9f02-4fc2-9e0c-ee168cb733b6/element [8.38375ms] ERR:404 body={"strategy":"-android uiautomator","selector":"new UiSelector().textContains(\"hello\")"}
14:01:38.486450 POST /session/3e353224-9f02-4fc2-9e0c-ee168cb733b6/element [36.650083ms] ERR:404 body={"strategy":"-android uiautomator","selector":"new UiSelector().descriptionContains(\"hello\")"}
14:01:38.510214 POST /session/3e353224-9f02-4fc2-9e0c-ee168cb733b6/element [23.654ms] ERR:404 body={"strategy":"-android uiautomator","selector":"new UiSelector().textMatches(\"(?is).*\\Qhello\\E.*\"...
14:01:38.522141 POST /session/3e353224-9f02-4fc2-9e0c-ee168cb733b6/element [11.854375ms] ERR:404 body={"strategy":"-android uiautomator","selector":"new UiSelector().descriptionMatches(\"(?is).*\\Qhello...
14:01:38.555259 POST /session/3e353224-9f02-4fc2-9e0c-ee168cb733b6/element [33.045417ms] ERR:404 body={"strategy":"-android uiautomator","selector":"new UiSelector().textContains(\"hello\")"}
14:01:38.720856 POST /session/3e353224-9f02-4fc2-9e0c-ee168cb733b6/element [165.508458ms] ERR:404 body={"strategy":"-android uiautomator","selector":"new UiSelector().descriptionContains(\"hello\")"}
14:01:38.746542 POST /session/3e353224-9f02-4fc2-9e0c-ee168cb733b6/element [25.559875ms] ERR:404 body={"strategy":"-android uiautomator","selector":"new UiSelector().textMatches(\"(?is).*\\Qhello\\E.*\"...
14:01:38.765352 POST /session/3e353224-9f02-4fc2-9e0c-ee168cb733b6/element [18.756125ms] ERR:404 body={"strategy":"-android uiautomator","selector":"new UiSelector().descriptionMatches(\"(?is).*\\Qhello...
14:01:38.800601 POST /session/3e353224-9f02-4fc2-9e0c-ee168cb733b6/element [35.161583ms] ERR:404 body={"strategy":"-android uiautomator","selector":"new UiSelector().textContains(\"hello\")"}
14:01:38.810448 POST /session/3e353224-9f02-4fc2-9e0c-ee168cb733b6/element [9.756375ms] ERR:404 body={"strategy":"-android uiautomator","selector":"new UiSelector().descriptionContains(\"hello\")"}
14:01:38.822535 POST /session/3e353224-9f02-4fc2-9e0c-ee168cb733b6/element [12.022542ms] ERR:404 body={"strategy":"-android uiautomator","selector":"new UiSelector().textMatches(\"(?is).*\\Qhello\\E.*\"...
14:01:38.831509 POST /session/3e353224-9f02-4fc2-9e0c-ee168cb733b6/element [8.888125ms] ERR:404 body={"strategy":"-android uiautomator","selector":"new UiSelector().descriptionMatches(\"(?is).*\\Qhello...
14:01:38.859410 POST /session/3e353224-9f02-4fc2-9e0c-ee168cb733b6/element [27.812917ms] ERR:404 body={"strategy":"-android uiautomator","selector":"new UiSelector().textContains(\"hello\")"}
14:01:38.867346 POST /session/3e353224-9f02-4fc2-9e0c-ee168cb733b6/element [7.872833ms] ERR:404 body={"strategy":"-android uiautomator","selector":"new UiSelector().descriptionContains(\"hello\")"}
14:01:38.887340 POST /session/3e353224-9f02-4fc2-9e0c-ee168cb733b6/element [19.931875ms] ERR:404 body={"strategy":"-android uiautomator","selector":"new UiSelector().textMatches(\"(?is).*\\Qhello\\E.*\"...
14:01:38.893757 POST /session/3e353224-9f02-4fc2-9e0c-ee168cb733b6/element [6.342417ms] ERR:404 body={"strategy":"-android uiautomator","selector":"new UiSelector().descriptionMatches(\"(?is).*\\Qhello...
14:01:38.911701 POST /session/3e353224-9f02-4fc2-9e0c-ee168cb733b6/element [17.428375ms] ERR:404 body={"strategy":"-android uiautomator","selector":"new UiSelector().textContains(\"hello\")"}
14:01:38.927906 POST /session/3e353224-9f02-4fc2-9e0c-ee168cb733b6/element [16.118625ms] ERR:404 body={"strategy":"-android uiautomator","selector":"new UiSelector().descriptionContains(\"hello\")"}
14:01:38.947881 POST /session/3e353224-9f02-4fc2-9e0c-ee168cb733b6/element [19.910875ms] ERR:404 body={"strategy":"-android uiautomator","selector":"new UiSelector().textMatches(\"(?is).*\\Qhello\\E.*\"...
14:01:38.970606 POST /session/3e353224-9f02-4fc2-9e0c-ee168cb733b6/element [22.654709ms] ERR:404 body={"strategy":"-android uiautomator","selector":"new UiSelector().descriptionMatches(\"(?is).*\\Qhello...
14:01:38.990934 POST /session/3e353224-9f02-4fc2-9e0c-ee168cb733b6/element [20.265042ms] ERR:404 body={"strategy":"-android uiautomator","selector":"new UiSelector().textContains(\"hello\")"}
14:01:39.013511 POST /session/3e353224-9f02-4fc2-9e0c-ee168cb733b6/element [22.50925ms] ERR:404 body={"strategy":"-android uiautomator","selector":"new UiSelector().descriptionContains(\"hello\")"}
14:01:39.028092 POST /session/3e353224-9f02-4fc2-9e0c-ee168cb733b6/element [14.485125ms] ERR:404 body={"strategy":"-android uiautomator","selector":"new UiSelector().textMatches(\"(?is).*\\Qhello\\E.*\"...
14:01:39.145446 POST /session/3e353224-9f02-4fc2-9e0c-ee168cb733b6/element [117.286125ms] ERR:404 body={"strategy":"-android uiautomator","selector":"new UiSelector().descriptionMatches(\"(?is).*\\Qhello...
14:01:39.161333 POST /session/3e353224-9f02-4fc2-9e0c-ee168cb733b6/element [15.830541ms] ERR:404 body={"strategy":"-android uiautomator","selector":"new UiSelector().textContains(\"hello\")"}
14:01:39.173844 POST /session/3e353224-9f02-4fc2-9e0c-ee168cb733b6/element [12.4505ms] ERR:404 body={"strategy":"-android uiautomator","selector":"new UiSelector().descriptionContains(\"hello\")"}
14:01:39.181216 POST /session/3e353224-9f02-4fc2-9e0c-ee168cb733b6/element [7.312166ms] ERR:404 body={"strategy":"-android uiautomator","selector":"new UiSelector().textMatches(\"(?is).*\\Qhello\\E.*\"...
14:01:39.189892 POST /session/3e353224-9f02-4fc2-9e0c-ee168cb733b6/element [8.615916ms] ERR:404 body={"strategy":"-android uiautomator","selector":"new UiSelector().descriptionMatches(\"(?is).*\\Qhello...
14:01:39.210998 POST /session/3e353224-9f02-4fc2-9e0c-ee168cb733b6/element [21.04825ms] ERR:404 body={"strategy":"-android uiautomator","selector":"new UiSelector().textContains(\"hello\")"}
14:01:39.251916 POST /session/3e353224-9f02-4fc2-9e0c-ee168cb733b6/element [40.856792ms] ERR:404 body={"strategy":"-android uiautomator","selector":"new UiSelector().descriptionContains(\"hello\")"}
14:01:39.264089 POST /session/3e353224-9f02-4fc2-9e0c-ee168cb733b6/element [12.106333ms] ERR:404 body={"strategy":"-android uiautomator","selector":"new UiSelector().textMatches(\"(?is).*\\Qhello\\E.*\"...
14:01:39.273765 POST /session/3e353224-9f02-4fc2-9e0c-ee168cb733b6/element [9.622625ms] ERR:404 body={"strategy":"-android uiautomator","selector":"new UiSelector().descriptionMatches(\"(?is).*\\Qhello...
14:01:39.282634 POST /session/3e353224-9f02-4fc2-9e0c-ee168cb733b6/element [8.8175ms] ERR:404 body={"strategy":"-android uiautomator","selector":"new UiSelector().textContains(\"hello\")"}
14:01:39.305139 POST /session/3e353224-9f02-4fc2-9e0c-ee168cb733b6/element [22.449334ms] ERR:404 body={"strategy":"-android uiautomator","selector":"new UiSelector().descriptionContains(\"hello\")"}
14:01:39.318043 POST /session/3e353224-9f02-4fc2-9e0c-ee168cb733b6/element [12.84175ms] ERR:404 body={"strategy":"-android uiautomator","selector":"new UiSelector().textMatches(\"(?is).*\\Qhello\\E.*\"...
14:01:39.341151 POST /session/3e353224-9f02-4fc2-9e0c-ee168cb733b6/element [23.045417ms] ERR:404 body={"strategy":"-android uiautomator","selector":"new UiSelector().descriptionMatches(\"(?is).*\\Qhello...
14:01:39.358356 POST /session/3e353224-9f02-4fc2-9e0c-ee168cb733b6/element [17.148125ms] ERR:404 body={"strategy":"-android uiautomator","selector":"new UiSelector().textContains(\"hello\")"}
14:01:39.376633 POST /session/3e353224-9f02-4fc2-9e0c-ee168cb733b6/element [18.216583ms] ERR:404 body={"strategy":"-android uiautomator","selector":"new UiSelector().descriptionContains(\"hello\")"}
14:01:39.390710 POST /session/3e353224-9f02-4fc2-9e0c-ee168cb733b6/element [13.999ms] ERR:404 body={"strategy":"-android uiautomator","selector":"new UiSelector().textMatches(\"(?is).*\\Qhello\\E.*\"...
14:01:39.404616 POST /session/3e353224-9f02-4fc2-9e0c-ee168cb733b6/element [13.832875ms] ERR:404 body={"strategy":"-android uiautomator","selector":"new UiSelector().descriptionMatches(\"(?is).*\\Qhello...
14:01:39.416138 POST /session/3e353224-9f02-4fc2-9e0c-ee168cb733b6/element [11.469041ms] ERR:404 body={"strategy":"-android uiautomator","selector":"new UiSelector().textContains(\"hello\")"}
14:01:39.431388 POST /session/3e353224-9f02-4fc2-9e0c-ee168cb733b6/element [15.191333ms] ERR:404 body={"strategy":"-android uiautomator","selector":"new UiSelector().descriptionContains(\"hello\")"}
14:01:39.440967 POST /session/3e353224-9f02-4fc2-9e0c-ee168cb733b6/element [9.487709ms] ERR:404 body={"strategy":"-android uiautomator","selector":"new UiSelector().textMatches(\"(?is).*\\Qhello\\E.*\"...
14:01:39.450603 POST /session/3e353224-9f02-4fc2-9e0c-ee168cb733b6/element [9.5825ms] ERR:404 body={"strategy":"-android uiautomator","selector":"new UiSelector().descriptionMatches(\"(?is).*\\Qhello...
14:01:39.462429 POST /session/3e353224-9f02-4fc2-9e0c-ee168cb733b6/element [11.767542ms] ERR:404 body={"strategy":"-android uiautomator","selector":"new UiSelector().textContains(\"hello\")"}
14:01:39.488499 POST /session/3e353224-9f02-4fc2-9e0c-ee168cb733b6/element [26.006666ms] ERR:404 body={"strategy":"-android uiautomator","selector":"new UiSelector().descriptionContains(\"hello\")"}
14:01:39.512318 POST /session/3e353224-9f02-4fc2-9e0c-ee168cb733b6/element [23.76375ms] ERR:404 body={"strategy":"-android uiautomator","selector":"new UiSelector().textMatches(\"(?is).*\\Qhello\\E.*\"...
14:01:39.535355 POST /session/3e353224-9f02-4fc2-9e0c-ee168cb733b6/element [22.986875ms] ERR:404 body={"strategy":"-android uiautomator","selector":"new UiSelector().descriptionMatches(\"(?is).*\\Qhello...
14:01:39.547893 POST /session/3e353224-9f02-4fc2-9e0c-ee168cb733b6/element [12.483583ms] ERR:404 body={"strategy":"-android uiautomator","selector":"new UiSelector().textContains(\"hello\")"}
14:01:39.564172 POST /session/3e353224-9f02-4fc2-9e0c-ee168cb733b6/element [16.220542ms] ERR:404 body={"strategy":"-android uiautomator","selector":"new UiSelector().descriptionContains(\"hello\")"}
14:01:39.577889 POST /session/3e353224-9f02-4fc2-9e0c-ee168cb733b6/element [13.654625ms] ERR:404 body={"strategy":"-android uiautomator","selector":"new UiSelector().textMatches(\"(?is).*\\Qhello\\E.*\"...
14:01:39.589477 POST /session/3e353224-9f02-4fc2-9e0c-ee168cb733b6/element [11.519958ms] ERR:404 body={"strategy":"-android uiautomator","selector":"new UiSelector().descriptionMatches(\"(?is).*\\Qhello...
14:01:39.615406 POST /session/3e353224-9f02-4fc2-9e0c-ee168cb733b6/element [25.872292ms] ERR:404 body={"strategy":"-android uiautomator","selector":"new UiSelector().textContains(\"hello\")"}
14:01:39.628838 POST /session/3e353224-9f02-4fc2-9e0c-ee168cb733b6/element [13.366375ms] ERR:404 body={"strategy":"-android uiautomator","selector":"new UiSelector().descriptionContains(\"hello\")"}
14:01:39.653977 POST /session/3e353224-9f02-4fc2-9e0c-ee168cb733b6/element [25.079167ms] ERR:404 body={"strategy":"-android uiautomator","selector":"new UiSelector().textMatches(\"(?is).*\\Qhello\\E.*\"...
14:01:39.660501 POST /session/3e353224-9f02-4fc2-9e0c-ee168cb733b6/element [6.467166ms] ERR:404 body={"strategy":"-android uiautomator","selector":"new UiSelector().descriptionMatches(\"(?is).*\\Qhello...
14:01:39.669022 POST /session/3e353224-9f02-4fc2-9e0c-ee168cb733b6/element [8.460417ms] ERR:404 body={"strategy":"-android uiautomator","selector":"new UiSelector().textContains(\"hello\")"}
14:01:39.685334 POST /session/3e353224-9f02-4fc2-9e0c-ee168cb733b6/element [16.23725ms] ERR:404 body={"strategy":"-android uiautomator","selector":"new UiSelector().descriptionContains(\"hello\")"}
14:01:39.697821 POST /session/3e353224-9f02-4fc2-9e0c-ee168cb733b6/element [12.432084ms] ERR:404 body={"strategy":"-android uiautomator","selector":"new UiSelector().textMatches(\"(?is).*\\Qhello\\E.*\"...
14:01:39.724904 POST /session/3e353224-9f02-4fc2-9e0c-ee168cb733b6/element [26.999458ms] ERR:404 body={"strategy":"-android uiautomator","selector":"new UiSelector().descriptionMatches(\"(?is).*\\Qhello...
14:01:39.739339 POST /session/3e353224-9f02-4fc2-9e0c-ee168cb733b6/element [14.369708ms] ERR:404 body={"strategy":"-android uiautomator","selector":"new UiSelector().textContains(\"hello\")"}
14:01:39.748165 POST /session/3e353224-9f02-4fc2-9e0c-ee168cb733b6/element [8.766459ms] ERR:404 body={"strategy":"-android uiautomator","selector":"new UiSelector().descriptionContains(\"hello\")"}
14:01:39.765669 POST /session/3e353224-9f02-4fc2-9e0c-ee168cb733b6/element [17.451417ms] ERR:404 body={"strategy":"-android uiautomator","selector":"new UiSelector().textMatches(\"(?is).*\\Qhello\\E.*\"...
14:01:39.782865 POST /session/3e353224-9f02-4fc2-9e0c-ee168cb733b6/element [17.126709ms] ERR:404 body={"strategy":"-android uiautomator","selector":"new UiSelector().descriptionMatches(\"(?is).*\\Qhello...
14:01:39.796682 POST /session/3e353224-9f02-4fc2-9e0c-ee168cb733b6/element [13.74475ms] ERR:404 body={"strategy":"-android uiautomator","selector":"new UiSelector().textContains(\"hello\")"}
14:01:39.809136 POST /session/3e353224-9f02-4fc2-9e0c-ee168cb733b6/element [12.304625ms] ERR:404 body={"strategy":"-android uiautomator","selector":"new UiSelector().descriptionContains(\"hello\")"}
14:01:39.820910 POST /session/3e353224-9f02-4fc2-9e0c-ee168cb733b6/element [11.709292ms] ERR:404 body={"strategy":"-android uiautomator","selector":"new UiSelector().textMatches(\"(?is).*\\Qhello\\E.*\"...
14:01:39.844577 POST /session/3e353224-9f02-4fc2-9e0c-ee168cb733b6/element [23.59925ms] ERR:404 body={"strategy":"-android uiautomator","selector":"new UiSelector().descriptionMatches(\"(?is).*\\Qhello...
14:01:39.851508 POST /session/3e353224-9f02-4fc2-9e0c-ee168cb733b6/element [6.845667ms] ERR:404 body={"strategy":"-android uiautomator","selector":"new UiSelector().textContains(\"hello\")"}
14:01:39.870701 POST /session/3e353224-9f02-4fc2-9e0c-ee168cb733b6/element [19.131417ms] ERR:404 body={"strategy":"-android uiautomator","selector":"new UiSelector().descriptionContains(\"hello\")"}
14:01:39.888271 POST /session/3e353224-9f02-4fc2-9e0c-ee168cb733b6/element [17.4975ms] ERR:404 body={"strategy":"-android uiautomator","selector":"new UiSelector().textMatches(\"(?is).*\\Qhello\\E.*\"...
14:01:39.900320 POST /session/3e353224-9f02-4fc2-9e0c-ee168cb733b6/element [11.979875ms] ERR:404 body={"strategy":"-android uiautomator","selector":"new UiSelector().descriptionMatches(\"(?is).*\\Qhello...
14:01:39.917307 POST /session/3e353224-9f02-4fc2-9e0c-ee168cb733b6/element [16.925625ms] ERR:404 body={"strategy":"-android uiautomator","selector":"new UiSelector().textContains(\"hello\")"}
14:01:39.933625 POST /session/3e353224-9f02-4fc2-9e0c-ee168cb733b6/element [16.252334ms] ERR:404 body={"strategy":"-android uiautomator","selector":"new UiSelector().descriptionContains(\"hello\")"}
14:01:39.945632 POST /session/3e353224-9f02-4fc2-9e0c-ee168cb733b6/element [11.954584ms] ERR:404 body={"strategy":"-android uiautomator","selector":"new UiSelector().textMatches(\"(?is).*\\Qhello\\E.*\"...
14:01:39.954382 POST /session/3e353224-9f02-4fc2-9e0c-ee168cb733b6/element [8.691042ms] ERR:404 body={"strategy":"-android uiautomator","selector":"new UiSelector().descriptionMatches(\"(?is).*\\Qhello...
14:01:39.968457 POST /session/3e353224-9f02-4fc2-9e0c-ee168cb733b6/element [14.014542ms] ERR:404 body={"strategy":"-android uiautomator","selector":"new UiSelector().textContains(\"hello\")"}
14:01:39.983053 POST /session/3e353224-9f02-4fc2-9e0c-ee168cb733b6/element [14.535334ms] ERR:404 body={"strategy":"-android uiautomator","selector":"new UiSelector().descriptionContains(\"hello\")"}
14:01:39.993273 POST /session/3e353224-9f02-4fc2-9e0c-ee168cb733b6/element [10.163834ms] ERR:404 body={"strategy":"-android uiautomator","selector":"new UiSelector().textMatches(\"(?is).*\\Qhello\\E.*\"...
14:01:40.002015 POST /session/3e353224-9f02-4fc2-9e0c-ee168cb733b6/element [8.677292ms] ERR:404 body={"strategy":"-android uiautomator","selector":"new UiSelector().descriptionMatches(\"(?is).*\\Qhello...
14:01:40.018098 POST /session/3e353224-9f02-4fc2-9e0c-ee168cb733b6/element [16.012333ms] ERR:404 body={"strategy":"-android uiautomator","selector":"new UiSelector().textContains(\"hello\")"}
14:01:40.034840 POST /session/3e353224-9f02-4fc2-9e0c-ee168cb733b6/element [16.645041ms] ERR:404 body={"strategy":"-android uiautomator","selector":"new UiSelector().descriptionContains(\"hello\")"}
14:01:40.051394 POST /session/3e353224-9f02-4fc2-9e0c-ee168cb733b6/element [16.485792ms] ERR:404 body={"strategy":"-android uiautomator","selector":"new UiSelector().textMatches(\"(?is).*\\Qhello\\E.*\"...
14:01:40.063791 POST /session/3e353224-9f02-4fc2-9e0c-ee168cb733b6/element [12.339458ms] ERR:404 body={"strategy":"-android uiautomator","selector":"new UiSelector().descriptionMatches(\"(?is).*\\Qhello...
14:01:40.079068 POST /session/3e353224-9f02-4fc2-9e0c-ee168cb733b6/element [15.193125ms] ERR:404 body={"strategy":"-android uiautomator","selector":"new UiSelector().textContains(\"hello\")"}
14:01:40.090181 POST /session/3e353224-9f02-4fc2-9e0c-ee168cb733b6/element [11.050208ms] ERR:404 body={"strategy":"-android uiautomator","selector":"new UiSelector().descriptionContains(\"hello\")"}
14:01:40.100406 POST /session/3e353224-9f02-4fc2-9e0c-ee168cb733b6/element [10.164917ms] ERR:404 body={"strategy":"-android uiautomator","selector":"new UiSelector().textMatches(\"(?is).*\\Qhello\\E.*\"...
14:01:40.118421 POST /session/3e353224-9f02-4fc2-9e0c-ee168cb733b6/element [17.95575ms] ERR:404 body={"strategy":"-android uiautomator","selector":"new UiSelector().descriptionMatches(\"(?is).*\\Qhello...
14:01:40.131950 POST /session/3e353224-9f02-4fc2-9e0c-ee168cb733b6/element [13.475167ms] ERR:404 body={"strategy":"-android uiautomator","selector":"new UiSelector().textContains(\"hello\")"}
14:01:40.146877 POST /session/3e353224-9f02-4fc2-9e0c-ee168cb733b6/element [14.856083ms] ERR:404 body={"strategy":"-android uiautomator","selector":"new UiSelector().descriptionContains(\"hello\")"}
14:01:40.157316 POST /session/3e353224-9f02-4fc2-9e0c-ee168cb733b6/element [10.379125ms] ERR:404 body={"strategy":"-android uiautomator","selector":"new UiSelector().textMatches(\"(?is).*\\Qhello\\E.*\"...
14:01:40.166589 POST /session/3e353224-9f02-4fc2-9e0c-ee168cb733b6/element [9.195292ms] ERR:404 body={"strategy":"-android uiautomator","selector":"new UiSelector().descriptionMatches(\"(?is).*\\Qhello...
14:01:40.176968 POST /session/3e353224-9f02-4fc2-9e0c-ee168cb733b6/element [10.324ms] ERR:404 body={"strategy":"-android uiautomator","selector":"new UiSelector().textContains(\"hello\")"}
14:01:40.189042 POST /session/3e353224-9f02-4fc2-9e0c-ee168cb733b6/element [12.015291ms] ERR:404 body={"strategy":"-android uiautomator","selector":"new UiSelector().descriptionContains(\"hello\")"}
14:01:40.203648 POST /session/3e353224-9f02-4fc2-9e0c-ee168cb733b6/element [14.542708ms] ERR:404 body={"strategy":"-android uiautomator","selector":"new UiSelector().textMatches(\"(?is).*\\Qhello\\E.*\"...
14:01:40.213630 POST /session/3e353224-9f02-4fc2-9e0c-ee168cb733b6/element [9.922125ms] ERR:404 body={"strategy":"-android uiautomator","selector":"new UiSelector().descriptionMatches(\"(?is).*\\Qhello...
14:01:40.227633 POST /session/3e353224-9f02-4fc2-9e0c-ee168cb733b6/element [13.93325ms] ERR:404 body={"strategy":"-android uiautomator","selector":"new UiSelector().textContains(\"hello\")"}
14:01:40.239822 POST /session/3e353224-9f02-4fc2-9e0c-ee168cb733b6/element [12.115208ms] ERR:404 body={"strategy":"-android uiautomator","selector":"new UiSelector().descriptionContains(\"hello\")"}
14:01:40.249426 POST /session/3e353224-9f02-4fc2-9e0c-ee168cb733b6/element [9.543958ms] ERR:404 body={"strategy":"-android uiautomator","selector":"new UiSelector().textMatches(\"(?is).*\\Qhello\\E.*\"...
14:01:40.259782 POST /session/3e353224-9f02-4fc2-9e0c-ee168cb733b6/element [10.294458ms] ERR:404 body={"strategy":"-android uiautomator","selector":"new UiSelector().descriptionMatches(\"(?is).*\\Qhello...
14:01:40.279212 POST /session/3e353224-9f02-4fc2-9e0c-ee168cb733b6/element [19.369083ms] ERR:404 body={"strategy":"-android uiautomator","selector":"new UiSelector().textContains(\"hello\")"}
14:01:40.292449 POST /session/3e353224-9f02-4fc2-9e0c-ee168cb733b6/element [13.174666ms] ERR:404 body={"strategy":"-android uiautomator","selector":"new UiSelector().descriptionContains(\"hello\")"}
14:01:40.319112 POST /session/3e353224-9f02-4fc2-9e0c-ee168cb733b6/element [26.570958ms] ERR:404 body={"strategy":"-android uiautomator","selector":"new UiSelector().textMatches(\"(?is).*\\Qhello\\E.*\"...
14:01:40.329538 POST /session/3e353224-9f02-4fc2-9e0c-ee168cb733b6/element [10.358458ms] ERR:404 body={"strategy":"-android uiautomator","selector":"new UiSelector().descriptionMatches(\"(?is).*\\Qhello...
14:01:40.338462 POST /session/3e353224-9f02-4fc2-9e0c-ee168cb733b6/element [8.860833ms] ERR:404 body={"strategy":"-android uiautomator","selector":"new UiSelector().textContains(\"hello\")"}
14:01:40.354630 POST /session/3e353224-9f02-4fc2-9e0c-ee168cb733b6/element [16.109708ms] ERR:404 body={"strategy":"-android uiautomator","selector":"new UiSelector().descriptionContains(\"hello\")"}
14:01:40.365985 POST /session/3e353224-9f02-4fc2-9e0c-ee168cb733b6/element [11.294666ms] ERR:404 body={"strategy":"-android uiautomator","selector":"new UiSelector().textMatches(\"(?is).*\\Qhello\\E.*\"...
14:01:40.395159 POST /session/3e353224-9f02-4fc2-9e0c-ee168cb733b6/element [29.114292ms] ERR:404 body={"strategy":"-android uiautomator","selector":"new UiSelector().descriptionMatches(\"(?is).*\\Qhello...
14:01:40.418496 POST /session/3e353224-9f02-4fc2-9e0c-ee168cb733b6/element [23.272583ms] ERR:404 body={"strategy":"-android uiautomator","selector":"new UiSelector().textContains(\"hello\")"}
14:01:40.438725 POST /session/3e353224-9f02-4fc2-9e0c-ee168cb733b6/element [20.10075ms] ERR:404 body={"strategy":"-android uiautomator","selector":"new UiSelector().descriptionContains(\"hello\")"}
14:01:40.455997 POST /session/3e353224-9f02-4fc2-9e0c-ee168cb733b6/element [17.208083ms] ERR:404 body={"strategy":"-android uiautomator","selector":"new UiSelector().textMatches(\"(?is).*\\Qhello\\E.*\"...
14:01:40.479417 POST /session/3e353224-9f02-4fc2-9e0c-ee168cb733b6/element [23.355625ms] ERR:404 body={"strategy":"-android uiautomator","selector":"new UiSelector().descriptionMatches(\"(?is).*\\Qhello...
14:01:40.492565 POST /session/3e353224-9f02-4fc2-9e0c-ee168cb733b6/element [13.088958ms] ERR:404 body={"strategy":"-android uiautomator","selector":"new UiSelector().textContains(\"hello\")"}
14:01:40.509207 POST /session/3e353224-9f02-4fc2-9e0c-ee168cb733b6/element [16.577958ms] ERR:404 body={"strategy":"-android uiautomator","selector":"new UiSelector().descriptionContains(\"hello\")"}
14:01:40.524139 POST /session/3e353224-9f02-4fc2-9e0c-ee168cb733b6/element [14.876584ms] ERR:404 body={"strategy":"-android uiautomator","selector":"new UiSelector().textMatches(\"(?is).*\\Qhello\\E.*\"...
14:01:40.536446 POST /session/3e353224-9f02-4fc2-9e0c-ee168cb733b6/element [12.248958ms] ERR:404 body={"strategy":"-android uiautomator","selector":"new UiSelector().descriptionMatches(\"(?is).*\\Qhello...
14:01:40.546176 POST /session/3e353224-9f02-4fc2-9e0c-ee168cb733b6/element [9.65175ms] ERR:404 body={"strategy":"-android uiautomator","selector":"new UiSelector().textContains(\"hello\")"}
14:01:40.556295 POST /session/3e353224-9f02-4fc2-9e0c-ee168cb733b6/element [10.062833ms] ERR:404 body={"strategy":"-android uiautomator","selector":"new UiSelector().descriptionContains(\"hello\")"}
14:01:40.573360 POST /session/3e353224-9f02-4fc2-9e0c-ee168cb733b6/element [16.998792ms] ERR:404 body={"strategy":"-android uiautomator","selector":"new UiSelector().textMatches(\"(?is).*\\Qhello\\E.*\"...
14:01:40.580698 POST /session/3e353224-9f02-4fc2-9e0c-ee168cb733b6/element [7.133125ms] ERR:404 body={"strategy":"-android uiautomator","selector":"new UiSelector().descriptionMatches(\"(?is).*\\Qhello...
14:01:40.588223 POST /session/3e353224-9f02-4fc2-9e0c-ee168cb733b6/element [7.454709ms] ERR:404 body={"strategy":"-android uiautomator","selector":"new UiSelector().textContains(\"hello\")"}
14:01:40.604148 POST /session/3e353224-9f02-4fc2-9e0c-ee168cb733b6/element [15.862458ms] ERR:404 body={"strategy":"-android uiautomator","selector":"new UiSelector().descriptionContains(\"hello\")"}
14:01:40.617418 POST /session/3e353224-9f02-4fc2-9e0c-ee168cb733b6/element [13.212375ms] ERR:404 body={"strategy":"-android uiautomator","selector":"new UiSelector().textMatches(\"(?is).*\\Qhello\\E.*\"...
14:01:40.623680 POST /session/3e353224-9f02-4fc2-9e0c-ee168cb733b6/element [6.197875ms] ERR:404 body={"strategy":"-android uiautomator","selector":"new UiSelector().descriptionMatches(\"(?is).*\\Qhello...
14:01:40.637022 POST /session/3e353224-9f02-4fc2-9e0c-ee168cb733b6/element [13.286875ms] ERR:404 body={"strategy":"-android uiautomator","selector":"new UiSelector().textContains(\"hello\")"}
14:01:40.646851 POST /session/3e353224-9f02-4fc2-9e0c-ee168cb733b6/element [9.759291ms] ERR:404 body={"strategy":"-android uiautomator","selector":"new UiSelector().descriptionContains(\"hello\")"}
14:01:40.661314 POST /session/3e353224-9f02-4fc2-9e0c-ee168cb733b6/element [14.374ms] ERR:404 body={"strategy":"-android uiautomator","selector":"new UiSelector().textMatches(\"(?is).*\\Qhello\\E.*\"...
14:01:40.680105 POST /session/3e353224-9f02-4fc2-9e0c-ee168cb733b6/element [18.726125ms] ERR:404 body={"strategy":"-android uiautomator","selector":"new UiSelector().descriptionMatches(\"(?is).*\\Qhello...
14:01:40.699922 POST /session/3e353224-9f02-4fc2-9e0c-ee168cb733b6/element [19.736375ms] ERR:404 body={"strategy":"-android uiautomator","selector":"new UiSelector().textContains(\"hello\")"}
14:01:40.745698 POST /session/3e353224-9f02-4fc2-9e0c-ee168cb733b6/element [45.716334ms] ERR:404 body={"strategy":"-android uiautomator","selector":"new UiSelector().descriptionContains(\"hello\")"}
14:01:40.757219 POST /session/3e353224-9f02-4fc2-9e0c-ee168cb733b6/element [11.460333ms] ERR:404 body={"strategy":"-android uiautomator","selector":"new UiSelector().textMatches(\"(?is).*\\Qhello\\E.*\"...
14:01:40.771465 POST /session/3e353224-9f02-4fc2-9e0c-ee168cb733b6/element [14.165208ms] ERR:404 body={"strategy":"-android uiautomator","selector":"new UiSelector().descriptionMatches(\"(?is).*\\Qhello...
14:01:40.784844 POST /session/3e353224-9f02-4fc2-9e0c-ee168cb733b6/element [13.310417ms] ERR:404 body={"strategy":"-android uiautomator","selector":"new UiSelector().textContains(\"hello\")"}
14:01:40.797442 POST /session/3e353224-9f02-4fc2-9e0c-ee168cb733b6/element [12.5285ms] ERR:404 body={"strategy":"-android uiautomator","selector":"new UiSelector().descriptionContains(\"hello\")"}
14:01:40.804734 POST /session/3e353224-9f02-4fc2-9e0c-ee168cb733b6/element [7.225291ms] ERR:404 body={"strategy":"-android uiautomator","selector":"new UiSelector().textMatches(\"(?is).*\\Qhello\\E.*\"...
14:01:40.816005 POST /session/3e353224-9f02-4fc2-9e0c-ee168cb733b6/element [11.199792ms] ERR:404 body={"strategy":"-android uiautomator","selector":"new UiSelector().descriptionMatches(\"(?is).*\\Qhello...
14:01:40.824676 POST /session/3e353224-9f02-4fc2-9e0c-ee168cb733b6/element [8.607292ms] ERR:404 body={"strategy":"-android uiautomator","selector":"new UiSelector().textContains(\"hello\")"}
14:01:40.845743 POST /session/3e353224-9f02-4fc2-9e0c-ee168cb733b6/element [21.005833ms] ERR:404 body={"strategy":"-android uiautomator","selector":"new UiSelector().descriptionContains(\"hello\")"}
14:01:40.856950 POST /session/3e353224-9f02-4fc2-9e0c-ee168cb733b6/element [11.148709ms] ERR:404 body={"strategy":"-android uiautomator","selector":"new UiSelector().textMatches(\"(?is).*\\Qhello\\E.*\"...
14:01:40.863816 POST /session/3e353224-9f02-4fc2-9e0c-ee168cb733b6/element [6.80525ms] ERR:404 body={"strategy":"-android uiautomator","selector":"new UiSelector().descriptionMatches(\"(?is).*\\Qhello...
14:01:40.872305 POST /session/3e353224-9f02-4fc2-9e0c-ee168cb733b6/element [8.414ms] ERR:404 body={"strategy":"-android uiautomator","selector":"new UiSelector().textContains(\"hello\")"}
14:01:40.884409 POST /session/3e353224-9f02-4fc2-9e0c-ee168cb733b6/element [12.041542ms] ERR:404 body={"strategy":"-android uiautomator","selector":"new UiSelector().descriptionContains(\"hello\")"}
14:01:40.892047 POST /session/3e353224-9f02-4fc2-9e0c-ee168cb733b6/element [7.583167ms] ERR:404 body={"strategy":"-android uiautomator","selector":"new UiSelector().textMatches(\"(?is).*\\Qhello\\E.*\"...
14:01:40.907814 POST /session/3e353224-9f02-4fc2-9e0c-ee168cb733b6/element [15.710334ms] ERR:404 body={"strategy":"-android uiautomator","selector":"new UiSelector().descriptionMatches(\"(?is).*\\Qhello...
14:01:40.921715 POST /session/3e353224-9f02-4fc2-9e0c-ee168cb733b6/element [13.833166ms] ERR:404 body={"strategy":"-android uiautomator","selector":"new UiSelector().textContains(\"hello\")"}
14:01:40.966554 POST /session/3e353224-9f02-4fc2-9e0c-ee168cb733b6/element [44.774ms] ERR:404 body={"strategy":"-android uiautomator","selector":"new UiSelector().descriptionContains(\"hello\")"}
14:01:40.977001 POST /session/3e353224-9f02-4fc2-9e0c-ee168cb733b6/element [10.388666ms] ERR:404 body={"strategy":"-android uiautomator","selector":"new UiSelector().textMatches(\"(?is).*\\Qhello\\E.*\"...
14:01:40.994627 POST /session/3e353224-9f02-4fc2-9e0c-ee168cb733b6/element [17.564167ms] ERR:404 body={"strategy":"-android uiautomator","selector":"new UiSelector().descriptionMatches(\"(?is).*\\Qhello...
14:01:41.015010 POST /session/3e353224-9f02-4fc2-9e0c-ee168cb733b6/element [20.322917ms] ERR:404 body={"strategy":"-android uiautomator","selector":"new UiSelector().textContains(\"hello\")"}
14:01:41.028687 POST /session/3e353224-9f02-4fc2-9e0c-ee168cb733b6/element [13.614708ms] ERR:404 body={"strategy":"-android uiautomator","selector":"new UiSelector().descriptionContains(\"hello\")"}
14:01:41.037891 POST /session/3e353224-9f02-4fc2-9e0c-ee168cb733b6/element [9.136459ms] ERR:404 body={"strategy":"-android uiautomator","selector":"new UiSelector().textMatches(\"(?is).*\\Qhello\\E.*\"...
14:01:41.052125 POST /session/3e353224-9f02-4fc2-9e0c-ee168cb733b6/element [14.156166ms] ERR:404 body={"strategy":"-android uiautomator","selector":"new UiSelector().descriptionMatches(\"(?is).*\\Qhello...
14:01:41.063161 POST /session/3e353224-9f02-4fc2-9e0c-ee168cb733b6/element [10.976958ms] ERR:404 body={"strategy":"-android uiautomator","selector":"new UiSelector().textContains(\"hello\")"}
14:01:41.073948 POST /session/3e353224-9f02-4fc2-9e0c-ee168cb733b6/element [10.720584ms] ERR:404 body={"strategy":"-android uiautomator","selector":"new UiSelector().descriptionContains(\"hello\")"}
14:01:41.086090 POST /session/3e353224-9f02-4fc2-9e0c-ee168cb733b6/element [12.085208ms] ERR:404 body={"strategy":"-android uiautomator","selector":"new UiSelector().textMatches(\"(?is).*\\Qhello\\E.*\"...
14:01:41.098613 POST /session/3e353224-9f02-4fc2-9e0c-ee168cb733b6/element [12.455041ms] ERR:404 body={"strategy":"-android uiautomator","selector":"new UiSelector().descriptionMatches(\"(?is).*\\Qhello...
14:01:41.121043 POST /session/3e353224-9f02-4fc2-9e0c-ee168cb733b6/element [22.364042ms] ERR:404 body={"strategy":"-android uiautomator","selector":"new UiSelector().textContains(\"hello\")"}
14:01:41.132620 POST /session/3e353224-9f02-4fc2-9e0c-ee168cb733b6/element [11.519ms] ERR:404 body={"strategy":"-android uiautomator","selector":"new UiSelector().descriptionContains(\"hello\")"}
14:01:41.145665 POST /session/3e353224-9f02-4fc2-9e0c-ee168cb733b6/element [12.981542ms] ERR:404 body={"strategy":"-android uiautomator","selector":"new UiSelector().textMatches(\"(?is).*\\Qhello\\E.*\"...
14:01:41.158199 POST /session/3e353224-9f02-4fc2-9e0c-ee168cb733b6/element [12.4695ms] ERR:404 body={"strategy":"-android uiautomator","selector":"new UiSelector().descriptionMatches(\"(?is).*\\Qhello...
14:01:41.169942 POST /session/3e353224-9f02-4fc2-9e0c-ee168cb733b6/element [11.679583ms] ERR:404 body={"strategy":"-android uiautomator","selector":"new UiSelector().textContains(\"hello\")"}
14:01:41.183946 POST /session/3e353224-9f02-4fc2-9e0c-ee168cb733b6/element [13.942417ms] ERR:404 body={"strategy":"-android uiautomator","selector":"new UiSelector().descriptionContains(\"hello\")"}
14:01:41.196293 POST /session/3e353224-9f02-4fc2-9e0c-ee168cb733b6/element [12.271833ms] ERR:404 body={"strategy":"-android uiautomator","selector":"new UiSelector().textMatches(\"(?is).*\\Qhello\\E.*\"...
14:01:41.209695 POST /session/3e353224-9f02-4fc2-9e0c-ee168cb733b6/element [13.344042ms] ERR:404 body={"strategy":"-android uiautomator","selector":"new UiSelector().descriptionMatches(\"(?is).*\\Qhello...
14:01:41.223411 POST /session/3e353224-9f02-4fc2-9e0c-ee168cb733b6/element [13.649125ms] ERR:404 body={"strategy":"-android uiautomator","selector":"new UiSelector().textContains(\"hello\")"}
14:01:41.238017 POST /session/3e353224-9f02-4fc2-9e0c-ee168cb733b6/element [14.550333ms] ERR:404 body={"strategy":"-android uiautomator","selector":"new UiSelector().descriptionContains(\"hello\")"}
14:01:41.251930 POST /session/3e353224-9f02-4fc2-9e0c-ee168cb733b6/element [13.858875ms] ERR:404 body={"strategy":"-android uiautomator","selector":"new UiSelector().textMatches(\"(?is).*\\Qhello\\E.*\"...
14:01:41.263674 POST /session/3e353224-9f02-4fc2-9e0c-ee168cb733b6/element [11.687458ms] ERR:404 body={"strategy":"-android uiautomator","selector":"new UiSelector().descriptionMatches(\"(?is).*\\Qhello...
14:01:41.278048 POST /session/3e353224-9f02-4fc2-9e0c-ee168cb733b6/element [14.287292ms] ERR:404 body={"strategy":"-android uiautomator","selector":"new UiSelector().textContains(\"hello\")"}
14:01:41.290531 POST /session/3e353224-9f02-4fc2-9e0c-ee168cb733b6/element [12.415042ms] ERR:404 body={"strategy":"-android uiautomator","selector":"new UiSelector().descriptionContains(\"hello\")"}
14:01:41.301975 POST /session/3e353224-9f02-4fc2-9e0c-ee168cb733b6/element [11.364125ms] ERR:404 body={"strategy":"-android uiautomator","selector":"new UiSelector().textMatches(\"(?is).*\\Qhello\\E.*\"...
14:01:41.310420 POST /session/3e353224-9f02-4fc2-9e0c-ee168cb733b6/element [8.381625ms] ERR:404 body={"strategy":"-android uiautomator","selector":"new UiSelector().descriptionMatches(\"(?is).*\\Qhello...
14:01:41.318423 POST /session/3e353224-9f02-4fc2-9e0c-ee168cb733b6/element [7.9355ms] ERR:404 body={"strategy":"-android uiautomator","selector":"new UiSelector().textContains(\"hello\")"}
14:01:41.326426 POST /session/3e353224-9f02-4fc2-9e0c-ee168cb733b6/element [7.943458ms] ERR:404 body={"strategy":"-android uiautomator","selector":"new UiSelector().descriptionContains(\"hello\")"}
14:01:41.332396 POST /session/3e353224-9f02-4fc2-9e0c-ee168cb733b6/element [5.899ms] ERR:404 body={"strategy":"-android uiautomator","selector":"new UiSelector().textMatches(\"(?is).*\\Qhello\\E.*\"...
14:01:41.349215 POST /session/3e353224-9f02-4fc2-9e0c-ee168cb733b6/element [16.755541ms] ERR:404 body={"strategy":"-android uiautomator","selector":"new UiSelector().descriptionMatches(\"(?is).*\\Qhello...
14:01:41.359669 POST /session/3e353224-9f02-4fc2-9e0c-ee168cb733b6/element [10.393458ms] ERR:404 body={"strategy":"-android uiautomator","selector":"new UiSelector().textContains(\"hello\")"}
14:01:41.374945 POST /session/3e353224-9f02-4fc2-9e0c-ee168cb733b6/element [15.228542ms] ERR:404 body={"strategy":"-android uiautomator","selector":"new UiSelector().descriptionContains(\"hello\")"}
14:01:41.387844 POST /session/3e353224-9f02-4fc2-9e0c-ee168cb733b6/element [12.832584ms] ERR:404 body={"strategy":"-android uiautomator","selector":"new UiSelector().textMatches(\"(?is).*\\Qhello\\E.*\"...
14:01:41.399264 POST /session/3e353224-9f02-4fc2-9e0c-ee168cb733b6/element [11.329792ms] ERR:404 body={"strategy":"-android uiautomator","selector":"new UiSelector().descriptionMatches(\"(?is).*\\Qhello...
14:01:41.409184 POST /session/3e353224-9f02-4fc2-9e0c-ee168cb733b6/element [9.86825ms] ERR:404 body={"strategy":"-android uiautomator","selector":"new UiSelector().textContains(\"hello\")"}
14:01:41.422141 POST /session/3e353224-9f02-4fc2-9e0c-ee168cb733b6/element [12.893291ms] ERR:404 body={"strategy":"-android uiautomator","selector":"new UiSelector().descriptionContains(\"hello\")"}
14:01:41.430406 POST /session/3e353224-9f02-4fc2-9e0c-ee168cb733b6/element [8.205709ms] ERR:404 body={"strategy":"-android uiautomator","selector":"new UiSelector().textMatches(\"(?is).*\\Qhello\\E.*\"...
14:01:41.441367 POST /session/3e353224-9f02-4fc2-9e0c-ee168cb733b6/element [10.902791ms] ERR:404 body={"strategy":"-android uiautomator","selector":"new UiSelector().descriptionMatches(\"(?is).*\\Qhello...
14:01:41.448845 POST /session/3e353224-9f02-4fc2-9e0c-ee168cb733b6/element [7.416584ms] ERR:404 body={"strategy":"-android uiautomator","selector":"new UiSelector().textContains(\"hello\")"}
14:01:41.463334 POST /session/3e353224-9f02-4fc2-9e0c-ee168cb733b6/element [14.4305ms] ERR:404 body={"strategy":"-android uiautomator","selector":"new UiSelector().descriptionContains(\"hello\")"}
14:01:41.474550 POST /session/3e353224-9f02-4fc2-9e0c-ee168cb733b6/element [11.149959ms] ERR:404 body={"strategy":"-android uiautomator","selector":"new UiSelector().textMatches(\"(?is).*\\Qhello\\E.*\"...
14:01:41.483329 POST /session/3e353224-9f02-4fc2-9e0c-ee168cb733b6/element [8.709291ms] ERR:404 body={"strategy":"-android uiautomator","selector":"new UiSelector().descriptionMatches(\"(?is).*\\Qhello...
14:01:41.491808 POST /session/3e353224-9f02-4fc2-9e0c-ee168cb733b6/element [8.414041ms] ERR:404 body={"strategy":"-android uiautomator","selector":"new UiSelector().textContains(\"hello\")"}
14:01:41.506747 POST /session/3e353224-9f02-4fc2-9e0c-ee168cb733b6/element [14.866375ms] ERR:404 body={"strategy":"-android uiautomator","selector":"new UiSelector().descriptionContains(\"hello\")"}
14:01:41.513764 POST /session/3e353224-9f02-4fc2-9e0c-ee168cb733b6/element [6.9545ms] ERR:404 body={"strategy":"-android uiautomator","selector":"new UiSelector().textMatches(\"(?is).*\\Qhello\\E.*\"...
14:01:41.529816 POST /session/3e353224-9f02-4fc2-9e0c-ee168cb733b6/element [15.990417ms] ERR:404 body={"strategy":"-android uiautomator","selector":"new UiSelector().descriptionMatches(\"(?is).*\\Qhello...
14:01:41.539603 POST /session/3e353224-9f02-4fc2-9e0c-ee168cb733b6/element [9.7285ms] ERR:404 body={"strategy":"-android uiautomator","selector":"new UiSelector().textContains(\"hello\")"}
14:01:41.547925 POST /session/3e353224-9f02-4fc2-9e0c-ee168cb733b6/element [8.267375ms] ERR:404 body={"strategy":"-android uiautomator","selector":"new UiSelector().descriptionContains(\"hello\")"}
14:01:41.555236 POST /session/3e353224-9f02-4fc2-9e0c-ee168cb733b6/element [7.24325ms] ERR:404 body={"strategy":"-android uiautomator","selector":"new UiSelector().textMatches(\"(?is).*\\Qhello\\E.*\"...
14:01:41.562887 POST /session/3e353224-9f02-4fc2-9e0c-ee168cb733b6/element [7.596167ms] ERR:404 body={"strategy":"-android uiautomator","selector":"new UiSelector().descriptionMatches(\"(?is).*\\Qhello...
14:01:41.579342 POST /session/3e353224-9f02-4fc2-9e0c-ee168cb733b6/element [16.405208ms] ERR:404 body={"strategy":"-android uiautomator","selector":"new UiSelector().textContains(\"hello\")"}
14:01:41.594407 POST /session/3e353224-9f02-4fc2-9e0c-ee168cb733b6/element [14.992625ms] ERR:404 body={"strategy":"-android uiautomator","selector":"new UiSelector().descriptionContains(\"hello\")"}
14:01:41.608382 POST /session/3e353224-9f02-4fc2-9e0c-ee168cb733b6/element [13.8775ms] ERR:404 body={"strategy":"-android uiautomator","selector":"new UiSelector().textMatches(\"(?is).*\\Qhello\\E.*\"...
14:01:41.619372 POST /session/3e353224-9f02-4fc2-9e0c-ee168cb733b6/element [10.604417ms] ERR:404 body={"strategy":"-android uiautomator","selector":"new UiSelector().descriptionMatches(\"(?is).*\\Qhello...
14:01:41.630234 POST /session/3e353224-9f02-4fc2-9e0c-ee168cb733b6/element [10.793416ms] ERR:404 body={"strategy":"-android uiautomator","selector":"new UiSelector().textContains(\"hello\")"}
14:01:41.643733 POST /session/3e353224-9f02-4fc2-9e0c-ee168cb733b6/element [13.436791ms] ERR:404 body={"strategy":"-android uiautomator","selector":"new UiSelector().descriptionContains(\"hello\")"}
14:01:41.657243 POST /session/3e353224-9f02-4fc2-9e0c-ee168cb733b6/element [13.449792ms] ERR:404 body={"strategy":"-android uiautomator","selector":"new UiSelector().textMatches(\"(?is).*\\Qhello\\E.*\"...
14:01:41.668561 POST /session/3e353224-9f02-4fc2-9e0c-ee168cb733b6/element [11.259917ms] ERR:404 body={"strategy":"-android uiautomator","selector":"new UiSelector().descriptionMatches(\"(?is).*\\Qhello...
14:01:41.679014 POST /session/3e353224-9f02-4fc2-9e0c-ee168cb733b6/element [10.377833ms] ERR:404 body={"strategy":"-android uiautomator","selector":"new UiSelector().textContains(\"hello\")"}
14:01:41.690208 POST /session/3e353224-9f02-4fc2-9e0c-ee168cb733b6/element [11.123083ms] ERR:404 body={"strategy":"-android uiautomator","selector":"new UiSelector().descriptionContains(\"hello\")"}
14:01:41.701655 POST /session/3e353224-9f02-4fc2-9e0c-ee168cb733b6/element [11.395042ms] ERR:404 body={"strategy":"-android uiautomator","selector":"new UiSelector().textMatches(\"(?is).*\\Qhello\\E.*\"...
14:01:41.710589 POST /session/3e353224-9f02-4fc2-9e0c-ee168cb733b6/element [8.877583ms] ERR:404 body={"strategy":"-android uiautomator","selector":"new UiSelector().descriptionMatches(\"(?is).*\\Qhello...
14:01:41.721742 POST /session/3e353224-9f02-4fc2-9e0c-ee168cb733b6/element [11.057083ms] ERR:404 body={"strategy":"-android uiautomator","selector":"new UiSelector().textContains(\"hello\")"}
14:01:41.729744 POST /session/3e353224-9f02-4fc2-9e0c-ee168cb733b6/element [7.932167ms] ERR:404 body={"strategy":"-android uiautomator","selector":"new UiSelector().descriptionContains(\"hello\")"}
14:01:41.741191 POST /session/3e353224-9f02-4fc2-9e0c-ee168cb733b6/element [11.38525ms] ERR:404 body={"strategy":"-android uiautomator","selector":"new UiSelector().textMatches(\"(?is).*\\Qhello\\E.*\"...
14:01:41.755426 POST /session/3e353224-9f02-4fc2-9e0c-ee168cb733b6/element [14.16975ms] ERR:404 body={"strategy":"-android uiautomator","selector":"new UiSelector().descriptionMatches(\"(?is).*\\Qhello...
14:01:41.767815 POST /session/3e353224-9f02-4fc2-9e0c-ee168cb733b6/element [12.33175ms] ERR:404 body={"strategy":"-android uiautomator","selector":"new UiSelector().textContains(\"hello\")"}
14:01:41.774854 POST /session/3e353224-9f02-4fc2-9e0c-ee168cb733b6/element [6.958375ms] ERR:404 body={"strategy":"-android uiautomator","selector":"new UiSelector().descriptionContains(\"hello\")"}
14:01:41.783746 POST /session/3e353224-9f02-4fc2-9e0c-ee168cb733b6/element [8.829375ms] ERR:404 body={"strategy":"-android uiautomator","selector":"new UiSelector().textMatches(\"(?is).*\\Qhello\\E.*\"...
14:01:41.797036 POST /session/3e353224-9f02-4fc2-9e0c-ee168cb733b6/element [13.23025ms] ERR:404 body={"strategy":"-android uiautomator","selector":"new UiSelector().descriptionMatches(\"(?is).*\\Qhello...
14:01:41.808515 POST /session/3e353224-9f02-4fc2-9e0c-ee168cb733b6/element [11.420083ms] ERR:404 body={"strategy":"-android uiautomator","selector":"new UiSelector().textContains(\"hello\")"}
14:01:41.819664 POST /session/3e353224-9f02-4fc2-9e0c-ee168cb733b6/element [11.086833ms] ERR:404 body={"strategy":"-android uiautomator","selector":"new UiSelector().descriptionContains(\"hello\")"}
14:01:41.830750 POST /session/3e353224-9f02-4fc2-9e0c-ee168cb733b6/element [11.030875ms] ERR:404 body={"strategy":"-android uiautomator","selector":"new UiSelector().textMatches(\"(?is).*\\Qhello\\E.*\"...
14:01:41.841560 POST /session/3e353224-9f02-4fc2-9e0c-ee168cb733b6/element [10.750333ms] ERR:404 body={"strategy":"-android uiautomator","selector":"new UiSelector().descriptionMatches(\"(?is).*\\Qhello...
14:01:41.856566 POST /session/3e353224-9f02-4fc2-9e0c-ee168cb733b6/element [14.951416ms] ERR:404 body={"strategy":"-android uiautomator","selector":"new UiSelector().textContains(\"hello\")"}
14:01:41.869285 POST /session/3e353224-9f02-4fc2-9e0c-ee168cb733b6/element [12.635667ms] ERR:404 body={"strategy":"-android uiautomator","selector":"new UiSelector().descriptionContains(\"hello\")"}
14:01:41.875829 POST /session/3e353224-9f02-4fc2-9e0c-ee168cb733b6/element [6.430167ms] ERR:404 body={"strategy":"-android uiautomator","selector":"new UiSelector().textMatches(\"(?is).*\\Qhello\\E.*\"...
14:01:41.893948 POST /session/3e353224-9f02-4fc2-9e0c-ee168cb733b6/element [18.061959ms] ERR:404 body={"strategy":"-android uiautomator","selector":"new UiSelector().descriptionMatches(\"(?is).*\\Qhello...
14:01:41.907974 POST /session/3e353224-9f02-4fc2-9e0c-ee168cb733b6/element [13.96675ms] ERR:404 body={"strategy":"-android uiautomator","selector":"new UiSelector().textContains(\"hello\")"}
14:01:41.921555 POST /session/3e353224-9f02-4fc2-9e0c-ee168cb733b6/element [13.520417ms] ERR:404 body={"strategy":"-android uiautomator","selector":"new UiSelector().descriptionContains(\"hello\")"}
14:01:41.936537 POST /session/3e353224-9f02-4fc2-9e0c-ee168cb733b6/element [14.918916ms] ERR:404 body={"strategy":"-android uiautomator","selector":"new UiSelector().textMatches(\"(?is).*\\Qhello\\E.*\"...
14:01:41.947097 POST /session/3e353224-9f02-4fc2-9e0c-ee168cb733b6/element [10.4935ms] ERR:404 body={"strategy":"-android uiautomator","selector":"new UiSelector().descriptionMatches(\"(?is).*\\Qhello...
14:01:41.956808 POST /session/3e353224-9f02-4fc2-9e0c-ee168cb733b6/element [9.637583ms] ERR:404 body={"strategy":"-android uiautomator","selector":"new UiSelector().textContains(\"hello\")"}
14:01:41.971154 POST /session/3e353224-9f02-4fc2-9e0c-ee168cb733b6/element [14.284542ms] ERR:404 body={"strategy":"-android uiautomator","selector":"new UiSelector().descriptionContains(\"hello\")"}
14:01:41.984601 POST /session/3e353224-9f02-4fc2-9e0c-ee168cb733b6/element [13.394958ms] ERR:404 body={"strategy":"-android uiautomator","selector":"new UiSelector().textMatches(\"(?is).*\\Qhello\\E.*\"...
14:01:41.997271 POST /session/3e353224-9f02-4fc2-9e0c-ee168cb733b6/element [12.600292ms] ERR:404 body={"strategy":"-android uiautomator","selector":"new UiSelector().descriptionMatches(\"(?is).*\\Qhello...
14:01:42.007727 POST /session/3e353224-9f02-4fc2-9e0c-ee168cb733b6/element [10.385792ms] ERR:404 body={"strategy":"-android uiautomator","selector":"new UiSelector().textContains(\"hello\")"}
14:01:42.024665 POST /session/3e353224-9f02-4fc2-9e0c-ee168cb733b6/element [16.875583ms] ERR:404 body={"strategy":"-android uiautomator","selector":"new UiSelector().descriptionContains(\"hello\")"}
14:01:42.034808 POST /session/3e353224-9f02-4fc2-9e0c-ee168cb733b6/element [10.030583ms] ERR:404 body={"strategy":"-android uiautomator","selector":"new UiSelector().textMatches(\"(?is).*\\Qhello\\E.*\"...
14:01:42.046276 POST /session/3e353224-9f02-4fc2-9e0c-ee168cb733b6/element [11.412708ms] ERR:404 body={"strategy":"-android uiautomator","selector":"new UiSelector().descriptionMatches(\"(?is).*\\Qhello...
14:01:42.058437 POST /session/3e353224-9f02-4fc2-9e0c-ee168cb733b6/element [12.106791ms] ERR:404 body={"strategy":"-android uiautomator","selector":"new UiSelector().textContains(\"hello\")"}
14:01:42.071706 POST /session/3e353224-9f02-4fc2-9e0c-ee168cb733b6/element [13.206666ms] ERR:404 body={"strategy":"-android uiautomator","selector":"new UiSelector().descriptionContains(\"hello\")"}
14:01:42.083075 POST /session/3e353224-9f02-4fc2-9e0c-ee168cb733b6/element [11.308791ms] ERR:404 body={"strategy":"-android uiautomator","selector":"new UiSelector().textMatches(\"(?is).*\\Qhello\\E.*\"...
14:01:42.095685 POST /session/3e353224-9f02-4fc2-9e0c-ee168cb733b6/element [12.547375ms] ERR:404 body={"strategy":"-android uiautomator","selector":"new UiSelector().descriptionMatches(\"(?is).*\\Qhello...
14:01:42.113259 POST /session/3e353224-9f02-4fc2-9e0c-ee168cb733b6/element [17.50425ms] ERR:404 body={"strategy":"-android uiautomator","selector":"new UiSelector().textContains(\"hello\")"}
14:01:42.122022 POST /session/3e353224-9f02-4fc2-9e0c-ee168cb733b6/element [8.708334ms] ERR:404 body={"strategy":"-android uiautomator","selector":"new UiSelector().descriptionContains(\"hello\")"}
14:01:42.137868 POST /session/3e353224-9f02-4fc2-9e0c-ee168cb733b6/element [15.786875ms] ERR:404 body={"strategy":"-android uiautomator","selector":"new UiSelector().textMatches(\"(?is).*\\Qhello\\E.*\"...
14:01:42.148719 POST /session/3e353224-9f02-4fc2-9e0c-ee168cb733b6/element [10.778667ms] ERR:404 body={"strategy":"-android uiautomator","selector":"new UiSelector().descriptionMatches(\"(?is).*\\Qhello...
14:01:42.158786 POST /session/3e353224-9f02-4fc2-9e0c-ee168cb733b6/element [10.0135ms] ERR:404 body={"strategy":"-android uiautomator","selector":"new UiSelector().textContains(\"hello\")"}
14:01:42.169830 POST /session/3e353224-9f02-4fc2-9e0c-ee168cb733b6/element [10.741208ms] ERR:404 body={"strategy":"-android uiautomator","selector":"new UiSelector().descriptionContains(\"hello\")"}
14:01:42.180242 POST /session/3e353224-9f02-4fc2-9e0c-ee168cb733b6/element [10.356875ms] ERR:404 body={"strategy":"-android uiautomator","selector":"new UiSelector().textMatches(\"(?is).*\\Qhello\\E.*\"...
14:01:42.185608 POST /session/3e353224-9f02-4fc2-9e0c-ee168cb733b6/element [5.298125ms] ERR:404 body={"strategy":"-android uiautomator","selector":"new UiSelector().descriptionMatches(\"(?is).*\\Qhello...
14:01:42.202291 POST /session/3e353224-9f02-4fc2-9e0c-ee168cb733b6/element [16.620375ms] ERR:404 body={"strategy":"-android uiautomator","selector":"new UiSelector().textContains(\"hello\")"}
14:01:42.214939 POST /session/3e353224-9f02-4fc2-9e0c-ee168cb733b6/element [12.593958ms] ERR:404 body={"strategy":"-android uiautomator","selector":"new UiSelector().descriptionContains(\"hello\")"}
14:01:42.232870 POST /session/3e353224-9f02-4fc2-9e0c-ee168cb733b6/element [17.88275ms] ERR:404 body={"strategy":"-android uiautomator","selector":"new UiSelector().textMatches(\"(?is).*\\Qhello\\E.*\"...
14:01:42.258296 POST /session/3e353224-9f02-4fc2-9e0c-ee168cb733b6/element [25.363666ms] ERR:404 body={"strategy":"-android uiautomator","selector":"new UiSelector().descriptionMatches(\"(?is).*\\Qhello...
14:01:42.270903 POST /session/3e353224-9f02-4fc2-9e0c-ee168cb733b6/element [12.544542ms] ERR:404 body={"strategy":"-android uiautomator","selector":"new UiSelector().textContains(\"hello\")"}
14:01:42.277802 POST /session/3e353224-9f02-4fc2-9e0c-ee168cb733b6/element [6.83775ms] ERR:404 body={"strategy":"-android uiautomator","selector":"new UiSelector().descriptionContains(\"hello\")"}
14:01:42.299254 POST /session/3e353224-9f02-4fc2-9e0c-ee168cb733b6/element [21.390125ms] ERR:404 body={"strategy":"-android uiautomator","selector":"new UiSelector().textMatches(\"(?is).*\\Qhello\\E.*\"...
14:01:42.312429 POST /session/3e353224-9f02-4fc2-9e0c-ee168cb733b6/element [13.104291ms] ERR:404 body={"strategy":"-android uiautomator","selector":"new UiSelector().descriptionMatches(\"(?is).*\\Qhello...
14:01:42.325750 POST /session/3e353224-9f02-4fc2-9e0c-ee168cb733b6/element [13.209291ms] ERR:404 body={"strategy":"-android uiautomator","selector":"new UiSelector().textContains(\"hello\")"}
14:01:42.333141 POST /session/3e353224-9f02-4fc2-9e0c-ee168cb733b6/element [7.31875ms] ERR:404 body={"strategy":"-android uiautomator","selector":"new UiSelector().descriptionContains(\"hello\")"}
14:01:42.355473 POST /session/3e353224-9f02-4fc2-9e0c-ee168cb733b6/element [22.244ms] ERR:404 body={"strategy":"-android uiautomator","selector":"new UiSelector().textMatches(\"(?is).*\\Qhello\\E.*\"...
14:01:42.366494 POST /session/3e353224-9f02-4fc2-9e0c-ee168cb733b6/element [10.95ms] ERR:404 body={"strategy":"-android uiautomator","selector":"new UiSelector().descriptionMatches(\"(?is).*\\Qhello...
14:01:42.376894 POST /session/3e353224-9f02-4fc2-9e0c-ee168cb733b6/element [10.344167ms] ERR:404 body={"strategy":"-android uiautomator","selector":"new UiSelector().textContains(\"hello\")"}
14:01:42.388126 POST /session/3e353224-9f02-4fc2-9e0c-ee168cb733b6/element [11.1705ms] ERR:404 body={"strategy":"-android uiautomator","selector":"new UiSelector().descriptionContains(\"hello\")"}
14:01:42.404111 POST /session/3e353224-9f02-4fc2-9e0c-ee168cb733b6/element [15.894875ms] ERR:404 body={"strategy":"-android uiautomator","selector":"new UiSelector().textMatches(\"(?is).*\\Qhello\\E.*\"...
14:01:42.419796 POST /session/3e353224-9f02-4fc2-9e0c-ee168cb733b6/element [15.484209ms] ERR:404 body={"strategy":"-android uiautomator","selector":"new UiSelector().descriptionMatches(\"(?is).*\\Qhello...
14:01:42.428162 POST /session/3e353224-9f02-4fc2-9e0c-ee168cb733b6/element [8.291291ms] ERR:404 body={"strategy":"-android uiautomator","selector":"new UiSelector().textContains(\"hello\")"}
14:01:42.443949 POST /session/3e353224-9f02-4fc2-9e0c-ee168cb733b6/element [15.731416ms] ERR:404 body={"strategy":"-android uiautomator","selector":"new UiSelector().descriptionContains(\"hello\")"}
14:01:42.455173 POST /session/3e353224-9f02-4fc2-9e0c-ee168cb733b6/element [11.172583ms] ERR:404 body={"strategy":"-android uiautomator","selector":"new UiSelector().textMatches(\"(?is).*\\Qhello\\E.*\"...
14:01:42.470329 POST /session/3e353224-9f02-4fc2-9e0c-ee168cb733b6/element [15.10175ms] ERR:404 body={"strategy":"-android uiautomator","selector":"new UiSelector().descriptionMatches(\"(?is).*\\Qhello...
14:01:42.479905 POST /session/3e353224-9f02-4fc2-9e0c-ee168cb733b6/element [9.524333ms] ERR:404 body={"strategy":"-android uiautomator","selector":"new UiSelector().textContains(\"hello\")"}
14:01:42.491879 POST /session/3e353224-9f02-4fc2-9e0c-ee168cb733b6/element [11.921ms] ERR:404 body={"strategy":"-android uiautomator","selector":"new UiSelector().descriptionContains(\"hello\")"}
14:01:42.498751 POST /session/3e353224-9f02-4fc2-9e0c-ee168cb733b6/element [6.811ms] ERR:404 body={"strategy":"-android uiautomator","selector":"new UiSelector().textMatches(\"(?is).*\\Qhello\\E.*\"...
14:01:42.513511 POST /session/3e353224-9f02-4fc2-9e0c-ee168cb733b6/element [14.701583ms] ERR:404 body={"strategy":"-android uiautomator","selector":"new UiSelector().descriptionMatches(\"(?is).*\\Qhello...
14:01:42.525232 POST /session/3e353224-9f02-4fc2-9e0c-ee168cb733b6/element [11.656875ms] ERR:404 body={"strategy":"-android uiautomator","selector":"new UiSelector().textContains(\"hello\")"}
14:01:42.547418 POST /session/3e353224-9f02-4fc2-9e0c-ee168cb733b6/element [22.125542ms] ERR:404 body={"strategy":"-android uiautomator","selector":"new UiSelector().descriptionContains(\"hello\")"}
14:01:42.555644 POST /session/3e353224-9f02-4fc2-9e0c-ee168cb733b6/element [8.165875ms] ERR:404 body={"strategy":"-android uiautomator","selector":"new UiSelector().textMatches(\"(?is).*\\Qhello\\E.*\"...
14:01:42.571036 POST /session/3e353224-9f02-4fc2-9e0c-ee168cb733b6/element [15.3395ms] ERR:404 body={"strategy":"-android uiautomator","selector":"new UiSelector().descriptionMatches(\"(?is).*\\Qhello...
14:01:42.590494 POST /session/3e353224-9f02-4fc2-9e0c-ee168cb733b6/element [19.406583ms] ERR:404 body={"strategy":"-android uiautomator","selector":"new UiSelector().textContains(\"hello\")"}
14:01:42.603634 POST /session/3e353224-9f02-4fc2-9e0c-ee168cb733b6/element [13.073834ms] ERR:404 body={"strategy":"-android uiautomator","selector":"new UiSelector().descriptionContains(\"hello\")"}
14:01:42.615020 POST /session/3e353224-9f02-4fc2-9e0c-ee168cb733b6/element [11.329834ms] ERR:404 body={"strategy":"-android uiautomator","selector":"new UiSelector().textMatches(\"(?is).*\\Qhello\\E.*\"...
14:01:42.630151 POST /session/3e353224-9f02-4fc2-9e0c-ee168cb733b6/element [15.068834ms] ERR:404 body={"strategy":"-android uiautomator","selector":"new UiSelector().descriptionMatches(\"(?is).*\\Qhello...
14:01:42.647795 POST /session/3e353224-9f02-4fc2-9e0c-ee168cb733b6/element [17.592625ms] ERR:404 body={"strategy":"-android uiautomator","selector":"new UiSelector().textContains(\"hello\")"}
14:01:42.660402 POST /session/3e353224-9f02-4fc2-9e0c-ee168cb733b6/element [12.553167ms] ERR:404 body={"strategy":"-android uiautomator","selector":"new UiSelector().descriptionContains(\"hello\")"}
14:01:42.673612 POST /session/3e353224-9f02-4fc2-9e0c-ee168cb733b6/element [13.153083ms] ERR:404 body={"strategy":"-android uiautomator","selector":"new UiSelector().textMatches(\"(?is).*\\Qhello\\E.*\"...
14:01:42.680245 POST /session/3e353224-9f02-4fc2-9e0c-ee168cb733b6/element [6.584292ms] ERR:404 body={"strategy":"-android uiautomator","selector":"new UiSelector().descriptionMatches(\"(?is).*\\Qhello...
14:01:42.691272 POST /session/3e353224-9f02-4fc2-9e0c-ee168cb733b6/element [10.900167ms] ERR:404 body={"strategy":"-android uiautomator","selector":"new UiSelector().textContains(\"hello\")"}
14:01:42.705250 POST /session/3e353224-9f02-4fc2-9e0c-ee168cb733b6/element [13.925958ms] ERR:404 body={"strategy":"-android uiautomator","selector":"new UiSelector().descriptionContains(\"hello\")"}
14:01:42.712849 POST /session/3e353224-9f02-4fc2-9e0c-ee168cb733b6/element [7.544333ms] ERR:404 body={"strategy":"-android uiautomator","selector":"new UiSelector().textMatches(\"(?is).*\\Qhello\\E.*\"...
14:01:42.724243 POST /session/3e353224-9f02-4fc2-9e0c-ee168cb733b6/element [11.339834ms] ERR:404 body={"strategy":"-android uiautomator","selector":"new UiSelector().descriptionMatches(\"(?is).*\\Qhello...
14:01:42.733546 POST /session/3e353224-9f02-4fc2-9e0c-ee168cb733b6/element [9.199541ms] ERR:404 body={"strategy":"-android uiautomator","selector":"new UiSelector().textContains(\"hello\")"}
14:01:42.745181 POST /session/3e353224-9f02-4fc2-9e0c-ee168cb733b6/element [11.523166ms] ERR:404 body={"strategy":"-android uiautomator","selector":"new UiSelector().descriptionContains(\"hello\")"}
14:01:42.754102 POST /session/3e353224-9f02-4fc2-9e0c-ee168cb733b6/element [8.871708ms] ERR:404 body={"strategy":"-android uiautomator","selector":"new UiSelector().textMatches(\"(?is).*\\Qhello\\E.*\"...
14:01:42.765444 POST /session/3e353224-9f02-4fc2-9e0c-ee168cb733b6/element [11.128666ms] ERR:404 body={"strategy":"-android uiautomator","selector":"new UiSelector().descriptionMatches(\"(?is).*\\Qhello...
14:01:42.777808 POST /session/3e353224-9f02-4fc2-9e0c-ee168cb733b6/element [12.314917ms] ERR:404 body={"strategy":"-android uiautomator","selector":"new UiSelector().textContains(\"hello\")"}
14:01:42.792428 POST /session/3e353224-9f02-4fc2-9e0c-ee168cb733b6/element [14.565041ms] ERR:404 body={"strategy":"-android uiautomator","selector":"new UiSelector().descriptionContains(\"hello\")"}
14:01:42.804042 POST /session/3e353224-9f02-4fc2-9e0c-ee168cb733b6/element [11.557792ms] ERR:404 body={"strategy":"-android uiautomator","selector":"new UiSelector().textMatches(\"(?is).*\\Qhello\\E.*\"...
14:01:42.819461 POST /session/3e353224-9f02-4fc2-9e0c-ee168cb733b6/element [15.369875ms] ERR:404 body={"strategy":"-android uiautomator","selector":"new UiSelector().descriptionMatches(\"(?is).*\\Qhello...
14:01:42.833581 POST /session/3e353224-9f02-4fc2-9e0c-ee168cb733b6/element [14.061542ms] ERR:404 body={"strategy":"-android uiautomator","selector":"new UiSelector().textContains(\"hello\")"}
14:01:42.840277 POST /session/3e353224-9f02-4fc2-9e0c-ee168cb733b6/element [6.63525ms] ERR:404 body={"strategy":"-android uiautomator","selector":"new UiSelector().descriptionContains(\"hello\")"}
14:01:42.851746 POST /session/3e353224-9f02-4fc2-9e0c-ee168cb733b6/element [11.39525ms] ERR:404 body={"strategy":"-android uiautomator","selector":"new UiSelector().textMatches(\"(?is).*\\Qhello\\E.*\"...
14:01:42.864268 POST /session/3e353224-9f02-4fc2-9e0c-ee168cb733b6/element [12.453291ms] ERR:404 body={"strategy":"-android uiautomator","selector":"new UiSelector().descriptionMatches(\"(?is).*\\Qhello...
14:01:42.875639 POST /session/3e353224-9f02-4fc2-9e0c-ee168cb733b6/element [11.30975ms] ERR:404 body={"strategy":"-android uiautomator","selector":"new UiSelector().textContains(\"hello\")"}
14:01:42.888260 POST /session/3e353224-9f02-4fc2-9e0c-ee168cb733b6/element [12.548333ms] ERR:404 body={"strategy":"-android uiautomator","selector":"new UiSelector().descriptionContains(\"hello\")"}
14:01:42.900652 POST /session/3e353224-9f02-4fc2-9e0c-ee168cb733b6/element [12.328417ms] ERR:404 body={"strategy":"-android uiautomator","selector":"new UiSelector().textMatches(\"(?is).*\\Qhello\\E.*\"...
14:01:42.908635 POST /session/3e353224-9f02-4fc2-9e0c-ee168cb733b6/element [7.925ms] ERR:404 body={"strategy":"-android uiautomator","selector":"new UiSelector().descriptionMatches(\"(?is).*\\Qhello...
14:01:42.915974 POST /session/3e353224-9f02-4fc2-9e0c-ee168cb733b6/element [7.278125ms] ERR:404 body={"strategy":"-android uiautomator","selector":"new UiSelector().textContains(\"hello\")"}
14:01:42.924029 POST /session/3e353224-9f02-4fc2-9e0c-ee168cb733b6/element [7.99975ms] ERR:404 body={"strategy":"-android uiautomator","selector":"new UiSelector().descriptionContains(\"hello\")"}
14:01:42.934995 POST /session/3e353224-9f02-4fc2-9e0c-ee168cb733b6/element [10.905333ms] ERR:404 body={"strategy":"-android uiautomator","selector":"new UiSelector().textMatches(\"(?is).*\\Qhello\\E.*\"...
14:01:42.940216 POST /session/3e353224-9f02-4fc2-9e0c-ee168cb733b6/element [5.168ms] ERR:404 body={"strategy":"-android uiautomator","selector":"new UiSelector().descriptionMatches(\"(?is).*\\Qhello...
14:01:42.951202 POST /session/3e353224-9f02-4fc2-9e0c-ee168cb733b6/element [10.932042ms] ERR:404 body={"strategy":"-android uiautomator","selector":"new UiSelector().textContains(\"hello\")"}
14:01:42.961418 POST /session/3e353224-9f02-4fc2-9e0c-ee168cb733b6/element [10.147334ms] ERR:404 body={"strategy":"-android uiautomator","selector":"new UiSelector().descriptionContains(\"hello\")"}
14:01:42.969932 POST /session/3e353224-9f02-4fc2-9e0c-ee168cb733b6/element [8.44575ms] ERR:404 body={"strategy":"-android uiautomator","selector":"new UiSelector().textMatches(\"(?is).*\\Qhello\\E.*\"...
14:01:42.977750 POST /session/3e353224-9f02-4fc2-9e0c-ee168cb733b6/element [7.761458ms] ERR:404 body={"strategy":"-android uiautomator","selector":"new UiSelector().descriptionMatches(\"(?is).*\\Qhello...
14:01:42.989633 POST /session/3e353224-9f02-4fc2-9e0c-ee168cb733b6/element [11.822625ms] ERR:404 body={"strategy":"-android uiautomator","selector":"new UiSelector().textContains(\"hello\")"}
14:01:42.998680 POST /session/3e353224-9f02-4fc2-9e0c-ee168cb733b6/element [8.988542ms] ERR:404 body={"strategy":"-android uiautomator","selector":"new UiSelector().descriptionContains(\"hello\")"}
14:01:43.005879 POST /session/3e353224-9f02-4fc2-9e0c-ee168cb733b6/element [7.135042ms] ERR:404 body={"strategy":"-android uiautomator","selector":"new UiSelector().textMatches(\"(?is).*\\Qhello\\E.*\"...
14:01:43.013705 POST /session/3e353224-9f02-4fc2-9e0c-ee168cb733b6/element [7.76675ms] ERR:404 body={"strategy":"-android uiautomator","selector":"new UiSelector().descriptionMatches(\"(?is).*\\Qhello...
14:01:43.022304 POST /session/3e353224-9f02-4fc2-9e0c-ee168cb733b6/element [8.522083ms] ERR:404 body={"strategy":"-android uiautomator","selector":"new UiSelector().textContains(\"hello\")"}
14:01:43.030926 POST /session/3e353224-9f02-4fc2-9e0c-ee168cb733b6/element [8.5585ms] ERR:404 body={"strategy":"-android uiautomator","selector":"new UiSelector().descriptionContains(\"hello\")"}
14:01:43.044167 POST /session/3e353224-9f02-4fc2-9e0c-ee168cb733b6/element [13.188875ms] ERR:404 body={"strategy":"-android uiautomator","selector":"new UiSelector().textMatches(\"(?is).*\\Qhello\\E.*\"...
14:01:43.052307 POST /session/3e353224-9f02-4fc2-9e0c-ee168cb733b6/element [8.076041ms] ERR:404 body={"strategy":"-android uiautomator","selector":"new UiSelector().descriptionMatches(\"(?is).*\\Qhello...
14:01:43.058160 POST /session/3e353224-9f02-4fc2-9e0c-ee168cb733b6/element [5.783792ms] ERR:404 body={"strategy":"-android uiautomator","selector":"new UiSelector().textContains(\"hello\")"}
14:01:43.067002 POST /session/3e353224-9f02-4fc2-9e0c-ee168cb733b6/element [8.781125ms] ERR:404 body={"strategy":"-android uiautomator","selector":"new UiSelector().descriptionContains(\"hello\")"}
14:01:43.076089 POST /session/3e353224-9f02-4fc2-9e0c-ee168cb733b6/element [9.023167ms] ERR:404 body={"strategy":"-android uiautomator","selector":"new UiSelector().textMatches(\"(?is).*\\Qhello\\E.*\"...
14:01:43.089700 POST /session/3e353224-9f02-4fc2-9e0c-ee168cb733b6/element [13.547375ms] ERR:404 body={"strategy":"-android uiautomator","selector":"new UiSelector().descriptionMatches(\"(?is).*\\Qhello...
14:01:43.099513 POST /session/3e353224-9f02-4fc2-9e0c-ee168cb733b6/element [9.750834ms] ERR:404 body={"strategy":"-android uiautomator","selector":"new UiSelector().textContains(\"hello\")"}
14:01:43.107999 POST /session/3e353224-9f02-4fc2-9e0c-ee168cb733b6/element [8.430167ms] ERR:404 body={"strategy":"-android uiautomator","selector":"new UiSelector().descriptionContains(\"hello\")"}
14:01:43.114695 POST /session/3e353224-9f02-4fc2-9e0c-ee168cb733b6/element [6.640625ms] ERR:404 body={"strategy":"-android uiautomator","selector":"new UiSelector().textMatches(\"(?is).*\\Qhello\\E.*\"...
14:01:43.122874 POST /session/3e353224-9f02-4fc2-9e0c-ee168cb733b6/element [8.1305ms] ERR:404 body={"strategy":"-android uiautomator","selector":"new UiSelector().descriptionMatches(\"(?is).*\\Qhello...
14:01:43.130384 POST /session/3e353224-9f02-4fc2-9e0c-ee168cb733b6/element [7.458709ms] ERR:404 body={"strategy":"-android uiautomator","selector":"new UiSelector().textContains(\"hello\")"}
14:01:43.142141 POST /session/3e353224-9f02-4fc2-9e0c-ee168cb733b6/element [11.706417ms] ERR:404 body={"strategy":"-android uiautomator","selector":"new UiSelector().descriptionContains(\"hello\")"}
14:01:43.151417 POST /session/3e353224-9f02-4fc2-9e0c-ee168cb733b6/element [9.212ms] ERR:404 body={"strategy":"-android uiautomator","selector":"new UiSelector().textMatches(\"(?is).*\\Qhello\\E.*\"...
14:01:43.158377 POST /session/3e353224-9f02-4fc2-9e0c-ee168cb733b6/element [6.901375ms] ERR:404 body={"strategy":"-android uiautomator","selector":"new UiSelector().descriptionMatches(\"(?is).*\\Qhello...
14:01:43.167696 POST /session/3e353224-9f02-4fc2-9e0c-ee168cb733b6/element [9.26475ms] ERR:404 body={"strategy":"-android uiautomator","selector":"new UiSelector().textContains(\"hello\")"}
14:01:43.171905 POST /session/3e353224-9f02-4fc2-9e0c-ee168cb733b6/element [4.161209ms] ERR:404 body={"strategy":"-android uiautomator","selector":"new UiSelector().descriptionContains(\"hello\")"}
14:01:43.177273 POST /session/3e353224-9f02-4fc2-9e0c-ee168cb733b6/element [5.328542ms] ERR:404 body={"strategy":"-android uiautomator","selector":"new UiSelector().textMatches(\"(?is).*\\Qhello\\E.*\"...
14:01:43.185100 POST /session/3e353224-9f02-4fc2-9e0c-ee168cb733b6/element [7.784583ms] ERR:404 body={"strategy":"-android uiautomator","selector":"new UiSelector().descriptionMatches(\"(?is).*\\Qhello...
14:01:43.196603 POST /session/3e353224-9f02-4fc2-9e0c-ee168cb733b6/element [11.45575ms] ERR:404 body={"strategy":"-android uiautomator","selector":"new UiSelector().textContains(\"hello\")"}
14:01:43.202959 POST /session/3e353224-9f02-4fc2-9e0c-ee168cb733b6/element [6.298834ms] ERR:404 body={"strategy":"-android uiautomator","selector":"new UiSelector().descriptionContains(\"hello\")"}
14:01:43.210559 POST /session/3e353224-9f02-4fc2-9e0c-ee168cb733b6/element [7.541ms] ERR:404 body={"strategy":"-android uiautomator","selector":"new UiSelector().textMatches(\"(?is).*\\Qhello\\E.*\"...
14:01:43.218586 POST /session/3e353224-9f02-4fc2-9e0c-ee168cb733b6/element [7.964417ms] ERR:404 body={"strategy":"-android uiautomator","selector":"new UiSelector().descriptionMatches(\"(?is).*\\Qhello...
14:01:43.228468 POST /session/3e353224-9f02-4fc2-9e0c-ee168cb733b6/element [9.818333ms] ERR:404 body={"strategy":"-android uiautomator","selector":"new UiSelector().textContains(\"hello\")"}
14:01:43.240625 POST /session/3e353224-9f02-4fc2-9e0c-ee168cb733b6/element [12.099667ms] ERR:404 body={"strategy":"-android uiautomator","selector":"new UiSelector().descriptionContains(\"hello\")"}
14:01:43.251326 POST /session/3e353224-9f02-4fc2-9e0c-ee168cb733b6/element [10.642583ms] ERR:404 body={"strategy":"-android uiautomator","selector":"new UiSelector().textMatches(\"(?is).*\\Qhello\\E.*\"...
14:01:43.258286 POST /session/3e353224-9f02-4fc2-9e0c-ee168cb733b6/element [6.91025ms] ERR:404 body={"strategy":"-android uiautomator","selector":"new UiSelector().descriptionMatches(\"(?is).*\\Qhello...
14:01:43.267571 POST /session/3e353224-9f02-4fc2-9e0c-ee168cb733b6/element [9.23125ms] ERR:404 body={"strategy":"-android uiautomator","selector":"new UiSelector().textContains(\"hello\")"}
14:01:43.282366 POST /session/3e353224-9f02-4fc2-9e0c-ee168cb733b6/element [14.737666ms] ERR:404 body={"strategy":"-android uiautomator","selector":"new UiSelector().descriptionContains(\"hello\")"}
14:01:43.290367 POST /session/3e353224-9f02-4fc2-9e0c-ee168cb733b6/element [7.947125ms] ERR:404 body={"strategy":"-android uiautomator","selector":"new UiSelector().textMatches(\"(?is).*\\Qhello\\E.*\"...
14:01:43.299228 POST /session/3e353224-9f02-4fc2-9e0c-ee168cb733b6/element [8.809375ms] ERR:404 body={"strategy":"-android uiautomator","selector":"new UiSelector().descriptionMatches(\"(?is).*\\Qhello...
14:01:43.305736 POST /session/3e353224-9f02-4fc2-9e0c-ee168cb733b6/element [6.459834ms] ERR:404 body={"strategy":"-android uiautomator","selector":"new UiSelector().textContains(\"hello\")"}
14:01:43.313773 POST /session/3e353224-9f02-4fc2-9e0c-ee168cb733b6/element [7.990917ms] ERR:404 body={"strategy":"-android uiautomator","selector":"new UiSelector().descriptionContains(\"hello\")"}
14:01:43.324500 POST /session/3e353224-9f02-4fc2-9e0c-ee168cb733b6/element [10.677125ms] ERR:404 body={"strategy":"-android uiautomator","selector":"new UiSelector().textMatches(\"(?is).*\\Qhello\\E.*\"...
14:01:43.333083 POST /session/3e353224-9f02-4fc2-9e0c-ee168cb733b6/element [8.524625ms] ERR:404 body={"strategy":"-android uiautomator","selector":"new UiSelector().descriptionMatches(\"(?is).*\\Qhello...
14:01:43.342217 POST /session/3e353224-9f02-4fc2-9e0c-ee168cb733b6/element [9.077542ms] ERR:404 body={"strategy":"-android uiautomator","selector":"new UiSelector().textContains(\"hello\")"}
14:01:43.351962 POST /session/3e353224-9f02-4fc2-9e0c-ee168cb733b6/element [9.691791ms] ERR:404 body={"strategy":"-android uiautomator","selector":"new UiSelector().descriptionContains(\"hello\")"}
14:01:43.361104 POST /session/3e353224-9f02-4fc2-9e0c-ee168cb733b6/element [9.076208ms] ERR:404 body={"strategy":"-android uiautomator","selector":"new UiSelector().textMatches(\"(?is).*\\Qhello\\E.*\"...
14:01:43.370484 POST /session/3e353224-9f02-4fc2-9e0c-ee168cb733b6/element [9.323667ms] ERR:404 body={"strategy":"-android uiautomator","selector":"new UiSelector().descriptionMatches(\"(?is).*\\Qhello...
14:01:43.380566 POST /session/3e353224-9f02-4fc2-9e0c-ee168cb733b6/element [10.02625ms] ERR:404 body={"strategy":"-android uiautomator","selector":"new UiSelector().textContains(\"hello\")"}
14:01:43.390489 POST /session/3e353224-9f02-4fc2-9e0c-ee168cb733b6/element [9.869417ms] ERR:404 body={"strategy":"-android uiautomator","selector":"new UiSelector().descriptionContains(\"hello\")"}
14:01:43.401761 POST /session/3e353224-9f02-4fc2-9e0c-ee168cb733b6/element [11.220042ms] ERR:404 body={"strategy":"-android uiautomator","selector":"new UiSelector().textMatches(\"(?is).*\\Qhello\\E.*\"...
14:01:43.413218 POST /session/3e353224-9f02-4fc2-9e0c-ee168cb733b6/element [11.4085ms] ERR:404 body={"strategy":"-android uiautomator","selector":"new UiSelector().descriptionMatches(\"(?is).*\\Qhello...
14:01:43.421979 POST /session/3e353224-9f02-4fc2-9e0c-ee168cb733b6/element [8.68475ms] ERR:404 body={"strategy":"-android uiautomator","selector":"new UiSelector().textContains(\"hello\")"}
14:01:43.430283 POST /session/3e353224-9f02-4fc2-9e0c-ee168cb733b6/element [8.248166ms] ERR:404 body={"strategy":"-android uiautomator","selector":"new UiSelector().descriptionContains(\"hello\")"}
14:01:43.437882 POST /session/3e353224-9f02-4fc2-9e0c-ee168cb733b6/element [7.541375ms] ERR:404 body={"strategy":"-android uiautomator","selector":"new UiSelector().textMatches(\"(?is).*\\Qhello\\E.*\"...
14:01:43.448822 POST /session/3e353224-9f02-4fc2-9e0c-ee168cb733b6/element [10.878166ms] ERR:404 body={"strategy":"-android uiautomator","selector":"new UiSelector().descriptionMatches(\"(?is).*\\Qhello...
14:01:43.463205 POST /session/3e353224-9f02-4fc2-9e0c-ee168cb733b6/element [14.328417ms] ERR:404 body={"strategy":"-android uiautomator","selector":"new UiSelector().textContains(\"hello\")"}
14:01:43.476814 POST /session/3e353224-9f02-4fc2-9e0c-ee168cb733b6/element [13.553417ms] ERR:404 body={"strategy":"-android uiautomator","selector":"new UiSelector().descriptionContains(\"hello\")"}
14:01:43.493037 POST /session/3e353224-9f02-4fc2-9e0c-ee168cb733b6/element [16.162291ms] ERR:404 body={"strategy":"-android uiautomator","selector":"new UiSelector().textMatches(\"(?is).*\\Qhello\\E.*\"...
14:01:43.503092 POST /session/3e353224-9f02-4fc2-9e0c-ee168cb733b6/element [10.000334ms] ERR:404 body={"strategy":"-android uiautomator","selector":"new UiSelector().descriptionMatches(\"(?is).*\\Qhello...
14:01:43.517306 POST /session/3e353224-9f02-4fc2-9e0c-ee168cb733b6/element [14.15175ms] ERR:404 body={"strategy":"-android uiautomator","selector":"new UiSelector().textContains(\"hello\")"}
14:01:43.533484 POST /session/3e353224-9f02-4fc2-9e0c-ee168cb733b6/element [15.305792ms] ERR:404 body={"strategy":"-android uiautomator","selector":"new UiSelector().descriptionContains(\"hello\")"}
14:01:43.552033 POST /session/3e353224-9f02-4fc2-9e0c-ee168cb733b6/element [18.488042ms] ERR:404 body={"strategy":"-android uiautomator","selector":"new UiSelector().textMatches(\"(?is).*\\Qhello\\E.*\"...
14:01:43.559886 POST /session/3e353224-9f02-4fc2-9e0c-ee168cb733b6/element [7.802292ms] ERR:404 body={"strategy":"-android uiautomator","selector":"new UiSelector().descriptionMatches(\"(?is).*\\Qhello...
14:01:43.571767 POST /session/3e353224-9f02-4fc2-9e0c-ee168cb733b6/element [11.642792ms] ERR:404 body={"strategy":"-android uiautomator","selector":"new UiSelector().textContains(\"hello\")"}
14:01:43.581856 POST /session/3e353224-9f02-4fc2-9e0c-ee168cb733b6/element [9.988125ms] ERR:404 body={"strategy":"-android uiautomator","selector":"new UiSelector().descriptionContains(\"hello\")"}
14:01:43.604705 POST /session/3e353224-9f02-4fc2-9e0c-ee168cb733b6/element [22.76825ms] ERR:404 body={"strategy":"-android uiautomator","selector":"new UiSelector().textMatches(\"(?is).*\\Qhello\\E.*\"...
14:01:43.614678 POST /session/3e353224-9f02-4fc2-9e0c-ee168cb733b6/element [9.875667ms] ERR:404 body={"strategy":"-android uiautomator","selector":"new UiSelector().descriptionMatches(\"(?is).*\\Qhello...
14:01:43.626349 POST /session/3e353224-9f02-4fc2-9e0c-ee168cb733b6/element [11.612792ms] ERR:404 body={"strategy":"-android uiautomator","selector":"new UiSelector().textContains(\"hello\")"}
14:01:43.638749 POST /session/3e353224-9f02-4fc2-9e0c-ee168cb733b6/element [12.348583ms] ERR:404 body={"strategy":"-android uiautomator","selector":"new UiSelector().descriptionContains(\"hello\")"}
14:01:43.651860 POST /session/3e353224-9f02-4fc2-9e0c-ee168cb733b6/element [12.553334ms] ERR:404 body={"strategy":"-android uiautomator","selector":"new UiSelector().textMatches(\"(?is).*\\Qhello\\E.*\"...
14:01:43.658211 POST /session/3e353224-9f02-4fc2-9e0c-ee168cb733b6/element [6.294333ms] ERR:404 body={"strategy":"-android uiautomator","selector":"new UiSelector().descriptionMatches(\"(?is).*\\Qhello...
14:01:43.668959 POST /session/3e353224-9f02-4fc2-9e0c-ee168cb733b6/element [10.688167ms] ERR:404 body={"strategy":"-android uiautomator","selector":"new UiSelector().textContains(\"hello\")"}
14:01:43.688258 POST /session/3e353224-9f02-4fc2-9e0c-ee168cb733b6/element [19.246625ms] ERR:404 body={"strategy":"-android uiautomator","selector":"new UiSelector().descriptionContains(\"hello\")"}
14:01:43.709737 POST /session/3e353224-9f02-4fc2-9e0c-ee168cb733b6/element [21.413208ms] ERR:404 body={"strategy":"-android uiautomator","selector":"new UiSelector().textMatches(\"(?is).*\\Qhello\\E.*\"...
14:01:43.717160 POST /session/3e353224-9f02-4fc2-9e0c-ee168cb733b6/element [7.330292ms] ERR:404 body={"strategy":"-android uiautomator","selector":"new UiSelector().descriptionMatches(\"(?is).*\\Qhello...
14:01:43.725082 POST /session/3e353224-9f02-4fc2-9e0c-ee168cb733b6/element [7.837333ms] ERR:404 body={"strategy":"-android uiautomator","selector":"new UiSelector().textContains(\"hello\")"}
14:01:43.742395 POST /session/3e353224-9f02-4fc2-9e0c-ee168cb733b6/element [17.242667ms] ERR:404 body={"strategy":"-android uiautomator","selector":"new UiSelector().descriptionContains(\"hello\")"}
14:01:43.754812 POST /session/3e353224-9f02-4fc2-9e0c-ee168cb733b6/element [12.363459ms] ERR:404 body={"strategy":"-android uiautomator","selector":"new UiSelector().textMatches(\"(?is).*\\Qhello\\E.*\"...
14:01:43.765732 POST /session/3e353224-9f02-4fc2-9e0c-ee168cb733b6/element [10.858542ms] ERR:404 body={"strategy":"-android uiautomator","selector":"new UiSelector().descriptionMatches(\"(?is).*\\Qhello...
14:01:43.776313 POST /session/3e353224-9f02-4fc2-9e0c-ee168cb733b6/element [10.497583ms] ERR:404 body={"strategy":"-android uiautomator","selector":"new UiSelector().textContains(\"hello\")"}
14:01:43.784294 POST /session/3e353224-9f02-4fc2-9e0c-ee168cb733b6/element [7.879917ms] ERR:404 body={"strategy":"-android uiautomator","selector":"new UiSelector().descriptionContains(\"hello\")"}
14:01:43.806006 POST /session/3e353224-9f02-4fc2-9e0c-ee168cb733b6/element [21.637125ms] ERR:404 body={"strategy":"-android uiautomator","selector":"new UiSelector().textMatches(\"(?is).*\\Qhello\\E.*\"...
14:01:43.819381 POST /session/3e353224-9f02-4fc2-9e0c-ee168cb733b6/element [13.301834ms] ERR:404 body={"strategy":"-android uiautomator","selector":"new UiSelector().descriptionMatches(\"(?is).*\\Qhello...
14:01:43.829303 POST /session/3e353224-9f02-4fc2-9e0c-ee168cb733b6/element [9.844625ms] ERR:404 body={"strategy":"-android uiautomator","selector":"new UiSelector().textContains(\"hello\")"}
14:01:43.848346 POST /session/3e353224-9f02-4fc2-9e0c-ee168cb733b6/element [18.961625ms] ERR:404 body={"strategy":"-android uiautomator","selector":"new UiSelector().descriptionContains(\"hello\")"}
14:01:43.854728 POST /session/3e353224-9f02-4fc2-9e0c-ee168cb733b6/element [6.323583ms] ERR:404 body={"strategy":"-android uiautomator","selector":"new UiSelector().textMatches(\"(?is).*\\Qhello\\E.*\"...
14:01:43.870679 POST /session/3e353224-9f02-4fc2-9e0c-ee168cb733b6/element [15.896292ms] ERR:404 body={"strategy":"-android uiautomator","selector":"new UiSelector().descriptionMatches(\"(?is).*\\Qhello...
14:01:43.889722 POST /session/3e353224-9f02-4fc2-9e0c-ee168cb733b6/element [18.939583ms] ERR:404 body={"strategy":"-android uiautomator","selector":"new UiSelector().textContains(\"hello\")"}
14:01:43.906004 POST /session/3e353224-9f02-4fc2-9e0c-ee168cb733b6/element [16.22925ms] ERR:404 body={"strategy":"-android uiautomator","selector":"new UiSelector().descriptionContains(\"hello\")"}
14:01:43.926603 POST /session/3e353224-9f02-4fc2-9e0c-ee168cb733b6/element [20.545042ms] ERR:404 body={"strategy":"-android uiautomator","selector":"new UiSelector().textMatches(\"(?is).*\\Qhello\\E.*\"...
14:01:43.936219 POST /session/3e353224-9f02-4fc2-9e0c-ee168cb733b6/element [9.556166ms] ERR:404 body={"strategy":"-android uiautomator","selector":"new UiSelector().descriptionMatches(\"(?is).*\\Qhello...
14:01:43.952703 POST /session/3e353224-9f02-4fc2-9e0c-ee168cb733b6/element [16.405875ms] ERR:404 body={"strategy":"-android uiautomator","selector":"new UiSelector().textContains(\"hello\")"}
14:01:43.967508 POST /session/3e353224-9f02-4fc2-9e0c-ee168cb733b6/element [14.721375ms] ERR:404 body={"strategy":"-android uiautomator","selector":"new UiSelector().descriptionContains(\"hello\")"}
14:01:43.980084 POST /session/3e353224-9f02-4fc2-9e0c-ee168cb733b6/element [12.513958ms] ERR:404 body={"strategy":"-android uiautomator","selector":"new UiSelector().textMatches(\"(?is).*\\Qhello\\E.*\"...
14:01:43.997518 POST /session/3e353224-9f02-4fc2-9e0c-ee168cb733b6/element [17.381083ms] ERR:404 body={"strategy":"-android uiautomator","selector":"new UiSelector().descriptionMatches(\"(?is).*\\Qhello...
14:01:44.011877 POST /session/3e353224-9f02-4fc2-9e0c-ee168cb733b6/element [14.2815ms] ERR:404 body={"strategy":"-android uiautomator","selector":"new UiSelector().textContains(\"hello\")"}
14:01:44.029399 POST /session/3e353224-9f02-4fc2-9e0c-ee168cb733b6/element [17.426833ms] ERR:404 body={"strategy":"-android uiautomator","selector":"new UiSelector().descriptionContains(\"hello\")"}
14:01:44.039295 POST /session/3e353224-9f02-4fc2-9e0c-ee168cb733b6/element [9.833583ms] ERR:404 body={"strategy":"-android uiautomator","selector":"new UiSelector().textMatches(\"(?is).*\\Qhello\\E.*\"...
14:01:44.053882 POST /session/3e353224-9f02-4fc2-9e0c-ee168cb733b6/element [14.475083ms] ERR:404 body={"strategy":"-android uiautomator","selector":"new UiSelector().descriptionMatches(\"(?is).*\\Qhello...
14:01:44.061351 POST /session/3e353224-9f02-4fc2-9e0c-ee168cb733b6/element [7.409083ms] ERR:404 body={"strategy":"-android uiautomator","selector":"new UiSelector().textContains(\"hello\")"}
14:01:44.074465 POST /session/3e353224-9f02-4fc2-9e0c-ee168cb733b6/element [13.047834ms] ERR:404 body={"strategy":"-android uiautomator","selector":"new UiSelector().descriptionContains(\"hello\")"}
14:01:44.088233 POST /session/3e353224-9f02-4fc2-9e0c-ee168cb733b6/element [13.709625ms] ERR:404 body={"strategy":"-android uiautomator","selector":"new UiSelector().textMatches(\"(?is).*\\Qhello\\E.*\"...
14:01:44.098833 POST /session/3e353224-9f02-4fc2-9e0c-ee168cb733b6/element [10.536083ms] ERR:404 body={"strategy":"-android uiautomator","selector":"new UiSelector().descriptionMatches(\"(?is).*\\Qhello...
14:01:44.108759 POST /session/3e353224-9f02-4fc2-9e0c-ee168cb733b6/element [9.846583ms] ERR:404 body={"strategy":"-android uiautomator","selector":"new UiSelector().textContains(\"hello\")"}
14:01:44.122771 POST /session/3e353224-9f02-4fc2-9e0c-ee168cb733b6/element [13.922583ms] ERR:404 body={"strategy":"-android uiautomator","selector":"new UiSelector().descriptionContains(\"hello\")"}
14:01:44.137189 POST /session/3e353224-9f02-4fc2-9e0c-ee168cb733b6/element [14.357334ms] ERR:404 body={"strategy":"-android uiautomator","selector":"new UiSelector().textMatches(\"(?is).*\\Qhello\\E.*\"...
14:01:44.172764 POST /session/3e353224-9f02-4fc2-9e0c-ee168cb733b6/element [35.517542ms] ERR:404 body={"strategy":"-android uiautomator","selector":"new UiSelector().descriptionMatches(\"(?is).*\\Qhello...
14:01:44.192827 POST /session/3e353224-9f02-4fc2-9e0c-ee168cb733b6/element [19.986417ms] ERR:404 body={"strategy":"-android uiautomator","selector":"new UiSelector().textContains(\"hello\")"}
14:01:44.207471 POST /session/3e353224-9f02-4fc2-9e0c-ee168cb733b6/element [14.558041ms] ERR:404 body={"strategy":"-android uiautomator","selector":"new UiSelector().descriptionContains(\"hello\")"}
14:01:44.218273 POST /session/3e353224-9f02-4fc2-9e0c-ee168cb733b6/element [10.731083ms] ERR:404 body={"strategy":"-android uiautomator","selector":"new UiSelector().textMatches(\"(?is).*\\Qhello\\E.*\"...
14:01:44.233649 POST /session/3e353224-9f02-4fc2-9e0c-ee168cb733b6/element [15.313375ms] ERR:404 body={"strategy":"-android uiautomator","selector":"new UiSelector().descriptionMatches(\"(?is).*\\Qhello...
14:01:44.248600 POST /session/3e353224-9f02-4fc2-9e0c-ee168cb733b6/element [14.724458ms] ERR:404 body={"strategy":"-android uiautomator","selector":"new UiSelector().textContains(\"hello\")"}
14:01:44.257588 POST /session/3e353224-9f02-4fc2-9e0c-ee168cb733b6/element [8.893792ms] ERR:404 body={"strategy":"-android uiautomator","selector":"new UiSelector().descriptionContains(\"hello\")"}
14:01:44.277977 POST /session/3e353224-9f02-4fc2-9e0c-ee168cb733b6/element [20.30125ms] ERR:404 body={"strategy":"-android uiautomator","selector":"new UiSelector().textMatches(\"(?is).*\\Qhello\\E.*\"...
14:01:44.289677 POST /session/3e353224-9f02-4fc2-9e0c-ee168cb733b6/element [11.641875ms] ERR:404 body={"strategy":"-android uiautomator","selector":"new UiSelector().descriptionMatches(\"(?is).*\\Qhello...
14:01:44.300310 POST /session/3e353224-9f02-4fc2-9e0c-ee168cb733b6/element [10.571459ms] ERR:404 body={"strategy":"-android uiautomator","selector":"new UiSelector().textContains(\"hello\")"}
14:01:44.311815 POST /session/3e353224-9f02-4fc2-9e0c-ee168cb733b6/element [11.431667ms] ERR:404 body={"strategy":"-android uiautomator","selector":"new UiSelector().descriptionContains(\"hello\")"}
14:01:44.330073 POST /session/3e353224-9f02-4fc2-9e0c-ee168cb733b6/element [18.203917ms] ERR:404 body={"strategy":"-android uiautomator","selector":"new UiSelector().textMatches(\"(?is).*\\Qhello\\E.*\"...
14:01:44.339582 POST /session/3e353224-9f02-4fc2-9e0c-ee168cb733b6/element [9.450625ms] ERR:404 body={"strategy":"-android uiautomator","selector":"new UiSelector().descriptionMatches(\"(?is).*\\Qhello...
14:01:44.361894 POST /session/3e353224-9f02-4fc2-9e0c-ee168cb733b6/element [22.256916ms] ERR:404 body={"strategy":"-android uiautomator","selector":"new UiSelector().textContains(\"hello\")"}
14:01:44.383248 POST /session/3e353224-9f02-4fc2-9e0c-ee168cb733b6/element [21.296458ms] ERR:404 body={"strategy":"-android uiautomator","selector":"new UiSelector().descriptionContains(\"hello\")"}
14:01:44.399903 POST /session/3e353224-9f02-4fc2-9e0c-ee168cb733b6/element [16.585916ms] ERR:404 body={"strategy":"-android uiautomator","selector":"new UiSelector().textMatches(\"(?is).*\\Qhello\\E.*\"...
14:01:44.415961 POST /session/3e353224-9f02-4fc2-9e0c-ee168cb733b6/element [16.00325ms] ERR:404 body={"strategy":"-android uiautomator","selector":"new UiSelector().descriptionMatches(\"(?is).*\\Qhello...
14:01:44.440466 GET /session/3e353224-9f02-4fc2-9e0c-ee168cb733b6/source [24.312792ms] OK body=
14:01:44.616312 GET /session/3e353224-9f02-4fc2-9e0c-ee168cb733b6/screenshot [174.617417ms] OK body=
14:01:44.638368 GET /session/3e353224-9f02-4fc2-9e0c-ee168cb733b6/source [21.480208ms] OK body=
14:01:44.643402 DELETE /session/3e353224-9f02-4fc2-9e0c-ee168cb733b6 [1.911041ms] OK body=
