14:09:13.668563 POST /session [19.904959ms] OK body={"capabilities":{"platformName":"Android","deviceName":"sdk_gphone64_arm64"}}
14:09:13.677979 POST /session/e81b9c42-6e15-47a9-88fd-afe42e5cfe7b/appium/settings [8.924292ms] OK body={"settings":{"enableMultiWindows":true,"waitForIdleTimeout":200}}
14:09:13.687405 POST /session/e81b9c42-6e15-47a9-88fd-afe42e5cfe7b/appium/settings [9.350917ms] OK body={"settings":{"implicitWait":100}}
14:09:13.783217 GET /session/e81b9c42-6e15-47a9-88fd-afe42e5cfe7b/appium/device/info [41.927458ms] OK body=
14:09:13.796165 POST /session/e81b9c42-6e15-47a9-88fd-afe42e5cfe7b/appium/settings [9.343291ms] OK body={"settings":{"waitForIdleTimeout":200}}
14:09:15.228203 POST /session/e81b9c42-6e15-47a9-88fd-afe42e5cfe7b/appium/device/launch_app [20.884792ms] OK body={"appId":"com.kylebrowning.landmarks"}
14:09:17.851057 POST /session/e81b9c42-6e15-47a9-88fd-afe42e5cfe7b/element [117.866625ms] ERR:404 body={"strategy":"-android uiautomator","selector":"new UiSelector().textContains(\"Landmark 30\")"}
14:09:18.407694 POST /session/e81b9c42-6e15-47a9-88fd-afe42e5cfe7b/element [556.5135ms] ERR:404 body={"strategy":"-android uiautomator","selector":"new UiSelector().descriptionContains(\"Landmark 30\")...
14:09:18.431162 POST /session/e81b9c42-6e15-47a9-88fd-afe42e5cfe7b/element [23.36675ms] ERR:404 body={"strategy":"-android uiautomator","selector":"new UiSelector().textMatches(\"(?is).*\\QLandmark 30\...
14:09:18.450919 POST /session/e81b9c42-6e15-47a9-88fd-afe42e5cfe7b/element [19.650583ms] ERR:404 body={"strategy":"-android uiautomator","selector":"new UiSelector().descriptionMatches(\"(?is).*\\QLandm...
14:09:18.476311 POST /session/e81b9c42-6e15-47a9-88fd-afe42e5cfe7b/element [25.30025ms] ERR:404 body={"strategy":"-android uiautomator","selector":"new UiSelector().textContains(\"Landmark 30\")"}
14:09:18.504532 POST /session/e81b9c42-6e15-47a9-88fd-afe42e5cfe7b/element [28.092292ms] ERR:404 body={"strategy":"-android uiautomator","selector":"new UiSelector().descriptionContains(\"Landmark 30\")...
14:09:18.522765 POST /session/e81b9c42-6e15-47a9-88fd-afe42e5cfe7b/element [18.134ms] ERR:404 body={"strategy":"-android uiautomator","selector":"new UiSelector().textMatches(\"(?is).*\\QLandmark 30\...
14:09:18.538725 POST /session/e81b9c42-6e15-47a9-88fd-afe42e5cfe7b/element [15.863875ms] ERR:404 body={"strategy":"-android uiautomator","selector":"new UiSelector().descriptionMatches(\"(?is).*\\QLandm...
14:09:18.562972 POST /session/e81b9c42-6e15-47a9-88fd-afe42e5cfe7b/element [24.134375ms] ERR:404 body={"strategy":"-android uiautomator","selector":"new UiSelector().textContains(\"Landmark 30\")"}
14:09:18.582285 POST /session/e81b9c42-6e15-47a9-88fd-afe42e5cfe7b/element [19.197709ms] ERR:404 body={"strategy":"-android uiautomator","selector":"new UiSelector().descriptionContains(\"Landmark 30\")...
14:09:18.608187 POST /session/e81b9c42-6e15-47a9-88fd-afe42e5cfe7b/element [25.790625ms] ERR:404 body={"strategy":"-android uiautomator","selector":"new UiSelector().textMatches(\"(?is).*\\QLandmark 30\...
14:09:18.632423 POST /session/e81b9c42-6e15-47a9-88fd-afe42e5cfe7b/element [24.141167ms] ERR:404 body={"strategy":"-android uiautomator","selector":"new UiSelector().descriptionMatches(\"(?is).*\\QLandm...
14:09:18.654845 POST /session/e81b9c42-6e15-47a9-88fd-afe42e5cfe7b/element [22.323667ms] ERR:404 body={"strategy":"-android uiautomator","selector":"new UiSelector().textContains(\"Landmark 30\")"}
14:09:18.691270 POST /session/e81b9c42-6e15-47a9-88fd-afe42e5cfe7b/element [36.176416ms] ERR:404 body={"strategy":"-android uiautomator","selector":"new UiSelector().descriptionContains(\"Landmark 30\")...
14:09:18.744416 POST /session/e81b9c42-6e15-47a9-88fd-afe42e5cfe7b/element [53.0585ms] ERR:404 body={"strategy":"-android uiautomator","selector":"new UiSelector().textMatches(\"(?is).*\\QLandmark 30\...
14:09:18.789184 POST /session/e81b9c42-6e15-47a9-88fd-afe42e5cfe7b/element [44.6565ms] ERR:404 body={"strategy":"-android uiautomator","selector":"new UiSelector().descriptionMatches(\"(?is).*\\QLandm...
14:09:18.847824 GET /session/e81b9c42-6e15-47a9-88fd-afe42e5cfe7b/source [58.370291ms] OK body=
14:09:18.874209 POST /session/e81b9c42-6e15-47a9-88fd-afe42e5cfe7b/element [25.502834ms] ERR:404 body={"strategy":"-android uiautomator","selector":"new UiSelector().textContains(\"Landmark 30\")"}
14:09:18.894121 POST /session/e81b9c42-6e15-47a9-88fd-afe42e5cfe7b/element [19.807708ms] ERR:404 body={"strategy":"-android uiautomator","selector":"new UiSelector().descriptionContains(\"Landmark 30\")...
14:09:18.911692 POST /session/e81b9c42-6e15-47a9-88fd-afe42e5cfe7b/element [17.441667ms] ERR:404 body={"strategy":"-android uiautomator","selector":"new UiSelector().textMatches(\"(?is).*\\QLandmark 30\...
14:09:18.931687 POST /session/e81b9c42-6e15-47a9-88fd-afe42e5cfe7b/element [19.871959ms] ERR:404 body={"strategy":"-android uiautomator","selector":"new UiSelector().descriptionMatches(\"(?is).*\\QLandm...
14:09:18.965134 POST /session/e81b9c42-6e15-47a9-88fd-afe42e5cfe7b/element [33.371458ms] ERR:404 body={"strategy":"-android uiautomator","selector":"new UiSelector().textContains(\"Landmark 30\")"}
14:09:18.987725 POST /session/e81b9c42-6e15-47a9-88fd-afe42e5cfe7b/element [22.485ms] ERR:404 body={"strategy":"-android uiautomator","selector":"new UiSelector().descriptionContains(\"Landmark 30\")...
14:09:19.002388 POST /session/e81b9c42-6e15-47a9-88fd-afe42e5cfe7b/element [14.5935ms] ERR:404 body={"strategy":"-android uiautomator","selector":"new UiSelector().textMatches(\"(?is).*\\QLandmark 30\...
14:09:19.022250 POST /session/e81b9c42-6e15-47a9-88fd-afe42e5cfe7b/element [19.797959ms] ERR:404 body={"strategy":"-android uiautomator","selector":"new UiSelector().descriptionMatches(\"(?is).*\\QLandm...
14:09:19.034817 POST /session/e81b9c42-6e15-47a9-88fd-afe42e5cfe7b/element [12.505ms] ERR:404 body={"strategy":"-android uiautomator","selector":"new UiSelector().textContains(\"Landmark 30\")"}
14:09:19.067546 POST /session/e81b9c42-6e15-47a9-88fd-afe42e5cfe7b/element [32.626417ms] ERR:404 body={"strategy":"-android uiautomator","selector":"new UiSelector().descriptionContains(\"Landmark 30\")...
14:09:19.094536 POST /session/e81b9c42-6e15-47a9-88fd-afe42e5cfe7b/element [26.906416ms] ERR:404 body={"strategy":"-android uiautomator","selector":"new UiSelector().textMatches(\"(?is).*\\QLandmark 30\...
14:09:19.112728 POST /session/e81b9c42-6e15-47a9-88fd-afe42e5cfe7b/element [18.119708ms] ERR:404 body={"strategy":"-android uiautomator","selector":"new UiSelector().descriptionMatches(\"(?is).*\\QLandm...
14:09:19.143425 POST /session/e81b9c42-6e15-47a9-88fd-afe42e5cfe7b/element [30.63ms] ERR:404 body={"strategy":"-android uiautomator","selector":"new UiSelector().textContains(\"Landmark 30\")"}
14:09:19.160623 POST /session/e81b9c42-6e15-47a9-88fd-afe42e5cfe7b/element [17.095417ms] ERR:404 body={"strategy":"-android uiautomator","selector":"new UiSelector().descriptionContains(\"Landmark 30\")...
14:09:19.182907 POST /session/e81b9c42-6e15-47a9-88fd-afe42e5cfe7b/element [22.130875ms] ERR:404 body={"strategy":"-android uiautomator","selector":"new UiSelector().textMatches(\"(?is).*\\QLandmark 30\...
14:09:19.201442 POST /session/e81b9c42-6e15-47a9-88fd-afe42e5cfe7b/element [18.446125ms] ERR:404 body={"strategy":"-android uiautomator","selector":"new UiSelector().descriptionMatches(\"(?is).*\\QLandm...
14:09:19.225928 POST /session/e81b9c42-6e15-47a9-88fd-afe42e5cfe7b/element [24.41525ms] ERR:404 body={"strategy":"-android uiautomator","selector":"new UiSelector().textContains(\"Landmark 30\")"}
14:09:19.247325 POST /session/e81b9c42-6e15-47a9-88fd-afe42e5cfe7b/element [21.316667ms] ERR:404 body={"strategy":"-android uiautomator","selector":"new UiSelector().descriptionContains(\"Landmark 30\")...
14:09:19.282487 POST /session/e81b9c42-6e15-47a9-88fd-afe42e5cfe7b/element [34.852792ms] ERR:404 body={"strategy":"-android uiautomator","selector":"new UiSelector().textMatches(\"(?is).*\\QLandmark 30\...
14:09:19.298292 POST /session/e81b9c42-6e15-47a9-88fd-afe42e5cfe7b/element [15.721292ms] ERR:404 body={"strategy":"-android uiautomator","selector":"new UiSelector().descriptionMatches(\"(?is).*\\QLandm...
14:09:19.316794 POST /session/e81b9c42-6e15-47a9-88fd-afe42e5cfe7b/element [18.434334ms] ERR:404 body={"strategy":"-android uiautomator","selector":"new UiSelector().textContains(\"Landmark 30\")"}
14:09:19.340204 POST /session/e81b9c42-6e15-47a9-88fd-afe42e5cfe7b/element [23.312333ms] ERR:404 body={"strategy":"-android uiautomator","selector":"new UiSelector().descriptionContains(\"Landmark 30\")...
14:09:19.363266 POST /session/e81b9c42-6e15-47a9-88fd-afe42e5cfe7b/element [22.983791ms] ERR:404 body={"strategy":"-android uiautomator","selector":"new UiSelector().textMatches(\"(?is).*\\QLandmark 30\...
14:09:19.618879 POST /session/e81b9c42-6e15-47a9-88fd-afe42e5cfe7b/element [255.532625ms] ERR:404 body={"strategy":"-android uiautomator","selector":"new UiSelector().descriptionMatches(\"(?is).*\\QLandm...
14:09:19.837388 POST /session/e81b9c42-6e15-47a9-88fd-afe42e5cfe7b/element [218.046542ms] ERR:404 body={"strategy":"-android uiautomator","selector":"new UiSelector().textContains(\"Landmark 30\")"}
14:09:19.896294 POST /session/e81b9c42-6e15-47a9-88fd-afe42e5cfe7b/element [58.816542ms] ERR:404 body={"strategy":"-android uiautomator","selector":"new UiSelector().descriptionContains(\"Landmark 30\")...
14:09:19.920629 POST /session/e81b9c42-6e15-47a9-88fd-afe42e5cfe7b/element [24.252792ms] ERR:404 body={"strategy":"-android uiautomator","selector":"new UiSelector().textMatches(\"(?is).*\\QLandmark 30\...
14:09:19.954299 POST /session/e81b9c42-6e15-47a9-88fd-afe42e5cfe7b/element [33.582917ms] ERR:404 body={"strategy":"-android uiautomator","selector":"new UiSelector().descriptionMatches(\"(?is).*\\QLandm...
14:09:19.987414 GET /session/e81b9c42-6e15-47a9-88fd-afe42e5cfe7b/source [32.923833ms] OK body=
14:09:20.014342 POST /session/e81b9c42-6e15-47a9-88fd-afe42e5cfe7b/element [26.086708ms] ERR:404 body={"strategy":"-android uiautomator","selector":"new UiSelector().textContains(\"Landmark 30\")"}
14:09:20.031673 POST /session/e81b9c42-6e15-47a9-88fd-afe42e5cfe7b/element [17.25825ms] ERR:404 body={"strategy":"-android uiautomator","selector":"new UiSelector().descriptionContains(\"Landmark 30\")...
14:09:20.052282 POST /session/e81b9c42-6e15-47a9-88fd-afe42e5cfe7b/element [20.5505ms] ERR:404 body={"strategy":"-android uiautomator","selector":"new UiSelector().textMatches(\"(?is).*\\QLandmark 30\...
14:09:20.062703 POST /session/e81b9c42-6e15-47a9-88fd-afe42e5cfe7b/element [10.37125ms] ERR:404 body={"strategy":"-android uiautomator","selector":"new UiSelector().descriptionMatches(\"(?is).*\\QLandm...
14:09:20.071485 POST /session/e81b9c42-6e15-47a9-88fd-afe42e5cfe7b/element [8.708875ms] ERR:404 body={"strategy":"-android uiautomator","selector":"new UiSelector().textContains(\"Landmark 30\")"}
14:09:20.090377 POST /session/e81b9c42-6e15-47a9-88fd-afe42e5cfe7b/element [18.831875ms] ERR:404 body={"strategy":"-android uiautomator","selector":"new UiSelector().descriptionContains(\"Landmark 30\")...
14:09:20.099661 POST /session/e81b9c42-6e15-47a9-88fd-afe42e5cfe7b/element [9.213917ms] ERR:404 body={"strategy":"-android uiautomator","selector":"new UiSelector().textMatches(\"(?is).*\\QLandmark 30\...
14:09:20.121765 POST /session/e81b9c42-6e15-47a9-88fd-afe42e5cfe7b/element [22.033292ms] ERR:404 body={"strategy":"-android uiautomator","selector":"new UiSelector().descriptionMatches(\"(?is).*\\QLandm...
14:09:20.133250 POST /session/e81b9c42-6e15-47a9-88fd-afe42e5cfe7b/element [11.434167ms] ERR:404 body={"strategy":"-android uiautomator","selector":"new UiSelector().textContains(\"Landmark 30\")"}
14:09:20.159609 POST /session/e81b9c42-6e15-47a9-88fd-afe42e5cfe7b/element [26.293792ms] ERR:404 body={"strategy":"-android uiautomator","selector":"new UiSelector().descriptionContains(\"Landmark 30\")...
14:09:20.176611 POST /session/e81b9c42-6e15-47a9-88fd-afe42e5cfe7b/element [16.925209ms] ERR:404 body={"strategy":"-android uiautomator","selector":"new UiSelector().textMatches(\"(?is).*\\QLandmark 30\...
14:09:20.185382 POST /session/e81b9c42-6e15-47a9-88fd-afe42e5cfe7b/element [8.707292ms] ERR:404 body={"strategy":"-android uiautomator","selector":"new UiSelector().descriptionMatches(\"(?is).*\\QLandm...
14:09:20.198571 POST /session/e81b9c42-6e15-47a9-88fd-afe42e5cfe7b/element [13.129458ms] ERR:404 body={"strategy":"-android uiautomator","selector":"new UiSelector().textContains(\"Landmark 30\")"}
14:09:20.207260 POST /session/e81b9c42-6e15-47a9-88fd-afe42e5cfe7b/element [8.636542ms] ERR:404 body={"strategy":"-android uiautomator","selector":"new UiSelector().descriptionContains(\"Landmark 30\")...
14:09:20.214241 POST /session/e81b9c42-6e15-47a9-88fd-afe42e5cfe7b/element [6.944625ms] ERR:404 body={"strategy":"-android uiautomator","selector":"new UiSelector().textMatches(\"(?is).*\\QLandmark 30\...
14:09:20.222680 POST /session/e81b9c42-6e15-47a9-88fd-afe42e5cfe7b/element [8.407834ms] ERR:404 body={"strategy":"-android uiautomator","selector":"new UiSelector().descriptionMatches(\"(?is).*\\QLandm...
14:09:20.242590 POST /session/e81b9c42-6e15-47a9-88fd-afe42e5cfe7b/element [19.822834ms] ERR:404 body={"strategy":"-android uiautomator","selector":"new UiSelector().textContains(\"Landmark 30\")"}
14:09:20.259093 POST /session/e81b9c42-6e15-47a9-88fd-afe42e5cfe7b/element [16.42975ms] ERR:404 body={"strategy":"-android uiautomator","selector":"new UiSelector().descriptionContains(\"Landmark 30\")...
14:09:20.280033 POST /session/e81b9c42-6e15-47a9-88fd-afe42e5cfe7b/element [20.876875ms] ERR:404 body={"strategy":"-android uiautomator","selector":"new UiSelector().textMatches(\"(?is).*\\QLandmark 30\...
14:09:20.297650 POST /session/e81b9c42-6e15-47a9-88fd-afe42e5cfe7b/element [17.575334ms] ERR:404 body={"strategy":"-android uiautomator","selector":"new UiSelector().descriptionMatches(\"(?is).*\\QLandm...
14:09:20.318585 POST /session/e81b9c42-6e15-47a9-88fd-afe42e5cfe7b/element [20.870791ms] ERR:404 body={"strategy":"-android uiautomator","selector":"new UiSelector().textContains(\"Landmark 30\")"}
14:09:20.329967 POST /session/e81b9c42-6e15-47a9-88fd-afe42e5cfe7b/element [11.279583ms] ERR:404 body={"strategy":"-android uiautomator","selector":"new UiSelector().descriptionContains(\"Landmark 30\")...
14:09:20.339459 POST /session/e81b9c42-6e15-47a9-88fd-afe42e5cfe7b/element [9.134417ms] ERR:404 body={"strategy":"-android uiautomator","selector":"new UiSelector().textMatches(\"(?is).*\\QLandmark 30\...
14:09:20.356295 POST /session/e81b9c42-6e15-47a9-88fd-afe42e5cfe7b/element [16.770833ms] ERR:404 body={"strategy":"-android uiautomator","selector":"new UiSelector().descriptionMatches(\"(?is).*\\QLandm...
14:09:20.367694 POST /session/e81b9c42-6e15-47a9-88fd-afe42e5cfe7b/element [11.338333ms] ERR:404 body={"strategy":"-android uiautomator","selector":"new UiSelector().textContains(\"Landmark 30\")"}
14:09:20.393038 POST /session/e81b9c42-6e15-47a9-88fd-afe42e5cfe7b/element [25.29075ms] ERR:404 body={"strategy":"-android uiautomator","selector":"new UiSelector().descriptionContains(\"Landmark 30\")...
14:09:20.412164 POST /session/e81b9c42-6e15-47a9-88fd-afe42e5cfe7b/element [19.0355ms] ERR:404 body={"strategy":"-android uiautomator","selector":"new UiSelector().textMatches(\"(?is).*\\QLandmark 30\...
14:09:20.421903 POST /session/e81b9c42-6e15-47a9-88fd-afe42e5cfe7b/element [9.665ms] ERR:404 body={"strategy":"-android uiautomator","selector":"new UiSelector().descriptionMatches(\"(?is).*\\QLandm...
14:09:20.430235 POST /session/e81b9c42-6e15-47a9-88fd-afe42e5cfe7b/element [8.2775ms] ERR:404 body={"strategy":"-android uiautomator","selector":"new UiSelector().textContains(\"Landmark 30\")"}
14:09:20.444139 POST /session/e81b9c42-6e15-47a9-88fd-afe42e5cfe7b/element [13.858542ms] ERR:404 body={"strategy":"-android uiautomator","selector":"new UiSelector().descriptionContains(\"Landmark 30\")...
14:09:20.452237 POST /session/e81b9c42-6e15-47a9-88fd-afe42e5cfe7b/element [8.054833ms] ERR:404 body={"strategy":"-android uiautomator","selector":"new UiSelector().textMatches(\"(?is).*\\QLandmark 30\...
14:09:20.464989 POST /session/e81b9c42-6e15-47a9-88fd-afe42e5cfe7b/element [12.712625ms] ERR:404 body={"strategy":"-android uiautomator","selector":"new UiSelector().descriptionMatches(\"(?is).*\\QLandm...
14:09:20.488129 POST /session/e81b9c42-6e15-47a9-88fd-afe42e5cfe7b/element [23.001708ms] ERR:404 body={"strategy":"-android uiautomator","selector":"new UiSelector().textContains(\"Landmark 30\")"}
14:09:20.506476 POST /session/e81b9c42-6e15-47a9-88fd-afe42e5cfe7b/element [18.250083ms] ERR:404 body={"strategy":"-android uiautomator","selector":"new UiSelector().descriptionContains(\"Landmark 30\")...
14:09:20.514804 POST /session/e81b9c42-6e15-47a9-88fd-afe42e5cfe7b/element [8.259083ms] ERR:404 body={"strategy":"-android uiautomator","selector":"new UiSelector().textMatches(\"(?is).*\\QLandmark 30\...
14:09:20.524095 POST /session/e81b9c42-6e15-47a9-88fd-afe42e5cfe7b/element [9.236875ms] ERR:404 body={"strategy":"-android uiautomator","selector":"new UiSelector().descriptionMatches(\"(?is).*\\QLandm...
14:09:20.547176 POST /session/e81b9c42-6e15-47a9-88fd-afe42e5cfe7b/element [23.033625ms] ERR:404 body={"strategy":"-android uiautomator","selector":"new UiSelector().textContains(\"Landmark 30\")"}
14:09:20.565743 POST /session/e81b9c42-6e15-47a9-88fd-afe42e5cfe7b/element [18.478958ms] ERR:404 body={"strategy":"-android uiautomator","selector":"new UiSelector().descriptionContains(\"Landmark 30\")...
14:09:20.592330 POST /session/e81b9c42-6e15-47a9-88fd-afe42e5cfe7b/element [26.484792ms] ERR:404 body={"strategy":"-android uiautomator","selector":"new UiSelector().textMatches(\"(?is).*\\QLandmark 30\...
14:09:20.612572 POST /session/e81b9c42-6e15-47a9-88fd-afe42e5cfe7b/element [20.117042ms] ERR:404 body={"strategy":"-android uiautomator","selector":"new UiSelector().descriptionMatches(\"(?is).*\\QLandm...
14:09:20.625985 POST /session/e81b9c42-6e15-47a9-88fd-afe42e5cfe7b/element [13.353584ms] ERR:404 body={"strategy":"-android uiautomator","selector":"new UiSelector().textContains(\"Landmark 30\")"}
14:09:20.635546 POST /session/e81b9c42-6e15-47a9-88fd-afe42e5cfe7b/element [9.512125ms] ERR:404 body={"strategy":"-android uiautomator","selector":"new UiSelector().descriptionContains(\"Landmark 30\")...
14:09:20.644989 POST /session/e81b9c42-6e15-47a9-88fd-afe42e5cfe7b/element [9.386417ms] ERR:404 body={"strategy":"-android uiautomator","selector":"new UiSelector().textMatches(\"(?is).*\\QLandmark 30\...
14:09:20.652793 POST /session/e81b9c42-6e15-47a9-88fd-afe42e5cfe7b/element [7.76025ms] ERR:404 body={"strategy":"-android uiautomator","selector":"new UiSelector().descriptionMatches(\"(?is).*\\QLandm...
14:09:20.670322 POST /session/e81b9c42-6e15-47a9-88fd-afe42e5cfe7b/element [17.457916ms] ERR:404 body={"strategy":"-android uiautomator","selector":"new UiSelector().textContains(\"Landmark 30\")"}
14:09:20.687173 POST /session/e81b9c42-6e15-47a9-88fd-afe42e5cfe7b/element [16.78975ms] ERR:404 body={"strategy":"-android uiautomator","selector":"new UiSelector().descriptionContains(\"Landmark 30\")...
14:09:20.702999 POST /session/e81b9c42-6e15-47a9-88fd-afe42e5cfe7b/element [15.762708ms] ERR:404 body={"strategy":"-android uiautomator","selector":"new UiSelector().textMatches(\"(?is).*\\QLandmark 30\...
14:09:20.723506 POST /session/e81b9c42-6e15-47a9-88fd-afe42e5cfe7b/element [20.456709ms] ERR:404 body={"strategy":"-android uiautomator","selector":"new UiSelector().descriptionMatches(\"(?is).*\\QLandm...
14:09:20.740810 POST /session/e81b9c42-6e15-47a9-88fd-afe42e5cfe7b/element [17.240875ms] ERR:404 body={"strategy":"-android uiautomator","selector":"new UiSelector().textContains(\"Landmark 30\")"}
14:09:20.757623 POST /session/e81b9c42-6e15-47a9-88fd-afe42e5cfe7b/element [16.720917ms] ERR:404 body={"strategy":"-android uiautomator","selector":"new UiSelector().descriptionContains(\"Landmark 30\")...
14:09:20.774041 POST /session/e81b9c42-6e15-47a9-88fd-afe42e5cfe7b/element [16.308334ms] ERR:404 body={"strategy":"-android uiautomator","selector":"new UiSelector().textMatches(\"(?is).*\\QLandmark 30\...
14:09:20.781974 POST /session/e81b9c42-6e15-47a9-88fd-afe42e5cfe7b/element [7.856375ms] ERR:404 body={"strategy":"-android uiautomator","selector":"new UiSelector().descriptionMatches(\"(?is).*\\QLandm...
14:09:20.790820 POST /session/e81b9c42-6e15-47a9-88fd-afe42e5cfe7b/element [8.765042ms] ERR:404 body={"strategy":"-android uiautomator","selector":"new UiSelector().textContains(\"Landmark 30\")"}
14:09:20.797649 POST /session/e81b9c42-6e15-47a9-88fd-afe42e5cfe7b/element [6.777583ms] ERR:404 body={"strategy":"-android uiautomator","selector":"new UiSelector().descriptionContains(\"Landmark 30\")...
14:09:20.811699 POST /session/e81b9c42-6e15-47a9-88fd-afe42e5cfe7b/element [14.008083ms] ERR:404 body={"strategy":"-android uiautomator","selector":"new UiSelector().textMatches(\"(?is).*\\QLandmark 30\...
14:09:20.818501 POST /session/e81b9c42-6e15-47a9-88fd-afe42e5cfe7b/element [6.7515ms] ERR:404 body={"strategy":"-android uiautomator","selector":"new UiSelector().descriptionMatches(\"(?is).*\\QLandm...
14:09:20.835543 POST /session/e81b9c42-6e15-47a9-88fd-afe42e5cfe7b/element [16.965375ms] ERR:404 body={"strategy":"-android uiautomator","selector":"new UiSelector().textContains(\"Landmark 30\")"}
14:09:20.843475 POST /session/e81b9c42-6e15-47a9-88fd-afe42e5cfe7b/element [7.824875ms] ERR:404 body={"strategy":"-android uiautomator","selector":"new UiSelector().descriptionContains(\"Landmark 30\")...
14:09:20.856306 POST /session/e81b9c42-6e15-47a9-88fd-afe42e5cfe7b/element [12.751083ms] ERR:404 body={"strategy":"-android uiautomator","selector":"new UiSelector().textMatches(\"(?is).*\\QLandmark 30\...
14:09:20.863754 POST /session/e81b9c42-6e15-47a9-88fd-afe42e5cfe7b/element [7.393458ms] ERR:404 body={"strategy":"-android uiautomator","selector":"new UiSelector().descriptionMatches(\"(?is).*\\QLandm...
14:09:20.870406 POST /session/e81b9c42-6e15-47a9-88fd-afe42e5cfe7b/element [6.609042ms] ERR:404 body={"strategy":"-android uiautomator","selector":"new UiSelector().textContains(\"Landmark 30\")"}
14:09:20.878223 POST /session/e81b9c42-6e15-47a9-88fd-afe42e5cfe7b/element [7.759708ms] ERR:404 body={"strategy":"-android uiautomator","selector":"new UiSelector().descriptionContains(\"Landmark 30\")...
14:09:20.885321 POST /session/e81b9c42-6e15-47a9-88fd-afe42e5cfe7b/element [7.05275ms] ERR:404 body={"strategy":"-android uiautomator","selector":"new UiSelector().textMatches(\"(?is).*\\QLandmark 30\...
14:09:20.894653 POST /session/e81b9c42-6e15-47a9-88fd-afe42e5cfe7b/element [9.212875ms] ERR:404 body={"strategy":"-android uiautomator","selector":"new UiSelector().descriptionMatches(\"(?is).*\\QLandm...
14:09:20.911753 POST /session/e81b9c42-6e15-47a9-88fd-afe42e5cfe7b/element [17.011208ms] ERR:404 body={"strategy":"-android uiautomator","selector":"new UiSelector().textContains(\"Landmark 30\")"}
14:09:20.923934 POST /session/e81b9c42-6e15-47a9-88fd-afe42e5cfe7b/element [12.100375ms] ERR:404 body={"strategy":"-android uiautomator","selector":"new UiSelector().descriptionContains(\"Landmark 30\")...
14:09:20.930457 POST /session/e81b9c42-6e15-47a9-88fd-afe42e5cfe7b/element [6.440458ms] ERR:404 body={"strategy":"-android uiautomator","selector":"new UiSelector().textMatches(\"(?is).*\\QLandmark 30\...
14:09:20.947042 POST /session/e81b9c42-6e15-47a9-88fd-afe42e5cfe7b/element [16.524667ms] ERR:404 body={"strategy":"-android uiautomator","selector":"new UiSelector().descriptionMatches(\"(?is).*\\QLandm...
14:09:20.960760 POST /session/e81b9c42-6e15-47a9-88fd-afe42e5cfe7b/element [13.659292ms] ERR:404 body={"strategy":"-android uiautomator","selector":"new UiSelector().textContains(\"Landmark 30\")"}
14:09:20.967249 POST /session/e81b9c42-6e15-47a9-88fd-afe42e5cfe7b/element [6.443875ms] ERR:404 body={"strategy":"-android uiautomator","selector":"new UiSelector().descriptionContains(\"Landmark 30\")...
14:09:20.981870 POST /session/e81b9c42-6e15-47a9-88fd-afe42e5cfe7b/element [14.546584ms] ERR:404 body={"strategy":"-android uiautomator","selector":"new UiSelector().textMatches(\"(?is).*\\QLandmark 30\...
14:09:20.998779 POST /session/e81b9c42-6e15-47a9-88fd-afe42e5cfe7b/element [16.843ms] ERR:404 body={"strategy":"-android uiautomator","selector":"new UiSelector().descriptionMatches(\"(?is).*\\QLandm...
14:09:21.030662 GET /session/e81b9c42-6e15-47a9-88fd-afe42e5cfe7b/source [31.469042ms] OK body=
14:09:21.039745 POST /session/e81b9c42-6e15-47a9-88fd-afe42e5cfe7b/element [8.047459ms] ERR:404 body={"strategy":"-android uiautomator","selector":"new UiSelector().textContains(\"Landmark 30\")"}
14:09:21.055779 POST /session/e81b9c42-6e15-47a9-88fd-afe42e5cfe7b/element [15.943625ms] ERR:404 body={"strategy":"-android uiautomator","selector":"new UiSelector().descriptionContains(\"Landmark 30\")...
14:09:21.069024 POST /session/e81b9c42-6e15-47a9-88fd-afe42e5cfe7b/element [13.148334ms] ERR:404 body={"strategy":"-android uiautomator","selector":"new UiSelector().textMatches(\"(?is).*\\QLandmark 30\...
14:09:21.074781 POST /session/e81b9c42-6e15-47a9-88fd-afe42e5cfe7b/element [5.690875ms] ERR:404 body={"strategy":"-android uiautomator","selector":"new UiSelector().descriptionMatches(\"(?is).*\\QLandm...
14:09:21.081720 POST /session/e81b9c42-6e15-47a9-88fd-afe42e5cfe7b/element [6.895459ms] ERR:404 body={"strategy":"-android uiautomator","selector":"new UiSelector().textContains(\"Landmark 30\")"}
14:09:21.087966 POST /session/e81b9c42-6e15-47a9-88fd-afe42e5cfe7b/element [6.191625ms] ERR:404 body={"strategy":"-android uiautomator","selector":"new UiSelector().descriptionContains(\"Landmark 30\")...
14:09:21.094051 POST /session/e81b9c42-6e15-47a9-88fd-afe42e5cfe7b/element [6.03825ms] ERR:404 body={"strategy":"-android uiautomator","selector":"new UiSelector().textMatches(\"(?is).*\\QLandmark 30\...
14:09:21.100077 POST /session/e81b9c42-6e15-47a9-88fd-afe42e5cfe7b/element [5.984208ms] ERR:404 body={"strategy":"-android uiautomator","selector":"new UiSelector().descriptionMatches(\"(?is).*\\QLandm...
14:09:21.106311 POST /session/e81b9c42-6e15-47a9-88fd-afe42e5cfe7b/element [6.181167ms] ERR:404 body={"strategy":"-android uiautomator","selector":"new UiSelector().textContains(\"Landmark 30\")"}
14:09:21.113814 POST /session/e81b9c42-6e15-47a9-88fd-afe42e5cfe7b/element [7.463834ms] ERR:404 body={"strategy":"-android uiautomator","selector":"new UiSelector().descriptionContains(\"Landmark 30\")...
14:09:21.129013 POST /session/e81b9c42-6e15-47a9-88fd-afe42e5cfe7b/element [15.120042ms] ERR:404 body={"strategy":"-android uiautomator","selector":"new UiSelector().textMatches(\"(?is).*\\QLandmark 30\...
14:09:21.148556 POST /session/e81b9c42-6e15-47a9-88fd-afe42e5cfe7b/element [19.460292ms] ERR:404 body={"strategy":"-android uiautomator","selector":"new UiSelector().descriptionMatches(\"(?is).*\\QLandm...
14:09:21.155436 POST /session/e81b9c42-6e15-47a9-88fd-afe42e5cfe7b/element [6.787917ms] ERR:404 body={"strategy":"-android uiautomator","selector":"new UiSelector().textContains(\"Landmark 30\")"}
14:09:21.161081 POST /session/e81b9c42-6e15-47a9-88fd-afe42e5cfe7b/element [5.566959ms] ERR:404 body={"strategy":"-android uiautomator","selector":"new UiSelector().descriptionContains(\"Landmark 30\")...
14:09:21.167977 POST /session/e81b9c42-6e15-47a9-88fd-afe42e5cfe7b/element [6.855583ms] ERR:404 body={"strategy":"-android uiautomator","selector":"new UiSelector().textMatches(\"(?is).*\\QLandmark 30\...
14:09:21.173784 POST /session/e81b9c42-6e15-47a9-88fd-afe42e5cfe7b/element [5.770334ms] ERR:404 body={"strategy":"-android uiautomator","selector":"new UiSelector().descriptionMatches(\"(?is).*\\QLandm...
14:09:21.179701 POST /session/e81b9c42-6e15-47a9-88fd-afe42e5cfe7b/element [5.879708ms] ERR:404 body={"strategy":"-android uiautomator","selector":"new UiSelector().textContains(\"Landmark 30\")"}
14:09:21.184660 POST /session/e81b9c42-6e15-47a9-88fd-afe42e5cfe7b/element [4.915708ms] ERR:404 body={"strategy":"-android uiautomator","selector":"new UiSelector().descriptionContains(\"Landmark 30\")...
14:09:21.197854 POST /session/e81b9c42-6e15-47a9-88fd-afe42e5cfe7b/element [13.125833ms] ERR:404 body={"strategy":"-android uiautomator","selector":"new UiSelector().textMatches(\"(?is).*\\QLandmark 30\...
14:09:21.211987 POST /session/e81b9c42-6e15-47a9-88fd-afe42e5cfe7b/element [14.054ms] ERR:404 body={"strategy":"-android uiautomator","selector":"new UiSelector().descriptionMatches(\"(?is).*\\QLandm...
14:09:21.221018 POST /session/e81b9c42-6e15-47a9-88fd-afe42e5cfe7b/element [8.932125ms] ERR:404 body={"strategy":"-android uiautomator","selector":"new UiSelector().textContains(\"Landmark 30\")"}
14:09:21.227987 POST /session/e81b9c42-6e15-47a9-88fd-afe42e5cfe7b/element [6.894125ms] ERR:404 body={"strategy":"-android uiautomator","selector":"new UiSelector().descriptionContains(\"Landmark 30\")...
14:09:21.233935 POST /session/e81b9c42-6e15-47a9-88fd-afe42e5cfe7b/element [5.910792ms] ERR:404 body={"strategy":"-android uiautomator","selector":"new UiSelector().textMatches(\"(?is).*\\QLandmark 30\...
14:09:21.240920 POST /session/e81b9c42-6e15-47a9-88fd-afe42e5cfe7b/element [6.943208ms] ERR:404 body={"strategy":"-android uiautomator","selector":"new UiSelector().descriptionMatches(\"(?is).*\\QLandm...
14:09:21.248552 POST /session/e81b9c42-6e15-47a9-88fd-afe42e5cfe7b/element [7.5795ms] ERR:404 body={"strategy":"-android uiautomator","selector":"new UiSelector().textContains(\"Landmark 30\")"}
14:09:21.254819 POST /session/e81b9c42-6e15-47a9-88fd-afe42e5cfe7b/element [6.219625ms] ERR:404 body={"strategy":"-android uiautomator","selector":"new UiSelector().descriptionContains(\"Landmark 30\")...
14:09:21.260937 POST /session/e81b9c42-6e15-47a9-88fd-afe42e5cfe7b/element [6.057333ms] ERR:404 body={"strategy":"-android uiautomator","selector":"new UiSelector().textMatches(\"(?is).*\\QLandmark 30\...
14:09:21.271952 POST /session/e81b9c42-6e15-47a9-88fd-afe42e5cfe7b/element [10.936583ms] ERR:404 body={"strategy":"-android uiautomator","selector":"new UiSelector().descriptionMatches(\"(?is).*\\QLandm...
14:09:21.284163 POST /session/e81b9c42-6e15-47a9-88fd-afe42e5cfe7b/element [12.129416ms] ERR:404 body={"strategy":"-android uiautomator","selector":"new UiSelector().textContains(\"Landmark 30\")"}
14:09:21.292156 POST /session/e81b9c42-6e15-47a9-88fd-afe42e5cfe7b/element [7.917375ms] ERR:404 body={"strategy":"-android uiautomator","selector":"new UiSelector().descriptionContains(\"Landmark 30\")...
14:09:21.309833 POST /session/e81b9c42-6e15-47a9-88fd-afe42e5cfe7b/element [17.621916ms] ERR:404 body={"strategy":"-android uiautomator","selector":"new UiSelector().textMatches(\"(?is).*\\QLandmark 30\...
14:09:21.316145 POST /session/e81b9c42-6e15-47a9-88fd-afe42e5cfe7b/element [6.247583ms] ERR:404 body={"strategy":"-android uiautomator","selector":"new UiSelector().descriptionMatches(\"(?is).*\\QLandm...
14:09:21.322206 POST /session/e81b9c42-6e15-47a9-88fd-afe42e5cfe7b/element [6.024125ms] ERR:404 body={"strategy":"-android uiautomator","selector":"new UiSelector().textContains(\"Landmark 30\")"}
14:09:21.332698 POST /session/e81b9c42-6e15-47a9-88fd-afe42e5cfe7b/element [10.431417ms] ERR:404 body={"strategy":"-android uiautomator","selector":"new UiSelector().descriptionContains(\"Landmark 30\")...
14:09:21.346963 POST /session/e81b9c42-6e15-47a9-88fd-afe42e5cfe7b/element [14.193375ms] ERR:404 body={"strategy":"-android uiautomator","selector":"new UiSelector().textMatches(\"(?is).*\\QLandmark 30\...
14:09:21.363039 POST /session/e81b9c42-6e15-47a9-88fd-afe42e5cfe7b/element [15.995208ms] ERR:404 body={"strategy":"-android uiautomator","selector":"new UiSelector().descriptionMatches(\"(?is).*\\QLandm...
14:09:21.388331 POST /session/e81b9c42-6e15-47a9-88fd-afe42e5cfe7b/element [25.209125ms] ERR:404 body={"strategy":"-android uiautomator","selector":"new UiSelector().textContains(\"Landmark 30\")"}
14:09:21.394989 POST /session/e81b9c42-6e15-47a9-88fd-afe42e5cfe7b/element [6.587917ms] ERR:404 body={"strategy":"-android uiautomator","selector":"new UiSelector().descriptionContains(\"Landmark 30\")...
14:09:21.400697 POST /session/e81b9c42-6e15-47a9-88fd-afe42e5cfe7b/element [5.658083ms] ERR:404 body={"strategy":"-android uiautomator","selector":"new UiSelector().textMatches(\"(?is).*\\QLandmark 30\...
14:09:21.407626 POST /session/e81b9c42-6e15-47a9-88fd-afe42e5cfe7b/element [6.876875ms] ERR:404 body={"strategy":"-android uiautomator","selector":"new UiSelector().descriptionMatches(\"(?is).*\\QLandm...
14:09:21.420876 POST /session/e81b9c42-6e15-47a9-88fd-afe42e5cfe7b/element [13.1805ms] ERR:404 body={"strategy":"-android uiautomator","selector":"new UiSelector().textContains(\"Landmark 30\")"}
14:09:21.432126 POST /session/e81b9c42-6e15-47a9-88fd-afe42e5cfe7b/element [11.158333ms] ERR:404 body={"strategy":"-android uiautomator","selector":"new UiSelector().descriptionContains(\"Landmark 30\")...
14:09:21.438915 POST /session/e81b9c42-6e15-47a9-88fd-afe42e5cfe7b/element [6.706292ms] ERR:404 body={"strategy":"-android uiautomator","selector":"new UiSelector().textMatches(\"(?is).*\\QLandmark 30\...
14:09:21.445692 POST /session/e81b9c42-6e15-47a9-88fd-afe42e5cfe7b/element [6.722ms] ERR:404 body={"strategy":"-android uiautomator","selector":"new UiSelector().descriptionMatches(\"(?is).*\\QLandm...
14:09:21.452037 POST /session/e81b9c42-6e15-47a9-88fd-afe42e5cfe7b/element [6.120333ms] ERR:404 body={"strategy":"-android uiautomator","selector":"new UiSelector().textContains(\"Landmark 30\")"}
14:09:21.459335 POST /session/e81b9c42-6e15-47a9-88fd-afe42e5cfe7b/element [7.24225ms] ERR:404 body={"strategy":"-android uiautomator","selector":"new UiSelector().descriptionContains(\"Landmark 30\")...
14:09:21.467964 POST /session/e81b9c42-6e15-47a9-88fd-afe42e5cfe7b/element [8.578583ms] ERR:404 body={"strategy":"-android uiautomator","selector":"new UiSelector().textMatches(\"(?is).*\\QLandmark 30\...
14:09:21.474582 POST /session/e81b9c42-6e15-47a9-88fd-afe42e5cfe7b/element [6.566667ms] ERR:404 body={"strategy":"-android uiautomator","selector":"new UiSelector().descriptionMatches(\"(?is).*\\QLandm...
14:09:21.479923 POST /session/e81b9c42-6e15-47a9-88fd-afe42e5cfe7b/element [5.292667ms] ERR:404 body={"strategy":"-android uiautomator","selector":"new UiSelector().textContains(\"Landmark 30\")"}
14:09:21.485291 POST /session/e81b9c42-6e15-47a9-88fd-afe42e5cfe7b/element [5.334375ms] ERR:404 body={"strategy":"-android uiautomator","selector":"new UiSelector().descriptionContains(\"Landmark 30\")...
14:09:21.498267 POST /session/e81b9c42-6e15-47a9-88fd-afe42e5cfe7b/element [12.902417ms] ERR:404 body={"strategy":"-android uiautomator","selector":"new UiSelector().textMatches(\"(?is).*\\QLandmark 30\...
14:09:21.516740 POST /session/e81b9c42-6e15-47a9-88fd-afe42e5cfe7b/element [18.397834ms] ERR:404 body={"strategy":"-android uiautomator","selector":"new UiSelector().descriptionMatches(\"(?is).*\\QLandm...
14:09:21.530962 POST /session/e81b9c42-6e15-47a9-88fd-afe42e5cfe7b/element [14.161459ms] ERR:404 body={"strategy":"-android uiautomator","selector":"new UiSelector().textContains(\"Landmark 30\")"}
14:09:21.536668 POST /session/e81b9c42-6e15-47a9-88fd-afe42e5cfe7b/element [5.663667ms] ERR:404 body={"strategy":"-android uiautomator","selector":"new UiSelector().descriptionContains(\"Landmark 30\")...
14:09:21.542194 POST /session/e81b9c42-6e15-47a9-88fd-afe42e5cfe7b/element [5.47ms] ERR:404 body={"strategy":"-android uiautomator","selector":"new UiSelector().textMatches(\"(?is).*\\QLandmark 30\...
14:09:21.549970 POST /session/e81b9c42-6e15-47a9-88fd-afe42e5cfe7b/element [7.730458ms] ERR:404 body={"strategy":"-android uiautomator","selector":"new UiSelector().descriptionMatches(\"(?is).*\\QLandm...
14:09:21.558880 POST /session/e81b9c42-6e15-47a9-88fd-afe42e5cfe7b/element [8.860667ms] ERR:404 body={"strategy":"-android uiautomator","selector":"new UiSelector().textContains(\"Landmark 30\")"}
14:09:21.565958 POST /session/e81b9c42-6e15-47a9-88fd-afe42e5cfe7b/element [7.027291ms] ERR:404 body={"strategy":"-android uiautomator","selector":"new UiSelector().descriptionContains(\"Landmark 30\")...
14:09:21.579396 POST /session/e81b9c42-6e15-47a9-88fd-afe42e5cfe7b/element [13.360083ms] ERR:404 body={"strategy":"-android uiautomator","selector":"new UiSelector().textMatches(\"(?is).*\\QLandmark 30\...
14:09:21.595231 POST /session/e81b9c42-6e15-47a9-88fd-afe42e5cfe7b/element [15.743583ms] ERR:404 body={"strategy":"-android uiautomator","selector":"new UiSelector().descriptionMatches(\"(?is).*\\QLandm...
14:09:21.626928 POST /session/e81b9c42-6e15-47a9-88fd-afe42e5cfe7b/element [31.616459ms] ERR:404 body={"strategy":"-android uiautomator","selector":"new UiSelector().textContains(\"Landmark 30\")"}
14:09:21.644428 POST /session/e81b9c42-6e15-47a9-88fd-afe42e5cfe7b/element [17.4385ms] ERR:404 body={"strategy":"-android uiautomator","selector":"new UiSelector().descriptionContains(\"Landmark 30\")...
14:09:21.662989 POST /session/e81b9c42-6e15-47a9-88fd-afe42e5cfe7b/element [18.478041ms] ERR:404 body={"strategy":"-android uiautomator","selector":"new UiSelector().textMatches(\"(?is).*\\QLandmark 30\...
14:09:21.680292 POST /session/e81b9c42-6e15-47a9-88fd-afe42e5cfe7b/element [17.214416ms] ERR:404 body={"strategy":"-android uiautomator","selector":"new UiSelector().descriptionMatches(\"(?is).*\\QLandm...
14:09:21.703375 POST /session/e81b9c42-6e15-47a9-88fd-afe42e5cfe7b/element [22.996083ms] ERR:404 body={"strategy":"-android uiautomator","selector":"new UiSelector().textContains(\"Landmark 30\")"}
14:09:21.717860 POST /session/e81b9c42-6e15-47a9-88fd-afe42e5cfe7b/element [14.423875ms] ERR:404 body={"strategy":"-android uiautomator","selector":"new UiSelector().descriptionContains(\"Landmark 30\")...
14:09:21.727211 POST /session/e81b9c42-6e15-47a9-88fd-afe42e5cfe7b/element [9.299917ms] ERR:404 body={"strategy":"-android uiautomator","selector":"new UiSelector().textMatches(\"(?is).*\\QLandmark 30\...
14:09:21.736177 POST /session/e81b9c42-6e15-47a9-88fd-afe42e5cfe7b/element [8.906959ms] ERR:404 body={"strategy":"-android uiautomator","selector":"new UiSelector().descriptionMatches(\"(?is).*\\QLandm...
14:09:21.744119 POST /session/e81b9c42-6e15-47a9-88fd-afe42e5cfe7b/element [7.877291ms] ERR:404 body={"strategy":"-android uiautomator","selector":"new UiSelector().textContains(\"Landmark 30\")"}
14:09:21.753346 POST /session/e81b9c42-6e15-47a9-88fd-afe42e5cfe7b/element [9.136875ms] ERR:404 body={"strategy":"-android uiautomator","selector":"new UiSelector().descriptionContains(\"Landmark 30\")...
14:09:21.763786 POST /session/e81b9c42-6e15-47a9-88fd-afe42e5cfe7b/element [10.349292ms] ERR:404 body={"strategy":"-android uiautomator","selector":"new UiSelector().textMatches(\"(?is).*\\QLandmark 30\...
14:09:21.779689 POST /session/e81b9c42-6e15-47a9-88fd-afe42e5cfe7b/element [15.833833ms] ERR:404 body={"strategy":"-android uiautomator","selector":"new UiSelector().descriptionMatches(\"(?is).*\\QLandm...
14:09:21.803480 POST /session/e81b9c42-6e15-47a9-88fd-afe42e5cfe7b/element [23.710042ms] ERR:404 body={"strategy":"-android uiautomator","selector":"new UiSelector().textContains(\"Landmark 30\")"}
14:09:21.811970 POST /session/e81b9c42-6e15-47a9-88fd-afe42e5cfe7b/element [8.423ms] ERR:404 body={"strategy":"-android uiautomator","selector":"new UiSelector().descriptionContains(\"Landmark 30\")...
14:09:21.822933 POST /session/e81b9c42-6e15-47a9-88fd-afe42e5cfe7b/element [10.892541ms] ERR:404 body={"strategy":"-android uiautomator","selector":"new UiSelector().textMatches(\"(?is).*\\QLandmark 30\...
14:09:21.856327 POST /session/e81b9c42-6e15-47a9-88fd-afe42e5cfe7b/element [33.288875ms] ERR:404 body={"strategy":"-android uiautomator","selector":"new UiSelector().descriptionMatches(\"(?is).*\\QLandm...
14:09:21.875276 POST /session/e81b9c42-6e15-47a9-88fd-afe42e5cfe7b/element [18.851667ms] ERR:404 body={"strategy":"-android uiautomator","selector":"new UiSelector().textContains(\"Landmark 30\")"}
14:09:21.883569 POST /session/e81b9c42-6e15-47a9-88fd-afe42e5cfe7b/element [8.201416ms] ERR:404 body={"strategy":"-android uiautomator","selector":"new UiSelector().descriptionContains(\"Landmark 30\")...
14:09:21.890144 POST /session/e81b9c42-6e15-47a9-88fd-afe42e5cfe7b/element [6.508459ms] ERR:404 body={"strategy":"-android uiautomator","selector":"new UiSelector().textMatches(\"(?is).*\\QLandmark 30\...
14:09:21.903651 POST /session/e81b9c42-6e15-47a9-88fd-afe42e5cfe7b/element [13.444708ms] ERR:404 body={"strategy":"-android uiautomator","selector":"new UiSelector().descriptionMatches(\"(?is).*\\QLandm...
14:09:21.918640 POST /session/e81b9c42-6e15-47a9-88fd-afe42e5cfe7b/element [14.915875ms] ERR:404 body={"strategy":"-android uiautomator","selector":"new UiSelector().textContains(\"Landmark 30\")"}
14:09:21.928716 POST /session/e81b9c42-6e15-47a9-88fd-afe42e5cfe7b/element [10.003583ms] ERR:404 body={"strategy":"-android uiautomator","selector":"new UiSelector().descriptionContains(\"Landmark 30\")...
14:09:21.942660 POST /session/e81b9c42-6e15-47a9-88fd-afe42e5cfe7b/element [13.857ms] ERR:404 body={"strategy":"-android uiautomator","selector":"new UiSelector().textMatches(\"(?is).*\\QLandmark 30\...
14:09:21.957778 POST /session/e81b9c42-6e15-47a9-88fd-afe42e5cfe7b/element [15.0175ms] ERR:404 body={"strategy":"-android uiautomator","selector":"new UiSelector().descriptionMatches(\"(?is).*\\QLandm...
14:09:21.967512 POST /session/e81b9c42-6e15-47a9-88fd-afe42e5cfe7b/element [9.657083ms] ERR:404 body={"strategy":"-android uiautomator","selector":"new UiSelector().textContains(\"Landmark 30\")"}
14:09:21.983153 POST /session/e81b9c42-6e15-47a9-88fd-afe42e5cfe7b/element [15.5685ms] ERR:404 body={"strategy":"-android uiautomator","selector":"new UiSelector().descriptionContains(\"Landmark 30\")...
14:09:22.001346 POST /session/e81b9c42-6e15-47a9-88fd-afe42e5cfe7b/element [18.132875ms] ERR:404 body={"strategy":"-android uiautomator","selector":"new UiSelector().textMatches(\"(?is).*\\QLandmark 30\...
14:09:22.012231 POST /session/e81b9c42-6e15-47a9-88fd-afe42e5cfe7b/element [10.815959ms] ERR:404 body={"strategy":"-android uiautomator","selector":"new UiSelector().descriptionMatches(\"(?is).*\\QLandm...
14:09:22.019466 POST /session/e81b9c42-6e15-47a9-88fd-afe42e5cfe7b/element [7.176833ms] ERR:404 body={"strategy":"-android uiautomator","selector":"new UiSelector().textContains(\"Landmark 30\")"}
14:09:22.038216 POST /session/e81b9c42-6e15-47a9-88fd-afe42e5cfe7b/element [18.674625ms] ERR:404 body={"strategy":"-android uiautomator","selector":"new UiSelector().descriptionContains(\"Landmark 30\")...
14:09:22.059639 POST /session/e81b9c42-6e15-47a9-88fd-afe42e5cfe7b/element [21.327667ms] ERR:404 body={"strategy":"-android uiautomator","selector":"new UiSelector().textMatches(\"(?is).*\\QLandmark 30\...
14:09:22.073552 POST /session/e81b9c42-6e15-47a9-88fd-afe42e5cfe7b/element [13.837166ms] ERR:404 body={"strategy":"-android uiautomator","selector":"new UiSelector().descriptionMatches(\"(?is).*\\QLandm...
14:09:22.116954 GET /session/e81b9c42-6e15-47a9-88fd-afe42e5cfe7b/source [42.512167ms] OK body=
14:09:22.131721 POST /session/e81b9c42-6e15-47a9-88fd-afe42e5cfe7b/element [13.821ms] ERR:404 body={"strategy":"-android uiautomator","selector":"new UiSelector().textContains(\"Landmark 30\")"}
14:09:22.140258 POST /session/e81b9c42-6e15-47a9-88fd-afe42e5cfe7b/element [8.455167ms] ERR:404 body={"strategy":"-android uiautomator","selector":"new UiSelector().descriptionContains(\"Landmark 30\")...
14:09:22.168060 POST /session/e81b9c42-6e15-47a9-88fd-afe42e5cfe7b/element [27.743583ms] ERR:404 body={"strategy":"-android uiautomator","selector":"new UiSelector().textMatches(\"(?is).*\\QLandmark 30\...
14:09:22.184728 POST /session/e81b9c42-6e15-47a9-88fd-afe42e5cfe7b/element [16.603792ms] ERR:404 body={"strategy":"-android uiautomator","selector":"new UiSelector().descriptionMatches(\"(?is).*\\QLandm...
14:09:22.190339 POST /session/e81b9c42-6e15-47a9-88fd-afe42e5cfe7b/element [5.546542ms] ERR:404 body={"strategy":"-android uiautomator","selector":"new UiSelector().textContains(\"Landmark 30\")"}
14:09:22.199194 POST /session/e81b9c42-6e15-47a9-88fd-afe42e5cfe7b/element [8.808417ms] ERR:404 body={"strategy":"-android uiautomator","selector":"new UiSelector().descriptionContains(\"Landmark 30\")...
14:09:22.218746 POST /session/e81b9c42-6e15-47a9-88fd-afe42e5cfe7b/element [19.44725ms] ERR:404 body={"strategy":"-android uiautomator","selector":"new UiSelector().textMatches(\"(?is).*\\QLandmark 30\...
14:09:22.226232 POST /session/e81b9c42-6e15-47a9-88fd-afe42e5cfe7b/element [7.397209ms] ERR:404 body={"strategy":"-android uiautomator","selector":"new UiSelector().descriptionMatches(\"(?is).*\\QLandm...
14:09:22.231742 POST /session/e81b9c42-6e15-47a9-88fd-afe42e5cfe7b/element [5.422ms] ERR:404 body={"strategy":"-android uiautomator","selector":"new UiSelector().textContains(\"Landmark 30\")"}
14:09:22.260570 POST /session/e81b9c42-6e15-47a9-88fd-afe42e5cfe7b/element [28.753084ms] ERR:404 body={"strategy":"-android uiautomator","selector":"new UiSelector().descriptionContains(\"Landmark 30\")...
14:09:22.275780 POST /session/e81b9c42-6e15-47a9-88fd-afe42e5cfe7b/element [15.142625ms] ERR:404 body={"strategy":"-android uiautomator","selector":"new UiSelector().textMatches(\"(?is).*\\QLandmark 30\...
14:09:22.281831 POST /session/e81b9c42-6e15-47a9-88fd-afe42e5cfe7b/element [5.9895ms] ERR:404 body={"strategy":"-android uiautomator","selector":"new UiSelector().descriptionMatches(\"(?is).*\\QLandm...
14:09:22.297483 POST /session/e81b9c42-6e15-47a9-88fd-afe42e5cfe7b/element [15.5555ms] ERR:404 body={"strategy":"-android uiautomator","selector":"new UiSelector().textContains(\"Landmark 30\")"}
14:09:22.315337 POST /session/e81b9c42-6e15-47a9-88fd-afe42e5cfe7b/element [17.746667ms] ERR:404 body={"strategy":"-android uiautomator","selector":"new UiSelector().descriptionContains(\"Landmark 30\")...
14:09:22.322828 POST /session/e81b9c42-6e15-47a9-88fd-afe42e5cfe7b/element [7.407375ms] ERR:404 body={"strategy":"-android uiautomator","selector":"new UiSelector().textMatches(\"(?is).*\\QLandmark 30\...
14:09:22.334511 POST /session/e81b9c42-6e15-47a9-88fd-afe42e5cfe7b/element [11.624375ms] ERR:404 body={"strategy":"-android uiautomator","selector":"new UiSelector().descriptionMatches(\"(?is).*\\QLandm...
14:09:22.346993 POST /session/e81b9c42-6e15-47a9-88fd-afe42e5cfe7b/element [12.428417ms] ERR:404 body={"strategy":"-android uiautomator","selector":"new UiSelector().textContains(\"Landmark 30\")"}
14:09:22.361640 POST /session/e81b9c42-6e15-47a9-88fd-afe42e5cfe7b/element [14.590417ms] ERR:404 body={"strategy":"-android uiautomator","selector":"new UiSelector().descriptionContains(\"Landmark 30\")...
14:09:22.384234 POST /session/e81b9c42-6e15-47a9-88fd-afe42e5cfe7b/element [22.485333ms] ERR:404 body={"strategy":"-android uiautomator","selector":"new UiSelector().textMatches(\"(?is).*\\QLandmark 30\...
14:09:22.410394 POST /session/e81b9c42-6e15-47a9-88fd-afe42e5cfe7b/element [26.086916ms] ERR:404 body={"strategy":"-android uiautomator","selector":"new UiSelector().descriptionMatches(\"(?is).*\\QLandm...
14:09:22.423281 POST /session/e81b9c42-6e15-47a9-88fd-afe42e5cfe7b/element [12.808791ms] ERR:404 body={"strategy":"-android uiautomator","selector":"new UiSelector().textContains(\"Landmark 30\")"}
14:09:22.431656 POST /session/e81b9c42-6e15-47a9-88fd-afe42e5cfe7b/element [8.319875ms] ERR:404 body={"strategy":"-android uiautomator","selector":"new UiSelector().descriptionContains(\"Landmark 30\")...
14:09:22.448009 POST /session/e81b9c42-6e15-47a9-88fd-afe42e5cfe7b/element [16.287167ms] ERR:404 body={"strategy":"-android uiautomator","selector":"new UiSelector().textMatches(\"(?is).*\\QLandmark 30\...
14:09:22.462289 POST /session/e81b9c42-6e15-47a9-88fd-afe42e5cfe7b/element [14.202334ms] ERR:404 body={"strategy":"-android uiautomator","selector":"new UiSelector().descriptionMatches(\"(?is).*\\QLandm...
14:09:22.477424 POST /session/e81b9c42-6e15-47a9-88fd-afe42e5cfe7b/element [15.063ms] ERR:404 body={"strategy":"-android uiautomator","selector":"new UiSelector().textContains(\"Landmark 30\")"}
14:09:22.483902 POST /session/e81b9c42-6e15-47a9-88fd-afe42e5cfe7b/element [6.398792ms] ERR:404 body={"strategy":"-android uiautomator","selector":"new UiSelector().descriptionContains(\"Landmark 30\")...
14:09:22.496526 POST /session/e81b9c42-6e15-47a9-88fd-afe42e5cfe7b/element [12.560458ms] ERR:404 body={"strategy":"-android uiautomator","selector":"new UiSelector().textMatches(\"(?is).*\\QLandmark 30\...
14:09:22.514038 POST /session/e81b9c42-6e15-47a9-88fd-afe42e5cfe7b/element [17.4525ms] ERR:404 body={"strategy":"-android uiautomator","selector":"new UiSelector().descriptionMatches(\"(?is).*\\QLandm...
14:09:22.520361 POST /session/e81b9c42-6e15-47a9-88fd-afe42e5cfe7b/element [6.269542ms] ERR:404 body={"strategy":"-android uiautomator","selector":"new UiSelector().textContains(\"Landmark 30\")"}
14:09:22.536194 POST /session/e81b9c42-6e15-47a9-88fd-afe42e5cfe7b/element [15.773625ms] ERR:404 body={"strategy":"-android uiautomator","selector":"new UiSelector().descriptionContains(\"Landmark 30\")...
14:09:22.550443 POST /session/e81b9c42-6e15-47a9-88fd-afe42e5cfe7b/element [14.162875ms] ERR:404 body={"strategy":"-android uiautomator","selector":"new UiSelector().textMatches(\"(?is).*\\QLandmark 30\...
14:09:22.563039 POST /session/e81b9c42-6e15-47a9-88fd-afe42e5cfe7b/element [12.516083ms] ERR:404 body={"strategy":"-android uiautomator","selector":"new UiSelector().descriptionMatches(\"(?is).*\\QLandm...
14:09:22.572252 POST /session/e81b9c42-6e15-47a9-88fd-afe42e5cfe7b/element [9.133875ms] ERR:404 body={"strategy":"-android uiautomator","selector":"new UiSelector().textContains(\"Landmark 30\")"}
14:09:22.580758 POST /session/e81b9c42-6e15-47a9-88fd-afe42e5cfe7b/element [8.43475ms] ERR:404 body={"strategy":"-android uiautomator","selector":"new UiSelector().descriptionContains(\"Landmark 30\")...
14:09:22.587230 POST /session/e81b9c42-6e15-47a9-88fd-afe42e5cfe7b/element [6.41525ms] ERR:404 body={"strategy":"-android uiautomator","selector":"new UiSelector().textMatches(\"(?is).*\\QLandmark 30\...
14:09:22.602791 POST /session/e81b9c42-6e15-47a9-88fd-afe42e5cfe7b/element [15.496125ms] ERR:404 body={"strategy":"-android uiautomator","selector":"new UiSelector().descriptionMatches(\"(?is).*\\QLandm...
14:09:22.610085 POST /session/e81b9c42-6e15-47a9-88fd-afe42e5cfe7b/element [7.241834ms] ERR:404 body={"strategy":"-android uiautomator","selector":"new UiSelector().textContains(\"Landmark 30\")"}
14:09:22.619557 POST /session/e81b9c42-6e15-47a9-88fd-afe42e5cfe7b/element [9.350542ms] ERR:404 body={"strategy":"-android uiautomator","selector":"new UiSelector().descriptionContains(\"Landmark 30\")...
14:09:22.634115 POST /session/e81b9c42-6e15-47a9-88fd-afe42e5cfe7b/element [14.481916ms] ERR:404 body={"strategy":"-android uiautomator","selector":"new UiSelector().textMatches(\"(?is).*\\QLandmark 30\...
14:09:22.647901 POST /session/e81b9c42-6e15-47a9-88fd-afe42e5cfe7b/element [13.701667ms] ERR:404 body={"strategy":"-android uiautomator","selector":"new UiSelector().descriptionMatches(\"(?is).*\\QLandm...
14:09:22.654546 POST /session/e81b9c42-6e15-47a9-88fd-afe42e5cfe7b/element [6.577042ms] ERR:404 body={"strategy":"-android uiautomator","selector":"new UiSelector().textContains(\"Landmark 30\")"}
14:09:22.663797 POST /session/e81b9c42-6e15-47a9-88fd-afe42e5cfe7b/element [9.190208ms] ERR:404 body={"strategy":"-android uiautomator","selector":"new UiSelector().descriptionContains(\"Landmark 30\")...
14:09:22.677745 POST /session/e81b9c42-6e15-47a9-88fd-afe42e5cfe7b/element [13.881458ms] ERR:404 body={"strategy":"-android uiautomator","selector":"new UiSelector().textMatches(\"(?is).*\\QLandmark 30\...
14:09:22.696678 POST /session/e81b9c42-6e15-47a9-88fd-afe42e5cfe7b/element [18.863417ms] ERR:404 body={"strategy":"-android uiautomator","selector":"new UiSelector().descriptionMatches(\"(?is).*\\QLandm...
14:09:22.714674 POST /session/e81b9c42-6e15-47a9-88fd-afe42e5cfe7b/element [17.902542ms] ERR:404 body={"strategy":"-android uiautomator","selector":"new UiSelector().textContains(\"Landmark 30\")"}
14:09:22.728629 POST /session/e81b9c42-6e15-47a9-88fd-afe42e5cfe7b/element [13.874125ms] ERR:404 body={"strategy":"-android uiautomator","selector":"new UiSelector().descriptionContains(\"Landmark 30\")...
14:09:22.747435 POST /session/e81b9c42-6e15-47a9-88fd-afe42e5cfe7b/element [18.70375ms] ERR:404 body={"strategy":"-android uiautomator","selector":"new UiSelector().textMatches(\"(?is).*\\QLandmark 30\...
14:09:22.757819 POST /session/e81b9c42-6e15-47a9-88fd-afe42e5cfe7b/element [10.322792ms] ERR:404 body={"strategy":"-android uiautomator","selector":"new UiSelector().descriptionMatches(\"(?is).*\\QLandm...
14:09:22.774376 POST /session/e81b9c42-6e15-47a9-88fd-afe42e5cfe7b/element [14.357208ms] ERR:404 body={"strategy":"-android uiautomator","selector":"new UiSelector().textContains(\"Landmark 30\")"}
14:09:22.780888 POST /session/e81b9c42-6e15-47a9-88fd-afe42e5cfe7b/element [6.434167ms] ERR:404 body={"strategy":"-android uiautomator","selector":"new UiSelector().descriptionContains(\"Landmark 30\")...
14:09:22.801984 POST /session/e81b9c42-6e15-47a9-88fd-afe42e5cfe7b/element [21.002709ms] ERR:404 body={"strategy":"-android uiautomator","selector":"new UiSelector().textMatches(\"(?is).*\\QLandmark 30\...
14:09:22.815502 POST /session/e81b9c42-6e15-47a9-88fd-afe42e5cfe7b/element [13.427292ms] ERR:404 body={"strategy":"-android uiautomator","selector":"new UiSelector().descriptionMatches(\"(?is).*\\QLandm...
14:09:22.832573 POST /session/e81b9c42-6e15-47a9-88fd-afe42e5cfe7b/element [16.993458ms] ERR:404 body={"strategy":"-android uiautomator","selector":"new UiSelector().textContains(\"Landmark 30\")"}
14:09:22.851894 POST /session/e81b9c42-6e15-47a9-88fd-afe42e5cfe7b/element [19.256458ms] ERR:404 body={"strategy":"-android uiautomator","selector":"new UiSelector().descriptionContains(\"Landmark 30\")...
14:09:22.867451 POST /session/e81b9c42-6e15-47a9-88fd-afe42e5cfe7b/element [15.466833ms] ERR:404 body={"strategy":"-android uiautomator","selector":"new UiSelector().textMatches(\"(?is).*\\QLandmark 30\...
14:09:22.879520 POST /session/e81b9c42-6e15-47a9-88fd-afe42e5cfe7b/element [11.992417ms] ERR:404 body={"strategy":"-android uiautomator","selector":"new UiSelector().descriptionMatches(\"(?is).*\\QLandm...
14:09:22.892578 POST /session/e81b9c42-6e15-47a9-88fd-afe42e5cfe7b/element [12.980375ms] ERR:404 body={"strategy":"-android uiautomator","selector":"new UiSelector().textContains(\"Landmark 30\")"}
14:09:22.909888 POST /session/e81b9c42-6e15-47a9-88fd-afe42e5cfe7b/element [17.245041ms] ERR:404 body={"strategy":"-android uiautomator","selector":"new UiSelector().descriptionContains(\"Landmark 30\")...
14:09:22.925178 POST /session/e81b9c42-6e15-47a9-88fd-afe42e5cfe7b/element [15.230417ms] ERR:404 body={"strategy":"-android uiautomator","selector":"new UiSelector().textMatches(\"(?is).*\\QLandmark 30\...
14:09:22.944951 POST /session/e81b9c42-6e15-47a9-88fd-afe42e5cfe7b/element [19.707416ms] ERR:404 body={"strategy":"-android uiautomator","selector":"new UiSelector().descriptionMatches(\"(?is).*\\QLandm...
14:09:22.959487 POST /session/e81b9c42-6e15-47a9-88fd-afe42e5cfe7b/element [14.459958ms] ERR:404 body={"strategy":"-android uiautomator","selector":"new UiSelector().textContains(\"Landmark 30\")"}
14:09:22.968467 POST /session/e81b9c42-6e15-47a9-88fd-afe42e5cfe7b/element [8.907958ms] ERR:404 body={"strategy":"-android uiautomator","selector":"new UiSelector().descriptionContains(\"Landmark 30\")...
14:09:22.974231 POST /session/e81b9c42-6e15-47a9-88fd-afe42e5cfe7b/element [5.709208ms] ERR:404 body={"strategy":"-android uiautomator","selector":"new UiSelector().textMatches(\"(?is).*\\QLandmark 30\...
14:09:22.980305 POST /session/e81b9c42-6e15-47a9-88fd-afe42e5cfe7b/element [5.996125ms] ERR:404 body={"strategy":"-android uiautomator","selector":"new UiSelector().descriptionMatches(\"(?is).*\\QLandm...
14:09:22.986382 POST /session/e81b9c42-6e15-47a9-88fd-afe42e5cfe7b/element [6.034084ms] ERR:404 body={"strategy":"-android uiautomator","selector":"new UiSelector().textContains(\"Landmark 30\")"}
14:09:22.993214 POST /session/e81b9c42-6e15-47a9-88fd-afe42e5cfe7b/element [6.791083ms] ERR:404 body={"strategy":"-android uiautomator","selector":"new UiSelector().descriptionContains(\"Landmark 30\")...
14:09:22.998685 POST /session/e81b9c42-6e15-47a9-88fd-afe42e5cfe7b/element [5.412125ms] ERR:404 body={"strategy":"-android uiautomator","selector":"new UiSelector().textMatches(\"(?is).*\\QLandmark 30\...
14:09:23.004194 POST /session/e81b9c42-6e15-47a9-88fd-afe42e5cfe7b/element [5.471958ms] ERR:404 body={"strategy":"-android uiautomator","selector":"new UiSelector().descriptionMatches(\"(?is).*\\QLandm...
14:09:23.011138 POST /session/e81b9c42-6e15-47a9-88fd-afe42e5cfe7b/element [6.892125ms] ERR:404 body={"strategy":"-android uiautomator","selector":"new UiSelector().textContains(\"Landmark 30\")"}
14:09:23.029414 POST /session/e81b9c42-6e15-47a9-88fd-afe42e5cfe7b/element [18.213292ms] ERR:404 body={"strategy":"-android uiautomator","selector":"new UiSelector().descriptionContains(\"Landmark 30\")...
14:09:23.041016 POST /session/e81b9c42-6e15-47a9-88fd-afe42e5cfe7b/element [11.507417ms] ERR:404 body={"strategy":"-android uiautomator","selector":"new UiSelector().textMatches(\"(?is).*\\QLandmark 30\...
14:09:23.051585 POST /session/e81b9c42-6e15-47a9-88fd-afe42e5cfe7b/element [10.505125ms] ERR:404 body={"strategy":"-android uiautomator","selector":"new UiSelector().descriptionMatches(\"(?is).*\\QLandm...
14:09:23.058399 POST /session/e81b9c42-6e15-47a9-88fd-afe42e5cfe7b/element [6.76175ms] ERR:404 body={"strategy":"-android uiautomator","selector":"new UiSelector().textContains(\"Landmark 30\")"}
14:09:23.078182 POST /session/e81b9c42-6e15-47a9-88fd-afe42e5cfe7b/element [19.730375ms] ERR:404 body={"strategy":"-android uiautomator","selector":"new UiSelector().descriptionContains(\"Landmark 30\")...
14:09:23.084453 POST /session/e81b9c42-6e15-47a9-88fd-afe42e5cfe7b/element [6.182458ms] ERR:404 body={"strategy":"-android uiautomator","selector":"new UiSelector().textMatches(\"(?is).*\\QLandmark 30\...
14:09:23.088933 POST /session/e81b9c42-6e15-47a9-88fd-afe42e5cfe7b/element [4.443ms] ERR:404 body={"strategy":"-android uiautomator","selector":"new UiSelector().descriptionMatches(\"(?is).*\\QLandm...
14:09:23.094232 POST /session/e81b9c42-6e15-47a9-88fd-afe42e5cfe7b/element [5.258084ms] ERR:404 body={"strategy":"-android uiautomator","selector":"new UiSelector().textContains(\"Landmark 30\")"}
14:09:23.100433 POST /session/e81b9c42-6e15-47a9-88fd-afe42e5cfe7b/element [6.161583ms] ERR:404 body={"strategy":"-android uiautomator","selector":"new UiSelector().descriptionContains(\"Landmark 30\")...
14:09:23.108253 POST /session/e81b9c42-6e15-47a9-88fd-afe42e5cfe7b/element [7.744ms] ERR:404 body={"strategy":"-android uiautomator","selector":"new UiSelector().textMatches(\"(?is).*\\QLandmark 30\...
14:09:23.119077 POST /session/e81b9c42-6e15-47a9-88fd-afe42e5cfe7b/element [10.75325ms] ERR:404 body={"strategy":"-android uiautomator","selector":"new UiSelector().descriptionMatches(\"(?is).*\\QLandm...
14:09:23.140949 GET /session/e81b9c42-6e15-47a9-88fd-afe42e5cfe7b/source [21.683625ms] OK body=
14:09:23.151965 POST /session/e81b9c42-6e15-47a9-88fd-afe42e5cfe7b/element [9.866083ms] ERR:404 body={"strategy":"-android uiautomator","selector":"new UiSelector().textContains(\"Landmark 30\")"}
14:09:23.160760 POST /session/e81b9c42-6e15-47a9-88fd-afe42e5cfe7b/element [8.738208ms] ERR:404 body={"strategy":"-android uiautomator","selector":"new UiSelector().descriptionContains(\"Landmark 30\")...
14:09:23.171423 POST /session/e81b9c42-6e15-47a9-88fd-afe42e5cfe7b/element [10.611417ms] ERR:404 body={"strategy":"-android uiautomator","selector":"new UiSelector().textMatches(\"(?is).*\\QLandmark 30\...
14:09:23.184858 POST /session/e81b9c42-6e15-47a9-88fd-afe42e5cfe7b/element [13.356917ms] ERR:404 body={"strategy":"-android uiautomator","selector":"new UiSelector().descriptionMatches(\"(?is).*\\QLandm...
14:09:23.197175 POST /session/e81b9c42-6e15-47a9-88fd-afe42e5cfe7b/element [12.238917ms] ERR:404 body={"strategy":"-android uiautomator","selector":"new UiSelector().textContains(\"Landmark 30\")"}
14:09:23.202908 POST /session/e81b9c42-6e15-47a9-88fd-afe42e5cfe7b/element [5.655666ms] ERR:404 body={"strategy":"-android uiautomator","selector":"new UiSelector().descriptionContains(\"Landmark 30\")...
14:09:23.209269 POST /session/e81b9c42-6e15-47a9-88fd-afe42e5cfe7b/element [6.287792ms] ERR:404 body={"strategy":"-android uiautomator","selector":"new UiSelector().textMatches(\"(?is).*\\QLandmark 30\...
14:09:23.216762 POST /session/e81b9c42-6e15-47a9-88fd-afe42e5cfe7b/element [7.443917ms] ERR:404 body={"strategy":"-android uiautomator","selector":"new UiSelector().descriptionMatches(\"(?is).*\\QLandm...
14:09:23.222160 POST /session/e81b9c42-6e15-47a9-88fd-afe42e5cfe7b/element [5.277209ms] ERR:404 body={"strategy":"-android uiautomator","selector":"new UiSelector().textContains(\"Landmark 30\")"}
14:09:23.228106 POST /session/e81b9c42-6e15-47a9-88fd-afe42e5cfe7b/element [5.893083ms] ERR:404 body={"strategy":"-android uiautomator","selector":"new UiSelector().descriptionContains(\"Landmark 30\")...
14:09:23.234366 POST /session/e81b9c42-6e15-47a9-88fd-afe42e5cfe7b/element [6.196ms] ERR:404 body={"strategy":"-android uiautomator","selector":"new UiSelector().textMatches(\"(?is).*\\QLandmark 30\...
14:09:23.243610 POST /session/e81b9c42-6e15-47a9-88fd-afe42e5cfe7b/element [9.208416ms] ERR:404 body={"strategy":"-android uiautomator","selector":"new UiSelector().descriptionMatches(\"(?is).*\\QLandm...
14:09:23.248528 POST /session/e81b9c42-6e15-47a9-88fd-afe42e5cfe7b/element [4.854833ms] ERR:404 body={"strategy":"-android uiautomator","selector":"new UiSelector().textContains(\"Landmark 30\")"}
14:09:23.255122 POST /session/e81b9c42-6e15-47a9-88fd-afe42e5cfe7b/element [6.525625ms] ERR:404 body={"strategy":"-android uiautomator","selector":"new UiSelector().descriptionContains(\"Landmark 30\")...
14:09:23.263375 POST /session/e81b9c42-6e15-47a9-88fd-afe42e5cfe7b/element [8.197333ms] ERR:404 body={"strategy":"-android uiautomator","selector":"new UiSelector().textMatches(\"(?is).*\\QLandmark 30\...
14:09:23.276565 POST /session/e81b9c42-6e15-47a9-88fd-afe42e5cfe7b/element [13.136083ms] ERR:404 body={"strategy":"-android uiautomator","selector":"new UiSelector().descriptionMatches(\"(?is).*\\QLandm...
14:09:23.282153 POST /session/e81b9c42-6e15-47a9-88fd-afe42e5cfe7b/element [5.52275ms] ERR:404 body={"strategy":"-android uiautomator","selector":"new UiSelector().textContains(\"Landmark 30\")"}
14:09:23.287651 POST /session/e81b9c42-6e15-47a9-88fd-afe42e5cfe7b/element [5.444458ms] ERR:404 body={"strategy":"-android uiautomator","selector":"new UiSelector().descriptionContains(\"Landmark 30\")...
14:09:23.293201 POST /session/e81b9c42-6e15-47a9-88fd-afe42e5cfe7b/element [5.505417ms] ERR:404 body={"strategy":"-android uiautomator","selector":"new UiSelector().textMatches(\"(?is).*\\QLandmark 30\...
14:09:23.298582 POST /session/e81b9c42-6e15-47a9-88fd-afe42e5cfe7b/element [5.349792ms] ERR:404 body={"strategy":"-android uiautomator","selector":"new UiSelector().descriptionMatches(\"(?is).*\\QLandm...
14:09:23.303585 POST /session/e81b9c42-6e15-47a9-88fd-afe42e5cfe7b/element [4.959208ms] ERR:404 body={"strategy":"-android uiautomator","selector":"new UiSelector().textContains(\"Landmark 30\")"}
14:09:23.310943 POST /session/e81b9c42-6e15-47a9-88fd-afe42e5cfe7b/element [7.313125ms] ERR:404 body={"strategy":"-android uiautomator","selector":"new UiSelector().descriptionContains(\"Landmark 30\")...
14:09:23.325672 POST /session/e81b9c42-6e15-47a9-88fd-afe42e5cfe7b/element [14.688334ms] ERR:404 body={"strategy":"-android uiautomator","selector":"new UiSelector().textMatches(\"(?is).*\\QLandmark 30\...
14:09:23.331468 POST /session/e81b9c42-6e15-47a9-88fd-afe42e5cfe7b/element [5.669209ms] ERR:404 body={"strategy":"-android uiautomator","selector":"new UiSelector().descriptionMatches(\"(?is).*\\QLandm...
14:09:23.342192 POST /session/e81b9c42-6e15-47a9-88fd-afe42e5cfe7b/element [10.645458ms] ERR:404 body={"strategy":"-android uiautomator","selector":"new UiSelector().textContains(\"Landmark 30\")"}
14:09:23.351930 POST /session/e81b9c42-6e15-47a9-88fd-afe42e5cfe7b/element [9.66725ms] ERR:404 body={"strategy":"-android uiautomator","selector":"new UiSelector().descriptionContains(\"Landmark 30\")...
14:09:23.365083 POST /session/e81b9c42-6e15-47a9-88fd-afe42e5cfe7b/element [13.095833ms] ERR:404 body={"strategy":"-android uiautomator","selector":"new UiSelector().textMatches(\"(?is).*\\QLandmark 30\...
14:09:23.375974 POST /session/e81b9c42-6e15-47a9-88fd-afe42e5cfe7b/element [10.851958ms] ERR:404 body={"strategy":"-android uiautomator","selector":"new UiSelector().descriptionMatches(\"(?is).*\\QLandm...
14:09:23.381982 POST /session/e81b9c42-6e15-47a9-88fd-afe42e5cfe7b/element [5.935334ms] ERR:404 body={"strategy":"-android uiautomator","selector":"new UiSelector().textContains(\"Landmark 30\")"}
14:09:23.395272 POST /session/e81b9c42-6e15-47a9-88fd-afe42e5cfe7b/element [13.233791ms] ERR:404 body={"strategy":"-android uiautomator","selector":"new UiSelector().descriptionContains(\"Landmark 30\")...
14:09:23.400830 POST /session/e81b9c42-6e15-47a9-88fd-afe42e5cfe7b/element [5.512791ms] ERR:404 body={"strategy":"-android uiautomator","selector":"new UiSelector().textMatches(\"(?is).*\\QLandmark 30\...
14:09:23.408996 POST /session/e81b9c42-6e15-47a9-88fd-afe42e5cfe7b/element [7.994417ms] ERR:404 body={"strategy":"-android uiautomator","selector":"new UiSelector().descriptionMatches(\"(?is).*\\QLandm...
14:09:23.422723 POST /session/e81b9c42-6e15-47a9-88fd-afe42e5cfe7b/element [13.647833ms] ERR:404 body={"strategy":"-android uiautomator","selector":"new UiSelector().textContains(\"Landmark 30\")"}
14:09:23.431550 POST /session/e81b9c42-6e15-47a9-88fd-afe42e5cfe7b/element [8.742083ms] ERR:404 body={"strategy":"-android uiautomator","selector":"new UiSelector().descriptionContains(\"Landmark 30\")...
14:09:23.437195 POST /session/e81b9c42-6e15-47a9-88fd-afe42e5cfe7b/element [5.559333ms] ERR:404 body={"strategy":"-android uiautomator","selector":"new UiSelector().textMatches(\"(?is).*\\QLandmark 30\...
14:09:23.441791 POST /session/e81b9c42-6e15-47a9-88fd-afe42e5cfe7b/element [4.527875ms] ERR:404 body={"strategy":"-android uiautomator","selector":"new UiSelector().descriptionMatches(\"(?is).*\\QLandm...
14:09:23.448088 POST /session/e81b9c42-6e15-47a9-88fd-afe42e5cfe7b/element [6.232834ms] ERR:404 body={"strategy":"-android uiautomator","selector":"new UiSelector().textContains(\"Landmark 30\")"}
14:09:23.453276 POST /session/e81b9c42-6e15-47a9-88fd-afe42e5cfe7b/element [5.158375ms] ERR:404 body={"strategy":"-android uiautomator","selector":"new UiSelector().descriptionContains(\"Landmark 30\")...
14:09:23.459809 POST /session/e81b9c42-6e15-47a9-88fd-afe42e5cfe7b/element [6.481125ms] ERR:404 body={"strategy":"-android uiautomator","selector":"new UiSelector().textMatches(\"(?is).*\\QLandmark 30\...
14:09:23.465010 POST /session/e81b9c42-6e15-47a9-88fd-afe42e5cfe7b/element [5.160333ms] ERR:404 body={"strategy":"-android uiautomator","selector":"new UiSelector().descriptionMatches(\"(?is).*\\QLandm...
14:09:23.470833 POST /session/e81b9c42-6e15-47a9-88fd-afe42e5cfe7b/element [5.770083ms] ERR:404 body={"strategy":"-android uiautomator","selector":"new UiSelector().textContains(\"Landmark 30\")"}
14:09:23.479939 POST /session/e81b9c42-6e15-47a9-88fd-afe42e5cfe7b/element [9.070416ms] ERR:404 body={"strategy":"-android uiautomator","selector":"new UiSelector().descriptionContains(\"Landmark 30\")...
14:09:23.485417 POST /session/e81b9c42-6e15-47a9-88fd-afe42e5cfe7b/element [5.421792ms] ERR:404 body={"strategy":"-android uiautomator","selector":"new UiSelector().textMatches(\"(?is).*\\QLandmark 30\...
14:09:23.496434 POST /session/e81b9c42-6e15-47a9-88fd-afe42e5cfe7b/element [10.941167ms] ERR:404 body={"strategy":"-android uiautomator","selector":"new UiSelector().descriptionMatches(\"(?is).*\\QLandm...
14:09:23.506747 POST /session/e81b9c42-6e15-47a9-88fd-afe42e5cfe7b/element [10.2415ms] ERR:404 body={"strategy":"-android uiautomator","selector":"new UiSelector().textContains(\"Landmark 30\")"}
14:09:23.522093 POST /session/e81b9c42-6e15-47a9-88fd-afe42e5cfe7b/element [15.277333ms] ERR:404 body={"strategy":"-android uiautomator","selector":"new UiSelector().descriptionContains(\"Landmark 30\")...
14:09:23.534318 POST /session/e81b9c42-6e15-47a9-88fd-afe42e5cfe7b/element [12.165292ms] ERR:404 body={"strategy":"-android uiautomator","selector":"new UiSelector().textMatches(\"(?is).*\\QLandmark 30\...
14:09:23.545236 POST /session/e81b9c42-6e15-47a9-88fd-afe42e5cfe7b/element [10.877625ms] ERR:404 body={"strategy":"-android uiautomator","selector":"new UiSelector().descriptionMatches(\"(?is).*\\QLandm...
14:09:23.550217 POST /session/e81b9c42-6e15-47a9-88fd-afe42e5cfe7b/element [4.9415ms] ERR:404 body={"strategy":"-android uiautomator","selector":"new UiSelector().textContains(\"Landmark 30\")"}
14:09:23.555116 POST /session/e81b9c42-6e15-47a9-88fd-afe42e5cfe7b/element [4.855833ms] ERR:404 body={"strategy":"-android uiautomator","selector":"new UiSelector().descriptionContains(\"Landmark 30\")...
14:09:23.565077 POST /session/e81b9c42-6e15-47a9-88fd-afe42e5cfe7b/element [9.922167ms] ERR:404 body={"strategy":"-android uiautomator","selector":"new UiSelector().textMatches(\"(?is).*\\QLandmark 30\...
14:09:23.570133 POST /session/e81b9c42-6e15-47a9-88fd-afe42e5cfe7b/element [5.002958ms] ERR:404 body={"strategy":"-android uiautomator","selector":"new UiSelector().descriptionMatches(\"(?is).*\\QLandm...
14:09:23.580650 POST /session/e81b9c42-6e15-47a9-88fd-afe42e5cfe7b/element [10.448917ms] ERR:404 body={"strategy":"-android uiautomator","selector":"new UiSelector().textContains(\"Landmark 30\")"}
14:09:23.594547 POST /session/e81b9c42-6e15-47a9-88fd-afe42e5cfe7b/element [13.832583ms] ERR:404 body={"strategy":"-android uiautomator","selector":"new UiSelector().descriptionContains(\"Landmark 30\")...
14:09:23.600695 POST /session/e81b9c42-6e15-47a9-88fd-afe42e5cfe7b/element [6.0915ms] ERR:404 body={"strategy":"-android uiautomator","selector":"new UiSelector().textMatches(\"(?is).*\\QLandmark 30\...
14:09:23.605453 POST /session/e81b9c42-6e15-47a9-88fd-afe42e5cfe7b/element [4.710666ms] ERR:404 body={"strategy":"-android uiautomator","selector":"new UiSelector().descriptionMatches(\"(?is).*\\QLandm...
14:09:23.621153 POST /session/e81b9c42-6e15-47a9-88fd-afe42e5cfe7b/element [15.653ms] ERR:404 body={"strategy":"-android uiautomator","selector":"new UiSelector().textContains(\"Landmark 30\")"}
14:09:23.635166 POST /session/e81b9c42-6e15-47a9-88fd-afe42e5cfe7b/element [13.949917ms] ERR:404 body={"strategy":"-android uiautomator","selector":"new UiSelector().descriptionContains(\"Landmark 30\")...
14:09:23.644147 POST /session/e81b9c42-6e15-47a9-88fd-afe42e5cfe7b/element [8.914708ms] ERR:404 body={"strategy":"-android uiautomator","selector":"new UiSelector().textMatches(\"(?is).*\\QLandmark 30\...
14:09:23.649471 POST /session/e81b9c42-6e15-47a9-88fd-afe42e5cfe7b/element [5.250792ms] ERR:404 body={"strategy":"-android uiautomator","selector":"new UiSelector().descriptionMatches(\"(?is).*\\QLandm...
14:09:23.662782 POST /session/e81b9c42-6e15-47a9-88fd-afe42e5cfe7b/element [13.237459ms] ERR:404 body={"strategy":"-android uiautomator","selector":"new UiSelector().textContains(\"Landmark 30\")"}
14:09:23.675781 POST /session/e81b9c42-6e15-47a9-88fd-afe42e5cfe7b/element [12.924833ms] ERR:404 body={"strategy":"-android uiautomator","selector":"new UiSelector().descriptionContains(\"Landmark 30\")...
14:09:23.680917 POST /session/e81b9c42-6e15-47a9-88fd-afe42e5cfe7b/element [5.073875ms] ERR:404 body={"strategy":"-android uiautomator","selector":"new UiSelector().textMatches(\"(?is).*\\QLandmark 30\...
14:09:23.687944 POST /session/e81b9c42-6e15-47a9-88fd-afe42e5cfe7b/element [6.9905ms] ERR:404 body={"strategy":"-android uiautomator","selector":"new UiSelector().descriptionMatches(\"(?is).*\\QLandm...
14:09:23.702773 POST /session/e81b9c42-6e15-47a9-88fd-afe42e5cfe7b/element [14.553333ms] ERR:404 body={"strategy":"-android uiautomator","selector":"new UiSelector().textContains(\"Landmark 30\")"}
14:09:23.723477 POST /session/e81b9c42-6e15-47a9-88fd-afe42e5cfe7b/element [20.654292ms] ERR:404 body={"strategy":"-android uiautomator","selector":"new UiSelector().descriptionContains(\"Landmark 30\")...
14:09:23.742308 POST /session/e81b9c42-6e15-47a9-88fd-afe42e5cfe7b/element [18.770958ms] ERR:404 body={"strategy":"-android uiautomator","selector":"new UiSelector().textMatches(\"(?is).*\\QLandmark 30\...
14:09:23.749146 POST /session/e81b9c42-6e15-47a9-88fd-afe42e5cfe7b/element [6.73225ms] ERR:404 body={"strategy":"-android uiautomator","selector":"new UiSelector().descriptionMatches(\"(?is).*\\QLandm...
14:09:23.754660 POST /session/e81b9c42-6e15-47a9-88fd-afe42e5cfe7b/element [5.457959ms] ERR:404 body={"strategy":"-android uiautomator","selector":"new UiSelector().textContains(\"Landmark 30\")"}
14:09:23.769537 POST /session/e81b9c42-6e15-47a9-88fd-afe42e5cfe7b/element [14.825167ms] ERR:404 body={"strategy":"-android uiautomator","selector":"new UiSelector().descriptionContains(\"Landmark 30\")...
14:09:23.775564 POST /session/e81b9c42-6e15-47a9-88fd-afe42e5cfe7b/element [5.977167ms] ERR:404 body={"strategy":"-android uiautomator","selector":"new UiSelector().textMatches(\"(?is).*\\QLandmark 30\...
14:09:23.782164 POST /session/e81b9c42-6e15-47a9-88fd-afe42e5cfe7b/element [6.553458ms] ERR:404 body={"strategy":"-android uiautomator","selector":"new UiSelector().descriptionMatches(\"(?is).*\\QLandm...
14:09:23.789085 POST /session/e81b9c42-6e15-47a9-88fd-afe42e5cfe7b/element [6.841583ms] ERR:404 body={"strategy":"-android uiautomator","selector":"new UiSelector().textContains(\"Landmark 30\")"}
14:09:23.794180 POST /session/e81b9c42-6e15-47a9-88fd-afe42e5cfe7b/element [5.057916ms] ERR:404 body={"strategy":"-android uiautomator","selector":"new UiSelector().descriptionContains(\"Landmark 30\")...
14:09:23.801087 POST /session/e81b9c42-6e15-47a9-88fd-afe42e5cfe7b/element [6.8525ms] ERR:404 body={"strategy":"-android uiautomator","selector":"new UiSelector().textMatches(\"(?is).*\\QLandmark 30\...
14:09:23.811299 POST /session/e81b9c42-6e15-47a9-88fd-afe42e5cfe7b/element [10.144375ms] ERR:404 body={"strategy":"-android uiautomator","selector":"new UiSelector().descriptionMatches(\"(?is).*\\QLandm...
14:09:23.822679 POST /session/e81b9c42-6e15-47a9-88fd-afe42e5cfe7b/element [11.310417ms] ERR:404 body={"strategy":"-android uiautomator","selector":"new UiSelector().textContains(\"Landmark 30\")"}
14:09:23.833176 POST /session/e81b9c42-6e15-47a9-88fd-afe42e5cfe7b/element [10.4115ms] ERR:404 body={"strategy":"-android uiautomator","selector":"new UiSelector().descriptionContains(\"Landmark 30\")...
14:09:23.853221 POST /session/e81b9c42-6e15-47a9-88fd-afe42e5cfe7b/element [19.980458ms] ERR:404 body={"strategy":"-android uiautomator","selector":"new UiSelector().textMatches(\"(?is).*\\QLandmark 30\...
14:09:23.859177 POST /session/e81b9c42-6e15-47a9-88fd-afe42e5cfe7b/element [5.901375ms] ERR:404 body={"strategy":"-android uiautomator","selector":"new UiSelector().descriptionMatches(\"(?is).*\\QLandm...
14:09:23.866492 POST /session/e81b9c42-6e15-47a9-88fd-afe42e5cfe7b/element [7.279625ms] ERR:404 body={"strategy":"-android uiautomator","selector":"new UiSelector().textContains(\"Landmark 30\")"}
14:09:23.886940 POST /session/e81b9c42-6e15-47a9-88fd-afe42e5cfe7b/element [20.369542ms] ERR:404 body={"strategy":"-android uiautomator","selector":"new UiSelector().descriptionContains(\"Landmark 30\")...
14:09:23.900826 POST /session/e81b9c42-6e15-47a9-88fd-afe42e5cfe7b/element [13.811667ms] ERR:404 body={"strategy":"-android uiautomator","selector":"new UiSelector().textMatches(\"(?is).*\\QLandmark 30\...
14:09:23.916271 POST /session/e81b9c42-6e15-47a9-88fd-afe42e5cfe7b/element [15.358083ms] ERR:404 body={"strategy":"-android uiautomator","selector":"new UiSelector().descriptionMatches(\"(?is).*\\QLandm...
14:09:23.923933 POST /session/e81b9c42-6e15-47a9-88fd-afe42e5cfe7b/element [7.605917ms] ERR:404 body={"strategy":"-android uiautomator","selector":"new UiSelector().textContains(\"Landmark 30\")"}
14:09:23.939217 POST /session/e81b9c42-6e15-47a9-88fd-afe42e5cfe7b/element [15.214917ms] ERR:404 body={"strategy":"-android uiautomator","selector":"new UiSelector().descriptionContains(\"Landmark 30\")...
14:09:23.960045 POST /session/e81b9c42-6e15-47a9-88fd-afe42e5cfe7b/element [20.6835ms] ERR:404 body={"strategy":"-android uiautomator","selector":"new UiSelector().textMatches(\"(?is).*\\QLandmark 30\...
14:09:23.971911 POST /session/e81b9c42-6e15-47a9-88fd-afe42e5cfe7b/element [11.731625ms] ERR:404 body={"strategy":"-android uiautomator","selector":"new UiSelector().descriptionMatches(\"(?is).*\\QLandm...
14:09:23.987801 POST /session/e81b9c42-6e15-47a9-88fd-afe42e5cfe7b/element [15.764417ms] ERR:404 body={"strategy":"-android uiautomator","selector":"new UiSelector().textContains(\"Landmark 30\")"}
14:09:23.993687 POST /session/e81b9c42-6e15-47a9-88fd-afe42e5cfe7b/element [5.807584ms] ERR:404 body={"strategy":"-android uiautomator","selector":"new UiSelector().descriptionContains(\"Landmark 30\")...
14:09:24.001727 POST /session/e81b9c42-6e15-47a9-88fd-afe42e5cfe7b/element [7.983667ms] ERR:404 body={"strategy":"-android uiautomator","selector":"new UiSelector().textMatches(\"(?is).*\\QLandmark 30\...
14:09:24.006670 POST /session/e81b9c42-6e15-47a9-88fd-afe42e5cfe7b/element [4.898917ms] ERR:404 body={"strategy":"-android uiautomator","selector":"new UiSelector().descriptionMatches(\"(?is).*\\QLandm...
14:09:24.013309 POST /session/e81b9c42-6e15-47a9-88fd-afe42e5cfe7b/element [6.594625ms] ERR:404 body={"strategy":"-android uiautomator","selector":"new UiSelector().textContains(\"Landmark 30\")"}
14:09:24.028830 POST /session/e81b9c42-6e15-47a9-88fd-afe42e5cfe7b/element [15.469834ms] ERR:404 body={"strategy":"-android uiautomator","selector":"new UiSelector().descriptionContains(\"Landmark 30\")...
14:09:24.042087 POST /session/e81b9c42-6e15-47a9-88fd-afe42e5cfe7b/element [13.169542ms] ERR:404 body={"strategy":"-android uiautomator","selector":"new UiSelector().textMatches(\"(?is).*\\QLandmark 30\...
14:09:24.057445 POST /session/e81b9c42-6e15-47a9-88fd-afe42e5cfe7b/element [15.278375ms] ERR:404 body={"strategy":"-android uiautomator","selector":"new UiSelector().descriptionMatches(\"(?is).*\\QLandm...
14:09:24.063456 POST /session/e81b9c42-6e15-47a9-88fd-afe42e5cfe7b/element [5.928416ms] ERR:404 body={"strategy":"-android uiautomator","selector":"new UiSelector().textContains(\"Landmark 30\")"}
14:09:24.078686 POST /session/e81b9c42-6e15-47a9-88fd-afe42e5cfe7b/element [15.171208ms] ERR:404 body={"strategy":"-android uiautomator","selector":"new UiSelector().descriptionContains(\"Landmark 30\")...
14:09:24.094169 POST /session/e81b9c42-6e15-47a9-88fd-afe42e5cfe7b/element [15.393791ms] ERR:404 body={"strategy":"-android uiautomator","selector":"new UiSelector().textMatches(\"(?is).*\\QLandmark 30\...
14:09:24.100012 POST /session/e81b9c42-6e15-47a9-88fd-afe42e5cfe7b/element [5.766458ms] ERR:404 body={"strategy":"-android uiautomator","selector":"new UiSelector().descriptionMatches(\"(?is).*\\QLandm...
14:09:24.106549 POST /session/e81b9c42-6e15-47a9-88fd-afe42e5cfe7b/element [6.476834ms] ERR:404 body={"strategy":"-android uiautomator","selector":"new UiSelector().textContains(\"Landmark 30\")"}
14:09:24.111110 POST /session/e81b9c42-6e15-47a9-88fd-afe42e5cfe7b/element [4.498917ms] ERR:404 body={"strategy":"-android uiautomator","selector":"new UiSelector().descriptionContains(\"Landmark 30\")...
14:09:24.115821 POST /session/e81b9c42-6e15-47a9-88fd-afe42e5cfe7b/element [4.66625ms] ERR:404 body={"strategy":"-android uiautomator","selector":"new UiSelector().textMatches(\"(?is).*\\QLandmark 30\...
14:09:24.129015 POST /session/e81b9c42-6e15-47a9-88fd-afe42e5cfe7b/element [13.107916ms] ERR:404 body={"strategy":"-android uiautomator","selector":"new UiSelector().descriptionMatches(\"(?is).*\\QLandm...
14:09:24.140354 POST /session/e81b9c42-6e15-47a9-88fd-afe42e5cfe7b/element [11.246916ms] ERR:404 body={"strategy":"-android uiautomator","selector":"new UiSelector().textContains(\"Landmark 30\")"}
14:09:24.147658 POST /session/e81b9c42-6e15-47a9-88fd-afe42e5cfe7b/element [7.222875ms] ERR:404 body={"strategy":"-android uiautomator","selector":"new UiSelector().descriptionContains(\"Landmark 30\")...
14:09:24.159672 POST /session/e81b9c42-6e15-47a9-88fd-afe42e5cfe7b/element [11.951625ms] ERR:404 body={"strategy":"-android uiautomator","selector":"new UiSelector().textMatches(\"(?is).*\\QLandmark 30\...
14:09:24.170898 POST /session/e81b9c42-6e15-47a9-88fd-afe42e5cfe7b/element [11.159209ms] ERR:404 body={"strategy":"-android uiautomator","selector":"new UiSelector().descriptionMatches(\"(?is).*\\QLandm...
14:09:24.194303 GET /session/e81b9c42-6e15-47a9-88fd-afe42e5cfe7b/source [23.206166ms] OK body=
14:09:24.202646 POST /session/e81b9c42-6e15-47a9-88fd-afe42e5cfe7b/element [6.931125ms] ERR:404 body={"strategy":"-android uiautomator","selector":"new UiSelector().textContains(\"Landmark 30\")"}
14:09:24.210843 POST /session/e81b9c42-6e15-47a9-88fd-afe42e5cfe7b/element [8.072ms] ERR:404 body={"strategy":"-android uiautomator","selector":"new UiSelector().descriptionContains(\"Landmark 30\")...
14:09:24.227323 POST /session/e81b9c42-6e15-47a9-88fd-afe42e5cfe7b/element [16.386416ms] ERR:404 body={"strategy":"-android uiautomator","selector":"new UiSelector().textMatches(\"(?is).*\\QLandmark 30\...
14:09:24.245153 POST /session/e81b9c42-6e15-47a9-88fd-afe42e5cfe7b/element [17.738834ms] ERR:404 body={"strategy":"-android uiautomator","selector":"new UiSelector().descriptionMatches(\"(?is).*\\QLandm...
14:09:24.257010 POST /session/e81b9c42-6e15-47a9-88fd-afe42e5cfe7b/element [11.763917ms] ERR:404 body={"strategy":"-android uiautomator","selector":"new UiSelector().textContains(\"Landmark 30\")"}
14:09:24.278853 POST /session/e81b9c42-6e15-47a9-88fd-afe42e5cfe7b/element [21.78325ms] ERR:404 body={"strategy":"-android uiautomator","selector":"new UiSelector().descriptionContains(\"Landmark 30\")...
14:09:24.288822 POST /session/e81b9c42-6e15-47a9-88fd-afe42e5cfe7b/element [9.886791ms] ERR:404 body={"strategy":"-android uiautomator","selector":"new UiSelector().textMatches(\"(?is).*\\QLandmark 30\...
14:09:24.310187 POST /session/e81b9c42-6e15-47a9-88fd-afe42e5cfe7b/element [21.282667ms] ERR:404 body={"strategy":"-android uiautomator","selector":"new UiSelector().descriptionMatches(\"(?is).*\\QLandm...
14:09:24.324219 POST /session/e81b9c42-6e15-47a9-88fd-afe42e5cfe7b/element [13.949125ms] ERR:404 body={"strategy":"-android uiautomator","selector":"new UiSelector().textContains(\"Landmark 30\")"}
14:09:24.331561 POST /session/e81b9c42-6e15-47a9-88fd-afe42e5cfe7b/element [7.265167ms] ERR:404 body={"strategy":"-android uiautomator","selector":"new UiSelector().descriptionContains(\"Landmark 30\")...
14:09:24.348908 POST /session/e81b9c42-6e15-47a9-88fd-afe42e5cfe7b/element [17.277833ms] ERR:404 body={"strategy":"-android uiautomator","selector":"new UiSelector().textMatches(\"(?is).*\\QLandmark 30\...
14:09:24.355785 POST /session/e81b9c42-6e15-47a9-88fd-afe42e5cfe7b/element [6.816166ms] ERR:404 body={"strategy":"-android uiautomator","selector":"new UiSelector().descriptionMatches(\"(?is).*\\QLandm...
14:09:24.368034 POST /session/e81b9c42-6e15-47a9-88fd-afe42e5cfe7b/element [12.191042ms] ERR:404 body={"strategy":"-android uiautomator","selector":"new UiSelector().textContains(\"Landmark 30\")"}
14:09:24.385918 POST /session/e81b9c42-6e15-47a9-88fd-afe42e5cfe7b/element [17.808167ms] ERR:404 body={"strategy":"-android uiautomator","selector":"new UiSelector().descriptionContains(\"Landmark 30\")...
14:09:24.401224 POST /session/e81b9c42-6e15-47a9-88fd-afe42e5cfe7b/element [15.21175ms] ERR:404 body={"strategy":"-android uiautomator","selector":"new UiSelector().textMatches(\"(?is).*\\QLandmark 30\...
14:09:24.410212 POST /session/e81b9c42-6e15-47a9-88fd-afe42e5cfe7b/element [8.903417ms] ERR:404 body={"strategy":"-android uiautomator","selector":"new UiSelector().descriptionMatches(\"(?is).*\\QLandm...
14:09:24.423600 POST /session/e81b9c42-6e15-47a9-88fd-afe42e5cfe7b/element [13.318708ms] ERR:404 body={"strategy":"-android uiautomator","selector":"new UiSelector().textContains(\"Landmark 30\")"}
14:09:24.439818 POST /session/e81b9c42-6e15-47a9-88fd-afe42e5cfe7b/element [16.143625ms] ERR:404 body={"strategy":"-android uiautomator","selector":"new UiSelector().descriptionContains(\"Landmark 30\")...
14:09:24.451499 POST /session/e81b9c42-6e15-47a9-88fd-afe42e5cfe7b/element [11.612833ms] ERR:404 body={"strategy":"-android uiautomator","selector":"new UiSelector().textMatches(\"(?is).*\\QLandmark 30\...
14:09:24.459802 POST /session/e81b9c42-6e15-47a9-88fd-afe42e5cfe7b/element [8.230292ms] ERR:404 body={"strategy":"-android uiautomator","selector":"new UiSelector().descriptionMatches(\"(?is).*\\QLandm...
14:09:24.464441 POST /session/e81b9c42-6e15-47a9-88fd-afe42e5cfe7b/element [4.582458ms] ERR:404 body={"strategy":"-android uiautomator","selector":"new UiSelector().textContains(\"Landmark 30\")"}
14:09:24.479871 POST /session/e81b9c42-6e15-47a9-88fd-afe42e5cfe7b/element [15.350458ms] ERR:404 body={"strategy":"-android uiautomator","selector":"new UiSelector().descriptionContains(\"Landmark 30\")...
14:09:24.486327 POST /session/e81b9c42-6e15-47a9-88fd-afe42e5cfe7b/element [6.363083ms] ERR:404 body={"strategy":"-android uiautomator","selector":"new UiSelector().textMatches(\"(?is).*\\QLandmark 30\...
14:09:24.495052 POST /session/e81b9c42-6e15-47a9-88fd-afe42e5cfe7b/element [8.654125ms] ERR:404 body={"strategy":"-android uiautomator","selector":"new UiSelector().descriptionMatches(\"(?is).*\\QLandm...
14:09:24.517779 POST /session/e81b9c42-6e15-47a9-88fd-afe42e5cfe7b/element [22.640666ms] ERR:404 body={"strategy":"-android uiautomator","selector":"new UiSelector().textContains(\"Landmark 30\")"}
14:09:24.527043 POST /session/e81b9c42-6e15-47a9-88fd-afe42e5cfe7b/element [9.192917ms] ERR:404 body={"strategy":"-android uiautomator","selector":"new UiSelector().descriptionContains(\"Landmark 30\")...
14:09:24.543155 POST /session/e81b9c42-6e15-47a9-88fd-afe42e5cfe7b/element [16.057042ms] ERR:404 body={"strategy":"-android uiautomator","selector":"new UiSelector().textMatches(\"(?is).*\\QLandmark 30\...
14:09:24.548577 POST /session/e81b9c42-6e15-47a9-88fd-afe42e5cfe7b/element [5.362958ms] ERR:404 body={"strategy":"-android uiautomator","selector":"new UiSelector().descriptionMatches(\"(?is).*\\QLandm...
14:09:24.558272 POST /session/e81b9c42-6e15-47a9-88fd-afe42e5cfe7b/element [9.620792ms] ERR:404 body={"strategy":"-android uiautomator","selector":"new UiSelector().textContains(\"Landmark 30\")"}
14:09:24.571502 POST /session/e81b9c42-6e15-47a9-88fd-afe42e5cfe7b/element [13.146667ms] ERR:404 body={"strategy":"-android uiautomator","selector":"new UiSelector().descriptionContains(\"Landmark 30\")...
14:09:24.576895 POST /session/e81b9c42-6e15-47a9-88fd-afe42e5cfe7b/element [5.324042ms] ERR:404 body={"strategy":"-android uiautomator","selector":"new UiSelector().textMatches(\"(?is).*\\QLandmark 30\...
14:09:24.584354 POST /session/e81b9c42-6e15-47a9-88fd-afe42e5cfe7b/element [7.405708ms] ERR:404 body={"strategy":"-android uiautomator","selector":"new UiSelector().descriptionMatches(\"(?is).*\\QLandm...
14:09:24.590831 POST /session/e81b9c42-6e15-47a9-88fd-afe42e5cfe7b/element [6.423708ms] ERR:404 body={"strategy":"-android uiautomator","selector":"new UiSelector().textContains(\"Landmark 30\")"}
14:09:24.596194 POST /session/e81b9c42-6e15-47a9-88fd-afe42e5cfe7b/element [5.299625ms] ERR:404 body={"strategy":"-android uiautomator","selector":"new UiSelector().descriptionContains(\"Landmark 30\")...
14:09:24.601837 POST /session/e81b9c42-6e15-47a9-88fd-afe42e5cfe7b/element [5.59075ms] ERR:404 body={"strategy":"-android uiautomator","selector":"new UiSelector().textMatches(\"(?is).*\\QLandmark 30\...
14:09:24.606722 POST /session/e81b9c42-6e15-47a9-88fd-afe42e5cfe7b/element [4.836459ms] ERR:404 body={"strategy":"-android uiautomator","selector":"new UiSelector().descriptionMatches(\"(?is).*\\QLandm...
14:09:24.621066 POST /session/e81b9c42-6e15-47a9-88fd-afe42e5cfe7b/element [14.293542ms] ERR:404 body={"strategy":"-android uiautomator","selector":"new UiSelector().textContains(\"Landmark 30\")"}
14:09:24.626950 POST /session/e81b9c42-6e15-47a9-88fd-afe42e5cfe7b/element [5.828ms] ERR:404 body={"strategy":"-android uiautomator","selector":"new UiSelector().descriptionContains(\"Landmark 30\")...
14:09:24.636892 POST /session/e81b9c42-6e15-47a9-88fd-afe42e5cfe7b/element [9.873875ms] ERR:404 body={"strategy":"-android uiautomator","selector":"new UiSelector().textMatches(\"(?is).*\\QLandmark 30\...
14:09:24.651899 POST /session/e81b9c42-6e15-47a9-88fd-afe42e5cfe7b/element [14.925667ms] ERR:404 body={"strategy":"-android uiautomator","selector":"new UiSelector().descriptionMatches(\"(?is).*\\QLandm...
14:09:24.658186 POST /session/e81b9c42-6e15-47a9-88fd-afe42e5cfe7b/element [6.195ms] ERR:404 body={"strategy":"-android uiautomator","selector":"new UiSelector().textContains(\"Landmark 30\")"}
14:09:24.666832 POST /session/e81b9c42-6e15-47a9-88fd-afe42e5cfe7b/element [8.574666ms] ERR:404 body={"strategy":"-android uiautomator","selector":"new UiSelector().descriptionContains(\"Landmark 30\")...
14:09:24.678239 POST /session/e81b9c42-6e15-47a9-88fd-afe42e5cfe7b/element [11.353958ms] ERR:404 body={"strategy":"-android uiautomator","selector":"new UiSelector().textMatches(\"(?is).*\\QLandmark 30\...
14:09:24.683211 POST /session/e81b9c42-6e15-47a9-88fd-afe42e5cfe7b/element [4.934ms] ERR:404 body={"strategy":"-android uiautomator","selector":"new UiSelector().descriptionMatches(\"(?is).*\\QLandm...
14:09:24.688304 POST /session/e81b9c42-6e15-47a9-88fd-afe42e5cfe7b/element [5.044917ms] ERR:404 body={"strategy":"-android uiautomator","selector":"new UiSelector().textContains(\"Landmark 30\")"}
14:09:24.694244 POST /session/e81b9c42-6e15-47a9-88fd-afe42e5cfe7b/element [5.907125ms] ERR:404 body={"strategy":"-android uiautomator","selector":"new UiSelector().descriptionContains(\"Landmark 30\")...
14:09:24.706547 POST /session/e81b9c42-6e15-47a9-88fd-afe42e5cfe7b/element [12.26725ms] ERR:404 body={"strategy":"-android uiautomator","selector":"new UiSelector().textMatches(\"(?is).*\\QLandmark 30\...
14:09:24.711000 POST /session/e81b9c42-6e15-47a9-88fd-afe42e5cfe7b/element [4.399167ms] ERR:404 body={"strategy":"-android uiautomator","selector":"new UiSelector().descriptionMatches(\"(?is).*\\QLandm...
14:09:24.725447 POST /session/e81b9c42-6e15-47a9-88fd-afe42e5cfe7b/element [14.383792ms] ERR:404 body={"strategy":"-android uiautomator","selector":"new UiSelector().textContains(\"Landmark 30\")"}
14:09:24.731391 POST /session/e81b9c42-6e15-47a9-88fd-afe42e5cfe7b/element [5.869125ms] ERR:404 body={"strategy":"-android uiautomator","selector":"new UiSelector().descriptionContains(\"Landmark 30\")...
14:09:24.739085 POST /session/e81b9c42-6e15-47a9-88fd-afe42e5cfe7b/element [7.621666ms] ERR:404 body={"strategy":"-android uiautomator","selector":"new UiSelector().textMatches(\"(?is).*\\QLandmark 30\...
14:09:24.754586 POST /session/e81b9c42-6e15-47a9-88fd-afe42e5cfe7b/element [15.446125ms] ERR:404 body={"strategy":"-android uiautomator","selector":"new UiSelector().descriptionMatches(\"(?is).*\\QLandm...
14:09:24.761216 POST /session/e81b9c42-6e15-47a9-88fd-afe42e5cfe7b/element [6.582958ms] ERR:404 body={"strategy":"-android uiautomator","selector":"new UiSelector().textContains(\"Landmark 30\")"}
14:09:24.773192 POST /session/e81b9c42-6e15-47a9-88fd-afe42e5cfe7b/element [11.93175ms] ERR:404 body={"strategy":"-android uiautomator","selector":"new UiSelector().descriptionContains(\"Landmark 30\")...
14:09:24.778292 POST /session/e81b9c42-6e15-47a9-88fd-afe42e5cfe7b/element [5.037375ms] ERR:404 body={"strategy":"-android uiautomator","selector":"new UiSelector().textMatches(\"(?is).*\\QLandmark 30\...
14:09:24.791984 POST /session/e81b9c42-6e15-47a9-88fd-afe42e5cfe7b/element [13.611166ms] ERR:404 body={"strategy":"-android uiautomator","selector":"new UiSelector().descriptionMatches(\"(?is).*\\QLandm...
14:09:24.806359 POST /session/e81b9c42-6e15-47a9-88fd-afe42e5cfe7b/element [14.292833ms] ERR:404 body={"strategy":"-android uiautomator","selector":"new UiSelector().textContains(\"Landmark 30\")"}
14:09:24.822761 POST /session/e81b9c42-6e15-47a9-88fd-afe42e5cfe7b/element [16.321667ms] ERR:404 body={"strategy":"-android uiautomator","selector":"new UiSelector().descriptionContains(\"Landmark 30\")...
14:09:24.827861 POST /session/e81b9c42-6e15-47a9-88fd-afe42e5cfe7b/element [5.016375ms] ERR:404 body={"strategy":"-android uiautomator","selector":"new UiSelector().textMatches(\"(?is).*\\QLandmark 30\...
14:09:24.836433 POST /session/e81b9c42-6e15-47a9-88fd-afe42e5cfe7b/element [8.522917ms] ERR:404 body={"strategy":"-android uiautomator","selector":"new UiSelector().descriptionMatches(\"(?is).*\\QLandm...
14:09:24.855213 POST /session/e81b9c42-6e15-47a9-88fd-afe42e5cfe7b/element [18.727ms] ERR:404 body={"strategy":"-android uiautomator","selector":"new UiSelector().textContains(\"Landmark 30\")"}
14:09:24.862112 POST /session/e81b9c42-6e15-47a9-88fd-afe42e5cfe7b/element [6.835125ms] ERR:404 body={"strategy":"-android uiautomator","selector":"new UiSelector().descriptionContains(\"Landmark 30\")...
14:09:24.878714 POST /session/e81b9c42-6e15-47a9-88fd-afe42e5cfe7b/element [16.540667ms] ERR:404 body={"strategy":"-android uiautomator","selector":"new UiSelector().textMatches(\"(?is).*\\QLandmark 30\...
14:09:24.886552 POST /session/e81b9c42-6e15-47a9-88fd-afe42e5cfe7b/element [7.767333ms] ERR:404 body={"strategy":"-android uiautomator","selector":"new UiSelector().descriptionMatches(\"(?is).*\\QLandm...
14:09:24.895829 POST /session/e81b9c42-6e15-47a9-88fd-afe42e5cfe7b/element [9.197959ms] ERR:404 body={"strategy":"-android uiautomator","selector":"new UiSelector().textContains(\"Landmark 30\")"}
14:09:24.900910 POST /session/e81b9c42-6e15-47a9-88fd-afe42e5cfe7b/element [5.026833ms] ERR:404 body={"strategy":"-android uiautomator","selector":"new UiSelector().descriptionContains(\"Landmark 30\")...
14:09:24.907056 POST /session/e81b9c42-6e15-47a9-88fd-afe42e5cfe7b/element [6.101667ms] ERR:404 body={"strategy":"-android uiautomator","selector":"new UiSelector().textMatches(\"(?is).*\\QLandmark 30\...
14:09:24.915003 POST /session/e81b9c42-6e15-47a9-88fd-afe42e5cfe7b/element [7.893459ms] ERR:404 body={"strategy":"-android uiautomator","selector":"new UiSelector().descriptionMatches(\"(?is).*\\QLandm...
14:09:24.933745 POST /session/e81b9c42-6e15-47a9-88fd-afe42e5cfe7b/element [18.687083ms] ERR:404 body={"strategy":"-android uiautomator","selector":"new UiSelector().textContains(\"Landmark 30\")"}
14:09:24.942252 POST /session/e81b9c42-6e15-47a9-88fd-afe42e5cfe7b/element [8.441791ms] ERR:404 body={"strategy":"-android uiautomator","selector":"new UiSelector().descriptionContains(\"Landmark 30\")...
14:09:24.952519 POST /session/e81b9c42-6e15-47a9-88fd-afe42e5cfe7b/element [10.18375ms] ERR:404 body={"strategy":"-android uiautomator","selector":"new UiSelector().textMatches(\"(?is).*\\QLandmark 30\...
14:09:24.968035 POST /session/e81b9c42-6e15-47a9-88fd-afe42e5cfe7b/element [15.427542ms] ERR:404 body={"strategy":"-android uiautomator","selector":"new UiSelector().descriptionMatches(\"(?is).*\\QLandm...
14:09:24.987495 POST /session/e81b9c42-6e15-47a9-88fd-afe42e5cfe7b/element [19.353167ms] ERR:404 body={"strategy":"-android uiautomator","selector":"new UiSelector().textContains(\"Landmark 30\")"}
14:09:24.994520 POST /session/e81b9c42-6e15-47a9-88fd-afe42e5cfe7b/element [6.960875ms] ERR:404 body={"strategy":"-android uiautomator","selector":"new UiSelector().descriptionContains(\"Landmark 30\")...
14:09:25.003580 POST /session/e81b9c42-6e15-47a9-88fd-afe42e5cfe7b/element [9.00375ms] ERR:404 body={"strategy":"-android uiautomator","selector":"new UiSelector().textMatches(\"(?is).*\\QLandmark 30\...
14:09:25.008999 POST /session/e81b9c42-6e15-47a9-88fd-afe42e5cfe7b/element [5.337417ms] ERR:404 body={"strategy":"-android uiautomator","selector":"new UiSelector().descriptionMatches(\"(?is).*\\QLandm...
14:09:25.018175 POST /session/e81b9c42-6e15-47a9-88fd-afe42e5cfe7b/element [9.109916ms] ERR:404 body={"strategy":"-android uiautomator","selector":"new UiSelector().textContains(\"Landmark 30\")"}
14:09:25.035353 POST /session/e81b9c42-6e15-47a9-88fd-afe42e5cfe7b/element [17.095167ms] ERR:404 body={"strategy":"-android uiautomator","selector":"new UiSelector().descriptionContains(\"Landmark 30\")...
14:09:25.051551 POST /session/e81b9c42-6e15-47a9-88fd-afe42e5cfe7b/element [16.096792ms] ERR:404 body={"strategy":"-android uiautomator","selector":"new UiSelector().textMatches(\"(?is).*\\QLandmark 30\...
14:09:25.056202 POST /session/e81b9c42-6e15-47a9-88fd-afe42e5cfe7b/element [4.579208ms] ERR:404 body={"strategy":"-android uiautomator","selector":"new UiSelector().descriptionMatches(\"(?is).*\\QLandm...
14:09:25.064893 POST /session/e81b9c42-6e15-47a9-88fd-afe42e5cfe7b/element [8.622916ms] ERR:404 body={"strategy":"-android uiautomator","selector":"new UiSelector().textContains(\"Landmark 30\")"}
14:09:25.082304 POST /session/e81b9c42-6e15-47a9-88fd-afe42e5cfe7b/element [17.346042ms] ERR:404 body={"strategy":"-android uiautomator","selector":"new UiSelector().descriptionContains(\"Landmark 30\")...
14:09:25.088273 POST /session/e81b9c42-6e15-47a9-88fd-afe42e5cfe7b/element [5.90775ms] ERR:404 body={"strategy":"-android uiautomator","selector":"new UiSelector().textMatches(\"(?is).*\\QLandmark 30\...
14:09:25.093400 POST /session/e81b9c42-6e15-47a9-88fd-afe42e5cfe7b/element [5.055375ms] ERR:404 body={"strategy":"-android uiautomator","selector":"new UiSelector().descriptionMatches(\"(?is).*\\QLandm...
14:09:25.104212 POST /session/e81b9c42-6e15-47a9-88fd-afe42e5cfe7b/element [10.744708ms] ERR:404 body={"strategy":"-android uiautomator","selector":"new UiSelector().textContains(\"Landmark 30\")"}
14:09:25.111870 POST /session/e81b9c42-6e15-47a9-88fd-afe42e5cfe7b/element [7.605ms] ERR:404 body={"strategy":"-android uiautomator","selector":"new UiSelector().descriptionContains(\"Landmark 30\")...
14:09:25.124959 POST /session/e81b9c42-6e15-47a9-88fd-afe42e5cfe7b/element [13.008875ms] ERR:404 body={"strategy":"-android uiautomator","selector":"new UiSelector().textMatches(\"(?is).*\\QLandmark 30\...
14:09:25.141454 POST /session/e81b9c42-6e15-47a9-88fd-afe42e5cfe7b/element [16.40025ms] ERR:404 body={"strategy":"-android uiautomator","selector":"new UiSelector().descriptionMatches(\"(?is).*\\QLandm...
14:09:25.159011 POST /session/e81b9c42-6e15-47a9-88fd-afe42e5cfe7b/element [17.472667ms] ERR:404 body={"strategy":"-android uiautomator","selector":"new UiSelector().textContains(\"Landmark 30\")"}
14:09:25.178067 POST /session/e81b9c42-6e15-47a9-88fd-afe42e5cfe7b/element [18.983916ms] ERR:404 body={"strategy":"-android uiautomator","selector":"new UiSelector().descriptionContains(\"Landmark 30\")...
14:09:25.192683 POST /session/e81b9c42-6e15-47a9-88fd-afe42e5cfe7b/element [14.474417ms] ERR:404 body={"strategy":"-android uiautomator","selector":"new UiSelector().textMatches(\"(?is).*\\QLandmark 30\...
14:09:25.206124 POST /session/e81b9c42-6e15-47a9-88fd-afe42e5cfe7b/element [13.335167ms] ERR:404 body={"strategy":"-android uiautomator","selector":"new UiSelector().descriptionMatches(\"(?is).*\\QLandm...
14:09:25.226190 GET /session/e81b9c42-6e15-47a9-88fd-afe42e5cfe7b/source [19.774375ms] OK body=
14:09:25.232309 POST /session/e81b9c42-6e15-47a9-88fd-afe42e5cfe7b/element [5.255083ms] ERR:404 body={"strategy":"-android uiautomator","selector":"new UiSelector().textContains(\"Landmark 30\")"}
14:09:25.239790 POST /session/e81b9c42-6e15-47a9-88fd-afe42e5cfe7b/element [7.405375ms] ERR:404 body={"strategy":"-android uiautomator","selector":"new UiSelector().descriptionContains(\"Landmark 30\")...
14:09:25.258589 POST /session/e81b9c42-6e15-47a9-88fd-afe42e5cfe7b/element [18.521125ms] ERR:404 body={"strategy":"-android uiautomator","selector":"new UiSelector().textMatches(\"(?is).*\\QLandmark 30\...
14:09:25.263453 POST /session/e81b9c42-6e15-47a9-88fd-afe42e5cfe7b/element [4.792375ms] ERR:404 body={"strategy":"-android uiautomator","selector":"new UiSelector().descriptionMatches(\"(?is).*\\QLandm...
14:09:25.269301 POST /session/e81b9c42-6e15-47a9-88fd-afe42e5cfe7b/element [5.733875ms] ERR:404 body={"strategy":"-android uiautomator","selector":"new UiSelector().textContains(\"Landmark 30\")"}
14:09:25.282743 POST /session/e81b9c42-6e15-47a9-88fd-afe42e5cfe7b/element [13.324667ms] ERR:404 body={"strategy":"-android uiautomator","selector":"new UiSelector().descriptionContains(\"Landmark 30\")...
14:09:25.300101 POST /session/e81b9c42-6e15-47a9-88fd-afe42e5cfe7b/element [17.271084ms] ERR:404 body={"strategy":"-android uiautomator","selector":"new UiSelector().textMatches(\"(?is).*\\QLandmark 30\...
14:09:25.319772 POST /session/e81b9c42-6e15-47a9-88fd-afe42e5cfe7b/element [19.605ms] ERR:404 body={"strategy":"-android uiautomator","selector":"new UiSelector().descriptionMatches(\"(?is).*\\QLandm...
14:09:25.339987 POST /session/e81b9c42-6e15-47a9-88fd-afe42e5cfe7b/element [20.139333ms] ERR:404 body={"strategy":"-android uiautomator","selector":"new UiSelector().textContains(\"Landmark 30\")"}
14:09:25.345190 POST /session/e81b9c42-6e15-47a9-88fd-afe42e5cfe7b/element [5.143292ms] ERR:404 body={"strategy":"-android uiautomator","selector":"new UiSelector().descriptionContains(\"Landmark 30\")...
14:09:25.359913 POST /session/e81b9c42-6e15-47a9-88fd-afe42e5cfe7b/element [14.653ms] ERR:404 body={"strategy":"-android uiautomator","selector":"new UiSelector().textMatches(\"(?is).*\\QLandmark 30\...
14:09:25.375147 POST /session/e81b9c42-6e15-47a9-88fd-afe42e5cfe7b/element [15.146042ms] ERR:404 body={"strategy":"-android uiautomator","selector":"new UiSelector().descriptionMatches(\"(?is).*\\QLandm...
14:09:25.389390 POST /session/e81b9c42-6e15-47a9-88fd-afe42e5cfe7b/element [14.142083ms] ERR:404 body={"strategy":"-android uiautomator","selector":"new UiSelector().textContains(\"Landmark 30\")"}
14:09:25.397222 POST /session/e81b9c42-6e15-47a9-88fd-afe42e5cfe7b/element [7.7715ms] ERR:404 body={"strategy":"-android uiautomator","selector":"new UiSelector().descriptionContains(\"Landmark 30\")...
14:09:25.402189 POST /session/e81b9c42-6e15-47a9-88fd-afe42e5cfe7b/element [4.918375ms] ERR:404 body={"strategy":"-android uiautomator","selector":"new UiSelector().textMatches(\"(?is).*\\QLandmark 30\...
14:09:25.407186 POST /session/e81b9c42-6e15-47a9-88fd-afe42e5cfe7b/element [4.948333ms] ERR:404 body={"strategy":"-android uiautomator","selector":"new UiSelector().descriptionMatches(\"(?is).*\\QLandm...
14:09:25.421413 POST /session/e81b9c42-6e15-47a9-88fd-afe42e5cfe7b/element [14.190125ms] ERR:404 body={"strategy":"-android uiautomator","selector":"new UiSelector().textContains(\"Landmark 30\")"}
14:09:25.434734 POST /session/e81b9c42-6e15-47a9-88fd-afe42e5cfe7b/element [13.250042ms] ERR:404 body={"strategy":"-android uiautomator","selector":"new UiSelector().descriptionContains(\"Landmark 30\")...
14:09:25.447350 POST /session/e81b9c42-6e15-47a9-88fd-afe42e5cfe7b/element [12.550458ms] ERR:404 body={"strategy":"-android uiautomator","selector":"new UiSelector().textMatches(\"(?is).*\\QLandmark 30\...
14:09:25.457539 POST /session/e81b9c42-6e15-47a9-88fd-afe42e5cfe7b/element [10.110917ms] ERR:404 body={"strategy":"-android uiautomator","selector":"new UiSelector().descriptionMatches(\"(?is).*\\QLandm...
14:09:25.470491 POST /session/e81b9c42-6e15-47a9-88fd-afe42e5cfe7b/element [12.870209ms] ERR:404 body={"strategy":"-android uiautomator","selector":"new UiSelector().textContains(\"Landmark 30\")"}
14:09:25.476663 POST /session/e81b9c42-6e15-47a9-88fd-afe42e5cfe7b/element [6.123167ms] ERR:404 body={"strategy":"-android uiautomator","selector":"new UiSelector().descriptionContains(\"Landmark 30\")...
14:09:25.482165 POST /session/e81b9c42-6e15-47a9-88fd-afe42e5cfe7b/element [5.455084ms] ERR:404 body={"strategy":"-android uiautomator","selector":"new UiSelector().textMatches(\"(?is).*\\QLandmark 30\...
14:09:25.491358 POST /session/e81b9c42-6e15-47a9-88fd-afe42e5cfe7b/element [9.144917ms] ERR:404 body={"strategy":"-android uiautomator","selector":"new UiSelector().descriptionMatches(\"(?is).*\\QLandm...
14:09:25.503166 POST /session/e81b9c42-6e15-47a9-88fd-afe42e5cfe7b/element [11.75825ms] ERR:404 body={"strategy":"-android uiautomator","selector":"new UiSelector().textContains(\"Landmark 30\")"}
14:09:25.511787 POST /session/e81b9c42-6e15-47a9-88fd-afe42e5cfe7b/element [8.548625ms] ERR:404 body={"strategy":"-android uiautomator","selector":"new UiSelector().descriptionContains(\"Landmark 30\")...
14:09:25.526802 POST /session/e81b9c42-6e15-47a9-88fd-afe42e5cfe7b/element [14.933583ms] ERR:404 body={"strategy":"-android uiautomator","selector":"new UiSelector().textMatches(\"(?is).*\\QLandmark 30\...
14:09:25.536550 POST /session/e81b9c42-6e15-47a9-88fd-afe42e5cfe7b/element [9.672416ms] ERR:404 body={"strategy":"-android uiautomator","selector":"new UiSelector().descriptionMatches(\"(?is).*\\QLandm...
14:09:25.547926 POST /session/e81b9c42-6e15-47a9-88fd-afe42e5cfe7b/element [11.314292ms] ERR:404 body={"strategy":"-android uiautomator","selector":"new UiSelector().textContains(\"Landmark 30\")"}
14:09:25.560720 POST /session/e81b9c42-6e15-47a9-88fd-afe42e5cfe7b/element [12.749458ms] ERR:404 body={"strategy":"-android uiautomator","selector":"new UiSelector().descriptionContains(\"Landmark 30\")...
14:09:25.575471 POST /session/e81b9c42-6e15-47a9-88fd-afe42e5cfe7b/element [14.695583ms] ERR:404 body={"strategy":"-android uiautomator","selector":"new UiSelector().textMatches(\"(?is).*\\QLandmark 30\...
14:09:25.579392 POST /session/e81b9c42-6e15-47a9-88fd-afe42e5cfe7b/element [3.872958ms] ERR:404 body={"strategy":"-android uiautomator","selector":"new UiSelector().descriptionMatches(\"(?is).*\\QLandm...
14:09:25.596180 POST /session/e81b9c42-6e15-47a9-88fd-afe42e5cfe7b/element [16.725125ms] ERR:404 body={"strategy":"-android uiautomator","selector":"new UiSelector().textContains(\"Landmark 30\")"}
14:09:25.607833 POST /session/e81b9c42-6e15-47a9-88fd-afe42e5cfe7b/element [11.581292ms] ERR:404 body={"strategy":"-android uiautomator","selector":"new UiSelector().descriptionContains(\"Landmark 30\")...
14:09:25.619469 POST /session/e81b9c42-6e15-47a9-88fd-afe42e5cfe7b/element [11.560583ms] ERR:404 body={"strategy":"-android uiautomator","selector":"new UiSelector().textMatches(\"(?is).*\\QLandmark 30\...
14:09:25.624573 POST /session/e81b9c42-6e15-47a9-88fd-afe42e5cfe7b/element [5.035875ms] ERR:404 body={"strategy":"-android uiautomator","selector":"new UiSelector().descriptionMatches(\"(?is).*\\QLandm...
14:09:25.629189 POST /session/e81b9c42-6e15-47a9-88fd-afe42e5cfe7b/element [4.556584ms] ERR:404 body={"strategy":"-android uiautomator","selector":"new UiSelector().textContains(\"Landmark 30\")"}
14:09:25.647503 POST /session/e81b9c42-6e15-47a9-88fd-afe42e5cfe7b/element [18.278583ms] ERR:404 body={"strategy":"-android uiautomator","selector":"new UiSelector().descriptionContains(\"Landmark 30\")...
14:09:25.662756 POST /session/e81b9c42-6e15-47a9-88fd-afe42e5cfe7b/element [15.200459ms] ERR:404 body={"strategy":"-android uiautomator","selector":"new UiSelector().textMatches(\"(?is).*\\QLandmark 30\...
14:09:25.668535 POST /session/e81b9c42-6e15-47a9-88fd-afe42e5cfe7b/element [5.716959ms] ERR:404 body={"strategy":"-android uiautomator","selector":"new UiSelector().descriptionMatches(\"(?is).*\\QLandm...
14:09:25.685219 POST /session/e81b9c42-6e15-47a9-88fd-afe42e5cfe7b/element [16.6005ms] ERR:404 body={"strategy":"-android uiautomator","selector":"new UiSelector().textContains(\"Landmark 30\")"}
14:09:25.692066 POST /session/e81b9c42-6e15-47a9-88fd-afe42e5cfe7b/element [6.769125ms] ERR:404 body={"strategy":"-android uiautomator","selector":"new UiSelector().descriptionContains(\"Landmark 30\")...
14:09:25.708247 POST /session/e81b9c42-6e15-47a9-88fd-afe42e5cfe7b/element [16.117334ms] ERR:404 body={"strategy":"-android uiautomator","selector":"new UiSelector().textMatches(\"(?is).*\\QLandmark 30\...
14:09:25.713126 POST /session/e81b9c42-6e15-47a9-88fd-afe42e5cfe7b/element [4.823416ms] ERR:404 body={"strategy":"-android uiautomator","selector":"new UiSelector().descriptionMatches(\"(?is).*\\QLandm...
14:09:25.731876 POST /session/e81b9c42-6e15-47a9-88fd-afe42e5cfe7b/element [18.705625ms] ERR:404 body={"strategy":"-android uiautomator","selector":"new UiSelector().textContains(\"Landmark 30\")"}
14:09:25.745675 POST /session/e81b9c42-6e15-47a9-88fd-afe42e5cfe7b/element [13.74675ms] ERR:404 body={"strategy":"-android uiautomator","selector":"new UiSelector().descriptionContains(\"Landmark 30\")...
14:09:25.758113 POST /session/e81b9c42-6e15-47a9-88fd-afe42e5cfe7b/element [12.374541ms] ERR:404 body={"strategy":"-android uiautomator","selector":"new UiSelector().textMatches(\"(?is).*\\QLandmark 30\...
14:09:25.770305 POST /session/e81b9c42-6e15-47a9-88fd-afe42e5cfe7b/element [12.138291ms] ERR:404 body={"strategy":"-android uiautomator","selector":"new UiSelector().descriptionMatches(\"(?is).*\\QLandm...
14:09:25.791114 POST /session/e81b9c42-6e15-47a9-88fd-afe42e5cfe7b/element [20.741916ms] ERR:404 body={"strategy":"-android uiautomator","selector":"new UiSelector().textContains(\"Landmark 30\")"}
14:09:25.806390 POST /session/e81b9c42-6e15-47a9-88fd-afe42e5cfe7b/element [15.211667ms] ERR:404 body={"strategy":"-android uiautomator","selector":"new UiSelector().descriptionContains(\"Landmark 30\")...
14:09:25.816461 POST /session/e81b9c42-6e15-47a9-88fd-afe42e5cfe7b/element [10.009458ms] ERR:404 body={"strategy":"-android uiautomator","selector":"new UiSelector().textMatches(\"(?is).*\\QLandmark 30\...
14:09:25.820967 POST /session/e81b9c42-6e15-47a9-88fd-afe42e5cfe7b/element [4.434708ms] ERR:404 body={"strategy":"-android uiautomator","selector":"new UiSelector().descriptionMatches(\"(?is).*\\QLandm...
14:09:25.825716 POST /session/e81b9c42-6e15-47a9-88fd-afe42e5cfe7b/element [4.708042ms] ERR:404 body={"strategy":"-android uiautomator","selector":"new UiSelector().textContains(\"Landmark 30\")"}
14:09:25.833050 POST /session/e81b9c42-6e15-47a9-88fd-afe42e5cfe7b/element [7.29775ms] ERR:404 body={"strategy":"-android uiautomator","selector":"new UiSelector().descriptionContains(\"Landmark 30\")...
14:09:25.838402 POST /session/e81b9c42-6e15-47a9-88fd-afe42e5cfe7b/element [5.225958ms] ERR:404 body={"strategy":"-android uiautomator","selector":"new UiSelector().textMatches(\"(?is).*\\QLandmark 30\...
14:09:25.848490 POST /session/e81b9c42-6e15-47a9-88fd-afe42e5cfe7b/element [10.018459ms] ERR:404 body={"strategy":"-android uiautomator","selector":"new UiSelector().descriptionMatches(\"(?is).*\\QLandm...
14:09:25.861418 POST /session/e81b9c42-6e15-47a9-88fd-afe42e5cfe7b/element [12.831875ms] ERR:404 body={"strategy":"-android uiautomator","selector":"new UiSelector().textContains(\"Landmark 30\")"}
14:09:25.877454 POST /session/e81b9c42-6e15-47a9-88fd-afe42e5cfe7b/element [15.942166ms] ERR:404 body={"strategy":"-android uiautomator","selector":"new UiSelector().descriptionContains(\"Landmark 30\")...
14:09:25.883442 POST /session/e81b9c42-6e15-47a9-88fd-afe42e5cfe7b/element [5.925917ms] ERR:404 body={"strategy":"-android uiautomator","selector":"new UiSelector().textMatches(\"(?is).*\\QLandmark 30\...
14:09:25.898083 POST /session/e81b9c42-6e15-47a9-88fd-afe42e5cfe7b/element [14.588042ms] ERR:404 body={"strategy":"-android uiautomator","selector":"new UiSelector().descriptionMatches(\"(?is).*\\QLandm...
14:09:25.918097 POST /session/e81b9c42-6e15-47a9-88fd-afe42e5cfe7b/element [19.94ms] ERR:404 body={"strategy":"-android uiautomator","selector":"new UiSelector().textContains(\"Landmark 30\")"}
14:09:25.924081 POST /session/e81b9c42-6e15-47a9-88fd-afe42e5cfe7b/element [5.840167ms] ERR:404 body={"strategy":"-android uiautomator","selector":"new UiSelector().descriptionContains(\"Landmark 30\")...
14:09:25.932802 POST /session/e81b9c42-6e15-47a9-88fd-afe42e5cfe7b/element [8.639666ms] ERR:404 body={"strategy":"-android uiautomator","selector":"new UiSelector().textMatches(\"(?is).*\\QLandmark 30\...
14:09:25.943565 POST /session/e81b9c42-6e15-47a9-88fd-afe42e5cfe7b/element [10.657042ms] ERR:404 body={"strategy":"-android uiautomator","selector":"new UiSelector().descriptionMatches(\"(?is).*\\QLandm...
14:09:25.956787 POST /session/e81b9c42-6e15-47a9-88fd-afe42e5cfe7b/element [13.126709ms] ERR:404 body={"strategy":"-android uiautomator","selector":"new UiSelector().textContains(\"Landmark 30\")"}
14:09:25.964157 POST /session/e81b9c42-6e15-47a9-88fd-afe42e5cfe7b/element [7.289917ms] ERR:404 body={"strategy":"-android uiautomator","selector":"new UiSelector().descriptionContains(\"Landmark 30\")...
14:09:25.970337 POST /session/e81b9c42-6e15-47a9-88fd-afe42e5cfe7b/element [6.132834ms] ERR:404 body={"strategy":"-android uiautomator","selector":"new UiSelector().textMatches(\"(?is).*\\QLandmark 30\...
14:09:25.975583 POST /session/e81b9c42-6e15-47a9-88fd-afe42e5cfe7b/element [5.202958ms] ERR:404 body={"strategy":"-android uiautomator","selector":"new UiSelector().descriptionMatches(\"(?is).*\\QLandm...
14:09:25.982566 POST /session/e81b9c42-6e15-47a9-88fd-afe42e5cfe7b/element [6.942917ms] ERR:404 body={"strategy":"-android uiautomator","selector":"new UiSelector().textContains(\"Landmark 30\")"}
14:09:25.996125 POST /session/e81b9c42-6e15-47a9-88fd-afe42e5cfe7b/element [13.49575ms] ERR:404 body={"strategy":"-android uiautomator","selector":"new UiSelector().descriptionContains(\"Landmark 30\")...
14:09:26.015571 POST /session/e81b9c42-6e15-47a9-88fd-afe42e5cfe7b/element [19.350958ms] ERR:404 body={"strategy":"-android uiautomator","selector":"new UiSelector().textMatches(\"(?is).*\\QLandmark 30\...
14:09:26.028049 POST /session/e81b9c42-6e15-47a9-88fd-afe42e5cfe7b/element [12.397583ms] ERR:404 body={"strategy":"-android uiautomator","selector":"new UiSelector().descriptionMatches(\"(?is).*\\QLandm...
14:09:26.045187 POST /session/e81b9c42-6e15-47a9-88fd-afe42e5cfe7b/element [17.0415ms] ERR:404 body={"strategy":"-android uiautomator","selector":"new UiSelector().textContains(\"Landmark 30\")"}
14:09:26.050290 POST /session/e81b9c42-6e15-47a9-88fd-afe42e5cfe7b/element [4.775209ms] ERR:404 body={"strategy":"-android uiautomator","selector":"new UiSelector().descriptionContains(\"Landmark 30\")...
14:09:26.057013 POST /session/e81b9c42-6e15-47a9-88fd-afe42e5cfe7b/element [6.676417ms] ERR:404 body={"strategy":"-android uiautomator","selector":"new UiSelector().textMatches(\"(?is).*\\QLandmark 30\...
14:09:26.074736 POST /session/e81b9c42-6e15-47a9-88fd-afe42e5cfe7b/element [17.67425ms] ERR:404 body={"strategy":"-android uiautomator","selector":"new UiSelector().descriptionMatches(\"(?is).*\\QLandm...
14:09:26.092338 POST /session/e81b9c42-6e15-47a9-88fd-afe42e5cfe7b/element [17.504958ms] ERR:404 body={"strategy":"-android uiautomator","selector":"new UiSelector().textContains(\"Landmark 30\")"}
14:09:26.109237 POST /session/e81b9c42-6e15-47a9-88fd-afe42e5cfe7b/element [16.804375ms] ERR:404 body={"strategy":"-android uiautomator","selector":"new UiSelector().descriptionContains(\"Landmark 30\")...
14:09:26.114797 POST /session/e81b9c42-6e15-47a9-88fd-afe42e5cfe7b/element [5.479458ms] ERR:404 body={"strategy":"-android uiautomator","selector":"new UiSelector().textMatches(\"(?is).*\\QLandmark 30\...
14:09:26.132864 POST /session/e81b9c42-6e15-47a9-88fd-afe42e5cfe7b/element [18.01475ms] ERR:404 body={"strategy":"-android uiautomator","selector":"new UiSelector().descriptionMatches(\"(?is).*\\QLandm...
14:09:26.151715 POST /session/e81b9c42-6e15-47a9-88fd-afe42e5cfe7b/element [18.787458ms] ERR:404 body={"strategy":"-android uiautomator","selector":"new UiSelector().textContains(\"Landmark 30\")"}
14:09:26.156254 POST /session/e81b9c42-6e15-47a9-88fd-afe42e5cfe7b/element [4.464667ms] ERR:404 body={"strategy":"-android uiautomator","selector":"new UiSelector().descriptionContains(\"Landmark 30\")...
14:09:26.171172 POST /session/e81b9c42-6e15-47a9-88fd-afe42e5cfe7b/element [14.860084ms] ERR:404 body={"strategy":"-android uiautomator","selector":"new UiSelector().textMatches(\"(?is).*\\QLandmark 30\...
14:09:26.177541 POST /session/e81b9c42-6e15-47a9-88fd-afe42e5cfe7b/element [6.292ms] ERR:404 body={"strategy":"-android uiautomator","selector":"new UiSelector().descriptionMatches(\"(?is).*\\QLandm...
14:09:26.189146 POST /session/e81b9c42-6e15-47a9-88fd-afe42e5cfe7b/element [11.5235ms] ERR:404 body={"strategy":"-android uiautomator","selector":"new UiSelector().textContains(\"Landmark 30\")"}
14:09:26.198276 POST /session/e81b9c42-6e15-47a9-88fd-afe42e5cfe7b/element [9.0715ms] ERR:404 body={"strategy":"-android uiautomator","selector":"new UiSelector().descriptionContains(\"Landmark 30\")...
14:09:26.219612 POST /session/e81b9c42-6e15-47a9-88fd-afe42e5cfe7b/element [21.282292ms] ERR:404 body={"strategy":"-android uiautomator","selector":"new UiSelector().textMatches(\"(?is).*\\QLandmark 30\...
14:09:26.236262 POST /session/e81b9c42-6e15-47a9-88fd-afe42e5cfe7b/element [16.562167ms] ERR:404 body={"strategy":"-android uiautomator","selector":"new UiSelector().descriptionMatches(\"(?is).*\\QLandm...
14:09:26.257044 GET /session/e81b9c42-6e15-47a9-88fd-afe42e5cfe7b/source [20.564583ms] OK body=
14:09:26.263258 POST /session/e81b9c42-6e15-47a9-88fd-afe42e5cfe7b/element [5.375625ms] ERR:404 body={"strategy":"-android uiautomator","selector":"new UiSelector().textContains(\"Landmark 30\")"}
14:09:26.269219 POST /session/e81b9c42-6e15-47a9-88fd-afe42e5cfe7b/element [5.899833ms] ERR:404 body={"strategy":"-android uiautomator","selector":"new UiSelector().descriptionContains(\"Landmark 30\")...
14:09:26.278420 POST /session/e81b9c42-6e15-47a9-88fd-afe42e5cfe7b/element [9.152792ms] ERR:404 body={"strategy":"-android uiautomator","selector":"new UiSelector().textMatches(\"(?is).*\\QLandmark 30\...
14:09:26.296724 POST /session/e81b9c42-6e15-47a9-88fd-afe42e5cfe7b/element [18.248791ms] ERR:404 body={"strategy":"-android uiautomator","selector":"new UiSelector().descriptionMatches(\"(?is).*\\QLandm...
14:09:26.307104 POST /session/e81b9c42-6e15-47a9-88fd-afe42e5cfe7b/element [10.311667ms] ERR:404 body={"strategy":"-android uiautomator","selector":"new UiSelector().textContains(\"Landmark 30\")"}
14:09:26.319803 POST /session/e81b9c42-6e15-47a9-88fd-afe42e5cfe7b/element [12.615042ms] ERR:404 body={"strategy":"-android uiautomator","selector":"new UiSelector().descriptionContains(\"Landmark 30\")...
14:09:26.332623 POST /session/e81b9c42-6e15-47a9-88fd-afe42e5cfe7b/element [12.759958ms] ERR:404 body={"strategy":"-android uiautomator","selector":"new UiSelector().textMatches(\"(?is).*\\QLandmark 30\...
14:09:26.351923 POST /session/e81b9c42-6e15-47a9-88fd-afe42e5cfe7b/element [19.201667ms] ERR:404 body={"strategy":"-android uiautomator","selector":"new UiSelector().descriptionMatches(\"(?is).*\\QLandm...
14:09:26.359213 POST /session/e81b9c42-6e15-47a9-88fd-afe42e5cfe7b/element [7.223667ms] ERR:404 body={"strategy":"-android uiautomator","selector":"new UiSelector().textContains(\"Landmark 30\")"}
14:09:26.364998 POST /session/e81b9c42-6e15-47a9-88fd-afe42e5cfe7b/element [5.740667ms] ERR:404 body={"strategy":"-android uiautomator","selector":"new UiSelector().descriptionContains(\"Landmark 30\")...
14:09:26.378406 POST /session/e81b9c42-6e15-47a9-88fd-afe42e5cfe7b/element [13.357917ms] ERR:404 body={"strategy":"-android uiautomator","selector":"new UiSelector().textMatches(\"(?is).*\\QLandmark 30\...
14:09:26.400655 POST /session/e81b9c42-6e15-47a9-88fd-afe42e5cfe7b/element [22.12325ms] ERR:404 body={"strategy":"-android uiautomator","selector":"new UiSelector().descriptionMatches(\"(?is).*\\QLandm...
14:09:26.412271 POST /session/e81b9c42-6e15-47a9-88fd-afe42e5cfe7b/element [11.508ms] ERR:404 body={"strategy":"-android uiautomator","selector":"new UiSelector().textContains(\"Landmark 30\")"}
14:09:26.422441 POST /session/e81b9c42-6e15-47a9-88fd-afe42e5cfe7b/element [10.09525ms] ERR:404 body={"strategy":"-android uiautomator","selector":"new UiSelector().descriptionContains(\"Landmark 30\")...
14:09:26.432163 POST /session/e81b9c42-6e15-47a9-88fd-afe42e5cfe7b/element [9.613875ms] ERR:404 body={"strategy":"-android uiautomator","selector":"new UiSelector().textMatches(\"(?is).*\\QLandmark 30\...
14:09:26.440357 POST /session/e81b9c42-6e15-47a9-88fd-afe42e5cfe7b/element [8.131167ms] ERR:404 body={"strategy":"-android uiautomator","selector":"new UiSelector().descriptionMatches(\"(?is).*\\QLandm...
14:09:26.450947 POST /session/e81b9c42-6e15-47a9-88fd-afe42e5cfe7b/element [10.539083ms] ERR:404 body={"strategy":"-android uiautomator","selector":"new UiSelector().textContains(\"Landmark 30\")"}
14:09:26.459121 POST /session/e81b9c42-6e15-47a9-88fd-afe42e5cfe7b/element [8.09225ms] ERR:404 body={"strategy":"-android uiautomator","selector":"new UiSelector().descriptionContains(\"Landmark 30\")...
14:09:26.468387 POST /session/e81b9c42-6e15-47a9-88fd-afe42e5cfe7b/element [9.212542ms] ERR:404 body={"strategy":"-android uiautomator","selector":"new UiSelector().textMatches(\"(?is).*\\QLandmark 30\...
14:09:26.479168 POST /session/e81b9c42-6e15-47a9-88fd-afe42e5cfe7b/element [10.7125ms] ERR:404 body={"strategy":"-android uiautomator","selector":"new UiSelector().descriptionMatches(\"(?is).*\\QLandm...
14:09:26.491078 POST /session/e81b9c42-6e15-47a9-88fd-afe42e5cfe7b/element [11.808333ms] ERR:404 body={"strategy":"-android uiautomator","selector":"new UiSelector().textContains(\"Landmark 30\")"}
14:09:26.508475 POST /session/e81b9c42-6e15-47a9-88fd-afe42e5cfe7b/element [17.298875ms] ERR:404 body={"strategy":"-android uiautomator","selector":"new UiSelector().descriptionContains(\"Landmark 30\")...
14:09:26.515448 POST /session/e81b9c42-6e15-47a9-88fd-afe42e5cfe7b/element [6.886916ms] ERR:404 body={"strategy":"-android uiautomator","selector":"new UiSelector().textMatches(\"(?is).*\\QLandmark 30\...
14:09:26.522296 POST /session/e81b9c42-6e15-47a9-88fd-afe42e5cfe7b/element [6.51525ms] ERR:404 body={"strategy":"-android uiautomator","selector":"new UiSelector().descriptionMatches(\"(?is).*\\QLandm...
14:09:26.531376 POST /session/e81b9c42-6e15-47a9-88fd-afe42e5cfe7b/element [9.002459ms] ERR:404 body={"strategy":"-android uiautomator","selector":"new UiSelector().textContains(\"Landmark 30\")"}
14:09:26.536433 POST /session/e81b9c42-6e15-47a9-88fd-afe42e5cfe7b/element [4.981417ms] ERR:404 body={"strategy":"-android uiautomator","selector":"new UiSelector().descriptionContains(\"Landmark 30\")...
14:09:26.554925 POST /session/e81b9c42-6e15-47a9-88fd-afe42e5cfe7b/element [18.435167ms] ERR:404 body={"strategy":"-android uiautomator","selector":"new UiSelector().textMatches(\"(?is).*\\QLandmark 30\...
14:09:26.560898 POST /session/e81b9c42-6e15-47a9-88fd-afe42e5cfe7b/element [5.896625ms] ERR:404 body={"strategy":"-android uiautomator","selector":"new UiSelector().descriptionMatches(\"(?is).*\\QLandm...
14:09:26.569076 POST /session/e81b9c42-6e15-47a9-88fd-afe42e5cfe7b/element [8.128334ms] ERR:404 body={"strategy":"-android uiautomator","selector":"new UiSelector().textContains(\"Landmark 30\")"}
14:09:26.578131 POST /session/e81b9c42-6e15-47a9-88fd-afe42e5cfe7b/element [8.957ms] ERR:404 body={"strategy":"-android uiautomator","selector":"new UiSelector().descriptionContains(\"Landmark 30\")...
14:09:26.592675 POST /session/e81b9c42-6e15-47a9-88fd-afe42e5cfe7b/element [14.470166ms] ERR:404 body={"strategy":"-android uiautomator","selector":"new UiSelector().textMatches(\"(?is).*\\QLandmark 30\...
14:09:26.600735 POST /session/e81b9c42-6e15-47a9-88fd-afe42e5cfe7b/element [7.986292ms] ERR:404 body={"strategy":"-android uiautomator","selector":"new UiSelector().descriptionMatches(\"(?is).*\\QLandm...
14:09:26.606208 POST /session/e81b9c42-6e15-47a9-88fd-afe42e5cfe7b/element [5.418416ms] ERR:404 body={"strategy":"-android uiautomator","selector":"new UiSelector().textContains(\"Landmark 30\")"}
14:09:26.619553 POST /session/e81b9c42-6e15-47a9-88fd-afe42e5cfe7b/element [13.282125ms] ERR:404 body={"strategy":"-android uiautomator","selector":"new UiSelector().descriptionContains(\"Landmark 30\")...
14:09:26.635181 POST /session/e81b9c42-6e15-47a9-88fd-afe42e5cfe7b/element [15.554125ms] ERR:404 body={"strategy":"-android uiautomator","selector":"new UiSelector().textMatches(\"(?is).*\\QLandmark 30\...
14:09:26.648416 POST /session/e81b9c42-6e15-47a9-88fd-afe42e5cfe7b/element [13.179334ms] ERR:404 body={"strategy":"-android uiautomator","selector":"new UiSelector().descriptionMatches(\"(?is).*\\QLandm...
14:09:26.654168 POST /session/e81b9c42-6e15-47a9-88fd-afe42e5cfe7b/element [5.682166ms] ERR:404 body={"strategy":"-android uiautomator","selector":"new UiSelector().textContains(\"Landmark 30\")"}
14:09:26.665284 POST /session/e81b9c42-6e15-47a9-88fd-afe42e5cfe7b/element [11.039ms] ERR:404 body={"strategy":"-android uiautomator","selector":"new UiSelector().descriptionContains(\"Landmark 30\")...
14:09:26.681037 POST /session/e81b9c42-6e15-47a9-88fd-afe42e5cfe7b/element [15.652834ms] ERR:404 body={"strategy":"-android uiautomator","selector":"new UiSelector().textMatches(\"(?is).*\\QLandmark 30\...
14:09:26.697257 POST /session/e81b9c42-6e15-47a9-88fd-afe42e5cfe7b/element [16.149917ms] ERR:404 body={"strategy":"-android uiautomator","selector":"new UiSelector().descriptionMatches(\"(?is).*\\QLandm...
14:09:26.706527 POST /session/e81b9c42-6e15-47a9-88fd-afe42e5cfe7b/element [9.198ms] ERR:404 body={"strategy":"-android uiautomator","selector":"new UiSelector().textContains(\"Landmark 30\")"}
14:09:26.726399 POST /session/e81b9c42-6e15-47a9-88fd-afe42e5cfe7b/element [19.824125ms] ERR:404 body={"strategy":"-android uiautomator","selector":"new UiSelector().descriptionContains(\"Landmark 30\")...
14:09:26.733120 POST /session/e81b9c42-6e15-47a9-88fd-afe42e5cfe7b/element [6.667042ms] ERR:404 body={"strategy":"-android uiautomator","selector":"new UiSelector().textMatches(\"(?is).*\\QLandmark 30\...
14:09:26.745905 POST /session/e81b9c42-6e15-47a9-88fd-afe42e5cfe7b/element [12.700667ms] ERR:404 body={"strategy":"-android uiautomator","selector":"new UiSelector().descriptionMatches(\"(?is).*\\QLandm...
14:09:26.759868 POST /session/e81b9c42-6e15-47a9-88fd-afe42e5cfe7b/element [13.874167ms] ERR:404 body={"strategy":"-android uiautomator","selector":"new UiSelector().textContains(\"Landmark 30\")"}
14:09:26.774149 POST /session/e81b9c42-6e15-47a9-88fd-afe42e5cfe7b/element [14.191042ms] ERR:404 body={"strategy":"-android uiautomator","selector":"new UiSelector().descriptionContains(\"Landmark 30\")...
14:09:26.783247 POST /session/e81b9c42-6e15-47a9-88fd-afe42e5cfe7b/element [9.017ms] ERR:404 body={"strategy":"-android uiautomator","selector":"new UiSelector().textMatches(\"(?is).*\\QLandmark 30\...
14:09:26.799085 POST /session/e81b9c42-6e15-47a9-88fd-afe42e5cfe7b/element [15.780042ms] ERR:404 body={"strategy":"-android uiautomator","selector":"new UiSelector().descriptionMatches(\"(?is).*\\QLandm...
14:09:26.804524 POST /session/e81b9c42-6e15-47a9-88fd-afe42e5cfe7b/element [5.375ms] ERR:404 body={"strategy":"-android uiautomator","selector":"new UiSelector().textContains(\"Landmark 30\")"}
14:09:26.812092 POST /session/e81b9c42-6e15-47a9-88fd-afe42e5cfe7b/element [7.536125ms] ERR:404 body={"strategy":"-android uiautomator","selector":"new UiSelector().descriptionContains(\"Landmark 30\")...
14:09:26.823434 POST /session/e81b9c42-6e15-47a9-88fd-afe42e5cfe7b/element [11.261833ms] ERR:404 body={"strategy":"-android uiautomator","selector":"new UiSelector().textMatches(\"(?is).*\\QLandmark 30\...
14:09:26.837884 POST /session/e81b9c42-6e15-47a9-88fd-afe42e5cfe7b/element [14.35825ms] ERR:404 body={"strategy":"-android uiautomator","selector":"new UiSelector().descriptionMatches(\"(?is).*\\QLandm...
14:09:26.862201 POST /session/e81b9c42-6e15-47a9-88fd-afe42e5cfe7b/element [24.224542ms] ERR:404 body={"strategy":"-android uiautomator","selector":"new UiSelector().textContains(\"Landmark 30\")"}
14:09:26.872176 POST /session/e81b9c42-6e15-47a9-88fd-afe42e5cfe7b/element [9.924083ms] ERR:404 body={"strategy":"-android uiautomator","selector":"new UiSelector().descriptionContains(\"Landmark 30\")...
14:09:26.882862 POST /session/e81b9c42-6e15-47a9-88fd-afe42e5cfe7b/element [10.580083ms] ERR:404 body={"strategy":"-android uiautomator","selector":"new UiSelector().textMatches(\"(?is).*\\QLandmark 30\...
14:09:26.892343 POST /session/e81b9c42-6e15-47a9-88fd-afe42e5cfe7b/element [9.418625ms] ERR:404 body={"strategy":"-android uiautomator","selector":"new UiSelector().descriptionMatches(\"(?is).*\\QLandm...
14:09:26.899200 POST /session/e81b9c42-6e15-47a9-88fd-afe42e5cfe7b/element [6.781208ms] ERR:404 body={"strategy":"-android uiautomator","selector":"new UiSelector().textContains(\"Landmark 30\")"}
14:09:26.912710 POST /session/e81b9c42-6e15-47a9-88fd-afe42e5cfe7b/element [13.429709ms] ERR:404 body={"strategy":"-android uiautomator","selector":"new UiSelector().descriptionContains(\"Landmark 30\")...
14:09:26.918449 POST /session/e81b9c42-6e15-47a9-88fd-afe42e5cfe7b/element [5.647375ms] ERR:404 body={"strategy":"-android uiautomator","selector":"new UiSelector().textMatches(\"(?is).*\\QLandmark 30\...
14:09:26.936996 POST /session/e81b9c42-6e15-47a9-88fd-afe42e5cfe7b/element [18.485333ms] ERR:404 body={"strategy":"-android uiautomator","selector":"new UiSelector().descriptionMatches(\"(?is).*\\QLandm...
14:09:26.947369 POST /session/e81b9c42-6e15-47a9-88fd-afe42e5cfe7b/element [10.315958ms] ERR:404 body={"strategy":"-android uiautomator","selector":"new UiSelector().textContains(\"Landmark 30\")"}
14:09:26.955582 POST /session/e81b9c42-6e15-47a9-88fd-afe42e5cfe7b/element [8.163ms] ERR:404 body={"strategy":"-android uiautomator","selector":"new UiSelector().descriptionContains(\"Landmark 30\")...
14:09:26.962786 POST /session/e81b9c42-6e15-47a9-88fd-afe42e5cfe7b/element [7.154542ms] ERR:404 body={"strategy":"-android uiautomator","selector":"new UiSelector().textMatches(\"(?is).*\\QLandmark 30\...
14:09:26.977965 POST /session/e81b9c42-6e15-47a9-88fd-afe42e5cfe7b/element [15.109791ms] ERR:404 body={"strategy":"-android uiautomator","selector":"new UiSelector().descriptionMatches(\"(?is).*\\QLandm...
14:09:26.992334 POST /session/e81b9c42-6e15-47a9-88fd-afe42e5cfe7b/element [14.299041ms] ERR:404 body={"strategy":"-android uiautomator","selector":"new UiSelector().textContains(\"Landmark 30\")"}
14:09:27.002640 POST /session/e81b9c42-6e15-47a9-88fd-afe42e5cfe7b/element [10.230708ms] ERR:404 body={"strategy":"-android uiautomator","selector":"new UiSelector().descriptionContains(\"Landmark 30\")...
14:09:27.011108 POST /session/e81b9c42-6e15-47a9-88fd-afe42e5cfe7b/element [8.407083ms] ERR:404 body={"strategy":"-android uiautomator","selector":"new UiSelector().textMatches(\"(?is).*\\QLandmark 30\...
14:09:27.023594 POST /session/e81b9c42-6e15-47a9-88fd-afe42e5cfe7b/element [12.432709ms] ERR:404 body={"strategy":"-android uiautomator","selector":"new UiSelector().descriptionMatches(\"(?is).*\\QLandm...
14:09:27.031596 POST /session/e81b9c42-6e15-47a9-88fd-afe42e5cfe7b/element [7.934167ms] ERR:404 body={"strategy":"-android uiautomator","selector":"new UiSelector().textContains(\"Landmark 30\")"}
14:09:27.045323 POST /session/e81b9c42-6e15-47a9-88fd-afe42e5cfe7b/element [13.660209ms] ERR:404 body={"strategy":"-android uiautomator","selector":"new UiSelector().descriptionContains(\"Landmark 30\")...
14:09:27.052318 POST /session/e81b9c42-6e15-47a9-88fd-afe42e5cfe7b/element [6.938041ms] ERR:404 body={"strategy":"-android uiautomator","selector":"new UiSelector().textMatches(\"(?is).*\\QLandmark 30\...
14:09:27.061394 POST /session/e81b9c42-6e15-47a9-88fd-afe42e5cfe7b/element [9.002542ms] ERR:404 body={"strategy":"-android uiautomator","selector":"new UiSelector().descriptionMatches(\"(?is).*\\QLandm...
14:09:27.073272 POST /session/e81b9c42-6e15-47a9-88fd-afe42e5cfe7b/element [11.804ms] ERR:404 body={"strategy":"-android uiautomator","selector":"new UiSelector().textContains(\"Landmark 30\")"}
14:09:27.084474 POST /session/e81b9c42-6e15-47a9-88fd-afe42e5cfe7b/element [11.13025ms] ERR:404 body={"strategy":"-android uiautomator","selector":"new UiSelector().descriptionContains(\"Landmark 30\")...
14:09:27.095305 POST /session/e81b9c42-6e15-47a9-88fd-afe42e5cfe7b/element [10.776ms] ERR:404 body={"strategy":"-android uiautomator","selector":"new UiSelector().textMatches(\"(?is).*\\QLandmark 30\...
14:09:27.111333 POST /session/e81b9c42-6e15-47a9-88fd-afe42e5cfe7b/element [15.945625ms] ERR:404 body={"strategy":"-android uiautomator","selector":"new UiSelector().descriptionMatches(\"(?is).*\\QLandm...
14:09:27.121540 POST /session/e81b9c42-6e15-47a9-88fd-afe42e5cfe7b/element [10.154625ms] ERR:404 body={"strategy":"-android uiautomator","selector":"new UiSelector().textContains(\"Landmark 30\")"}
14:09:27.132598 POST /session/e81b9c42-6e15-47a9-88fd-afe42e5cfe7b/element [10.983125ms] ERR:404 body={"strategy":"-android uiautomator","selector":"new UiSelector().descriptionContains(\"Landmark 30\")...
14:09:27.143773 POST /session/e81b9c42-6e15-47a9-88fd-afe42e5cfe7b/element [11.100083ms] ERR:404 body={"strategy":"-android uiautomator","selector":"new UiSelector().textMatches(\"(?is).*\\QLandmark 30\...
14:09:27.153073 POST /session/e81b9c42-6e15-47a9-88fd-afe42e5cfe7b/element [9.155542ms] ERR:404 body={"strategy":"-android uiautomator","selector":"new UiSelector().descriptionMatches(\"(?is).*\\QLandm...
14:09:27.167188 POST /session/e81b9c42-6e15-47a9-88fd-afe42e5cfe7b/element [14.0355ms] ERR:404 body={"strategy":"-android uiautomator","selector":"new UiSelector().textContains(\"Landmark 30\")"}
14:09:27.187420 POST /session/e81b9c42-6e15-47a9-88fd-afe42e5cfe7b/element [20.148667ms] ERR:404 body={"strategy":"-android uiautomator","selector":"new UiSelector().descriptionContains(\"Landmark 30\")...
14:09:27.194306 POST /session/e81b9c42-6e15-47a9-88fd-afe42e5cfe7b/element [6.7845ms] ERR:404 body={"strategy":"-android uiautomator","selector":"new UiSelector().textMatches(\"(?is).*\\QLandmark 30\...
14:09:27.212160 POST /session/e81b9c42-6e15-47a9-88fd-afe42e5cfe7b/element [17.794292ms] ERR:404 body={"strategy":"-android uiautomator","selector":"new UiSelector().descriptionMatches(\"(?is).*\\QLandm...
14:09:27.218796 POST /session/e81b9c42-6e15-47a9-88fd-afe42e5cfe7b/element [6.571833ms] ERR:404 body={"strategy":"-android uiautomator","selector":"new UiSelector().textContains(\"Landmark 30\")"}
14:09:27.229217 POST /session/e81b9c42-6e15-47a9-88fd-afe42e5cfe7b/element [10.336667ms] ERR:404 body={"strategy":"-android uiautomator","selector":"new UiSelector().descriptionContains(\"Landmark 30\")...
14:09:27.794067 POST /session/e81b9c42-6e15-47a9-88fd-afe42e5cfe7b/element [564.747083ms] ERR:404 body={"strategy":"-android uiautomator","selector":"new UiSelector().textMatches(\"(?is).*\\QLandmark 30\...
14:09:27.824127 POST /session/e81b9c42-6e15-47a9-88fd-afe42e5cfe7b/element [29.943375ms] ERR:404 body={"strategy":"-android uiautomator","selector":"new UiSelector().descriptionMatches(\"(?is).*\\QLandm...
14:09:27.848243 GET /session/e81b9c42-6e15-47a9-88fd-afe42e5cfe7b/source [23.692875ms] OK body=
14:09:27.861638 POST /session/e81b9c42-6e15-47a9-88fd-afe42e5cfe7b/element [12.386375ms] ERR:404 body={"strategy":"-android uiautomator","selector":"new UiSelector().textContains(\"Landmark 30\")"}
14:09:27.868503 POST /session/e81b9c42-6e15-47a9-88fd-afe42e5cfe7b/element [6.807584ms] ERR:404 body={"strategy":"-android uiautomator","selector":"new UiSelector().descriptionContains(\"Landmark 30\")...
14:09:27.875545 POST /session/e81b9c42-6e15-47a9-88fd-afe42e5cfe7b/element [6.971708ms] ERR:404 body={"strategy":"-android uiautomator","selector":"new UiSelector().textMatches(\"(?is).*\\QLandmark 30\...
14:09:27.884461 POST /session/e81b9c42-6e15-47a9-88fd-afe42e5cfe7b/element [8.860125ms] ERR:404 body={"strategy":"-android uiautomator","selector":"new UiSelector().descriptionMatches(\"(?is).*\\QLandm...
14:09:27.897533 POST /session/e81b9c42-6e15-47a9-88fd-afe42e5cfe7b/element [12.999292ms] ERR:404 body={"strategy":"-android uiautomator","selector":"new UiSelector().textContains(\"Landmark 30\")"}
14:09:27.909673 POST /session/e81b9c42-6e15-47a9-88fd-afe42e5cfe7b/element [12.059083ms] ERR:404 body={"strategy":"-android uiautomator","selector":"new UiSelector().descriptionContains(\"Landmark 30\")...
14:09:27.915782 POST /session/e81b9c42-6e15-47a9-88fd-afe42e5cfe7b/element [6.052917ms] ERR:404 body={"strategy":"-android uiautomator","selector":"new UiSelector().textMatches(\"(?is).*\\QLandmark 30\...
14:09:27.922020 POST /session/e81b9c42-6e15-47a9-88fd-afe42e5cfe7b/element [6.175916ms] ERR:404 body={"strategy":"-android uiautomator","selector":"new UiSelector().descriptionMatches(\"(?is).*\\QLandm...
14:09:27.928533 POST /session/e81b9c42-6e15-47a9-88fd-afe42e5cfe7b/element [6.47625ms] ERR:404 body={"strategy":"-android uiautomator","selector":"new UiSelector().textContains(\"Landmark 30\")"}
14:09:27.934272 POST /session/e81b9c42-6e15-47a9-88fd-afe42e5cfe7b/element [5.694875ms] ERR:404 body={"strategy":"-android uiautomator","selector":"new UiSelector().descriptionContains(\"Landmark 30\")...
14:09:27.948669 POST /session/e81b9c42-6e15-47a9-88fd-afe42e5cfe7b/element [14.3625ms] ERR:404 body={"strategy":"-android uiautomator","selector":"new UiSelector().textMatches(\"(?is).*\\QLandmark 30\...
14:09:27.955946 POST /session/e81b9c42-6e15-47a9-88fd-afe42e5cfe7b/element [7.228625ms] ERR:404 body={"strategy":"-android uiautomator","selector":"new UiSelector().descriptionMatches(\"(?is).*\\QLandm...
14:09:27.964363 POST /session/e81b9c42-6e15-47a9-88fd-afe42e5cfe7b/element [8.348625ms] ERR:404 body={"strategy":"-android uiautomator","selector":"new UiSelector().textContains(\"Landmark 30\")"}
14:09:27.976837 POST /session/e81b9c42-6e15-47a9-88fd-afe42e5cfe7b/element [12.419125ms] ERR:404 body={"strategy":"-android uiautomator","selector":"new UiSelector().descriptionContains(\"Landmark 30\")...
14:09:27.990942 POST /session/e81b9c42-6e15-47a9-88fd-afe42e5cfe7b/element [14.03125ms] ERR:404 body={"strategy":"-android uiautomator","selector":"new UiSelector().textMatches(\"(?is).*\\QLandmark 30\...
14:09:28.005386 POST /session/e81b9c42-6e15-47a9-88fd-afe42e5cfe7b/element [14.377292ms] ERR:404 body={"strategy":"-android uiautomator","selector":"new UiSelector().descriptionMatches(\"(?is).*\\QLandm...
14:09:28.019040 POST /session/e81b9c42-6e15-47a9-88fd-afe42e5cfe7b/element [13.61325ms] ERR:404 body={"strategy":"-android uiautomator","selector":"new UiSelector().textContains(\"Landmark 30\")"}
14:09:28.025226 POST /session/e81b9c42-6e15-47a9-88fd-afe42e5cfe7b/element [6.14725ms] ERR:404 body={"strategy":"-android uiautomator","selector":"new UiSelector().descriptionContains(\"Landmark 30\")...
14:09:28.030479 POST /session/e81b9c42-6e15-47a9-88fd-afe42e5cfe7b/element [5.216792ms] ERR:404 body={"strategy":"-android uiautomator","selector":"new UiSelector().textMatches(\"(?is).*\\QLandmark 30\...
14:09:28.037394 POST /session/e81b9c42-6e15-47a9-88fd-afe42e5cfe7b/element [6.88375ms] ERR:404 body={"strategy":"-android uiautomator","selector":"new UiSelector().descriptionMatches(\"(?is).*\\QLandm...
14:09:28.043323 POST /session/e81b9c42-6e15-47a9-88fd-afe42e5cfe7b/element [5.893583ms] ERR:404 body={"strategy":"-android uiautomator","selector":"new UiSelector().textContains(\"Landmark 30\")"}
14:09:28.051249 POST /session/e81b9c42-6e15-47a9-88fd-afe42e5cfe7b/element [7.857625ms] ERR:404 body={"strategy":"-android uiautomator","selector":"new UiSelector().descriptionContains(\"Landmark 30\")...
14:09:28.067317 POST /session/e81b9c42-6e15-47a9-88fd-afe42e5cfe7b/element [15.99275ms] ERR:404 body={"strategy":"-android uiautomator","selector":"new UiSelector().textMatches(\"(?is).*\\QLandmark 30\...
14:09:28.074194 POST /session/e81b9c42-6e15-47a9-88fd-afe42e5cfe7b/element [6.815125ms] ERR:404 body={"strategy":"-android uiautomator","selector":"new UiSelector().descriptionMatches(\"(?is).*\\QLandm...
14:09:28.080017 POST /session/e81b9c42-6e15-47a9-88fd-afe42e5cfe7b/element [5.7565ms] ERR:404 body={"strategy":"-android uiautomator","selector":"new UiSelector().textContains(\"Landmark 30\")"}
14:09:28.085959 POST /session/e81b9c42-6e15-47a9-88fd-afe42e5cfe7b/element [5.910958ms] ERR:404 body={"strategy":"-android uiautomator","selector":"new UiSelector().descriptionContains(\"Landmark 30\")...
14:09:28.108045 POST /session/e81b9c42-6e15-47a9-88fd-afe42e5cfe7b/element [22.033084ms] ERR:404 body={"strategy":"-android uiautomator","selector":"new UiSelector().textMatches(\"(?is).*\\QLandmark 30\...
14:09:28.128401 POST /session/e81b9c42-6e15-47a9-88fd-afe42e5cfe7b/element [20.292166ms] ERR:404 body={"strategy":"-android uiautomator","selector":"new UiSelector().descriptionMatches(\"(?is).*\\QLandm...
14:09:28.135440 POST /session/e81b9c42-6e15-47a9-88fd-afe42e5cfe7b/element [6.991542ms] ERR:404 body={"strategy":"-android uiautomator","selector":"new UiSelector().textContains(\"Landmark 30\")"}
14:09:28.146683 POST /session/e81b9c42-6e15-47a9-88fd-afe42e5cfe7b/element [11.167708ms] ERR:404 body={"strategy":"-android uiautomator","selector":"new UiSelector().descriptionContains(\"Landmark 30\")...
14:09:28.159237 POST /session/e81b9c42-6e15-47a9-88fd-afe42e5cfe7b/element [12.472417ms] ERR:404 body={"strategy":"-android uiautomator","selector":"new UiSelector().textMatches(\"(?is).*\\QLandmark 30\...
14:09:28.164242 POST /session/e81b9c42-6e15-47a9-88fd-afe42e5cfe7b/element [4.948791ms] ERR:404 body={"strategy":"-android uiautomator","selector":"new UiSelector().descriptionMatches(\"(?is).*\\QLandm...
14:09:28.175730 POST /session/e81b9c42-6e15-47a9-88fd-afe42e5cfe7b/element [11.432375ms] ERR:404 body={"strategy":"-android uiautomator","selector":"new UiSelector().textContains(\"Landmark 30\")"}
14:09:28.193457 POST /session/e81b9c42-6e15-47a9-88fd-afe42e5cfe7b/element [17.686625ms] ERR:404 body={"strategy":"-android uiautomator","selector":"new UiSelector().descriptionContains(\"Landmark 30\")...
14:09:28.199189 POST /session/e81b9c42-6e15-47a9-88fd-afe42e5cfe7b/element [5.699959ms] ERR:404 body={"strategy":"-android uiautomator","selector":"new UiSelector().textMatches(\"(?is).*\\QLandmark 30\...
14:09:28.204949 POST /session/e81b9c42-6e15-47a9-88fd-afe42e5cfe7b/element [5.723875ms] ERR:404 body={"strategy":"-android uiautomator","selector":"new UiSelector().descriptionMatches(\"(?is).*\\QLandm...
14:09:28.214742 POST /session/e81b9c42-6e15-47a9-88fd-afe42e5cfe7b/element [9.7655ms] ERR:404 body={"strategy":"-android uiautomator","selector":"new UiSelector().textContains(\"Landmark 30\")"}
14:09:28.224326 POST /session/e81b9c42-6e15-47a9-88fd-afe42e5cfe7b/element [9.503209ms] ERR:404 body={"strategy":"-android uiautomator","selector":"new UiSelector().descriptionContains(\"Landmark 30\")...
14:09:28.239533 POST /session/e81b9c42-6e15-47a9-88fd-afe42e5cfe7b/element [15.14475ms] ERR:404 body={"strategy":"-android uiautomator","selector":"new UiSelector().textMatches(\"(?is).*\\QLandmark 30\...
14:09:28.246135 POST /session/e81b9c42-6e15-47a9-88fd-afe42e5cfe7b/element [6.548417ms] ERR:404 body={"strategy":"-android uiautomator","selector":"new UiSelector().descriptionMatches(\"(?is).*\\QLandm...
14:09:28.251330 POST /session/e81b9c42-6e15-47a9-88fd-afe42e5cfe7b/element [5.158ms] ERR:404 body={"strategy":"-android uiautomator","selector":"new UiSelector().textContains(\"Landmark 30\")"}
14:09:28.265573 POST /session/e81b9c42-6e15-47a9-88fd-afe42e5cfe7b/element [13.999458ms] ERR:404 body={"strategy":"-android uiautomator","selector":"new UiSelector().descriptionContains(\"Landmark 30\")...
14:09:28.278918 POST /session/e81b9c42-6e15-47a9-88fd-afe42e5cfe7b/element [13.2925ms] ERR:404 body={"strategy":"-android uiautomator","selector":"new UiSelector().textMatches(\"(?is).*\\QLandmark 30\...
14:09:28.283066 POST /session/e81b9c42-6e15-47a9-88fd-afe42e5cfe7b/element [4.099334ms] ERR:404 body={"strategy":"-android uiautomator","selector":"new UiSelector().descriptionMatches(\"(?is).*\\QLandm...
14:09:28.293445 POST /session/e81b9c42-6e15-47a9-88fd-afe42e5cfe7b/element [10.337834ms] ERR:404 body={"strategy":"-android uiautomator","selector":"new UiSelector().textContains(\"Landmark 30\")"}
14:09:28.299114 POST /session/e81b9c42-6e15-47a9-88fd-afe42e5cfe7b/element [5.609083ms] ERR:404 body={"strategy":"-android uiautomator","selector":"new UiSelector().descriptionContains(\"Landmark 30\")...
14:09:28.312316 POST /session/e81b9c42-6e15-47a9-88fd-afe42e5cfe7b/element [13.161125ms] ERR:404 body={"strategy":"-android uiautomator","selector":"new UiSelector().textMatches(\"(?is).*\\QLandmark 30\...
14:09:28.324716 POST /session/e81b9c42-6e15-47a9-88fd-afe42e5cfe7b/element [12.321458ms] ERR:404 body={"strategy":"-android uiautomator","selector":"new UiSelector().descriptionMatches(\"(?is).*\\QLandm...
14:09:28.340082 POST /session/e81b9c42-6e15-47a9-88fd-afe42e5cfe7b/element [15.305125ms] ERR:404 body={"strategy":"-android uiautomator","selector":"new UiSelector().textContains(\"Landmark 30\")"}
14:09:28.354614 POST /session/e81b9c42-6e15-47a9-88fd-afe42e5cfe7b/element [14.461041ms] ERR:404 body={"strategy":"-android uiautomator","selector":"new UiSelector().descriptionContains(\"Landmark 30\")...
14:09:28.372265 POST /session/e81b9c42-6e15-47a9-88fd-afe42e5cfe7b/element [17.599333ms] ERR:404 body={"strategy":"-android uiautomator","selector":"new UiSelector().textMatches(\"(?is).*\\QLandmark 30\...
14:09:28.378533 POST /session/e81b9c42-6e15-47a9-88fd-afe42e5cfe7b/element [6.2055ms] ERR:404 body={"strategy":"-android uiautomator","selector":"new UiSelector().descriptionMatches(\"(?is).*\\QLandm...
14:09:28.389949 POST /session/e81b9c42-6e15-47a9-88fd-afe42e5cfe7b/element [11.335958ms] ERR:404 body={"strategy":"-android uiautomator","selector":"new UiSelector().textContains(\"Landmark 30\")"}
14:09:28.397753 POST /session/e81b9c42-6e15-47a9-88fd-afe42e5cfe7b/element [7.71175ms] ERR:404 body={"strategy":"-android uiautomator","selector":"new UiSelector().descriptionContains(\"Landmark 30\")...
14:09:28.414649 POST /session/e81b9c42-6e15-47a9-88fd-afe42e5cfe7b/element [16.80975ms] ERR:404 body={"strategy":"-android uiautomator","selector":"new UiSelector().textMatches(\"(?is).*\\QLandmark 30\...
14:09:28.423082 POST /session/e81b9c42-6e15-47a9-88fd-afe42e5cfe7b/element [8.365917ms] ERR:404 body={"strategy":"-android uiautomator","selector":"new UiSelector().descriptionMatches(\"(?is).*\\QLandm...
14:09:28.441568 POST /session/e81b9c42-6e15-47a9-88fd-afe42e5cfe7b/element [18.41775ms] ERR:404 body={"strategy":"-android uiautomator","selector":"new UiSelector().textContains(\"Landmark 30\")"}
14:09:28.446303 POST /session/e81b9c42-6e15-47a9-88fd-afe42e5cfe7b/element [4.668375ms] ERR:404 body={"strategy":"-android uiautomator","selector":"new UiSelector().descriptionContains(\"Landmark 30\")...
14:09:28.460782 POST /session/e81b9c42-6e15-47a9-88fd-afe42e5cfe7b/element [14.429583ms] ERR:404 body={"strategy":"-android uiautomator","selector":"new UiSelector().textMatches(\"(?is).*\\QLandmark 30\...
14:09:28.472233 POST /session/e81b9c42-6e15-47a9-88fd-afe42e5cfe7b/element [11.369042ms] ERR:404 body={"strategy":"-android uiautomator","selector":"new UiSelector().descriptionMatches(\"(?is).*\\QLandm...
14:09:28.488619 POST /session/e81b9c42-6e15-47a9-88fd-afe42e5cfe7b/element [16.304292ms] ERR:404 body={"strategy":"-android uiautomator","selector":"new UiSelector().textContains(\"Landmark 30\")"}
14:09:28.513639 POST /session/e81b9c42-6e15-47a9-88fd-afe42e5cfe7b/element [24.946625ms] ERR:404 body={"strategy":"-android uiautomator","selector":"new UiSelector().descriptionContains(\"Landmark 30\")...
14:09:28.522787 POST /session/e81b9c42-6e15-47a9-88fd-afe42e5cfe7b/element [9.05ms] ERR:404 body={"strategy":"-android uiautomator","selector":"new UiSelector().textMatches(\"(?is).*\\QLandmark 30\...
14:09:28.529156 POST /session/e81b9c42-6e15-47a9-88fd-afe42e5cfe7b/element [6.300375ms] ERR:404 body={"strategy":"-android uiautomator","selector":"new UiSelector().descriptionMatches(\"(?is).*\\QLandm...
14:09:28.535502 POST /session/e81b9c42-6e15-47a9-88fd-afe42e5cfe7b/element [6.28825ms] ERR:404 body={"strategy":"-android uiautomator","selector":"new UiSelector().textContains(\"Landmark 30\")"}
14:09:28.548791 POST /session/e81b9c42-6e15-47a9-88fd-afe42e5cfe7b/element [13.197792ms] ERR:404 body={"strategy":"-android uiautomator","selector":"new UiSelector().descriptionContains(\"Landmark 30\")...
14:09:28.559446 POST /session/e81b9c42-6e15-47a9-88fd-afe42e5cfe7b/element [10.575125ms] ERR:404 body={"strategy":"-android uiautomator","selector":"new UiSelector().textMatches(\"(?is).*\\QLandmark 30\...
14:09:28.575991 POST /session/e81b9c42-6e15-47a9-88fd-afe42e5cfe7b/element [16.464958ms] ERR:404 body={"strategy":"-android uiautomator","selector":"new UiSelector().descriptionMatches(\"(?is).*\\QLandm...
14:09:28.593588 POST /session/e81b9c42-6e15-47a9-88fd-afe42e5cfe7b/element [17.530667ms] ERR:404 body={"strategy":"-android uiautomator","selector":"new UiSelector().textContains(\"Landmark 30\")"}
14:09:28.607868 POST /session/e81b9c42-6e15-47a9-88fd-afe42e5cfe7b/element [14.224708ms] ERR:404 body={"strategy":"-android uiautomator","selector":"new UiSelector().descriptionContains(\"Landmark 30\")...
14:09:28.622698 POST /session/e81b9c42-6e15-47a9-88fd-afe42e5cfe7b/element [14.783958ms] ERR:404 body={"strategy":"-android uiautomator","selector":"new UiSelector().textMatches(\"(?is).*\\QLandmark 30\...
14:09:28.631709 POST /session/e81b9c42-6e15-47a9-88fd-afe42e5cfe7b/element [8.934125ms] ERR:404 body={"strategy":"-android uiautomator","selector":"new UiSelector().descriptionMatches(\"(?is).*\\QLandm...
14:09:28.642755 POST /session/e81b9c42-6e15-47a9-88fd-afe42e5cfe7b/element [10.956083ms] ERR:404 body={"strategy":"-android uiautomator","selector":"new UiSelector().textContains(\"Landmark 30\")"}
14:09:28.657580 POST /session/e81b9c42-6e15-47a9-88fd-afe42e5cfe7b/element [14.722584ms] ERR:404 body={"strategy":"-android uiautomator","selector":"new UiSelector().descriptionContains(\"Landmark 30\")...
14:09:28.662999 POST /session/e81b9c42-6e15-47a9-88fd-afe42e5cfe7b/element [5.356625ms] ERR:404 body={"strategy":"-android uiautomator","selector":"new UiSelector().textMatches(\"(?is).*\\QLandmark 30\...
14:09:28.672794 POST /session/e81b9c42-6e15-47a9-88fd-afe42e5cfe7b/element [9.74525ms] ERR:404 body={"strategy":"-android uiautomator","selector":"new UiSelector().descriptionMatches(\"(?is).*\\QLandm...
14:09:28.684016 POST /session/e81b9c42-6e15-47a9-88fd-afe42e5cfe7b/element [11.160416ms] ERR:404 body={"strategy":"-android uiautomator","selector":"new UiSelector().textContains(\"Landmark 30\")"}
14:09:28.703861 POST /session/e81b9c42-6e15-47a9-88fd-afe42e5cfe7b/element [19.778625ms] ERR:404 body={"strategy":"-android uiautomator","selector":"new UiSelector().descriptionContains(\"Landmark 30\")...
14:09:28.717323 POST /session/e81b9c42-6e15-47a9-88fd-afe42e5cfe7b/element [13.341625ms] ERR:404 body={"strategy":"-android uiautomator","selector":"new UiSelector().textMatches(\"(?is).*\\QLandmark 30\...
14:09:28.734179 POST /session/e81b9c42-6e15-47a9-88fd-afe42e5cfe7b/element [16.779958ms] ERR:404 body={"strategy":"-android uiautomator","selector":"new UiSelector().descriptionMatches(\"(?is).*\\QLandm...
14:09:28.739625 POST /session/e81b9c42-6e15-47a9-88fd-afe42e5cfe7b/element [5.369875ms] ERR:404 body={"strategy":"-android uiautomator","selector":"new UiSelector().textContains(\"Landmark 30\")"}
14:09:28.753265 POST /session/e81b9c42-6e15-47a9-88fd-afe42e5cfe7b/element [13.56675ms] ERR:404 body={"strategy":"-android uiautomator","selector":"new UiSelector().descriptionContains(\"Landmark 30\")...
14:09:28.764580 POST /session/e81b9c42-6e15-47a9-88fd-afe42e5cfe7b/element [11.245958ms] ERR:404 body={"strategy":"-android uiautomator","selector":"new UiSelector().textMatches(\"(?is).*\\QLandmark 30\...
14:09:28.769971 POST /session/e81b9c42-6e15-47a9-88fd-afe42e5cfe7b/element [5.326375ms] ERR:404 body={"strategy":"-android uiautomator","selector":"new UiSelector().descriptionMatches(\"(?is).*\\QLandm...
14:09:28.782038 POST /session/e81b9c42-6e15-47a9-88fd-afe42e5cfe7b/element [12.009625ms] ERR:404 body={"strategy":"-android uiautomator","selector":"new UiSelector().textContains(\"Landmark 30\")"}
14:09:28.787765 POST /session/e81b9c42-6e15-47a9-88fd-afe42e5cfe7b/element [5.661167ms] ERR:404 body={"strategy":"-android uiautomator","selector":"new UiSelector().descriptionContains(\"Landmark 30\")...
14:09:28.800015 POST /session/e81b9c42-6e15-47a9-88fd-afe42e5cfe7b/element [12.145333ms] ERR:404 body={"strategy":"-android uiautomator","selector":"new UiSelector().textMatches(\"(?is).*\\QLandmark 30\...
14:09:28.810864 POST /session/e81b9c42-6e15-47a9-88fd-afe42e5cfe7b/element [10.766916ms] ERR:404 body={"strategy":"-android uiautomator","selector":"new UiSelector().descriptionMatches(\"(?is).*\\QLandm...
14:09:28.819645 POST /session/e81b9c42-6e15-47a9-88fd-afe42e5cfe7b/element [8.6975ms] ERR:404 body={"strategy":"-android uiautomator","selector":"new UiSelector().textContains(\"Landmark 30\")"}
14:09:28.825154 POST /session/e81b9c42-6e15-47a9-88fd-afe42e5cfe7b/element [5.436541ms] ERR:404 body={"strategy":"-android uiautomator","selector":"new UiSelector().descriptionContains(\"Landmark 30\")...
14:09:28.832515 POST /session/e81b9c42-6e15-47a9-88fd-afe42e5cfe7b/element [7.309084ms] ERR:404 body={"strategy":"-android uiautomator","selector":"new UiSelector().textMatches(\"(?is).*\\QLandmark 30\...
14:09:28.839332 POST /session/e81b9c42-6e15-47a9-88fd-afe42e5cfe7b/element [6.746708ms] ERR:404 body={"strategy":"-android uiautomator","selector":"new UiSelector().descriptionMatches(\"(?is).*\\QLandm...
14:09:28.846215 POST /session/e81b9c42-6e15-47a9-88fd-afe42e5cfe7b/element [6.827666ms] ERR:404 body={"strategy":"-android uiautomator","selector":"new UiSelector().textContains(\"Landmark 30\")"}
14:09:28.859634 POST /session/e81b9c42-6e15-47a9-88fd-afe42e5cfe7b/element [13.362084ms] ERR:404 body={"strategy":"-android uiautomator","selector":"new UiSelector().descriptionContains(\"Landmark 30\")...
14:09:28.865241 POST /session/e81b9c42-6e15-47a9-88fd-afe42e5cfe7b/element [5.545792ms] ERR:404 body={"strategy":"-android uiautomator","selector":"new UiSelector().textMatches(\"(?is).*\\QLandmark 30\...
14:09:28.870442 POST /session/e81b9c42-6e15-47a9-88fd-afe42e5cfe7b/element [5.164833ms] ERR:404 body={"strategy":"-android uiautomator","selector":"new UiSelector().descriptionMatches(\"(?is).*\\QLandm...
14:09:28.892108 GET /session/e81b9c42-6e15-47a9-88fd-afe42e5cfe7b/source [21.483041ms] OK body=
14:09:28.900681 POST /session/e81b9c42-6e15-47a9-88fd-afe42e5cfe7b/element [7.344917ms] ERR:404 body={"strategy":"-android uiautomator","selector":"new UiSelector().textContains(\"Landmark 30\")"}
14:09:28.908276 POST /session/e81b9c42-6e15-47a9-88fd-afe42e5cfe7b/element [7.522333ms] ERR:404 body={"strategy":"-android uiautomator","selector":"new UiSelector().descriptionContains(\"Landmark 30\")...
14:09:28.914986 POST /session/e81b9c42-6e15-47a9-88fd-afe42e5cfe7b/element [6.663708ms] ERR:404 body={"strategy":"-android uiautomator","selector":"new UiSelector().textMatches(\"(?is).*\\QLandmark 30\...
14:09:28.920349 POST /session/e81b9c42-6e15-47a9-88fd-afe42e5cfe7b/element [5.311458ms] ERR:404 body={"strategy":"-android uiautomator","selector":"new UiSelector().descriptionMatches(\"(?is).*\\QLandm...
14:09:28.929656 POST /session/e81b9c42-6e15-47a9-88fd-afe42e5cfe7b/element [9.256375ms] ERR:404 body={"strategy":"-android uiautomator","selector":"new UiSelector().textContains(\"Landmark 30\")"}
14:09:28.935681 POST /session/e81b9c42-6e15-47a9-88fd-afe42e5cfe7b/element [5.988ms] ERR:404 body={"strategy":"-android uiautomator","selector":"new UiSelector().descriptionContains(\"Landmark 30\")...
14:09:28.942013 POST /session/e81b9c42-6e15-47a9-88fd-afe42e5cfe7b/element [6.289917ms] ERR:404 body={"strategy":"-android uiautomator","selector":"new UiSelector().textMatches(\"(?is).*\\QLandmark 30\...
14:09:28.949128 POST /session/e81b9c42-6e15-47a9-88fd-afe42e5cfe7b/element [7.074375ms] ERR:404 body={"strategy":"-android uiautomator","selector":"new UiSelector().descriptionMatches(\"(?is).*\\QLandm...
14:09:28.959748 POST /session/e81b9c42-6e15-47a9-88fd-afe42e5cfe7b/element [10.563042ms] ERR:404 body={"strategy":"-android uiautomator","selector":"new UiSelector().textContains(\"Landmark 30\")"}
14:09:28.966867 POST /session/e81b9c42-6e15-47a9-88fd-afe42e5cfe7b/element [7.043667ms] ERR:404 body={"strategy":"-android uiautomator","selector":"new UiSelector().descriptionContains(\"Landmark 30\")...
14:09:28.984877 POST /session/e81b9c42-6e15-47a9-88fd-afe42e5cfe7b/element [17.930541ms] ERR:404 body={"strategy":"-android uiautomator","selector":"new UiSelector().textMatches(\"(?is).*\\QLandmark 30\...
14:09:28.993883 POST /session/e81b9c42-6e15-47a9-88fd-afe42e5cfe7b/element [8.935083ms] ERR:404 body={"strategy":"-android uiautomator","selector":"new UiSelector().descriptionMatches(\"(?is).*\\QLandm...
14:09:29.006443 POST /session/e81b9c42-6e15-47a9-88fd-afe42e5cfe7b/element [12.486208ms] ERR:404 body={"strategy":"-android uiautomator","selector":"new UiSelector().textContains(\"Landmark 30\")"}
14:09:29.012306 POST /session/e81b9c42-6e15-47a9-88fd-afe42e5cfe7b/element [5.824125ms] ERR:404 body={"strategy":"-android uiautomator","selector":"new UiSelector().descriptionContains(\"Landmark 30\")...
14:09:29.018407 POST /session/e81b9c42-6e15-47a9-88fd-afe42e5cfe7b/element [6.070917ms] ERR:404 body={"strategy":"-android uiautomator","selector":"new UiSelector().textMatches(\"(?is).*\\QLandmark 30\...
14:09:29.028835 POST /session/e81b9c42-6e15-47a9-88fd-afe42e5cfe7b/element [10.396458ms] ERR:404 body={"strategy":"-android uiautomator","selector":"new UiSelector().descriptionMatches(\"(?is).*\\QLandm...
14:09:29.036307 POST /session/e81b9c42-6e15-47a9-88fd-afe42e5cfe7b/element [7.415875ms] ERR:404 body={"strategy":"-android uiautomator","selector":"new UiSelector().textContains(\"Landmark 30\")"}
14:09:29.044838 POST /session/e81b9c42-6e15-47a9-88fd-afe42e5cfe7b/element [8.458375ms] ERR:404 body={"strategy":"-android uiautomator","selector":"new UiSelector().descriptionContains(\"Landmark 30\")...
14:09:29.054136 POST /session/e81b9c42-6e15-47a9-88fd-afe42e5cfe7b/element [9.185167ms] ERR:404 body={"strategy":"-android uiautomator","selector":"new UiSelector().textMatches(\"(?is).*\\QLandmark 30\...
14:09:29.068678 POST /session/e81b9c42-6e15-47a9-88fd-afe42e5cfe7b/element [14.450542ms] ERR:404 body={"strategy":"-android uiautomator","selector":"new UiSelector().descriptionMatches(\"(?is).*\\QLandm...
14:09:29.075621 POST /session/e81b9c42-6e15-47a9-88fd-afe42e5cfe7b/element [6.86275ms] ERR:404 body={"strategy":"-android uiautomator","selector":"new UiSelector().textContains(\"Landmark 30\")"}
14:09:29.086598 POST /session/e81b9c42-6e15-47a9-88fd-afe42e5cfe7b/element [10.870541ms] ERR:404 body={"strategy":"-android uiautomator","selector":"new UiSelector().descriptionContains(\"Landmark 30\")...
14:09:29.099525 POST /session/e81b9c42-6e15-47a9-88fd-afe42e5cfe7b/element [12.866208ms] ERR:404 body={"strategy":"-android uiautomator","selector":"new UiSelector().textMatches(\"(?is).*\\QLandmark 30\...
14:09:29.105989 POST /session/e81b9c42-6e15-47a9-88fd-afe42e5cfe7b/element [6.400792ms] ERR:404 body={"strategy":"-android uiautomator","selector":"new UiSelector().descriptionMatches(\"(?is).*\\QLandm...
14:09:29.110999 POST /session/e81b9c42-6e15-47a9-88fd-afe42e5cfe7b/element [4.96ms] ERR:404 body={"strategy":"-android uiautomator","selector":"new UiSelector().textContains(\"Landmark 30\")"}
14:09:29.123040 POST /session/e81b9c42-6e15-47a9-88fd-afe42e5cfe7b/element [10.38175ms] ERR:404 body={"strategy":"-android uiautomator","selector":"new UiSelector().descriptionContains(\"Landmark 30\")...
14:09:29.142797 POST /session/e81b9c42-6e15-47a9-88fd-afe42e5cfe7b/element [19.682959ms] ERR:404 body={"strategy":"-android uiautomator","selector":"new UiSelector().textMatches(\"(?is).*\\QLandmark 30\...
14:09:29.152075 POST /session/e81b9c42-6e15-47a9-88fd-afe42e5cfe7b/element [9.192875ms] ERR:404 body={"strategy":"-android uiautomator","selector":"new UiSelector().descriptionMatches(\"(?is).*\\QLandm...
14:09:29.164429 POST /session/e81b9c42-6e15-47a9-88fd-afe42e5cfe7b/element [12.263125ms] ERR:404 body={"strategy":"-android uiautomator","selector":"new UiSelector().textContains(\"Landmark 30\")"}
14:09:29.183208 POST /session/e81b9c42-6e15-47a9-88fd-afe42e5cfe7b/element [18.692667ms] ERR:404 body={"strategy":"-android uiautomator","selector":"new UiSelector().descriptionContains(\"Landmark 30\")...
14:09:29.201846 POST /session/e81b9c42-6e15-47a9-88fd-afe42e5cfe7b/element [18.5375ms] ERR:404 body={"strategy":"-android uiautomator","selector":"new UiSelector().textMatches(\"(?is).*\\QLandmark 30\...
14:09:29.209046 POST /session/e81b9c42-6e15-47a9-88fd-afe42e5cfe7b/element [7.119459ms] ERR:404 body={"strategy":"-android uiautomator","selector":"new UiSelector().descriptionMatches(\"(?is).*\\QLandm...
14:09:29.214967 POST /session/e81b9c42-6e15-47a9-88fd-afe42e5cfe7b/element [5.857292ms] ERR:404 body={"strategy":"-android uiautomator","selector":"new UiSelector().textContains(\"Landmark 30\")"}
14:09:29.229027 POST /session/e81b9c42-6e15-47a9-88fd-afe42e5cfe7b/element [13.980166ms] ERR:404 body={"strategy":"-android uiautomator","selector":"new UiSelector().descriptionContains(\"Landmark 30\")...
14:09:29.236771 POST /session/e81b9c42-6e15-47a9-88fd-afe42e5cfe7b/element [7.614209ms] ERR:404 body={"strategy":"-android uiautomator","selector":"new UiSelector().textMatches(\"(?is).*\\QLandmark 30\...
14:09:29.248877 POST /session/e81b9c42-6e15-47a9-88fd-afe42e5cfe7b/element [12.014125ms] ERR:404 body={"strategy":"-android uiautomator","selector":"new UiSelector().descriptionMatches(\"(?is).*\\QLandm...
14:09:29.263905 POST /session/e81b9c42-6e15-47a9-88fd-afe42e5cfe7b/element [14.932125ms] ERR:404 body={"strategy":"-android uiautomator","selector":"new UiSelector().textContains(\"Landmark 30\")"}
14:09:29.269012 POST /session/e81b9c42-6e15-47a9-88fd-afe42e5cfe7b/element [5.027958ms] ERR:404 body={"strategy":"-android uiautomator","selector":"new UiSelector().descriptionContains(\"Landmark 30\")...
14:09:29.287433 POST /session/e81b9c42-6e15-47a9-88fd-afe42e5cfe7b/element [15.436959ms] ERR:404 body={"strategy":"-android uiautomator","selector":"new UiSelector().textMatches(\"(?is).*\\QLandmark 30\...
14:09:29.307546 POST /session/e81b9c42-6e15-47a9-88fd-afe42e5cfe7b/element [17.059042ms] ERR:404 body={"strategy":"-android uiautomator","selector":"new UiSelector().descriptionMatches(\"(?is).*\\QLandm...
14:09:29.314046 POST /session/e81b9c42-6e15-47a9-88fd-afe42e5cfe7b/element [6.435167ms] ERR:404 body={"strategy":"-android uiautomator","selector":"new UiSelector().textContains(\"Landmark 30\")"}
14:09:29.324673 POST /session/e81b9c42-6e15-47a9-88fd-afe42e5cfe7b/element [10.530083ms] ERR:404 body={"strategy":"-android uiautomator","selector":"new UiSelector().descriptionContains(\"Landmark 30\")...
14:09:29.335577 POST /session/e81b9c42-6e15-47a9-88fd-afe42e5cfe7b/element [10.814042ms] ERR:404 body={"strategy":"-android uiautomator","selector":"new UiSelector().textMatches(\"(?is).*\\QLandmark 30\...
14:09:29.353182 POST /session/e81b9c42-6e15-47a9-88fd-afe42e5cfe7b/element [17.523583ms] ERR:404 body={"strategy":"-android uiautomator","selector":"new UiSelector().descriptionMatches(\"(?is).*\\QLandm...
14:09:29.360878 POST /session/e81b9c42-6e15-47a9-88fd-afe42e5cfe7b/element [7.623917ms] ERR:404 body={"strategy":"-android uiautomator","selector":"new UiSelector().textContains(\"Landmark 30\")"}
14:09:29.378364 POST /session/e81b9c42-6e15-47a9-88fd-afe42e5cfe7b/element [17.433041ms] ERR:404 body={"strategy":"-android uiautomator","selector":"new UiSelector().descriptionContains(\"Landmark 30\")...
14:09:29.394713 POST /session/e81b9c42-6e15-47a9-88fd-afe42e5cfe7b/element [16.266625ms] ERR:404 body={"strategy":"-android uiautomator","selector":"new UiSelector().textMatches(\"(?is).*\\QLandmark 30\...
14:09:29.407007 POST /session/e81b9c42-6e15-47a9-88fd-afe42e5cfe7b/element [12.208417ms] ERR:404 body={"strategy":"-android uiautomator","selector":"new UiSelector().descriptionMatches(\"(?is).*\\QLandm...
14:09:29.418889 POST /session/e81b9c42-6e15-47a9-88fd-afe42e5cfe7b/element [11.774167ms] ERR:404 body={"strategy":"-android uiautomator","selector":"new UiSelector().textContains(\"Landmark 30\")"}
14:09:29.423446 POST /session/e81b9c42-6e15-47a9-88fd-afe42e5cfe7b/element [4.462083ms] ERR:404 body={"strategy":"-android uiautomator","selector":"new UiSelector().descriptionContains(\"Landmark 30\")...
14:09:29.442699 POST /session/e81b9c42-6e15-47a9-88fd-afe42e5cfe7b/element [19.195166ms] ERR:404 body={"strategy":"-android uiautomator","selector":"new UiSelector().textMatches(\"(?is).*\\QLandmark 30\...
14:09:29.451847 POST /session/e81b9c42-6e15-47a9-88fd-afe42e5cfe7b/element [9.081375ms] ERR:404 body={"strategy":"-android uiautomator","selector":"new UiSelector().descriptionMatches(\"(?is).*\\QLandm...
14:09:29.457393 POST /session/e81b9c42-6e15-47a9-88fd-afe42e5cfe7b/element [5.498083ms] ERR:404 body={"strategy":"-android uiautomator","selector":"new UiSelector().textContains(\"Landmark 30\")"}
14:09:29.462950 POST /session/e81b9c42-6e15-47a9-88fd-afe42e5cfe7b/element [5.522958ms] ERR:404 body={"strategy":"-android uiautomator","selector":"new UiSelector().descriptionContains(\"Landmark 30\")...
14:09:29.468951 POST /session/e81b9c42-6e15-47a9-88fd-afe42e5cfe7b/element [5.964709ms] ERR:404 body={"strategy":"-android uiautomator","selector":"new UiSelector().textMatches(\"(?is).*\\QLandmark 30\...
14:09:29.475823 POST /session/e81b9c42-6e15-47a9-88fd-afe42e5cfe7b/element [6.74425ms] ERR:404 body={"strategy":"-android uiautomator","selector":"new UiSelector().descriptionMatches(\"(?is).*\\QLandm...
14:09:29.487827 POST /session/e81b9c42-6e15-47a9-88fd-afe42e5cfe7b/element [11.925042ms] ERR:404 body={"strategy":"-android uiautomator","selector":"new UiSelector().textContains(\"Landmark 30\")"}
14:09:29.502489 POST /session/e81b9c42-6e15-47a9-88fd-afe42e5cfe7b/element [14.587042ms] ERR:404 body={"strategy":"-android uiautomator","selector":"new UiSelector().descriptionContains(\"Landmark 30\")...
14:09:29.510528 POST /session/e81b9c42-6e15-47a9-88fd-afe42e5cfe7b/element [7.933833ms] ERR:404 body={"strategy":"-android uiautomator","selector":"new UiSelector().textMatches(\"(?is).*\\QLandmark 30\...
14:09:29.516539 POST /session/e81b9c42-6e15-47a9-88fd-afe42e5cfe7b/element [5.951584ms] ERR:404 body={"strategy":"-android uiautomator","selector":"new UiSelector().descriptionMatches(\"(?is).*\\QLandm...
14:09:29.521364 POST /session/e81b9c42-6e15-47a9-88fd-afe42e5cfe7b/element [4.75525ms] ERR:404 body={"strategy":"-android uiautomator","selector":"new UiSelector().textContains(\"Landmark 30\")"}
14:09:29.528406 POST /session/e81b9c42-6e15-47a9-88fd-afe42e5cfe7b/element [6.967291ms] ERR:404 body={"strategy":"-android uiautomator","selector":"new UiSelector().descriptionContains(\"Landmark 30\")...
14:09:29.535428 POST /session/e81b9c42-6e15-47a9-88fd-afe42e5cfe7b/element [6.9705ms] ERR:404 body={"strategy":"-android uiautomator","selector":"new UiSelector().textMatches(\"(?is).*\\QLandmark 30\...
14:09:29.554068 POST /session/e81b9c42-6e15-47a9-88fd-afe42e5cfe7b/element [18.5385ms] ERR:404 body={"strategy":"-android uiautomator","selector":"new UiSelector().descriptionMatches(\"(?is).*\\QLandm...
14:09:29.560752 POST /session/e81b9c42-6e15-47a9-88fd-afe42e5cfe7b/element [6.620625ms] ERR:404 body={"strategy":"-android uiautomator","selector":"new UiSelector().textContains(\"Landmark 30\")"}
14:09:29.571572 POST /session/e81b9c42-6e15-47a9-88fd-afe42e5cfe7b/element [10.734584ms] ERR:404 body={"strategy":"-android uiautomator","selector":"new UiSelector().descriptionContains(\"Landmark 30\")...
14:09:29.585886 POST /session/e81b9c42-6e15-47a9-88fd-afe42e5cfe7b/element [14.244125ms] ERR:404 body={"strategy":"-android uiautomator","selector":"new UiSelector().textMatches(\"(?is).*\\QLandmark 30\...
14:09:29.604373 POST /session/e81b9c42-6e15-47a9-88fd-afe42e5cfe7b/element [18.414042ms] ERR:404 body={"strategy":"-android uiautomator","selector":"new UiSelector().descriptionMatches(\"(?is).*\\QLandm...
14:09:29.619581 POST /session/e81b9c42-6e15-47a9-88fd-afe42e5cfe7b/element [15.134833ms] ERR:404 body={"strategy":"-android uiautomator","selector":"new UiSelector().textContains(\"Landmark 30\")"}
14:09:29.632230 POST /session/e81b9c42-6e15-47a9-88fd-afe42e5cfe7b/element [12.586916ms] ERR:404 body={"strategy":"-android uiautomator","selector":"new UiSelector().descriptionContains(\"Landmark 30\")...
14:09:29.638180 POST /session/e81b9c42-6e15-47a9-88fd-afe42e5cfe7b/element [5.910292ms] ERR:404 body={"strategy":"-android uiautomator","selector":"new UiSelector().textMatches(\"(?is).*\\QLandmark 30\...
14:09:29.647080 POST /session/e81b9c42-6e15-47a9-88fd-afe42e5cfe7b/element [8.82825ms] ERR:404 body={"strategy":"-android uiautomator","selector":"new UiSelector().descriptionMatches(\"(?is).*\\QLandm...
14:09:29.660124 POST /session/e81b9c42-6e15-47a9-88fd-afe42e5cfe7b/element [12.97ms] ERR:404 body={"strategy":"-android uiautomator","selector":"new UiSelector().textContains(\"Landmark 30\")"}
14:09:29.666252 POST /session/e81b9c42-6e15-47a9-88fd-afe42e5cfe7b/element [6.070625ms] ERR:404 body={"strategy":"-android uiautomator","selector":"new UiSelector().descriptionContains(\"Landmark 30\")...
14:09:29.676205 POST /session/e81b9c42-6e15-47a9-88fd-afe42e5cfe7b/element [9.902208ms] ERR:404 body={"strategy":"-android uiautomator","selector":"new UiSelector().textMatches(\"(?is).*\\QLandmark 30\...
14:09:29.691056 POST /session/e81b9c42-6e15-47a9-88fd-afe42e5cfe7b/element [14.78425ms] ERR:404 body={"strategy":"-android uiautomator","selector":"new UiSelector().descriptionMatches(\"(?is).*\\QLandm...
14:09:29.695373 POST /session/e81b9c42-6e15-47a9-88fd-afe42e5cfe7b/element [4.267917ms] ERR:404 body={"strategy":"-android uiautomator","selector":"new UiSelector().textContains(\"Landmark 30\")"}
14:09:29.713088 POST /session/e81b9c42-6e15-47a9-88fd-afe42e5cfe7b/element [17.678709ms] ERR:404 body={"strategy":"-android uiautomator","selector":"new UiSelector().descriptionContains(\"Landmark 30\")...
14:09:29.728223 POST /session/e81b9c42-6e15-47a9-88fd-afe42e5cfe7b/element [15.034166ms] ERR:404 body={"strategy":"-android uiautomator","selector":"new UiSelector().textMatches(\"(?is).*\\QLandmark 30\...
14:09:29.742366 POST /session/e81b9c42-6e15-47a9-88fd-afe42e5cfe7b/element [14.047875ms] ERR:404 body={"strategy":"-android uiautomator","selector":"new UiSelector().descriptionMatches(\"(?is).*\\QLandm...
14:09:29.747203 POST /session/e81b9c42-6e15-47a9-88fd-afe42e5cfe7b/element [4.765375ms] ERR:404 body={"strategy":"-android uiautomator","selector":"new UiSelector().textContains(\"Landmark 30\")"}
14:09:29.752794 POST /session/e81b9c42-6e15-47a9-88fd-afe42e5cfe7b/element [5.548917ms] ERR:404 body={"strategy":"-android uiautomator","selector":"new UiSelector().descriptionContains(\"Landmark 30\")...
14:09:29.761034 POST /session/e81b9c42-6e15-47a9-88fd-afe42e5cfe7b/element [8.179208ms] ERR:404 body={"strategy":"-android uiautomator","selector":"new UiSelector().textMatches(\"(?is).*\\QLandmark 30\...
14:09:29.771866 POST /session/e81b9c42-6e15-47a9-88fd-afe42e5cfe7b/element [10.78375ms] ERR:404 body={"strategy":"-android uiautomator","selector":"new UiSelector().descriptionMatches(\"(?is).*\\QLandm...
14:09:29.777262 POST /session/e81b9c42-6e15-47a9-88fd-afe42e5cfe7b/element [5.342291ms] ERR:404 body={"strategy":"-android uiautomator","selector":"new UiSelector().textContains(\"Landmark 30\")"}
14:09:29.783551 POST /session/e81b9c42-6e15-47a9-88fd-afe42e5cfe7b/element [6.2335ms] ERR:404 body={"strategy":"-android uiautomator","selector":"new UiSelector().descriptionContains(\"Landmark 30\")...
14:09:29.799222 POST /session/e81b9c42-6e15-47a9-88fd-afe42e5cfe7b/element [15.614667ms] ERR:404 body={"strategy":"-android uiautomator","selector":"new UiSelector().textMatches(\"(?is).*\\QLandmark 30\...
14:09:29.805267 POST /session/e81b9c42-6e15-47a9-88fd-afe42e5cfe7b/element [5.853834ms] ERR:404 body={"strategy":"-android uiautomator","selector":"new UiSelector().descriptionMatches(\"(?is).*\\QLandm...
14:09:29.822461 POST /session/e81b9c42-6e15-47a9-88fd-afe42e5cfe7b/element [17.096375ms] ERR:404 body={"strategy":"-android uiautomator","selector":"new UiSelector().textContains(\"Landmark 30\")"}
14:09:29.827300 POST /session/e81b9c42-6e15-47a9-88fd-afe42e5cfe7b/element [4.746125ms] ERR:404 body={"strategy":"-android uiautomator","selector":"new UiSelector().descriptionContains(\"Landmark 30\")...
14:09:29.847287 POST /session/e81b9c42-6e15-47a9-88fd-afe42e5cfe7b/element [19.935333ms] ERR:404 body={"strategy":"-android uiautomator","selector":"new UiSelector().textMatches(\"(?is).*\\QLandmark 30\...
14:09:29.855962 POST /session/e81b9c42-6e15-47a9-88fd-afe42e5cfe7b/element [8.595208ms] ERR:404 body={"strategy":"-android uiautomator","selector":"new UiSelector().descriptionMatches(\"(?is).*\\QLandm...
14:09:29.864961 POST /session/e81b9c42-6e15-47a9-88fd-afe42e5cfe7b/element [8.92675ms] ERR:404 body={"strategy":"-android uiautomator","selector":"new UiSelector().textContains(\"Landmark 30\")"}
14:09:29.870473 POST /session/e81b9c42-6e15-47a9-88fd-afe42e5cfe7b/element [5.418834ms] ERR:404 body={"strategy":"-android uiautomator","selector":"new UiSelector().descriptionContains(\"Landmark 30\")...
14:09:29.875805 POST /session/e81b9c42-6e15-47a9-88fd-afe42e5cfe7b/element [5.282709ms] ERR:404 body={"strategy":"-android uiautomator","selector":"new UiSelector().textMatches(\"(?is).*\\QLandmark 30\...
14:09:29.882085 POST /session/e81b9c42-6e15-47a9-88fd-afe42e5cfe7b/element [6.239ms] ERR:404 body={"strategy":"-android uiautomator","selector":"new UiSelector().descriptionMatches(\"(?is).*\\QLandm...
14:09:29.891641 POST /session/e81b9c42-6e15-47a9-88fd-afe42e5cfe7b/element [9.452458ms] ERR:404 body={"strategy":"-android uiautomator","selector":"new UiSelector().textContains(\"Landmark 30\")"}
14:09:29.903241 POST /session/e81b9c42-6e15-47a9-88fd-afe42e5cfe7b/element [11.498375ms] ERR:404 body={"strategy":"-android uiautomator","selector":"new UiSelector().descriptionContains(\"Landmark 30\")...
14:09:29.909065 POST /session/e81b9c42-6e15-47a9-88fd-afe42e5cfe7b/element [5.742ms] ERR:404 body={"strategy":"-android uiautomator","selector":"new UiSelector().textMatches(\"(?is).*\\QLandmark 30\...
14:09:29.919626 POST /session/e81b9c42-6e15-47a9-88fd-afe42e5cfe7b/element [10.486542ms] ERR:404 body={"strategy":"-android uiautomator","selector":"new UiSelector().descriptionMatches(\"(?is).*\\QLandm...
14:09:29.941215 GET /session/e81b9c42-6e15-47a9-88fd-afe42e5cfe7b/source [21.389584ms] OK body=
14:09:29.948871 POST /session/e81b9c42-6e15-47a9-88fd-afe42e5cfe7b/element [6.456291ms] ERR:404 body={"strategy":"-android uiautomator","selector":"new UiSelector().textContains(\"Landmark 30\")"}
14:09:29.954168 POST /session/e81b9c42-6e15-47a9-88fd-afe42e5cfe7b/element [5.23675ms] ERR:404 body={"strategy":"-android uiautomator","selector":"new UiSelector().descriptionContains(\"Landmark 30\")...
14:09:29.959596 POST /session/e81b9c42-6e15-47a9-88fd-afe42e5cfe7b/element [5.374791ms] ERR:404 body={"strategy":"-android uiautomator","selector":"new UiSelector().textMatches(\"(?is).*\\QLandmark 30\...
14:09:29.970606 POST /session/e81b9c42-6e15-47a9-88fd-afe42e5cfe7b/element [10.893ms] ERR:404 body={"strategy":"-android uiautomator","selector":"new UiSelector().descriptionMatches(\"(?is).*\\QLandm...
14:09:29.982613 POST /session/e81b9c42-6e15-47a9-88fd-afe42e5cfe7b/element [11.914709ms] ERR:404 body={"strategy":"-android uiautomator","selector":"new UiSelector().textContains(\"Landmark 30\")"}
14:09:29.988406 POST /session/e81b9c42-6e15-47a9-88fd-afe42e5cfe7b/element [5.674584ms] ERR:404 body={"strategy":"-android uiautomator","selector":"new UiSelector().descriptionContains(\"Landmark 30\")...
14:09:29.994844 POST /session/e81b9c42-6e15-47a9-88fd-afe42e5cfe7b/element [6.384958ms] ERR:404 body={"strategy":"-android uiautomator","selector":"new UiSelector().textMatches(\"(?is).*\\QLandmark 30\...
14:09:30.001681 POST /session/e81b9c42-6e15-47a9-88fd-afe42e5cfe7b/element [6.791ms] ERR:404 body={"strategy":"-android uiautomator","selector":"new UiSelector().descriptionMatches(\"(?is).*\\QLandm...
14:09:30.011543 POST /session/e81b9c42-6e15-47a9-88fd-afe42e5cfe7b/element [9.8125ms] ERR:404 body={"strategy":"-android uiautomator","selector":"new UiSelector().textContains(\"Landmark 30\")"}
14:09:30.019035 POST /session/e81b9c42-6e15-47a9-88fd-afe42e5cfe7b/element [7.438625ms] ERR:404 body={"strategy":"-android uiautomator","selector":"new UiSelector().descriptionContains(\"Landmark 30\")...
14:09:30.024544 POST /session/e81b9c42-6e15-47a9-88fd-afe42e5cfe7b/element [5.421ms] ERR:404 body={"strategy":"-android uiautomator","selector":"new UiSelector().textMatches(\"(?is).*\\QLandmark 30\...
14:09:30.029099 POST /session/e81b9c42-6e15-47a9-88fd-afe42e5cfe7b/element [4.498083ms] ERR:404 body={"strategy":"-android uiautomator","selector":"new UiSelector().descriptionMatches(\"(?is).*\\QLandm...
14:09:30.034593 POST /session/e81b9c42-6e15-47a9-88fd-afe42e5cfe7b/element [5.451333ms] ERR:404 body={"strategy":"-android uiautomator","selector":"new UiSelector().textContains(\"Landmark 30\")"}
14:09:30.039670 POST /session/e81b9c42-6e15-47a9-88fd-afe42e5cfe7b/element [5.0165ms] ERR:404 body={"strategy":"-android uiautomator","selector":"new UiSelector().descriptionContains(\"Landmark 30\")...
14:09:30.055369 POST /session/e81b9c42-6e15-47a9-88fd-afe42e5cfe7b/element [15.636958ms] ERR:404 body={"strategy":"-android uiautomator","selector":"new UiSelector().textMatches(\"(?is).*\\QLandmark 30\...
14:09:30.070682 POST /session/e81b9c42-6e15-47a9-88fd-afe42e5cfe7b/element [15.233ms] ERR:404 body={"strategy":"-android uiautomator","selector":"new UiSelector().descriptionMatches(\"(?is).*\\QLandm...
14:09:30.076051 POST /session/e81b9c42-6e15-47a9-88fd-afe42e5cfe7b/element [5.293708ms] ERR:404 body={"strategy":"-android uiautomator","selector":"new UiSelector().textContains(\"Landmark 30\")"}
14:09:30.081723 POST /session/e81b9c42-6e15-47a9-88fd-afe42e5cfe7b/element [5.6275ms] ERR:404 body={"strategy":"-android uiautomator","selector":"new UiSelector().descriptionContains(\"Landmark 30\")...
14:09:30.094191 POST /session/e81b9c42-6e15-47a9-88fd-afe42e5cfe7b/element [12.357333ms] ERR:404 body={"strategy":"-android uiautomator","selector":"new UiSelector().textMatches(\"(?is).*\\QLandmark 30\...
14:09:30.101809 POST /session/e81b9c42-6e15-47a9-88fd-afe42e5cfe7b/element [7.565416ms] ERR:404 body={"strategy":"-android uiautomator","selector":"new UiSelector().descriptionMatches(\"(?is).*\\QLandm...
14:09:30.110749 POST /session/e81b9c42-6e15-47a9-88fd-afe42e5cfe7b/element [8.859083ms] ERR:404 body={"strategy":"-android uiautomator","selector":"new UiSelector().textContains(\"Landmark 30\")"}
14:09:30.122344 POST /session/e81b9c42-6e15-47a9-88fd-afe42e5cfe7b/element [11.544042ms] ERR:404 body={"strategy":"-android uiautomator","selector":"new UiSelector().descriptionContains(\"Landmark 30\")...
14:09:30.136040 POST /session/e81b9c42-6e15-47a9-88fd-afe42e5cfe7b/element [13.597584ms] ERR:404 body={"strategy":"-android uiautomator","selector":"new UiSelector().textMatches(\"(?is).*\\QLandmark 30\...
14:09:30.144343 POST /session/e81b9c42-6e15-47a9-88fd-afe42e5cfe7b/element [8.210125ms] ERR:404 body={"strategy":"-android uiautomator","selector":"new UiSelector().descriptionMatches(\"(?is).*\\QLandm...
14:09:30.163223 POST /session/e81b9c42-6e15-47a9-88fd-afe42e5cfe7b/element [18.793125ms] ERR:404 body={"strategy":"-android uiautomator","selector":"new UiSelector().textContains(\"Landmark 30\")"}
14:09:30.168434 POST /session/e81b9c42-6e15-47a9-88fd-afe42e5cfe7b/element [5.149375ms] ERR:404 body={"strategy":"-android uiautomator","selector":"new UiSelector().descriptionContains(\"Landmark 30\")...
14:09:30.174520 POST /session/e81b9c42-6e15-47a9-88fd-afe42e5cfe7b/element [6.043959ms] ERR:404 body={"strategy":"-android uiautomator","selector":"new UiSelector().textMatches(\"(?is).*\\QLandmark 30\...
14:09:30.190347 POST /session/e81b9c42-6e15-47a9-88fd-afe42e5cfe7b/element [15.753042ms] ERR:404 body={"strategy":"-android uiautomator","selector":"new UiSelector().descriptionMatches(\"(?is).*\\QLandm...
14:09:30.195371 POST /session/e81b9c42-6e15-47a9-88fd-afe42e5cfe7b/element [4.983459ms] ERR:404 body={"strategy":"-android uiautomator","selector":"new UiSelector().textContains(\"Landmark 30\")"}
14:09:30.210573 POST /session/e81b9c42-6e15-47a9-88fd-afe42e5cfe7b/element [15.138833ms] ERR:404 body={"strategy":"-android uiautomator","selector":"new UiSelector().descriptionContains(\"Landmark 30\")...
14:09:30.220583 POST /session/e81b9c42-6e15-47a9-88fd-afe42e5cfe7b/element [9.940625ms] ERR:404 body={"strategy":"-android uiautomator","selector":"new UiSelector().textMatches(\"(?is).*\\QLandmark 30\...
14:09:30.228966 POST /session/e81b9c42-6e15-47a9-88fd-afe42e5cfe7b/element [8.29575ms] ERR:404 body={"strategy":"-android uiautomator","selector":"new UiSelector().descriptionMatches(\"(?is).*\\QLandm...
14:09:30.245391 POST /session/e81b9c42-6e15-47a9-88fd-afe42e5cfe7b/element [16.358209ms] ERR:404 body={"strategy":"-android uiautomator","selector":"new UiSelector().textContains(\"Landmark 30\")"}
14:09:30.250482 POST /session/e81b9c42-6e15-47a9-88fd-afe42e5cfe7b/element [5.0285ms] ERR:404 body={"strategy":"-android uiautomator","selector":"new UiSelector().descriptionContains(\"Landmark 30\")...
14:09:30.254756 POST /session/e81b9c42-6e15-47a9-88fd-afe42e5cfe7b/element [4.228916ms] ERR:404 body={"strategy":"-android uiautomator","selector":"new UiSelector().textMatches(\"(?is).*\\QLandmark 30\...
14:09:30.273599 POST /session/e81b9c42-6e15-47a9-88fd-afe42e5cfe7b/element [18.791167ms] ERR:404 body={"strategy":"-android uiautomator","selector":"new UiSelector().descriptionMatches(\"(?is).*\\QLandm...
14:09:30.293206 POST /session/e81b9c42-6e15-47a9-88fd-afe42e5cfe7b/element [19.54125ms] ERR:404 body={"strategy":"-android uiautomator","selector":"new UiSelector().textContains(\"Landmark 30\")"}
14:09:30.305116 POST /session/e81b9c42-6e15-47a9-88fd-afe42e5cfe7b/element [11.819333ms] ERR:404 body={"strategy":"-android uiautomator","selector":"new UiSelector().descriptionContains(\"Landmark 30\")...
14:09:30.315663 POST /session/e81b9c42-6e15-47a9-88fd-afe42e5cfe7b/element [10.463791ms] ERR:404 body={"strategy":"-android uiautomator","selector":"new UiSelector().textMatches(\"(?is).*\\QLandmark 30\...
14:09:30.324361 POST /session/e81b9c42-6e15-47a9-88fd-afe42e5cfe7b/element [8.600041ms] ERR:404 body={"strategy":"-android uiautomator","selector":"new UiSelector().descriptionMatches(\"(?is).*\\QLandm...
14:09:30.333798 POST /session/e81b9c42-6e15-47a9-88fd-afe42e5cfe7b/element [9.387458ms] ERR:404 body={"strategy":"-android uiautomator","selector":"new UiSelector().textContains(\"Landmark 30\")"}
14:09:30.343537 POST /session/e81b9c42-6e15-47a9-88fd-afe42e5cfe7b/element [9.68125ms] ERR:404 body={"strategy":"-android uiautomator","selector":"new UiSelector().descriptionContains(\"Landmark 30\")...
14:09:30.350228 POST /session/e81b9c42-6e15-47a9-88fd-afe42e5cfe7b/element [6.643417ms] ERR:404 body={"strategy":"-android uiautomator","selector":"new UiSelector().textMatches(\"(?is).*\\QLandmark 30\...
14:09:30.367567 POST /session/e81b9c42-6e15-47a9-88fd-afe42e5cfe7b/element [17.285458ms] ERR:404 body={"strategy":"-android uiautomator","selector":"new UiSelector().descriptionMatches(\"(?is).*\\QLandm...
14:09:30.372716 POST /session/e81b9c42-6e15-47a9-88fd-afe42e5cfe7b/element [5.089375ms] ERR:404 body={"strategy":"-android uiautomator","selector":"new UiSelector().textContains(\"Landmark 30\")"}
14:09:30.388329 POST /session/e81b9c42-6e15-47a9-88fd-afe42e5cfe7b/element [15.524708ms] ERR:404 body={"strategy":"-android uiautomator","selector":"new UiSelector().descriptionContains(\"Landmark 30\")...
14:09:30.407925 POST /session/e81b9c42-6e15-47a9-88fd-afe42e5cfe7b/element [19.513542ms] ERR:404 body={"strategy":"-android uiautomator","selector":"new UiSelector().textMatches(\"(?is).*\\QLandmark 30\...
14:09:30.414029 POST /session/e81b9c42-6e15-47a9-88fd-afe42e5cfe7b/element [6.040333ms] ERR:404 body={"strategy":"-android uiautomator","selector":"new UiSelector().descriptionMatches(\"(?is).*\\QLandm...
14:09:30.419508 POST /session/e81b9c42-6e15-47a9-88fd-afe42e5cfe7b/element [5.431959ms] ERR:404 body={"strategy":"-android uiautomator","selector":"new UiSelector().textContains(\"Landmark 30\")"}
14:09:30.427847 POST /session/e81b9c42-6e15-47a9-88fd-afe42e5cfe7b/element [8.290791ms] ERR:404 body={"strategy":"-android uiautomator","selector":"new UiSelector().descriptionContains(\"Landmark 30\")...
14:09:30.443739 POST /session/e81b9c42-6e15-47a9-88fd-afe42e5cfe7b/element [15.816416ms] ERR:404 body={"strategy":"-android uiautomator","selector":"new UiSelector().textMatches(\"(?is).*\\QLandmark 30\...
14:09:30.464524 POST /session/e81b9c42-6e15-47a9-88fd-afe42e5cfe7b/element [20.689875ms] ERR:404 body={"strategy":"-android uiautomator","selector":"new UiSelector().descriptionMatches(\"(?is).*\\QLandm...
14:09:30.475949 POST /session/e81b9c42-6e15-47a9-88fd-afe42e5cfe7b/element [11.328875ms] ERR:404 body={"strategy":"-android uiautomator","selector":"new UiSelector().textContains(\"Landmark 30\")"}
14:09:30.487827 POST /session/e81b9c42-6e15-47a9-88fd-afe42e5cfe7b/element [11.7785ms] ERR:404 body={"strategy":"-android uiautomator","selector":"new UiSelector().descriptionContains(\"Landmark 30\")...
14:09:30.509086 POST /session/e81b9c42-6e15-47a9-88fd-afe42e5cfe7b/element [21.188333ms] ERR:404 body={"strategy":"-android uiautomator","selector":"new UiSelector().textMatches(\"(?is).*\\QLandmark 30\...
14:09:30.522810 POST /session/e81b9c42-6e15-47a9-88fd-afe42e5cfe7b/element [13.669167ms] ERR:404 body={"strategy":"-android uiautomator","selector":"new UiSelector().descriptionMatches(\"(?is).*\\QLandm...
14:09:30.527846 POST /session/e81b9c42-6e15-47a9-88fd-afe42e5cfe7b/element [4.997ms] ERR:404 body={"strategy":"-android uiautomator","selector":"new UiSelector().textContains(\"Landmark 30\")"}
14:09:30.534846 POST /session/e81b9c42-6e15-47a9-88fd-afe42e5cfe7b/element [6.962708ms] ERR:404 body={"strategy":"-android uiautomator","selector":"new UiSelector().descriptionContains(\"Landmark 30\")...
14:09:30.552152 POST /session/e81b9c42-6e15-47a9-88fd-afe42e5cfe7b/element [17.238042ms] ERR:404 body={"strategy":"-android uiautomator","selector":"new UiSelector().textMatches(\"(?is).*\\QLandmark 30\...
14:09:30.562128 POST /session/e81b9c42-6e15-47a9-88fd-afe42e5cfe7b/element [9.901541ms] ERR:404 body={"strategy":"-android uiautomator","selector":"new UiSelector().descriptionMatches(\"(?is).*\\QLandm...
14:09:30.573990 POST /session/e81b9c42-6e15-47a9-88fd-afe42e5cfe7b/element [11.794083ms] ERR:404 body={"strategy":"-android uiautomator","selector":"new UiSelector().textContains(\"Landmark 30\")"}
14:09:30.578607 POST /session/e81b9c42-6e15-47a9-88fd-afe42e5cfe7b/element [4.557458ms] ERR:404 body={"strategy":"-android uiautomator","selector":"new UiSelector().descriptionContains(\"Landmark 30\")...
14:09:30.586987 POST /session/e81b9c42-6e15-47a9-88fd-afe42e5cfe7b/element [8.332334ms] ERR:404 body={"strategy":"-android uiautomator","selector":"new UiSelector().textMatches(\"(?is).*\\QLandmark 30\...
14:09:30.607104 POST /session/e81b9c42-6e15-47a9-88fd-afe42e5cfe7b/element [20.029709ms] ERR:404 body={"strategy":"-android uiautomator","selector":"new UiSelector().descriptionMatches(\"(?is).*\\QLandm...
14:09:30.615060 POST /session/e81b9c42-6e15-47a9-88fd-afe42e5cfe7b/element [7.89025ms] ERR:404 body={"strategy":"-android uiautomator","selector":"new UiSelector().textContains(\"Landmark 30\")"}
14:09:30.624337 POST /session/e81b9c42-6e15-47a9-88fd-afe42e5cfe7b/element [9.217875ms] ERR:404 body={"strategy":"-android uiautomator","selector":"new UiSelector().descriptionContains(\"Landmark 30\")...
14:09:30.630156 POST /session/e81b9c42-6e15-47a9-88fd-afe42e5cfe7b/element [5.769042ms] ERR:404 body={"strategy":"-android uiautomator","selector":"new UiSelector().textMatches(\"(?is).*\\QLandmark 30\...
14:09:30.645015 POST /session/e81b9c42-6e15-47a9-88fd-afe42e5cfe7b/element [14.763542ms] ERR:404 body={"strategy":"-android uiautomator","selector":"new UiSelector().descriptionMatches(\"(?is).*\\QLandm...
14:09:30.652334 POST /session/e81b9c42-6e15-47a9-88fd-afe42e5cfe7b/element [7.234583ms] ERR:404 body={"strategy":"-android uiautomator","selector":"new UiSelector().textContains(\"Landmark 30\")"}
14:09:30.658665 POST /session/e81b9c42-6e15-47a9-88fd-afe42e5cfe7b/element [6.251958ms] ERR:404 body={"strategy":"-android uiautomator","selector":"new UiSelector().descriptionContains(\"Landmark 30\")...
14:09:30.670212 POST /session/e81b9c42-6e15-47a9-88fd-afe42e5cfe7b/element [11.470334ms] ERR:404 body={"strategy":"-android uiautomator","selector":"new UiSelector().textMatches(\"(?is).*\\QLandmark 30\...
14:09:30.677370 POST /session/e81b9c42-6e15-47a9-88fd-afe42e5cfe7b/element [7.103875ms] ERR:404 body={"strategy":"-android uiautomator","selector":"new UiSelector().descriptionMatches(\"(?is).*\\QLandm...
14:09:30.683145 POST /session/e81b9c42-6e15-47a9-88fd-afe42e5cfe7b/element [5.7255ms] ERR:404 body={"strategy":"-android uiautomator","selector":"new UiSelector().textContains(\"Landmark 30\")"}
14:09:30.687162 POST /session/e81b9c42-6e15-47a9-88fd-afe42e5cfe7b/element [3.98075ms] ERR:404 body={"strategy":"-android uiautomator","selector":"new UiSelector().descriptionContains(\"Landmark 30\")...
14:09:30.692020 POST /session/e81b9c42-6e15-47a9-88fd-afe42e5cfe7b/element [4.820167ms] ERR:404 body={"strategy":"-android uiautomator","selector":"new UiSelector().textMatches(\"(?is).*\\QLandmark 30\...
14:09:30.698015 POST /session/e81b9c42-6e15-47a9-88fd-afe42e5cfe7b/element [5.944125ms] ERR:404 body={"strategy":"-android uiautomator","selector":"new UiSelector().descriptionMatches(\"(?is).*\\QLandm...
14:09:30.703029 POST /session/e81b9c42-6e15-47a9-88fd-afe42e5cfe7b/element [4.968625ms] ERR:404 body={"strategy":"-android uiautomator","selector":"new UiSelector().textContains(\"Landmark 30\")"}
14:09:30.708112 POST /session/e81b9c42-6e15-47a9-88fd-afe42e5cfe7b/element [5.029625ms] ERR:404 body={"strategy":"-android uiautomator","selector":"new UiSelector().descriptionContains(\"Landmark 30\")...
14:09:30.715377 POST /session/e81b9c42-6e15-47a9-88fd-afe42e5cfe7b/element [7.212542ms] ERR:404 body={"strategy":"-android uiautomator","selector":"new UiSelector().textMatches(\"(?is).*\\QLandmark 30\...
14:09:30.724584 POST /session/e81b9c42-6e15-47a9-88fd-afe42e5cfe7b/element [9.142875ms] ERR:404 body={"strategy":"-android uiautomator","selector":"new UiSelector().descriptionMatches(\"(?is).*\\QLandm...
14:09:30.740308 POST /session/e81b9c42-6e15-47a9-88fd-afe42e5cfe7b/element [15.636208ms] ERR:404 body={"strategy":"-android uiautomator","selector":"new UiSelector().textContains(\"Landmark 30\")"}
14:09:30.758549 POST /session/e81b9c42-6e15-47a9-88fd-afe42e5cfe7b/element [18.157875ms] ERR:404 body={"strategy":"-android uiautomator","selector":"new UiSelector().descriptionContains(\"Landmark 30\")...
14:09:30.768814 POST /session/e81b9c42-6e15-47a9-88fd-afe42e5cfe7b/element [5.508708ms] ERR:404 body={"strategy":"-android uiautomator","selector":"new UiSelector().textMatches(\"(?is).*\\QLandmark 30\...
14:09:30.773444 POST /session/e81b9c42-6e15-47a9-88fd-afe42e5cfe7b/element [4.570792ms] ERR:404 body={"strategy":"-android uiautomator","selector":"new UiSelector().descriptionMatches(\"(?is).*\\QLandm...
14:09:30.780948 POST /session/e81b9c42-6e15-47a9-88fd-afe42e5cfe7b/element [7.454792ms] ERR:404 body={"strategy":"-android uiautomator","selector":"new UiSelector().textContains(\"Landmark 30\")"}
14:09:30.785809 POST /session/e81b9c42-6e15-47a9-88fd-afe42e5cfe7b/element [4.829625ms] ERR:404 body={"strategy":"-android uiautomator","selector":"new UiSelector().descriptionContains(\"Landmark 30\")...
14:09:30.807207 POST /session/e81b9c42-6e15-47a9-88fd-afe42e5cfe7b/element [21.310833ms] ERR:404 body={"strategy":"-android uiautomator","selector":"new UiSelector().textMatches(\"(?is).*\\QLandmark 30\...
14:09:30.818001 POST /session/e81b9c42-6e15-47a9-88fd-afe42e5cfe7b/element [10.697042ms] ERR:404 body={"strategy":"-android uiautomator","selector":"new UiSelector().descriptionMatches(\"(?is).*\\QLandm...
14:09:30.835151 POST /session/e81b9c42-6e15-47a9-88fd-afe42e5cfe7b/element [17.056459ms] ERR:404 body={"strategy":"-android uiautomator","selector":"new UiSelector().textContains(\"Landmark 30\")"}
14:09:30.853194 POST /session/e81b9c42-6e15-47a9-88fd-afe42e5cfe7b/element [17.978583ms] ERR:404 body={"strategy":"-android uiautomator","selector":"new UiSelector().descriptionContains(\"Landmark 30\")...
14:09:30.864749 POST /session/e81b9c42-6e15-47a9-88fd-afe42e5cfe7b/element [11.479917ms] ERR:404 body={"strategy":"-android uiautomator","selector":"new UiSelector().textMatches(\"(?is).*\\QLandmark 30\...
14:09:30.874857 POST /session/e81b9c42-6e15-47a9-88fd-afe42e5cfe7b/element [10.041583ms] ERR:404 body={"strategy":"-android uiautomator","selector":"new UiSelector().descriptionMatches(\"(?is).*\\QLandm...
14:09:30.897225 POST /session/e81b9c42-6e15-47a9-88fd-afe42e5cfe7b/element [22.286ms] ERR:404 body={"strategy":"-android uiautomator","selector":"new UiSelector().textContains(\"Landmark 30\")"}
14:09:30.910754 POST /session/e81b9c42-6e15-47a9-88fd-afe42e5cfe7b/element [13.415708ms] ERR:404 body={"strategy":"-android uiautomator","selector":"new UiSelector().descriptionContains(\"Landmark 30\")...
14:09:30.918255 POST /session/e81b9c42-6e15-47a9-88fd-afe42e5cfe7b/element [7.418959ms] ERR:404 body={"strategy":"-android uiautomator","selector":"new UiSelector().textMatches(\"(?is).*\\QLandmark 30\...
14:09:30.925074 POST /session/e81b9c42-6e15-47a9-88fd-afe42e5cfe7b/element [6.7585ms] ERR:404 body={"strategy":"-android uiautomator","selector":"new UiSelector().descriptionMatches(\"(?is).*\\QLandm...
14:09:30.931014 POST /session/e81b9c42-6e15-47a9-88fd-afe42e5cfe7b/element [5.868125ms] ERR:404 body={"strategy":"-android uiautomator","selector":"new UiSelector().textContains(\"Landmark 30\")"}
14:09:30.946660 POST /session/e81b9c42-6e15-47a9-88fd-afe42e5cfe7b/element [15.575208ms] ERR:404 body={"strategy":"-android uiautomator","selector":"new UiSelector().descriptionContains(\"Landmark 30\")...
14:09:30.954268 POST /session/e81b9c42-6e15-47a9-88fd-afe42e5cfe7b/element [7.534167ms] ERR:404 body={"strategy":"-android uiautomator","selector":"new UiSelector().textMatches(\"(?is).*\\QLandmark 30\...
14:09:30.960012 POST /session/e81b9c42-6e15-47a9-88fd-afe42e5cfe7b/element [5.684125ms] ERR:404 body={"strategy":"-android uiautomator","selector":"new UiSelector().descriptionMatches(\"(?is).*\\QLandm...
14:09:30.981761 GET /session/e81b9c42-6e15-47a9-88fd-afe42e5cfe7b/source [21.511458ms] OK body=
14:09:30.992931 POST /session/e81b9c42-6e15-47a9-88fd-afe42e5cfe7b/element [9.9315ms] ERR:404 body={"strategy":"-android uiautomator","selector":"new UiSelector().textContains(\"Landmark 30\")"}
14:09:31.005896 POST /session/e81b9c42-6e15-47a9-88fd-afe42e5cfe7b/element [12.879208ms] ERR:404 body={"strategy":"-android uiautomator","selector":"new UiSelector().descriptionContains(\"Landmark 30\")...
14:09:31.019359 POST /session/e81b9c42-6e15-47a9-88fd-afe42e5cfe7b/element [13.390125ms] ERR:404 body={"strategy":"-android uiautomator","selector":"new UiSelector().textMatches(\"(?is).*\\QLandmark 30\...
14:09:31.026242 POST /session/e81b9c42-6e15-47a9-88fd-afe42e5cfe7b/element [6.820917ms] ERR:404 body={"strategy":"-android uiautomator","selector":"new UiSelector().descriptionMatches(\"(?is).*\\QLandm...
14:09:31.031449 POST /session/e81b9c42-6e15-47a9-88fd-afe42e5cfe7b/element [5.13475ms] ERR:404 body={"strategy":"-android uiautomator","selector":"new UiSelector().textContains(\"Landmark 30\")"}
14:09:31.036807 POST /session/e81b9c42-6e15-47a9-88fd-afe42e5cfe7b/element [5.297667ms] ERR:404 body={"strategy":"-android uiautomator","selector":"new UiSelector().descriptionContains(\"Landmark 30\")...
14:09:31.042246 POST /session/e81b9c42-6e15-47a9-88fd-afe42e5cfe7b/element [5.396375ms] ERR:404 body={"strategy":"-android uiautomator","selector":"new UiSelector().textMatches(\"(?is).*\\QLandmark 30\...
14:09:31.048058 POST /session/e81b9c42-6e15-47a9-88fd-afe42e5cfe7b/element [5.767209ms] ERR:404 body={"strategy":"-android uiautomator","selector":"new UiSelector().descriptionMatches(\"(?is).*\\QLandm...
14:09:31.060413 POST /session/e81b9c42-6e15-47a9-88fd-afe42e5cfe7b/element [12.268791ms] ERR:404 body={"strategy":"-android uiautomator","selector":"new UiSelector().textContains(\"Landmark 30\")"}
14:09:31.076612 POST /session/e81b9c42-6e15-47a9-88fd-afe42e5cfe7b/element [16.127041ms] ERR:404 body={"strategy":"-android uiautomator","selector":"new UiSelector().descriptionContains(\"Landmark 30\")...
14:09:31.083631 POST /session/e81b9c42-6e15-47a9-88fd-afe42e5cfe7b/element [6.958625ms] ERR:404 body={"strategy":"-android uiautomator","selector":"new UiSelector().textMatches(\"(?is).*\\QLandmark 30\...
14:09:31.090823 POST /session/e81b9c42-6e15-47a9-88fd-afe42e5cfe7b/element [7.12625ms] ERR:404 body={"strategy":"-android uiautomator","selector":"new UiSelector().descriptionMatches(\"(?is).*\\QLandm...
14:09:31.106528 POST /session/e81b9c42-6e15-47a9-88fd-afe42e5cfe7b/element [15.638875ms] ERR:404 body={"strategy":"-android uiautomator","selector":"new UiSelector().textContains(\"Landmark 30\")"}
14:09:31.119272 POST /session/e81b9c42-6e15-47a9-88fd-afe42e5cfe7b/element [12.682458ms] ERR:404 body={"strategy":"-android uiautomator","selector":"new UiSelector().descriptionContains(\"Landmark 30\")...
14:09:31.123797 POST /session/e81b9c42-6e15-47a9-88fd-afe42e5cfe7b/element [4.470208ms] ERR:404 body={"strategy":"-android uiautomator","selector":"new UiSelector().textMatches(\"(?is).*\\QLandmark 30\...
14:09:31.140624 POST /session/e81b9c42-6e15-47a9-88fd-afe42e5cfe7b/element [16.756167ms] ERR:404 body={"strategy":"-android uiautomator","selector":"new UiSelector().descriptionMatches(\"(?is).*\\QLandm...
14:09:31.161045 POST /session/e81b9c42-6e15-47a9-88fd-afe42e5cfe7b/element [20.309583ms] ERR:404 body={"strategy":"-android uiautomator","selector":"new UiSelector().textContains(\"Landmark 30\")"}
14:09:31.168947 POST /session/e81b9c42-6e15-47a9-88fd-afe42e5cfe7b/element [7.808791ms] ERR:404 body={"strategy":"-android uiautomator","selector":"new UiSelector().descriptionContains(\"Landmark 30\")...
14:09:31.186599 POST /session/e81b9c42-6e15-47a9-88fd-afe42e5cfe7b/element [17.564834ms] ERR:404 body={"strategy":"-android uiautomator","selector":"new UiSelector().textMatches(\"(?is).*\\QLandmark 30\...
14:09:31.196851 POST /session/e81b9c42-6e15-47a9-88fd-afe42e5cfe7b/element [10.198917ms] ERR:404 body={"strategy":"-android uiautomator","selector":"new UiSelector().descriptionMatches(\"(?is).*\\QLandm...
14:09:31.213853 POST /session/e81b9c42-6e15-47a9-88fd-afe42e5cfe7b/element [16.928834ms] ERR:404 body={"strategy":"-android uiautomator","selector":"new UiSelector().textContains(\"Landmark 30\")"}
14:09:31.229119 POST /session/e81b9c42-6e15-47a9-88fd-afe42e5cfe7b/element [15.173167ms] ERR:404 body={"strategy":"-android uiautomator","selector":"new UiSelector().descriptionContains(\"Landmark 30\")...
14:09:31.243325 POST /session/e81b9c42-6e15-47a9-88fd-afe42e5cfe7b/element [14.116542ms] ERR:404 body={"strategy":"-android uiautomator","selector":"new UiSelector().textMatches(\"(?is).*\\QLandmark 30\...
14:09:31.254961 POST /session/e81b9c42-6e15-47a9-88fd-afe42e5cfe7b/element [11.540583ms] ERR:404 body={"strategy":"-android uiautomator","selector":"new UiSelector().descriptionMatches(\"(?is).*\\QLandm...
14:09:31.271125 POST /session/e81b9c42-6e15-47a9-88fd-afe42e5cfe7b/element [16.099167ms] ERR:404 body={"strategy":"-android uiautomator","selector":"new UiSelector().textContains(\"Landmark 30\")"}
14:09:31.275544 POST /session/e81b9c42-6e15-47a9-88fd-afe42e5cfe7b/element [4.36875ms] ERR:404 body={"strategy":"-android uiautomator","selector":"new UiSelector().descriptionContains(\"Landmark 30\")...
14:09:31.290210 POST /session/e81b9c42-6e15-47a9-88fd-afe42e5cfe7b/element [14.595708ms] ERR:404 body={"strategy":"-android uiautomator","selector":"new UiSelector().textMatches(\"(?is).*\\QLandmark 30\...
14:09:31.299349 POST /session/e81b9c42-6e15-47a9-88fd-afe42e5cfe7b/element [9.079792ms] ERR:404 body={"strategy":"-android uiautomator","selector":"new UiSelector().descriptionMatches(\"(?is).*\\QLandm...
14:09:31.311519 POST /session/e81b9c42-6e15-47a9-88fd-afe42e5cfe7b/element [12.101959ms] ERR:404 body={"strategy":"-android uiautomator","selector":"new UiSelector().textContains(\"Landmark 30\")"}
14:09:31.316798 POST /session/e81b9c42-6e15-47a9-88fd-afe42e5cfe7b/element [5.186666ms] ERR:404 body={"strategy":"-android uiautomator","selector":"new UiSelector().descriptionContains(\"Landmark 30\")...
14:09:31.326610 POST /session/e81b9c42-6e15-47a9-88fd-afe42e5cfe7b/element [9.730833ms] ERR:404 body={"strategy":"-android uiautomator","selector":"new UiSelector().textMatches(\"(?is).*\\QLandmark 30\...
14:09:31.343176 POST /session/e81b9c42-6e15-47a9-88fd-afe42e5cfe7b/element [16.50425ms] ERR:404 body={"strategy":"-android uiautomator","selector":"new UiSelector().descriptionMatches(\"(?is).*\\QLandm...
14:09:31.347920 POST /session/e81b9c42-6e15-47a9-88fd-afe42e5cfe7b/element [4.683167ms] ERR:404 body={"strategy":"-android uiautomator","selector":"new UiSelector().textContains(\"Landmark 30\")"}
14:09:31.356668 POST /session/e81b9c42-6e15-47a9-88fd-afe42e5cfe7b/element [8.693ms] ERR:404 body={"strategy":"-android uiautomator","selector":"new UiSelector().descriptionContains(\"Landmark 30\")...
14:09:31.375074 POST /session/e81b9c42-6e15-47a9-88fd-afe42e5cfe7b/element [18.329ms] ERR:404 body={"strategy":"-android uiautomator","selector":"new UiSelector().textMatches(\"(?is).*\\QLandmark 30\...
14:09:31.391810 POST /session/e81b9c42-6e15-47a9-88fd-afe42e5cfe7b/element [16.662875ms] ERR:404 body={"strategy":"-android uiautomator","selector":"new UiSelector().descriptionMatches(\"(?is).*\\QLandm...
14:09:31.404326 POST /session/e81b9c42-6e15-47a9-88fd-afe42e5cfe7b/element [12.425167ms] ERR:404 body={"strategy":"-android uiautomator","selector":"new UiSelector().textContains(\"Landmark 30\")"}
14:09:31.411234 POST /session/e81b9c42-6e15-47a9-88fd-afe42e5cfe7b/element [6.8415ms] ERR:404 body={"strategy":"-android uiautomator","selector":"new UiSelector().descriptionContains(\"Landmark 30\")...
14:09:31.426971 POST /session/e81b9c42-6e15-47a9-88fd-afe42e5cfe7b/element [15.681208ms] ERR:404 body={"strategy":"-android uiautomator","selector":"new UiSelector().textMatches(\"(?is).*\\QLandmark 30\...
14:09:31.443660 POST /session/e81b9c42-6e15-47a9-88fd-afe42e5cfe7b/element [16.614375ms] ERR:404 body={"strategy":"-android uiautomator","selector":"new UiSelector().descriptionMatches(\"(?is).*\\QLandm...
14:09:31.456617 POST /session/e81b9c42-6e15-47a9-88fd-afe42e5cfe7b/element [12.912417ms] ERR:404 body={"strategy":"-android uiautomator","selector":"new UiSelector().textContains(\"Landmark 30\")"}
14:09:31.474574 POST /session/e81b9c42-6e15-47a9-88fd-afe42e5cfe7b/element [17.871917ms] ERR:404 body={"strategy":"-android uiautomator","selector":"new UiSelector().descriptionContains(\"Landmark 30\")...
14:09:31.486141 POST /session/e81b9c42-6e15-47a9-88fd-afe42e5cfe7b/element [11.488208ms] ERR:404 body={"strategy":"-android uiautomator","selector":"new UiSelector().textMatches(\"(?is).*\\QLandmark 30\...
14:09:31.500585 POST /session/e81b9c42-6e15-47a9-88fd-afe42e5cfe7b/element [14.125875ms] ERR:404 body={"strategy":"-android uiautomator","selector":"new UiSelector().descriptionMatches(\"(?is).*\\QLandm...
14:09:31.507331 POST /session/e81b9c42-6e15-47a9-88fd-afe42e5cfe7b/element [6.696416ms] ERR:404 body={"strategy":"-android uiautomator","selector":"new UiSelector().textContains(\"Landmark 30\")"}
14:09:31.515988 POST /session/e81b9c42-6e15-47a9-88fd-afe42e5cfe7b/element [8.587833ms] ERR:404 body={"strategy":"-android uiautomator","selector":"new UiSelector().descriptionContains(\"Landmark 30\")...
14:09:31.538370 POST /session/e81b9c42-6e15-47a9-88fd-afe42e5cfe7b/element [22.310417ms] ERR:404 body={"strategy":"-android uiautomator","selector":"new UiSelector().textMatches(\"(?is).*\\QLandmark 30\...
14:09:31.544134 POST /session/e81b9c42-6e15-47a9-88fd-afe42e5cfe7b/element [5.702625ms] ERR:404 body={"strategy":"-android uiautomator","selector":"new UiSelector().descriptionMatches(\"(?is).*\\QLandm...
14:09:31.550451 POST /session/e81b9c42-6e15-47a9-88fd-afe42e5cfe7b/element [6.259417ms] ERR:404 body={"strategy":"-android uiautomator","selector":"new UiSelector().textContains(\"Landmark 30\")"}
14:09:31.559196 POST /session/e81b9c42-6e15-47a9-88fd-afe42e5cfe7b/element [8.651167ms] ERR:404 body={"strategy":"-android uiautomator","selector":"new UiSelector().descriptionContains(\"Landmark 30\")...
14:09:31.571955 POST /session/e81b9c42-6e15-47a9-88fd-afe42e5cfe7b/element [12.674875ms] ERR:404 body={"strategy":"-android uiautomator","selector":"new UiSelector().textMatches(\"(?is).*\\QLandmark 30\...
14:09:31.578138 POST /session/e81b9c42-6e15-47a9-88fd-afe42e5cfe7b/element [6.113333ms] ERR:404 body={"strategy":"-android uiautomator","selector":"new UiSelector().descriptionMatches(\"(?is).*\\QLandm...
14:09:31.584485 POST /session/e81b9c42-6e15-47a9-88fd-afe42e5cfe7b/element [6.300125ms] ERR:404 body={"strategy":"-android uiautomator","selector":"new UiSelector().textContains(\"Landmark 30\")"}
14:09:31.592475 POST /session/e81b9c42-6e15-47a9-88fd-afe42e5cfe7b/element [7.935416ms] ERR:404 body={"strategy":"-android uiautomator","selector":"new UiSelector().descriptionContains(\"Landmark 30\")...
14:09:31.599061 POST /session/e81b9c42-6e15-47a9-88fd-afe42e5cfe7b/element [6.16375ms] ERR:404 body={"strategy":"-android uiautomator","selector":"new UiSelector().textMatches(\"(?is).*\\QLandmark 30\...
14:09:31.604435 POST /session/e81b9c42-6e15-47a9-88fd-afe42e5cfe7b/element [5.331375ms] ERR:404 body={"strategy":"-android uiautomator","selector":"new UiSelector().descriptionMatches(\"(?is).*\\QLandm...
14:09:31.609013 POST /session/e81b9c42-6e15-47a9-88fd-afe42e5cfe7b/element [4.518375ms] ERR:404 body={"strategy":"-android uiautomator","selector":"new UiSelector().textContains(\"Landmark 30\")"}
14:09:31.614573 POST /session/e81b9c42-6e15-47a9-88fd-afe42e5cfe7b/element [5.5005ms] ERR:404 body={"strategy":"-android uiautomator","selector":"new UiSelector().descriptionContains(\"Landmark 30\")...
14:09:31.628991 POST /session/e81b9c42-6e15-47a9-88fd-afe42e5cfe7b/element [14.362333ms] ERR:404 body={"strategy":"-android uiautomator","selector":"new UiSelector().textMatches(\"(?is).*\\QLandmark 30\...
14:09:31.642644 POST /session/e81b9c42-6e15-47a9-88fd-afe42e5cfe7b/element [13.575042ms] ERR:404 body={"strategy":"-android uiautomator","selector":"new UiSelector().descriptionMatches(\"(?is).*\\QLandm...
14:09:31.653181 POST /session/e81b9c42-6e15-47a9-88fd-afe42e5cfe7b/element [10.465667ms] ERR:404 body={"strategy":"-android uiautomator","selector":"new UiSelector().textContains(\"Landmark 30\")"}
14:09:31.671862 POST /session/e81b9c42-6e15-47a9-88fd-afe42e5cfe7b/element [18.591792ms] ERR:404 body={"strategy":"-android uiautomator","selector":"new UiSelector().descriptionContains(\"Landmark 30\")...
14:09:31.679721 POST /session/e81b9c42-6e15-47a9-88fd-afe42e5cfe7b/element [7.782042ms] ERR:404 body={"strategy":"-android uiautomator","selector":"new UiSelector().textMatches(\"(?is).*\\QLandmark 30\...
14:09:31.685879 POST /session/e81b9c42-6e15-47a9-88fd-afe42e5cfe7b/element [6.087958ms] ERR:404 body={"strategy":"-android uiautomator","selector":"new UiSelector().descriptionMatches(\"(?is).*\\QLandm...
14:09:31.691855 POST /session/e81b9c42-6e15-47a9-88fd-afe42e5cfe7b/element [5.912958ms] ERR:404 body={"strategy":"-android uiautomator","selector":"new UiSelector().textContains(\"Landmark 30\")"}
14:09:31.712170 POST /session/e81b9c42-6e15-47a9-88fd-afe42e5cfe7b/element [20.247167ms] ERR:404 body={"strategy":"-android uiautomator","selector":"new UiSelector().descriptionContains(\"Landmark 30\")...
14:09:31.727971 POST /session/e81b9c42-6e15-47a9-88fd-afe42e5cfe7b/element [15.697959ms] ERR:404 body={"strategy":"-android uiautomator","selector":"new UiSelector().textMatches(\"(?is).*\\QLandmark 30\...
14:09:31.737916 POST /session/e81b9c42-6e15-47a9-88fd-afe42e5cfe7b/element [9.87275ms] ERR:404 body={"strategy":"-android uiautomator","selector":"new UiSelector().descriptionMatches(\"(?is).*\\QLandm...
14:09:31.750863 POST /session/e81b9c42-6e15-47a9-88fd-afe42e5cfe7b/element [12.861ms] ERR:404 body={"strategy":"-android uiautomator","selector":"new UiSelector().textContains(\"Landmark 30\")"}
14:09:31.763361 POST /session/e81b9c42-6e15-47a9-88fd-afe42e5cfe7b/element [12.426375ms] ERR:404 body={"strategy":"-android uiautomator","selector":"new UiSelector().descriptionContains(\"Landmark 30\")...
14:09:31.768767 POST /session/e81b9c42-6e15-47a9-88fd-afe42e5cfe7b/element [5.339208ms] ERR:404 body={"strategy":"-android uiautomator","selector":"new UiSelector().textMatches(\"(?is).*\\QLandmark 30\...
14:09:31.775718 POST /session/e81b9c42-6e15-47a9-88fd-afe42e5cfe7b/element [6.89425ms] ERR:404 body={"strategy":"-android uiautomator","selector":"new UiSelector().descriptionMatches(\"(?is).*\\QLandm...
14:09:31.788958 POST /session/e81b9c42-6e15-47a9-88fd-afe42e5cfe7b/element [13.191542ms] ERR:404 body={"strategy":"-android uiautomator","selector":"new UiSelector().textContains(\"Landmark 30\")"}
14:09:31.803407 POST /session/e81b9c42-6e15-47a9-88fd-afe42e5cfe7b/element [14.340583ms] ERR:404 body={"strategy":"-android uiautomator","selector":"new UiSelector().descriptionContains(\"Landmark 30\")...
14:09:31.819736 POST /session/e81b9c42-6e15-47a9-88fd-afe42e5cfe7b/element [16.256958ms] ERR:404 body={"strategy":"-android uiautomator","selector":"new UiSelector().textMatches(\"(?is).*\\QLandmark 30\...
14:09:31.830550 POST /session/e81b9c42-6e15-47a9-88fd-afe42e5cfe7b/element [10.724875ms] ERR:404 body={"strategy":"-android uiautomator","selector":"new UiSelector().descriptionMatches(\"(?is).*\\QLandm...
14:09:31.838697 POST /session/e81b9c42-6e15-47a9-88fd-afe42e5cfe7b/element [8.074542ms] ERR:404 body={"strategy":"-android uiautomator","selector":"new UiSelector().textContains(\"Landmark 30\")"}
14:09:31.854263 POST /session/e81b9c42-6e15-47a9-88fd-afe42e5cfe7b/element [15.501833ms] ERR:404 body={"strategy":"-android uiautomator","selector":"new UiSelector().descriptionContains(\"Landmark 30\")...
14:09:31.869268 POST /session/e81b9c42-6e15-47a9-88fd-afe42e5cfe7b/element [14.944875ms] ERR:404 body={"strategy":"-android uiautomator","selector":"new UiSelector().textMatches(\"(?is).*\\QLandmark 30\...
14:09:31.887400 POST /session/e81b9c42-6e15-47a9-88fd-afe42e5cfe7b/element [18.067833ms] ERR:404 body={"strategy":"-android uiautomator","selector":"new UiSelector().descriptionMatches(\"(?is).*\\QLandm...
14:09:31.894771 POST /session/e81b9c42-6e15-47a9-88fd-afe42e5cfe7b/element [7.286291ms] ERR:404 body={"strategy":"-android uiautomator","selector":"new UiSelector().textContains(\"Landmark 30\")"}
14:09:31.900797 POST /session/e81b9c42-6e15-47a9-88fd-afe42e5cfe7b/element [5.972958ms] ERR:404 body={"strategy":"-android uiautomator","selector":"new UiSelector().descriptionContains(\"Landmark 30\")...
14:09:31.907441 POST /session/e81b9c42-6e15-47a9-88fd-afe42e5cfe7b/element [6.573584ms] ERR:404 body={"strategy":"-android uiautomator","selector":"new UiSelector().textMatches(\"(?is).*\\QLandmark 30\...
14:09:31.920743 POST /session/e81b9c42-6e15-47a9-88fd-afe42e5cfe7b/element [13.221083ms] ERR:404 body={"strategy":"-android uiautomator","selector":"new UiSelector().descriptionMatches(\"(?is).*\\QLandm...
14:09:31.926576 POST /session/e81b9c42-6e15-47a9-88fd-afe42e5cfe7b/element [5.750209ms] ERR:404 body={"strategy":"-android uiautomator","selector":"new UiSelector().textContains(\"Landmark 30\")"}
14:09:31.932139 POST /session/e81b9c42-6e15-47a9-88fd-afe42e5cfe7b/element [5.508208ms] ERR:404 body={"strategy":"-android uiautomator","selector":"new UiSelector().descriptionContains(\"Landmark 30\")...
14:09:31.938253 POST /session/e81b9c42-6e15-47a9-88fd-afe42e5cfe7b/element [6.06675ms] ERR:404 body={"strategy":"-android uiautomator","selector":"new UiSelector().textMatches(\"(?is).*\\QLandmark 30\...
14:09:31.945245 POST /session/e81b9c42-6e15-47a9-88fd-afe42e5cfe7b/element [6.953792ms] ERR:404 body={"strategy":"-android uiautomator","selector":"new UiSelector().descriptionMatches(\"(?is).*\\QLandm...
14:09:31.951786 POST /session/e81b9c42-6e15-47a9-88fd-afe42e5cfe7b/element [6.5065ms] ERR:404 body={"strategy":"-android uiautomator","selector":"new UiSelector().textContains(\"Landmark 30\")"}
14:09:31.957734 POST /session/e81b9c42-6e15-47a9-88fd-afe42e5cfe7b/element [5.904208ms] ERR:404 body={"strategy":"-android uiautomator","selector":"new UiSelector().descriptionContains(\"Landmark 30\")...
14:09:31.963899 POST /session/e81b9c42-6e15-47a9-88fd-afe42e5cfe7b/element [6.131208ms] ERR:404 body={"strategy":"-android uiautomator","selector":"new UiSelector().textMatches(\"(?is).*\\QLandmark 30\...
14:09:31.969930 POST /session/e81b9c42-6e15-47a9-88fd-afe42e5cfe7b/element [5.973208ms] ERR:404 body={"strategy":"-android uiautomator","selector":"new UiSelector().descriptionMatches(\"(?is).*\\QLandm...
14:09:31.975301 POST /session/e81b9c42-6e15-47a9-88fd-afe42e5cfe7b/element [5.32075ms] ERR:404 body={"strategy":"-android uiautomator","selector":"new UiSelector().textContains(\"Landmark 30\")"}
14:09:31.981182 POST /session/e81b9c42-6e15-47a9-88fd-afe42e5cfe7b/element [5.840083ms] ERR:404 body={"strategy":"-android uiautomator","selector":"new UiSelector().descriptionContains(\"Landmark 30\")...
14:09:31.988449 POST /session/e81b9c42-6e15-47a9-88fd-afe42e5cfe7b/element [7.177667ms] ERR:404 body={"strategy":"-android uiautomator","selector":"new UiSelector().textMatches(\"(?is).*\\QLandmark 30\...
14:09:31.998148 POST /session/e81b9c42-6e15-47a9-88fd-afe42e5cfe7b/element [9.64025ms] ERR:404 body={"strategy":"-android uiautomator","selector":"new UiSelector().descriptionMatches(\"(?is).*\\QLandm...
14:09:32.018346 GET /session/e81b9c42-6e15-47a9-88fd-afe42e5cfe7b/source [20.000417ms] OK body=
14:09:32.028718 POST /session/e81b9c42-6e15-47a9-88fd-afe42e5cfe7b/element [8.999708ms] ERR:404 body={"strategy":"-android uiautomator","selector":"new UiSelector().textContains(\"Landmark 30\")"}
14:09:32.034324 POST /session/e81b9c42-6e15-47a9-88fd-afe42e5cfe7b/element [5.52675ms] ERR:404 body={"strategy":"-android uiautomator","selector":"new UiSelector().descriptionContains(\"Landmark 30\")...
14:09:32.040578 POST /session/e81b9c42-6e15-47a9-88fd-afe42e5cfe7b/element [6.2015ms] ERR:404 body={"strategy":"-android uiautomator","selector":"new UiSelector().textMatches(\"(?is).*\\QLandmark 30\...
14:09:32.048460 POST /session/e81b9c42-6e15-47a9-88fd-afe42e5cfe7b/element [7.840584ms] ERR:404 body={"strategy":"-android uiautomator","selector":"new UiSelector().descriptionMatches(\"(?is).*\\QLandm...
14:09:32.066505 POST /session/e81b9c42-6e15-47a9-88fd-afe42e5cfe7b/element [17.956ms] ERR:404 body={"strategy":"-android uiautomator","selector":"new UiSelector().textContains(\"Landmark 30\")"}
14:09:32.080299 POST /session/e81b9c42-6e15-47a9-88fd-afe42e5cfe7b/element [13.711542ms] ERR:404 body={"strategy":"-android uiautomator","selector":"new UiSelector().descriptionContains(\"Landmark 30\")...
14:09:32.088903 POST /session/e81b9c42-6e15-47a9-88fd-afe42e5cfe7b/element [8.524ms] ERR:404 body={"strategy":"-android uiautomator","selector":"new UiSelector().textMatches(\"(?is).*\\QLandmark 30\...
14:09:32.094409 POST /session/e81b9c42-6e15-47a9-88fd-afe42e5cfe7b/element [5.445875ms] ERR:404 body={"strategy":"-android uiautomator","selector":"new UiSelector().descriptionMatches(\"(?is).*\\QLandm...
14:09:32.099213 POST /session/e81b9c42-6e15-47a9-88fd-afe42e5cfe7b/element [4.7585ms] ERR:404 body={"strategy":"-android uiautomator","selector":"new UiSelector().textContains(\"Landmark 30\")"}
14:09:32.104780 POST /session/e81b9c42-6e15-47a9-88fd-afe42e5cfe7b/element [5.523291ms] ERR:404 body={"strategy":"-android uiautomator","selector":"new UiSelector().descriptionContains(\"Landmark 30\")...
14:09:32.111268 POST /session/e81b9c42-6e15-47a9-88fd-afe42e5cfe7b/element [6.447208ms] ERR:404 body={"strategy":"-android uiautomator","selector":"new UiSelector().textMatches(\"(?is).*\\QLandmark 30\...
14:09:32.117554 POST /session/e81b9c42-6e15-47a9-88fd-afe42e5cfe7b/element [6.236334ms] ERR:404 body={"strategy":"-android uiautomator","selector":"new UiSelector().descriptionMatches(\"(?is).*\\QLandm...
14:09:32.123455 POST /session/e81b9c42-6e15-47a9-88fd-afe42e5cfe7b/element [5.847416ms] ERR:404 body={"strategy":"-android uiautomator","selector":"new UiSelector().textContains(\"Landmark 30\")"}
14:09:32.130536 POST /session/e81b9c42-6e15-47a9-88fd-afe42e5cfe7b/element [7.029208ms] ERR:404 body={"strategy":"-android uiautomator","selector":"new UiSelector().descriptionContains(\"Landmark 30\")...
14:09:32.134903 POST /session/e81b9c42-6e15-47a9-88fd-afe42e5cfe7b/element [4.322834ms] ERR:404 body={"strategy":"-android uiautomator","selector":"new UiSelector().textMatches(\"(?is).*\\QLandmark 30\...
14:09:32.141061 POST /session/e81b9c42-6e15-47a9-88fd-afe42e5cfe7b/element [6.120166ms] ERR:404 body={"strategy":"-android uiautomator","selector":"new UiSelector().descriptionMatches(\"(?is).*\\QLandm...
14:09:32.147128 POST /session/e81b9c42-6e15-47a9-88fd-afe42e5cfe7b/element [6.0125ms] ERR:404 body={"strategy":"-android uiautomator","selector":"new UiSelector().textContains(\"Landmark 30\")"}
14:09:32.155773 POST /session/e81b9c42-6e15-47a9-88fd-afe42e5cfe7b/element [8.560375ms] ERR:404 body={"strategy":"-android uiautomator","selector":"new UiSelector().descriptionContains(\"Landmark 30\")...
14:09:32.168349 POST /session/e81b9c42-6e15-47a9-88fd-afe42e5cfe7b/element [12.49475ms] ERR:404 body={"strategy":"-android uiautomator","selector":"new UiSelector().textMatches(\"(?is).*\\QLandmark 30\...
14:09:32.178812 POST /session/e81b9c42-6e15-47a9-88fd-afe42e5cfe7b/element [10.369583ms] ERR:404 body={"strategy":"-android uiautomator","selector":"new UiSelector().descriptionMatches(\"(?is).*\\QLandm...
14:09:32.189654 POST /session/e81b9c42-6e15-47a9-88fd-afe42e5cfe7b/element [10.771042ms] ERR:404 body={"strategy":"-android uiautomator","selector":"new UiSelector().textContains(\"Landmark 30\")"}
14:09:32.200454 POST /session/e81b9c42-6e15-47a9-88fd-afe42e5cfe7b/element [10.737416ms] ERR:404 body={"strategy":"-android uiautomator","selector":"new UiSelector().descriptionContains(\"Landmark 30\")...
14:09:32.217610 POST /session/e81b9c42-6e15-47a9-88fd-afe42e5cfe7b/element [17.092958ms] ERR:404 body={"strategy":"-android uiautomator","selector":"new UiSelector().textMatches(\"(?is).*\\QLandmark 30\...
14:09:32.222945 POST /session/e81b9c42-6e15-47a9-88fd-afe42e5cfe7b/element [5.262375ms] ERR:404 body={"strategy":"-android uiautomator","selector":"new UiSelector().descriptionMatches(\"(?is).*\\QLandm...
14:09:32.233950 POST /session/e81b9c42-6e15-47a9-88fd-afe42e5cfe7b/element [10.970916ms] ERR:404 body={"strategy":"-android uiautomator","selector":"new UiSelector().textContains(\"Landmark 30\")"}
14:09:32.250526 POST /session/e81b9c42-6e15-47a9-88fd-afe42e5cfe7b/element [16.5195ms] ERR:404 body={"strategy":"-android uiautomator","selector":"new UiSelector().descriptionContains(\"Landmark 30\")...
14:09:32.268761 POST /session/e81b9c42-6e15-47a9-88fd-afe42e5cfe7b/element [18.146291ms] ERR:404 body={"strategy":"-android uiautomator","selector":"new UiSelector().textMatches(\"(?is).*\\QLandmark 30\...
14:09:32.274109 POST /session/e81b9c42-6e15-47a9-88fd-afe42e5cfe7b/element [5.265ms] ERR:404 body={"strategy":"-android uiautomator","selector":"new UiSelector().descriptionMatches(\"(?is).*\\QLandm...
14:09:32.283623 POST /session/e81b9c42-6e15-47a9-88fd-afe42e5cfe7b/element [9.442167ms] ERR:404 body={"strategy":"-android uiautomator","selector":"new UiSelector().textContains(\"Landmark 30\")"}
14:09:32.295200 POST /session/e81b9c42-6e15-47a9-88fd-afe42e5cfe7b/element [11.513666ms] ERR:404 body={"strategy":"-android uiautomator","selector":"new UiSelector().descriptionContains(\"Landmark 30\")...
14:09:32.303947 POST /session/e81b9c42-6e15-47a9-88fd-afe42e5cfe7b/element [8.68425ms] ERR:404 body={"strategy":"-android uiautomator","selector":"new UiSelector().textMatches(\"(?is).*\\QLandmark 30\...
14:09:32.309251 POST /session/e81b9c42-6e15-47a9-88fd-afe42e5cfe7b/element [5.237125ms] ERR:404 body={"strategy":"-android uiautomator","selector":"new UiSelector().descriptionMatches(\"(?is).*\\QLandm...
14:09:32.328358 POST /session/e81b9c42-6e15-47a9-88fd-afe42e5cfe7b/element [19.034583ms] ERR:404 body={"strategy":"-android uiautomator","selector":"new UiSelector().textContains(\"Landmark 30\")"}
14:09:32.340960 POST /session/e81b9c42-6e15-47a9-88fd-afe42e5cfe7b/element [12.530084ms] ERR:404 body={"strategy":"-android uiautomator","selector":"new UiSelector().descriptionContains(\"Landmark 30\")...
14:09:32.348129 POST /session/e81b9c42-6e15-47a9-88fd-afe42e5cfe7b/element [7.105ms] ERR:404 body={"strategy":"-android uiautomator","selector":"new UiSelector().textMatches(\"(?is).*\\QLandmark 30\...
14:09:32.353095 POST /session/e81b9c42-6e15-47a9-88fd-afe42e5cfe7b/element [4.914875ms] ERR:404 body={"strategy":"-android uiautomator","selector":"new UiSelector().descriptionMatches(\"(?is).*\\QLandm...
14:09:32.357329 POST /session/e81b9c42-6e15-47a9-88fd-afe42e5cfe7b/element [4.185875ms] ERR:404 body={"strategy":"-android uiautomator","selector":"new UiSelector().textContains(\"Landmark 30\")"}
14:09:32.362442 POST /session/e81b9c42-6e15-47a9-88fd-afe42e5cfe7b/element [4.219667ms] ERR:404 body={"strategy":"-android uiautomator","selector":"new UiSelector().descriptionContains(\"Landmark 30\")...
14:09:32.368428 POST /session/e81b9c42-6e15-47a9-88fd-afe42e5cfe7b/element [5.625792ms] ERR:404 body={"strategy":"-android uiautomator","selector":"new UiSelector().textMatches(\"(?is).*\\QLandmark 30\...
14:09:32.372029 POST /session/e81b9c42-6e15-47a9-88fd-afe42e5cfe7b/element [3.546333ms] ERR:404 body={"strategy":"-android uiautomator","selector":"new UiSelector().descriptionMatches(\"(?is).*\\QLandm...
14:09:32.379829 POST /session/e81b9c42-6e15-47a9-88fd-afe42e5cfe7b/element [7.704834ms] ERR:404 body={"strategy":"-android uiautomator","selector":"new UiSelector().textContains(\"Landmark 30\")"}
14:09:32.395522 POST /session/e81b9c42-6e15-47a9-88fd-afe42e5cfe7b/element [15.631667ms] ERR:404 body={"strategy":"-android uiautomator","selector":"new UiSelector().descriptionContains(\"Landmark 30\")...
14:09:32.401026 POST /session/e81b9c42-6e15-47a9-88fd-afe42e5cfe7b/element [5.424ms] ERR:404 body={"strategy":"-android uiautomator","selector":"new UiSelector().textMatches(\"(?is).*\\QLandmark 30\...
14:09:32.412958 POST /session/e81b9c42-6e15-47a9-88fd-afe42e5cfe7b/element [11.870459ms] ERR:404 body={"strategy":"-android uiautomator","selector":"new UiSelector().descriptionMatches(\"(?is).*\\QLandm...
14:09:32.426720 POST /session/e81b9c42-6e15-47a9-88fd-afe42e5cfe7b/element [13.7005ms] ERR:404 body={"strategy":"-android uiautomator","selector":"new UiSelector().textContains(\"Landmark 30\")"}
14:09:32.442793 POST /session/e81b9c42-6e15-47a9-88fd-afe42e5cfe7b/element [16.003375ms] ERR:404 body={"strategy":"-android uiautomator","selector":"new UiSelector().descriptionContains(\"Landmark 30\")...
14:09:32.448423 POST /session/e81b9c42-6e15-47a9-88fd-afe42e5cfe7b/element [5.569875ms] ERR:404 body={"strategy":"-android uiautomator","selector":"new UiSelector().textMatches(\"(?is).*\\QLandmark 30\...
14:09:32.459398 POST /session/e81b9c42-6e15-47a9-88fd-afe42e5cfe7b/element [10.924667ms] ERR:404 body={"strategy":"-android uiautomator","selector":"new UiSelector().descriptionMatches(\"(?is).*\\QLandm...
14:09:32.479078 POST /session/e81b9c42-6e15-47a9-88fd-afe42e5cfe7b/element [19.586291ms] ERR:404 body={"strategy":"-android uiautomator","selector":"new UiSelector().textContains(\"Landmark 30\")"}
14:09:32.499722 POST /session/e81b9c42-6e15-47a9-88fd-afe42e5cfe7b/element [20.525792ms] ERR:404 body={"strategy":"-android uiautomator","selector":"new UiSelector().descriptionContains(\"Landmark 30\")...
14:09:32.506987 POST /session/e81b9c42-6e15-47a9-88fd-afe42e5cfe7b/element [7.205125ms] ERR:404 body={"strategy":"-android uiautomator","selector":"new UiSelector().textMatches(\"(?is).*\\QLandmark 30\...
14:09:32.522728 POST /session/e81b9c42-6e15-47a9-88fd-afe42e5cfe7b/element [15.69275ms] ERR:404 body={"strategy":"-android uiautomator","selector":"new UiSelector().descriptionMatches(\"(?is).*\\QLandm...
14:09:32.528197 POST /session/e81b9c42-6e15-47a9-88fd-afe42e5cfe7b/element [5.406084ms] ERR:404 body={"strategy":"-android uiautomator","selector":"new UiSelector().textContains(\"Landmark 30\")"}
14:09:32.538641 POST /session/e81b9c42-6e15-47a9-88fd-afe42e5cfe7b/element [10.39475ms] ERR:404 body={"strategy":"-android uiautomator","selector":"new UiSelector().descriptionContains(\"Landmark 30\")...
14:09:32.545104 POST /session/e81b9c42-6e15-47a9-88fd-afe42e5cfe7b/element [6.405583ms] ERR:404 body={"strategy":"-android uiautomator","selector":"new UiSelector().textMatches(\"(?is).*\\QLandmark 30\...
14:09:32.552828 POST /session/e81b9c42-6e15-47a9-88fd-afe42e5cfe7b/element [7.624833ms] ERR:404 body={"strategy":"-android uiautomator","selector":"new UiSelector().descriptionMatches(\"(?is).*\\QLandm...
14:09:32.568064 POST /session/e81b9c42-6e15-47a9-88fd-afe42e5cfe7b/element [15.167042ms] ERR:404 body={"strategy":"-android uiautomator","selector":"new UiSelector().textContains(\"Landmark 30\")"}
14:09:32.576525 POST /session/e81b9c42-6e15-47a9-88fd-afe42e5cfe7b/element [8.376334ms] ERR:404 body={"strategy":"-android uiautomator","selector":"new UiSelector().descriptionContains(\"Landmark 30\")...
14:09:32.591625 POST /session/e81b9c42-6e15-47a9-88fd-afe42e5cfe7b/element [15.036916ms] ERR:404 body={"strategy":"-android uiautomator","selector":"new UiSelector().textMatches(\"(?is).*\\QLandmark 30\...
14:09:32.596818 POST /session/e81b9c42-6e15-47a9-88fd-afe42e5cfe7b/element [5.137041ms] ERR:404 body={"strategy":"-android uiautomator","selector":"new UiSelector().descriptionMatches(\"(?is).*\\QLandm...
14:09:32.606648 POST /session/e81b9c42-6e15-47a9-88fd-afe42e5cfe7b/element [9.792167ms] ERR:404 body={"strategy":"-android uiautomator","selector":"new UiSelector().textContains(\"Landmark 30\")"}
14:09:32.611823 POST /session/e81b9c42-6e15-47a9-88fd-afe42e5cfe7b/element [5.032583ms] ERR:404 body={"strategy":"-android uiautomator","selector":"new UiSelector().descriptionContains(\"Landmark 30\")...
14:09:32.617940 POST /session/e81b9c42-6e15-47a9-88fd-afe42e5cfe7b/element [6.066625ms] ERR:404 body={"strategy":"-android uiautomator","selector":"new UiSelector().textMatches(\"(?is).*\\QLandmark 30\...
14:09:32.639991 POST /session/e81b9c42-6e15-47a9-88fd-afe42e5cfe7b/element [21.985041ms] ERR:404 body={"strategy":"-android uiautomator","selector":"new UiSelector().descriptionMatches(\"(?is).*\\QLandm...
14:09:32.650458 POST /session/e81b9c42-6e15-47a9-88fd-afe42e5cfe7b/element [10.379958ms] ERR:404 body={"strategy":"-android uiautomator","selector":"new UiSelector().textContains(\"Landmark 30\")"}
14:09:32.667427 POST /session/e81b9c42-6e15-47a9-88fd-afe42e5cfe7b/element [16.891167ms] ERR:404 body={"strategy":"-android uiautomator","selector":"new UiSelector().descriptionContains(\"Landmark 30\")...
14:09:32.685425 POST /session/e81b9c42-6e15-47a9-88fd-afe42e5cfe7b/element [17.930042ms] ERR:404 body={"strategy":"-android uiautomator","selector":"new UiSelector().textMatches(\"(?is).*\\QLandmark 30\...
14:09:32.693650 POST /session/e81b9c42-6e15-47a9-88fd-afe42e5cfe7b/element [8.170292ms] ERR:404 body={"strategy":"-android uiautomator","selector":"new UiSelector().descriptionMatches(\"(?is).*\\QLandm...
14:09:32.704842 POST /session/e81b9c42-6e15-47a9-88fd-afe42e5cfe7b/element [11.153ms] ERR:404 body={"strategy":"-android uiautomator","selector":"new UiSelector().textContains(\"Landmark 30\")"}
14:09:32.709714 POST /session/e81b9c42-6e15-47a9-88fd-afe42e5cfe7b/element [4.821666ms] ERR:404 body={"strategy":"-android uiautomator","selector":"new UiSelector().descriptionContains(\"Landmark 30\")...
14:09:32.724313 POST /session/e81b9c42-6e15-47a9-88fd-afe42e5cfe7b/element [14.540209ms] ERR:404 body={"strategy":"-android uiautomator","selector":"new UiSelector().textMatches(\"(?is).*\\QLandmark 30\...
14:09:32.739479 POST /session/e81b9c42-6e15-47a9-88fd-afe42e5cfe7b/element [15.080167ms] ERR:404 body={"strategy":"-android uiautomator","selector":"new UiSelector().descriptionMatches(\"(?is).*\\QLandm...
14:09:32.744563 POST /session/e81b9c42-6e15-47a9-88fd-afe42e5cfe7b/element [5.013708ms] ERR:404 body={"strategy":"-android uiautomator","selector":"new UiSelector().textContains(\"Landmark 30\")"}
14:09:32.759527 POST /session/e81b9c42-6e15-47a9-88fd-afe42e5cfe7b/element [14.916834ms] ERR:404 body={"strategy":"-android uiautomator","selector":"new UiSelector().descriptionContains(\"Landmark 30\")...
14:09:32.770172 POST /session/e81b9c42-6e15-47a9-88fd-afe42e5cfe7b/element [10.572875ms] ERR:404 body={"strategy":"-android uiautomator","selector":"new UiSelector().textMatches(\"(?is).*\\QLandmark 30\...
14:09:32.776885 POST /session/e81b9c42-6e15-47a9-88fd-afe42e5cfe7b/element [6.614583ms] ERR:404 body={"strategy":"-android uiautomator","selector":"new UiSelector().descriptionMatches(\"(?is).*\\QLandm...
14:09:32.782748 POST /session/e81b9c42-6e15-47a9-88fd-afe42e5cfe7b/element [5.821125ms] ERR:404 body={"strategy":"-android uiautomator","selector":"new UiSelector().textContains(\"Landmark 30\")"}
14:09:32.800273 POST /session/e81b9c42-6e15-47a9-88fd-afe42e5cfe7b/element [17.415791ms] ERR:404 body={"strategy":"-android uiautomator","selector":"new UiSelector().descriptionContains(\"Landmark 30\")...
14:09:32.811441 POST /session/e81b9c42-6e15-47a9-88fd-afe42e5cfe7b/element [11.071041ms] ERR:404 body={"strategy":"-android uiautomator","selector":"new UiSelector().textMatches(\"(?is).*\\QLandmark 30\...
14:09:32.824354 POST /session/e81b9c42-6e15-47a9-88fd-afe42e5cfe7b/element [12.853167ms] ERR:404 body={"strategy":"-android uiautomator","selector":"new UiSelector().descriptionMatches(\"(?is).*\\QLandm...
14:09:32.829454 POST /session/e81b9c42-6e15-47a9-88fd-afe42e5cfe7b/element [5.030125ms] ERR:404 body={"strategy":"-android uiautomator","selector":"new UiSelector().textContains(\"Landmark 30\")"}
14:09:32.839626 POST /session/e81b9c42-6e15-47a9-88fd-afe42e5cfe7b/element [10.125166ms] ERR:404 body={"strategy":"-android uiautomator","selector":"new UiSelector().descriptionContains(\"Landmark 30\")...
14:09:32.847055 POST /session/e81b9c42-6e15-47a9-88fd-afe42e5cfe7b/element [7.365833ms] ERR:404 body={"strategy":"-android uiautomator","selector":"new UiSelector().textMatches(\"(?is).*\\QLandmark 30\...
14:09:32.862219 POST /session/e81b9c42-6e15-47a9-88fd-afe42e5cfe7b/element [15.118333ms] ERR:404 body={"strategy":"-android uiautomator","selector":"new UiSelector().descriptionMatches(\"(?is).*\\QLandm...
14:09:32.868888 POST /session/e81b9c42-6e15-47a9-88fd-afe42e5cfe7b/element [6.613542ms] ERR:404 body={"strategy":"-android uiautomator","selector":"new UiSelector().textContains(\"Landmark 30\")"}
14:09:32.883285 POST /session/e81b9c42-6e15-47a9-88fd-afe42e5cfe7b/element [14.328333ms] ERR:404 body={"strategy":"-android uiautomator","selector":"new UiSelector().descriptionContains(\"Landmark 30\")...
14:09:32.895821 POST /session/e81b9c42-6e15-47a9-88fd-afe42e5cfe7b/element [12.474375ms] ERR:404 body={"strategy":"-android uiautomator","selector":"new UiSelector().textMatches(\"(?is).*\\QLandmark 30\...
14:09:32.907206 POST /session/e81b9c42-6e15-47a9-88fd-afe42e5cfe7b/element [11.320041ms] ERR:404 body={"strategy":"-android uiautomator","selector":"new UiSelector().descriptionMatches(\"(?is).*\\QLandm...
14:09:32.920297 POST /session/e81b9c42-6e15-47a9-88fd-afe42e5cfe7b/element [13.027958ms] ERR:404 body={"strategy":"-android uiautomator","selector":"new UiSelector().textContains(\"Landmark 30\")"}
14:09:32.926789 POST /session/e81b9c42-6e15-47a9-88fd-afe42e5cfe7b/element [6.414417ms] ERR:404 body={"strategy":"-android uiautomator","selector":"new UiSelector().descriptionContains(\"Landmark 30\")...
14:09:32.948060 POST /session/e81b9c42-6e15-47a9-88fd-afe42e5cfe7b/element [21.212917ms] ERR:404 body={"strategy":"-android uiautomator","selector":"new UiSelector().textMatches(\"(?is).*\\QLandmark 30\...
14:09:32.966095 POST /session/e81b9c42-6e15-47a9-88fd-afe42e5cfe7b/element [17.962ms] ERR:404 body={"strategy":"-android uiautomator","selector":"new UiSelector().descriptionMatches(\"(?is).*\\QLandm...
14:09:32.978327 POST /session/e81b9c42-6e15-47a9-88fd-afe42e5cfe7b/element [12.16125ms] ERR:404 body={"strategy":"-android uiautomator","selector":"new UiSelector().textContains(\"Landmark 30\")"}
14:09:32.989970 POST /session/e81b9c42-6e15-47a9-88fd-afe42e5cfe7b/element [11.5675ms] ERR:404 body={"strategy":"-android uiautomator","selector":"new UiSelector().descriptionContains(\"Landmark 30\")...
14:09:33.004423 POST /session/e81b9c42-6e15-47a9-88fd-afe42e5cfe7b/element [14.39775ms] ERR:404 body={"strategy":"-android uiautomator","selector":"new UiSelector().textMatches(\"(?is).*\\QLandmark 30\...
14:09:33.010774 POST /session/e81b9c42-6e15-47a9-88fd-afe42e5cfe7b/element [6.294417ms] ERR:404 body={"strategy":"-android uiautomator","selector":"new UiSelector().descriptionMatches(\"(?is).*\\QLandm...
14:09:33.024793 POST /session/e81b9c42-6e15-47a9-88fd-afe42e5cfe7b/element [13.974666ms] ERR:404 body={"strategy":"-android uiautomator","selector":"new UiSelector().textContains(\"Landmark 30\")"}
14:09:33.045282 POST /session/e81b9c42-6e15-47a9-88fd-afe42e5cfe7b/element [20.423791ms] ERR:404 body={"strategy":"-android uiautomator","selector":"new UiSelector().descriptionContains(\"Landmark 30\")...
14:09:33.056839 POST /session/e81b9c42-6e15-47a9-88fd-afe42e5cfe7b/element [11.479958ms] ERR:404 body={"strategy":"-android uiautomator","selector":"new UiSelector().textMatches(\"(?is).*\\QLandmark 30\...
14:09:33.073282 POST /session/e81b9c42-6e15-47a9-88fd-afe42e5cfe7b/element [16.37225ms] ERR:404 body={"strategy":"-android uiautomator","selector":"new UiSelector().descriptionMatches(\"(?is).*\\QLandm...
14:09:33.094465 GET /session/e81b9c42-6e15-47a9-88fd-afe42e5cfe7b/source [20.974958ms] OK body=
14:09:33.102764 POST /session/e81b9c42-6e15-47a9-88fd-afe42e5cfe7b/element [7.084209ms] ERR:404 body={"strategy":"-android uiautomator","selector":"new UiSelector().textContains(\"Landmark 30\")"}
14:09:33.116829 POST /session/e81b9c42-6e15-47a9-88fd-afe42e5cfe7b/element [13.998708ms] ERR:404 body={"strategy":"-android uiautomator","selector":"new UiSelector().descriptionContains(\"Landmark 30\")...
14:09:33.126481 POST /session/e81b9c42-6e15-47a9-88fd-afe42e5cfe7b/element [9.592166ms] ERR:404 body={"strategy":"-android uiautomator","selector":"new UiSelector().textMatches(\"(?is).*\\QLandmark 30\...
14:09:33.134037 POST /session/e81b9c42-6e15-47a9-88fd-afe42e5cfe7b/element [7.490583ms] ERR:404 body={"strategy":"-android uiautomator","selector":"new UiSelector().descriptionMatches(\"(?is).*\\QLandm...
14:09:33.141682 POST /session/e81b9c42-6e15-47a9-88fd-afe42e5cfe7b/element [7.485084ms] ERR:404 body={"strategy":"-android uiautomator","selector":"new UiSelector().textContains(\"Landmark 30\")"}
14:09:33.159166 POST /session/e81b9c42-6e15-47a9-88fd-afe42e5cfe7b/element [17.351584ms] ERR:404 body={"strategy":"-android uiautomator","selector":"new UiSelector().descriptionContains(\"Landmark 30\")...
14:09:33.176887 POST /session/e81b9c42-6e15-47a9-88fd-afe42e5cfe7b/element [17.629458ms] ERR:404 body={"strategy":"-android uiautomator","selector":"new UiSelector().textMatches(\"(?is).*\\QLandmark 30\...
14:09:33.189278 POST /session/e81b9c42-6e15-47a9-88fd-afe42e5cfe7b/element [12.29375ms] ERR:404 body={"strategy":"-android uiautomator","selector":"new UiSelector().descriptionMatches(\"(?is).*\\QLandm...
14:09:33.204057 POST /session/e81b9c42-6e15-47a9-88fd-afe42e5cfe7b/element [14.71775ms] ERR:404 body={"strategy":"-android uiautomator","selector":"new UiSelector().textContains(\"Landmark 30\")"}
14:09:33.223810 POST /session/e81b9c42-6e15-47a9-88fd-afe42e5cfe7b/element [19.675208ms] ERR:404 body={"strategy":"-android uiautomator","selector":"new UiSelector().descriptionContains(\"Landmark 30\")...
14:09:33.237999 POST /session/e81b9c42-6e15-47a9-88fd-afe42e5cfe7b/element [14.096792ms] ERR:404 body={"strategy":"-android uiautomator","selector":"new UiSelector().textMatches(\"(?is).*\\QLandmark 30\...
14:09:33.253845 POST /session/e81b9c42-6e15-47a9-88fd-afe42e5cfe7b/element [15.754084ms] ERR:404 body={"strategy":"-android uiautomator","selector":"new UiSelector().descriptionMatches(\"(?is).*\\QLandm...
14:09:33.270918 POST /session/e81b9c42-6e15-47a9-88fd-afe42e5cfe7b/element [16.971084ms] ERR:404 body={"strategy":"-android uiautomator","selector":"new UiSelector().textContains(\"Landmark 30\")"}
14:09:33.275461 POST /session/e81b9c42-6e15-47a9-88fd-afe42e5cfe7b/element [4.468667ms] ERR:404 body={"strategy":"-android uiautomator","selector":"new UiSelector().descriptionContains(\"Landmark 30\")...
14:09:33.284074 POST /session/e81b9c42-6e15-47a9-88fd-afe42e5cfe7b/element [8.557167ms] ERR:404 body={"strategy":"-android uiautomator","selector":"new UiSelector().textMatches(\"(?is).*\\QLandmark 30\...
14:09:33.297994 POST /session/e81b9c42-6e15-47a9-88fd-afe42e5cfe7b/element [13.843833ms] ERR:404 body={"strategy":"-android uiautomator","selector":"new UiSelector().descriptionMatches(\"(?is).*\\QLandm...
14:09:33.305519 POST /session/e81b9c42-6e15-47a9-88fd-afe42e5cfe7b/element [7.456667ms] ERR:404 body={"strategy":"-android uiautomator","selector":"new UiSelector().textContains(\"Landmark 30\")"}
14:09:33.310966 POST /session/e81b9c42-6e15-47a9-88fd-afe42e5cfe7b/element [5.301459ms] ERR:404 body={"strategy":"-android uiautomator","selector":"new UiSelector().descriptionContains(\"Landmark 30\")...
14:09:33.340635 POST /session/e81b9c42-6e15-47a9-88fd-afe42e5cfe7b/element [29.580292ms] ERR:404 body={"strategy":"-android uiautomator","selector":"new UiSelector().textMatches(\"(?is).*\\QLandmark 30\...
14:09:33.357644 POST /session/e81b9c42-6e15-47a9-88fd-afe42e5cfe7b/element [16.91125ms] ERR:404 body={"strategy":"-android uiautomator","selector":"new UiSelector().descriptionMatches(\"(?is).*\\QLandm...
14:09:33.367286 POST /session/e81b9c42-6e15-47a9-88fd-afe42e5cfe7b/element [9.540917ms] ERR:404 body={"strategy":"-android uiautomator","selector":"new UiSelector().textContains(\"Landmark 30\")"}
14:09:33.371756 POST /session/e81b9c42-6e15-47a9-88fd-afe42e5cfe7b/element [4.407458ms] ERR:404 body={"strategy":"-android uiautomator","selector":"new UiSelector().descriptionContains(\"Landmark 30\")...
14:09:33.376221 POST /session/e81b9c42-6e15-47a9-88fd-afe42e5cfe7b/element [4.405625ms] ERR:404 body={"strategy":"-android uiautomator","selector":"new UiSelector().textMatches(\"(?is).*\\QLandmark 30\...
14:09:33.380143 POST /session/e81b9c42-6e15-47a9-88fd-afe42e5cfe7b/element [3.865834ms] ERR:404 body={"strategy":"-android uiautomator","selector":"new UiSelector().descriptionMatches(\"(?is).*\\QLandm...
14:09:33.387885 POST /session/e81b9c42-6e15-47a9-88fd-afe42e5cfe7b/element [7.693833ms] ERR:404 body={"strategy":"-android uiautomator","selector":"new UiSelector().textContains(\"Landmark 30\")"}
14:09:33.393067 POST /session/e81b9c42-6e15-47a9-88fd-afe42e5cfe7b/element [5.1385ms] ERR:404 body={"strategy":"-android uiautomator","selector":"new UiSelector().descriptionContains(\"Landmark 30\")...
14:09:33.399403 POST /session/e81b9c42-6e15-47a9-88fd-afe42e5cfe7b/element [6.299333ms] ERR:404 body={"strategy":"-android uiautomator","selector":"new UiSelector().textMatches(\"(?is).*\\QLandmark 30\...
14:09:33.414285 POST /session/e81b9c42-6e15-47a9-88fd-afe42e5cfe7b/element [14.814083ms] ERR:404 body={"strategy":"-android uiautomator","selector":"new UiSelector().descriptionMatches(\"(?is).*\\QLandm...
14:09:33.421177 POST /session/e81b9c42-6e15-47a9-88fd-afe42e5cfe7b/element [6.804416ms] ERR:404 body={"strategy":"-android uiautomator","selector":"new UiSelector().textContains(\"Landmark 30\")"}
14:09:33.426062 POST /session/e81b9c42-6e15-47a9-88fd-afe42e5cfe7b/element [4.820375ms] ERR:404 body={"strategy":"-android uiautomator","selector":"new UiSelector().descriptionContains(\"Landmark 30\")...
14:09:33.444243 POST /session/e81b9c42-6e15-47a9-88fd-afe42e5cfe7b/element [18.109791ms] ERR:404 body={"strategy":"-android uiautomator","selector":"new UiSelector().textMatches(\"(?is).*\\QLandmark 30\...
14:09:33.455332 POST /session/e81b9c42-6e15-47a9-88fd-afe42e5cfe7b/element [10.99175ms] ERR:404 body={"strategy":"-android uiautomator","selector":"new UiSelector().descriptionMatches(\"(?is).*\\QLandm...
14:09:33.473600 POST /session/e81b9c42-6e15-47a9-88fd-afe42e5cfe7b/element [18.193833ms] ERR:404 body={"strategy":"-android uiautomator","selector":"new UiSelector().textContains(\"Landmark 30\")"}
14:09:33.494491 POST /session/e81b9c42-6e15-47a9-88fd-afe42e5cfe7b/element [20.816333ms] ERR:404 body={"strategy":"-android uiautomator","selector":"new UiSelector().descriptionContains(\"Landmark 30\")...
14:09:33.509424 POST /session/e81b9c42-6e15-47a9-88fd-afe42e5cfe7b/element [14.818334ms] ERR:404 body={"strategy":"-android uiautomator","selector":"new UiSelector().textMatches(\"(?is).*\\QLandmark 30\...
14:09:33.522009 POST /session/e81b9c42-6e15-47a9-88fd-afe42e5cfe7b/element [12.501083ms] ERR:404 body={"strategy":"-android uiautomator","selector":"new UiSelector().descriptionMatches(\"(?is).*\\QLandm...
14:09:33.535552 POST /session/e81b9c42-6e15-47a9-88fd-afe42e5cfe7b/element [13.472959ms] ERR:404 body={"strategy":"-android uiautomator","selector":"new UiSelector().textContains(\"Landmark 30\")"}
14:09:33.547319 POST /session/e81b9c42-6e15-47a9-88fd-afe42e5cfe7b/element [11.70975ms] ERR:404 body={"strategy":"-android uiautomator","selector":"new UiSelector().descriptionContains(\"Landmark 30\")...
14:09:33.560582 POST /session/e81b9c42-6e15-47a9-88fd-afe42e5cfe7b/element [13.214041ms] ERR:404 body={"strategy":"-android uiautomator","selector":"new UiSelector().textMatches(\"(?is).*\\QLandmark 30\...
14:09:33.565828 POST /session/e81b9c42-6e15-47a9-88fd-afe42e5cfe7b/element [5.192458ms] ERR:404 body={"strategy":"-android uiautomator","selector":"new UiSelector().descriptionMatches(\"(?is).*\\QLandm...
14:09:33.570033 POST /session/e81b9c42-6e15-47a9-88fd-afe42e5cfe7b/element [4.166625ms] ERR:404 body={"strategy":"-android uiautomator","selector":"new UiSelector().textContains(\"Landmark 30\")"}
14:09:33.592363 POST /session/e81b9c42-6e15-47a9-88fd-afe42e5cfe7b/element [22.243542ms] ERR:404 body={"strategy":"-android uiautomator","selector":"new UiSelector().descriptionContains(\"Landmark 30\")...
14:09:33.620652 POST /session/e81b9c42-6e15-47a9-88fd-afe42e5cfe7b/element [6.637875ms] ERR:404 body={"strategy":"-android uiautomator","selector":"new UiSelector().textMatches(\"(?is).*\\QLandmark 30\...
14:09:33.626843 POST /session/e81b9c42-6e15-47a9-88fd-afe42e5cfe7b/element [6.13ms] ERR:404 body={"strategy":"-android uiautomator","selector":"new UiSelector().descriptionMatches(\"(?is).*\\QLandm...
14:09:33.632236 POST /session/e81b9c42-6e15-47a9-88fd-afe42e5cfe7b/element [5.32925ms] ERR:404 body={"strategy":"-android uiautomator","selector":"new UiSelector().textContains(\"Landmark 30\")"}
14:09:33.637466 POST /session/e81b9c42-6e15-47a9-88fd-afe42e5cfe7b/element [5.197917ms] ERR:404 body={"strategy":"-android uiautomator","selector":"new UiSelector().descriptionContains(\"Landmark 30\")...
14:09:33.650806 POST /session/e81b9c42-6e15-47a9-88fd-afe42e5cfe7b/element [13.245958ms] ERR:404 body={"strategy":"-android uiautomator","selector":"new UiSelector().textMatches(\"(?is).*\\QLandmark 30\...
14:09:33.655403 POST /session/e81b9c42-6e15-47a9-88fd-afe42e5cfe7b/element [4.296ms] ERR:404 body={"strategy":"-android uiautomator","selector":"new UiSelector().descriptionMatches(\"(?is).*\\QLandm...
14:09:33.661706 POST /session/e81b9c42-6e15-47a9-88fd-afe42e5cfe7b/element [6.1355ms] ERR:404 body={"strategy":"-android uiautomator","selector":"new UiSelector().textContains(\"Landmark 30\")"}
14:09:33.670383 POST /session/e81b9c42-6e15-47a9-88fd-afe42e5cfe7b/element [8.453333ms] ERR:404 body={"strategy":"-android uiautomator","selector":"new UiSelector().descriptionContains(\"Landmark 30\")...
14:09:33.683018 POST /session/e81b9c42-6e15-47a9-88fd-afe42e5cfe7b/element [12.456959ms] ERR:404 body={"strategy":"-android uiautomator","selector":"new UiSelector().textMatches(\"(?is).*\\QLandmark 30\...
14:09:33.695717 POST /session/e81b9c42-6e15-47a9-88fd-afe42e5cfe7b/element [12.602709ms] ERR:404 body={"strategy":"-android uiautomator","selector":"new UiSelector().descriptionMatches(\"(?is).*\\QLandm...
14:09:33.713846 POST /session/e81b9c42-6e15-47a9-88fd-afe42e5cfe7b/element [18.078042ms] ERR:404 body={"strategy":"-android uiautomator","selector":"new UiSelector().textContains(\"Landmark 30\")"}
14:09:33.722313 POST /session/e81b9c42-6e15-47a9-88fd-afe42e5cfe7b/element [8.406667ms] ERR:404 body={"strategy":"-android uiautomator","selector":"new UiSelector().descriptionContains(\"Landmark 30\")...
14:09:33.735166 POST /session/e81b9c42-6e15-47a9-88fd-afe42e5cfe7b/element [12.815042ms] ERR:404 body={"strategy":"-android uiautomator","selector":"new UiSelector().textMatches(\"(?is).*\\QLandmark 30\...
14:09:33.747755 POST /session/e81b9c42-6e15-47a9-88fd-afe42e5cfe7b/element [12.523125ms] ERR:404 body={"strategy":"-android uiautomator","selector":"new UiSelector().descriptionMatches(\"(?is).*\\QLandm...
14:09:33.757078 POST /session/e81b9c42-6e15-47a9-88fd-afe42e5cfe7b/element [9.215167ms] ERR:404 body={"strategy":"-android uiautomator","selector":"new UiSelector().textContains(\"Landmark 30\")"}
14:09:33.768767 POST /session/e81b9c42-6e15-47a9-88fd-afe42e5cfe7b/element [11.608209ms] ERR:404 body={"strategy":"-android uiautomator","selector":"new UiSelector().descriptionContains(\"Landmark 30\")...
14:09:33.773804 POST /session/e81b9c42-6e15-47a9-88fd-afe42e5cfe7b/element [4.976792ms] ERR:404 body={"strategy":"-android uiautomator","selector":"new UiSelector().textMatches(\"(?is).*\\QLandmark 30\...
14:09:33.784562 POST /session/e81b9c42-6e15-47a9-88fd-afe42e5cfe7b/element [10.709166ms] ERR:404 body={"strategy":"-android uiautomator","selector":"new UiSelector().descriptionMatches(\"(?is).*\\QLandm...
14:09:33.798454 POST /session/e81b9c42-6e15-47a9-88fd-afe42e5cfe7b/element [13.835583ms] ERR:404 body={"strategy":"-android uiautomator","selector":"new UiSelector().textContains(\"Landmark 30\")"}
14:09:33.804055 POST /session/e81b9c42-6e15-47a9-88fd-afe42e5cfe7b/element [5.519416ms] ERR:404 body={"strategy":"-android uiautomator","selector":"new UiSelector().descriptionContains(\"Landmark 30\")...
14:09:33.822864 POST /session/e81b9c42-6e15-47a9-88fd-afe42e5cfe7b/element [18.766291ms] ERR:404 body={"strategy":"-android uiautomator","selector":"new UiSelector().textMatches(\"(?is).*\\QLandmark 30\...
14:09:33.836843 POST /session/e81b9c42-6e15-47a9-88fd-afe42e5cfe7b/element [13.89175ms] ERR:404 body={"strategy":"-android uiautomator","selector":"new UiSelector().descriptionMatches(\"(?is).*\\QLandm...
14:09:33.849753 POST /session/e81b9c42-6e15-47a9-88fd-afe42e5cfe7b/element [12.807041ms] ERR:404 body={"strategy":"-android uiautomator","selector":"new UiSelector().textContains(\"Landmark 30\")"}
14:09:33.866145 POST /session/e81b9c42-6e15-47a9-88fd-afe42e5cfe7b/element [16.326625ms] ERR:404 body={"strategy":"-android uiautomator","selector":"new UiSelector().descriptionContains(\"Landmark 30\")...
14:09:33.870795 POST /session/e81b9c42-6e15-47a9-88fd-afe42e5cfe7b/element [4.589167ms] ERR:404 body={"strategy":"-android uiautomator","selector":"new UiSelector().textMatches(\"(?is).*\\QLandmark 30\...
14:09:33.875787 POST /session/e81b9c42-6e15-47a9-88fd-afe42e5cfe7b/element [4.933959ms] ERR:404 body={"strategy":"-android uiautomator","selector":"new UiSelector().descriptionMatches(\"(?is).*\\QLandm...
14:09:33.883759 POST /session/e81b9c42-6e15-47a9-88fd-afe42e5cfe7b/element [7.933958ms] ERR:404 body={"strategy":"-android uiautomator","selector":"new UiSelector().textContains(\"Landmark 30\")"}
14:09:33.899806 POST /session/e81b9c42-6e15-47a9-88fd-afe42e5cfe7b/element [15.985833ms] ERR:404 body={"strategy":"-android uiautomator","selector":"new UiSelector().descriptionContains(\"Landmark 30\")...
14:09:33.910040 POST /session/e81b9c42-6e15-47a9-88fd-afe42e5cfe7b/element [10.169833ms] ERR:404 body={"strategy":"-android uiautomator","selector":"new UiSelector().textMatches(\"(?is).*\\QLandmark 30\...
14:09:33.915250 POST /session/e81b9c42-6e15-47a9-88fd-afe42e5cfe7b/element [5.131166ms] ERR:404 body={"strategy":"-android uiautomator","selector":"new UiSelector().descriptionMatches(\"(?is).*\\QLandm...
14:09:33.923918 POST /session/e81b9c42-6e15-47a9-88fd-afe42e5cfe7b/element [8.598625ms] ERR:404 body={"strategy":"-android uiautomator","selector":"new UiSelector().textContains(\"Landmark 30\")"}
14:09:33.938373 POST /session/e81b9c42-6e15-47a9-88fd-afe42e5cfe7b/element [14.372417ms] ERR:404 body={"strategy":"-android uiautomator","selector":"new UiSelector().descriptionContains(\"Landmark 30\")...
14:09:33.958785 POST /session/e81b9c42-6e15-47a9-88fd-afe42e5cfe7b/element [20.344125ms] ERR:404 body={"strategy":"-android uiautomator","selector":"new UiSelector().textMatches(\"(?is).*\\QLandmark 30\...
14:09:33.967543 POST /session/e81b9c42-6e15-47a9-88fd-afe42e5cfe7b/element [8.677375ms] ERR:404 body={"strategy":"-android uiautomator","selector":"new UiSelector().descriptionMatches(\"(?is).*\\QLandm...
14:09:33.978694 POST /session/e81b9c42-6e15-47a9-88fd-afe42e5cfe7b/element [11.099125ms] ERR:404 body={"strategy":"-android uiautomator","selector":"new UiSelector().textContains(\"Landmark 30\")"}
14:09:33.984545 POST /session/e81b9c42-6e15-47a9-88fd-afe42e5cfe7b/element [5.801458ms] ERR:404 body={"strategy":"-android uiautomator","selector":"new UiSelector().descriptionContains(\"Landmark 30\")...
14:09:33.992987 POST /session/e81b9c42-6e15-47a9-88fd-afe42e5cfe7b/element [8.380083ms] ERR:404 body={"strategy":"-android uiautomator","selector":"new UiSelector().textMatches(\"(?is).*\\QLandmark 30\...
14:09:34.008200 POST /session/e81b9c42-6e15-47a9-88fd-afe42e5cfe7b/element [15.1435ms] ERR:404 body={"strategy":"-android uiautomator","selector":"new UiSelector().descriptionMatches(\"(?is).*\\QLandm...
14:09:34.024632 POST /session/e81b9c42-6e15-47a9-88fd-afe42e5cfe7b/element [16.345958ms] ERR:404 body={"strategy":"-android uiautomator","selector":"new UiSelector().textContains(\"Landmark 30\")"}
14:09:34.029498 POST /session/e81b9c42-6e15-47a9-88fd-afe42e5cfe7b/element [4.768875ms] ERR:404 body={"strategy":"-android uiautomator","selector":"new UiSelector().descriptionContains(\"Landmark 30\")...
14:09:34.040785 POST /session/e81b9c42-6e15-47a9-88fd-afe42e5cfe7b/element [11.241916ms] ERR:404 body={"strategy":"-android uiautomator","selector":"new UiSelector().textMatches(\"(?is).*\\QLandmark 30\...
14:09:34.046981 POST /session/e81b9c42-6e15-47a9-88fd-afe42e5cfe7b/element [6.148ms] ERR:404 body={"strategy":"-android uiautomator","selector":"new UiSelector().descriptionMatches(\"(?is).*\\QLandm...
14:09:34.056005 POST /session/e81b9c42-6e15-47a9-88fd-afe42e5cfe7b/element [8.986708ms] ERR:404 body={"strategy":"-android uiautomator","selector":"new UiSelector().textContains(\"Landmark 30\")"}
14:09:34.066737 POST /session/e81b9c42-6e15-47a9-88fd-afe42e5cfe7b/element [10.681208ms] ERR:404 body={"strategy":"-android uiautomator","selector":"new UiSelector().descriptionContains(\"Landmark 30\")...
14:09:34.076599 POST /session/e81b9c42-6e15-47a9-88fd-afe42e5cfe7b/element [9.821584ms] ERR:404 body={"strategy":"-android uiautomator","selector":"new UiSelector().textMatches(\"(?is).*\\QLandmark 30\...
14:09:34.084866 POST /session/e81b9c42-6e15-47a9-88fd-afe42e5cfe7b/element [8.204209ms] ERR:404 body={"strategy":"-android uiautomator","selector":"new UiSelector().descriptionMatches(\"(?is).*\\QLandm...
14:09:34.092499 POST /session/e81b9c42-6e15-47a9-88fd-afe42e5cfe7b/element [7.583959ms] ERR:404 body={"strategy":"-android uiautomator","selector":"new UiSelector().textContains(\"Landmark 30\")"}
14:09:34.103006 POST /session/e81b9c42-6e15-47a9-88fd-afe42e5cfe7b/element [10.44775ms] ERR:404 body={"strategy":"-android uiautomator","selector":"new UiSelector().descriptionContains(\"Landmark 30\")...
14:09:34.116745 POST /session/e81b9c42-6e15-47a9-88fd-afe42e5cfe7b/element [13.671042ms] ERR:404 body={"strategy":"-android uiautomator","selector":"new UiSelector().textMatches(\"(?is).*\\QLandmark 30\...
14:09:34.124556 POST /session/e81b9c42-6e15-47a9-88fd-afe42e5cfe7b/element [7.753709ms] ERR:404 body={"strategy":"-android uiautomator","selector":"new UiSelector().descriptionMatches(\"(?is).*\\QLandm...
14:09:34.142787 GET /session/e81b9c42-6e15-47a9-88fd-afe42e5cfe7b/source [18.075958ms] OK body=
14:09:34.154317 POST /session/e81b9c42-6e15-47a9-88fd-afe42e5cfe7b/element [10.245875ms] ERR:404 body={"strategy":"-android uiautomator","selector":"new UiSelector().textContains(\"Landmark 30\")"}
14:09:34.178732 POST /session/e81b9c42-6e15-47a9-88fd-afe42e5cfe7b/element [24.2925ms] ERR:404 body={"strategy":"-android uiautomator","selector":"new UiSelector().descriptionContains(\"Landmark 30\")...
14:09:34.188554 POST /session/e81b9c42-6e15-47a9-88fd-afe42e5cfe7b/element [9.724167ms] ERR:404 body={"strategy":"-android uiautomator","selector":"new UiSelector().textMatches(\"(?is).*\\QLandmark 30\...
14:09:34.210217 POST /session/e81b9c42-6e15-47a9-88fd-afe42e5cfe7b/element [21.566042ms] ERR:404 body={"strategy":"-android uiautomator","selector":"new UiSelector().descriptionMatches(\"(?is).*\\QLandm...
14:09:34.218748 POST /session/e81b9c42-6e15-47a9-88fd-afe42e5cfe7b/element [8.450541ms] ERR:404 body={"strategy":"-android uiautomator","selector":"new UiSelector().textContains(\"Landmark 30\")"}
14:09:34.226723 POST /session/e81b9c42-6e15-47a9-88fd-afe42e5cfe7b/element [7.90525ms] ERR:404 body={"strategy":"-android uiautomator","selector":"new UiSelector().descriptionContains(\"Landmark 30\")...
14:09:34.234182 POST /session/e81b9c42-6e15-47a9-88fd-afe42e5cfe7b/element [7.384209ms] ERR:404 body={"strategy":"-android uiautomator","selector":"new UiSelector().textMatches(\"(?is).*\\QLandmark 30\...
14:09:34.245198 POST /session/e81b9c42-6e15-47a9-88fd-afe42e5cfe7b/element [10.906ms] ERR:404 body={"strategy":"-android uiautomator","selector":"new UiSelector().descriptionMatches(\"(?is).*\\QLandm...
14:09:34.271125 POST /session/e81b9c42-6e15-47a9-88fd-afe42e5cfe7b/element [25.84125ms] ERR:404 body={"strategy":"-android uiautomator","selector":"new UiSelector().textContains(\"Landmark 30\")"}
14:09:34.286394 POST /session/e81b9c42-6e15-47a9-88fd-afe42e5cfe7b/element [15.17675ms] ERR:404 body={"strategy":"-android uiautomator","selector":"new UiSelector().descriptionContains(\"Landmark 30\")...
14:09:34.304364 POST /session/e81b9c42-6e15-47a9-88fd-afe42e5cfe7b/element [17.875125ms] ERR:404 body={"strategy":"-android uiautomator","selector":"new UiSelector().textMatches(\"(?is).*\\QLandmark 30\...
14:09:34.312357 POST /session/e81b9c42-6e15-47a9-88fd-afe42e5cfe7b/element [7.928875ms] ERR:404 body={"strategy":"-android uiautomator","selector":"new UiSelector().descriptionMatches(\"(?is).*\\QLandm...
14:09:34.325131 POST /session/e81b9c42-6e15-47a9-88fd-afe42e5cfe7b/element [12.733583ms] ERR:404 body={"strategy":"-android uiautomator","selector":"new UiSelector().textContains(\"Landmark 30\")"}
14:09:34.330207 POST /session/e81b9c42-6e15-47a9-88fd-afe42e5cfe7b/element [5.037875ms] ERR:404 body={"strategy":"-android uiautomator","selector":"new UiSelector().descriptionContains(\"Landmark 30\")...
14:09:34.338389 POST /session/e81b9c42-6e15-47a9-88fd-afe42e5cfe7b/element [8.148417ms] ERR:404 body={"strategy":"-android uiautomator","selector":"new UiSelector().textMatches(\"(?is).*\\QLandmark 30\...
14:09:34.356760 POST /session/e81b9c42-6e15-47a9-88fd-afe42e5cfe7b/element [18.313584ms] ERR:404 body={"strategy":"-android uiautomator","selector":"new UiSelector().descriptionMatches(\"(?is).*\\QLandm...
14:09:34.370278 POST /session/e81b9c42-6e15-47a9-88fd-afe42e5cfe7b/element [13.443667ms] ERR:404 body={"strategy":"-android uiautomator","selector":"new UiSelector().textContains(\"Landmark 30\")"}
14:09:34.376083 POST /session/e81b9c42-6e15-47a9-88fd-afe42e5cfe7b/element [5.723417ms] ERR:404 body={"strategy":"-android uiautomator","selector":"new UiSelector().descriptionContains(\"Landmark 30\")...
14:09:34.380918 POST /session/e81b9c42-6e15-47a9-88fd-afe42e5cfe7b/element [4.792833ms] ERR:404 body={"strategy":"-android uiautomator","selector":"new UiSelector().textMatches(\"(?is).*\\QLandmark 30\...
14:09:34.388165 POST /session/e81b9c42-6e15-47a9-88fd-afe42e5cfe7b/element [7.2055ms] ERR:404 body={"strategy":"-android uiautomator","selector":"new UiSelector().descriptionMatches(\"(?is).*\\QLandm...
14:09:34.395486 POST /session/e81b9c42-6e15-47a9-88fd-afe42e5cfe7b/element [7.262291ms] ERR:404 body={"strategy":"-android uiautomator","selector":"new UiSelector().textContains(\"Landmark 30\")"}
14:09:34.406845 POST /session/e81b9c42-6e15-47a9-88fd-afe42e5cfe7b/element [11.32525ms] ERR:404 body={"strategy":"-android uiautomator","selector":"new UiSelector().descriptionContains(\"Landmark 30\")...
14:09:34.411375 POST /session/e81b9c42-6e15-47a9-88fd-afe42e5cfe7b/element [4.484958ms] ERR:404 body={"strategy":"-android uiautomator","selector":"new UiSelector().textMatches(\"(?is).*\\QLandmark 30\...
14:09:34.417921 POST /session/e81b9c42-6e15-47a9-88fd-afe42e5cfe7b/element [6.5085ms] ERR:404 body={"strategy":"-android uiautomator","selector":"new UiSelector().descriptionMatches(\"(?is).*\\QLandm...
14:09:34.427925 POST /session/e81b9c42-6e15-47a9-88fd-afe42e5cfe7b/element [9.948166ms] ERR:404 body={"strategy":"-android uiautomator","selector":"new UiSelector().textContains(\"Landmark 30\")"}
14:09:34.443337 POST /session/e81b9c42-6e15-47a9-88fd-afe42e5cfe7b/element [15.340584ms] ERR:404 body={"strategy":"-android uiautomator","selector":"new UiSelector().descriptionContains(\"Landmark 30\")...
14:09:34.453002 POST /session/e81b9c42-6e15-47a9-88fd-afe42e5cfe7b/element [9.591833ms] ERR:404 body={"strategy":"-android uiautomator","selector":"new UiSelector().textMatches(\"(?is).*\\QLandmark 30\...
14:09:34.472969 POST /session/e81b9c42-6e15-47a9-88fd-afe42e5cfe7b/element [19.869584ms] ERR:404 body={"strategy":"-android uiautomator","selector":"new UiSelector().descriptionMatches(\"(?is).*\\QLandm...
14:09:34.478674 POST /session/e81b9c42-6e15-47a9-88fd-afe42e5cfe7b/element [5.643292ms] ERR:404 body={"strategy":"-android uiautomator","selector":"new UiSelector().textContains(\"Landmark 30\")"}
14:09:34.493456 POST /session/e81b9c42-6e15-47a9-88fd-afe42e5cfe7b/element [14.74575ms] ERR:404 body={"strategy":"-android uiautomator","selector":"new UiSelector().descriptionContains(\"Landmark 30\")...
14:09:34.499865 POST /session/e81b9c42-6e15-47a9-88fd-afe42e5cfe7b/element [6.358958ms] ERR:404 body={"strategy":"-android uiautomator","selector":"new UiSelector().textMatches(\"(?is).*\\QLandmark 30\...
14:09:34.506909 POST /session/e81b9c42-6e15-47a9-88fd-afe42e5cfe7b/element [6.98725ms] ERR:404 body={"strategy":"-android uiautomator","selector":"new UiSelector().descriptionMatches(\"(?is).*\\QLandm...
14:09:34.512142 POST /session/e81b9c42-6e15-47a9-88fd-afe42e5cfe7b/element [5.18475ms] ERR:404 body={"strategy":"-android uiautomator","selector":"new UiSelector().textContains(\"Landmark 30\")"}
14:09:34.516909 POST /session/e81b9c42-6e15-47a9-88fd-afe42e5cfe7b/element [4.733292ms] ERR:404 body={"strategy":"-android uiautomator","selector":"new UiSelector().descriptionContains(\"Landmark 30\")...
14:09:34.526899 POST /session/e81b9c42-6e15-47a9-88fd-afe42e5cfe7b/element [9.931458ms] ERR:404 body={"strategy":"-android uiautomator","selector":"new UiSelector().textMatches(\"(?is).*\\QLandmark 30\...
14:09:34.537544 POST /session/e81b9c42-6e15-47a9-88fd-afe42e5cfe7b/element [10.557084ms] ERR:404 body={"strategy":"-android uiautomator","selector":"new UiSelector().descriptionMatches(\"(?is).*\\QLandm...
14:09:34.560138 POST /session/e81b9c42-6e15-47a9-88fd-afe42e5cfe7b/element [22.524667ms] ERR:404 body={"strategy":"-android uiautomator","selector":"new UiSelector().textContains(\"Landmark 30\")"}
14:09:34.576825 POST /session/e81b9c42-6e15-47a9-88fd-afe42e5cfe7b/element [16.596167ms] ERR:404 body={"strategy":"-android uiautomator","selector":"new UiSelector().descriptionContains(\"Landmark 30\")...
14:09:34.593488 POST /session/e81b9c42-6e15-47a9-88fd-afe42e5cfe7b/element [16.603ms] ERR:404 body={"strategy":"-android uiautomator","selector":"new UiSelector().textMatches(\"(?is).*\\QLandmark 30\...
14:09:34.599995 POST /session/e81b9c42-6e15-47a9-88fd-afe42e5cfe7b/element [6.431709ms] ERR:404 body={"strategy":"-android uiautomator","selector":"new UiSelector().descriptionMatches(\"(?is).*\\QLandm...
14:09:34.605510 POST /session/e81b9c42-6e15-47a9-88fd-afe42e5cfe7b/element [5.454792ms] ERR:404 body={"strategy":"-android uiautomator","selector":"new UiSelector().textContains(\"Landmark 30\")"}
14:09:34.610892 POST /session/e81b9c42-6e15-47a9-88fd-afe42e5cfe7b/element [5.320084ms] ERR:404 body={"strategy":"-android uiautomator","selector":"new UiSelector().descriptionContains(\"Landmark 30\")...
14:09:34.620015 POST /session/e81b9c42-6e15-47a9-88fd-afe42e5cfe7b/element [9.0635ms] ERR:404 body={"strategy":"-android uiautomator","selector":"new UiSelector().textMatches(\"(?is).*\\QLandmark 30\...
14:09:34.631284 POST /session/e81b9c42-6e15-47a9-88fd-afe42e5cfe7b/element [11.210458ms] ERR:404 body={"strategy":"-android uiautomator","selector":"new UiSelector().descriptionMatches(\"(?is).*\\QLandm...
14:09:34.642225 POST /session/e81b9c42-6e15-47a9-88fd-afe42e5cfe7b/element [10.869625ms] ERR:404 body={"strategy":"-android uiautomator","selector":"new UiSelector().textContains(\"Landmark 30\")"}
14:09:34.654149 POST /session/e81b9c42-6e15-47a9-88fd-afe42e5cfe7b/element [11.869125ms] ERR:404 body={"strategy":"-android uiautomator","selector":"new UiSelector().descriptionContains(\"Landmark 30\")...
14:09:34.666647 POST /session/e81b9c42-6e15-47a9-88fd-afe42e5cfe7b/element [12.440333ms] ERR:404 body={"strategy":"-android uiautomator","selector":"new UiSelector().textMatches(\"(?is).*\\QLandmark 30\...
14:09:34.675730 POST /session/e81b9c42-6e15-47a9-88fd-afe42e5cfe7b/element [9.023334ms] ERR:404 body={"strategy":"-android uiautomator","selector":"new UiSelector().descriptionMatches(\"(?is).*\\QLandm...
14:09:34.686498 POST /session/e81b9c42-6e15-47a9-88fd-afe42e5cfe7b/element [10.719291ms] ERR:404 body={"strategy":"-android uiautomator","selector":"new UiSelector().textContains(\"Landmark 30\")"}
14:09:34.691857 POST /session/e81b9c42-6e15-47a9-88fd-afe42e5cfe7b/element [5.30125ms] ERR:404 body={"strategy":"-android uiautomator","selector":"new UiSelector().descriptionContains(\"Landmark 30\")...
14:09:34.696953 POST /session/e81b9c42-6e15-47a9-88fd-afe42e5cfe7b/element [5.04225ms] ERR:404 body={"strategy":"-android uiautomator","selector":"new UiSelector().textMatches(\"(?is).*\\QLandmark 30\...
14:09:34.706843 POST /session/e81b9c42-6e15-47a9-88fd-afe42e5cfe7b/element [9.834416ms] ERR:404 body={"strategy":"-android uiautomator","selector":"new UiSelector().descriptionMatches(\"(?is).*\\QLandm...
14:09:34.722708 POST /session/e81b9c42-6e15-47a9-88fd-afe42e5cfe7b/element [15.773041ms] ERR:404 body={"strategy":"-android uiautomator","selector":"new UiSelector().textContains(\"Landmark 30\")"}
14:09:34.737397 POST /session/e81b9c42-6e15-47a9-88fd-afe42e5cfe7b/element [14.632375ms] ERR:404 body={"strategy":"-android uiautomator","selector":"new UiSelector().descriptionContains(\"Landmark 30\")...
14:09:34.757419 POST /session/e81b9c42-6e15-47a9-88fd-afe42e5cfe7b/element [19.647875ms] ERR:404 body={"strategy":"-android uiautomator","selector":"new UiSelector().textMatches(\"(?is).*\\QLandmark 30\...
14:09:34.771808 POST /session/e81b9c42-6e15-47a9-88fd-afe42e5cfe7b/element [14.311708ms] ERR:404 body={"strategy":"-android uiautomator","selector":"new UiSelector().descriptionMatches(\"(?is).*\\QLandm...
14:09:34.779992 POST /session/e81b9c42-6e15-47a9-88fd-afe42e5cfe7b/element [8.127ms] ERR:404 body={"strategy":"-android uiautomator","selector":"new UiSelector().textContains(\"Landmark 30\")"}
14:09:34.788503 POST /session/e81b9c42-6e15-47a9-88fd-afe42e5cfe7b/element [8.470708ms] ERR:404 body={"strategy":"-android uiautomator","selector":"new UiSelector().descriptionContains(\"Landmark 30\")...
14:09:34.799840 POST /session/e81b9c42-6e15-47a9-88fd-afe42e5cfe7b/element [11.282667ms] ERR:404 body={"strategy":"-android uiautomator","selector":"new UiSelector().textMatches(\"(?is).*\\QLandmark 30\...
14:09:34.815642 POST /session/e81b9c42-6e15-47a9-88fd-afe42e5cfe7b/element [15.752875ms] ERR:404 body={"strategy":"-android uiautomator","selector":"new UiSelector().descriptionMatches(\"(?is).*\\QLandm...
14:09:34.825277 POST /session/e81b9c42-6e15-47a9-88fd-afe42e5cfe7b/element [9.5815ms] ERR:404 body={"strategy":"-android uiautomator","selector":"new UiSelector().textContains(\"Landmark 30\")"}
14:09:34.834025 POST /session/e81b9c42-6e15-47a9-88fd-afe42e5cfe7b/element [8.703542ms] ERR:404 body={"strategy":"-android uiautomator","selector":"new UiSelector().descriptionContains(\"Landmark 30\")...
14:09:34.841769 POST /session/e81b9c42-6e15-47a9-88fd-afe42e5cfe7b/element [7.694042ms] ERR:404 body={"strategy":"-android uiautomator","selector":"new UiSelector().textMatches(\"(?is).*\\QLandmark 30\...
14:09:34.849923 POST /session/e81b9c42-6e15-47a9-88fd-afe42e5cfe7b/element [8.12225ms] ERR:404 body={"strategy":"-android uiautomator","selector":"new UiSelector().descriptionMatches(\"(?is).*\\QLandm...
14:09:34.856688 POST /session/e81b9c42-6e15-47a9-88fd-afe42e5cfe7b/element [6.734916ms] ERR:404 body={"strategy":"-android uiautomator","selector":"new UiSelector().textContains(\"Landmark 30\")"}
14:09:34.867665 POST /session/e81b9c42-6e15-47a9-88fd-afe42e5cfe7b/element [10.934125ms] ERR:404 body={"strategy":"-android uiautomator","selector":"new UiSelector().descriptionContains(\"Landmark 30\")...
14:09:34.877385 POST /session/e81b9c42-6e15-47a9-88fd-afe42e5cfe7b/element [9.684625ms] ERR:404 body={"strategy":"-android uiautomator","selector":"new UiSelector().textMatches(\"(?is).*\\QLandmark 30\...
14:09:34.886174 POST /session/e81b9c42-6e15-47a9-88fd-afe42e5cfe7b/element [8.755625ms] ERR:404 body={"strategy":"-android uiautomator","selector":"new UiSelector().descriptionMatches(\"(?is).*\\QLandm...
14:09:34.897006 POST /session/e81b9c42-6e15-47a9-88fd-afe42e5cfe7b/element [10.77475ms] ERR:404 body={"strategy":"-android uiautomator","selector":"new UiSelector().textContains(\"Landmark 30\")"}
14:09:34.910477 POST /session/e81b9c42-6e15-47a9-88fd-afe42e5cfe7b/element [13.41425ms] ERR:404 body={"strategy":"-android uiautomator","selector":"new UiSelector().descriptionContains(\"Landmark 30\")...
14:09:34.922811 POST /session/e81b9c42-6e15-47a9-88fd-afe42e5cfe7b/element [12.275041ms] ERR:404 body={"strategy":"-android uiautomator","selector":"new UiSelector().textMatches(\"(?is).*\\QLandmark 30\...
14:09:34.933052 POST /session/e81b9c42-6e15-47a9-88fd-afe42e5cfe7b/element [10.181334ms] ERR:404 body={"strategy":"-android uiautomator","selector":"new UiSelector().descriptionMatches(\"(?is).*\\QLandm...
14:09:34.943426 POST /session/e81b9c42-6e15-47a9-88fd-afe42e5cfe7b/element [10.31775ms] ERR:404 body={"strategy":"-android uiautomator","selector":"new UiSelector().textContains(\"Landmark 30\")"}
14:09:34.953216 POST /session/e81b9c42-6e15-47a9-88fd-afe42e5cfe7b/element [9.742792ms] ERR:404 body={"strategy":"-android uiautomator","selector":"new UiSelector().descriptionContains(\"Landmark 30\")...
14:09:34.962668 POST /session/e81b9c42-6e15-47a9-88fd-afe42e5cfe7b/element [9.413375ms] ERR:404 body={"strategy":"-android uiautomator","selector":"new UiSelector().textMatches(\"(?is).*\\QLandmark 30\...
14:09:34.971503 POST /session/e81b9c42-6e15-47a9-88fd-afe42e5cfe7b/element [8.796541ms] ERR:404 body={"strategy":"-android uiautomator","selector":"new UiSelector().descriptionMatches(\"(?is).*\\QLandm...
14:09:34.979872 POST /session/e81b9c42-6e15-47a9-88fd-afe42e5cfe7b/element [8.337125ms] ERR:404 body={"strategy":"-android uiautomator","selector":"new UiSelector().textContains(\"Landmark 30\")"}
14:09:34.988491 POST /session/e81b9c42-6e15-47a9-88fd-afe42e5cfe7b/element [8.591667ms] ERR:404 body={"strategy":"-android uiautomator","selector":"new UiSelector().descriptionContains(\"Landmark 30\")...
14:09:34.997993 POST /session/e81b9c42-6e15-47a9-88fd-afe42e5cfe7b/element [9.471542ms] ERR:404 body={"strategy":"-android uiautomator","selector":"new UiSelector().textMatches(\"(?is).*\\QLandmark 30\...
14:09:35.008374 POST /session/e81b9c42-6e15-47a9-88fd-afe42e5cfe7b/element [10.351083ms] ERR:404 body={"strategy":"-android uiautomator","selector":"new UiSelector().descriptionMatches(\"(?is).*\\QLandm...
14:09:35.017379 POST /session/e81b9c42-6e15-47a9-88fd-afe42e5cfe7b/element [8.959583ms] ERR:404 body={"strategy":"-android uiautomator","selector":"new UiSelector().textContains(\"Landmark 30\")"}
14:09:35.027012 POST /session/e81b9c42-6e15-47a9-88fd-afe42e5cfe7b/element [9.600625ms] ERR:404 body={"strategy":"-android uiautomator","selector":"new UiSelector().descriptionContains(\"Landmark 30\")...
14:09:35.038406 POST /session/e81b9c42-6e15-47a9-88fd-afe42e5cfe7b/element [11.359167ms] ERR:404 body={"strategy":"-android uiautomator","selector":"new UiSelector().textMatches(\"(?is).*\\QLandmark 30\...
14:09:35.045782 POST /session/e81b9c42-6e15-47a9-88fd-afe42e5cfe7b/element [7.3355ms] ERR:404 body={"strategy":"-android uiautomator","selector":"new UiSelector().descriptionMatches(\"(?is).*\\QLandm...
14:09:35.054859 POST /session/e81b9c42-6e15-47a9-88fd-afe42e5cfe7b/element [9.048584ms] ERR:404 body={"strategy":"-android uiautomator","selector":"new UiSelector().textContains(\"Landmark 30\")"}
14:09:35.064250 POST /session/e81b9c42-6e15-47a9-88fd-afe42e5cfe7b/element [9.356375ms] ERR:404 body={"strategy":"-android uiautomator","selector":"new UiSelector().descriptionContains(\"Landmark 30\")...
14:09:35.073908 POST /session/e81b9c42-6e15-47a9-88fd-afe42e5cfe7b/element [9.615791ms] ERR:404 body={"strategy":"-android uiautomator","selector":"new UiSelector().textMatches(\"(?is).*\\QLandmark 30\...
14:09:35.081169 POST /session/e81b9c42-6e15-47a9-88fd-afe42e5cfe7b/element [7.231875ms] ERR:404 body={"strategy":"-android uiautomator","selector":"new UiSelector().descriptionMatches(\"(?is).*\\QLandm...
14:09:35.088817 POST /session/e81b9c42-6e15-47a9-88fd-afe42e5cfe7b/element [7.614167ms] ERR:404 body={"strategy":"-android uiautomator","selector":"new UiSelector().textContains(\"Landmark 30\")"}
14:09:35.099080 POST /session/e81b9c42-6e15-47a9-88fd-afe42e5cfe7b/element [10.230584ms] ERR:404 body={"strategy":"-android uiautomator","selector":"new UiSelector().descriptionContains(\"Landmark 30\")...
14:09:35.107437 POST /session/e81b9c42-6e15-47a9-88fd-afe42e5cfe7b/element [8.322875ms] ERR:404 body={"strategy":"-android uiautomator","selector":"new UiSelector().textMatches(\"(?is).*\\QLandmark 30\...
14:09:35.112138 POST /session/e81b9c42-6e15-47a9-88fd-afe42e5cfe7b/element [4.657042ms] ERR:404 body={"strategy":"-android uiautomator","selector":"new UiSelector().descriptionMatches(\"(?is).*\\QLandm...
14:09:35.123557 POST /session/e81b9c42-6e15-47a9-88fd-afe42e5cfe7b/element [11.372666ms] ERR:404 body={"strategy":"-android uiautomator","selector":"new UiSelector().textContains(\"Landmark 30\")"}
14:09:35.133677 POST /session/e81b9c42-6e15-47a9-88fd-afe42e5cfe7b/element [10.063292ms] ERR:404 body={"strategy":"-android uiautomator","selector":"new UiSelector().descriptionContains(\"Landmark 30\")...
14:09:35.144649 POST /session/e81b9c42-6e15-47a9-88fd-afe42e5cfe7b/element [10.908875ms] ERR:404 body={"strategy":"-android uiautomator","selector":"new UiSelector().textMatches(\"(?is).*\\QLandmark 30\...
14:09:35.154431 POST /session/e81b9c42-6e15-47a9-88fd-afe42e5cfe7b/element [9.722167ms] ERR:404 body={"strategy":"-android uiautomator","selector":"new UiSelector().descriptionMatches(\"(?is).*\\QLandm...
14:09:35.171214 GET /session/e81b9c42-6e15-47a9-88fd-afe42e5cfe7b/source [16.6265ms] OK body=
14:09:35.303293 GET /session/e81b9c42-6e15-47a9-88fd-afe42e5cfe7b/screenshot [130.7725ms] OK body=
14:09:35.324911 GET /session/e81b9c42-6e15-47a9-88fd-afe42e5cfe7b/source [20.8475ms] OK body=
14:09:35.330859 DELETE /session/e81b9c42-6e15-47a9-88fd-afe42e5cfe7b [1.2855ms] OK body=
