14:02:12.639095 POST /session [7.351291ms] OK body={"capabilities":{"platformName":"Android","deviceName":"sdk_gphone64_arm64"}}
14:02:12.643167 POST /session/45cfdb12-ab9b-46d9-b6a9-00fc1d4cd0e7/appium/settings [3.736958ms] OK body={"settings":{"enableMultiWindows":true,"waitForIdleTimeout":200}}
14:02:12.645931 POST /session/45cfdb12-ab9b-46d9-b6a9-00fc1d4cd0e7/appium/settings [2.73175ms] OK body={"settings":{"implicitWait":100}}
14:02:12.726427 GET /session/45cfdb12-ab9b-46d9-b6a9-00fc1d4cd0e7/appium/device/info [18.24875ms] OK body=
14:02:12.732616 POST /session/45cfdb12-ab9b-46d9-b6a9-00fc1d4cd0e7/appium/settings [4.311333ms] OK body={"settings":{"waitForIdleTimeout":200}}
14:02:13.462646 POST /session/45cfdb12-ab9b-46d9-b6a9-00fc1d4cd0e7/appium/device/launch_app [10.388084ms] OK body={"appId":"com.kylebrowning.landmarks"}
14:02:14.900894 POST /session/45cfdb12-ab9b-46d9-b6a9-00fc1d4cd0e7/element [436.49125ms] ERR:404 body={"strategy":"-android uiautomator","selector":"new UiSelector().textContains(\"No landmarks yet\")"}
14:02:15.479422 POST /session/45cfdb12-ab9b-46d9-b6a9-00fc1d4cd0e7/element [578.405625ms] ERR:404 body={"strategy":"-android uiautomator","selector":"new UiSelector().descriptionContains(\"No landmarks y...
14:02:15.504771 POST /session/45cfdb12-ab9b-46d9-b6a9-00fc1d4cd0e7/element [25.238833ms] ERR:404 body={"strategy":"-android uiautomator","selector":"new UiSelector().textMatches(\"(?is).*\\QNo landmarks...
14:02:15.529481 POST /session/45cfdb12-ab9b-46d9-b6a9-00fc1d4cd0e7/element [24.546708ms] ERR:404 body={"strategy":"-android uiautomator","selector":"new UiSelector().descriptionMatches(\"(?is).*\\QNo la...
14:02:15.590273 GET /session/45cfdb12-ab9b-46d9-b6a9-00fc1d4cd0e7/source [60.45325ms] OK body=
14:02:15.614876 POST /session/45cfdb12-ab9b-46d9-b6a9-00fc1d4cd0e7/element [23.621625ms] ERR:404 body={"strategy":"-android uiautomator","selector":"new UiSelector().textContains(\"No landmarks yet\")"}
14:02:15.636289 POST /session/45cfdb12-ab9b-46d9-b6a9-00fc1d4cd0e7/element [21.302458ms] ERR:404 body={"strategy":"-android uiautomator","selector":"new UiSelector().descriptionContains(\"No landmarks y...
14:02:15.658792 POST /session/45cfdb12-ab9b-46d9-b6a9-00fc1d4cd0e7/element [22.395833ms] ERR:404 body={"strategy":"-android uiautomator","selector":"new UiSelector().textMatches(\"(?is).*\\QNo landmarks...
14:02:15.681467 POST /session/45cfdb12-ab9b-46d9-b6a9-00fc1d4cd0e7/element [22.498916ms] ERR:404 body={"strategy":"-android uiautomator","selector":"new UiSelector().descriptionMatches(\"(?is).*\\QNo la...
14:02:15.702593 POST /session/45cfdb12-ab9b-46d9-b6a9-00fc1d4cd0e7/element [20.897708ms] ERR:404 body={"strategy":"-android uiautomator","selector":"new UiSelector().textContains(\"No landmarks yet\")"}
14:02:15.724725 POST /session/45cfdb12-ab9b-46d9-b6a9-00fc1d4cd0e7/element [21.973416ms] ERR:404 body={"strategy":"-android uiautomator","selector":"new UiSelector().descriptionContains(\"No landmarks y...
14:02:15.743552 POST /session/45cfdb12-ab9b-46d9-b6a9-00fc1d4cd0e7/element [18.684542ms] ERR:404 body={"strategy":"-android uiautomator","selector":"new UiSelector().textMatches(\"(?is).*\\QNo landmarks...
14:02:15.761864 POST /session/45cfdb12-ab9b-46d9-b6a9-00fc1d4cd0e7/element [18.133834ms] ERR:404 body={"strategy":"-android uiautomator","selector":"new UiSelector().descriptionMatches(\"(?is).*\\QNo la...
14:02:15.781305 POST /session/45cfdb12-ab9b-46d9-b6a9-00fc1d4cd0e7/element [19.236416ms] ERR:404 body={"strategy":"-android uiautomator","selector":"new UiSelector().textContains(\"No landmarks yet\")"}
14:02:15.801063 POST /session/45cfdb12-ab9b-46d9-b6a9-00fc1d4cd0e7/element [19.631458ms] ERR:404 body={"strategy":"-android uiautomator","selector":"new UiSelector().descriptionContains(\"No landmarks y...
14:02:15.829394 POST /session/45cfdb12-ab9b-46d9-b6a9-00fc1d4cd0e7/element [28.229625ms] ERR:404 body={"strategy":"-android uiautomator","selector":"new UiSelector().textMatches(\"(?is).*\\QNo landmarks...
14:02:15.852549 POST /session/45cfdb12-ab9b-46d9-b6a9-00fc1d4cd0e7/element [23.045917ms] ERR:404 body={"strategy":"-android uiautomator","selector":"new UiSelector().descriptionMatches(\"(?is).*\\QNo la...
14:02:15.874243 POST /session/45cfdb12-ab9b-46d9-b6a9-00fc1d4cd0e7/element [21.543791ms] ERR:404 body={"strategy":"-android uiautomator","selector":"new UiSelector().textContains(\"No landmarks yet\")"}
14:02:15.897664 POST /session/45cfdb12-ab9b-46d9-b6a9-00fc1d4cd0e7/element [23.331333ms] ERR:404 body={"strategy":"-android uiautomator","selector":"new UiSelector().descriptionContains(\"No landmarks y...
14:02:15.915973 POST /session/45cfdb12-ab9b-46d9-b6a9-00fc1d4cd0e7/element [18.221708ms] ERR:404 body={"strategy":"-android uiautomator","selector":"new UiSelector().textMatches(\"(?is).*\\QNo landmarks...
14:02:15.939094 POST /session/45cfdb12-ab9b-46d9-b6a9-00fc1d4cd0e7/element [23.042417ms] ERR:404 body={"strategy":"-android uiautomator","selector":"new UiSelector().descriptionMatches(\"(?is).*\\QNo la...
14:02:15.957605 POST /session/45cfdb12-ab9b-46d9-b6a9-00fc1d4cd0e7/element [18.400834ms] ERR:404 body={"strategy":"-android uiautomator","selector":"new UiSelector().textContains(\"No landmarks yet\")"}
14:02:15.979529 POST /session/45cfdb12-ab9b-46d9-b6a9-00fc1d4cd0e7/element [21.835125ms] ERR:404 body={"strategy":"-android uiautomator","selector":"new UiSelector().descriptionContains(\"No landmarks y...
14:02:15.998881 POST /session/45cfdb12-ab9b-46d9-b6a9-00fc1d4cd0e7/element [19.24275ms] ERR:404 body={"strategy":"-android uiautomator","selector":"new UiSelector().textMatches(\"(?is).*\\QNo landmarks...
14:02:16.018384 POST /session/45cfdb12-ab9b-46d9-b6a9-00fc1d4cd0e7/element [19.398875ms] ERR:404 body={"strategy":"-android uiautomator","selector":"new UiSelector().descriptionMatches(\"(?is).*\\QNo la...
14:02:16.038738 POST /session/45cfdb12-ab9b-46d9-b6a9-00fc1d4cd0e7/element [20.269208ms] ERR:404 body={"strategy":"-android uiautomator","selector":"new UiSelector().textContains(\"No landmarks yet\")"}
14:02:16.065706 POST /session/45cfdb12-ab9b-46d9-b6a9-00fc1d4cd0e7/element [26.879458ms] ERR:404 body={"strategy":"-android uiautomator","selector":"new UiSelector().descriptionContains(\"No landmarks y...
14:02:16.087354 POST /session/45cfdb12-ab9b-46d9-b6a9-00fc1d4cd0e7/element [21.536333ms] ERR:404 body={"strategy":"-android uiautomator","selector":"new UiSelector().textMatches(\"(?is).*\\QNo landmarks...
14:02:16.110705 POST /session/45cfdb12-ab9b-46d9-b6a9-00fc1d4cd0e7/element [23.25275ms] ERR:404 body={"strategy":"-android uiautomator","selector":"new UiSelector().descriptionMatches(\"(?is).*\\QNo la...
14:02:16.133701 POST /session/45cfdb12-ab9b-46d9-b6a9-00fc1d4cd0e7/element [22.876625ms] ERR:404 body={"strategy":"-android uiautomator","selector":"new UiSelector().textContains(\"No landmarks yet\")"}
14:02:16.156645 POST /session/45cfdb12-ab9b-46d9-b6a9-00fc1d4cd0e7/element [22.853125ms] ERR:404 body={"strategy":"-android uiautomator","selector":"new UiSelector().descriptionContains(\"No landmarks y...
14:02:16.180623 POST /session/45cfdb12-ab9b-46d9-b6a9-00fc1d4cd0e7/element [23.885584ms] ERR:404 body={"strategy":"-android uiautomator","selector":"new UiSelector().textMatches(\"(?is).*\\QNo landmarks...
14:02:16.208055 POST /session/45cfdb12-ab9b-46d9-b6a9-00fc1d4cd0e7/element [27.321458ms] ERR:404 body={"strategy":"-android uiautomator","selector":"new UiSelector().descriptionMatches(\"(?is).*\\QNo la...
14:02:16.228697 POST /session/45cfdb12-ab9b-46d9-b6a9-00fc1d4cd0e7/element [20.52825ms] ERR:404 body={"strategy":"-android uiautomator","selector":"new UiSelector().textContains(\"No landmarks yet\")"}
14:02:16.250494 POST /session/45cfdb12-ab9b-46d9-b6a9-00fc1d4cd0e7/element [21.406209ms] ERR:404 body={"strategy":"-android uiautomator","selector":"new UiSelector().descriptionContains(\"No landmarks y...
14:02:16.268307 POST /session/45cfdb12-ab9b-46d9-b6a9-00fc1d4cd0e7/element [17.661542ms] ERR:404 body={"strategy":"-android uiautomator","selector":"new UiSelector().textMatches(\"(?is).*\\QNo landmarks...
14:02:16.289782 POST /session/45cfdb12-ab9b-46d9-b6a9-00fc1d4cd0e7/element [21.361708ms] ERR:404 body={"strategy":"-android uiautomator","selector":"new UiSelector().descriptionMatches(\"(?is).*\\QNo la...
14:02:16.313431 POST /session/45cfdb12-ab9b-46d9-b6a9-00fc1d4cd0e7/element [23.520292ms] ERR:404 body={"strategy":"-android uiautomator","selector":"new UiSelector().textContains(\"No landmarks yet\")"}
14:02:16.334398 POST /session/45cfdb12-ab9b-46d9-b6a9-00fc1d4cd0e7/element [20.868625ms] ERR:404 body={"strategy":"-android uiautomator","selector":"new UiSelector().descriptionContains(\"No landmarks y...
14:02:16.349412 POST /session/45cfdb12-ab9b-46d9-b6a9-00fc1d4cd0e7/element [14.920833ms] ERR:404 body={"strategy":"-android uiautomator","selector":"new UiSelector().textMatches(\"(?is).*\\QNo landmarks...
14:02:16.367354 POST /session/45cfdb12-ab9b-46d9-b6a9-00fc1d4cd0e7/element [17.844709ms] ERR:404 body={"strategy":"-android uiautomator","selector":"new UiSelector().descriptionMatches(\"(?is).*\\QNo la...
14:02:16.385843 POST /session/45cfdb12-ab9b-46d9-b6a9-00fc1d4cd0e7/element [18.388542ms] ERR:404 body={"strategy":"-android uiautomator","selector":"new UiSelector().textContains(\"No landmarks yet\")"}
14:02:16.403153 POST /session/45cfdb12-ab9b-46d9-b6a9-00fc1d4cd0e7/element [17.231875ms] ERR:404 body={"strategy":"-android uiautomator","selector":"new UiSelector().descriptionContains(\"No landmarks y...
14:02:16.427775 POST /session/45cfdb12-ab9b-46d9-b6a9-00fc1d4cd0e7/element [18.700417ms] ERR:404 body={"strategy":"-android uiautomator","selector":"new UiSelector().textMatches(\"(?is).*\\QNo landmarks...
14:02:16.447262 POST /session/45cfdb12-ab9b-46d9-b6a9-00fc1d4cd0e7/element [19.383459ms] ERR:404 body={"strategy":"-android uiautomator","selector":"new UiSelector().descriptionMatches(\"(?is).*\\QNo la...
14:02:16.466308 POST /session/45cfdb12-ab9b-46d9-b6a9-00fc1d4cd0e7/element [18.961125ms] ERR:404 body={"strategy":"-android uiautomator","selector":"new UiSelector().textContains(\"No landmarks yet\")"}
14:02:16.485474 POST /session/45cfdb12-ab9b-46d9-b6a9-00fc1d4cd0e7/element [19.07975ms] ERR:404 body={"strategy":"-android uiautomator","selector":"new UiSelector().descriptionContains(\"No landmarks y...
14:02:16.503619 POST /session/45cfdb12-ab9b-46d9-b6a9-00fc1d4cd0e7/element [18.062042ms] ERR:404 body={"strategy":"-android uiautomator","selector":"new UiSelector().textMatches(\"(?is).*\\QNo landmarks...
14:02:16.521592 POST /session/45cfdb12-ab9b-46d9-b6a9-00fc1d4cd0e7/element [17.883208ms] ERR:404 body={"strategy":"-android uiautomator","selector":"new UiSelector().descriptionMatches(\"(?is).*\\QNo la...
14:02:16.544494 POST /session/45cfdb12-ab9b-46d9-b6a9-00fc1d4cd0e7/element [22.808959ms] ERR:404 body={"strategy":"-android uiautomator","selector":"new UiSelector().textContains(\"No landmarks yet\")"}
14:02:16.564561 POST /session/45cfdb12-ab9b-46d9-b6a9-00fc1d4cd0e7/element [19.982334ms] ERR:404 body={"strategy":"-android uiautomator","selector":"new UiSelector().descriptionContains(\"No landmarks y...
14:02:16.585671 POST /session/45cfdb12-ab9b-46d9-b6a9-00fc1d4cd0e7/element [21.027417ms] ERR:404 body={"strategy":"-android uiautomator","selector":"new UiSelector().textMatches(\"(?is).*\\QNo landmarks...
14:02:16.603401 POST /session/45cfdb12-ab9b-46d9-b6a9-00fc1d4cd0e7/element [17.625292ms] ERR:404 body={"strategy":"-android uiautomator","selector":"new UiSelector().descriptionMatches(\"(?is).*\\QNo la...
14:02:16.632043 GET /session/45cfdb12-ab9b-46d9-b6a9-00fc1d4cd0e7/source [28.156459ms] OK body=
14:02:16.652679 POST /session/45cfdb12-ab9b-46d9-b6a9-00fc1d4cd0e7/element [19.549667ms] ERR:404 body={"strategy":"-android uiautomator","selector":"new UiSelector().textContains(\"No landmarks yet\")"}
14:02:16.672686 POST /session/45cfdb12-ab9b-46d9-b6a9-00fc1d4cd0e7/element [19.915459ms] ERR:404 body={"strategy":"-android uiautomator","selector":"new UiSelector().descriptionContains(\"No landmarks y...
14:02:16.694487 POST /session/45cfdb12-ab9b-46d9-b6a9-00fc1d4cd0e7/element [21.699ms] ERR:404 body={"strategy":"-android uiautomator","selector":"new UiSelector().textMatches(\"(?is).*\\QNo landmarks...
14:02:16.716486 POST /session/45cfdb12-ab9b-46d9-b6a9-00fc1d4cd0e7/element [21.826541ms] ERR:404 body={"strategy":"-android uiautomator","selector":"new UiSelector().descriptionMatches(\"(?is).*\\QNo la...
14:02:16.735505 POST /session/45cfdb12-ab9b-46d9-b6a9-00fc1d4cd0e7/element [18.903666ms] ERR:404 body={"strategy":"-android uiautomator","selector":"new UiSelector().textContains(\"No landmarks yet\")"}
14:02:16.754126 POST /session/45cfdb12-ab9b-46d9-b6a9-00fc1d4cd0e7/element [18.442208ms] ERR:404 body={"strategy":"-android uiautomator","selector":"new UiSelector().descriptionContains(\"No landmarks y...
14:02:16.774397 POST /session/45cfdb12-ab9b-46d9-b6a9-00fc1d4cd0e7/element [20.163541ms] ERR:404 body={"strategy":"-android uiautomator","selector":"new UiSelector().textMatches(\"(?is).*\\QNo landmarks...
14:02:16.792737 POST /session/45cfdb12-ab9b-46d9-b6a9-00fc1d4cd0e7/element [18.261375ms] ERR:404 body={"strategy":"-android uiautomator","selector":"new UiSelector().descriptionMatches(\"(?is).*\\QNo la...
14:02:16.812058 POST /session/45cfdb12-ab9b-46d9-b6a9-00fc1d4cd0e7/element [19.180125ms] ERR:404 body={"strategy":"-android uiautomator","selector":"new UiSelector().textContains(\"No landmarks yet\")"}
14:02:16.829816 POST /session/45cfdb12-ab9b-46d9-b6a9-00fc1d4cd0e7/element [17.634792ms] ERR:404 body={"strategy":"-android uiautomator","selector":"new UiSelector().descriptionContains(\"No landmarks y...
14:02:16.850135 POST /session/45cfdb12-ab9b-46d9-b6a9-00fc1d4cd0e7/element [20.232042ms] ERR:404 body={"strategy":"-android uiautomator","selector":"new UiSelector().textMatches(\"(?is).*\\QNo landmarks...
14:02:16.869440 POST /session/45cfdb12-ab9b-46d9-b6a9-00fc1d4cd0e7/element [19.195875ms] ERR:404 body={"strategy":"-android uiautomator","selector":"new UiSelector().descriptionMatches(\"(?is).*\\QNo la...
14:02:16.888351 POST /session/45cfdb12-ab9b-46d9-b6a9-00fc1d4cd0e7/element [18.792625ms] ERR:404 body={"strategy":"-android uiautomator","selector":"new UiSelector().textContains(\"No landmarks yet\")"}
14:02:16.908761 POST /session/45cfdb12-ab9b-46d9-b6a9-00fc1d4cd0e7/element [20.329042ms] ERR:404 body={"strategy":"-android uiautomator","selector":"new UiSelector().descriptionContains(\"No landmarks y...
14:02:16.928829 POST /session/45cfdb12-ab9b-46d9-b6a9-00fc1d4cd0e7/element [19.945417ms] ERR:404 body={"strategy":"-android uiautomator","selector":"new UiSelector().textMatches(\"(?is).*\\QNo landmarks...
14:02:16.947943 POST /session/45cfdb12-ab9b-46d9-b6a9-00fc1d4cd0e7/element [19.023042ms] ERR:404 body={"strategy":"-android uiautomator","selector":"new UiSelector().descriptionMatches(\"(?is).*\\QNo la...
14:02:16.967319 POST /session/45cfdb12-ab9b-46d9-b6a9-00fc1d4cd0e7/element [19.238167ms] ERR:404 body={"strategy":"-android uiautomator","selector":"new UiSelector().textContains(\"No landmarks yet\")"}
14:02:16.993745 POST /session/45cfdb12-ab9b-46d9-b6a9-00fc1d4cd0e7/element [26.334334ms] ERR:404 body={"strategy":"-android uiautomator","selector":"new UiSelector().descriptionContains(\"No landmarks y...
14:02:17.023935 POST /session/45cfdb12-ab9b-46d9-b6a9-00fc1d4cd0e7/element [29.985917ms] ERR:404 body={"strategy":"-android uiautomator","selector":"new UiSelector().textMatches(\"(?is).*\\QNo landmarks...
14:02:17.045840 POST /session/45cfdb12-ab9b-46d9-b6a9-00fc1d4cd0e7/element [21.570459ms] ERR:404 body={"strategy":"-android uiautomator","selector":"new UiSelector().descriptionMatches(\"(?is).*\\QNo la...
14:02:17.075085 POST /session/45cfdb12-ab9b-46d9-b6a9-00fc1d4cd0e7/element [29.034416ms] ERR:404 body={"strategy":"-android uiautomator","selector":"new UiSelector().textContains(\"No landmarks yet\")"}
14:02:17.093537 POST /session/45cfdb12-ab9b-46d9-b6a9-00fc1d4cd0e7/element [18.333459ms] ERR:404 body={"strategy":"-android uiautomator","selector":"new UiSelector().descriptionContains(\"No landmarks y...
14:02:17.114892 POST /session/45cfdb12-ab9b-46d9-b6a9-00fc1d4cd0e7/element [21.228042ms] ERR:404 body={"strategy":"-android uiautomator","selector":"new UiSelector().textMatches(\"(?is).*\\QNo landmarks...
14:02:17.137509 POST /session/45cfdb12-ab9b-46d9-b6a9-00fc1d4cd0e7/element [22.453708ms] ERR:404 body={"strategy":"-android uiautomator","selector":"new UiSelector().descriptionMatches(\"(?is).*\\QNo la...
14:02:17.160123 POST /session/45cfdb12-ab9b-46d9-b6a9-00fc1d4cd0e7/element [22.454459ms] ERR:404 body={"strategy":"-android uiautomator","selector":"new UiSelector().textContains(\"No landmarks yet\")"}
14:02:17.189127 POST /session/45cfdb12-ab9b-46d9-b6a9-00fc1d4cd0e7/element [28.892792ms] ERR:404 body={"strategy":"-android uiautomator","selector":"new UiSelector().descriptionContains(\"No landmarks y...
14:02:17.204365 POST /session/45cfdb12-ab9b-46d9-b6a9-00fc1d4cd0e7/element [15.137583ms] ERR:404 body={"strategy":"-android uiautomator","selector":"new UiSelector().textMatches(\"(?is).*\\QNo landmarks...
14:02:17.219042 POST /session/45cfdb12-ab9b-46d9-b6a9-00fc1d4cd0e7/element [14.548ms] ERR:404 body={"strategy":"-android uiautomator","selector":"new UiSelector().descriptionMatches(\"(?is).*\\QNo la...
14:02:17.237461 POST /session/45cfdb12-ab9b-46d9-b6a9-00fc1d4cd0e7/element [18.339875ms] ERR:404 body={"strategy":"-android uiautomator","selector":"new UiSelector().textContains(\"No landmarks yet\")"}
14:02:17.257252 POST /session/45cfdb12-ab9b-46d9-b6a9-00fc1d4cd0e7/element [19.710333ms] ERR:404 body={"strategy":"-android uiautomator","selector":"new UiSelector().descriptionContains(\"No landmarks y...
14:02:17.274629 POST /session/45cfdb12-ab9b-46d9-b6a9-00fc1d4cd0e7/element [17.255708ms] ERR:404 body={"strategy":"-android uiautomator","selector":"new UiSelector().textMatches(\"(?is).*\\QNo landmarks...
14:02:17.292383 POST /session/45cfdb12-ab9b-46d9-b6a9-00fc1d4cd0e7/element [17.667167ms] ERR:404 body={"strategy":"-android uiautomator","selector":"new UiSelector().descriptionMatches(\"(?is).*\\QNo la...
14:02:17.308021 POST /session/45cfdb12-ab9b-46d9-b6a9-00fc1d4cd0e7/element [15.541459ms] ERR:404 body={"strategy":"-android uiautomator","selector":"new UiSelector().textContains(\"No landmarks yet\")"}
14:02:17.315730 POST /session/45cfdb12-ab9b-46d9-b6a9-00fc1d4cd0e7/element [7.624834ms] ERR:404 body={"strategy":"-android uiautomator","selector":"new UiSelector().descriptionContains(\"No landmarks y...
14:02:17.333677 POST /session/45cfdb12-ab9b-46d9-b6a9-00fc1d4cd0e7/element [17.809542ms] ERR:404 body={"strategy":"-android uiautomator","selector":"new UiSelector().textMatches(\"(?is).*\\QNo landmarks...
14:02:17.352039 POST /session/45cfdb12-ab9b-46d9-b6a9-00fc1d4cd0e7/element [18.26025ms] ERR:404 body={"strategy":"-android uiautomator","selector":"new UiSelector().descriptionMatches(\"(?is).*\\QNo la...
14:02:17.370164 POST /session/45cfdb12-ab9b-46d9-b6a9-00fc1d4cd0e7/element [18.008459ms] ERR:404 body={"strategy":"-android uiautomator","selector":"new UiSelector().textContains(\"No landmarks yet\")"}
14:02:17.385609 POST /session/45cfdb12-ab9b-46d9-b6a9-00fc1d4cd0e7/element [15.352334ms] ERR:404 body={"strategy":"-android uiautomator","selector":"new UiSelector().descriptionContains(\"No landmarks y...
14:02:17.402136 POST /session/45cfdb12-ab9b-46d9-b6a9-00fc1d4cd0e7/element [16.428291ms] ERR:404 body={"strategy":"-android uiautomator","selector":"new UiSelector().textMatches(\"(?is).*\\QNo landmarks...
14:02:17.417816 POST /session/45cfdb12-ab9b-46d9-b6a9-00fc1d4cd0e7/element [15.589791ms] ERR:404 body={"strategy":"-android uiautomator","selector":"new UiSelector().descriptionMatches(\"(?is).*\\QNo la...
14:02:17.434323 POST /session/45cfdb12-ab9b-46d9-b6a9-00fc1d4cd0e7/element [16.412333ms] ERR:404 body={"strategy":"-android uiautomator","selector":"new UiSelector().textContains(\"No landmarks yet\")"}
14:02:17.450319 POST /session/45cfdb12-ab9b-46d9-b6a9-00fc1d4cd0e7/element [15.913834ms] ERR:404 body={"strategy":"-android uiautomator","selector":"new UiSelector().descriptionContains(\"No landmarks y...
14:02:17.466310 POST /session/45cfdb12-ab9b-46d9-b6a9-00fc1d4cd0e7/element [15.910625ms] ERR:404 body={"strategy":"-android uiautomator","selector":"new UiSelector().textMatches(\"(?is).*\\QNo landmarks...
14:02:17.482463 POST /session/45cfdb12-ab9b-46d9-b6a9-00fc1d4cd0e7/element [16.01625ms] ERR:404 body={"strategy":"-android uiautomator","selector":"new UiSelector().descriptionMatches(\"(?is).*\\QNo la...
14:02:17.488397 POST /session/45cfdb12-ab9b-46d9-b6a9-00fc1d4cd0e7/element [5.861875ms] ERR:404 body={"strategy":"-android uiautomator","selector":"new UiSelector().textContains(\"No landmarks yet\")"}
14:02:17.505881 POST /session/45cfdb12-ab9b-46d9-b6a9-00fc1d4cd0e7/element [17.380416ms] ERR:404 body={"strategy":"-android uiautomator","selector":"new UiSelector().descriptionContains(\"No landmarks y...
14:02:17.522267 POST /session/45cfdb12-ab9b-46d9-b6a9-00fc1d4cd0e7/element [16.282834ms] ERR:404 body={"strategy":"-android uiautomator","selector":"new UiSelector().textMatches(\"(?is).*\\QNo landmarks...
14:02:17.538892 POST /session/45cfdb12-ab9b-46d9-b6a9-00fc1d4cd0e7/element [16.522167ms] ERR:404 body={"strategy":"-android uiautomator","selector":"new UiSelector().descriptionMatches(\"(?is).*\\QNo la...
14:02:17.556828 POST /session/45cfdb12-ab9b-46d9-b6a9-00fc1d4cd0e7/element [17.858875ms] ERR:404 body={"strategy":"-android uiautomator","selector":"new UiSelector().textContains(\"No landmarks yet\")"}
14:02:17.573141 POST /session/45cfdb12-ab9b-46d9-b6a9-00fc1d4cd0e7/element [16.219459ms] ERR:404 body={"strategy":"-android uiautomator","selector":"new UiSelector().descriptionContains(\"No landmarks y...
14:02:17.590305 POST /session/45cfdb12-ab9b-46d9-b6a9-00fc1d4cd0e7/element [17.073708ms] ERR:404 body={"strategy":"-android uiautomator","selector":"new UiSelector().textMatches(\"(?is).*\\QNo landmarks...
14:02:17.607960 POST /session/45cfdb12-ab9b-46d9-b6a9-00fc1d4cd0e7/element [17.571791ms] ERR:404 body={"strategy":"-android uiautomator","selector":"new UiSelector().descriptionMatches(\"(?is).*\\QNo la...
14:02:17.626832 POST /session/45cfdb12-ab9b-46d9-b6a9-00fc1d4cd0e7/element [18.736708ms] ERR:404 body={"strategy":"-android uiautomator","selector":"new UiSelector().textContains(\"No landmarks yet\")"}
14:02:17.643434 POST /session/45cfdb12-ab9b-46d9-b6a9-00fc1d4cd0e7/element [16.52ms] ERR:404 body={"strategy":"-android uiautomator","selector":"new UiSelector().descriptionContains(\"No landmarks y...
14:02:17.660834 POST /session/45cfdb12-ab9b-46d9-b6a9-00fc1d4cd0e7/element [17.257292ms] ERR:404 body={"strategy":"-android uiautomator","selector":"new UiSelector().textMatches(\"(?is).*\\QNo landmarks...
14:02:17.678084 POST /session/45cfdb12-ab9b-46d9-b6a9-00fc1d4cd0e7/element [17.142958ms] ERR:404 body={"strategy":"-android uiautomator","selector":"new UiSelector().descriptionMatches(\"(?is).*\\QNo la...
14:02:17.702945 GET /session/45cfdb12-ab9b-46d9-b6a9-00fc1d4cd0e7/source [24.676833ms] OK body=
14:02:17.721714 POST /session/45cfdb12-ab9b-46d9-b6a9-00fc1d4cd0e7/element [17.951125ms] ERR:404 body={"strategy":"-android uiautomator","selector":"new UiSelector().textContains(\"No landmarks yet\")"}
14:02:17.738141 POST /session/45cfdb12-ab9b-46d9-b6a9-00fc1d4cd0e7/element [16.347541ms] ERR:404 body={"strategy":"-android uiautomator","selector":"new UiSelector().descriptionContains(\"No landmarks y...
14:02:17.754982 POST /session/45cfdb12-ab9b-46d9-b6a9-00fc1d4cd0e7/element [16.722875ms] ERR:404 body={"strategy":"-android uiautomator","selector":"new UiSelector().textMatches(\"(?is).*\\QNo landmarks...
14:02:17.761569 POST /session/45cfdb12-ab9b-46d9-b6a9-00fc1d4cd0e7/element [6.464792ms] ERR:404 body={"strategy":"-android uiautomator","selector":"new UiSelector().descriptionMatches(\"(?is).*\\QNo la...
14:02:17.770923 POST /session/45cfdb12-ab9b-46d9-b6a9-00fc1d4cd0e7/element [9.260916ms] ERR:404 body={"strategy":"-android uiautomator","selector":"new UiSelector().textContains(\"No landmarks yet\")"}
14:02:17.779874 POST /session/45cfdb12-ab9b-46d9-b6a9-00fc1d4cd0e7/element [8.85425ms] ERR:404 body={"strategy":"-android uiautomator","selector":"new UiSelector().descriptionContains(\"No landmarks y...
14:02:17.788121 POST /session/45cfdb12-ab9b-46d9-b6a9-00fc1d4cd0e7/element [8.176416ms] ERR:404 body={"strategy":"-android uiautomator","selector":"new UiSelector().textMatches(\"(?is).*\\QNo landmarks...
14:02:17.798360 POST /session/45cfdb12-ab9b-46d9-b6a9-00fc1d4cd0e7/element [10.1055ms] ERR:404 body={"strategy":"-android uiautomator","selector":"new UiSelector().descriptionMatches(\"(?is).*\\QNo la...
14:02:17.811745 POST /session/45cfdb12-ab9b-46d9-b6a9-00fc1d4cd0e7/element [13.287583ms] ERR:404 body={"strategy":"-android uiautomator","selector":"new UiSelector().textContains(\"No landmarks yet\")"}
14:02:17.820450 POST /session/45cfdb12-ab9b-46d9-b6a9-00fc1d4cd0e7/element [8.60875ms] ERR:404 body={"strategy":"-android uiautomator","selector":"new UiSelector().descriptionContains(\"No landmarks y...
14:02:17.836704 POST /session/45cfdb12-ab9b-46d9-b6a9-00fc1d4cd0e7/element [16.125708ms] ERR:404 body={"strategy":"-android uiautomator","selector":"new UiSelector().textMatches(\"(?is).*\\QNo landmarks...
14:02:17.852331 POST /session/45cfdb12-ab9b-46d9-b6a9-00fc1d4cd0e7/element [15.507791ms] ERR:404 body={"strategy":"-android uiautomator","selector":"new UiSelector().descriptionMatches(\"(?is).*\\QNo la...
14:02:17.858101 POST /session/45cfdb12-ab9b-46d9-b6a9-00fc1d4cd0e7/element [5.693708ms] ERR:404 body={"strategy":"-android uiautomator","selector":"new UiSelector().textContains(\"No landmarks yet\")"}
14:02:17.874914 POST /session/45cfdb12-ab9b-46d9-b6a9-00fc1d4cd0e7/element [16.761042ms] ERR:404 body={"strategy":"-android uiautomator","selector":"new UiSelector().descriptionContains(\"No landmarks y...
14:02:17.889359 POST /session/45cfdb12-ab9b-46d9-b6a9-00fc1d4cd0e7/element [14.340458ms] ERR:404 body={"strategy":"-android uiautomator","selector":"new UiSelector().textMatches(\"(?is).*\\QNo landmarks...
14:02:17.905315 POST /session/45cfdb12-ab9b-46d9-b6a9-00fc1d4cd0e7/element [15.859875ms] ERR:404 body={"strategy":"-android uiautomator","selector":"new UiSelector().descriptionMatches(\"(?is).*\\QNo la...
14:02:17.922990 POST /session/45cfdb12-ab9b-46d9-b6a9-00fc1d4cd0e7/element [17.57275ms] ERR:404 body={"strategy":"-android uiautomator","selector":"new UiSelector().textContains(\"No landmarks yet\")"}
14:02:17.939447 POST /session/45cfdb12-ab9b-46d9-b6a9-00fc1d4cd0e7/element [16.34325ms] ERR:404 body={"strategy":"-android uiautomator","selector":"new UiSelector().descriptionContains(\"No landmarks y...
14:02:17.952175 POST /session/45cfdb12-ab9b-46d9-b6a9-00fc1d4cd0e7/element [12.583333ms] ERR:404 body={"strategy":"-android uiautomator","selector":"new UiSelector().textMatches(\"(?is).*\\QNo landmarks...
14:02:17.967386 POST /session/45cfdb12-ab9b-46d9-b6a9-00fc1d4cd0e7/element [15.138167ms] ERR:404 body={"strategy":"-android uiautomator","selector":"new UiSelector().descriptionMatches(\"(?is).*\\QNo la...
14:02:17.972451 POST /session/45cfdb12-ab9b-46d9-b6a9-00fc1d4cd0e7/element [4.985542ms] ERR:404 body={"strategy":"-android uiautomator","selector":"new UiSelector().textContains(\"No landmarks yet\")"}
14:02:17.986928 POST /session/45cfdb12-ab9b-46d9-b6a9-00fc1d4cd0e7/element [14.417375ms] ERR:404 body={"strategy":"-android uiautomator","selector":"new UiSelector().descriptionContains(\"No landmarks y...
14:02:18.003513 POST /session/45cfdb12-ab9b-46d9-b6a9-00fc1d4cd0e7/element [16.475167ms] ERR:404 body={"strategy":"-android uiautomator","selector":"new UiSelector().textMatches(\"(?is).*\\QNo landmarks...
14:02:18.020444 POST /session/45cfdb12-ab9b-46d9-b6a9-00fc1d4cd0e7/element [16.742959ms] ERR:404 body={"strategy":"-android uiautomator","selector":"new UiSelector().descriptionMatches(\"(?is).*\\QNo la...
14:02:18.040639 POST /session/45cfdb12-ab9b-46d9-b6a9-00fc1d4cd0e7/element [20.076333ms] ERR:404 body={"strategy":"-android uiautomator","selector":"new UiSelector().textContains(\"No landmarks yet\")"}
14:02:18.057579 POST /session/45cfdb12-ab9b-46d9-b6a9-00fc1d4cd0e7/element [16.798291ms] ERR:404 body={"strategy":"-android uiautomator","selector":"new UiSelector().descriptionContains(\"No landmarks y...
14:02:18.076221 POST /session/45cfdb12-ab9b-46d9-b6a9-00fc1d4cd0e7/element [18.535042ms] ERR:404 body={"strategy":"-android uiautomator","selector":"new UiSelector().textMatches(\"(?is).*\\QNo landmarks...
14:02:18.093903 POST /session/45cfdb12-ab9b-46d9-b6a9-00fc1d4cd0e7/element [17.439208ms] ERR:404 body={"strategy":"-android uiautomator","selector":"new UiSelector().descriptionMatches(\"(?is).*\\QNo la...
14:02:18.118480 POST /session/45cfdb12-ab9b-46d9-b6a9-00fc1d4cd0e7/element [24.480792ms] ERR:404 body={"strategy":"-android uiautomator","selector":"new UiSelector().textContains(\"No landmarks yet\")"}
14:02:18.141195 POST /session/45cfdb12-ab9b-46d9-b6a9-00fc1d4cd0e7/element [22.601541ms] ERR:404 body={"strategy":"-android uiautomator","selector":"new UiSelector().descriptionContains(\"No landmarks y...
14:02:18.163110 POST /session/45cfdb12-ab9b-46d9-b6a9-00fc1d4cd0e7/element [21.812333ms] ERR:404 body={"strategy":"-android uiautomator","selector":"new UiSelector().textMatches(\"(?is).*\\QNo landmarks...
14:02:18.180915 POST /session/45cfdb12-ab9b-46d9-b6a9-00fc1d4cd0e7/element [17.71ms] ERR:404 body={"strategy":"-android uiautomator","selector":"new UiSelector().descriptionMatches(\"(?is).*\\QNo la...
14:02:18.201578 POST /session/45cfdb12-ab9b-46d9-b6a9-00fc1d4cd0e7/element [20.542ms] ERR:404 body={"strategy":"-android uiautomator","selector":"new UiSelector().textContains(\"No landmarks yet\")"}
14:02:18.224753 POST /session/45cfdb12-ab9b-46d9-b6a9-00fc1d4cd0e7/element [23.067583ms] ERR:404 body={"strategy":"-android uiautomator","selector":"new UiSelector().descriptionContains(\"No landmarks y...
14:02:18.240064 POST /session/45cfdb12-ab9b-46d9-b6a9-00fc1d4cd0e7/element [15.21625ms] ERR:404 body={"strategy":"-android uiautomator","selector":"new UiSelector().textMatches(\"(?is).*\\QNo landmarks...
14:02:18.256672 POST /session/45cfdb12-ab9b-46d9-b6a9-00fc1d4cd0e7/element [16.507417ms] ERR:404 body={"strategy":"-android uiautomator","selector":"new UiSelector().descriptionMatches(\"(?is).*\\QNo la...
14:02:18.274253 POST /session/45cfdb12-ab9b-46d9-b6a9-00fc1d4cd0e7/element [17.4785ms] ERR:404 body={"strategy":"-android uiautomator","selector":"new UiSelector().textContains(\"No landmarks yet\")"}
14:02:18.292851 POST /session/45cfdb12-ab9b-46d9-b6a9-00fc1d4cd0e7/element [18.508ms] ERR:404 body={"strategy":"-android uiautomator","selector":"new UiSelector().descriptionContains(\"No landmarks y...
14:02:18.309646 POST /session/45cfdb12-ab9b-46d9-b6a9-00fc1d4cd0e7/element [16.703625ms] ERR:404 body={"strategy":"-android uiautomator","selector":"new UiSelector().textMatches(\"(?is).*\\QNo landmarks...
14:02:18.329317 POST /session/45cfdb12-ab9b-46d9-b6a9-00fc1d4cd0e7/element [19.353375ms] ERR:404 body={"strategy":"-android uiautomator","selector":"new UiSelector().descriptionMatches(\"(?is).*\\QNo la...
14:02:18.343494 POST /session/45cfdb12-ab9b-46d9-b6a9-00fc1d4cd0e7/element [13.647542ms] ERR:404 body={"strategy":"-android uiautomator","selector":"new UiSelector().textContains(\"No landmarks yet\")"}
14:02:18.360560 POST /session/45cfdb12-ab9b-46d9-b6a9-00fc1d4cd0e7/element [16.914542ms] ERR:404 body={"strategy":"-android uiautomator","selector":"new UiSelector().descriptionContains(\"No landmarks y...
14:02:18.369624 POST /session/45cfdb12-ab9b-46d9-b6a9-00fc1d4cd0e7/element [8.965833ms] ERR:404 body={"strategy":"-android uiautomator","selector":"new UiSelector().textMatches(\"(?is).*\\QNo landmarks...
14:02:18.387381 POST /session/45cfdb12-ab9b-46d9-b6a9-00fc1d4cd0e7/element [17.670042ms] ERR:404 body={"strategy":"-android uiautomator","selector":"new UiSelector().descriptionMatches(\"(?is).*\\QNo la...
14:02:18.408173 POST /session/45cfdb12-ab9b-46d9-b6a9-00fc1d4cd0e7/element [20.680459ms] ERR:404 body={"strategy":"-android uiautomator","selector":"new UiSelector().textContains(\"No landmarks yet\")"}
14:02:18.432668 POST /session/45cfdb12-ab9b-46d9-b6a9-00fc1d4cd0e7/element [24.396042ms] ERR:404 body={"strategy":"-android uiautomator","selector":"new UiSelector().descriptionContains(\"No landmarks y...
14:02:18.443000 POST /session/45cfdb12-ab9b-46d9-b6a9-00fc1d4cd0e7/element [10.234708ms] ERR:404 body={"strategy":"-android uiautomator","selector":"new UiSelector().textMatches(\"(?is).*\\QNo landmarks...
14:02:18.463703 POST /session/45cfdb12-ab9b-46d9-b6a9-00fc1d4cd0e7/element [20.60375ms] ERR:404 body={"strategy":"-android uiautomator","selector":"new UiSelector().descriptionMatches(\"(?is).*\\QNo la...
14:02:18.484676 POST /session/45cfdb12-ab9b-46d9-b6a9-00fc1d4cd0e7/element [20.874042ms] ERR:404 body={"strategy":"-android uiautomator","selector":"new UiSelector().textContains(\"No landmarks yet\")"}
14:02:18.506182 POST /session/45cfdb12-ab9b-46d9-b6a9-00fc1d4cd0e7/element [21.390875ms] ERR:404 body={"strategy":"-android uiautomator","selector":"new UiSelector().descriptionContains(\"No landmarks y...
14:02:18.529787 POST /session/45cfdb12-ab9b-46d9-b6a9-00fc1d4cd0e7/element [23.507875ms] ERR:404 body={"strategy":"-android uiautomator","selector":"new UiSelector().textMatches(\"(?is).*\\QNo landmarks...
14:02:18.556751 POST /session/45cfdb12-ab9b-46d9-b6a9-00fc1d4cd0e7/element [26.84875ms] ERR:404 body={"strategy":"-android uiautomator","selector":"new UiSelector().descriptionMatches(\"(?is).*\\QNo la...
14:02:18.577560 POST /session/45cfdb12-ab9b-46d9-b6a9-00fc1d4cd0e7/element [20.735416ms] ERR:404 body={"strategy":"-android uiautomator","selector":"new UiSelector().textContains(\"No landmarks yet\")"}
14:02:18.596694 POST /session/45cfdb12-ab9b-46d9-b6a9-00fc1d4cd0e7/element [19.023ms] ERR:404 body={"strategy":"-android uiautomator","selector":"new UiSelector().descriptionContains(\"No landmarks y...
14:02:18.617396 POST /session/45cfdb12-ab9b-46d9-b6a9-00fc1d4cd0e7/element [20.582125ms] ERR:404 body={"strategy":"-android uiautomator","selector":"new UiSelector().textMatches(\"(?is).*\\QNo landmarks...
14:02:18.636778 POST /session/45cfdb12-ab9b-46d9-b6a9-00fc1d4cd0e7/element [19.285333ms] ERR:404 body={"strategy":"-android uiautomator","selector":"new UiSelector().descriptionMatches(\"(?is).*\\QNo la...
14:02:18.655310 POST /session/45cfdb12-ab9b-46d9-b6a9-00fc1d4cd0e7/element [18.402875ms] ERR:404 body={"strategy":"-android uiautomator","selector":"new UiSelector().textContains(\"No landmarks yet\")"}
14:02:18.672900 POST /session/45cfdb12-ab9b-46d9-b6a9-00fc1d4cd0e7/element [17.468458ms] ERR:404 body={"strategy":"-android uiautomator","selector":"new UiSelector().descriptionContains(\"No landmarks y...
14:02:18.690716 POST /session/45cfdb12-ab9b-46d9-b6a9-00fc1d4cd0e7/element [17.717625ms] ERR:404 body={"strategy":"-android uiautomator","selector":"new UiSelector().textMatches(\"(?is).*\\QNo landmarks...
14:02:18.707929 POST /session/45cfdb12-ab9b-46d9-b6a9-00fc1d4cd0e7/element [17.105417ms] ERR:404 body={"strategy":"-android uiautomator","selector":"new UiSelector().descriptionMatches(\"(?is).*\\QNo la...
14:02:18.732732 GET /session/45cfdb12-ab9b-46d9-b6a9-00fc1d4cd0e7/source [24.574459ms] OK body=
14:02:18.752521 POST /session/45cfdb12-ab9b-46d9-b6a9-00fc1d4cd0e7/element [18.191833ms] ERR:404 body={"strategy":"-android uiautomator","selector":"new UiSelector().textContains(\"No landmarks yet\")"}
14:02:18.768084 POST /session/45cfdb12-ab9b-46d9-b6a9-00fc1d4cd0e7/element [15.450709ms] ERR:404 body={"strategy":"-android uiautomator","selector":"new UiSelector().descriptionContains(\"No landmarks y...
14:02:18.789828 POST /session/45cfdb12-ab9b-46d9-b6a9-00fc1d4cd0e7/element [21.621292ms] ERR:404 body={"strategy":"-android uiautomator","selector":"new UiSelector().textMatches(\"(?is).*\\QNo landmarks...
14:02:18.797296 POST /session/45cfdb12-ab9b-46d9-b6a9-00fc1d4cd0e7/element [7.349958ms] ERR:404 body={"strategy":"-android uiautomator","selector":"new UiSelector().descriptionMatches(\"(?is).*\\QNo la...
14:02:18.813332 POST /session/45cfdb12-ab9b-46d9-b6a9-00fc1d4cd0e7/element [15.906375ms] ERR:404 body={"strategy":"-android uiautomator","selector":"new UiSelector().textContains(\"No landmarks yet\")"}
14:02:18.831524 POST /session/45cfdb12-ab9b-46d9-b6a9-00fc1d4cd0e7/element [18.069792ms] ERR:404 body={"strategy":"-android uiautomator","selector":"new UiSelector().descriptionContains(\"No landmarks y...
14:02:18.846651 POST /session/45cfdb12-ab9b-46d9-b6a9-00fc1d4cd0e7/element [15.019417ms] ERR:404 body={"strategy":"-android uiautomator","selector":"new UiSelector().textMatches(\"(?is).*\\QNo landmarks...
14:02:18.861117 POST /session/45cfdb12-ab9b-46d9-b6a9-00fc1d4cd0e7/element [14.34575ms] ERR:404 body={"strategy":"-android uiautomator","selector":"new UiSelector().descriptionMatches(\"(?is).*\\QNo la...
14:02:18.878417 POST /session/45cfdb12-ab9b-46d9-b6a9-00fc1d4cd0e7/element [17.183667ms] ERR:404 body={"strategy":"-android uiautomator","selector":"new UiSelector().textContains(\"No landmarks yet\")"}
14:02:18.897466 POST /session/45cfdb12-ab9b-46d9-b6a9-00fc1d4cd0e7/element [18.95675ms] ERR:404 body={"strategy":"-android uiautomator","selector":"new UiSelector().descriptionContains(\"No landmarks y...
14:02:18.910362 POST /session/45cfdb12-ab9b-46d9-b6a9-00fc1d4cd0e7/element [12.806667ms] ERR:404 body={"strategy":"-android uiautomator","selector":"new UiSelector().textMatches(\"(?is).*\\QNo landmarks...
14:02:18.927719 POST /session/45cfdb12-ab9b-46d9-b6a9-00fc1d4cd0e7/element [17.26425ms] ERR:404 body={"strategy":"-android uiautomator","selector":"new UiSelector().descriptionMatches(\"(?is).*\\QNo la...
14:02:18.938758 POST /session/45cfdb12-ab9b-46d9-b6a9-00fc1d4cd0e7/element [10.941583ms] ERR:404 body={"strategy":"-android uiautomator","selector":"new UiSelector().textContains(\"No landmarks yet\")"}
14:02:18.956326 POST /session/45cfdb12-ab9b-46d9-b6a9-00fc1d4cd0e7/element [17.429875ms] ERR:404 body={"strategy":"-android uiautomator","selector":"new UiSelector().descriptionContains(\"No landmarks y...
14:02:18.962642 POST /session/45cfdb12-ab9b-46d9-b6a9-00fc1d4cd0e7/element [6.150167ms] ERR:404 body={"strategy":"-android uiautomator","selector":"new UiSelector().textMatches(\"(?is).*\\QNo landmarks...
14:02:18.976112 POST /session/45cfdb12-ab9b-46d9-b6a9-00fc1d4cd0e7/element [13.363166ms] ERR:404 body={"strategy":"-android uiautomator","selector":"new UiSelector().descriptionMatches(\"(?is).*\\QNo la...
14:02:18.982377 POST /session/45cfdb12-ab9b-46d9-b6a9-00fc1d4cd0e7/element [6.102084ms] ERR:404 body={"strategy":"-android uiautomator","selector":"new UiSelector().textContains(\"No landmarks yet\")"}
14:02:18.997109 POST /session/45cfdb12-ab9b-46d9-b6a9-00fc1d4cd0e7/element [14.635458ms] ERR:404 body={"strategy":"-android uiautomator","selector":"new UiSelector().descriptionContains(\"No landmarks y...
14:02:19.014406 POST /session/45cfdb12-ab9b-46d9-b6a9-00fc1d4cd0e7/element [17.212833ms] ERR:404 body={"strategy":"-android uiautomator","selector":"new UiSelector().textMatches(\"(?is).*\\QNo landmarks...
14:02:19.031723 POST /session/45cfdb12-ab9b-46d9-b6a9-00fc1d4cd0e7/element [17.237167ms] ERR:404 body={"strategy":"-android uiautomator","selector":"new UiSelector().descriptionMatches(\"(?is).*\\QNo la...
14:02:19.051710 POST /session/45cfdb12-ab9b-46d9-b6a9-00fc1d4cd0e7/element [19.645709ms] ERR:404 body={"strategy":"-android uiautomator","selector":"new UiSelector().textContains(\"No landmarks yet\")"}
14:02:19.070611 POST /session/45cfdb12-ab9b-46d9-b6a9-00fc1d4cd0e7/element [18.76825ms] ERR:404 body={"strategy":"-android uiautomator","selector":"new UiSelector().descriptionContains(\"No landmarks y...
14:02:19.091306 POST /session/45cfdb12-ab9b-46d9-b6a9-00fc1d4cd0e7/element [20.531166ms] ERR:404 body={"strategy":"-android uiautomator","selector":"new UiSelector().textMatches(\"(?is).*\\QNo landmarks...
14:02:19.106518 POST /session/45cfdb12-ab9b-46d9-b6a9-00fc1d4cd0e7/element [14.909ms] ERR:404 body={"strategy":"-android uiautomator","selector":"new UiSelector().descriptionMatches(\"(?is).*\\QNo la...
14:02:19.121650 POST /session/45cfdb12-ab9b-46d9-b6a9-00fc1d4cd0e7/element [14.994083ms] ERR:404 body={"strategy":"-android uiautomator","selector":"new UiSelector().textContains(\"No landmarks yet\")"}
14:02:19.134280 POST /session/45cfdb12-ab9b-46d9-b6a9-00fc1d4cd0e7/element [12.520708ms] ERR:404 body={"strategy":"-android uiautomator","selector":"new UiSelector().descriptionContains(\"No landmarks y...
14:02:19.147719 POST /session/45cfdb12-ab9b-46d9-b6a9-00fc1d4cd0e7/element [13.322042ms] ERR:404 body={"strategy":"-android uiautomator","selector":"new UiSelector().textMatches(\"(?is).*\\QNo landmarks...
14:02:19.164245 POST /session/45cfdb12-ab9b-46d9-b6a9-00fc1d4cd0e7/element [16.393083ms] ERR:404 body={"strategy":"-android uiautomator","selector":"new UiSelector().descriptionMatches(\"(?is).*\\QNo la...
14:02:19.180524 POST /session/45cfdb12-ab9b-46d9-b6a9-00fc1d4cd0e7/element [16.153125ms] ERR:404 body={"strategy":"-android uiautomator","selector":"new UiSelector().textContains(\"No landmarks yet\")"}
14:02:19.196670 POST /session/45cfdb12-ab9b-46d9-b6a9-00fc1d4cd0e7/element [16.037625ms] ERR:404 body={"strategy":"-android uiautomator","selector":"new UiSelector().descriptionContains(\"No landmarks y...
14:02:19.211246 POST /session/45cfdb12-ab9b-46d9-b6a9-00fc1d4cd0e7/element [14.481209ms] ERR:404 body={"strategy":"-android uiautomator","selector":"new UiSelector().textMatches(\"(?is).*\\QNo landmarks...
14:02:19.223152 POST /session/45cfdb12-ab9b-46d9-b6a9-00fc1d4cd0e7/element [11.841333ms] ERR:404 body={"strategy":"-android uiautomator","selector":"new UiSelector().descriptionMatches(\"(?is).*\\QNo la...
14:02:19.227856 POST /session/45cfdb12-ab9b-46d9-b6a9-00fc1d4cd0e7/element [4.549542ms] ERR:404 body={"strategy":"-android uiautomator","selector":"new UiSelector().textContains(\"No landmarks yet\")"}
14:02:19.243700 POST /session/45cfdb12-ab9b-46d9-b6a9-00fc1d4cd0e7/element [15.752083ms] ERR:404 body={"strategy":"-android uiautomator","selector":"new UiSelector().descriptionContains(\"No landmarks y...
14:02:19.262454 POST /session/45cfdb12-ab9b-46d9-b6a9-00fc1d4cd0e7/element [18.648042ms] ERR:404 body={"strategy":"-android uiautomator","selector":"new UiSelector().textMatches(\"(?is).*\\QNo landmarks...
14:02:19.268176 POST /session/45cfdb12-ab9b-46d9-b6a9-00fc1d4cd0e7/element [5.576875ms] ERR:404 body={"strategy":"-android uiautomator","selector":"new UiSelector().descriptionMatches(\"(?is).*\\QNo la...
14:02:19.280188 POST /session/45cfdb12-ab9b-46d9-b6a9-00fc1d4cd0e7/element [11.922125ms] ERR:404 body={"strategy":"-android uiautomator","selector":"new UiSelector().textContains(\"No landmarks yet\")"}
14:02:19.297848 POST /session/45cfdb12-ab9b-46d9-b6a9-00fc1d4cd0e7/element [17.551875ms] ERR:404 body={"strategy":"-android uiautomator","selector":"new UiSelector().descriptionContains(\"No landmarks y...
14:02:19.312100 POST /session/45cfdb12-ab9b-46d9-b6a9-00fc1d4cd0e7/element [14.167708ms] ERR:404 body={"strategy":"-android uiautomator","selector":"new UiSelector().textMatches(\"(?is).*\\QNo landmarks...
14:02:19.329057 POST /session/45cfdb12-ab9b-46d9-b6a9-00fc1d4cd0e7/element [16.883083ms] ERR:404 body={"strategy":"-android uiautomator","selector":"new UiSelector().descriptionMatches(\"(?is).*\\QNo la...
14:02:19.342146 POST /session/45cfdb12-ab9b-46d9-b6a9-00fc1d4cd0e7/element [13.015541ms] ERR:404 body={"strategy":"-android uiautomator","selector":"new UiSelector().textContains(\"No landmarks yet\")"}
14:02:19.354468 POST /session/45cfdb12-ab9b-46d9-b6a9-00fc1d4cd0e7/element [12.23575ms] ERR:404 body={"strategy":"-android uiautomator","selector":"new UiSelector().descriptionContains(\"No landmarks y...
14:02:19.368731 POST /session/45cfdb12-ab9b-46d9-b6a9-00fc1d4cd0e7/element [14.1615ms] ERR:404 body={"strategy":"-android uiautomator","selector":"new UiSelector().textMatches(\"(?is).*\\QNo landmarks...
14:02:19.384814 POST /session/45cfdb12-ab9b-46d9-b6a9-00fc1d4cd0e7/element [16.005209ms] ERR:404 body={"strategy":"-android uiautomator","selector":"new UiSelector().descriptionMatches(\"(?is).*\\QNo la...
14:02:19.399926 POST /session/45cfdb12-ab9b-46d9-b6a9-00fc1d4cd0e7/element [14.99875ms] ERR:404 body={"strategy":"-android uiautomator","selector":"new UiSelector().textContains(\"No landmarks yet\")"}
14:02:19.417569 POST /session/45cfdb12-ab9b-46d9-b6a9-00fc1d4cd0e7/element [17.565ms] ERR:404 body={"strategy":"-android uiautomator","selector":"new UiSelector().descriptionContains(\"No landmarks y...
14:02:19.432351 POST /session/45cfdb12-ab9b-46d9-b6a9-00fc1d4cd0e7/element [14.676417ms] ERR:404 body={"strategy":"-android uiautomator","selector":"new UiSelector().textMatches(\"(?is).*\\QNo landmarks...
14:02:19.448630 POST /session/45cfdb12-ab9b-46d9-b6a9-00fc1d4cd0e7/element [16.197208ms] ERR:404 body={"strategy":"-android uiautomator","selector":"new UiSelector().descriptionMatches(\"(?is).*\\QNo la...
14:02:19.458181 POST /session/45cfdb12-ab9b-46d9-b6a9-00fc1d4cd0e7/element [9.478584ms] ERR:404 body={"strategy":"-android uiautomator","selector":"new UiSelector().textContains(\"No landmarks yet\")"}
14:02:19.471686 POST /session/45cfdb12-ab9b-46d9-b6a9-00fc1d4cd0e7/element [13.4155ms] ERR:404 body={"strategy":"-android uiautomator","selector":"new UiSelector().descriptionContains(\"No landmarks y...
14:02:19.487725 POST /session/45cfdb12-ab9b-46d9-b6a9-00fc1d4cd0e7/element [15.962ms] ERR:404 body={"strategy":"-android uiautomator","selector":"new UiSelector().textMatches(\"(?is).*\\QNo landmarks...
14:02:19.504006 POST /session/45cfdb12-ab9b-46d9-b6a9-00fc1d4cd0e7/element [16.201292ms] ERR:404 body={"strategy":"-android uiautomator","selector":"new UiSelector().descriptionMatches(\"(?is).*\\QNo la...
14:02:19.509021 POST /session/45cfdb12-ab9b-46d9-b6a9-00fc1d4cd0e7/element [4.92725ms] ERR:404 body={"strategy":"-android uiautomator","selector":"new UiSelector().textContains(\"No landmarks yet\")"}
14:02:19.527147 POST /session/45cfdb12-ab9b-46d9-b6a9-00fc1d4cd0e7/element [17.959917ms] ERR:404 body={"strategy":"-android uiautomator","selector":"new UiSelector().descriptionContains(\"No landmarks y...
14:02:19.543942 POST /session/45cfdb12-ab9b-46d9-b6a9-00fc1d4cd0e7/element [16.673458ms] ERR:404 body={"strategy":"-android uiautomator","selector":"new UiSelector().textMatches(\"(?is).*\\QNo landmarks...
14:02:19.558974 POST /session/45cfdb12-ab9b-46d9-b6a9-00fc1d4cd0e7/element [14.948875ms] ERR:404 body={"strategy":"-android uiautomator","selector":"new UiSelector().descriptionMatches(\"(?is).*\\QNo la...
14:02:19.574656 POST /session/45cfdb12-ab9b-46d9-b6a9-00fc1d4cd0e7/element [15.551917ms] ERR:404 body={"strategy":"-android uiautomator","selector":"new UiSelector().textContains(\"No landmarks yet\")"}
14:02:19.600469 POST /session/45cfdb12-ab9b-46d9-b6a9-00fc1d4cd0e7/element [25.638709ms] ERR:404 body={"strategy":"-android uiautomator","selector":"new UiSelector().descriptionContains(\"No landmarks y...
14:02:19.610639 POST /session/45cfdb12-ab9b-46d9-b6a9-00fc1d4cd0e7/element [10.082084ms] ERR:404 body={"strategy":"-android uiautomator","selector":"new UiSelector().textMatches(\"(?is).*\\QNo landmarks...
14:02:19.630334 POST /session/45cfdb12-ab9b-46d9-b6a9-00fc1d4cd0e7/element [19.568875ms] ERR:404 body={"strategy":"-android uiautomator","selector":"new UiSelector().descriptionMatches(\"(?is).*\\QNo la...
14:02:19.645340 POST /session/45cfdb12-ab9b-46d9-b6a9-00fc1d4cd0e7/element [14.90025ms] ERR:404 body={"strategy":"-android uiautomator","selector":"new UiSelector().textContains(\"No landmarks yet\")"}
14:02:19.662797 POST /session/45cfdb12-ab9b-46d9-b6a9-00fc1d4cd0e7/element [17.35875ms] ERR:404 body={"strategy":"-android uiautomator","selector":"new UiSelector().descriptionContains(\"No landmarks y...
14:02:19.688046 POST /session/45cfdb12-ab9b-46d9-b6a9-00fc1d4cd0e7/element [25.158209ms] ERR:404 body={"strategy":"-android uiautomator","selector":"new UiSelector().textMatches(\"(?is).*\\QNo landmarks...
14:02:19.712574 POST /session/45cfdb12-ab9b-46d9-b6a9-00fc1d4cd0e7/element [24.438583ms] ERR:404 body={"strategy":"-android uiautomator","selector":"new UiSelector().descriptionMatches(\"(?is).*\\QNo la...
14:02:19.729467 POST /session/45cfdb12-ab9b-46d9-b6a9-00fc1d4cd0e7/element [16.606042ms] ERR:404 body={"strategy":"-android uiautomator","selector":"new UiSelector().textContains(\"No landmarks yet\")"}
14:02:19.746055 POST /session/45cfdb12-ab9b-46d9-b6a9-00fc1d4cd0e7/element [16.402166ms] ERR:404 body={"strategy":"-android uiautomator","selector":"new UiSelector().descriptionContains(\"No landmarks y...
14:02:19.777211 POST /session/45cfdb12-ab9b-46d9-b6a9-00fc1d4cd0e7/element [30.94575ms] ERR:404 body={"strategy":"-android uiautomator","selector":"new UiSelector().textMatches(\"(?is).*\\QNo landmarks...
14:02:19.802026 POST /session/45cfdb12-ab9b-46d9-b6a9-00fc1d4cd0e7/element [24.703625ms] ERR:404 body={"strategy":"-android uiautomator","selector":"new UiSelector().descriptionMatches(\"(?is).*\\QNo la...
14:02:19.829304 GET /session/45cfdb12-ab9b-46d9-b6a9-00fc1d4cd0e7/source [25.566916ms] OK body=
14:02:19.842627 POST /session/45cfdb12-ab9b-46d9-b6a9-00fc1d4cd0e7/element [12.165458ms] ERR:404 body={"strategy":"-android uiautomator","selector":"new UiSelector().textContains(\"No landmarks yet\")"}
14:02:19.871652 POST /session/45cfdb12-ab9b-46d9-b6a9-00fc1d4cd0e7/element [28.881125ms] ERR:404 body={"strategy":"-android uiautomator","selector":"new UiSelector().descriptionContains(\"No landmarks y...
14:02:19.899285 POST /session/45cfdb12-ab9b-46d9-b6a9-00fc1d4cd0e7/element [27.458958ms] ERR:404 body={"strategy":"-android uiautomator","selector":"new UiSelector().textMatches(\"(?is).*\\QNo landmarks...
14:02:19.937364 POST /session/45cfdb12-ab9b-46d9-b6a9-00fc1d4cd0e7/element [37.931166ms] ERR:404 body={"strategy":"-android uiautomator","selector":"new UiSelector().descriptionMatches(\"(?is).*\\QNo la...
14:02:19.953365 POST /session/45cfdb12-ab9b-46d9-b6a9-00fc1d4cd0e7/element [15.887959ms] ERR:404 body={"strategy":"-android uiautomator","selector":"new UiSelector().textContains(\"No landmarks yet\")"}
14:02:19.964158 POST /session/45cfdb12-ab9b-46d9-b6a9-00fc1d4cd0e7/element [10.703625ms] ERR:404 body={"strategy":"-android uiautomator","selector":"new UiSelector().descriptionContains(\"No landmarks y...
14:02:19.991632 POST /session/45cfdb12-ab9b-46d9-b6a9-00fc1d4cd0e7/element [27.352167ms] ERR:404 body={"strategy":"-android uiautomator","selector":"new UiSelector().textMatches(\"(?is).*\\QNo landmarks...
14:02:20.000193 POST /session/45cfdb12-ab9b-46d9-b6a9-00fc1d4cd0e7/element [8.459917ms] ERR:404 body={"strategy":"-android uiautomator","selector":"new UiSelector().descriptionMatches(\"(?is).*\\QNo la...
14:02:20.065194 POST /session/45cfdb12-ab9b-46d9-b6a9-00fc1d4cd0e7/element [64.8805ms] ERR:404 body={"strategy":"-android uiautomator","selector":"new UiSelector().textContains(\"No landmarks yet\")"}
14:02:20.092584 POST /session/45cfdb12-ab9b-46d9-b6a9-00fc1d4cd0e7/element [27.26275ms] ERR:404 body={"strategy":"-android uiautomator","selector":"new UiSelector().descriptionContains(\"No landmarks y...
14:02:20.102203 POST /session/45cfdb12-ab9b-46d9-b6a9-00fc1d4cd0e7/element [9.437458ms] ERR:404 body={"strategy":"-android uiautomator","selector":"new UiSelector().textMatches(\"(?is).*\\QNo landmarks...
14:02:20.121652 POST /session/45cfdb12-ab9b-46d9-b6a9-00fc1d4cd0e7/element [19.33825ms] ERR:404 body={"strategy":"-android uiautomator","selector":"new UiSelector().descriptionMatches(\"(?is).*\\QNo la...
14:02:20.164769 POST /session/45cfdb12-ab9b-46d9-b6a9-00fc1d4cd0e7/element [42.929833ms] ERR:404 body={"strategy":"-android uiautomator","selector":"new UiSelector().textContains(\"No landmarks yet\")"}
14:02:20.176230 POST /session/45cfdb12-ab9b-46d9-b6a9-00fc1d4cd0e7/element [11.315583ms] ERR:404 body={"strategy":"-android uiautomator","selector":"new UiSelector().descriptionContains(\"No landmarks y...
14:02:20.203801 POST /session/45cfdb12-ab9b-46d9-b6a9-00fc1d4cd0e7/element [27.486375ms] ERR:404 body={"strategy":"-android uiautomator","selector":"new UiSelector().textMatches(\"(?is).*\\QNo landmarks...
14:02:20.221660 POST /session/45cfdb12-ab9b-46d9-b6a9-00fc1d4cd0e7/element [17.767916ms] ERR:404 body={"strategy":"-android uiautomator","selector":"new UiSelector().descriptionMatches(\"(?is).*\\QNo la...
14:02:20.252263 POST /session/45cfdb12-ab9b-46d9-b6a9-00fc1d4cd0e7/element [30.484375ms] ERR:404 body={"strategy":"-android uiautomator","selector":"new UiSelector().textContains(\"No landmarks yet\")"}
14:02:20.270243 POST /session/45cfdb12-ab9b-46d9-b6a9-00fc1d4cd0e7/element [17.891625ms] ERR:404 body={"strategy":"-android uiautomator","selector":"new UiSelector().descriptionContains(\"No landmarks y...
14:02:20.285745 POST /session/45cfdb12-ab9b-46d9-b6a9-00fc1d4cd0e7/element [15.402583ms] ERR:404 body={"strategy":"-android uiautomator","selector":"new UiSelector().textMatches(\"(?is).*\\QNo landmarks...
14:02:20.299361 POST /session/45cfdb12-ab9b-46d9-b6a9-00fc1d4cd0e7/element [13.526459ms] ERR:404 body={"strategy":"-android uiautomator","selector":"new UiSelector().descriptionMatches(\"(?is).*\\QNo la...
14:02:20.303723 POST /session/45cfdb12-ab9b-46d9-b6a9-00fc1d4cd0e7/element [4.278667ms] ERR:404 body={"strategy":"-android uiautomator","selector":"new UiSelector().textContains(\"No landmarks yet\")"}
14:02:20.322203 POST /session/45cfdb12-ab9b-46d9-b6a9-00fc1d4cd0e7/element [18.362791ms] ERR:404 body={"strategy":"-android uiautomator","selector":"new UiSelector().descriptionContains(\"No landmarks y...
14:02:20.354503 POST /session/45cfdb12-ab9b-46d9-b6a9-00fc1d4cd0e7/element [32.183792ms] ERR:404 body={"strategy":"-android uiautomator","selector":"new UiSelector().textMatches(\"(?is).*\\QNo landmarks...
14:02:20.376711 POST /session/45cfdb12-ab9b-46d9-b6a9-00fc1d4cd0e7/element [22.102542ms] ERR:404 body={"strategy":"-android uiautomator","selector":"new UiSelector().descriptionMatches(\"(?is).*\\QNo la...
14:02:20.391030 POST /session/45cfdb12-ab9b-46d9-b6a9-00fc1d4cd0e7/element [14.227ms] ERR:404 body={"strategy":"-android uiautomator","selector":"new UiSelector().textContains(\"No landmarks yet\")"}
14:02:20.405725 POST /session/45cfdb12-ab9b-46d9-b6a9-00fc1d4cd0e7/element [14.579584ms] ERR:404 body={"strategy":"-android uiautomator","selector":"new UiSelector().descriptionContains(\"No landmarks y...
14:02:20.422524 POST /session/45cfdb12-ab9b-46d9-b6a9-00fc1d4cd0e7/element [16.6955ms] ERR:404 body={"strategy":"-android uiautomator","selector":"new UiSelector().textMatches(\"(?is).*\\QNo landmarks...
14:02:20.445307 POST /session/45cfdb12-ab9b-46d9-b6a9-00fc1d4cd0e7/element [22.672417ms] ERR:404 body={"strategy":"-android uiautomator","selector":"new UiSelector().descriptionMatches(\"(?is).*\\QNo la...
14:02:20.459908 POST /session/45cfdb12-ab9b-46d9-b6a9-00fc1d4cd0e7/element [14.497625ms] ERR:404 body={"strategy":"-android uiautomator","selector":"new UiSelector().textContains(\"No landmarks yet\")"}
14:02:20.468875 POST /session/45cfdb12-ab9b-46d9-b6a9-00fc1d4cd0e7/element [8.856666ms] ERR:404 body={"strategy":"-android uiautomator","selector":"new UiSelector().descriptionContains(\"No landmarks y...
14:02:20.484668 POST /session/45cfdb12-ab9b-46d9-b6a9-00fc1d4cd0e7/element [15.70325ms] ERR:404 body={"strategy":"-android uiautomator","selector":"new UiSelector().textMatches(\"(?is).*\\QNo landmarks...
14:02:20.503806 POST /session/45cfdb12-ab9b-46d9-b6a9-00fc1d4cd0e7/element [17.272875ms] ERR:404 body={"strategy":"-android uiautomator","selector":"new UiSelector().descriptionMatches(\"(?is).*\\QNo la...
14:02:20.509729 POST /session/45cfdb12-ab9b-46d9-b6a9-00fc1d4cd0e7/element [5.836416ms] ERR:404 body={"strategy":"-android uiautomator","selector":"new UiSelector().textContains(\"No landmarks yet\")"}
14:02:20.523958 POST /session/45cfdb12-ab9b-46d9-b6a9-00fc1d4cd0e7/element [14.119333ms] ERR:404 body={"strategy":"-android uiautomator","selector":"new UiSelector().descriptionContains(\"No landmarks y...
14:02:20.544529 POST /session/45cfdb12-ab9b-46d9-b6a9-00fc1d4cd0e7/element [20.341209ms] ERR:404 body={"strategy":"-android uiautomator","selector":"new UiSelector().textMatches(\"(?is).*\\QNo landmarks...
14:02:20.564840 POST /session/45cfdb12-ab9b-46d9-b6a9-00fc1d4cd0e7/element [20.220792ms] ERR:404 body={"strategy":"-android uiautomator","selector":"new UiSelector().descriptionMatches(\"(?is).*\\QNo la...
14:02:20.579132 POST /session/45cfdb12-ab9b-46d9-b6a9-00fc1d4cd0e7/element [14.218917ms] ERR:404 body={"strategy":"-android uiautomator","selector":"new UiSelector().textContains(\"No landmarks yet\")"}
14:02:20.593513 POST /session/45cfdb12-ab9b-46d9-b6a9-00fc1d4cd0e7/element [14.28875ms] ERR:404 body={"strategy":"-android uiautomator","selector":"new UiSelector().descriptionContains(\"No landmarks y...
14:02:20.608371 POST /session/45cfdb12-ab9b-46d9-b6a9-00fc1d4cd0e7/element [14.757459ms] ERR:404 body={"strategy":"-android uiautomator","selector":"new UiSelector().textMatches(\"(?is).*\\QNo landmarks...
14:02:20.625335 POST /session/45cfdb12-ab9b-46d9-b6a9-00fc1d4cd0e7/element [16.879584ms] ERR:404 body={"strategy":"-android uiautomator","selector":"new UiSelector().descriptionMatches(\"(?is).*\\QNo la...
14:02:20.643463 POST /session/45cfdb12-ab9b-46d9-b6a9-00fc1d4cd0e7/element [18.03325ms] ERR:404 body={"strategy":"-android uiautomator","selector":"new UiSelector().textContains(\"No landmarks yet\")"}
14:02:20.657138 POST /session/45cfdb12-ab9b-46d9-b6a9-00fc1d4cd0e7/element [13.60125ms] ERR:404 body={"strategy":"-android uiautomator","selector":"new UiSelector().descriptionContains(\"No landmarks y...
14:02:20.662788 POST /session/45cfdb12-ab9b-46d9-b6a9-00fc1d4cd0e7/element [5.52225ms] ERR:404 body={"strategy":"-android uiautomator","selector":"new UiSelector().textMatches(\"(?is).*\\QNo landmarks...
14:02:20.679994 POST /session/45cfdb12-ab9b-46d9-b6a9-00fc1d4cd0e7/element [17.002667ms] ERR:404 body={"strategy":"-android uiautomator","selector":"new UiSelector().descriptionMatches(\"(?is).*\\QNo la...
14:02:20.697335 POST /session/45cfdb12-ab9b-46d9-b6a9-00fc1d4cd0e7/element [15.485584ms] ERR:404 body={"strategy":"-android uiautomator","selector":"new UiSelector().textContains(\"No landmarks yet\")"}
14:02:20.713149 POST /session/45cfdb12-ab9b-46d9-b6a9-00fc1d4cd0e7/element [15.692541ms] ERR:404 body={"strategy":"-android uiautomator","selector":"new UiSelector().descriptionContains(\"No landmarks y...
14:02:20.726647 POST /session/45cfdb12-ab9b-46d9-b6a9-00fc1d4cd0e7/element [13.369375ms] ERR:404 body={"strategy":"-android uiautomator","selector":"new UiSelector().textMatches(\"(?is).*\\QNo landmarks...
14:02:20.742101 POST /session/45cfdb12-ab9b-46d9-b6a9-00fc1d4cd0e7/element [15.375208ms] ERR:404 body={"strategy":"-android uiautomator","selector":"new UiSelector().descriptionMatches(\"(?is).*\\QNo la...
14:02:20.756648 POST /session/45cfdb12-ab9b-46d9-b6a9-00fc1d4cd0e7/element [14.466417ms] ERR:404 body={"strategy":"-android uiautomator","selector":"new UiSelector().textContains(\"No landmarks yet\")"}
14:02:20.763183 POST /session/45cfdb12-ab9b-46d9-b6a9-00fc1d4cd0e7/element [6.071791ms] ERR:404 body={"strategy":"-android uiautomator","selector":"new UiSelector().descriptionContains(\"No landmarks y...
14:02:20.778987 POST /session/45cfdb12-ab9b-46d9-b6a9-00fc1d4cd0e7/element [15.741542ms] ERR:404 body={"strategy":"-android uiautomator","selector":"new UiSelector().textMatches(\"(?is).*\\QNo landmarks...
14:02:20.784905 POST /session/45cfdb12-ab9b-46d9-b6a9-00fc1d4cd0e7/element [5.792542ms] ERR:404 body={"strategy":"-android uiautomator","selector":"new UiSelector().descriptionMatches(\"(?is).*\\QNo la...
14:02:20.794503 POST /session/45cfdb12-ab9b-46d9-b6a9-00fc1d4cd0e7/element [9.491542ms] ERR:404 body={"strategy":"-android uiautomator","selector":"new UiSelector().textContains(\"No landmarks yet\")"}
14:02:20.812152 POST /session/45cfdb12-ab9b-46d9-b6a9-00fc1d4cd0e7/element [17.518875ms] ERR:404 body={"strategy":"-android uiautomator","selector":"new UiSelector().descriptionContains(\"No landmarks y...
14:02:20.830381 POST /session/45cfdb12-ab9b-46d9-b6a9-00fc1d4cd0e7/element [18.114166ms] ERR:404 body={"strategy":"-android uiautomator","selector":"new UiSelector().textMatches(\"(?is).*\\QNo landmarks...
14:02:20.854546 POST /session/45cfdb12-ab9b-46d9-b6a9-00fc1d4cd0e7/element [24.078917ms] ERR:404 body={"strategy":"-android uiautomator","selector":"new UiSelector().descriptionMatches(\"(?is).*\\QNo la...
14:02:20.884161 GET /session/45cfdb12-ab9b-46d9-b6a9-00fc1d4cd0e7/source [29.404583ms] OK body=
14:02:20.902404 POST /session/45cfdb12-ab9b-46d9-b6a9-00fc1d4cd0e7/element [16.973125ms] ERR:404 body={"strategy":"-android uiautomator","selector":"new UiSelector().textContains(\"No landmarks yet\")"}
14:02:20.921123 POST /session/45cfdb12-ab9b-46d9-b6a9-00fc1d4cd0e7/element [18.596875ms] ERR:404 body={"strategy":"-android uiautomator","selector":"new UiSelector().descriptionContains(\"No landmarks y...
14:02:20.934123 POST /session/45cfdb12-ab9b-46d9-b6a9-00fc1d4cd0e7/element [12.826625ms] ERR:404 body={"strategy":"-android uiautomator","selector":"new UiSelector().textMatches(\"(?is).*\\QNo landmarks...
14:02:20.959341 POST /session/45cfdb12-ab9b-46d9-b6a9-00fc1d4cd0e7/element [25.089916ms] ERR:404 body={"strategy":"-android uiautomator","selector":"new UiSelector().descriptionMatches(\"(?is).*\\QNo la...
14:02:20.978746 POST /session/45cfdb12-ab9b-46d9-b6a9-00fc1d4cd0e7/element [19.262333ms] ERR:404 body={"strategy":"-android uiautomator","selector":"new UiSelector().textContains(\"No landmarks yet\")"}
14:02:20.993876 POST /session/45cfdb12-ab9b-46d9-b6a9-00fc1d4cd0e7/element [15.0345ms] ERR:404 body={"strategy":"-android uiautomator","selector":"new UiSelector().descriptionContains(\"No landmarks y...
14:02:21.011183 POST /session/45cfdb12-ab9b-46d9-b6a9-00fc1d4cd0e7/element [17.207542ms] ERR:404 body={"strategy":"-android uiautomator","selector":"new UiSelector().textMatches(\"(?is).*\\QNo landmarks...
14:02:21.023862 POST /session/45cfdb12-ab9b-46d9-b6a9-00fc1d4cd0e7/element [12.578083ms] ERR:404 body={"strategy":"-android uiautomator","selector":"new UiSelector().descriptionMatches(\"(?is).*\\QNo la...
14:02:21.038371 POST /session/45cfdb12-ab9b-46d9-b6a9-00fc1d4cd0e7/element [14.4135ms] ERR:404 body={"strategy":"-android uiautomator","selector":"new UiSelector().textContains(\"No landmarks yet\")"}
14:02:21.063181 POST /session/45cfdb12-ab9b-46d9-b6a9-00fc1d4cd0e7/element [24.714166ms] ERR:404 body={"strategy":"-android uiautomator","selector":"new UiSelector().descriptionContains(\"No landmarks y...
14:02:21.080033 POST /session/45cfdb12-ab9b-46d9-b6a9-00fc1d4cd0e7/element [16.762042ms] ERR:404 body={"strategy":"-android uiautomator","selector":"new UiSelector().textMatches(\"(?is).*\\QNo landmarks...
14:02:21.095168 POST /session/45cfdb12-ab9b-46d9-b6a9-00fc1d4cd0e7/element [15.017875ms] ERR:404 body={"strategy":"-android uiautomator","selector":"new UiSelector().descriptionMatches(\"(?is).*\\QNo la...
14:02:21.110311 POST /session/45cfdb12-ab9b-46d9-b6a9-00fc1d4cd0e7/element [15.03975ms] ERR:404 body={"strategy":"-android uiautomator","selector":"new UiSelector().textContains(\"No landmarks yet\")"}
14:02:21.126054 POST /session/45cfdb12-ab9b-46d9-b6a9-00fc1d4cd0e7/element [15.651375ms] ERR:404 body={"strategy":"-android uiautomator","selector":"new UiSelector().descriptionContains(\"No landmarks y...
14:02:21.138309 POST /session/45cfdb12-ab9b-46d9-b6a9-00fc1d4cd0e7/element [12.16225ms] ERR:404 body={"strategy":"-android uiautomator","selector":"new UiSelector().textMatches(\"(?is).*\\QNo landmarks...
14:02:21.158546 POST /session/45cfdb12-ab9b-46d9-b6a9-00fc1d4cd0e7/element [20.128875ms] ERR:404 body={"strategy":"-android uiautomator","selector":"new UiSelector().descriptionMatches(\"(?is).*\\QNo la...
14:02:21.173853 POST /session/45cfdb12-ab9b-46d9-b6a9-00fc1d4cd0e7/element [15.191292ms] ERR:404 body={"strategy":"-android uiautomator","selector":"new UiSelector().textContains(\"No landmarks yet\")"}
14:02:21.190618 POST /session/45cfdb12-ab9b-46d9-b6a9-00fc1d4cd0e7/element [16.628667ms] ERR:404 body={"strategy":"-android uiautomator","selector":"new UiSelector().descriptionContains(\"No landmarks y...
14:02:21.205975 POST /session/45cfdb12-ab9b-46d9-b6a9-00fc1d4cd0e7/element [15.222541ms] ERR:404 body={"strategy":"-android uiautomator","selector":"new UiSelector().textMatches(\"(?is).*\\QNo landmarks...
14:02:21.222935 POST /session/45cfdb12-ab9b-46d9-b6a9-00fc1d4cd0e7/element [16.852167ms] ERR:404 body={"strategy":"-android uiautomator","selector":"new UiSelector().descriptionMatches(\"(?is).*\\QNo la...
14:02:21.239431 POST /session/45cfdb12-ab9b-46d9-b6a9-00fc1d4cd0e7/element [16.370166ms] ERR:404 body={"strategy":"-android uiautomator","selector":"new UiSelector().textContains(\"No landmarks yet\")"}
14:02:21.261370 POST /session/45cfdb12-ab9b-46d9-b6a9-00fc1d4cd0e7/element [21.789292ms] ERR:404 body={"strategy":"-android uiautomator","selector":"new UiSelector().descriptionContains(\"No landmarks y...
14:02:21.270392 POST /session/45cfdb12-ab9b-46d9-b6a9-00fc1d4cd0e7/element [8.92675ms] ERR:404 body={"strategy":"-android uiautomator","selector":"new UiSelector().textMatches(\"(?is).*\\QNo landmarks...
14:02:21.287615 POST /session/45cfdb12-ab9b-46d9-b6a9-00fc1d4cd0e7/element [17.109042ms] ERR:404 body={"strategy":"-android uiautomator","selector":"new UiSelector().descriptionMatches(\"(?is).*\\QNo la...
14:02:21.296225 POST /session/45cfdb12-ab9b-46d9-b6a9-00fc1d4cd0e7/element [8.519041ms] ERR:404 body={"strategy":"-android uiautomator","selector":"new UiSelector().textContains(\"No landmarks yet\")"}
14:02:21.313593 POST /session/45cfdb12-ab9b-46d9-b6a9-00fc1d4cd0e7/element [17.226209ms] ERR:404 body={"strategy":"-android uiautomator","selector":"new UiSelector().descriptionContains(\"No landmarks y...
14:02:21.331230 POST /session/45cfdb12-ab9b-46d9-b6a9-00fc1d4cd0e7/element [17.474459ms] ERR:404 body={"strategy":"-android uiautomator","selector":"new UiSelector().textMatches(\"(?is).*\\QNo landmarks...
14:02:21.350273 POST /session/45cfdb12-ab9b-46d9-b6a9-00fc1d4cd0e7/element [18.912541ms] ERR:404 body={"strategy":"-android uiautomator","selector":"new UiSelector().descriptionMatches(\"(?is).*\\QNo la...
14:02:21.367998 POST /session/45cfdb12-ab9b-46d9-b6a9-00fc1d4cd0e7/element [17.615625ms] ERR:404 body={"strategy":"-android uiautomator","selector":"new UiSelector().textContains(\"No landmarks yet\")"}
14:02:21.372621 POST /session/45cfdb12-ab9b-46d9-b6a9-00fc1d4cd0e7/element [4.539167ms] ERR:404 body={"strategy":"-android uiautomator","selector":"new UiSelector().descriptionContains(\"No landmarks y...
14:02:21.378219 POST /session/45cfdb12-ab9b-46d9-b6a9-00fc1d4cd0e7/element [5.524791ms] ERR:404 body={"strategy":"-android uiautomator","selector":"new UiSelector().textMatches(\"(?is).*\\QNo landmarks...
14:02:21.392015 POST /session/45cfdb12-ab9b-46d9-b6a9-00fc1d4cd0e7/element [13.711958ms] ERR:404 body={"strategy":"-android uiautomator","selector":"new UiSelector().descriptionMatches(\"(?is).*\\QNo la...
14:02:21.397307 POST /session/45cfdb12-ab9b-46d9-b6a9-00fc1d4cd0e7/element [4.984084ms] ERR:404 body={"strategy":"-android uiautomator","selector":"new UiSelector().textContains(\"No landmarks yet\")"}
14:02:21.410198 POST /session/45cfdb12-ab9b-46d9-b6a9-00fc1d4cd0e7/element [12.800834ms] ERR:404 body={"strategy":"-android uiautomator","selector":"new UiSelector().descriptionContains(\"No landmarks y...
14:02:21.428079 POST /session/45cfdb12-ab9b-46d9-b6a9-00fc1d4cd0e7/element [17.788125ms] ERR:404 body={"strategy":"-android uiautomator","selector":"new UiSelector().textMatches(\"(?is).*\\QNo landmarks...
14:02:21.441080 POST /session/45cfdb12-ab9b-46d9-b6a9-00fc1d4cd0e7/element [12.913125ms] ERR:404 body={"strategy":"-android uiautomator","selector":"new UiSelector().descriptionMatches(\"(?is).*\\QNo la...
14:02:21.455940 POST /session/45cfdb12-ab9b-46d9-b6a9-00fc1d4cd0e7/element [14.790458ms] ERR:404 body={"strategy":"-android uiautomator","selector":"new UiSelector().textContains(\"No landmarks yet\")"}
14:02:21.462044 POST /session/45cfdb12-ab9b-46d9-b6a9-00fc1d4cd0e7/element [5.988417ms] ERR:404 body={"strategy":"-android uiautomator","selector":"new UiSelector().descriptionContains(\"No landmarks y...
14:02:21.477837 POST /session/45cfdb12-ab9b-46d9-b6a9-00fc1d4cd0e7/element [15.649791ms] ERR:404 body={"strategy":"-android uiautomator","selector":"new UiSelector().textMatches(\"(?is).*\\QNo landmarks...
14:02:21.486215 POST /session/45cfdb12-ab9b-46d9-b6a9-00fc1d4cd0e7/element [8.240583ms] ERR:404 body={"strategy":"-android uiautomator","selector":"new UiSelector().descriptionMatches(\"(?is).*\\QNo la...
14:02:21.499830 POST /session/45cfdb12-ab9b-46d9-b6a9-00fc1d4cd0e7/element [13.5245ms] ERR:404 body={"strategy":"-android uiautomator","selector":"new UiSelector().textContains(\"No landmarks yet\")"}
14:02:21.515437 POST /session/45cfdb12-ab9b-46d9-b6a9-00fc1d4cd0e7/element [15.496334ms] ERR:404 body={"strategy":"-android uiautomator","selector":"new UiSelector().descriptionContains(\"No landmarks y...
14:02:21.530851 POST /session/45cfdb12-ab9b-46d9-b6a9-00fc1d4cd0e7/element [15.320625ms] ERR:404 body={"strategy":"-android uiautomator","selector":"new UiSelector().textMatches(\"(?is).*\\QNo landmarks...
14:02:21.543922 POST /session/45cfdb12-ab9b-46d9-b6a9-00fc1d4cd0e7/element [12.981792ms] ERR:404 body={"strategy":"-android uiautomator","selector":"new UiSelector().descriptionMatches(\"(?is).*\\QNo la...
14:02:21.564582 POST /session/45cfdb12-ab9b-46d9-b6a9-00fc1d4cd0e7/element [20.52625ms] ERR:404 body={"strategy":"-android uiautomator","selector":"new UiSelector().textContains(\"No landmarks yet\")"}
14:02:21.579484 POST /session/45cfdb12-ab9b-46d9-b6a9-00fc1d4cd0e7/element [14.787125ms] ERR:404 body={"strategy":"-android uiautomator","selector":"new UiSelector().descriptionContains(\"No landmarks y...
14:02:21.586293 POST /session/45cfdb12-ab9b-46d9-b6a9-00fc1d4cd0e7/element [6.714416ms] ERR:404 body={"strategy":"-android uiautomator","selector":"new UiSelector().textMatches(\"(?is).*\\QNo landmarks...
14:02:21.599933 POST /session/45cfdb12-ab9b-46d9-b6a9-00fc1d4cd0e7/element [13.569709ms] ERR:404 body={"strategy":"-android uiautomator","selector":"new UiSelector().descriptionMatches(\"(?is).*\\QNo la...
14:02:21.615126 POST /session/45cfdb12-ab9b-46d9-b6a9-00fc1d4cd0e7/element [15.107125ms] ERR:404 body={"strategy":"-android uiautomator","selector":"new UiSelector().textContains(\"No landmarks yet\")"}
14:02:21.625912 POST /session/45cfdb12-ab9b-46d9-b6a9-00fc1d4cd0e7/element [10.696458ms] ERR:404 body={"strategy":"-android uiautomator","selector":"new UiSelector().descriptionContains(\"No landmarks y...
14:02:21.639198 POST /session/45cfdb12-ab9b-46d9-b6a9-00fc1d4cd0e7/element [13.184625ms] ERR:404 body={"strategy":"-android uiautomator","selector":"new UiSelector().textMatches(\"(?is).*\\QNo landmarks...
14:02:21.653544 POST /session/45cfdb12-ab9b-46d9-b6a9-00fc1d4cd0e7/element [14.25975ms] ERR:404 body={"strategy":"-android uiautomator","selector":"new UiSelector().descriptionMatches(\"(?is).*\\QNo la...
14:02:21.665192 POST /session/45cfdb12-ab9b-46d9-b6a9-00fc1d4cd0e7/element [11.540292ms] ERR:404 body={"strategy":"-android uiautomator","selector":"new UiSelector().textContains(\"No landmarks yet\")"}
14:02:21.671195 POST /session/45cfdb12-ab9b-46d9-b6a9-00fc1d4cd0e7/element [5.88275ms] ERR:404 body={"strategy":"-android uiautomator","selector":"new UiSelector().descriptionContains(\"No landmarks y...
14:02:21.684888 POST /session/45cfdb12-ab9b-46d9-b6a9-00fc1d4cd0e7/element [13.565666ms] ERR:404 body={"strategy":"-android uiautomator","selector":"new UiSelector().textMatches(\"(?is).*\\QNo landmarks...
14:02:21.695966 POST /session/45cfdb12-ab9b-46d9-b6a9-00fc1d4cd0e7/element [10.949917ms] ERR:404 body={"strategy":"-android uiautomator","selector":"new UiSelector().descriptionMatches(\"(?is).*\\QNo la...
14:02:21.713461 POST /session/45cfdb12-ab9b-46d9-b6a9-00fc1d4cd0e7/element [17.414916ms] ERR:404 body={"strategy":"-android uiautomator","selector":"new UiSelector().textContains(\"No landmarks yet\")"}
14:02:21.726259 POST /session/45cfdb12-ab9b-46d9-b6a9-00fc1d4cd0e7/element [12.702041ms] ERR:404 body={"strategy":"-android uiautomator","selector":"new UiSelector().descriptionContains(\"No landmarks y...
14:02:21.740737 POST /session/45cfdb12-ab9b-46d9-b6a9-00fc1d4cd0e7/element [14.3805ms] ERR:404 body={"strategy":"-android uiautomator","selector":"new UiSelector().textMatches(\"(?is).*\\QNo landmarks...
14:02:21.752225 POST /session/45cfdb12-ab9b-46d9-b6a9-00fc1d4cd0e7/element [11.408166ms] ERR:404 body={"strategy":"-android uiautomator","selector":"new UiSelector().descriptionMatches(\"(?is).*\\QNo la...
14:02:21.766781 POST /session/45cfdb12-ab9b-46d9-b6a9-00fc1d4cd0e7/element [14.449042ms] ERR:404 body={"strategy":"-android uiautomator","selector":"new UiSelector().textContains(\"No landmarks yet\")"}
14:02:21.783107 POST /session/45cfdb12-ab9b-46d9-b6a9-00fc1d4cd0e7/element [16.24975ms] ERR:404 body={"strategy":"-android uiautomator","selector":"new UiSelector().descriptionContains(\"No landmarks y...
14:02:21.790491 POST /session/45cfdb12-ab9b-46d9-b6a9-00fc1d4cd0e7/element [7.298875ms] ERR:404 body={"strategy":"-android uiautomator","selector":"new UiSelector().textMatches(\"(?is).*\\QNo landmarks...
14:02:21.807709 POST /session/45cfdb12-ab9b-46d9-b6a9-00fc1d4cd0e7/element [17.109583ms] ERR:404 body={"strategy":"-android uiautomator","selector":"new UiSelector().descriptionMatches(\"(?is).*\\QNo la...
14:02:21.823729 POST /session/45cfdb12-ab9b-46d9-b6a9-00fc1d4cd0e7/element [15.930542ms] ERR:404 body={"strategy":"-android uiautomator","selector":"new UiSelector().textContains(\"No landmarks yet\")"}
14:02:21.836398 POST /session/45cfdb12-ab9b-46d9-b6a9-00fc1d4cd0e7/element [12.573792ms] ERR:404 body={"strategy":"-android uiautomator","selector":"new UiSelector().descriptionContains(\"No landmarks y...
14:02:21.854777 POST /session/45cfdb12-ab9b-46d9-b6a9-00fc1d4cd0e7/element [18.270958ms] ERR:404 body={"strategy":"-android uiautomator","selector":"new UiSelector().textMatches(\"(?is).*\\QNo landmarks...
14:02:21.868802 POST /session/45cfdb12-ab9b-46d9-b6a9-00fc1d4cd0e7/element [13.915416ms] ERR:404 body={"strategy":"-android uiautomator","selector":"new UiSelector().descriptionMatches(\"(?is).*\\QNo la...
14:02:21.882578 POST /session/45cfdb12-ab9b-46d9-b6a9-00fc1d4cd0e7/element [13.671708ms] ERR:404 body={"strategy":"-android uiautomator","selector":"new UiSelector().textContains(\"No landmarks yet\")"}
14:02:21.901348 POST /session/45cfdb12-ab9b-46d9-b6a9-00fc1d4cd0e7/element [18.674875ms] ERR:404 body={"strategy":"-android uiautomator","selector":"new UiSelector().descriptionContains(\"No landmarks y...
14:02:21.911291 POST /session/45cfdb12-ab9b-46d9-b6a9-00fc1d4cd0e7/element [9.827ms] ERR:404 body={"strategy":"-android uiautomator","selector":"new UiSelector().textMatches(\"(?is).*\\QNo landmarks...
14:02:21.922054 POST /session/45cfdb12-ab9b-46d9-b6a9-00fc1d4cd0e7/element [10.678959ms] ERR:404 body={"strategy":"-android uiautomator","selector":"new UiSelector().descriptionMatches(\"(?is).*\\QNo la...
14:02:21.947225 GET /session/45cfdb12-ab9b-46d9-b6a9-00fc1d4cd0e7/source [24.347291ms] OK body=
14:02:21.966407 POST /session/45cfdb12-ab9b-46d9-b6a9-00fc1d4cd0e7/element [18.030291ms] ERR:404 body={"strategy":"-android uiautomator","selector":"new UiSelector().textContains(\"No landmarks yet\")"}
14:02:21.980766 POST /session/45cfdb12-ab9b-46d9-b6a9-00fc1d4cd0e7/element [13.914375ms] ERR:404 body={"strategy":"-android uiautomator","selector":"new UiSelector().descriptionContains(\"No landmarks y...
14:02:21.995343 POST /session/45cfdb12-ab9b-46d9-b6a9-00fc1d4cd0e7/element [14.500792ms] ERR:404 body={"strategy":"-android uiautomator","selector":"new UiSelector().textMatches(\"(?is).*\\QNo landmarks...
14:02:22.012278 POST /session/45cfdb12-ab9b-46d9-b6a9-00fc1d4cd0e7/element [16.819417ms] ERR:404 body={"strategy":"-android uiautomator","selector":"new UiSelector().descriptionMatches(\"(?is).*\\QNo la...
14:02:22.018555 POST /session/45cfdb12-ab9b-46d9-b6a9-00fc1d4cd0e7/element [6.169875ms] ERR:404 body={"strategy":"-android uiautomator","selector":"new UiSelector().textContains(\"No landmarks yet\")"}
14:02:22.029846 POST /session/45cfdb12-ab9b-46d9-b6a9-00fc1d4cd0e7/element [11.21725ms] ERR:404 body={"strategy":"-android uiautomator","selector":"new UiSelector().descriptionContains(\"No landmarks y...
14:02:22.057509 POST /session/45cfdb12-ab9b-46d9-b6a9-00fc1d4cd0e7/element [24.70425ms] ERR:404 body={"strategy":"-android uiautomator","selector":"new UiSelector().textMatches(\"(?is).*\\QNo landmarks...
14:02:22.063936 POST /session/45cfdb12-ab9b-46d9-b6a9-00fc1d4cd0e7/element [6.197667ms] ERR:404 body={"strategy":"-android uiautomator","selector":"new UiSelector().descriptionMatches(\"(?is).*\\QNo la...
14:02:22.079547 POST /session/45cfdb12-ab9b-46d9-b6a9-00fc1d4cd0e7/element [15.520791ms] ERR:404 body={"strategy":"-android uiautomator","selector":"new UiSelector().textContains(\"No landmarks yet\")"}
14:02:22.091477 POST /session/45cfdb12-ab9b-46d9-b6a9-00fc1d4cd0e7/element [11.829041ms] ERR:404 body={"strategy":"-android uiautomator","selector":"new UiSelector().descriptionContains(\"No landmarks y...
14:02:22.106977 POST /session/45cfdb12-ab9b-46d9-b6a9-00fc1d4cd0e7/element [15.417459ms] ERR:404 body={"strategy":"-android uiautomator","selector":"new UiSelector().textMatches(\"(?is).*\\QNo landmarks...
14:02:22.123370 POST /session/45cfdb12-ab9b-46d9-b6a9-00fc1d4cd0e7/element [16.296792ms] ERR:404 body={"strategy":"-android uiautomator","selector":"new UiSelector().descriptionMatches(\"(?is).*\\QNo la...
14:02:22.141651 POST /session/45cfdb12-ab9b-46d9-b6a9-00fc1d4cd0e7/element [18.175459ms] ERR:404 body={"strategy":"-android uiautomator","selector":"new UiSelector().textContains(\"No landmarks yet\")"}
14:02:22.156194 POST /session/45cfdb12-ab9b-46d9-b6a9-00fc1d4cd0e7/element [14.401625ms] ERR:404 body={"strategy":"-android uiautomator","selector":"new UiSelector().descriptionContains(\"No landmarks y...
14:02:22.170197 POST /session/45cfdb12-ab9b-46d9-b6a9-00fc1d4cd0e7/element [13.930417ms] ERR:404 body={"strategy":"-android uiautomator","selector":"new UiSelector().textMatches(\"(?is).*\\QNo landmarks...
14:02:22.178352 POST /session/45cfdb12-ab9b-46d9-b6a9-00fc1d4cd0e7/element [8.066625ms] ERR:404 body={"strategy":"-android uiautomator","selector":"new UiSelector().descriptionMatches(\"(?is).*\\QNo la...
14:02:22.192294 POST /session/45cfdb12-ab9b-46d9-b6a9-00fc1d4cd0e7/element [13.854208ms] ERR:404 body={"strategy":"-android uiautomator","selector":"new UiSelector().textContains(\"No landmarks yet\")"}
14:02:22.207307 POST /session/45cfdb12-ab9b-46d9-b6a9-00fc1d4cd0e7/element [14.67225ms] ERR:404 body={"strategy":"-android uiautomator","selector":"new UiSelector().descriptionContains(\"No landmarks y...
14:02:22.224432 POST /session/45cfdb12-ab9b-46d9-b6a9-00fc1d4cd0e7/element [17.018167ms] ERR:404 body={"strategy":"-android uiautomator","selector":"new UiSelector().textMatches(\"(?is).*\\QNo landmarks...
14:02:22.242313 POST /session/45cfdb12-ab9b-46d9-b6a9-00fc1d4cd0e7/element [17.788167ms] ERR:404 body={"strategy":"-android uiautomator","selector":"new UiSelector().descriptionMatches(\"(?is).*\\QNo la...
14:02:22.259027 POST /session/45cfdb12-ab9b-46d9-b6a9-00fc1d4cd0e7/element [16.606459ms] ERR:404 body={"strategy":"-android uiautomator","selector":"new UiSelector().textContains(\"No landmarks yet\")"}
14:02:22.271255 POST /session/45cfdb12-ab9b-46d9-b6a9-00fc1d4cd0e7/element [12.131958ms] ERR:404 body={"strategy":"-android uiautomator","selector":"new UiSelector().descriptionContains(\"No landmarks y...
14:02:22.289145 POST /session/45cfdb12-ab9b-46d9-b6a9-00fc1d4cd0e7/element [17.803ms] ERR:404 body={"strategy":"-android uiautomator","selector":"new UiSelector().textMatches(\"(?is).*\\QNo landmarks...
14:02:22.303784 POST /session/45cfdb12-ab9b-46d9-b6a9-00fc1d4cd0e7/element [14.566333ms] ERR:404 body={"strategy":"-android uiautomator","selector":"new UiSelector().descriptionMatches(\"(?is).*\\QNo la...
14:02:22.314439 POST /session/45cfdb12-ab9b-46d9-b6a9-00fc1d4cd0e7/element [10.565417ms] ERR:404 body={"strategy":"-android uiautomator","selector":"new UiSelector().textContains(\"No landmarks yet\")"}
14:02:22.329145 POST /session/45cfdb12-ab9b-46d9-b6a9-00fc1d4cd0e7/element [14.574541ms] ERR:404 body={"strategy":"-android uiautomator","selector":"new UiSelector().descriptionContains(\"No landmarks y...
14:02:22.341619 POST /session/45cfdb12-ab9b-46d9-b6a9-00fc1d4cd0e7/element [12.327167ms] ERR:404 body={"strategy":"-android uiautomator","selector":"new UiSelector().textMatches(\"(?is).*\\QNo landmarks...
14:02:22.355634 POST /session/45cfdb12-ab9b-46d9-b6a9-00fc1d4cd0e7/element [13.936916ms] ERR:404 body={"strategy":"-android uiautomator","selector":"new UiSelector().descriptionMatches(\"(?is).*\\QNo la...
14:02:22.372035 POST /session/45cfdb12-ab9b-46d9-b6a9-00fc1d4cd0e7/element [16.347208ms] ERR:404 body={"strategy":"-android uiautomator","selector":"new UiSelector().textContains(\"No landmarks yet\")"}
14:02:22.386947 POST /session/45cfdb12-ab9b-46d9-b6a9-00fc1d4cd0e7/element [14.718916ms] ERR:404 body={"strategy":"-android uiautomator","selector":"new UiSelector().descriptionContains(\"No landmarks y...
14:02:22.399881 POST /session/45cfdb12-ab9b-46d9-b6a9-00fc1d4cd0e7/element [12.752875ms] ERR:404 body={"strategy":"-android uiautomator","selector":"new UiSelector().textMatches(\"(?is).*\\QNo landmarks...
14:02:22.415178 POST /session/45cfdb12-ab9b-46d9-b6a9-00fc1d4cd0e7/element [15.204708ms] ERR:404 body={"strategy":"-android uiautomator","selector":"new UiSelector().descriptionMatches(\"(?is).*\\QNo la...
14:02:22.427623 POST /session/45cfdb12-ab9b-46d9-b6a9-00fc1d4cd0e7/element [12.370666ms] ERR:404 body={"strategy":"-android uiautomator","selector":"new UiSelector().textContains(\"No landmarks yet\")"}
14:02:22.443281 POST /session/45cfdb12-ab9b-46d9-b6a9-00fc1d4cd0e7/element [15.52775ms] ERR:404 body={"strategy":"-android uiautomator","selector":"new UiSelector().descriptionContains(\"No landmarks y...
14:02:22.456365 POST /session/45cfdb12-ab9b-46d9-b6a9-00fc1d4cd0e7/element [12.948417ms] ERR:404 body={"strategy":"-android uiautomator","selector":"new UiSelector().textMatches(\"(?is).*\\QNo landmarks...
14:02:22.471333 POST /session/45cfdb12-ab9b-46d9-b6a9-00fc1d4cd0e7/element [14.84075ms] ERR:404 body={"strategy":"-android uiautomator","selector":"new UiSelector().descriptionMatches(\"(?is).*\\QNo la...
14:02:22.478416 POST /session/45cfdb12-ab9b-46d9-b6a9-00fc1d4cd0e7/element [6.963ms] ERR:404 body={"strategy":"-android uiautomator","selector":"new UiSelector().textContains(\"No landmarks yet\")"}
14:02:22.496355 POST /session/45cfdb12-ab9b-46d9-b6a9-00fc1d4cd0e7/element [17.846833ms] ERR:404 body={"strategy":"-android uiautomator","selector":"new UiSelector().descriptionContains(\"No landmarks y...
14:02:22.510970 POST /session/45cfdb12-ab9b-46d9-b6a9-00fc1d4cd0e7/element [14.522458ms] ERR:404 body={"strategy":"-android uiautomator","selector":"new UiSelector().textMatches(\"(?is).*\\QNo landmarks...
14:02:22.528067 POST /session/45cfdb12-ab9b-46d9-b6a9-00fc1d4cd0e7/element [17.008917ms] ERR:404 body={"strategy":"-android uiautomator","selector":"new UiSelector().descriptionMatches(\"(?is).*\\QNo la...
14:02:22.538427 POST /session/45cfdb12-ab9b-46d9-b6a9-00fc1d4cd0e7/element [10.278791ms] ERR:404 body={"strategy":"-android uiautomator","selector":"new UiSelector().textContains(\"No landmarks yet\")"}
14:02:22.549594 POST /session/45cfdb12-ab9b-46d9-b6a9-00fc1d4cd0e7/element [11.0845ms] ERR:404 body={"strategy":"-android uiautomator","selector":"new UiSelector().descriptionContains(\"No landmarks y...
14:02:22.562021 POST /session/45cfdb12-ab9b-46d9-b6a9-00fc1d4cd0e7/element [12.330417ms] ERR:404 body={"strategy":"-android uiautomator","selector":"new UiSelector().textMatches(\"(?is).*\\QNo landmarks...
14:02:22.575132 POST /session/45cfdb12-ab9b-46d9-b6a9-00fc1d4cd0e7/element [13.025541ms] ERR:404 body={"strategy":"-android uiautomator","selector":"new UiSelector().descriptionMatches(\"(?is).*\\QNo la...
14:02:22.586024 POST /session/45cfdb12-ab9b-46d9-b6a9-00fc1d4cd0e7/element [10.669208ms] ERR:404 body={"strategy":"-android uiautomator","selector":"new UiSelector().textContains(\"No landmarks yet\")"}
14:02:22.605600 POST /session/45cfdb12-ab9b-46d9-b6a9-00fc1d4cd0e7/element [19.459ms] ERR:404 body={"strategy":"-android uiautomator","selector":"new UiSelector().descriptionContains(\"No landmarks y...
14:02:22.622662 POST /session/45cfdb12-ab9b-46d9-b6a9-00fc1d4cd0e7/element [16.949791ms] ERR:404 body={"strategy":"-android uiautomator","selector":"new UiSelector().textMatches(\"(?is).*\\QNo landmarks...
14:02:22.627531 POST /session/45cfdb12-ab9b-46d9-b6a9-00fc1d4cd0e7/element [4.796167ms] ERR:404 body={"strategy":"-android uiautomator","selector":"new UiSelector().descriptionMatches(\"(?is).*\\QNo la...
14:02:22.646059 POST /session/45cfdb12-ab9b-46d9-b6a9-00fc1d4cd0e7/element [18.4265ms] ERR:404 body={"strategy":"-android uiautomator","selector":"new UiSelector().textContains(\"No landmarks yet\")"}
14:02:22.654066 POST /session/45cfdb12-ab9b-46d9-b6a9-00fc1d4cd0e7/element [7.924916ms] ERR:404 body={"strategy":"-android uiautomator","selector":"new UiSelector().descriptionContains(\"No landmarks y...
14:02:22.665802 POST /session/45cfdb12-ab9b-46d9-b6a9-00fc1d4cd0e7/element [11.6455ms] ERR:404 body={"strategy":"-android uiautomator","selector":"new UiSelector().textMatches(\"(?is).*\\QNo landmarks...
14:02:22.673913 POST /session/45cfdb12-ab9b-46d9-b6a9-00fc1d4cd0e7/element [8.034584ms] ERR:404 body={"strategy":"-android uiautomator","selector":"new UiSelector().descriptionMatches(\"(?is).*\\QNo la...
14:02:22.686487 POST /session/45cfdb12-ab9b-46d9-b6a9-00fc1d4cd0e7/element [12.524916ms] ERR:404 body={"strategy":"-android uiautomator","selector":"new UiSelector().textContains(\"No landmarks yet\")"}
14:02:22.691326 POST /session/45cfdb12-ab9b-46d9-b6a9-00fc1d4cd0e7/element [4.754416ms] ERR:404 body={"strategy":"-android uiautomator","selector":"new UiSelector().descriptionContains(\"No landmarks y...
14:02:22.704867 POST /session/45cfdb12-ab9b-46d9-b6a9-00fc1d4cd0e7/element [13.164291ms] ERR:404 body={"strategy":"-android uiautomator","selector":"new UiSelector().textMatches(\"(?is).*\\QNo landmarks...
14:02:22.710534 POST /session/45cfdb12-ab9b-46d9-b6a9-00fc1d4cd0e7/element [5.58075ms] ERR:404 body={"strategy":"-android uiautomator","selector":"new UiSelector().descriptionMatches(\"(?is).*\\QNo la...
14:02:22.719021 POST /session/45cfdb12-ab9b-46d9-b6a9-00fc1d4cd0e7/element [8.379417ms] ERR:404 body={"strategy":"-android uiautomator","selector":"new UiSelector().textContains(\"No landmarks yet\")"}
14:02:22.732516 POST /session/45cfdb12-ab9b-46d9-b6a9-00fc1d4cd0e7/element [13.389541ms] ERR:404 body={"strategy":"-android uiautomator","selector":"new UiSelector().descriptionContains(\"No landmarks y...
14:02:22.738224 POST /session/45cfdb12-ab9b-46d9-b6a9-00fc1d4cd0e7/element [5.561375ms] ERR:404 body={"strategy":"-android uiautomator","selector":"new UiSelector().textMatches(\"(?is).*\\QNo landmarks...
14:02:22.752604 POST /session/45cfdb12-ab9b-46d9-b6a9-00fc1d4cd0e7/element [14.271959ms] ERR:404 body={"strategy":"-android uiautomator","selector":"new UiSelector().descriptionMatches(\"(?is).*\\QNo la...
14:02:22.760773 POST /session/45cfdb12-ab9b-46d9-b6a9-00fc1d4cd0e7/element [8.090541ms] ERR:404 body={"strategy":"-android uiautomator","selector":"new UiSelector().textContains(\"No landmarks yet\")"}
14:02:22.775027 POST /session/45cfdb12-ab9b-46d9-b6a9-00fc1d4cd0e7/element [14.178208ms] ERR:404 body={"strategy":"-android uiautomator","selector":"new UiSelector().descriptionContains(\"No landmarks y...
14:02:22.780198 POST /session/45cfdb12-ab9b-46d9-b6a9-00fc1d4cd0e7/element [5.033917ms] ERR:404 body={"strategy":"-android uiautomator","selector":"new UiSelector().textMatches(\"(?is).*\\QNo landmarks...
14:02:22.793522 POST /session/45cfdb12-ab9b-46d9-b6a9-00fc1d4cd0e7/element [13.21525ms] ERR:404 body={"strategy":"-android uiautomator","selector":"new UiSelector().descriptionMatches(\"(?is).*\\QNo la...
14:02:22.805675 POST /session/45cfdb12-ab9b-46d9-b6a9-00fc1d4cd0e7/element [12.057834ms] ERR:404 body={"strategy":"-android uiautomator","selector":"new UiSelector().textContains(\"No landmarks yet\")"}
14:02:22.819083 POST /session/45cfdb12-ab9b-46d9-b6a9-00fc1d4cd0e7/element [13.325416ms] ERR:404 body={"strategy":"-android uiautomator","selector":"new UiSelector().descriptionContains(\"No landmarks y...
14:02:22.828135 POST /session/45cfdb12-ab9b-46d9-b6a9-00fc1d4cd0e7/element [8.933042ms] ERR:404 body={"strategy":"-android uiautomator","selector":"new UiSelector().textMatches(\"(?is).*\\QNo landmarks...
14:02:22.841130 POST /session/45cfdb12-ab9b-46d9-b6a9-00fc1d4cd0e7/element [12.918375ms] ERR:404 body={"strategy":"-android uiautomator","selector":"new UiSelector().descriptionMatches(\"(?is).*\\QNo la...
14:02:22.846599 POST /session/45cfdb12-ab9b-46d9-b6a9-00fc1d4cd0e7/element [5.354667ms] ERR:404 body={"strategy":"-android uiautomator","selector":"new UiSelector().textContains(\"No landmarks yet\")"}
14:02:22.861082 POST /session/45cfdb12-ab9b-46d9-b6a9-00fc1d4cd0e7/element [14.361833ms] ERR:404 body={"strategy":"-android uiautomator","selector":"new UiSelector().descriptionContains(\"No landmarks y...
14:02:22.869058 POST /session/45cfdb12-ab9b-46d9-b6a9-00fc1d4cd0e7/element [7.80425ms] ERR:404 body={"strategy":"-android uiautomator","selector":"new UiSelector().textMatches(\"(?is).*\\QNo landmarks...
14:02:22.880388 POST /session/45cfdb12-ab9b-46d9-b6a9-00fc1d4cd0e7/element [11.259917ms] ERR:404 body={"strategy":"-android uiautomator","selector":"new UiSelector().descriptionMatches(\"(?is).*\\QNo la...
14:02:22.885653 POST /session/45cfdb12-ab9b-46d9-b6a9-00fc1d4cd0e7/element [5.162875ms] ERR:404 body={"strategy":"-android uiautomator","selector":"new UiSelector().textContains(\"No landmarks yet\")"}
14:02:22.894824 POST /session/45cfdb12-ab9b-46d9-b6a9-00fc1d4cd0e7/element [9.095375ms] ERR:404 body={"strategy":"-android uiautomator","selector":"new UiSelector().descriptionContains(\"No landmarks y...
14:02:22.911917 POST /session/45cfdb12-ab9b-46d9-b6a9-00fc1d4cd0e7/element [17.025792ms] ERR:404 body={"strategy":"-android uiautomator","selector":"new UiSelector().textMatches(\"(?is).*\\QNo landmarks...
14:02:22.929686 POST /session/45cfdb12-ab9b-46d9-b6a9-00fc1d4cd0e7/element [17.684833ms] ERR:404 body={"strategy":"-android uiautomator","selector":"new UiSelector().descriptionMatches(\"(?is).*\\QNo la...
14:02:22.941661 POST /session/45cfdb12-ab9b-46d9-b6a9-00fc1d4cd0e7/element [11.876666ms] ERR:404 body={"strategy":"-android uiautomator","selector":"new UiSelector().textContains(\"No landmarks yet\")"}
14:02:22.954287 POST /session/45cfdb12-ab9b-46d9-b6a9-00fc1d4cd0e7/element [12.539083ms] ERR:404 body={"strategy":"-android uiautomator","selector":"new UiSelector().descriptionContains(\"No landmarks y...
14:02:22.972301 POST /session/45cfdb12-ab9b-46d9-b6a9-00fc1d4cd0e7/element [17.922958ms] ERR:404 body={"strategy":"-android uiautomator","selector":"new UiSelector().textMatches(\"(?is).*\\QNo landmarks...
14:02:22.987797 POST /session/45cfdb12-ab9b-46d9-b6a9-00fc1d4cd0e7/element [15.391709ms] ERR:404 body={"strategy":"-android uiautomator","selector":"new UiSelector().descriptionMatches(\"(?is).*\\QNo la...
14:02:23.008506 GET /session/45cfdb12-ab9b-46d9-b6a9-00fc1d4cd0e7/source [20.5085ms] OK body=
14:02:23.014920 POST /session/45cfdb12-ab9b-46d9-b6a9-00fc1d4cd0e7/element [5.146125ms] ERR:404 body={"strategy":"-android uiautomator","selector":"new UiSelector().textContains(\"No landmarks yet\")"}
14:02:23.026064 POST /session/45cfdb12-ab9b-46d9-b6a9-00fc1d4cd0e7/element [11.046792ms] ERR:404 body={"strategy":"-android uiautomator","selector":"new UiSelector().descriptionContains(\"No landmarks y...
14:02:23.039487 POST /session/45cfdb12-ab9b-46d9-b6a9-00fc1d4cd0e7/element [13.337875ms] ERR:404 body={"strategy":"-android uiautomator","selector":"new UiSelector().textMatches(\"(?is).*\\QNo landmarks...
14:02:23.052325 POST /session/45cfdb12-ab9b-46d9-b6a9-00fc1d4cd0e7/element [12.725625ms] ERR:404 body={"strategy":"-android uiautomator","selector":"new UiSelector().descriptionMatches(\"(?is).*\\QNo la...
14:02:23.060484 POST /session/45cfdb12-ab9b-46d9-b6a9-00fc1d4cd0e7/element [8.079875ms] ERR:404 body={"strategy":"-android uiautomator","selector":"new UiSelector().textContains(\"No landmarks yet\")"}
14:02:23.072704 POST /session/45cfdb12-ab9b-46d9-b6a9-00fc1d4cd0e7/element [12.105625ms] ERR:404 body={"strategy":"-android uiautomator","selector":"new UiSelector().descriptionContains(\"No landmarks y...
14:02:23.086127 POST /session/45cfdb12-ab9b-46d9-b6a9-00fc1d4cd0e7/element [13.351583ms] ERR:404 body={"strategy":"-android uiautomator","selector":"new UiSelector().textMatches(\"(?is).*\\QNo landmarks...
14:02:23.101633 POST /session/45cfdb12-ab9b-46d9-b6a9-00fc1d4cd0e7/element [15.440625ms] ERR:404 body={"strategy":"-android uiautomator","selector":"new UiSelector().descriptionMatches(\"(?is).*\\QNo la...
14:02:23.110945 POST /session/45cfdb12-ab9b-46d9-b6a9-00fc1d4cd0e7/element [9.200542ms] ERR:404 body={"strategy":"-android uiautomator","selector":"new UiSelector().textContains(\"No landmarks yet\")"}
14:02:23.125367 POST /session/45cfdb12-ab9b-46d9-b6a9-00fc1d4cd0e7/element [14.328208ms] ERR:404 body={"strategy":"-android uiautomator","selector":"new UiSelector().descriptionContains(\"No landmarks y...
14:02:23.137358 POST /session/45cfdb12-ab9b-46d9-b6a9-00fc1d4cd0e7/element [11.890792ms] ERR:404 body={"strategy":"-android uiautomator","selector":"new UiSelector().textMatches(\"(?is).*\\QNo landmarks...
14:02:23.152579 POST /session/45cfdb12-ab9b-46d9-b6a9-00fc1d4cd0e7/element [15.114709ms] ERR:404 body={"strategy":"-android uiautomator","selector":"new UiSelector().descriptionMatches(\"(?is).*\\QNo la...
14:02:23.169636 POST /session/45cfdb12-ab9b-46d9-b6a9-00fc1d4cd0e7/element [16.970084ms] ERR:404 body={"strategy":"-android uiautomator","selector":"new UiSelector().textContains(\"No landmarks yet\")"}
14:02:23.182506 POST /session/45cfdb12-ab9b-46d9-b6a9-00fc1d4cd0e7/element [12.782292ms] ERR:404 body={"strategy":"-android uiautomator","selector":"new UiSelector().descriptionContains(\"No landmarks y...
14:02:23.201157 POST /session/45cfdb12-ab9b-46d9-b6a9-00fc1d4cd0e7/element [18.554417ms] ERR:404 body={"strategy":"-android uiautomator","selector":"new UiSelector().textMatches(\"(?is).*\\QNo landmarks...
14:02:23.213049 POST /session/45cfdb12-ab9b-46d9-b6a9-00fc1d4cd0e7/element [11.817792ms] ERR:404 body={"strategy":"-android uiautomator","selector":"new UiSelector().descriptionMatches(\"(?is).*\\QNo la...
14:02:23.218280 POST /session/45cfdb12-ab9b-46d9-b6a9-00fc1d4cd0e7/element [5.152791ms] ERR:404 body={"strategy":"-android uiautomator","selector":"new UiSelector().textContains(\"No landmarks yet\")"}
14:02:23.235669 POST /session/45cfdb12-ab9b-46d9-b6a9-00fc1d4cd0e7/element [17.276292ms] ERR:404 body={"strategy":"-android uiautomator","selector":"new UiSelector().descriptionContains(\"No landmarks y...
14:02:23.245648 POST /session/45cfdb12-ab9b-46d9-b6a9-00fc1d4cd0e7/element [9.906542ms] ERR:404 body={"strategy":"-android uiautomator","selector":"new UiSelector().textMatches(\"(?is).*\\QNo landmarks...
14:02:23.255659 POST /session/45cfdb12-ab9b-46d9-b6a9-00fc1d4cd0e7/element [9.941666ms] ERR:404 body={"strategy":"-android uiautomator","selector":"new UiSelector().descriptionMatches(\"(?is).*\\QNo la...
14:02:23.267851 POST /session/45cfdb12-ab9b-46d9-b6a9-00fc1d4cd0e7/element [12.081833ms] ERR:404 body={"strategy":"-android uiautomator","selector":"new UiSelector().textContains(\"No landmarks yet\")"}
14:02:23.278153 POST /session/45cfdb12-ab9b-46d9-b6a9-00fc1d4cd0e7/element [10.212166ms] ERR:404 body={"strategy":"-android uiautomator","selector":"new UiSelector().descriptionContains(\"No landmarks y...
14:02:23.295860 POST /session/45cfdb12-ab9b-46d9-b6a9-00fc1d4cd0e7/element [17.623584ms] ERR:404 body={"strategy":"-android uiautomator","selector":"new UiSelector().textMatches(\"(?is).*\\QNo landmarks...
14:02:23.312228 POST /session/45cfdb12-ab9b-46d9-b6a9-00fc1d4cd0e7/element [16.285708ms] ERR:404 body={"strategy":"-android uiautomator","selector":"new UiSelector().descriptionMatches(\"(?is).*\\QNo la...
14:02:23.326655 POST /session/45cfdb12-ab9b-46d9-b6a9-00fc1d4cd0e7/element [14.3405ms] ERR:404 body={"strategy":"-android uiautomator","selector":"new UiSelector().textContains(\"No landmarks yet\")"}
14:02:23.343127 POST /session/45cfdb12-ab9b-46d9-b6a9-00fc1d4cd0e7/element [16.385917ms] ERR:404 body={"strategy":"-android uiautomator","selector":"new UiSelector().descriptionContains(\"No landmarks y...
14:02:23.348059 POST /session/45cfdb12-ab9b-46d9-b6a9-00fc1d4cd0e7/element [4.872083ms] ERR:404 body={"strategy":"-android uiautomator","selector":"new UiSelector().textMatches(\"(?is).*\\QNo landmarks...
14:02:23.364496 POST /session/45cfdb12-ab9b-46d9-b6a9-00fc1d4cd0e7/element [16.361208ms] ERR:404 body={"strategy":"-android uiautomator","selector":"new UiSelector().descriptionMatches(\"(?is).*\\QNo la...
14:02:23.384091 POST /session/45cfdb12-ab9b-46d9-b6a9-00fc1d4cd0e7/element [19.48725ms] ERR:404 body={"strategy":"-android uiautomator","selector":"new UiSelector().textContains(\"No landmarks yet\")"}
14:02:23.397297 POST /session/45cfdb12-ab9b-46d9-b6a9-00fc1d4cd0e7/element [13.039208ms] ERR:404 body={"strategy":"-android uiautomator","selector":"new UiSelector().descriptionContains(\"No landmarks y...
14:02:23.410944 POST /session/45cfdb12-ab9b-46d9-b6a9-00fc1d4cd0e7/element [13.541459ms] ERR:404 body={"strategy":"-android uiautomator","selector":"new UiSelector().textMatches(\"(?is).*\\QNo landmarks...
14:02:23.426065 POST /session/45cfdb12-ab9b-46d9-b6a9-00fc1d4cd0e7/element [15.012917ms] ERR:404 body={"strategy":"-android uiautomator","selector":"new UiSelector().descriptionMatches(\"(?is).*\\QNo la...
14:02:23.441675 POST /session/45cfdb12-ab9b-46d9-b6a9-00fc1d4cd0e7/element [15.510042ms] ERR:404 body={"strategy":"-android uiautomator","selector":"new UiSelector().textContains(\"No landmarks yet\")"}
14:02:23.459369 POST /session/45cfdb12-ab9b-46d9-b6a9-00fc1d4cd0e7/element [17.61475ms] ERR:404 body={"strategy":"-android uiautomator","selector":"new UiSelector().descriptionContains(\"No landmarks y...
14:02:23.472175 POST /session/45cfdb12-ab9b-46d9-b6a9-00fc1d4cd0e7/element [12.68925ms] ERR:404 body={"strategy":"-android uiautomator","selector":"new UiSelector().textMatches(\"(?is).*\\QNo landmarks...
14:02:23.488645 POST /session/45cfdb12-ab9b-46d9-b6a9-00fc1d4cd0e7/element [16.38475ms] ERR:404 body={"strategy":"-android uiautomator","selector":"new UiSelector().descriptionMatches(\"(?is).*\\QNo la...
14:02:23.502172 POST /session/45cfdb12-ab9b-46d9-b6a9-00fc1d4cd0e7/element [13.456459ms] ERR:404 body={"strategy":"-android uiautomator","selector":"new UiSelector().textContains(\"No landmarks yet\")"}
14:02:23.517209 POST /session/45cfdb12-ab9b-46d9-b6a9-00fc1d4cd0e7/element [14.919459ms] ERR:404 body={"strategy":"-android uiautomator","selector":"new UiSelector().descriptionContains(\"No landmarks y...
14:02:23.525486 POST /session/45cfdb12-ab9b-46d9-b6a9-00fc1d4cd0e7/element [8.180542ms] ERR:404 body={"strategy":"-android uiautomator","selector":"new UiSelector().textMatches(\"(?is).*\\QNo landmarks...
14:02:23.539290 POST /session/45cfdb12-ab9b-46d9-b6a9-00fc1d4cd0e7/element [13.730958ms] ERR:404 body={"strategy":"-android uiautomator","selector":"new UiSelector().descriptionMatches(\"(?is).*\\QNo la...
14:02:23.548764 POST /session/45cfdb12-ab9b-46d9-b6a9-00fc1d4cd0e7/element [9.359625ms] ERR:404 body={"strategy":"-android uiautomator","selector":"new UiSelector().textContains(\"No landmarks yet\")"}
14:02:23.559348 POST /session/45cfdb12-ab9b-46d9-b6a9-00fc1d4cd0e7/element [10.492667ms] ERR:404 body={"strategy":"-android uiautomator","selector":"new UiSelector().descriptionContains(\"No landmarks y...
14:02:23.573394 POST /session/45cfdb12-ab9b-46d9-b6a9-00fc1d4cd0e7/element [13.931833ms] ERR:404 body={"strategy":"-android uiautomator","selector":"new UiSelector().textMatches(\"(?is).*\\QNo landmarks...
14:02:23.585668 POST /session/45cfdb12-ab9b-46d9-b6a9-00fc1d4cd0e7/element [12.16425ms] ERR:404 body={"strategy":"-android uiautomator","selector":"new UiSelector().descriptionMatches(\"(?is).*\\QNo la...
14:02:23.601519 POST /session/45cfdb12-ab9b-46d9-b6a9-00fc1d4cd0e7/element [15.7545ms] ERR:404 body={"strategy":"-android uiautomator","selector":"new UiSelector().textContains(\"No landmarks yet\")"}
14:02:23.608022 POST /session/45cfdb12-ab9b-46d9-b6a9-00fc1d4cd0e7/element [6.401916ms] ERR:404 body={"strategy":"-android uiautomator","selector":"new UiSelector().descriptionContains(\"No landmarks y...
14:02:23.619558 POST /session/45cfdb12-ab9b-46d9-b6a9-00fc1d4cd0e7/element [11.431167ms] ERR:404 body={"strategy":"-android uiautomator","selector":"new UiSelector().textMatches(\"(?is).*\\QNo landmarks...
14:02:23.624274 POST /session/45cfdb12-ab9b-46d9-b6a9-00fc1d4cd0e7/element [4.644084ms] ERR:404 body={"strategy":"-android uiautomator","selector":"new UiSelector().descriptionMatches(\"(?is).*\\QNo la...
14:02:23.630180 POST /session/45cfdb12-ab9b-46d9-b6a9-00fc1d4cd0e7/element [5.786375ms] ERR:404 body={"strategy":"-android uiautomator","selector":"new UiSelector().textContains(\"No landmarks yet\")"}
14:02:23.640708 POST /session/45cfdb12-ab9b-46d9-b6a9-00fc1d4cd0e7/element [10.434583ms] ERR:404 body={"strategy":"-android uiautomator","selector":"new UiSelector().descriptionContains(\"No landmarks y...
14:02:23.645592 POST /session/45cfdb12-ab9b-46d9-b6a9-00fc1d4cd0e7/element [4.787458ms] ERR:404 body={"strategy":"-android uiautomator","selector":"new UiSelector().textMatches(\"(?is).*\\QNo landmarks...
14:02:23.658365 POST /session/45cfdb12-ab9b-46d9-b6a9-00fc1d4cd0e7/element [12.702292ms] ERR:404 body={"strategy":"-android uiautomator","selector":"new UiSelector().descriptionMatches(\"(?is).*\\QNo la...
14:02:23.672176 POST /session/45cfdb12-ab9b-46d9-b6a9-00fc1d4cd0e7/element [13.727833ms] ERR:404 body={"strategy":"-android uiautomator","selector":"new UiSelector().textContains(\"No landmarks yet\")"}
14:02:23.684624 POST /session/45cfdb12-ab9b-46d9-b6a9-00fc1d4cd0e7/element [12.356583ms] ERR:404 body={"strategy":"-android uiautomator","selector":"new UiSelector().descriptionContains(\"No landmarks y...
14:02:23.696166 POST /session/45cfdb12-ab9b-46d9-b6a9-00fc1d4cd0e7/element [11.349084ms] ERR:404 body={"strategy":"-android uiautomator","selector":"new UiSelector().textMatches(\"(?is).*\\QNo landmarks...
14:02:23.712056 POST /session/45cfdb12-ab9b-46d9-b6a9-00fc1d4cd0e7/element [15.770334ms] ERR:404 body={"strategy":"-android uiautomator","selector":"new UiSelector().descriptionMatches(\"(?is).*\\QNo la...
14:02:23.731057 POST /session/45cfdb12-ab9b-46d9-b6a9-00fc1d4cd0e7/element [18.897209ms] ERR:404 body={"strategy":"-android uiautomator","selector":"new UiSelector().textContains(\"No landmarks yet\")"}
14:02:23.738065 POST /session/45cfdb12-ab9b-46d9-b6a9-00fc1d4cd0e7/element [6.868958ms] ERR:404 body={"strategy":"-android uiautomator","selector":"new UiSelector().descriptionContains(\"No landmarks y...
14:02:23.749170 POST /session/45cfdb12-ab9b-46d9-b6a9-00fc1d4cd0e7/element [10.992958ms] ERR:404 body={"strategy":"-android uiautomator","selector":"new UiSelector().textMatches(\"(?is).*\\QNo landmarks...
14:02:23.767658 POST /session/45cfdb12-ab9b-46d9-b6a9-00fc1d4cd0e7/element [18.396833ms] ERR:404 body={"strategy":"-android uiautomator","selector":"new UiSelector().descriptionMatches(\"(?is).*\\QNo la...
14:02:23.781704 POST /session/45cfdb12-ab9b-46d9-b6a9-00fc1d4cd0e7/element [13.912375ms] ERR:404 body={"strategy":"-android uiautomator","selector":"new UiSelector().textContains(\"No landmarks yet\")"}
14:02:23.796815 POST /session/45cfdb12-ab9b-46d9-b6a9-00fc1d4cd0e7/element [14.963375ms] ERR:404 body={"strategy":"-android uiautomator","selector":"new UiSelector().descriptionContains(\"No landmarks y...
14:02:23.811188 POST /session/45cfdb12-ab9b-46d9-b6a9-00fc1d4cd0e7/element [14.272334ms] ERR:404 body={"strategy":"-android uiautomator","selector":"new UiSelector().textMatches(\"(?is).*\\QNo landmarks...
14:02:23.822820 POST /session/45cfdb12-ab9b-46d9-b6a9-00fc1d4cd0e7/element [11.547666ms] ERR:404 body={"strategy":"-android uiautomator","selector":"new UiSelector().descriptionMatches(\"(?is).*\\QNo la...
14:02:23.832169 POST /session/45cfdb12-ab9b-46d9-b6a9-00fc1d4cd0e7/element [9.230875ms] ERR:404 body={"strategy":"-android uiautomator","selector":"new UiSelector().textContains(\"No landmarks yet\")"}
14:02:23.846928 POST /session/45cfdb12-ab9b-46d9-b6a9-00fc1d4cd0e7/element [14.670625ms] ERR:404 body={"strategy":"-android uiautomator","selector":"new UiSelector().descriptionContains(\"No landmarks y...
14:02:23.861787 POST /session/45cfdb12-ab9b-46d9-b6a9-00fc1d4cd0e7/element [14.764166ms] ERR:404 body={"strategy":"-android uiautomator","selector":"new UiSelector().textMatches(\"(?is).*\\QNo landmarks...
14:02:23.871373 POST /session/45cfdb12-ab9b-46d9-b6a9-00fc1d4cd0e7/element [9.447709ms] ERR:404 body={"strategy":"-android uiautomator","selector":"new UiSelector().descriptionMatches(\"(?is).*\\QNo la...
14:02:23.886809 POST /session/45cfdb12-ab9b-46d9-b6a9-00fc1d4cd0e7/element [15.343583ms] ERR:404 body={"strategy":"-android uiautomator","selector":"new UiSelector().textContains(\"No landmarks yet\")"}
14:02:23.901586 POST /session/45cfdb12-ab9b-46d9-b6a9-00fc1d4cd0e7/element [14.679333ms] ERR:404 body={"strategy":"-android uiautomator","selector":"new UiSelector().descriptionContains(\"No landmarks y...
14:02:23.908344 POST /session/45cfdb12-ab9b-46d9-b6a9-00fc1d4cd0e7/element [6.684167ms] ERR:404 body={"strategy":"-android uiautomator","selector":"new UiSelector().textMatches(\"(?is).*\\QNo landmarks...
14:02:23.922030 POST /session/45cfdb12-ab9b-46d9-b6a9-00fc1d4cd0e7/element [13.570208ms] ERR:404 body={"strategy":"-android uiautomator","selector":"new UiSelector().descriptionMatches(\"(?is).*\\QNo la...
14:02:23.935813 POST /session/45cfdb12-ab9b-46d9-b6a9-00fc1d4cd0e7/element [13.698042ms] ERR:404 body={"strategy":"-android uiautomator","selector":"new UiSelector().textContains(\"No landmarks yet\")"}
14:02:23.951825 POST /session/45cfdb12-ab9b-46d9-b6a9-00fc1d4cd0e7/element [15.90275ms] ERR:404 body={"strategy":"-android uiautomator","selector":"new UiSelector().descriptionContains(\"No landmarks y...
14:02:23.956384 POST /session/45cfdb12-ab9b-46d9-b6a9-00fc1d4cd0e7/element [4.467042ms] ERR:404 body={"strategy":"-android uiautomator","selector":"new UiSelector().textMatches(\"(?is).*\\QNo landmarks...
14:02:23.966325 POST /session/45cfdb12-ab9b-46d9-b6a9-00fc1d4cd0e7/element [9.861458ms] ERR:404 body={"strategy":"-android uiautomator","selector":"new UiSelector().descriptionMatches(\"(?is).*\\QNo la...
14:02:23.980037 POST /session/45cfdb12-ab9b-46d9-b6a9-00fc1d4cd0e7/element [13.55175ms] ERR:404 body={"strategy":"-android uiautomator","selector":"new UiSelector().textContains(\"No landmarks yet\")"}
14:02:23.995336 POST /session/45cfdb12-ab9b-46d9-b6a9-00fc1d4cd0e7/element [14.965417ms] ERR:404 body={"strategy":"-android uiautomator","selector":"new UiSelector().descriptionContains(\"No landmarks y...
14:02:24.011903 POST /session/45cfdb12-ab9b-46d9-b6a9-00fc1d4cd0e7/element [16.480375ms] ERR:404 body={"strategy":"-android uiautomator","selector":"new UiSelector().textMatches(\"(?is).*\\QNo landmarks...
14:02:24.027542 POST /session/45cfdb12-ab9b-46d9-b6a9-00fc1d4cd0e7/element [15.524792ms] ERR:404 body={"strategy":"-android uiautomator","selector":"new UiSelector().descriptionMatches(\"(?is).*\\QNo la...
14:02:24.051173 GET /session/45cfdb12-ab9b-46d9-b6a9-00fc1d4cd0e7/source [22.932916ms] OK body=
14:02:24.065574 POST /session/45cfdb12-ab9b-46d9-b6a9-00fc1d4cd0e7/element [13.668792ms] ERR:404 body={"strategy":"-android uiautomator","selector":"new UiSelector().textContains(\"No landmarks yet\")"}
14:02:24.079036 POST /session/45cfdb12-ab9b-46d9-b6a9-00fc1d4cd0e7/element [13.352333ms] ERR:404 body={"strategy":"-android uiautomator","selector":"new UiSelector().descriptionContains(\"No landmarks y...
14:02:24.094928 POST /session/45cfdb12-ab9b-46d9-b6a9-00fc1d4cd0e7/element [15.776875ms] ERR:404 body={"strategy":"-android uiautomator","selector":"new UiSelector().textMatches(\"(?is).*\\QNo landmarks...
14:02:24.110622 POST /session/45cfdb12-ab9b-46d9-b6a9-00fc1d4cd0e7/element [15.58125ms] ERR:404 body={"strategy":"-android uiautomator","selector":"new UiSelector().descriptionMatches(\"(?is).*\\QNo la...
14:02:24.118311 POST /session/45cfdb12-ab9b-46d9-b6a9-00fc1d4cd0e7/element [7.606375ms] ERR:404 body={"strategy":"-android uiautomator","selector":"new UiSelector().textContains(\"No landmarks yet\")"}
14:02:24.130742 POST /session/45cfdb12-ab9b-46d9-b6a9-00fc1d4cd0e7/element [12.341792ms] ERR:404 body={"strategy":"-android uiautomator","selector":"new UiSelector().descriptionContains(\"No landmarks y...
14:02:24.146208 POST /session/45cfdb12-ab9b-46d9-b6a9-00fc1d4cd0e7/element [15.325ms] ERR:404 body={"strategy":"-android uiautomator","selector":"new UiSelector().textMatches(\"(?is).*\\QNo landmarks...
14:02:24.158400 POST /session/45cfdb12-ab9b-46d9-b6a9-00fc1d4cd0e7/element [12.07075ms] ERR:404 body={"strategy":"-android uiautomator","selector":"new UiSelector().descriptionMatches(\"(?is).*\\QNo la...
14:02:24.179993 POST /session/45cfdb12-ab9b-46d9-b6a9-00fc1d4cd0e7/element [21.498917ms] ERR:404 body={"strategy":"-android uiautomator","selector":"new UiSelector().textContains(\"No landmarks yet\")"}
14:02:24.199725 POST /session/45cfdb12-ab9b-46d9-b6a9-00fc1d4cd0e7/element [19.631542ms] ERR:404 body={"strategy":"-android uiautomator","selector":"new UiSelector().descriptionContains(\"No landmarks y...
14:02:24.211957 POST /session/45cfdb12-ab9b-46d9-b6a9-00fc1d4cd0e7/element [12.125667ms] ERR:404 body={"strategy":"-android uiautomator","selector":"new UiSelector().textMatches(\"(?is).*\\QNo landmarks...
14:02:24.231298 POST /session/45cfdb12-ab9b-46d9-b6a9-00fc1d4cd0e7/element [19.248875ms] ERR:404 body={"strategy":"-android uiautomator","selector":"new UiSelector().descriptionMatches(\"(?is).*\\QNo la...
14:02:24.245601 POST /session/45cfdb12-ab9b-46d9-b6a9-00fc1d4cd0e7/element [14.217708ms] ERR:404 body={"strategy":"-android uiautomator","selector":"new UiSelector().textContains(\"No landmarks yet\")"}
14:02:24.261730 POST /session/45cfdb12-ab9b-46d9-b6a9-00fc1d4cd0e7/element [16.056125ms] ERR:404 body={"strategy":"-android uiautomator","selector":"new UiSelector().descriptionContains(\"No landmarks y...
14:02:24.270820 POST /session/45cfdb12-ab9b-46d9-b6a9-00fc1d4cd0e7/element [9.008875ms] ERR:404 body={"strategy":"-android uiautomator","selector":"new UiSelector().textMatches(\"(?is).*\\QNo landmarks...
14:02:24.286048 POST /session/45cfdb12-ab9b-46d9-b6a9-00fc1d4cd0e7/element [15.139667ms] ERR:404 body={"strategy":"-android uiautomator","selector":"new UiSelector().descriptionMatches(\"(?is).*\\QNo la...
14:02:24.316211 POST /session/45cfdb12-ab9b-46d9-b6a9-00fc1d4cd0e7/element [30.056458ms] ERR:404 body={"strategy":"-android uiautomator","selector":"new UiSelector().textContains(\"No landmarks yet\")"}
14:02:24.332150 POST /session/45cfdb12-ab9b-46d9-b6a9-00fc1d4cd0e7/element [15.637625ms] ERR:404 body={"strategy":"-android uiautomator","selector":"new UiSelector().descriptionContains(\"No landmarks y...
14:02:24.354583 POST /session/45cfdb12-ab9b-46d9-b6a9-00fc1d4cd0e7/element [22.331541ms] ERR:404 body={"strategy":"-android uiautomator","selector":"new UiSelector().textMatches(\"(?is).*\\QNo landmarks...
14:02:24.372633 POST /session/45cfdb12-ab9b-46d9-b6a9-00fc1d4cd0e7/element [17.922ms] ERR:404 body={"strategy":"-android uiautomator","selector":"new UiSelector().descriptionMatches(\"(?is).*\\QNo la...
14:02:24.380392 POST /session/45cfdb12-ab9b-46d9-b6a9-00fc1d4cd0e7/element [7.613833ms] ERR:404 body={"strategy":"-android uiautomator","selector":"new UiSelector().textContains(\"No landmarks yet\")"}
14:02:24.396602 POST /session/45cfdb12-ab9b-46d9-b6a9-00fc1d4cd0e7/element [16.107917ms] ERR:404 body={"strategy":"-android uiautomator","selector":"new UiSelector().descriptionContains(\"No landmarks y...
14:02:24.425055 POST /session/45cfdb12-ab9b-46d9-b6a9-00fc1d4cd0e7/element [28.358292ms] ERR:404 body={"strategy":"-android uiautomator","selector":"new UiSelector().textMatches(\"(?is).*\\QNo landmarks...
14:02:24.442454 POST /session/45cfdb12-ab9b-46d9-b6a9-00fc1d4cd0e7/element [17.260458ms] ERR:404 body={"strategy":"-android uiautomator","selector":"new UiSelector().descriptionMatches(\"(?is).*\\QNo la...
14:02:24.463460 POST /session/45cfdb12-ab9b-46d9-b6a9-00fc1d4cd0e7/element [20.909792ms] ERR:404 body={"strategy":"-android uiautomator","selector":"new UiSelector().textContains(\"No landmarks yet\")"}
14:02:24.476230 POST /session/45cfdb12-ab9b-46d9-b6a9-00fc1d4cd0e7/element [12.693ms] ERR:404 body={"strategy":"-android uiautomator","selector":"new UiSelector().descriptionContains(\"No landmarks y...
14:02:24.497795 POST /session/45cfdb12-ab9b-46d9-b6a9-00fc1d4cd0e7/element [21.465333ms] ERR:404 body={"strategy":"-android uiautomator","selector":"new UiSelector().textMatches(\"(?is).*\\QNo landmarks...
14:02:24.513574 POST /session/45cfdb12-ab9b-46d9-b6a9-00fc1d4cd0e7/element [15.663834ms] ERR:404 body={"strategy":"-android uiautomator","selector":"new UiSelector().descriptionMatches(\"(?is).*\\QNo la...
14:02:24.542378 POST /session/45cfdb12-ab9b-46d9-b6a9-00fc1d4cd0e7/element [28.672791ms] ERR:404 body={"strategy":"-android uiautomator","selector":"new UiSelector().textContains(\"No landmarks yet\")"}
14:02:24.552730 POST /session/45cfdb12-ab9b-46d9-b6a9-00fc1d4cd0e7/element [9.300291ms] ERR:404 body={"strategy":"-android uiautomator","selector":"new UiSelector().descriptionContains(\"No landmarks y...
14:02:24.577783 POST /session/45cfdb12-ab9b-46d9-b6a9-00fc1d4cd0e7/element [20.602584ms] ERR:404 body={"strategy":"-android uiautomator","selector":"new UiSelector().textMatches(\"(?is).*\\QNo landmarks...
14:02:24.591679 POST /session/45cfdb12-ab9b-46d9-b6a9-00fc1d4cd0e7/element [13.798416ms] ERR:404 body={"strategy":"-android uiautomator","selector":"new UiSelector().descriptionMatches(\"(?is).*\\QNo la...
14:02:24.598141 POST /session/45cfdb12-ab9b-46d9-b6a9-00fc1d4cd0e7/element [6.374916ms] ERR:404 body={"strategy":"-android uiautomator","selector":"new UiSelector().textContains(\"No landmarks yet\")"}
14:02:24.614720 POST /session/45cfdb12-ab9b-46d9-b6a9-00fc1d4cd0e7/element [16.461041ms] ERR:404 body={"strategy":"-android uiautomator","selector":"new UiSelector().descriptionContains(\"No landmarks y...
14:02:24.644228 POST /session/45cfdb12-ab9b-46d9-b6a9-00fc1d4cd0e7/element [29.30275ms] ERR:404 body={"strategy":"-android uiautomator","selector":"new UiSelector().textMatches(\"(?is).*\\QNo landmarks...
14:02:24.663834 POST /session/45cfdb12-ab9b-46d9-b6a9-00fc1d4cd0e7/element [19.486292ms] ERR:404 body={"strategy":"-android uiautomator","selector":"new UiSelector().descriptionMatches(\"(?is).*\\QNo la...
14:02:24.674852 POST /session/45cfdb12-ab9b-46d9-b6a9-00fc1d4cd0e7/element [10.945458ms] ERR:404 body={"strategy":"-android uiautomator","selector":"new UiSelector().textContains(\"No landmarks yet\")"}
14:02:24.707375 POST /session/45cfdb12-ab9b-46d9-b6a9-00fc1d4cd0e7/element [32.370416ms] ERR:404 body={"strategy":"-android uiautomator","selector":"new UiSelector().descriptionContains(\"No landmarks y...
14:02:24.719881 POST /session/45cfdb12-ab9b-46d9-b6a9-00fc1d4cd0e7/element [12.420583ms] ERR:404 body={"strategy":"-android uiautomator","selector":"new UiSelector().textMatches(\"(?is).*\\QNo landmarks...
14:02:24.737059 POST /session/45cfdb12-ab9b-46d9-b6a9-00fc1d4cd0e7/element [17.078791ms] ERR:404 body={"strategy":"-android uiautomator","selector":"new UiSelector().descriptionMatches(\"(?is).*\\QNo la...
14:02:24.756096 POST /session/45cfdb12-ab9b-46d9-b6a9-00fc1d4cd0e7/element [18.899291ms] ERR:404 body={"strategy":"-android uiautomator","selector":"new UiSelector().textContains(\"No landmarks yet\")"}
14:02:24.778369 POST /session/45cfdb12-ab9b-46d9-b6a9-00fc1d4cd0e7/element [22.074708ms] ERR:404 body={"strategy":"-android uiautomator","selector":"new UiSelector().descriptionContains(\"No landmarks y...
14:02:24.792219 POST /session/45cfdb12-ab9b-46d9-b6a9-00fc1d4cd0e7/element [12.992333ms] ERR:404 body={"strategy":"-android uiautomator","selector":"new UiSelector().textMatches(\"(?is).*\\QNo landmarks...
14:02:24.810479 POST /session/45cfdb12-ab9b-46d9-b6a9-00fc1d4cd0e7/element [18.109834ms] ERR:404 body={"strategy":"-android uiautomator","selector":"new UiSelector().descriptionMatches(\"(?is).*\\QNo la...
14:02:24.827249 POST /session/45cfdb12-ab9b-46d9-b6a9-00fc1d4cd0e7/element [16.679333ms] ERR:404 body={"strategy":"-android uiautomator","selector":"new UiSelector().textContains(\"No landmarks yet\")"}
14:02:24.838821 POST /session/45cfdb12-ab9b-46d9-b6a9-00fc1d4cd0e7/element [11.4555ms] ERR:404 body={"strategy":"-android uiautomator","selector":"new UiSelector().descriptionContains(\"No landmarks y...
14:02:24.857877 POST /session/45cfdb12-ab9b-46d9-b6a9-00fc1d4cd0e7/element [18.937792ms] ERR:404 body={"strategy":"-android uiautomator","selector":"new UiSelector().textMatches(\"(?is).*\\QNo landmarks...
14:02:24.874006 POST /session/45cfdb12-ab9b-46d9-b6a9-00fc1d4cd0e7/element [16.031458ms] ERR:404 body={"strategy":"-android uiautomator","selector":"new UiSelector().descriptionMatches(\"(?is).*\\QNo la...
14:02:24.888646 POST /session/45cfdb12-ab9b-46d9-b6a9-00fc1d4cd0e7/element [14.5085ms] ERR:404 body={"strategy":"-android uiautomator","selector":"new UiSelector().textContains(\"No landmarks yet\")"}
14:02:24.906494 POST /session/45cfdb12-ab9b-46d9-b6a9-00fc1d4cd0e7/element [17.760959ms] ERR:404 body={"strategy":"-android uiautomator","selector":"new UiSelector().descriptionContains(\"No landmarks y...
14:02:24.922344 POST /session/45cfdb12-ab9b-46d9-b6a9-00fc1d4cd0e7/element [15.745542ms] ERR:404 body={"strategy":"-android uiautomator","selector":"new UiSelector().textMatches(\"(?is).*\\QNo landmarks...
14:02:24.945378 POST /session/45cfdb12-ab9b-46d9-b6a9-00fc1d4cd0e7/element [22.901167ms] ERR:404 body={"strategy":"-android uiautomator","selector":"new UiSelector().descriptionMatches(\"(?is).*\\QNo la...
14:02:24.964180 POST /session/45cfdb12-ab9b-46d9-b6a9-00fc1d4cd0e7/element [18.691167ms] ERR:404 body={"strategy":"-android uiautomator","selector":"new UiSelector().textContains(\"No landmarks yet\")"}
14:02:24.969463 POST /session/45cfdb12-ab9b-46d9-b6a9-00fc1d4cd0e7/element [4.715291ms] ERR:404 body={"strategy":"-android uiautomator","selector":"new UiSelector().descriptionContains(\"No landmarks y...
14:02:24.979234 POST /session/45cfdb12-ab9b-46d9-b6a9-00fc1d4cd0e7/element [9.656833ms] ERR:404 body={"strategy":"-android uiautomator","selector":"new UiSelector().textMatches(\"(?is).*\\QNo landmarks...
14:02:24.991774 POST /session/45cfdb12-ab9b-46d9-b6a9-00fc1d4cd0e7/element [12.446583ms] ERR:404 body={"strategy":"-android uiautomator","selector":"new UiSelector().descriptionMatches(\"(?is).*\\QNo la...
14:02:25.004193 POST /session/45cfdb12-ab9b-46d9-b6a9-00fc1d4cd0e7/element [12.324ms] ERR:404 body={"strategy":"-android uiautomator","selector":"new UiSelector().textContains(\"No landmarks yet\")"}
14:02:25.009285 POST /session/45cfdb12-ab9b-46d9-b6a9-00fc1d4cd0e7/element [4.97175ms] ERR:404 body={"strategy":"-android uiautomator","selector":"new UiSelector().descriptionContains(\"No landmarks y...
14:02:25.014655 POST /session/45cfdb12-ab9b-46d9-b6a9-00fc1d4cd0e7/element [5.277083ms] ERR:404 body={"strategy":"-android uiautomator","selector":"new UiSelector().textMatches(\"(?is).*\\QNo landmarks...
14:02:25.022996 POST /session/45cfdb12-ab9b-46d9-b6a9-00fc1d4cd0e7/element [8.243083ms] ERR:404 body={"strategy":"-android uiautomator","selector":"new UiSelector().descriptionMatches(\"(?is).*\\QNo la...
14:02:25.031735 POST /session/45cfdb12-ab9b-46d9-b6a9-00fc1d4cd0e7/element [8.653291ms] ERR:404 body={"strategy":"-android uiautomator","selector":"new UiSelector().textContains(\"No landmarks yet\")"}
14:02:25.043904 POST /session/45cfdb12-ab9b-46d9-b6a9-00fc1d4cd0e7/element [12.058459ms] ERR:404 body={"strategy":"-android uiautomator","selector":"new UiSelector().descriptionContains(\"No landmarks y...
14:02:25.057933 POST /session/45cfdb12-ab9b-46d9-b6a9-00fc1d4cd0e7/element [13.934584ms] ERR:404 body={"strategy":"-android uiautomator","selector":"new UiSelector().textMatches(\"(?is).*\\QNo landmarks...
14:02:25.071230 POST /session/45cfdb12-ab9b-46d9-b6a9-00fc1d4cd0e7/element [13.189917ms] ERR:404 body={"strategy":"-android uiautomator","selector":"new UiSelector().descriptionMatches(\"(?is).*\\QNo la...
14:02:25.093283 GET /session/45cfdb12-ab9b-46d9-b6a9-00fc1d4cd0e7/source [21.475209ms] OK body=
14:02:25.113831 POST /session/45cfdb12-ab9b-46d9-b6a9-00fc1d4cd0e7/element [19.500833ms] ERR:404 body={"strategy":"-android uiautomator","selector":"new UiSelector().textContains(\"No landmarks yet\")"}
14:02:25.136837 POST /session/45cfdb12-ab9b-46d9-b6a9-00fc1d4cd0e7/element [22.882416ms] ERR:404 body={"strategy":"-android uiautomator","selector":"new UiSelector().descriptionContains(\"No landmarks y...
14:02:25.151853 POST /session/45cfdb12-ab9b-46d9-b6a9-00fc1d4cd0e7/element [14.377791ms] ERR:404 body={"strategy":"-android uiautomator","selector":"new UiSelector().textMatches(\"(?is).*\\QNo landmarks...
14:02:25.163890 POST /session/45cfdb12-ab9b-46d9-b6a9-00fc1d4cd0e7/element [11.932041ms] ERR:404 body={"strategy":"-android uiautomator","selector":"new UiSelector().descriptionMatches(\"(?is).*\\QNo la...
14:02:25.179797 POST /session/45cfdb12-ab9b-46d9-b6a9-00fc1d4cd0e7/element [15.828917ms] ERR:404 body={"strategy":"-android uiautomator","selector":"new UiSelector().textContains(\"No landmarks yet\")"}
14:02:25.189251 POST /session/45cfdb12-ab9b-46d9-b6a9-00fc1d4cd0e7/element [9.350084ms] ERR:404 body={"strategy":"-android uiautomator","selector":"new UiSelector().descriptionContains(\"No landmarks y...
14:02:25.204212 POST /session/45cfdb12-ab9b-46d9-b6a9-00fc1d4cd0e7/element [14.863084ms] ERR:404 body={"strategy":"-android uiautomator","selector":"new UiSelector().textMatches(\"(?is).*\\QNo landmarks...
14:02:25.215497 POST /session/45cfdb12-ab9b-46d9-b6a9-00fc1d4cd0e7/element [11.1745ms] ERR:404 body={"strategy":"-android uiautomator","selector":"new UiSelector().descriptionMatches(\"(?is).*\\QNo la...
14:02:25.236689 POST /session/45cfdb12-ab9b-46d9-b6a9-00fc1d4cd0e7/element [21.089833ms] ERR:404 body={"strategy":"-android uiautomator","selector":"new UiSelector().textContains(\"No landmarks yet\")"}
14:02:25.254493 POST /session/45cfdb12-ab9b-46d9-b6a9-00fc1d4cd0e7/element [17.718333ms] ERR:404 body={"strategy":"-android uiautomator","selector":"new UiSelector().descriptionContains(\"No landmarks y...
14:02:25.269404 POST /session/45cfdb12-ab9b-46d9-b6a9-00fc1d4cd0e7/element [14.78575ms] ERR:404 body={"strategy":"-android uiautomator","selector":"new UiSelector().textMatches(\"(?is).*\\QNo landmarks...
14:02:25.282983 POST /session/45cfdb12-ab9b-46d9-b6a9-00fc1d4cd0e7/element [13.48575ms] ERR:404 body={"strategy":"-android uiautomator","selector":"new UiSelector().descriptionMatches(\"(?is).*\\QNo la...
14:02:25.297891 POST /session/45cfdb12-ab9b-46d9-b6a9-00fc1d4cd0e7/element [14.135ms] ERR:404 body={"strategy":"-android uiautomator","selector":"new UiSelector().textContains(\"No landmarks yet\")"}
14:02:25.302640 POST /session/45cfdb12-ab9b-46d9-b6a9-00fc1d4cd0e7/element [4.66325ms] ERR:404 body={"strategy":"-android uiautomator","selector":"new UiSelector().descriptionContains(\"No landmarks y...
14:02:25.314127 POST /session/45cfdb12-ab9b-46d9-b6a9-00fc1d4cd0e7/element [11.339375ms] ERR:404 body={"strategy":"-android uiautomator","selector":"new UiSelector().textMatches(\"(?is).*\\QNo landmarks...
14:02:25.340137 POST /session/45cfdb12-ab9b-46d9-b6a9-00fc1d4cd0e7/element [25.912333ms] ERR:404 body={"strategy":"-android uiautomator","selector":"new UiSelector().descriptionMatches(\"(?is).*\\QNo la...
14:02:25.354375 POST /session/45cfdb12-ab9b-46d9-b6a9-00fc1d4cd0e7/element [14.1395ms] ERR:404 body={"strategy":"-android uiautomator","selector":"new UiSelector().textContains(\"No landmarks yet\")"}
14:02:25.367474 POST /session/45cfdb12-ab9b-46d9-b6a9-00fc1d4cd0e7/element [13.010292ms] ERR:404 body={"strategy":"-android uiautomator","selector":"new UiSelector().descriptionContains(\"No landmarks y...
14:02:25.372932 POST /session/45cfdb12-ab9b-46d9-b6a9-00fc1d4cd0e7/element [5.065917ms] ERR:404 body={"strategy":"-android uiautomator","selector":"new UiSelector().textMatches(\"(?is).*\\QNo landmarks...
14:02:25.384085 POST /session/45cfdb12-ab9b-46d9-b6a9-00fc1d4cd0e7/element [11.053583ms] ERR:404 body={"strategy":"-android uiautomator","selector":"new UiSelector().descriptionMatches(\"(?is).*\\QNo la...
14:02:25.398214 POST /session/45cfdb12-ab9b-46d9-b6a9-00fc1d4cd0e7/element [14.031083ms] ERR:404 body={"strategy":"-android uiautomator","selector":"new UiSelector().textContains(\"No landmarks yet\")"}
14:02:25.414779 POST /session/45cfdb12-ab9b-46d9-b6a9-00fc1d4cd0e7/element [16.344292ms] ERR:404 body={"strategy":"-android uiautomator","selector":"new UiSelector().descriptionContains(\"No landmarks y...
14:02:25.431673 POST /session/45cfdb12-ab9b-46d9-b6a9-00fc1d4cd0e7/element [16.791833ms] ERR:404 body={"strategy":"-android uiautomator","selector":"new UiSelector().textMatches(\"(?is).*\\QNo landmarks...
14:02:25.446687 POST /session/45cfdb12-ab9b-46d9-b6a9-00fc1d4cd0e7/element [14.89ms] ERR:404 body={"strategy":"-android uiautomator","selector":"new UiSelector().descriptionMatches(\"(?is).*\\QNo la...
14:02:25.458606 POST /session/45cfdb12-ab9b-46d9-b6a9-00fc1d4cd0e7/element [11.832625ms] ERR:404 body={"strategy":"-android uiautomator","selector":"new UiSelector().textContains(\"No landmarks yet\")"}
14:02:25.473197 POST /session/45cfdb12-ab9b-46d9-b6a9-00fc1d4cd0e7/element [14.52675ms] ERR:404 body={"strategy":"-android uiautomator","selector":"new UiSelector().descriptionContains(\"No landmarks y...
14:02:25.487738 POST /session/45cfdb12-ab9b-46d9-b6a9-00fc1d4cd0e7/element [14.45325ms] ERR:404 body={"strategy":"-android uiautomator","selector":"new UiSelector().textMatches(\"(?is).*\\QNo landmarks...
14:02:25.498818 POST /session/45cfdb12-ab9b-46d9-b6a9-00fc1d4cd0e7/element [10.999333ms] ERR:404 body={"strategy":"-android uiautomator","selector":"new UiSelector().descriptionMatches(\"(?is).*\\QNo la...
14:02:25.509471 POST /session/45cfdb12-ab9b-46d9-b6a9-00fc1d4cd0e7/element [10.577875ms] ERR:404 body={"strategy":"-android uiautomator","selector":"new UiSelector().textContains(\"No landmarks yet\")"}
14:02:25.524527 POST /session/45cfdb12-ab9b-46d9-b6a9-00fc1d4cd0e7/element [14.94625ms] ERR:404 body={"strategy":"-android uiautomator","selector":"new UiSelector().descriptionContains(\"No landmarks y...
14:02:25.530587 POST /session/45cfdb12-ab9b-46d9-b6a9-00fc1d4cd0e7/element [5.924958ms] ERR:404 body={"strategy":"-android uiautomator","selector":"new UiSelector().textMatches(\"(?is).*\\QNo landmarks...
14:02:25.545432 POST /session/45cfdb12-ab9b-46d9-b6a9-00fc1d4cd0e7/element [14.760208ms] ERR:404 body={"strategy":"-android uiautomator","selector":"new UiSelector().descriptionMatches(\"(?is).*\\QNo la...
14:02:25.556693 POST /session/45cfdb12-ab9b-46d9-b6a9-00fc1d4cd0e7/element [11.178959ms] ERR:404 body={"strategy":"-android uiautomator","selector":"new UiSelector().textContains(\"No landmarks yet\")"}
14:02:25.573659 POST /session/45cfdb12-ab9b-46d9-b6a9-00fc1d4cd0e7/element [16.881333ms] ERR:404 body={"strategy":"-android uiautomator","selector":"new UiSelector().descriptionContains(\"No landmarks y...
14:02:25.594179 POST /session/45cfdb12-ab9b-46d9-b6a9-00fc1d4cd0e7/element [20.430333ms] ERR:404 body={"strategy":"-android uiautomator","selector":"new UiSelector().textMatches(\"(?is).*\\QNo landmarks...
14:02:25.605696 POST /session/45cfdb12-ab9b-46d9-b6a9-00fc1d4cd0e7/element [11.421416ms] ERR:404 body={"strategy":"-android uiautomator","selector":"new UiSelector().descriptionMatches(\"(?is).*\\QNo la...
14:02:25.622547 POST /session/45cfdb12-ab9b-46d9-b6a9-00fc1d4cd0e7/element [16.71275ms] ERR:404 body={"strategy":"-android uiautomator","selector":"new UiSelector().textContains(\"No landmarks yet\")"}
14:02:25.634481 POST /session/45cfdb12-ab9b-46d9-b6a9-00fc1d4cd0e7/element [11.833167ms] ERR:404 body={"strategy":"-android uiautomator","selector":"new UiSelector().descriptionContains(\"No landmarks y...
14:02:25.645798 POST /session/45cfdb12-ab9b-46d9-b6a9-00fc1d4cd0e7/element [11.234708ms] ERR:404 body={"strategy":"-android uiautomator","selector":"new UiSelector().textMatches(\"(?is).*\\QNo landmarks...
14:02:25.665164 POST /session/45cfdb12-ab9b-46d9-b6a9-00fc1d4cd0e7/element [19.255125ms] ERR:404 body={"strategy":"-android uiautomator","selector":"new UiSelector().descriptionMatches(\"(?is).*\\QNo la...
14:02:25.678456 POST /session/45cfdb12-ab9b-46d9-b6a9-00fc1d4cd0e7/element [13.213708ms] ERR:404 body={"strategy":"-android uiautomator","selector":"new UiSelector().textContains(\"No landmarks yet\")"}
14:02:25.699657 POST /session/45cfdb12-ab9b-46d9-b6a9-00fc1d4cd0e7/element [21.113916ms] ERR:404 body={"strategy":"-android uiautomator","selector":"new UiSelector().descriptionContains(\"No landmarks y...
14:02:25.722546 POST /session/45cfdb12-ab9b-46d9-b6a9-00fc1d4cd0e7/element [20.358125ms] ERR:404 body={"strategy":"-android uiautomator","selector":"new UiSelector().textMatches(\"(?is).*\\QNo landmarks...
14:02:25.728602 POST /session/45cfdb12-ab9b-46d9-b6a9-00fc1d4cd0e7/element [5.979875ms] ERR:404 body={"strategy":"-android uiautomator","selector":"new UiSelector().descriptionMatches(\"(?is).*\\QNo la...
14:02:25.737631 POST /session/45cfdb12-ab9b-46d9-b6a9-00fc1d4cd0e7/element [8.948167ms] ERR:404 body={"strategy":"-android uiautomator","selector":"new UiSelector().textContains(\"No landmarks yet\")"}
14:02:25.754114 POST /session/45cfdb12-ab9b-46d9-b6a9-00fc1d4cd0e7/element [16.417417ms] ERR:404 body={"strategy":"-android uiautomator","selector":"new UiSelector().descriptionContains(\"No landmarks y...
14:02:25.759846 POST /session/45cfdb12-ab9b-46d9-b6a9-00fc1d4cd0e7/element [5.603792ms] ERR:404 body={"strategy":"-android uiautomator","selector":"new UiSelector().textMatches(\"(?is).*\\QNo landmarks...
14:02:25.771175 POST /session/45cfdb12-ab9b-46d9-b6a9-00fc1d4cd0e7/element [11.269584ms] ERR:404 body={"strategy":"-android uiautomator","selector":"new UiSelector().descriptionMatches(\"(?is).*\\QNo la...
14:02:25.778755 POST /session/45cfdb12-ab9b-46d9-b6a9-00fc1d4cd0e7/element [7.498625ms] ERR:404 body={"strategy":"-android uiautomator","selector":"new UiSelector().textContains(\"No landmarks yet\")"}
14:02:25.789547 POST /session/45cfdb12-ab9b-46d9-b6a9-00fc1d4cd0e7/element [10.693208ms] ERR:404 body={"strategy":"-android uiautomator","selector":"new UiSelector().descriptionContains(\"No landmarks y...
14:02:25.803319 POST /session/45cfdb12-ab9b-46d9-b6a9-00fc1d4cd0e7/element [13.70825ms] ERR:404 body={"strategy":"-android uiautomator","selector":"new UiSelector().textMatches(\"(?is).*\\QNo landmarks...
14:02:25.816778 POST /session/45cfdb12-ab9b-46d9-b6a9-00fc1d4cd0e7/element [13.346375ms] ERR:404 body={"strategy":"-android uiautomator","selector":"new UiSelector().descriptionMatches(\"(?is).*\\QNo la...
14:02:25.831488 POST /session/45cfdb12-ab9b-46d9-b6a9-00fc1d4cd0e7/element [14.598083ms] ERR:404 body={"strategy":"-android uiautomator","selector":"new UiSelector().textContains(\"No landmarks yet\")"}
14:02:25.844022 POST /session/45cfdb12-ab9b-46d9-b6a9-00fc1d4cd0e7/element [12.447042ms] ERR:404 body={"strategy":"-android uiautomator","selector":"new UiSelector().descriptionContains(\"No landmarks y...
14:02:25.855866 POST /session/45cfdb12-ab9b-46d9-b6a9-00fc1d4cd0e7/element [11.757125ms] ERR:404 body={"strategy":"-android uiautomator","selector":"new UiSelector().textMatches(\"(?is).*\\QNo landmarks...
14:02:25.867945 POST /session/45cfdb12-ab9b-46d9-b6a9-00fc1d4cd0e7/element [11.99275ms] ERR:404 body={"strategy":"-android uiautomator","selector":"new UiSelector().descriptionMatches(\"(?is).*\\QNo la...
14:02:25.879544 POST /session/45cfdb12-ab9b-46d9-b6a9-00fc1d4cd0e7/element [11.239167ms] ERR:404 body={"strategy":"-android uiautomator","selector":"new UiSelector().textContains(\"No landmarks yet\")"}
14:02:25.893867 POST /session/45cfdb12-ab9b-46d9-b6a9-00fc1d4cd0e7/element [14.242ms] ERR:404 body={"strategy":"-android uiautomator","selector":"new UiSelector().descriptionContains(\"No landmarks y...
14:02:25.902409 POST /session/45cfdb12-ab9b-46d9-b6a9-00fc1d4cd0e7/element [8.445125ms] ERR:404 body={"strategy":"-android uiautomator","selector":"new UiSelector().textMatches(\"(?is).*\\QNo landmarks...
14:02:25.916075 POST /session/45cfdb12-ab9b-46d9-b6a9-00fc1d4cd0e7/element [13.5925ms] ERR:404 body={"strategy":"-android uiautomator","selector":"new UiSelector().descriptionMatches(\"(?is).*\\QNo la...
14:02:25.927598 POST /session/45cfdb12-ab9b-46d9-b6a9-00fc1d4cd0e7/element [11.430833ms] ERR:404 body={"strategy":"-android uiautomator","selector":"new UiSelector().textContains(\"No landmarks yet\")"}
14:02:25.937768 POST /session/45cfdb12-ab9b-46d9-b6a9-00fc1d4cd0e7/element [10.08325ms] ERR:404 body={"strategy":"-android uiautomator","selector":"new UiSelector().descriptionContains(\"No landmarks y...
14:02:25.949875 POST /session/45cfdb12-ab9b-46d9-b6a9-00fc1d4cd0e7/element [12.01325ms] ERR:404 body={"strategy":"-android uiautomator","selector":"new UiSelector().textMatches(\"(?is).*\\QNo landmarks...
14:02:25.969854 POST /session/45cfdb12-ab9b-46d9-b6a9-00fc1d4cd0e7/element [19.883125ms] ERR:404 body={"strategy":"-android uiautomator","selector":"new UiSelector().descriptionMatches(\"(?is).*\\QNo la...
14:02:25.991042 POST /session/45cfdb12-ab9b-46d9-b6a9-00fc1d4cd0e7/element [21.080541ms] ERR:404 body={"strategy":"-android uiautomator","selector":"new UiSelector().textContains(\"No landmarks yet\")"}
14:02:26.003761 POST /session/45cfdb12-ab9b-46d9-b6a9-00fc1d4cd0e7/element [12.625708ms] ERR:404 body={"strategy":"-android uiautomator","selector":"new UiSelector().descriptionContains(\"No landmarks y...
14:02:26.014585 POST /session/45cfdb12-ab9b-46d9-b6a9-00fc1d4cd0e7/element [10.742833ms] ERR:404 body={"strategy":"-android uiautomator","selector":"new UiSelector().textMatches(\"(?is).*\\QNo landmarks...
14:02:26.026647 POST /session/45cfdb12-ab9b-46d9-b6a9-00fc1d4cd0e7/element [11.984958ms] ERR:404 body={"strategy":"-android uiautomator","selector":"new UiSelector().descriptionMatches(\"(?is).*\\QNo la...
14:02:26.032802 POST /session/45cfdb12-ab9b-46d9-b6a9-00fc1d4cd0e7/element [6.01075ms] ERR:404 body={"strategy":"-android uiautomator","selector":"new UiSelector().textContains(\"No landmarks yet\")"}
14:02:26.047077 POST /session/45cfdb12-ab9b-46d9-b6a9-00fc1d4cd0e7/element [14.193791ms] ERR:404 body={"strategy":"-android uiautomator","selector":"new UiSelector().descriptionContains(\"No landmarks y...
14:02:26.061703 POST /session/45cfdb12-ab9b-46d9-b6a9-00fc1d4cd0e7/element [14.519333ms] ERR:404 body={"strategy":"-android uiautomator","selector":"new UiSelector().textMatches(\"(?is).*\\QNo landmarks...
14:02:26.076392 POST /session/45cfdb12-ab9b-46d9-b6a9-00fc1d4cd0e7/element [14.61525ms] ERR:404 body={"strategy":"-android uiautomator","selector":"new UiSelector().descriptionMatches(\"(?is).*\\QNo la...
14:02:26.090357 POST /session/45cfdb12-ab9b-46d9-b6a9-00fc1d4cd0e7/element [13.860292ms] ERR:404 body={"strategy":"-android uiautomator","selector":"new UiSelector().textContains(\"No landmarks yet\")"}
14:02:26.106747 POST /session/45cfdb12-ab9b-46d9-b6a9-00fc1d4cd0e7/element [16.306583ms] ERR:404 body={"strategy":"-android uiautomator","selector":"new UiSelector().descriptionContains(\"No landmarks y...
14:02:26.115947 POST /session/45cfdb12-ab9b-46d9-b6a9-00fc1d4cd0e7/element [9.128709ms] ERR:404 body={"strategy":"-android uiautomator","selector":"new UiSelector().textMatches(\"(?is).*\\QNo landmarks...
14:02:26.121145 POST /session/45cfdb12-ab9b-46d9-b6a9-00fc1d4cd0e7/element [5.116833ms] ERR:404 body={"strategy":"-android uiautomator","selector":"new UiSelector().descriptionMatches(\"(?is).*\\QNo la...
14:02:26.142560 GET /session/45cfdb12-ab9b-46d9-b6a9-00fc1d4cd0e7/source [20.67725ms] OK body=
14:02:26.156251 POST /session/45cfdb12-ab9b-46d9-b6a9-00fc1d4cd0e7/element [12.874042ms] ERR:404 body={"strategy":"-android uiautomator","selector":"new UiSelector().textContains(\"No landmarks yet\")"}
14:02:26.176293 POST /session/45cfdb12-ab9b-46d9-b6a9-00fc1d4cd0e7/element [19.946541ms] ERR:404 body={"strategy":"-android uiautomator","selector":"new UiSelector().descriptionContains(\"No landmarks y...
14:02:26.192054 POST /session/45cfdb12-ab9b-46d9-b6a9-00fc1d4cd0e7/element [15.663917ms] ERR:404 body={"strategy":"-android uiautomator","selector":"new UiSelector().textMatches(\"(?is).*\\QNo landmarks...
14:02:26.204822 POST /session/45cfdb12-ab9b-46d9-b6a9-00fc1d4cd0e7/element [12.665375ms] ERR:404 body={"strategy":"-android uiautomator","selector":"new UiSelector().descriptionMatches(\"(?is).*\\QNo la...
14:02:26.212338 POST /session/45cfdb12-ab9b-46d9-b6a9-00fc1d4cd0e7/element [7.430583ms] ERR:404 body={"strategy":"-android uiautomator","selector":"new UiSelector().textContains(\"No landmarks yet\")"}
14:02:26.226741 POST /session/45cfdb12-ab9b-46d9-b6a9-00fc1d4cd0e7/element [14.3065ms] ERR:404 body={"strategy":"-android uiautomator","selector":"new UiSelector().descriptionContains(\"No landmarks y...
14:02:26.231904 POST /session/45cfdb12-ab9b-46d9-b6a9-00fc1d4cd0e7/element [5.079542ms] ERR:404 body={"strategy":"-android uiautomator","selector":"new UiSelector().textMatches(\"(?is).*\\QNo landmarks...
14:02:26.238195 POST /session/45cfdb12-ab9b-46d9-b6a9-00fc1d4cd0e7/element [6.216167ms] ERR:404 body={"strategy":"-android uiautomator","selector":"new UiSelector().descriptionMatches(\"(?is).*\\QNo la...
14:02:26.256177 POST /session/45cfdb12-ab9b-46d9-b6a9-00fc1d4cd0e7/element [17.8745ms] ERR:404 body={"strategy":"-android uiautomator","selector":"new UiSelector().textContains(\"No landmarks yet\")"}
14:02:26.273502 POST /session/45cfdb12-ab9b-46d9-b6a9-00fc1d4cd0e7/element [17.225125ms] ERR:404 body={"strategy":"-android uiautomator","selector":"new UiSelector().descriptionContains(\"No landmarks y...
14:02:26.298202 POST /session/45cfdb12-ab9b-46d9-b6a9-00fc1d4cd0e7/element [24.600833ms] ERR:404 body={"strategy":"-android uiautomator","selector":"new UiSelector().textMatches(\"(?is).*\\QNo landmarks...
14:02:26.312399 POST /session/45cfdb12-ab9b-46d9-b6a9-00fc1d4cd0e7/element [14.082042ms] ERR:404 body={"strategy":"-android uiautomator","selector":"new UiSelector().descriptionMatches(\"(?is).*\\QNo la...
14:02:26.328598 POST /session/45cfdb12-ab9b-46d9-b6a9-00fc1d4cd0e7/element [16.117125ms] ERR:404 body={"strategy":"-android uiautomator","selector":"new UiSelector().textContains(\"No landmarks yet\")"}
14:02:26.341308 POST /session/45cfdb12-ab9b-46d9-b6a9-00fc1d4cd0e7/element [12.61525ms] ERR:404 body={"strategy":"-android uiautomator","selector":"new UiSelector().descriptionContains(\"No landmarks y...
14:02:26.349100 POST /session/45cfdb12-ab9b-46d9-b6a9-00fc1d4cd0e7/element [7.660709ms] ERR:404 body={"strategy":"-android uiautomator","selector":"new UiSelector().textMatches(\"(?is).*\\QNo landmarks...
14:02:26.355659 POST /session/45cfdb12-ab9b-46d9-b6a9-00fc1d4cd0e7/element [6.44625ms] ERR:404 body={"strategy":"-android uiautomator","selector":"new UiSelector().descriptionMatches(\"(?is).*\\QNo la...
14:02:26.385590 POST /session/45cfdb12-ab9b-46d9-b6a9-00fc1d4cd0e7/element [29.766875ms] ERR:404 body={"strategy":"-android uiautomator","selector":"new UiSelector().textContains(\"No landmarks yet\")"}
14:02:26.396637 POST /session/45cfdb12-ab9b-46d9-b6a9-00fc1d4cd0e7/element [10.92825ms] ERR:404 body={"strategy":"-android uiautomator","selector":"new UiSelector().descriptionContains(\"No landmarks y...
14:02:26.413943 POST /session/45cfdb12-ab9b-46d9-b6a9-00fc1d4cd0e7/element [17.214666ms] ERR:404 body={"strategy":"-android uiautomator","selector":"new UiSelector().textMatches(\"(?is).*\\QNo landmarks...
14:02:26.431276 POST /session/45cfdb12-ab9b-46d9-b6a9-00fc1d4cd0e7/element [17.241125ms] ERR:404 body={"strategy":"-android uiautomator","selector":"new UiSelector().descriptionMatches(\"(?is).*\\QNo la...
14:02:26.445282 POST /session/45cfdb12-ab9b-46d9-b6a9-00fc1d4cd0e7/element [13.861083ms] ERR:404 body={"strategy":"-android uiautomator","selector":"new UiSelector().textContains(\"No landmarks yet\")"}
14:02:26.462459 POST /session/45cfdb12-ab9b-46d9-b6a9-00fc1d4cd0e7/element [17.072292ms] ERR:404 body={"strategy":"-android uiautomator","selector":"new UiSelector().descriptionContains(\"No landmarks y...
14:02:26.476548 POST /session/45cfdb12-ab9b-46d9-b6a9-00fc1d4cd0e7/element [13.991583ms] ERR:404 body={"strategy":"-android uiautomator","selector":"new UiSelector().textMatches(\"(?is).*\\QNo landmarks...
14:02:26.488224 POST /session/45cfdb12-ab9b-46d9-b6a9-00fc1d4cd0e7/element [11.57325ms] ERR:404 body={"strategy":"-android uiautomator","selector":"new UiSelector().descriptionMatches(\"(?is).*\\QNo la...
14:02:26.501332 POST /session/45cfdb12-ab9b-46d9-b6a9-00fc1d4cd0e7/element [13.012833ms] ERR:404 body={"strategy":"-android uiautomator","selector":"new UiSelector().textContains(\"No landmarks yet\")"}
14:02:26.515264 POST /session/45cfdb12-ab9b-46d9-b6a9-00fc1d4cd0e7/element [13.842167ms] ERR:404 body={"strategy":"-android uiautomator","selector":"new UiSelector().descriptionContains(\"No landmarks y...
14:02:26.521203 POST /session/45cfdb12-ab9b-46d9-b6a9-00fc1d4cd0e7/element [5.851334ms] ERR:404 body={"strategy":"-android uiautomator","selector":"new UiSelector().textMatches(\"(?is).*\\QNo landmarks...
14:02:26.530690 POST /session/45cfdb12-ab9b-46d9-b6a9-00fc1d4cd0e7/element [9.405459ms] ERR:404 body={"strategy":"-android uiautomator","selector":"new UiSelector().descriptionMatches(\"(?is).*\\QNo la...
14:02:26.541250 POST /session/45cfdb12-ab9b-46d9-b6a9-00fc1d4cd0e7/element [10.492083ms] ERR:404 body={"strategy":"-android uiautomator","selector":"new UiSelector().textContains(\"No landmarks yet\")"}
14:02:26.556160 POST /session/45cfdb12-ab9b-46d9-b6a9-00fc1d4cd0e7/element [14.815583ms] ERR:404 body={"strategy":"-android uiautomator","selector":"new UiSelector().descriptionContains(\"No landmarks y...
14:02:26.570198 POST /session/45cfdb12-ab9b-46d9-b6a9-00fc1d4cd0e7/element [13.937709ms] ERR:404 body={"strategy":"-android uiautomator","selector":"new UiSelector().textMatches(\"(?is).*\\QNo landmarks...
14:02:26.582063 POST /session/45cfdb12-ab9b-46d9-b6a9-00fc1d4cd0e7/element [11.775666ms] ERR:404 body={"strategy":"-android uiautomator","selector":"new UiSelector().descriptionMatches(\"(?is).*\\QNo la...
14:02:26.593074 POST /session/45cfdb12-ab9b-46d9-b6a9-00fc1d4cd0e7/element [10.915042ms] ERR:404 body={"strategy":"-android uiautomator","selector":"new UiSelector().textContains(\"No landmarks yet\")"}
14:02:26.605745 POST /session/45cfdb12-ab9b-46d9-b6a9-00fc1d4cd0e7/element [12.559333ms] ERR:404 body={"strategy":"-android uiautomator","selector":"new UiSelector().descriptionContains(\"No landmarks y...
14:02:26.615257 POST /session/45cfdb12-ab9b-46d9-b6a9-00fc1d4cd0e7/element [9.428834ms] ERR:404 body={"strategy":"-android uiautomator","selector":"new UiSelector().textMatches(\"(?is).*\\QNo landmarks...
14:02:26.626829 POST /session/45cfdb12-ab9b-46d9-b6a9-00fc1d4cd0e7/element [11.480125ms] ERR:404 body={"strategy":"-android uiautomator","selector":"new UiSelector().descriptionMatches(\"(?is).*\\QNo la...
14:02:26.640286 POST /session/45cfdb12-ab9b-46d9-b6a9-00fc1d4cd0e7/element [13.352458ms] ERR:404 body={"strategy":"-android uiautomator","selector":"new UiSelector().textContains(\"No landmarks yet\")"}
14:02:26.655642 POST /session/45cfdb12-ab9b-46d9-b6a9-00fc1d4cd0e7/element [15.250166ms] ERR:404 body={"strategy":"-android uiautomator","selector":"new UiSelector().descriptionContains(\"No landmarks y...
14:02:26.672487 POST /session/45cfdb12-ab9b-46d9-b6a9-00fc1d4cd0e7/element [16.435667ms] ERR:404 body={"strategy":"-android uiautomator","selector":"new UiSelector().textMatches(\"(?is).*\\QNo landmarks...
14:02:26.688875 POST /session/45cfdb12-ab9b-46d9-b6a9-00fc1d4cd0e7/element [16.284417ms] ERR:404 body={"strategy":"-android uiautomator","selector":"new UiSelector().descriptionMatches(\"(?is).*\\QNo la...
14:02:26.704401 POST /session/45cfdb12-ab9b-46d9-b6a9-00fc1d4cd0e7/element [15.407875ms] ERR:404 body={"strategy":"-android uiautomator","selector":"new UiSelector().textContains(\"No landmarks yet\")"}
14:02:26.720420 POST /session/45cfdb12-ab9b-46d9-b6a9-00fc1d4cd0e7/element [15.923084ms] ERR:404 body={"strategy":"-android uiautomator","selector":"new UiSelector().descriptionContains(\"No landmarks y...
14:02:26.738365 POST /session/45cfdb12-ab9b-46d9-b6a9-00fc1d4cd0e7/element [17.804708ms] ERR:404 body={"strategy":"-android uiautomator","selector":"new UiSelector().textMatches(\"(?is).*\\QNo landmarks...
14:02:26.754063 POST /session/45cfdb12-ab9b-46d9-b6a9-00fc1d4cd0e7/element [15.594334ms] ERR:404 body={"strategy":"-android uiautomator","selector":"new UiSelector().descriptionMatches(\"(?is).*\\QNo la...
14:02:26.763183 POST /session/45cfdb12-ab9b-46d9-b6a9-00fc1d4cd0e7/element [9.017084ms] ERR:404 body={"strategy":"-android uiautomator","selector":"new UiSelector().textContains(\"No landmarks yet\")"}
14:02:26.776036 POST /session/45cfdb12-ab9b-46d9-b6a9-00fc1d4cd0e7/element [12.769458ms] ERR:404 body={"strategy":"-android uiautomator","selector":"new UiSelector().descriptionContains(\"No landmarks y...
14:02:26.790483 POST /session/45cfdb12-ab9b-46d9-b6a9-00fc1d4cd0e7/element [14.340834ms] ERR:404 body={"strategy":"-android uiautomator","selector":"new UiSelector().textMatches(\"(?is).*\\QNo landmarks...
14:02:26.804413 POST /session/45cfdb12-ab9b-46d9-b6a9-00fc1d4cd0e7/element [13.830125ms] ERR:404 body={"strategy":"-android uiautomator","selector":"new UiSelector().descriptionMatches(\"(?is).*\\QNo la...
14:02:26.822139 POST /session/45cfdb12-ab9b-46d9-b6a9-00fc1d4cd0e7/element [17.642834ms] ERR:404 body={"strategy":"-android uiautomator","selector":"new UiSelector().textContains(\"No landmarks yet\")"}
14:02:26.838676 POST /session/45cfdb12-ab9b-46d9-b6a9-00fc1d4cd0e7/element [16.439708ms] ERR:404 body={"strategy":"-android uiautomator","selector":"new UiSelector().descriptionContains(\"No landmarks y...
14:02:26.852624 POST /session/45cfdb12-ab9b-46d9-b6a9-00fc1d4cd0e7/element [13.868625ms] ERR:404 body={"strategy":"-android uiautomator","selector":"new UiSelector().textMatches(\"(?is).*\\QNo landmarks...
14:02:26.865287 POST /session/45cfdb12-ab9b-46d9-b6a9-00fc1d4cd0e7/element [12.558708ms] ERR:404 body={"strategy":"-android uiautomator","selector":"new UiSelector().descriptionMatches(\"(?is).*\\QNo la...
14:02:26.870220 POST /session/45cfdb12-ab9b-46d9-b6a9-00fc1d4cd0e7/element [4.85225ms] ERR:404 body={"strategy":"-android uiautomator","selector":"new UiSelector().textContains(\"No landmarks yet\")"}
14:02:26.877066 POST /session/45cfdb12-ab9b-46d9-b6a9-00fc1d4cd0e7/element [6.760583ms] ERR:404 body={"strategy":"-android uiautomator","selector":"new UiSelector().descriptionContains(\"No landmarks y...
14:02:26.889397 POST /session/45cfdb12-ab9b-46d9-b6a9-00fc1d4cd0e7/element [12.235875ms] ERR:404 body={"strategy":"-android uiautomator","selector":"new UiSelector().textMatches(\"(?is).*\\QNo landmarks...
14:02:26.903415 POST /session/45cfdb12-ab9b-46d9-b6a9-00fc1d4cd0e7/element [13.89575ms] ERR:404 body={"strategy":"-android uiautomator","selector":"new UiSelector().descriptionMatches(\"(?is).*\\QNo la...
14:02:26.918018 POST /session/45cfdb12-ab9b-46d9-b6a9-00fc1d4cd0e7/element [14.533542ms] ERR:404 body={"strategy":"-android uiautomator","selector":"new UiSelector().textContains(\"No landmarks yet\")"}
14:02:26.929993 POST /session/45cfdb12-ab9b-46d9-b6a9-00fc1d4cd0e7/element [11.799875ms] ERR:404 body={"strategy":"-android uiautomator","selector":"new UiSelector().descriptionContains(\"No landmarks y...
14:02:26.944394 POST /session/45cfdb12-ab9b-46d9-b6a9-00fc1d4cd0e7/element [14.338ms] ERR:404 body={"strategy":"-android uiautomator","selector":"new UiSelector().textMatches(\"(?is).*\\QNo landmarks...
14:02:26.958424 POST /session/45cfdb12-ab9b-46d9-b6a9-00fc1d4cd0e7/element [13.940375ms] ERR:404 body={"strategy":"-android uiautomator","selector":"new UiSelector().descriptionMatches(\"(?is).*\\QNo la...
14:02:26.971928 POST /session/45cfdb12-ab9b-46d9-b6a9-00fc1d4cd0e7/element [13.325375ms] ERR:404 body={"strategy":"-android uiautomator","selector":"new UiSelector().textContains(\"No landmarks yet\")"}
14:02:26.984789 POST /session/45cfdb12-ab9b-46d9-b6a9-00fc1d4cd0e7/element [12.749625ms] ERR:404 body={"strategy":"-android uiautomator","selector":"new UiSelector().descriptionContains(\"No landmarks y...
14:02:26.999289 POST /session/45cfdb12-ab9b-46d9-b6a9-00fc1d4cd0e7/element [14.422125ms] ERR:404 body={"strategy":"-android uiautomator","selector":"new UiSelector().textMatches(\"(?is).*\\QNo landmarks...
14:02:27.010280 POST /session/45cfdb12-ab9b-46d9-b6a9-00fc1d4cd0e7/element [10.923041ms] ERR:404 body={"strategy":"-android uiautomator","selector":"new UiSelector().descriptionMatches(\"(?is).*\\QNo la...
14:02:27.025712 POST /session/45cfdb12-ab9b-46d9-b6a9-00fc1d4cd0e7/element [15.345917ms] ERR:404 body={"strategy":"-android uiautomator","selector":"new UiSelector().textContains(\"No landmarks yet\")"}
14:02:27.035995 POST /session/45cfdb12-ab9b-46d9-b6a9-00fc1d4cd0e7/element [10.195833ms] ERR:404 body={"strategy":"-android uiautomator","selector":"new UiSelector().descriptionContains(\"No landmarks y...
14:02:27.049685 POST /session/45cfdb12-ab9b-46d9-b6a9-00fc1d4cd0e7/element [13.600083ms] ERR:404 body={"strategy":"-android uiautomator","selector":"new UiSelector().textMatches(\"(?is).*\\QNo landmarks...
14:02:27.062581 POST /session/45cfdb12-ab9b-46d9-b6a9-00fc1d4cd0e7/element [12.755958ms] ERR:404 body={"strategy":"-android uiautomator","selector":"new UiSelector().descriptionMatches(\"(?is).*\\QNo la...
14:02:27.075254 POST /session/45cfdb12-ab9b-46d9-b6a9-00fc1d4cd0e7/element [12.554459ms] ERR:404 body={"strategy":"-android uiautomator","selector":"new UiSelector().textContains(\"No landmarks yet\")"}
14:02:27.090852 POST /session/45cfdb12-ab9b-46d9-b6a9-00fc1d4cd0e7/element [15.509792ms] ERR:404 body={"strategy":"-android uiautomator","selector":"new UiSelector().descriptionContains(\"No landmarks y...
14:02:27.106375 POST /session/45cfdb12-ab9b-46d9-b6a9-00fc1d4cd0e7/element [15.434542ms] ERR:404 body={"strategy":"-android uiautomator","selector":"new UiSelector().textMatches(\"(?is).*\\QNo landmarks...
14:02:27.119243 POST /session/45cfdb12-ab9b-46d9-b6a9-00fc1d4cd0e7/element [12.777041ms] ERR:404 body={"strategy":"-android uiautomator","selector":"new UiSelector().descriptionMatches(\"(?is).*\\QNo la...
14:02:27.128786 POST /session/45cfdb12-ab9b-46d9-b6a9-00fc1d4cd0e7/element [9.461166ms] ERR:404 body={"strategy":"-android uiautomator","selector":"new UiSelector().textContains(\"No landmarks yet\")"}
14:02:27.138205 POST /session/45cfdb12-ab9b-46d9-b6a9-00fc1d4cd0e7/element [9.34ms] ERR:404 body={"strategy":"-android uiautomator","selector":"new UiSelector().descriptionContains(\"No landmarks y...
14:02:27.153028 POST /session/45cfdb12-ab9b-46d9-b6a9-00fc1d4cd0e7/element [14.722917ms] ERR:404 body={"strategy":"-android uiautomator","selector":"new UiSelector().textMatches(\"(?is).*\\QNo landmarks...
14:02:27.169965 POST /session/45cfdb12-ab9b-46d9-b6a9-00fc1d4cd0e7/element [16.826875ms] ERR:404 body={"strategy":"-android uiautomator","selector":"new UiSelector().descriptionMatches(\"(?is).*\\QNo la...
14:02:27.187840 GET /session/45cfdb12-ab9b-46d9-b6a9-00fc1d4cd0e7/source [17.658958ms] OK body=
14:02:27.194266 POST /session/45cfdb12-ab9b-46d9-b6a9-00fc1d4cd0e7/element [5.12875ms] ERR:404 body={"strategy":"-android uiautomator","selector":"new UiSelector().textContains(\"No landmarks yet\")"}
14:02:27.198600 POST /session/45cfdb12-ab9b-46d9-b6a9-00fc1d4cd0e7/element [4.253167ms] ERR:404 body={"strategy":"-android uiautomator","selector":"new UiSelector().descriptionContains(\"No landmarks y...
14:02:27.210604 POST /session/45cfdb12-ab9b-46d9-b6a9-00fc1d4cd0e7/element [11.919084ms] ERR:404 body={"strategy":"-android uiautomator","selector":"new UiSelector().textMatches(\"(?is).*\\QNo landmarks...
14:02:27.227503 POST /session/45cfdb12-ab9b-46d9-b6a9-00fc1d4cd0e7/element [16.805625ms] ERR:404 body={"strategy":"-android uiautomator","selector":"new UiSelector().descriptionMatches(\"(?is).*\\QNo la...
14:02:27.240273 POST /session/45cfdb12-ab9b-46d9-b6a9-00fc1d4cd0e7/element [12.67525ms] ERR:404 body={"strategy":"-android uiautomator","selector":"new UiSelector().textContains(\"No landmarks yet\")"}
14:02:27.246011 POST /session/45cfdb12-ab9b-46d9-b6a9-00fc1d4cd0e7/element [5.661333ms] ERR:404 body={"strategy":"-android uiautomator","selector":"new UiSelector().descriptionContains(\"No landmarks y...
14:02:27.256667 POST /session/45cfdb12-ab9b-46d9-b6a9-00fc1d4cd0e7/element [10.570083ms] ERR:404 body={"strategy":"-android uiautomator","selector":"new UiSelector().textMatches(\"(?is).*\\QNo landmarks...
14:02:27.266885 POST /session/45cfdb12-ab9b-46d9-b6a9-00fc1d4cd0e7/element [10.143042ms] ERR:404 body={"strategy":"-android uiautomator","selector":"new UiSelector().descriptionMatches(\"(?is).*\\QNo la...
14:02:27.280417 POST /session/45cfdb12-ab9b-46d9-b6a9-00fc1d4cd0e7/element [13.433ms] ERR:404 body={"strategy":"-android uiautomator","selector":"new UiSelector().textContains(\"No landmarks yet\")"}
14:02:27.292589 POST /session/45cfdb12-ab9b-46d9-b6a9-00fc1d4cd0e7/element [12.060834ms] ERR:404 body={"strategy":"-android uiautomator","selector":"new UiSelector().descriptionContains(\"No landmarks y...
14:02:27.310513 POST /session/45cfdb12-ab9b-46d9-b6a9-00fc1d4cd0e7/element [17.792834ms] ERR:404 body={"strategy":"-android uiautomator","selector":"new UiSelector().textMatches(\"(?is).*\\QNo landmarks...
14:02:27.324883 POST /session/45cfdb12-ab9b-46d9-b6a9-00fc1d4cd0e7/element [14.2775ms] ERR:404 body={"strategy":"-android uiautomator","selector":"new UiSelector().descriptionMatches(\"(?is).*\\QNo la...
14:02:27.341176 POST /session/45cfdb12-ab9b-46d9-b6a9-00fc1d4cd0e7/element [16.202042ms] ERR:404 body={"strategy":"-android uiautomator","selector":"new UiSelector().textContains(\"No landmarks yet\")"}
14:02:27.353522 POST /session/45cfdb12-ab9b-46d9-b6a9-00fc1d4cd0e7/element [12.2325ms] ERR:404 body={"strategy":"-android uiautomator","selector":"new UiSelector().descriptionContains(\"No landmarks y...
14:02:27.366816 POST /session/45cfdb12-ab9b-46d9-b6a9-00fc1d4cd0e7/element [13.105042ms] ERR:404 body={"strategy":"-android uiautomator","selector":"new UiSelector().textMatches(\"(?is).*\\QNo landmarks...
14:02:27.382057 POST /session/45cfdb12-ab9b-46d9-b6a9-00fc1d4cd0e7/element [15.139834ms] ERR:404 body={"strategy":"-android uiautomator","selector":"new UiSelector().descriptionMatches(\"(?is).*\\QNo la...
14:02:27.399065 POST /session/45cfdb12-ab9b-46d9-b6a9-00fc1d4cd0e7/element [16.869958ms] ERR:404 body={"strategy":"-android uiautomator","selector":"new UiSelector().textContains(\"No landmarks yet\")"}
14:02:27.417923 POST /session/45cfdb12-ab9b-46d9-b6a9-00fc1d4cd0e7/element [18.729875ms] ERR:404 body={"strategy":"-android uiautomator","selector":"new UiSelector().descriptionContains(\"No landmarks y...
14:02:27.434738 POST /session/45cfdb12-ab9b-46d9-b6a9-00fc1d4cd0e7/element [16.70575ms] ERR:404 body={"strategy":"-android uiautomator","selector":"new UiSelector().textMatches(\"(?is).*\\QNo landmarks...
14:02:27.452164 POST /session/45cfdb12-ab9b-46d9-b6a9-00fc1d4cd0e7/element [17.338333ms] ERR:404 body={"strategy":"-android uiautomator","selector":"new UiSelector().descriptionMatches(\"(?is).*\\QNo la...
14:02:27.463442 POST /session/45cfdb12-ab9b-46d9-b6a9-00fc1d4cd0e7/element [11.186458ms] ERR:404 body={"strategy":"-android uiautomator","selector":"new UiSelector().textContains(\"No landmarks yet\")"}
14:02:27.479847 POST /session/45cfdb12-ab9b-46d9-b6a9-00fc1d4cd0e7/element [16.303291ms] ERR:404 body={"strategy":"-android uiautomator","selector":"new UiSelector().descriptionContains(\"No landmarks y...
14:02:27.497753 POST /session/45cfdb12-ab9b-46d9-b6a9-00fc1d4cd0e7/element [17.828334ms] ERR:404 body={"strategy":"-android uiautomator","selector":"new UiSelector().textMatches(\"(?is).*\\QNo landmarks...
14:02:27.507347 POST /session/45cfdb12-ab9b-46d9-b6a9-00fc1d4cd0e7/element [9.523625ms] ERR:404 body={"strategy":"-android uiautomator","selector":"new UiSelector().descriptionMatches(\"(?is).*\\QNo la...
14:02:27.513334 POST /session/45cfdb12-ab9b-46d9-b6a9-00fc1d4cd0e7/element [5.90175ms] ERR:404 body={"strategy":"-android uiautomator","selector":"new UiSelector().textContains(\"No landmarks yet\")"}
14:02:27.521834 POST /session/45cfdb12-ab9b-46d9-b6a9-00fc1d4cd0e7/element [8.408375ms] ERR:404 body={"strategy":"-android uiautomator","selector":"new UiSelector().descriptionContains(\"No landmarks y...
14:02:27.534244 POST /session/45cfdb12-ab9b-46d9-b6a9-00fc1d4cd0e7/element [12.28225ms] ERR:404 body={"strategy":"-android uiautomator","selector":"new UiSelector().textMatches(\"(?is).*\\QNo landmarks...
14:02:27.546588 POST /session/45cfdb12-ab9b-46d9-b6a9-00fc1d4cd0e7/element [12.209792ms] ERR:404 body={"strategy":"-android uiautomator","selector":"new UiSelector().descriptionMatches(\"(?is).*\\QNo la...
14:02:27.558889 POST /session/45cfdb12-ab9b-46d9-b6a9-00fc1d4cd0e7/element [12.197ms] ERR:404 body={"strategy":"-android uiautomator","selector":"new UiSelector().textContains(\"No landmarks yet\")"}
14:02:27.568070 POST /session/45cfdb12-ab9b-46d9-b6a9-00fc1d4cd0e7/element [9.107208ms] ERR:404 body={"strategy":"-android uiautomator","selector":"new UiSelector().descriptionContains(\"No landmarks y...
14:02:27.572904 POST /session/45cfdb12-ab9b-46d9-b6a9-00fc1d4cd0e7/element [4.743416ms] ERR:404 body={"strategy":"-android uiautomator","selector":"new UiSelector().textMatches(\"(?is).*\\QNo landmarks...
14:02:27.587791 POST /session/45cfdb12-ab9b-46d9-b6a9-00fc1d4cd0e7/element [14.786417ms] ERR:404 body={"strategy":"-android uiautomator","selector":"new UiSelector().descriptionMatches(\"(?is).*\\QNo la...
14:02:27.596632 POST /session/45cfdb12-ab9b-46d9-b6a9-00fc1d4cd0e7/element [8.736875ms] ERR:404 body={"strategy":"-android uiautomator","selector":"new UiSelector().textContains(\"No landmarks yet\")"}
14:02:27.616521 POST /session/45cfdb12-ab9b-46d9-b6a9-00fc1d4cd0e7/element [16.665084ms] ERR:404 body={"strategy":"-android uiautomator","selector":"new UiSelector().descriptionContains(\"No landmarks y...
14:02:27.622613 POST /session/45cfdb12-ab9b-46d9-b6a9-00fc1d4cd0e7/element [6.011791ms] ERR:404 body={"strategy":"-android uiautomator","selector":"new UiSelector().textMatches(\"(?is).*\\QNo landmarks...
14:02:27.635388 POST /session/45cfdb12-ab9b-46d9-b6a9-00fc1d4cd0e7/element [12.611208ms] ERR:404 body={"strategy":"-android uiautomator","selector":"new UiSelector().descriptionMatches(\"(?is).*\\QNo la...
14:02:27.651900 POST /session/45cfdb12-ab9b-46d9-b6a9-00fc1d4cd0e7/element [16.384416ms] ERR:404 body={"strategy":"-android uiautomator","selector":"new UiSelector().textContains(\"No landmarks yet\")"}
14:02:27.664537 POST /session/45cfdb12-ab9b-46d9-b6a9-00fc1d4cd0e7/element [12.483709ms] ERR:404 body={"strategy":"-android uiautomator","selector":"new UiSelector().descriptionContains(\"No landmarks y...
14:02:27.680370 POST /session/45cfdb12-ab9b-46d9-b6a9-00fc1d4cd0e7/element [15.747959ms] ERR:404 body={"strategy":"-android uiautomator","selector":"new UiSelector().textMatches(\"(?is).*\\QNo landmarks...
14:02:27.690778 POST /session/45cfdb12-ab9b-46d9-b6a9-00fc1d4cd0e7/element [10.308792ms] ERR:404 body={"strategy":"-android uiautomator","selector":"new UiSelector().descriptionMatches(\"(?is).*\\QNo la...
14:02:27.699194 POST /session/45cfdb12-ab9b-46d9-b6a9-00fc1d4cd0e7/element [8.24ms] ERR:404 body={"strategy":"-android uiautomator","selector":"new UiSelector().textContains(\"No landmarks yet\")"}
14:02:27.714213 POST /session/45cfdb12-ab9b-46d9-b6a9-00fc1d4cd0e7/element [14.876417ms] ERR:404 body={"strategy":"-android uiautomator","selector":"new UiSelector().descriptionContains(\"No landmarks y...
14:02:27.729324 POST /session/45cfdb12-ab9b-46d9-b6a9-00fc1d4cd0e7/element [14.99625ms] ERR:404 body={"strategy":"-android uiautomator","selector":"new UiSelector().textMatches(\"(?is).*\\QNo landmarks...
14:02:27.741178 POST /session/45cfdb12-ab9b-46d9-b6a9-00fc1d4cd0e7/element [11.769291ms] ERR:404 body={"strategy":"-android uiautomator","selector":"new UiSelector().descriptionMatches(\"(?is).*\\QNo la...
14:02:27.751195 POST /session/45cfdb12-ab9b-46d9-b6a9-00fc1d4cd0e7/element [9.890541ms] ERR:404 body={"strategy":"-android uiautomator","selector":"new UiSelector().textContains(\"No landmarks yet\")"}
14:02:27.767887 POST /session/45cfdb12-ab9b-46d9-b6a9-00fc1d4cd0e7/element [16.600125ms] ERR:404 body={"strategy":"-android uiautomator","selector":"new UiSelector().descriptionContains(\"No landmarks y...
14:02:27.786102 POST /session/45cfdb12-ab9b-46d9-b6a9-00fc1d4cd0e7/element [18.09325ms] ERR:404 body={"strategy":"-android uiautomator","selector":"new UiSelector().textMatches(\"(?is).*\\QNo landmarks...
14:02:27.803663 POST /session/45cfdb12-ab9b-46d9-b6a9-00fc1d4cd0e7/element [17.461125ms] ERR:404 body={"strategy":"-android uiautomator","selector":"new UiSelector().descriptionMatches(\"(?is).*\\QNo la...
14:02:27.817851 POST /session/45cfdb12-ab9b-46d9-b6a9-00fc1d4cd0e7/element [13.99425ms] ERR:404 body={"strategy":"-android uiautomator","selector":"new UiSelector().textContains(\"No landmarks yet\")"}
14:02:27.833148 POST /session/45cfdb12-ab9b-46d9-b6a9-00fc1d4cd0e7/element [15.18925ms] ERR:404 body={"strategy":"-android uiautomator","selector":"new UiSelector().descriptionContains(\"No landmarks y...
14:02:27.852675 POST /session/45cfdb12-ab9b-46d9-b6a9-00fc1d4cd0e7/element [19.424417ms] ERR:404 body={"strategy":"-android uiautomator","selector":"new UiSelector().textMatches(\"(?is).*\\QNo landmarks...
14:02:27.860865 POST /session/45cfdb12-ab9b-46d9-b6a9-00fc1d4cd0e7/element [8.096167ms] ERR:404 body={"strategy":"-android uiautomator","selector":"new UiSelector().descriptionMatches(\"(?is).*\\QNo la...
14:02:27.875061 POST /session/45cfdb12-ab9b-46d9-b6a9-00fc1d4cd0e7/element [14.066792ms] ERR:404 body={"strategy":"-android uiautomator","selector":"new UiSelector().textContains(\"No landmarks yet\")"}
14:02:27.887788 POST /session/45cfdb12-ab9b-46d9-b6a9-00fc1d4cd0e7/element [12.634333ms] ERR:404 body={"strategy":"-android uiautomator","selector":"new UiSelector().descriptionContains(\"No landmarks y...
14:02:27.899647 POST /session/45cfdb12-ab9b-46d9-b6a9-00fc1d4cd0e7/element [11.748125ms] ERR:404 body={"strategy":"-android uiautomator","selector":"new UiSelector().textMatches(\"(?is).*\\QNo landmarks...
14:02:27.914436 POST /session/45cfdb12-ab9b-46d9-b6a9-00fc1d4cd0e7/element [14.679ms] ERR:404 body={"strategy":"-android uiautomator","selector":"new UiSelector().descriptionMatches(\"(?is).*\\QNo la...
14:02:27.926039 POST /session/45cfdb12-ab9b-46d9-b6a9-00fc1d4cd0e7/element [11.519958ms] ERR:404 body={"strategy":"-android uiautomator","selector":"new UiSelector().textContains(\"No landmarks yet\")"}
14:02:27.942033 POST /session/45cfdb12-ab9b-46d9-b6a9-00fc1d4cd0e7/element [15.905792ms] ERR:404 body={"strategy":"-android uiautomator","selector":"new UiSelector().descriptionContains(\"No landmarks y...
14:02:27.959597 POST /session/45cfdb12-ab9b-46d9-b6a9-00fc1d4cd0e7/element [17.478416ms] ERR:404 body={"strategy":"-android uiautomator","selector":"new UiSelector().textMatches(\"(?is).*\\QNo landmarks...
14:02:27.971832 POST /session/45cfdb12-ab9b-46d9-b6a9-00fc1d4cd0e7/element [12.122ms] ERR:404 body={"strategy":"-android uiautomator","selector":"new UiSelector().descriptionMatches(\"(?is).*\\QNo la...
14:02:27.988350 POST /session/45cfdb12-ab9b-46d9-b6a9-00fc1d4cd0e7/element [16.436916ms] ERR:404 body={"strategy":"-android uiautomator","selector":"new UiSelector().textContains(\"No landmarks yet\")"}
14:02:28.005496 POST /session/45cfdb12-ab9b-46d9-b6a9-00fc1d4cd0e7/element [17.035666ms] ERR:404 body={"strategy":"-android uiautomator","selector":"new UiSelector().descriptionContains(\"No landmarks y...
14:02:28.019971 POST /session/45cfdb12-ab9b-46d9-b6a9-00fc1d4cd0e7/element [14.367708ms] ERR:404 body={"strategy":"-android uiautomator","selector":"new UiSelector().textMatches(\"(?is).*\\QNo landmarks...
14:02:28.032846 POST /session/45cfdb12-ab9b-46d9-b6a9-00fc1d4cd0e7/element [12.782375ms] ERR:404 body={"strategy":"-android uiautomator","selector":"new UiSelector().descriptionMatches(\"(?is).*\\QNo la...
14:02:28.040260 POST /session/45cfdb12-ab9b-46d9-b6a9-00fc1d4cd0e7/element [7.267583ms] ERR:404 body={"strategy":"-android uiautomator","selector":"new UiSelector().textContains(\"No landmarks yet\")"}
14:02:28.055319 POST /session/45cfdb12-ab9b-46d9-b6a9-00fc1d4cd0e7/element [14.901708ms] ERR:404 body={"strategy":"-android uiautomator","selector":"new UiSelector().descriptionContains(\"No landmarks y...
14:02:28.070851 POST /session/45cfdb12-ab9b-46d9-b6a9-00fc1d4cd0e7/element [15.4275ms] ERR:404 body={"strategy":"-android uiautomator","selector":"new UiSelector().textMatches(\"(?is).*\\QNo landmarks...
14:02:28.084898 POST /session/45cfdb12-ab9b-46d9-b6a9-00fc1d4cd0e7/element [13.955833ms] ERR:404 body={"strategy":"-android uiautomator","selector":"new UiSelector().descriptionMatches(\"(?is).*\\QNo la...
14:02:28.091765 POST /session/45cfdb12-ab9b-46d9-b6a9-00fc1d4cd0e7/element [6.734667ms] ERR:404 body={"strategy":"-android uiautomator","selector":"new UiSelector().textContains(\"No landmarks yet\")"}
14:02:28.099525 POST /session/45cfdb12-ab9b-46d9-b6a9-00fc1d4cd0e7/element [7.654459ms] ERR:404 body={"strategy":"-android uiautomator","selector":"new UiSelector().descriptionContains(\"No landmarks y...
14:02:28.119451 POST /session/45cfdb12-ab9b-46d9-b6a9-00fc1d4cd0e7/element [19.804958ms] ERR:404 body={"strategy":"-android uiautomator","selector":"new UiSelector().textMatches(\"(?is).*\\QNo landmarks...
14:02:28.138232 POST /session/45cfdb12-ab9b-46d9-b6a9-00fc1d4cd0e7/element [18.697125ms] ERR:404 body={"strategy":"-android uiautomator","selector":"new UiSelector().descriptionMatches(\"(?is).*\\QNo la...
14:02:28.156691 POST /session/45cfdb12-ab9b-46d9-b6a9-00fc1d4cd0e7/element [18.351584ms] ERR:404 body={"strategy":"-android uiautomator","selector":"new UiSelector().textContains(\"No landmarks yet\")"}
14:02:28.171569 POST /session/45cfdb12-ab9b-46d9-b6a9-00fc1d4cd0e7/element [14.785792ms] ERR:404 body={"strategy":"-android uiautomator","selector":"new UiSelector().descriptionContains(\"No landmarks y...
14:02:28.187937 POST /session/45cfdb12-ab9b-46d9-b6a9-00fc1d4cd0e7/element [16.26975ms] ERR:404 body={"strategy":"-android uiautomator","selector":"new UiSelector().textMatches(\"(?is).*\\QNo landmarks...
14:02:28.203505 POST /session/45cfdb12-ab9b-46d9-b6a9-00fc1d4cd0e7/element [15.457917ms] ERR:404 body={"strategy":"-android uiautomator","selector":"new UiSelector().descriptionMatches(\"(?is).*\\QNo la...
14:02:28.221586 GET /session/45cfdb12-ab9b-46d9-b6a9-00fc1d4cd0e7/source [17.307208ms] OK body=
14:02:28.236082 POST /session/45cfdb12-ab9b-46d9-b6a9-00fc1d4cd0e7/element [13.6375ms] ERR:404 body={"strategy":"-android uiautomator","selector":"new UiSelector().textContains(\"No landmarks yet\")"}
14:02:28.248006 POST /session/45cfdb12-ab9b-46d9-b6a9-00fc1d4cd0e7/element [11.752917ms] ERR:404 body={"strategy":"-android uiautomator","selector":"new UiSelector().descriptionContains(\"No landmarks y...
14:02:28.262449 POST /session/45cfdb12-ab9b-46d9-b6a9-00fc1d4cd0e7/element [14.332667ms] ERR:404 body={"strategy":"-android uiautomator","selector":"new UiSelector().textMatches(\"(?is).*\\QNo landmarks...
14:02:28.277253 POST /session/45cfdb12-ab9b-46d9-b6a9-00fc1d4cd0e7/element [14.695083ms] ERR:404 body={"strategy":"-android uiautomator","selector":"new UiSelector().descriptionMatches(\"(?is).*\\QNo la...
14:02:28.286704 POST /session/45cfdb12-ab9b-46d9-b6a9-00fc1d4cd0e7/element [9.365583ms] ERR:404 body={"strategy":"-android uiautomator","selector":"new UiSelector().textContains(\"No landmarks yet\")"}
14:02:28.302417 POST /session/45cfdb12-ab9b-46d9-b6a9-00fc1d4cd0e7/element [15.59825ms] ERR:404 body={"strategy":"-android uiautomator","selector":"new UiSelector().descriptionContains(\"No landmarks y...
14:02:28.316389 POST /session/45cfdb12-ab9b-46d9-b6a9-00fc1d4cd0e7/element [13.868084ms] ERR:404 body={"strategy":"-android uiautomator","selector":"new UiSelector().textMatches(\"(?is).*\\QNo landmarks...
14:02:28.324834 POST /session/45cfdb12-ab9b-46d9-b6a9-00fc1d4cd0e7/element [8.349167ms] ERR:404 body={"strategy":"-android uiautomator","selector":"new UiSelector().descriptionMatches(\"(?is).*\\QNo la...
14:02:28.338749 POST /session/45cfdb12-ab9b-46d9-b6a9-00fc1d4cd0e7/element [13.791333ms] ERR:404 body={"strategy":"-android uiautomator","selector":"new UiSelector().textContains(\"No landmarks yet\")"}
14:02:28.347997 POST /session/45cfdb12-ab9b-46d9-b6a9-00fc1d4cd0e7/element [9.168167ms] ERR:404 body={"strategy":"-android uiautomator","selector":"new UiSelector().descriptionContains(\"No landmarks y...
14:02:28.356804 POST /session/45cfdb12-ab9b-46d9-b6a9-00fc1d4cd0e7/element [8.74375ms] ERR:404 body={"strategy":"-android uiautomator","selector":"new UiSelector().textMatches(\"(?is).*\\QNo landmarks...
14:02:28.372125 POST /session/45cfdb12-ab9b-46d9-b6a9-00fc1d4cd0e7/element [15.248916ms] ERR:404 body={"strategy":"-android uiautomator","selector":"new UiSelector().descriptionMatches(\"(?is).*\\QNo la...
14:02:28.387274 POST /session/45cfdb12-ab9b-46d9-b6a9-00fc1d4cd0e7/element [15.03925ms] ERR:404 body={"strategy":"-android uiautomator","selector":"new UiSelector().textContains(\"No landmarks yet\")"}
14:02:28.406963 POST /session/45cfdb12-ab9b-46d9-b6a9-00fc1d4cd0e7/element [19.594833ms] ERR:404 body={"strategy":"-android uiautomator","selector":"new UiSelector().descriptionContains(\"No landmarks y...
14:02:28.420769 POST /session/45cfdb12-ab9b-46d9-b6a9-00fc1d4cd0e7/element [13.710042ms] ERR:404 body={"strategy":"-android uiautomator","selector":"new UiSelector().textMatches(\"(?is).*\\QNo landmarks...
14:02:28.430847 POST /session/45cfdb12-ab9b-46d9-b6a9-00fc1d4cd0e7/element [9.989833ms] ERR:404 body={"strategy":"-android uiautomator","selector":"new UiSelector().descriptionMatches(\"(?is).*\\QNo la...
14:02:28.444753 POST /session/45cfdb12-ab9b-46d9-b6a9-00fc1d4cd0e7/element [13.801667ms] ERR:404 body={"strategy":"-android uiautomator","selector":"new UiSelector().textContains(\"No landmarks yet\")"}
14:02:28.453834 POST /session/45cfdb12-ab9b-46d9-b6a9-00fc1d4cd0e7/element [8.970708ms] ERR:404 body={"strategy":"-android uiautomator","selector":"new UiSelector().descriptionContains(\"No landmarks y...
14:02:28.471694 POST /session/45cfdb12-ab9b-46d9-b6a9-00fc1d4cd0e7/element [17.76425ms] ERR:404 body={"strategy":"-android uiautomator","selector":"new UiSelector().textMatches(\"(?is).*\\QNo landmarks...
14:02:28.485887 POST /session/45cfdb12-ab9b-46d9-b6a9-00fc1d4cd0e7/element [14.085459ms] ERR:404 body={"strategy":"-android uiautomator","selector":"new UiSelector().descriptionMatches(\"(?is).*\\QNo la...
14:02:28.504008 POST /session/45cfdb12-ab9b-46d9-b6a9-00fc1d4cd0e7/element [18.024ms] ERR:404 body={"strategy":"-android uiautomator","selector":"new UiSelector().textContains(\"No landmarks yet\")"}
14:02:28.517407 POST /session/45cfdb12-ab9b-46d9-b6a9-00fc1d4cd0e7/element [13.326708ms] ERR:404 body={"strategy":"-android uiautomator","selector":"new UiSelector().descriptionContains(\"No landmarks y...
14:02:28.529243 POST /session/45cfdb12-ab9b-46d9-b6a9-00fc1d4cd0e7/element [11.7405ms] ERR:404 body={"strategy":"-android uiautomator","selector":"new UiSelector().textMatches(\"(?is).*\\QNo landmarks...
14:02:28.541321 POST /session/45cfdb12-ab9b-46d9-b6a9-00fc1d4cd0e7/element [11.989292ms] ERR:404 body={"strategy":"-android uiautomator","selector":"new UiSelector().descriptionMatches(\"(?is).*\\QNo la...
14:02:28.554774 POST /session/45cfdb12-ab9b-46d9-b6a9-00fc1d4cd0e7/element [13.373708ms] ERR:404 body={"strategy":"-android uiautomator","selector":"new UiSelector().textContains(\"No landmarks yet\")"}
14:02:28.565357 POST /session/45cfdb12-ab9b-46d9-b6a9-00fc1d4cd0e7/element [10.510542ms] ERR:404 body={"strategy":"-android uiautomator","selector":"new UiSelector().descriptionContains(\"No landmarks y...
14:02:28.581310 POST /session/45cfdb12-ab9b-46d9-b6a9-00fc1d4cd0e7/element [15.87525ms] ERR:404 body={"strategy":"-android uiautomator","selector":"new UiSelector().textMatches(\"(?is).*\\QNo landmarks...
14:02:28.596316 POST /session/45cfdb12-ab9b-46d9-b6a9-00fc1d4cd0e7/element [14.923125ms] ERR:404 body={"strategy":"-android uiautomator","selector":"new UiSelector().descriptionMatches(\"(?is).*\\QNo la...
14:02:28.606071 POST /session/45cfdb12-ab9b-46d9-b6a9-00fc1d4cd0e7/element [9.672041ms] ERR:404 body={"strategy":"-android uiautomator","selector":"new UiSelector().textContains(\"No landmarks yet\")"}
14:02:28.621335 POST /session/45cfdb12-ab9b-46d9-b6a9-00fc1d4cd0e7/element [15.16025ms] ERR:404 body={"strategy":"-android uiautomator","selector":"new UiSelector().descriptionContains(\"No landmarks y...
14:02:28.630780 POST /session/45cfdb12-ab9b-46d9-b6a9-00fc1d4cd0e7/element [9.355958ms] ERR:404 body={"strategy":"-android uiautomator","selector":"new UiSelector().textMatches(\"(?is).*\\QNo landmarks...
14:02:28.635694 POST /session/45cfdb12-ab9b-46d9-b6a9-00fc1d4cd0e7/element [4.805791ms] ERR:404 body={"strategy":"-android uiautomator","selector":"new UiSelector().descriptionMatches(\"(?is).*\\QNo la...
14:02:28.653481 POST /session/45cfdb12-ab9b-46d9-b6a9-00fc1d4cd0e7/element [17.67125ms] ERR:404 body={"strategy":"-android uiautomator","selector":"new UiSelector().textContains(\"No landmarks yet\")"}
14:02:28.662647 POST /session/45cfdb12-ab9b-46d9-b6a9-00fc1d4cd0e7/element [8.958375ms] ERR:404 body={"strategy":"-android uiautomator","selector":"new UiSelector().descriptionContains(\"No landmarks y...
14:02:28.671904 POST /session/45cfdb12-ab9b-46d9-b6a9-00fc1d4cd0e7/element [9.130583ms] ERR:404 body={"strategy":"-android uiautomator","selector":"new UiSelector().textMatches(\"(?is).*\\QNo landmarks...
14:02:28.685375 POST /session/45cfdb12-ab9b-46d9-b6a9-00fc1d4cd0e7/element [13.358666ms] ERR:404 body={"strategy":"-android uiautomator","selector":"new UiSelector().descriptionMatches(\"(?is).*\\QNo la...
14:02:28.697601 POST /session/45cfdb12-ab9b-46d9-b6a9-00fc1d4cd0e7/element [12.13725ms] ERR:404 body={"strategy":"-android uiautomator","selector":"new UiSelector().textContains(\"No landmarks yet\")"}
14:02:28.708235 POST /session/45cfdb12-ab9b-46d9-b6a9-00fc1d4cd0e7/element [10.548417ms] ERR:404 body={"strategy":"-android uiautomator","selector":"new UiSelector().descriptionContains(\"No landmarks y...
14:02:28.722729 POST /session/45cfdb12-ab9b-46d9-b6a9-00fc1d4cd0e7/element [14.368ms] ERR:404 body={"strategy":"-android uiautomator","selector":"new UiSelector().textMatches(\"(?is).*\\QNo landmarks...
14:02:28.736683 POST /session/45cfdb12-ab9b-46d9-b6a9-00fc1d4cd0e7/element [13.868291ms] ERR:404 body={"strategy":"-android uiautomator","selector":"new UiSelector().descriptionMatches(\"(?is).*\\QNo la...
14:02:28.753228 POST /session/45cfdb12-ab9b-46d9-b6a9-00fc1d4cd0e7/element [16.449833ms] ERR:404 body={"strategy":"-android uiautomator","selector":"new UiSelector().textContains(\"No landmarks yet\")"}
14:02:28.765599 POST /session/45cfdb12-ab9b-46d9-b6a9-00fc1d4cd0e7/element [12.271458ms] ERR:404 body={"strategy":"-android uiautomator","selector":"new UiSelector().descriptionContains(\"No landmarks y...
14:02:28.772299 POST /session/45cfdb12-ab9b-46d9-b6a9-00fc1d4cd0e7/element [6.623167ms] ERR:404 body={"strategy":"-android uiautomator","selector":"new UiSelector().textMatches(\"(?is).*\\QNo landmarks...
14:02:28.776859 POST /session/45cfdb12-ab9b-46d9-b6a9-00fc1d4cd0e7/element [4.49025ms] ERR:404 body={"strategy":"-android uiautomator","selector":"new UiSelector().descriptionMatches(\"(?is).*\\QNo la...
14:02:28.791953 POST /session/45cfdb12-ab9b-46d9-b6a9-00fc1d4cd0e7/element [15.016542ms] ERR:404 body={"strategy":"-android uiautomator","selector":"new UiSelector().textContains(\"No landmarks yet\")"}
14:02:28.807157 POST /session/45cfdb12-ab9b-46d9-b6a9-00fc1d4cd0e7/element [15.108292ms] ERR:404 body={"strategy":"-android uiautomator","selector":"new UiSelector().descriptionContains(\"No landmarks y...
14:02:28.821329 POST /session/45cfdb12-ab9b-46d9-b6a9-00fc1d4cd0e7/element [14.09025ms] ERR:404 body={"strategy":"-android uiautomator","selector":"new UiSelector().textMatches(\"(?is).*\\QNo landmarks...
14:02:28.829546 POST /session/45cfdb12-ab9b-46d9-b6a9-00fc1d4cd0e7/element [8.12275ms] ERR:404 body={"strategy":"-android uiautomator","selector":"new UiSelector().descriptionMatches(\"(?is).*\\QNo la...
14:02:28.839342 POST /session/45cfdb12-ab9b-46d9-b6a9-00fc1d4cd0e7/element [9.72ms] ERR:404 body={"strategy":"-android uiautomator","selector":"new UiSelector().textContains(\"No landmarks yet\")"}
14:02:28.843770 POST /session/45cfdb12-ab9b-46d9-b6a9-00fc1d4cd0e7/element [4.35475ms] ERR:404 body={"strategy":"-android uiautomator","selector":"new UiSelector().descriptionContains(\"No landmarks y...
14:02:28.851940 POST /session/45cfdb12-ab9b-46d9-b6a9-00fc1d4cd0e7/element [8.0815ms] ERR:404 body={"strategy":"-android uiautomator","selector":"new UiSelector().textMatches(\"(?is).*\\QNo landmarks...
14:02:28.864054 POST /session/45cfdb12-ab9b-46d9-b6a9-00fc1d4cd0e7/element [12.033875ms] ERR:404 body={"strategy":"-android uiautomator","selector":"new UiSelector().descriptionMatches(\"(?is).*\\QNo la...
14:02:28.868187 POST /session/45cfdb12-ab9b-46d9-b6a9-00fc1d4cd0e7/element [4.064833ms] ERR:404 body={"strategy":"-android uiautomator","selector":"new UiSelector().textContains(\"No landmarks yet\")"}
14:02:28.883558 POST /session/45cfdb12-ab9b-46d9-b6a9-00fc1d4cd0e7/element [15.28ms] ERR:404 body={"strategy":"-android uiautomator","selector":"new UiSelector().descriptionContains(\"No landmarks y...
14:02:28.898519 POST /session/45cfdb12-ab9b-46d9-b6a9-00fc1d4cd0e7/element [14.867375ms] ERR:404 body={"strategy":"-android uiautomator","selector":"new UiSelector().textMatches(\"(?is).*\\QNo landmarks...
14:02:28.910372 POST /session/45cfdb12-ab9b-46d9-b6a9-00fc1d4cd0e7/element [11.740584ms] ERR:404 body={"strategy":"-android uiautomator","selector":"new UiSelector().descriptionMatches(\"(?is).*\\QNo la...
14:02:28.917618 POST /session/45cfdb12-ab9b-46d9-b6a9-00fc1d4cd0e7/element [7.1255ms] ERR:404 body={"strategy":"-android uiautomator","selector":"new UiSelector().textContains(\"No landmarks yet\")"}
14:02:28.929719 POST /session/45cfdb12-ab9b-46d9-b6a9-00fc1d4cd0e7/element [12.034416ms] ERR:404 body={"strategy":"-android uiautomator","selector":"new UiSelector().descriptionContains(\"No landmarks y...
14:02:28.943985 POST /session/45cfdb12-ab9b-46d9-b6a9-00fc1d4cd0e7/element [14.166875ms] ERR:404 body={"strategy":"-android uiautomator","selector":"new UiSelector().textMatches(\"(?is).*\\QNo landmarks...
14:02:28.954655 POST /session/45cfdb12-ab9b-46d9-b6a9-00fc1d4cd0e7/element [10.572833ms] ERR:404 body={"strategy":"-android uiautomator","selector":"new UiSelector().descriptionMatches(\"(?is).*\\QNo la...
14:02:28.971688 POST /session/45cfdb12-ab9b-46d9-b6a9-00fc1d4cd0e7/element [16.939375ms] ERR:404 body={"strategy":"-android uiautomator","selector":"new UiSelector().textContains(\"No landmarks yet\")"}
14:02:28.986028 POST /session/45cfdb12-ab9b-46d9-b6a9-00fc1d4cd0e7/element [14.251334ms] ERR:404 body={"strategy":"-android uiautomator","selector":"new UiSelector().descriptionContains(\"No landmarks y...
14:02:28.999161 POST /session/45cfdb12-ab9b-46d9-b6a9-00fc1d4cd0e7/element [13.035708ms] ERR:404 body={"strategy":"-android uiautomator","selector":"new UiSelector().textMatches(\"(?is).*\\QNo landmarks...
14:02:29.013489 POST /session/45cfdb12-ab9b-46d9-b6a9-00fc1d4cd0e7/element [14.239334ms] ERR:404 body={"strategy":"-android uiautomator","selector":"new UiSelector().descriptionMatches(\"(?is).*\\QNo la...
14:02:29.024322 POST /session/45cfdb12-ab9b-46d9-b6a9-00fc1d4cd0e7/element [10.704708ms] ERR:404 body={"strategy":"-android uiautomator","selector":"new UiSelector().textContains(\"No landmarks yet\")"}
14:02:29.041202 POST /session/45cfdb12-ab9b-46d9-b6a9-00fc1d4cd0e7/element [16.800875ms] ERR:404 body={"strategy":"-android uiautomator","selector":"new UiSelector().descriptionContains(\"No landmarks y...
14:02:29.066239 POST /session/45cfdb12-ab9b-46d9-b6a9-00fc1d4cd0e7/element [24.936125ms] ERR:404 body={"strategy":"-android uiautomator","selector":"new UiSelector().textMatches(\"(?is).*\\QNo landmarks...
14:02:29.080370 POST /session/45cfdb12-ab9b-46d9-b6a9-00fc1d4cd0e7/element [14.00675ms] ERR:404 body={"strategy":"-android uiautomator","selector":"new UiSelector().descriptionMatches(\"(?is).*\\QNo la...
14:02:29.086164 POST /session/45cfdb12-ab9b-46d9-b6a9-00fc1d4cd0e7/element [5.692917ms] ERR:404 body={"strategy":"-android uiautomator","selector":"new UiSelector().textContains(\"No landmarks yet\")"}
14:02:29.094474 POST /session/45cfdb12-ab9b-46d9-b6a9-00fc1d4cd0e7/element [8.150375ms] ERR:404 body={"strategy":"-android uiautomator","selector":"new UiSelector().descriptionContains(\"No landmarks y...
14:02:29.105685 POST /session/45cfdb12-ab9b-46d9-b6a9-00fc1d4cd0e7/element [11.102125ms] ERR:404 body={"strategy":"-android uiautomator","selector":"new UiSelector().textMatches(\"(?is).*\\QNo landmarks...
14:02:29.120387 POST /session/45cfdb12-ab9b-46d9-b6a9-00fc1d4cd0e7/element [14.592791ms] ERR:404 body={"strategy":"-android uiautomator","selector":"new UiSelector().descriptionMatches(\"(?is).*\\QNo la...
14:02:29.139969 POST /session/45cfdb12-ab9b-46d9-b6a9-00fc1d4cd0e7/element [19.502667ms] ERR:404 body={"strategy":"-android uiautomator","selector":"new UiSelector().textContains(\"No landmarks yet\")"}
14:02:29.155780 POST /session/45cfdb12-ab9b-46d9-b6a9-00fc1d4cd0e7/element [15.723167ms] ERR:404 body={"strategy":"-android uiautomator","selector":"new UiSelector().descriptionContains(\"No landmarks y...
14:02:29.168685 POST /session/45cfdb12-ab9b-46d9-b6a9-00fc1d4cd0e7/element [12.796875ms] ERR:404 body={"strategy":"-android uiautomator","selector":"new UiSelector().textMatches(\"(?is).*\\QNo landmarks...
14:02:29.186117 POST /session/45cfdb12-ab9b-46d9-b6a9-00fc1d4cd0e7/element [17.335833ms] ERR:404 body={"strategy":"-android uiautomator","selector":"new UiSelector().descriptionMatches(\"(?is).*\\QNo la...
14:02:29.199449 POST /session/45cfdb12-ab9b-46d9-b6a9-00fc1d4cd0e7/element [13.214208ms] ERR:404 body={"strategy":"-android uiautomator","selector":"new UiSelector().textContains(\"No landmarks yet\")"}
14:02:29.220301 POST /session/45cfdb12-ab9b-46d9-b6a9-00fc1d4cd0e7/element [20.323125ms] ERR:404 body={"strategy":"-android uiautomator","selector":"new UiSelector().descriptionContains(\"No landmarks y...
14:02:29.231401 POST /session/45cfdb12-ab9b-46d9-b6a9-00fc1d4cd0e7/element [10.9735ms] ERR:404 body={"strategy":"-android uiautomator","selector":"new UiSelector().textMatches(\"(?is).*\\QNo landmarks...
14:02:29.264768 POST /session/45cfdb12-ab9b-46d9-b6a9-00fc1d4cd0e7/element [33.222834ms] ERR:404 body={"strategy":"-android uiautomator","selector":"new UiSelector().descriptionMatches(\"(?is).*\\QNo la...
14:02:29.305544 GET /session/45cfdb12-ab9b-46d9-b6a9-00fc1d4cd0e7/source [35.314ms] OK body=
14:02:29.315359 POST /session/45cfdb12-ab9b-46d9-b6a9-00fc1d4cd0e7/element [8.86975ms] ERR:404 body={"strategy":"-android uiautomator","selector":"new UiSelector().textContains(\"No landmarks yet\")"}
14:02:29.327515 POST /session/45cfdb12-ab9b-46d9-b6a9-00fc1d4cd0e7/element [12.054875ms] ERR:404 body={"strategy":"-android uiautomator","selector":"new UiSelector().descriptionContains(\"No landmarks y...
14:02:29.373873 POST /session/45cfdb12-ab9b-46d9-b6a9-00fc1d4cd0e7/element [46.205709ms] ERR:404 body={"strategy":"-android uiautomator","selector":"new UiSelector().textMatches(\"(?is).*\\QNo landmarks...
14:02:29.430199 POST /session/45cfdb12-ab9b-46d9-b6a9-00fc1d4cd0e7/element [56.203ms] ERR:404 body={"strategy":"-android uiautomator","selector":"new UiSelector().descriptionMatches(\"(?is).*\\QNo la...
14:02:29.460961 POST /session/45cfdb12-ab9b-46d9-b6a9-00fc1d4cd0e7/element [30.66475ms] ERR:404 body={"strategy":"-android uiautomator","selector":"new UiSelector().textContains(\"No landmarks yet\")"}
14:02:29.474693 POST /session/45cfdb12-ab9b-46d9-b6a9-00fc1d4cd0e7/element [13.535375ms] ERR:404 body={"strategy":"-android uiautomator","selector":"new UiSelector().descriptionContains(\"No landmarks y...
14:02:29.506357 POST /session/45cfdb12-ab9b-46d9-b6a9-00fc1d4cd0e7/element [31.554584ms] ERR:404 body={"strategy":"-android uiautomator","selector":"new UiSelector().textMatches(\"(?is).*\\QNo landmarks...
14:02:29.551239 POST /session/45cfdb12-ab9b-46d9-b6a9-00fc1d4cd0e7/element [44.762875ms] ERR:404 body={"strategy":"-android uiautomator","selector":"new UiSelector().descriptionMatches(\"(?is).*\\QNo la...
14:02:29.562396 POST /session/45cfdb12-ab9b-46d9-b6a9-00fc1d4cd0e7/element [11.021916ms] ERR:404 body={"strategy":"-android uiautomator","selector":"new UiSelector().textContains(\"No landmarks yet\")"}
14:02:29.590517 POST /session/45cfdb12-ab9b-46d9-b6a9-00fc1d4cd0e7/element [28.006583ms] ERR:404 body={"strategy":"-android uiautomator","selector":"new UiSelector().descriptionContains(\"No landmarks y...
14:02:29.611174 POST /session/45cfdb12-ab9b-46d9-b6a9-00fc1d4cd0e7/element [19.889667ms] ERR:404 body={"strategy":"-android uiautomator","selector":"new UiSelector().textMatches(\"(?is).*\\QNo landmarks...
14:02:29.633692 POST /session/45cfdb12-ab9b-46d9-b6a9-00fc1d4cd0e7/element [22.421958ms] ERR:404 body={"strategy":"-android uiautomator","selector":"new UiSelector().descriptionMatches(\"(?is).*\\QNo la...
14:02:29.652783 POST /session/45cfdb12-ab9b-46d9-b6a9-00fc1d4cd0e7/element [18.98625ms] ERR:404 body={"strategy":"-android uiautomator","selector":"new UiSelector().textContains(\"No landmarks yet\")"}
14:02:29.664403 POST /session/45cfdb12-ab9b-46d9-b6a9-00fc1d4cd0e7/element [11.543416ms] ERR:404 body={"strategy":"-android uiautomator","selector":"new UiSelector().descriptionContains(\"No landmarks y...
14:02:29.681947 POST /session/45cfdb12-ab9b-46d9-b6a9-00fc1d4cd0e7/element [17.4715ms] ERR:404 body={"strategy":"-android uiautomator","selector":"new UiSelector().textMatches(\"(?is).*\\QNo landmarks...
14:02:29.695897 POST /session/45cfdb12-ab9b-46d9-b6a9-00fc1d4cd0e7/element [13.83ms] ERR:404 body={"strategy":"-android uiautomator","selector":"new UiSelector().descriptionMatches(\"(?is).*\\QNo la...
14:02:29.712103 POST /session/45cfdb12-ab9b-46d9-b6a9-00fc1d4cd0e7/element [16.106375ms] ERR:404 body={"strategy":"-android uiautomator","selector":"new UiSelector().textContains(\"No landmarks yet\")"}
14:02:29.717819 POST /session/45cfdb12-ab9b-46d9-b6a9-00fc1d4cd0e7/element [5.627042ms] ERR:404 body={"strategy":"-android uiautomator","selector":"new UiSelector().descriptionContains(\"No landmarks y...
14:02:29.722955 POST /session/45cfdb12-ab9b-46d9-b6a9-00fc1d4cd0e7/element [4.984667ms] ERR:404 body={"strategy":"-android uiautomator","selector":"new UiSelector().textMatches(\"(?is).*\\QNo landmarks...
14:02:29.736639 POST /session/45cfdb12-ab9b-46d9-b6a9-00fc1d4cd0e7/element [13.565542ms] ERR:404 body={"strategy":"-android uiautomator","selector":"new UiSelector().descriptionMatches(\"(?is).*\\QNo la...
14:02:29.751623 POST /session/45cfdb12-ab9b-46d9-b6a9-00fc1d4cd0e7/element [14.878833ms] ERR:404 body={"strategy":"-android uiautomator","selector":"new UiSelector().textContains(\"No landmarks yet\")"}
14:02:29.767372 POST /session/45cfdb12-ab9b-46d9-b6a9-00fc1d4cd0e7/element [15.6575ms] ERR:404 body={"strategy":"-android uiautomator","selector":"new UiSelector().descriptionContains(\"No landmarks y...
14:02:29.777050 POST /session/45cfdb12-ab9b-46d9-b6a9-00fc1d4cd0e7/element [9.593208ms] ERR:404 body={"strategy":"-android uiautomator","selector":"new UiSelector().textMatches(\"(?is).*\\QNo landmarks...
14:02:29.801739 POST /session/45cfdb12-ab9b-46d9-b6a9-00fc1d4cd0e7/element [24.579417ms] ERR:404 body={"strategy":"-android uiautomator","selector":"new UiSelector().descriptionMatches(\"(?is).*\\QNo la...
14:02:29.816700 POST /session/45cfdb12-ab9b-46d9-b6a9-00fc1d4cd0e7/element [14.854459ms] ERR:404 body={"strategy":"-android uiautomator","selector":"new UiSelector().textContains(\"No landmarks yet\")"}
14:02:29.834484 POST /session/45cfdb12-ab9b-46d9-b6a9-00fc1d4cd0e7/element [17.656834ms] ERR:404 body={"strategy":"-android uiautomator","selector":"new UiSelector().descriptionContains(\"No landmarks y...
14:02:29.849672 POST /session/45cfdb12-ab9b-46d9-b6a9-00fc1d4cd0e7/element [15.059084ms] ERR:404 body={"strategy":"-android uiautomator","selector":"new UiSelector().textMatches(\"(?is).*\\QNo landmarks...
14:02:29.861794 POST /session/45cfdb12-ab9b-46d9-b6a9-00fc1d4cd0e7/element [11.873667ms] ERR:404 body={"strategy":"-android uiautomator","selector":"new UiSelector().descriptionMatches(\"(?is).*\\QNo la...
14:02:29.884482 POST /session/45cfdb12-ab9b-46d9-b6a9-00fc1d4cd0e7/element [22.57175ms] ERR:404 body={"strategy":"-android uiautomator","selector":"new UiSelector().textContains(\"No landmarks yet\")"}
14:02:29.893306 POST /session/45cfdb12-ab9b-46d9-b6a9-00fc1d4cd0e7/element [8.682ms] ERR:404 body={"strategy":"-android uiautomator","selector":"new UiSelector().descriptionContains(\"No landmarks y...
14:02:29.906878 POST /session/45cfdb12-ab9b-46d9-b6a9-00fc1d4cd0e7/element [13.484792ms] ERR:404 body={"strategy":"-android uiautomator","selector":"new UiSelector().textMatches(\"(?is).*\\QNo landmarks...
14:02:29.912360 POST /session/45cfdb12-ab9b-46d9-b6a9-00fc1d4cd0e7/element [5.401083ms] ERR:404 body={"strategy":"-android uiautomator","selector":"new UiSelector().descriptionMatches(\"(?is).*\\QNo la...
14:02:29.927293 POST /session/45cfdb12-ab9b-46d9-b6a9-00fc1d4cd0e7/element [14.594875ms] ERR:404 body={"strategy":"-android uiautomator","selector":"new UiSelector().textContains(\"No landmarks yet\")"}
14:02:29.948013 POST /session/45cfdb12-ab9b-46d9-b6a9-00fc1d4cd0e7/element [18.911833ms] ERR:404 body={"strategy":"-android uiautomator","selector":"new UiSelector().descriptionContains(\"No landmarks y...
14:02:29.964714 POST /session/45cfdb12-ab9b-46d9-b6a9-00fc1d4cd0e7/element [16.602125ms] ERR:404 body={"strategy":"-android uiautomator","selector":"new UiSelector().textMatches(\"(?is).*\\QNo landmarks...
14:02:29.979309 POST /session/45cfdb12-ab9b-46d9-b6a9-00fc1d4cd0e7/element [14.479958ms] ERR:404 body={"strategy":"-android uiautomator","selector":"new UiSelector().descriptionMatches(\"(?is).*\\QNo la...
14:02:29.991963 POST /session/45cfdb12-ab9b-46d9-b6a9-00fc1d4cd0e7/element [12.554292ms] ERR:404 body={"strategy":"-android uiautomator","selector":"new UiSelector().textContains(\"No landmarks yet\")"}
14:02:29.997768 POST /session/45cfdb12-ab9b-46d9-b6a9-00fc1d4cd0e7/element [5.700375ms] ERR:404 body={"strategy":"-android uiautomator","selector":"new UiSelector().descriptionContains(\"No landmarks y...
14:02:30.013556 POST /session/45cfdb12-ab9b-46d9-b6a9-00fc1d4cd0e7/element [15.689542ms] ERR:404 body={"strategy":"-android uiautomator","selector":"new UiSelector().textMatches(\"(?is).*\\QNo landmarks...
14:02:30.022311 POST /session/45cfdb12-ab9b-46d9-b6a9-00fc1d4cd0e7/element [8.350334ms] ERR:404 body={"strategy":"-android uiautomator","selector":"new UiSelector().descriptionMatches(\"(?is).*\\QNo la...
14:02:30.033716 POST /session/45cfdb12-ab9b-46d9-b6a9-00fc1d4cd0e7/element [11.180875ms] ERR:404 body={"strategy":"-android uiautomator","selector":"new UiSelector().textContains(\"No landmarks yet\")"}
14:02:30.039306 POST /session/45cfdb12-ab9b-46d9-b6a9-00fc1d4cd0e7/element [5.512375ms] ERR:404 body={"strategy":"-android uiautomator","selector":"new UiSelector().descriptionContains(\"No landmarks y...
14:02:30.049824 POST /session/45cfdb12-ab9b-46d9-b6a9-00fc1d4cd0e7/element [10.364083ms] ERR:404 body={"strategy":"-android uiautomator","selector":"new UiSelector().textMatches(\"(?is).*\\QNo landmarks...
14:02:30.061868 POST /session/45cfdb12-ab9b-46d9-b6a9-00fc1d4cd0e7/element [11.8635ms] ERR:404 body={"strategy":"-android uiautomator","selector":"new UiSelector().descriptionMatches(\"(?is).*\\QNo la...
14:02:30.072442 POST /session/45cfdb12-ab9b-46d9-b6a9-00fc1d4cd0e7/element [10.485917ms] ERR:404 body={"strategy":"-android uiautomator","selector":"new UiSelector().textContains(\"No landmarks yet\")"}
14:02:30.083429 POST /session/45cfdb12-ab9b-46d9-b6a9-00fc1d4cd0e7/element [10.895625ms] ERR:404 body={"strategy":"-android uiautomator","selector":"new UiSelector().descriptionContains(\"No landmarks y...
14:02:30.092678 POST /session/45cfdb12-ab9b-46d9-b6a9-00fc1d4cd0e7/element [9.0915ms] ERR:404 body={"strategy":"-android uiautomator","selector":"new UiSelector().textMatches(\"(?is).*\\QNo landmarks...
14:02:30.106810 POST /session/45cfdb12-ab9b-46d9-b6a9-00fc1d4cd0e7/element [14.04875ms] ERR:404 body={"strategy":"-android uiautomator","selector":"new UiSelector().descriptionMatches(\"(?is).*\\QNo la...
14:02:30.123893 POST /session/45cfdb12-ab9b-46d9-b6a9-00fc1d4cd0e7/element [16.982916ms] ERR:404 body={"strategy":"-android uiautomator","selector":"new UiSelector().textContains(\"No landmarks yet\")"}
14:02:30.134730 POST /session/45cfdb12-ab9b-46d9-b6a9-00fc1d4cd0e7/element [10.753208ms] ERR:404 body={"strategy":"-android uiautomator","selector":"new UiSelector().descriptionContains(\"No landmarks y...
14:02:30.140309 POST /session/45cfdb12-ab9b-46d9-b6a9-00fc1d4cd0e7/element [5.491792ms] ERR:404 body={"strategy":"-android uiautomator","selector":"new UiSelector().textMatches(\"(?is).*\\QNo landmarks...
14:02:30.151227 POST /session/45cfdb12-ab9b-46d9-b6a9-00fc1d4cd0e7/element [10.801959ms] ERR:404 body={"strategy":"-android uiautomator","selector":"new UiSelector().descriptionMatches(\"(?is).*\\QNo la...
14:02:30.164166 POST /session/45cfdb12-ab9b-46d9-b6a9-00fc1d4cd0e7/element [12.859083ms] ERR:404 body={"strategy":"-android uiautomator","selector":"new UiSelector().textContains(\"No landmarks yet\")"}
14:02:30.169183 POST /session/45cfdb12-ab9b-46d9-b6a9-00fc1d4cd0e7/element [4.9365ms] ERR:404 body={"strategy":"-android uiautomator","selector":"new UiSelector().descriptionContains(\"No landmarks y...
14:02:30.183826 POST /session/45cfdb12-ab9b-46d9-b6a9-00fc1d4cd0e7/element [13.948083ms] ERR:404 body={"strategy":"-android uiautomator","selector":"new UiSelector().textMatches(\"(?is).*\\QNo landmarks...
14:02:30.192808 POST /session/45cfdb12-ab9b-46d9-b6a9-00fc1d4cd0e7/element [6.873666ms] ERR:404 body={"strategy":"-android uiautomator","selector":"new UiSelector().descriptionMatches(\"(?is).*\\QNo la...
14:02:30.198754 POST /session/45cfdb12-ab9b-46d9-b6a9-00fc1d4cd0e7/element [5.845125ms] ERR:404 body={"strategy":"-android uiautomator","selector":"new UiSelector().textContains(\"No landmarks yet\")"}
14:02:30.224644 POST /session/45cfdb12-ab9b-46d9-b6a9-00fc1d4cd0e7/element [25.809ms] ERR:404 body={"strategy":"-android uiautomator","selector":"new UiSelector().descriptionContains(\"No landmarks y...
14:02:30.239640 POST /session/45cfdb12-ab9b-46d9-b6a9-00fc1d4cd0e7/element [14.915667ms] ERR:404 body={"strategy":"-android uiautomator","selector":"new UiSelector().textMatches(\"(?is).*\\QNo landmarks...
14:02:30.258751 POST /session/45cfdb12-ab9b-46d9-b6a9-00fc1d4cd0e7/element [18.9895ms] ERR:404 body={"strategy":"-android uiautomator","selector":"new UiSelector().descriptionMatches(\"(?is).*\\QNo la...
14:02:30.272645 POST /session/45cfdb12-ab9b-46d9-b6a9-00fc1d4cd0e7/element [13.800875ms] ERR:404 body={"strategy":"-android uiautomator","selector":"new UiSelector().textContains(\"No landmarks yet\")"}
14:02:30.287624 POST /session/45cfdb12-ab9b-46d9-b6a9-00fc1d4cd0e7/element [14.872917ms] ERR:404 body={"strategy":"-android uiautomator","selector":"new UiSelector().descriptionContains(\"No landmarks y...
14:02:30.300862 POST /session/45cfdb12-ab9b-46d9-b6a9-00fc1d4cd0e7/element [13.151708ms] ERR:404 body={"strategy":"-android uiautomator","selector":"new UiSelector().textMatches(\"(?is).*\\QNo landmarks...
14:02:30.319793 POST /session/45cfdb12-ab9b-46d9-b6a9-00fc1d4cd0e7/element [18.746584ms] ERR:404 body={"strategy":"-android uiautomator","selector":"new UiSelector().descriptionMatches(\"(?is).*\\QNo la...
14:02:30.343223 GET /session/45cfdb12-ab9b-46d9-b6a9-00fc1d4cd0e7/source [23.0615ms] OK body=
14:02:30.350941 POST /session/45cfdb12-ab9b-46d9-b6a9-00fc1d4cd0e7/element [6.876ms] ERR:404 body={"strategy":"-android uiautomator","selector":"new UiSelector().textContains(\"No landmarks yet\")"}
14:02:30.358204 POST /session/45cfdb12-ab9b-46d9-b6a9-00fc1d4cd0e7/element [7.199708ms] ERR:404 body={"strategy":"-android uiautomator","selector":"new UiSelector().descriptionContains(\"No landmarks y...
14:02:30.379654 POST /session/45cfdb12-ab9b-46d9-b6a9-00fc1d4cd0e7/element [21.261917ms] ERR:404 body={"strategy":"-android uiautomator","selector":"new UiSelector().textMatches(\"(?is).*\\QNo landmarks...
14:02:30.386053 POST /session/45cfdb12-ab9b-46d9-b6a9-00fc1d4cd0e7/element [6.310625ms] ERR:404 body={"strategy":"-android uiautomator","selector":"new UiSelector().descriptionMatches(\"(?is).*\\QNo la...
14:02:30.396861 POST /session/45cfdb12-ab9b-46d9-b6a9-00fc1d4cd0e7/element [10.653917ms] ERR:404 body={"strategy":"-android uiautomator","selector":"new UiSelector().textContains(\"No landmarks yet\")"}
14:02:30.405404 POST /session/45cfdb12-ab9b-46d9-b6a9-00fc1d4cd0e7/element [8.453ms] ERR:404 body={"strategy":"-android uiautomator","selector":"new UiSelector().descriptionContains(\"No landmarks y...
14:02:30.412559 POST /session/45cfdb12-ab9b-46d9-b6a9-00fc1d4cd0e7/element [7.057375ms] ERR:404 body={"strategy":"-android uiautomator","selector":"new UiSelector().textMatches(\"(?is).*\\QNo landmarks...
14:02:30.426579 POST /session/45cfdb12-ab9b-46d9-b6a9-00fc1d4cd0e7/element [13.599292ms] ERR:404 body={"strategy":"-android uiautomator","selector":"new UiSelector().descriptionMatches(\"(?is).*\\QNo la...
14:02:30.441543 POST /session/45cfdb12-ab9b-46d9-b6a9-00fc1d4cd0e7/element [14.71525ms] ERR:404 body={"strategy":"-android uiautomator","selector":"new UiSelector().textContains(\"No landmarks yet\")"}
14:02:30.447920 POST /session/45cfdb12-ab9b-46d9-b6a9-00fc1d4cd0e7/element [6.230792ms] ERR:404 body={"strategy":"-android uiautomator","selector":"new UiSelector().descriptionContains(\"No landmarks y...
14:02:30.462680 POST /session/45cfdb12-ab9b-46d9-b6a9-00fc1d4cd0e7/element [14.657084ms] ERR:404 body={"strategy":"-android uiautomator","selector":"new UiSelector().textMatches(\"(?is).*\\QNo landmarks...
14:02:30.472234 POST /session/45cfdb12-ab9b-46d9-b6a9-00fc1d4cd0e7/element [9.456875ms] ERR:404 body={"strategy":"-android uiautomator","selector":"new UiSelector().descriptionMatches(\"(?is).*\\QNo la...
14:02:30.490093 POST /session/45cfdb12-ab9b-46d9-b6a9-00fc1d4cd0e7/element [17.762ms] ERR:404 body={"strategy":"-android uiautomator","selector":"new UiSelector().textContains(\"No landmarks yet\")"}
14:02:30.495989 POST /session/45cfdb12-ab9b-46d9-b6a9-00fc1d4cd0e7/element [5.717917ms] ERR:404 body={"strategy":"-android uiautomator","selector":"new UiSelector().descriptionContains(\"No landmarks y...
14:02:30.519160 POST /session/45cfdb12-ab9b-46d9-b6a9-00fc1d4cd0e7/element [22.981417ms] ERR:404 body={"strategy":"-android uiautomator","selector":"new UiSelector().textMatches(\"(?is).*\\QNo landmarks...
14:02:30.527200 POST /session/45cfdb12-ab9b-46d9-b6a9-00fc1d4cd0e7/element [7.861458ms] ERR:404 body={"strategy":"-android uiautomator","selector":"new UiSelector().descriptionMatches(\"(?is).*\\QNo la...
14:02:30.540036 POST /session/45cfdb12-ab9b-46d9-b6a9-00fc1d4cd0e7/element [12.445917ms] ERR:404 body={"strategy":"-android uiautomator","selector":"new UiSelector().textContains(\"No landmarks yet\")"}
14:02:30.556938 POST /session/45cfdb12-ab9b-46d9-b6a9-00fc1d4cd0e7/element [16.811ms] ERR:404 body={"strategy":"-android uiautomator","selector":"new UiSelector().descriptionContains(\"No landmarks y...
14:02:30.585908 POST /session/45cfdb12-ab9b-46d9-b6a9-00fc1d4cd0e7/element [28.812833ms] ERR:404 body={"strategy":"-android uiautomator","selector":"new UiSelector().textMatches(\"(?is).*\\QNo landmarks...
14:02:30.604830 POST /session/45cfdb12-ab9b-46d9-b6a9-00fc1d4cd0e7/element [18.795292ms] ERR:404 body={"strategy":"-android uiautomator","selector":"new UiSelector().descriptionMatches(\"(?is).*\\QNo la...
14:02:30.624034 POST /session/45cfdb12-ab9b-46d9-b6a9-00fc1d4cd0e7/element [19.126833ms] ERR:404 body={"strategy":"-android uiautomator","selector":"new UiSelector().textContains(\"No landmarks yet\")"}
14:02:30.637796 POST /session/45cfdb12-ab9b-46d9-b6a9-00fc1d4cd0e7/element [13.670875ms] ERR:404 body={"strategy":"-android uiautomator","selector":"new UiSelector().descriptionContains(\"No landmarks y...
14:02:30.653478 POST /session/45cfdb12-ab9b-46d9-b6a9-00fc1d4cd0e7/element [15.591ms] ERR:404 body={"strategy":"-android uiautomator","selector":"new UiSelector().textMatches(\"(?is).*\\QNo landmarks...
14:02:30.667116 POST /session/45cfdb12-ab9b-46d9-b6a9-00fc1d4cd0e7/element [13.546125ms] ERR:404 body={"strategy":"-android uiautomator","selector":"new UiSelector().descriptionMatches(\"(?is).*\\QNo la...
14:02:30.684676 POST /session/45cfdb12-ab9b-46d9-b6a9-00fc1d4cd0e7/element [17.451833ms] ERR:404 body={"strategy":"-android uiautomator","selector":"new UiSelector().textContains(\"No landmarks yet\")"}
14:02:30.702328 POST /session/45cfdb12-ab9b-46d9-b6a9-00fc1d4cd0e7/element [17.541958ms] ERR:404 body={"strategy":"-android uiautomator","selector":"new UiSelector().descriptionContains(\"No landmarks y...
14:02:30.717254 POST /session/45cfdb12-ab9b-46d9-b6a9-00fc1d4cd0e7/element [14.79675ms] ERR:404 body={"strategy":"-android uiautomator","selector":"new UiSelector().textMatches(\"(?is).*\\QNo landmarks...
14:02:30.731253 POST /session/45cfdb12-ab9b-46d9-b6a9-00fc1d4cd0e7/element [13.910625ms] ERR:404 body={"strategy":"-android uiautomator","selector":"new UiSelector().descriptionMatches(\"(?is).*\\QNo la...
14:02:30.747981 POST /session/45cfdb12-ab9b-46d9-b6a9-00fc1d4cd0e7/element [16.605375ms] ERR:404 body={"strategy":"-android uiautomator","selector":"new UiSelector().textContains(\"No landmarks yet\")"}
14:02:30.764593 POST /session/45cfdb12-ab9b-46d9-b6a9-00fc1d4cd0e7/element [16.530542ms] ERR:404 body={"strategy":"-android uiautomator","selector":"new UiSelector().descriptionContains(\"No landmarks y...
14:02:30.775127 POST /session/45cfdb12-ab9b-46d9-b6a9-00fc1d4cd0e7/element [10.440917ms] ERR:404 body={"strategy":"-android uiautomator","selector":"new UiSelector().textMatches(\"(?is).*\\QNo landmarks...
14:02:30.790817 POST /session/45cfdb12-ab9b-46d9-b6a9-00fc1d4cd0e7/element [15.613792ms] ERR:404 body={"strategy":"-android uiautomator","selector":"new UiSelector().descriptionMatches(\"(?is).*\\QNo la...
14:02:30.803979 POST /session/45cfdb12-ab9b-46d9-b6a9-00fc1d4cd0e7/element [13.085833ms] ERR:404 body={"strategy":"-android uiautomator","selector":"new UiSelector().textContains(\"No landmarks yet\")"}
14:02:30.811550 POST /session/45cfdb12-ab9b-46d9-b6a9-00fc1d4cd0e7/element [7.481917ms] ERR:404 body={"strategy":"-android uiautomator","selector":"new UiSelector().descriptionContains(\"No landmarks y...
14:02:30.816202 POST /session/45cfdb12-ab9b-46d9-b6a9-00fc1d4cd0e7/element [4.561625ms] ERR:404 body={"strategy":"-android uiautomator","selector":"new UiSelector().textMatches(\"(?is).*\\QNo landmarks...
14:02:30.828522 POST /session/45cfdb12-ab9b-46d9-b6a9-00fc1d4cd0e7/element [12.232291ms] ERR:404 body={"strategy":"-android uiautomator","selector":"new UiSelector().descriptionMatches(\"(?is).*\\QNo la...
14:02:30.841545 POST /session/45cfdb12-ab9b-46d9-b6a9-00fc1d4cd0e7/element [12.930084ms] ERR:404 body={"strategy":"-android uiautomator","selector":"new UiSelector().textContains(\"No landmarks yet\")"}
14:02:30.855980 POST /session/45cfdb12-ab9b-46d9-b6a9-00fc1d4cd0e7/element [14.287125ms] ERR:404 body={"strategy":"-android uiautomator","selector":"new UiSelector().descriptionContains(\"No landmarks y...
14:02:30.878565 POST /session/45cfdb12-ab9b-46d9-b6a9-00fc1d4cd0e7/element [22.477666ms] ERR:404 body={"strategy":"-android uiautomator","selector":"new UiSelector().textMatches(\"(?is).*\\QNo landmarks...
14:02:30.882959 POST /session/45cfdb12-ab9b-46d9-b6a9-00fc1d4cd0e7/element [4.298292ms] ERR:404 body={"strategy":"-android uiautomator","selector":"new UiSelector().descriptionMatches(\"(?is).*\\QNo la...
14:02:30.892388 POST /session/45cfdb12-ab9b-46d9-b6a9-00fc1d4cd0e7/element [9.346542ms] ERR:404 body={"strategy":"-android uiautomator","selector":"new UiSelector().textContains(\"No landmarks yet\")"}
14:02:30.907955 POST /session/45cfdb12-ab9b-46d9-b6a9-00fc1d4cd0e7/element [15.479708ms] ERR:404 body={"strategy":"-android uiautomator","selector":"new UiSelector().descriptionContains(\"No landmarks y...
14:02:30.920223 POST /session/45cfdb12-ab9b-46d9-b6a9-00fc1d4cd0e7/element [12.172875ms] ERR:404 body={"strategy":"-android uiautomator","selector":"new UiSelector().textMatches(\"(?is).*\\QNo landmarks...
14:02:30.930314 POST /session/45cfdb12-ab9b-46d9-b6a9-00fc1d4cd0e7/element [10.019917ms] ERR:404 body={"strategy":"-android uiautomator","selector":"new UiSelector().descriptionMatches(\"(?is).*\\QNo la...
14:02:30.938543 POST /session/45cfdb12-ab9b-46d9-b6a9-00fc1d4cd0e7/element [8.145709ms] ERR:404 body={"strategy":"-android uiautomator","selector":"new UiSelector().textContains(\"No landmarks yet\")"}
14:02:30.955022 POST /session/45cfdb12-ab9b-46d9-b6a9-00fc1d4cd0e7/element [16.293209ms] ERR:404 body={"strategy":"-android uiautomator","selector":"new UiSelector().descriptionContains(\"No landmarks y...
14:02:30.959864 POST /session/45cfdb12-ab9b-46d9-b6a9-00fc1d4cd0e7/element [4.7675ms] ERR:404 body={"strategy":"-android uiautomator","selector":"new UiSelector().textMatches(\"(?is).*\\QNo landmarks...
14:02:30.971559 POST /session/45cfdb12-ab9b-46d9-b6a9-00fc1d4cd0e7/element [11.629458ms] ERR:404 body={"strategy":"-android uiautomator","selector":"new UiSelector().descriptionMatches(\"(?is).*\\QNo la...
14:02:30.983286 POST /session/45cfdb12-ab9b-46d9-b6a9-00fc1d4cd0e7/element [11.650042ms] ERR:404 body={"strategy":"-android uiautomator","selector":"new UiSelector().textContains(\"No landmarks yet\")"}
14:02:30.987327 POST /session/45cfdb12-ab9b-46d9-b6a9-00fc1d4cd0e7/element [3.955875ms] ERR:404 body={"strategy":"-android uiautomator","selector":"new UiSelector().descriptionContains(\"No landmarks y...
14:02:30.998604 POST /session/45cfdb12-ab9b-46d9-b6a9-00fc1d4cd0e7/element [11.184041ms] ERR:404 body={"strategy":"-android uiautomator","selector":"new UiSelector().textMatches(\"(?is).*\\QNo landmarks...
14:02:31.010166 POST /session/45cfdb12-ab9b-46d9-b6a9-00fc1d4cd0e7/element [11.474458ms] ERR:404 body={"strategy":"-android uiautomator","selector":"new UiSelector().descriptionMatches(\"(?is).*\\QNo la...
14:02:31.022818 POST /session/45cfdb12-ab9b-46d9-b6a9-00fc1d4cd0e7/element [12.529542ms] ERR:404 body={"strategy":"-android uiautomator","selector":"new UiSelector().textContains(\"No landmarks yet\")"}
14:02:31.030731 POST /session/45cfdb12-ab9b-46d9-b6a9-00fc1d4cd0e7/element [7.826584ms] ERR:404 body={"strategy":"-android uiautomator","selector":"new UiSelector().descriptionContains(\"No landmarks y...
14:02:31.035806 POST /session/45cfdb12-ab9b-46d9-b6a9-00fc1d4cd0e7/element [5.016167ms] ERR:404 body={"strategy":"-android uiautomator","selector":"new UiSelector().textMatches(\"(?is).*\\QNo landmarks...
14:02:31.047331 POST /session/45cfdb12-ab9b-46d9-b6a9-00fc1d4cd0e7/element [11.398834ms] ERR:404 body={"strategy":"-android uiautomator","selector":"new UiSelector().descriptionMatches(\"(?is).*\\QNo la...
14:02:31.058547 POST /session/45cfdb12-ab9b-46d9-b6a9-00fc1d4cd0e7/element [11.114958ms] ERR:404 body={"strategy":"-android uiautomator","selector":"new UiSelector().textContains(\"No landmarks yet\")"}
14:02:31.066159 POST /session/45cfdb12-ab9b-46d9-b6a9-00fc1d4cd0e7/element [7.503125ms] ERR:404 body={"strategy":"-android uiautomator","selector":"new UiSelector().descriptionContains(\"No landmarks y...
14:02:31.078238 POST /session/45cfdb12-ab9b-46d9-b6a9-00fc1d4cd0e7/element [11.993042ms] ERR:404 body={"strategy":"-android uiautomator","selector":"new UiSelector().textMatches(\"(?is).*\\QNo landmarks...
14:02:31.084519 POST /session/45cfdb12-ab9b-46d9-b6a9-00fc1d4cd0e7/element [6.156ms] ERR:404 body={"strategy":"-android uiautomator","selector":"new UiSelector().descriptionMatches(\"(?is).*\\QNo la...
14:02:31.097349 POST /session/45cfdb12-ab9b-46d9-b6a9-00fc1d4cd0e7/element [12.75775ms] ERR:404 body={"strategy":"-android uiautomator","selector":"new UiSelector().textContains(\"No landmarks yet\")"}
14:02:31.109084 POST /session/45cfdb12-ab9b-46d9-b6a9-00fc1d4cd0e7/element [11.644959ms] ERR:404 body={"strategy":"-android uiautomator","selector":"new UiSelector().descriptionContains(\"No landmarks y...
14:02:31.119427 POST /session/45cfdb12-ab9b-46d9-b6a9-00fc1d4cd0e7/element [10.249791ms] ERR:404 body={"strategy":"-android uiautomator","selector":"new UiSelector().textMatches(\"(?is).*\\QNo landmarks...
14:02:31.131977 POST /session/45cfdb12-ab9b-46d9-b6a9-00fc1d4cd0e7/element [12.414667ms] ERR:404 body={"strategy":"-android uiautomator","selector":"new UiSelector().descriptionMatches(\"(?is).*\\QNo la...
14:02:31.142389 POST /session/45cfdb12-ab9b-46d9-b6a9-00fc1d4cd0e7/element [10.293333ms] ERR:404 body={"strategy":"-android uiautomator","selector":"new UiSelector().textContains(\"No landmarks yet\")"}
14:02:31.150568 POST /session/45cfdb12-ab9b-46d9-b6a9-00fc1d4cd0e7/element [7.844042ms] ERR:404 body={"strategy":"-android uiautomator","selector":"new UiSelector().descriptionContains(\"No landmarks y...
14:02:31.155980 POST /session/45cfdb12-ab9b-46d9-b6a9-00fc1d4cd0e7/element [5.229417ms] ERR:404 body={"strategy":"-android uiautomator","selector":"new UiSelector().textMatches(\"(?is).*\\QNo landmarks...
14:02:31.170972 POST /session/45cfdb12-ab9b-46d9-b6a9-00fc1d4cd0e7/element [14.866791ms] ERR:404 body={"strategy":"-android uiautomator","selector":"new UiSelector().descriptionMatches(\"(?is).*\\QNo la...
14:02:31.185500 POST /session/45cfdb12-ab9b-46d9-b6a9-00fc1d4cd0e7/element [14.410708ms] ERR:404 body={"strategy":"-android uiautomator","selector":"new UiSelector().textContains(\"No landmarks yet\")"}
14:02:31.199053 POST /session/45cfdb12-ab9b-46d9-b6a9-00fc1d4cd0e7/element [13.444625ms] ERR:404 body={"strategy":"-android uiautomator","selector":"new UiSelector().descriptionContains(\"No landmarks y...
14:02:31.203711 POST /session/45cfdb12-ab9b-46d9-b6a9-00fc1d4cd0e7/element [4.574792ms] ERR:404 body={"strategy":"-android uiautomator","selector":"new UiSelector().textMatches(\"(?is).*\\QNo landmarks...
14:02:31.213254 POST /session/45cfdb12-ab9b-46d9-b6a9-00fc1d4cd0e7/element [9.465167ms] ERR:404 body={"strategy":"-android uiautomator","selector":"new UiSelector().descriptionMatches(\"(?is).*\\QNo la...
14:02:31.223653 POST /session/45cfdb12-ab9b-46d9-b6a9-00fc1d4cd0e7/element [10.311916ms] ERR:404 body={"strategy":"-android uiautomator","selector":"new UiSelector().textContains(\"No landmarks yet\")"}
14:02:31.233181 POST /session/45cfdb12-ab9b-46d9-b6a9-00fc1d4cd0e7/element [9.423792ms] ERR:404 body={"strategy":"-android uiautomator","selector":"new UiSelector().descriptionContains(\"No landmarks y...
14:02:31.245888 POST /session/45cfdb12-ab9b-46d9-b6a9-00fc1d4cd0e7/element [12.638ms] ERR:404 body={"strategy":"-android uiautomator","selector":"new UiSelector().textMatches(\"(?is).*\\QNo landmarks...
14:02:31.251109 POST /session/45cfdb12-ab9b-46d9-b6a9-00fc1d4cd0e7/element [5.171708ms] ERR:404 body={"strategy":"-android uiautomator","selector":"new UiSelector().descriptionMatches(\"(?is).*\\QNo la...
14:02:31.261145 POST /session/45cfdb12-ab9b-46d9-b6a9-00fc1d4cd0e7/element [9.963375ms] ERR:404 body={"strategy":"-android uiautomator","selector":"new UiSelector().textContains(\"No landmarks yet\")"}
14:02:31.281914 POST /session/45cfdb12-ab9b-46d9-b6a9-00fc1d4cd0e7/element [20.673208ms] ERR:404 body={"strategy":"-android uiautomator","selector":"new UiSelector().descriptionContains(\"No landmarks y...
14:02:31.296429 POST /session/45cfdb12-ab9b-46d9-b6a9-00fc1d4cd0e7/element [14.391125ms] ERR:404 body={"strategy":"-android uiautomator","selector":"new UiSelector().textMatches(\"(?is).*\\QNo landmarks...
14:02:31.301555 POST /session/45cfdb12-ab9b-46d9-b6a9-00fc1d4cd0e7/element [5.050125ms] ERR:404 body={"strategy":"-android uiautomator","selector":"new UiSelector().descriptionMatches(\"(?is).*\\QNo la...
14:02:31.305948 POST /session/45cfdb12-ab9b-46d9-b6a9-00fc1d4cd0e7/element [4.315875ms] ERR:404 body={"strategy":"-android uiautomator","selector":"new UiSelector().textContains(\"No landmarks yet\")"}
14:02:31.323165 POST /session/45cfdb12-ab9b-46d9-b6a9-00fc1d4cd0e7/element [17.103583ms] ERR:404 body={"strategy":"-android uiautomator","selector":"new UiSelector().descriptionContains(\"No landmarks y...
14:02:31.331967 POST /session/45cfdb12-ab9b-46d9-b6a9-00fc1d4cd0e7/element [8.717166ms] ERR:404 body={"strategy":"-android uiautomator","selector":"new UiSelector().textMatches(\"(?is).*\\QNo landmarks...
14:02:31.353401 POST /session/45cfdb12-ab9b-46d9-b6a9-00fc1d4cd0e7/element [21.297792ms] ERR:404 body={"strategy":"-android uiautomator","selector":"new UiSelector().descriptionMatches(\"(?is).*\\QNo la...
14:02:31.376148 GET /session/45cfdb12-ab9b-46d9-b6a9-00fc1d4cd0e7/source [22.395791ms] OK body=
14:02:31.392518 POST /session/45cfdb12-ab9b-46d9-b6a9-00fc1d4cd0e7/element [15.505625ms] ERR:404 body={"strategy":"-android uiautomator","selector":"new UiSelector().textContains(\"No landmarks yet\")"}
14:02:31.404541 POST /session/45cfdb12-ab9b-46d9-b6a9-00fc1d4cd0e7/element [11.919292ms] ERR:404 body={"strategy":"-android uiautomator","selector":"new UiSelector().descriptionContains(\"No landmarks y...
14:02:31.416602 POST /session/45cfdb12-ab9b-46d9-b6a9-00fc1d4cd0e7/element [11.963125ms] ERR:404 body={"strategy":"-android uiautomator","selector":"new UiSelector().textMatches(\"(?is).*\\QNo landmarks...
14:02:31.431965 POST /session/45cfdb12-ab9b-46d9-b6a9-00fc1d4cd0e7/element [15.234167ms] ERR:404 body={"strategy":"-android uiautomator","selector":"new UiSelector().descriptionMatches(\"(?is).*\\QNo la...
14:02:31.443259 POST /session/45cfdb12-ab9b-46d9-b6a9-00fc1d4cd0e7/element [11.203667ms] ERR:404 body={"strategy":"-android uiautomator","selector":"new UiSelector().textContains(\"No landmarks yet\")"}
14:02:31.448803 POST /session/45cfdb12-ab9b-46d9-b6a9-00fc1d4cd0e7/element [5.470583ms] ERR:404 body={"strategy":"-android uiautomator","selector":"new UiSelector().descriptionContains(\"No landmarks y...
14:02:31.472153 POST /session/45cfdb12-ab9b-46d9-b6a9-00fc1d4cd0e7/element [23.255584ms] ERR:404 body={"strategy":"-android uiautomator","selector":"new UiSelector().textMatches(\"(?is).*\\QNo landmarks...
14:02:31.488013 POST /session/45cfdb12-ab9b-46d9-b6a9-00fc1d4cd0e7/element [15.788375ms] ERR:404 body={"strategy":"-android uiautomator","selector":"new UiSelector().descriptionMatches(\"(?is).*\\QNo la...
14:02:31.502415 POST /session/45cfdb12-ab9b-46d9-b6a9-00fc1d4cd0e7/element [14.321542ms] ERR:404 body={"strategy":"-android uiautomator","selector":"new UiSelector().textContains(\"No landmarks yet\")"}
14:02:31.517783 POST /session/45cfdb12-ab9b-46d9-b6a9-00fc1d4cd0e7/element [15.296ms] ERR:404 body={"strategy":"-android uiautomator","selector":"new UiSelector().descriptionContains(\"No landmarks y...
14:02:31.533201 POST /session/45cfdb12-ab9b-46d9-b6a9-00fc1d4cd0e7/element [15.349625ms] ERR:404 body={"strategy":"-android uiautomator","selector":"new UiSelector().textMatches(\"(?is).*\\QNo landmarks...
14:02:31.550945 POST /session/45cfdb12-ab9b-46d9-b6a9-00fc1d4cd0e7/element [17.685167ms] ERR:404 body={"strategy":"-android uiautomator","selector":"new UiSelector().descriptionMatches(\"(?is).*\\QNo la...
14:02:31.564343 POST /session/45cfdb12-ab9b-46d9-b6a9-00fc1d4cd0e7/element [13.336375ms] ERR:404 body={"strategy":"-android uiautomator","selector":"new UiSelector().textContains(\"No landmarks yet\")"}
14:02:31.579245 POST /session/45cfdb12-ab9b-46d9-b6a9-00fc1d4cd0e7/element [14.833708ms] ERR:404 body={"strategy":"-android uiautomator","selector":"new UiSelector().descriptionContains(\"No landmarks y...
14:02:31.591804 POST /session/45cfdb12-ab9b-46d9-b6a9-00fc1d4cd0e7/element [12.466833ms] ERR:404 body={"strategy":"-android uiautomator","selector":"new UiSelector().textMatches(\"(?is).*\\QNo landmarks...
14:02:31.611069 POST /session/45cfdb12-ab9b-46d9-b6a9-00fc1d4cd0e7/element [19.04425ms] ERR:404 body={"strategy":"-android uiautomator","selector":"new UiSelector().descriptionMatches(\"(?is).*\\QNo la...
14:02:31.626855 POST /session/45cfdb12-ab9b-46d9-b6a9-00fc1d4cd0e7/element [15.723875ms] ERR:404 body={"strategy":"-android uiautomator","selector":"new UiSelector().textContains(\"No landmarks yet\")"}
14:02:31.644184 POST /session/45cfdb12-ab9b-46d9-b6a9-00fc1d4cd0e7/element [17.277833ms] ERR:404 body={"strategy":"-android uiautomator","selector":"new UiSelector().descriptionContains(\"No landmarks y...
14:02:31.661722 POST /session/45cfdb12-ab9b-46d9-b6a9-00fc1d4cd0e7/element [17.474542ms] ERR:404 body={"strategy":"-android uiautomator","selector":"new UiSelector().textMatches(\"(?is).*\\QNo landmarks...
14:02:31.675782 POST /session/45cfdb12-ab9b-46d9-b6a9-00fc1d4cd0e7/element [13.993ms] ERR:404 body={"strategy":"-android uiautomator","selector":"new UiSelector().descriptionMatches(\"(?is).*\\QNo la...
14:02:31.691688 POST /session/45cfdb12-ab9b-46d9-b6a9-00fc1d4cd0e7/element [15.837916ms] ERR:404 body={"strategy":"-android uiautomator","selector":"new UiSelector().textContains(\"No landmarks yet\")"}
14:02:31.717933 POST /session/45cfdb12-ab9b-46d9-b6a9-00fc1d4cd0e7/element [26.134584ms] ERR:404 body={"strategy":"-android uiautomator","selector":"new UiSelector().descriptionContains(\"No landmarks y...
14:02:31.734269 POST /session/45cfdb12-ab9b-46d9-b6a9-00fc1d4cd0e7/element [16.254459ms] ERR:404 body={"strategy":"-android uiautomator","selector":"new UiSelector().textMatches(\"(?is).*\\QNo landmarks...
14:02:31.752417 POST /session/45cfdb12-ab9b-46d9-b6a9-00fc1d4cd0e7/element [18.007375ms] ERR:404 body={"strategy":"-android uiautomator","selector":"new UiSelector().descriptionMatches(\"(?is).*\\QNo la...
14:02:31.766408 POST /session/45cfdb12-ab9b-46d9-b6a9-00fc1d4cd0e7/element [13.920625ms] ERR:404 body={"strategy":"-android uiautomator","selector":"new UiSelector().textContains(\"No landmarks yet\")"}
14:02:31.781213 POST /session/45cfdb12-ab9b-46d9-b6a9-00fc1d4cd0e7/element [14.740959ms] ERR:404 body={"strategy":"-android uiautomator","selector":"new UiSelector().descriptionContains(\"No landmarks y...
14:02:31.792837 POST /session/45cfdb12-ab9b-46d9-b6a9-00fc1d4cd0e7/element [11.562292ms] ERR:404 body={"strategy":"-android uiautomator","selector":"new UiSelector().textMatches(\"(?is).*\\QNo landmarks...
14:02:31.804349 POST /session/45cfdb12-ab9b-46d9-b6a9-00fc1d4cd0e7/element [11.453833ms] ERR:404 body={"strategy":"-android uiautomator","selector":"new UiSelector().descriptionMatches(\"(?is).*\\QNo la...
14:02:31.824049 POST /session/45cfdb12-ab9b-46d9-b6a9-00fc1d4cd0e7/element [19.65575ms] ERR:404 body={"strategy":"-android uiautomator","selector":"new UiSelector().textContains(\"No landmarks yet\")"}
14:02:31.834082 POST /session/45cfdb12-ab9b-46d9-b6a9-00fc1d4cd0e7/element [9.968667ms] ERR:404 body={"strategy":"-android uiautomator","selector":"new UiSelector().descriptionContains(\"No landmarks y...
14:02:31.848843 POST /session/45cfdb12-ab9b-46d9-b6a9-00fc1d4cd0e7/element [14.676958ms] ERR:404 body={"strategy":"-android uiautomator","selector":"new UiSelector().textMatches(\"(?is).*\\QNo landmarks...
14:02:31.862583 POST /session/45cfdb12-ab9b-46d9-b6a9-00fc1d4cd0e7/element [13.681625ms] ERR:404 body={"strategy":"-android uiautomator","selector":"new UiSelector().descriptionMatches(\"(?is).*\\QNo la...
14:02:31.872429 POST /session/45cfdb12-ab9b-46d9-b6a9-00fc1d4cd0e7/element [9.778083ms] ERR:404 body={"strategy":"-android uiautomator","selector":"new UiSelector().textContains(\"No landmarks yet\")"}
14:02:31.883139 POST /session/45cfdb12-ab9b-46d9-b6a9-00fc1d4cd0e7/element [10.647042ms] ERR:404 body={"strategy":"-android uiautomator","selector":"new UiSelector().descriptionContains(\"No landmarks y...
14:02:31.899222 POST /session/45cfdb12-ab9b-46d9-b6a9-00fc1d4cd0e7/element [16.028375ms] ERR:404 body={"strategy":"-android uiautomator","selector":"new UiSelector().textMatches(\"(?is).*\\QNo landmarks...
14:02:31.913280 POST /session/45cfdb12-ab9b-46d9-b6a9-00fc1d4cd0e7/element [13.997292ms] ERR:404 body={"strategy":"-android uiautomator","selector":"new UiSelector().descriptionMatches(\"(?is).*\\QNo la...
14:02:31.924131 POST /session/45cfdb12-ab9b-46d9-b6a9-00fc1d4cd0e7/element [10.796875ms] ERR:404 body={"strategy":"-android uiautomator","selector":"new UiSelector().textContains(\"No landmarks yet\")"}
14:02:31.937290 POST /session/45cfdb12-ab9b-46d9-b6a9-00fc1d4cd0e7/element [13.10025ms] ERR:404 body={"strategy":"-android uiautomator","selector":"new UiSelector().descriptionContains(\"No landmarks y...
14:02:31.950647 POST /session/45cfdb12-ab9b-46d9-b6a9-00fc1d4cd0e7/element [13.301417ms] ERR:404 body={"strategy":"-android uiautomator","selector":"new UiSelector().textMatches(\"(?is).*\\QNo landmarks...
14:02:31.962260 POST /session/45cfdb12-ab9b-46d9-b6a9-00fc1d4cd0e7/element [11.556292ms] ERR:404 body={"strategy":"-android uiautomator","selector":"new UiSelector().descriptionMatches(\"(?is).*\\QNo la...
14:02:31.973892 POST /session/45cfdb12-ab9b-46d9-b6a9-00fc1d4cd0e7/element [11.575375ms] ERR:404 body={"strategy":"-android uiautomator","selector":"new UiSelector().textContains(\"No landmarks yet\")"}
14:02:31.987222 POST /session/45cfdb12-ab9b-46d9-b6a9-00fc1d4cd0e7/element [13.279917ms] ERR:404 body={"strategy":"-android uiautomator","selector":"new UiSelector().descriptionContains(\"No landmarks y...
14:02:31.999057 POST /session/45cfdb12-ab9b-46d9-b6a9-00fc1d4cd0e7/element [11.772708ms] ERR:404 body={"strategy":"-android uiautomator","selector":"new UiSelector().textMatches(\"(?is).*\\QNo landmarks...
14:02:32.013247 POST /session/45cfdb12-ab9b-46d9-b6a9-00fc1d4cd0e7/element [14.130041ms] ERR:404 body={"strategy":"-android uiautomator","selector":"new UiSelector().descriptionMatches(\"(?is).*\\QNo la...
14:02:32.030763 POST /session/45cfdb12-ab9b-46d9-b6a9-00fc1d4cd0e7/element [17.448625ms] ERR:404 body={"strategy":"-android uiautomator","selector":"new UiSelector().textContains(\"No landmarks yet\")"}
14:02:32.043702 POST /session/45cfdb12-ab9b-46d9-b6a9-00fc1d4cd0e7/element [12.886083ms] ERR:404 body={"strategy":"-android uiautomator","selector":"new UiSelector().descriptionContains(\"No landmarks y...
14:02:32.058662 POST /session/45cfdb12-ab9b-46d9-b6a9-00fc1d4cd0e7/element [14.898916ms] ERR:404 body={"strategy":"-android uiautomator","selector":"new UiSelector().textMatches(\"(?is).*\\QNo landmarks...
14:02:32.071255 POST /session/45cfdb12-ab9b-46d9-b6a9-00fc1d4cd0e7/element [12.529125ms] ERR:404 body={"strategy":"-android uiautomator","selector":"new UiSelector().descriptionMatches(\"(?is).*\\QNo la...
14:02:32.082200 POST /session/45cfdb12-ab9b-46d9-b6a9-00fc1d4cd0e7/element [10.893375ms] ERR:404 body={"strategy":"-android uiautomator","selector":"new UiSelector().textContains(\"No landmarks yet\")"}
14:02:32.091954 POST /session/45cfdb12-ab9b-46d9-b6a9-00fc1d4cd0e7/element [9.692291ms] ERR:404 body={"strategy":"-android uiautomator","selector":"new UiSelector().descriptionContains(\"No landmarks y...
14:02:32.105592 POST /session/45cfdb12-ab9b-46d9-b6a9-00fc1d4cd0e7/element [13.577708ms] ERR:404 body={"strategy":"-android uiautomator","selector":"new UiSelector().textMatches(\"(?is).*\\QNo landmarks...
14:02:32.118891 POST /session/45cfdb12-ab9b-46d9-b6a9-00fc1d4cd0e7/element [13.2375ms] ERR:404 body={"strategy":"-android uiautomator","selector":"new UiSelector().descriptionMatches(\"(?is).*\\QNo la...
14:02:32.131497 POST /session/45cfdb12-ab9b-46d9-b6a9-00fc1d4cd0e7/element [12.545084ms] ERR:404 body={"strategy":"-android uiautomator","selector":"new UiSelector().textContains(\"No landmarks yet\")"}
14:02:32.144100 POST /session/45cfdb12-ab9b-46d9-b6a9-00fc1d4cd0e7/element [12.548459ms] ERR:404 body={"strategy":"-android uiautomator","selector":"new UiSelector().descriptionContains(\"No landmarks y...
14:02:32.157790 POST /session/45cfdb12-ab9b-46d9-b6a9-00fc1d4cd0e7/element [13.637458ms] ERR:404 body={"strategy":"-android uiautomator","selector":"new UiSelector().textMatches(\"(?is).*\\QNo landmarks...
14:02:32.169564 POST /session/45cfdb12-ab9b-46d9-b6a9-00fc1d4cd0e7/element [11.7075ms] ERR:404 body={"strategy":"-android uiautomator","selector":"new UiSelector().descriptionMatches(\"(?is).*\\QNo la...
14:02:32.178499 POST /session/45cfdb12-ab9b-46d9-b6a9-00fc1d4cd0e7/element [8.880208ms] ERR:404 body={"strategy":"-android uiautomator","selector":"new UiSelector().textContains(\"No landmarks yet\")"}
14:02:32.191472 POST /session/45cfdb12-ab9b-46d9-b6a9-00fc1d4cd0e7/element [12.927417ms] ERR:404 body={"strategy":"-android uiautomator","selector":"new UiSelector().descriptionContains(\"No landmarks y...
14:02:32.202651 POST /session/45cfdb12-ab9b-46d9-b6a9-00fc1d4cd0e7/element [11.115959ms] ERR:404 body={"strategy":"-android uiautomator","selector":"new UiSelector().textMatches(\"(?is).*\\QNo landmarks...
14:02:32.213498 POST /session/45cfdb12-ab9b-46d9-b6a9-00fc1d4cd0e7/element [10.788333ms] ERR:404 body={"strategy":"-android uiautomator","selector":"new UiSelector().descriptionMatches(\"(?is).*\\QNo la...
14:02:32.225846 POST /session/45cfdb12-ab9b-46d9-b6a9-00fc1d4cd0e7/element [12.298208ms] ERR:404 body={"strategy":"-android uiautomator","selector":"new UiSelector().textContains(\"No landmarks yet\")"}
14:02:32.236881 POST /session/45cfdb12-ab9b-46d9-b6a9-00fc1d4cd0e7/element [10.9785ms] ERR:404 body={"strategy":"-android uiautomator","selector":"new UiSelector().descriptionContains(\"No landmarks y...
14:02:32.247695 POST /session/45cfdb12-ab9b-46d9-b6a9-00fc1d4cd0e7/element [10.768542ms] ERR:404 body={"strategy":"-android uiautomator","selector":"new UiSelector().textMatches(\"(?is).*\\QNo landmarks...
14:02:32.259566 POST /session/45cfdb12-ab9b-46d9-b6a9-00fc1d4cd0e7/element [11.815292ms] ERR:404 body={"strategy":"-android uiautomator","selector":"new UiSelector().descriptionMatches(\"(?is).*\\QNo la...
14:02:32.268997 POST /session/45cfdb12-ab9b-46d9-b6a9-00fc1d4cd0e7/element [9.370833ms] ERR:404 body={"strategy":"-android uiautomator","selector":"new UiSelector().textContains(\"No landmarks yet\")"}
14:02:32.278711 POST /session/45cfdb12-ab9b-46d9-b6a9-00fc1d4cd0e7/element [9.656417ms] ERR:404 body={"strategy":"-android uiautomator","selector":"new UiSelector().descriptionContains(\"No landmarks y...
14:02:32.289978 POST /session/45cfdb12-ab9b-46d9-b6a9-00fc1d4cd0e7/element [11.212875ms] ERR:404 body={"strategy":"-android uiautomator","selector":"new UiSelector().textMatches(\"(?is).*\\QNo landmarks...
14:02:32.298224 POST /session/45cfdb12-ab9b-46d9-b6a9-00fc1d4cd0e7/element [8.180958ms] ERR:404 body={"strategy":"-android uiautomator","selector":"new UiSelector().descriptionMatches(\"(?is).*\\QNo la...
14:02:32.310521 POST /session/45cfdb12-ab9b-46d9-b6a9-00fc1d4cd0e7/element [12.235875ms] ERR:404 body={"strategy":"-android uiautomator","selector":"new UiSelector().textContains(\"No landmarks yet\")"}
14:02:32.324509 POST /session/45cfdb12-ab9b-46d9-b6a9-00fc1d4cd0e7/element [13.926791ms] ERR:404 body={"strategy":"-android uiautomator","selector":"new UiSelector().descriptionContains(\"No landmarks y...
14:02:32.336624 POST /session/45cfdb12-ab9b-46d9-b6a9-00fc1d4cd0e7/element [12.054334ms] ERR:404 body={"strategy":"-android uiautomator","selector":"new UiSelector().textMatches(\"(?is).*\\QNo landmarks...
14:02:32.347007 POST /session/45cfdb12-ab9b-46d9-b6a9-00fc1d4cd0e7/element [10.321042ms] ERR:404 body={"strategy":"-android uiautomator","selector":"new UiSelector().descriptionMatches(\"(?is).*\\QNo la...
14:02:32.357561 POST /session/45cfdb12-ab9b-46d9-b6a9-00fc1d4cd0e7/element [10.497792ms] ERR:404 body={"strategy":"-android uiautomator","selector":"new UiSelector().textContains(\"No landmarks yet\")"}
14:02:32.371169 POST /session/45cfdb12-ab9b-46d9-b6a9-00fc1d4cd0e7/element [13.556125ms] ERR:404 body={"strategy":"-android uiautomator","selector":"new UiSelector().descriptionContains(\"No landmarks y...
14:02:32.383944 POST /session/45cfdb12-ab9b-46d9-b6a9-00fc1d4cd0e7/element [12.719917ms] ERR:404 body={"strategy":"-android uiautomator","selector":"new UiSelector().textMatches(\"(?is).*\\QNo landmarks...
14:02:32.394661 POST /session/45cfdb12-ab9b-46d9-b6a9-00fc1d4cd0e7/element [10.658ms] ERR:404 body={"strategy":"-android uiautomator","selector":"new UiSelector().descriptionMatches(\"(?is).*\\QNo la...
14:02:32.414619 GET /session/45cfdb12-ab9b-46d9-b6a9-00fc1d4cd0e7/source [19.7895ms] OK body=
14:02:32.552002 GET /session/45cfdb12-ab9b-46d9-b6a9-00fc1d4cd0e7/screenshot [135.93375ms] OK body=
14:02:32.573024 GET /session/45cfdb12-ab9b-46d9-b6a9-00fc1d4cd0e7/source [20.503ms] OK body=
14:02:32.577671 DELETE /session/45cfdb12-ab9b-46d9-b6a9-00fc1d4cd0e7 [1.576041ms] OK body=
