14:00:47.619399 POST /session [8.893459ms] OK body={"capabilities":{"platformName":"Android","deviceName":"sdk_gphone64_arm64"}}
14:00:47.623099 POST /session/50ef7a04-1fca-4a99-991c-a373c513603b/appium/settings [3.588583ms] OK body={"settings":{"enableMultiWindows":true,"waitForIdleTimeout":200}}
14:00:47.625680 POST /session/50ef7a04-1fca-4a99-991c-a373c513603b/appium/settings [2.563791ms] OK body={"settings":{"implicitWait":100}}
14:00:47.674806 GET /session/50ef7a04-1fca-4a99-991c-a373c513603b/appium/device/info [20.208875ms] OK body=
14:00:47.684041 POST /session/50ef7a04-1fca-4a99-991c-a373c513603b/appium/settings [3.306916ms] OK body={"settings":{"waitForIdleTimeout":200}}
14:00:48.375549 POST /session/50ef7a04-1fca-4a99-991c-a373c513603b/appium/device/launch_app [9.7075ms] OK body={"appId":"com.kylebrowning.landmarks"}
14:00:49.770399 POST /session/50ef7a04-1fca-4a99-991c-a373c513603b/element [392.047667ms] ERR:404 body={"strategy":"-android uiautomator","selector":"new UiSelector().textContains(\"Deep Links\").clickab...
14:00:50.348413 POST /session/50ef7a04-1fca-4a99-991c-a373c513603b/element [577.858042ms] ERR:404 body={"strategy":"-android uiautomator","selector":"new UiSelector().descriptionContains(\"Deep Links\")....
14:00:50.374214 POST /session/50ef7a04-1fca-4a99-991c-a373c513603b/element [25.692209ms] OK body={"strategy":"-android uiautomator","selector":"new UiSelector().textContains(\"Deep Links\")"}
14:00:50.442175 GET /session/50ef7a04-1fca-4a99-991c-a373c513603b/source [67.737625ms] OK body=
14:00:50.514635 POST /session/50ef7a04-1fca-4a99-991c-a373c513603b/appium/gestures/click [71.663875ms] OK body={"offset":{"x":907,"y":2232}}
14:00:51.145451 POST /session/50ef7a04-1fca-4a99-991c-a373c513603b/element [622.110375ms] ERR:404 body={"strategy":"-android uiautomator","selector":"new UiSelector().textContains(\"a=b c\")"}
14:00:51.164355 POST /session/50ef7a04-1fca-4a99-991c-a373c513603b/element [18.809458ms] ERR:404 body={"strategy":"-android uiautomator","selector":"new UiSelector().descriptionContains(\"a=b c\")"}
14:00:51.181463 POST /session/50ef7a04-1fca-4a99-991c-a373c513603b/element [17.041083ms] ERR:404 body={"strategy":"-android uiautomator","selector":"new UiSelector().textMatches(\"(?is).*\\Qa=b c\\E.*\"...
14:00:51.199741 POST /session/50ef7a04-1fca-4a99-991c-a373c513603b/element [18.218291ms] ERR:404 body={"strategy":"-android uiautomator","selector":"new UiSelector().descriptionMatches(\"(?is).*\\Qa=b c...
14:00:51.217285 POST /session/50ef7a04-1fca-4a99-991c-a373c513603b/element [17.471125ms] ERR:404 body={"strategy":"-android uiautomator","selector":"new UiSelector().textContains(\"a=b c\")"}
14:00:51.235338 POST /session/50ef7a04-1fca-4a99-991c-a373c513603b/element [17.984458ms] ERR:404 body={"strategy":"-android uiautomator","selector":"new UiSelector().descriptionContains(\"a=b c\")"}
14:00:51.252159 POST /session/50ef7a04-1fca-4a99-991c-a373c513603b/element [16.754166ms] ERR:404 body={"strategy":"-android uiautomator","selector":"new UiSelector().textMatches(\"(?is).*\\Qa=b c\\E.*\"...
14:00:51.269811 POST /session/50ef7a04-1fca-4a99-991c-a373c513603b/element [17.590833ms] ERR:404 body={"strategy":"-android uiautomator","selector":"new UiSelector().descriptionMatches(\"(?is).*\\Qa=b c...
14:00:51.285869 POST /session/50ef7a04-1fca-4a99-991c-a373c513603b/element [16.002042ms] ERR:404 body={"strategy":"-android uiautomator","selector":"new UiSelector().textContains(\"a=b c\")"}
14:00:51.301144 POST /session/50ef7a04-1fca-4a99-991c-a373c513603b/element [15.208ms] ERR:404 body={"strategy":"-android uiautomator","selector":"new UiSelector().descriptionContains(\"a=b c\")"}
14:00:51.318440 POST /session/50ef7a04-1fca-4a99-991c-a373c513603b/element [17.229875ms] ERR:404 body={"strategy":"-android uiautomator","selector":"new UiSelector().textMatches(\"(?is).*\\Qa=b c\\E.*\"...
14:00:51.334940 POST /session/50ef7a04-1fca-4a99-991c-a373c513603b/element [16.431375ms] ERR:404 body={"strategy":"-android uiautomator","selector":"new UiSelector().descriptionMatches(\"(?is).*\\Qa=b c...
14:00:51.351253 POST /session/50ef7a04-1fca-4a99-991c-a373c513603b/element [16.250334ms] ERR:404 body={"strategy":"-android uiautomator","selector":"new UiSelector().textContains(\"a=b c\")"}
14:00:51.368469 POST /session/50ef7a04-1fca-4a99-991c-a373c513603b/element [17.15975ms] ERR:404 body={"strategy":"-android uiautomator","selector":"new UiSelector().descriptionContains(\"a=b c\")"}
14:00:51.386772 POST /session/50ef7a04-1fca-4a99-991c-a373c513603b/element [18.23325ms] ERR:404 body={"strategy":"-android uiautomator","selector":"new UiSelector().textMatches(\"(?is).*\\Qa=b c\\E.*\"...
14:00:51.404276 POST /session/50ef7a04-1fca-4a99-991c-a373c513603b/element [17.38625ms] ERR:404 body={"strategy":"-android uiautomator","selector":"new UiSelector().descriptionMatches(\"(?is).*\\Qa=b c...
14:00:51.420806 POST /session/50ef7a04-1fca-4a99-991c-a373c513603b/element [16.4565ms] ERR:404 body={"strategy":"-android uiautomator","selector":"new UiSelector().textContains(\"a=b c\")"}
14:00:51.436117 POST /session/50ef7a04-1fca-4a99-991c-a373c513603b/element [15.235334ms] ERR:404 body={"strategy":"-android uiautomator","selector":"new UiSelector().descriptionContains(\"a=b c\")"}
14:00:51.452972 POST /session/50ef7a04-1fca-4a99-991c-a373c513603b/element [16.796834ms] ERR:404 body={"strategy":"-android uiautomator","selector":"new UiSelector().textMatches(\"(?is).*\\Qa=b c\\E.*\"...
14:00:51.468214 POST /session/50ef7a04-1fca-4a99-991c-a373c513603b/element [15.191667ms] ERR:404 body={"strategy":"-android uiautomator","selector":"new UiSelector().descriptionMatches(\"(?is).*\\Qa=b c...
14:00:51.486229 POST /session/50ef7a04-1fca-4a99-991c-a373c513603b/element [17.751167ms] ERR:404 body={"strategy":"-android uiautomator","selector":"new UiSelector().textContains(\"a=b c\")"}
14:00:51.502519 POST /session/50ef7a04-1fca-4a99-991c-a373c513603b/element [15.887ms] ERR:404 body={"strategy":"-android uiautomator","selector":"new UiSelector().descriptionContains(\"a=b c\")"}
14:00:51.518039 POST /session/50ef7a04-1fca-4a99-991c-a373c513603b/element [15.449459ms] ERR:404 body={"strategy":"-android uiautomator","selector":"new UiSelector().textMatches(\"(?is).*\\Qa=b c\\E.*\"...
14:00:51.534614 POST /session/50ef7a04-1fca-4a99-991c-a373c513603b/element [16.520459ms] ERR:404 body={"strategy":"-android uiautomator","selector":"new UiSelector().descriptionMatches(\"(?is).*\\Qa=b c...
14:00:51.552484 POST /session/50ef7a04-1fca-4a99-991c-a373c513603b/element [17.817209ms] ERR:404 body={"strategy":"-android uiautomator","selector":"new UiSelector().textContains(\"a=b c\")"}
14:00:51.571175 POST /session/50ef7a04-1fca-4a99-991c-a373c513603b/element [18.6235ms] ERR:404 body={"strategy":"-android uiautomator","selector":"new UiSelector().descriptionContains(\"a=b c\")"}
14:00:51.588051 POST /session/50ef7a04-1fca-4a99-991c-a373c513603b/element [16.801708ms] ERR:404 body={"strategy":"-android uiautomator","selector":"new UiSelector().textMatches(\"(?is).*\\Qa=b c\\E.*\"...
14:00:51.602662 POST /session/50ef7a04-1fca-4a99-991c-a373c513603b/element [14.55525ms] ERR:404 body={"strategy":"-android uiautomator","selector":"new UiSelector().descriptionMatches(\"(?is).*\\Qa=b c...
14:00:51.617947 POST /session/50ef7a04-1fca-4a99-991c-a373c513603b/element [15.225875ms] ERR:404 body={"strategy":"-android uiautomator","selector":"new UiSelector().textContains(\"a=b c\")"}
14:00:51.634320 POST /session/50ef7a04-1fca-4a99-991c-a373c513603b/element [16.310375ms] ERR:404 body={"strategy":"-android uiautomator","selector":"new UiSelector().descriptionContains(\"a=b c\")"}
14:00:51.650379 POST /session/50ef7a04-1fca-4a99-991c-a373c513603b/element [16.004916ms] ERR:404 body={"strategy":"-android uiautomator","selector":"new UiSelector().textMatches(\"(?is).*\\Qa=b c\\E.*\"...
14:00:51.667917 POST /session/50ef7a04-1fca-4a99-991c-a373c513603b/element [17.486958ms] ERR:404 body={"strategy":"-android uiautomator","selector":"new UiSelector().descriptionMatches(\"(?is).*\\Qa=b c...
14:00:51.682720 POST /session/50ef7a04-1fca-4a99-991c-a373c513603b/element [14.749084ms] ERR:404 body={"strategy":"-android uiautomator","selector":"new UiSelector().textContains(\"a=b c\")"}
14:00:51.696993 POST /session/50ef7a04-1fca-4a99-991c-a373c513603b/element [14.200541ms] ERR:404 body={"strategy":"-android uiautomator","selector":"new UiSelector().descriptionContains(\"a=b c\")"}
14:00:51.712154 POST /session/50ef7a04-1fca-4a99-991c-a373c513603b/element [15.098333ms] ERR:404 body={"strategy":"-android uiautomator","selector":"new UiSelector().textMatches(\"(?is).*\\Qa=b c\\E.*\"...
14:00:51.726151 POST /session/50ef7a04-1fca-4a99-991c-a373c513603b/element [13.946375ms] ERR:404 body={"strategy":"-android uiautomator","selector":"new UiSelector().descriptionMatches(\"(?is).*\\Qa=b c...
14:00:51.744869 POST /session/50ef7a04-1fca-4a99-991c-a373c513603b/element [18.651125ms] ERR:404 body={"strategy":"-android uiautomator","selector":"new UiSelector().textContains(\"a=b c\")"}
14:00:51.759921 POST /session/50ef7a04-1fca-4a99-991c-a373c513603b/element [14.986416ms] ERR:404 body={"strategy":"-android uiautomator","selector":"new UiSelector().descriptionContains(\"a=b c\")"}
14:00:51.775016 POST /session/50ef7a04-1fca-4a99-991c-a373c513603b/element [15.037416ms] ERR:404 body={"strategy":"-android uiautomator","selector":"new UiSelector().textMatches(\"(?is).*\\Qa=b c\\E.*\"...
14:00:51.789204 POST /session/50ef7a04-1fca-4a99-991c-a373c513603b/element [14.131666ms] ERR:404 body={"strategy":"-android uiautomator","selector":"new UiSelector().descriptionMatches(\"(?is).*\\Qa=b c...
14:00:51.802743 POST /session/50ef7a04-1fca-4a99-991c-a373c513603b/element [13.483459ms] ERR:404 body={"strategy":"-android uiautomator","selector":"new UiSelector().textContains(\"a=b c\")"}
14:00:51.818961 POST /session/50ef7a04-1fca-4a99-991c-a373c513603b/element [16.159625ms] ERR:404 body={"strategy":"-android uiautomator","selector":"new UiSelector().descriptionContains(\"a=b c\")"}
14:00:51.834952 POST /session/50ef7a04-1fca-4a99-991c-a373c513603b/element [15.780791ms] ERR:404 body={"strategy":"-android uiautomator","selector":"new UiSelector().textMatches(\"(?is).*\\Qa=b c\\E.*\"...
14:00:51.849012 POST /session/50ef7a04-1fca-4a99-991c-a373c513603b/element [14.005375ms] ERR:404 body={"strategy":"-android uiautomator","selector":"new UiSelector().descriptionMatches(\"(?is).*\\Qa=b c...
14:00:51.864232 POST /session/50ef7a04-1fca-4a99-991c-a373c513603b/element [15.167292ms] ERR:404 body={"strategy":"-android uiautomator","selector":"new UiSelector().textContains(\"a=b c\")"}
14:00:51.880456 POST /session/50ef7a04-1fca-4a99-991c-a373c513603b/element [16.153041ms] ERR:404 body={"strategy":"-android uiautomator","selector":"new UiSelector().descriptionContains(\"a=b c\")"}
14:00:51.894528 POST /session/50ef7a04-1fca-4a99-991c-a373c513603b/element [14.012667ms] ERR:404 body={"strategy":"-android uiautomator","selector":"new UiSelector().textMatches(\"(?is).*\\Qa=b c\\E.*\"...
14:00:51.907650 POST /session/50ef7a04-1fca-4a99-991c-a373c513603b/element [13.071667ms] ERR:404 body={"strategy":"-android uiautomator","selector":"new UiSelector().descriptionMatches(\"(?is).*\\Qa=b c...
14:00:51.921146 POST /session/50ef7a04-1fca-4a99-991c-a373c513603b/element [13.451167ms] ERR:404 body={"strategy":"-android uiautomator","selector":"new UiSelector().textContains(\"a=b c\")"}
14:00:51.933982 POST /session/50ef7a04-1fca-4a99-991c-a373c513603b/element [12.787ms] ERR:404 body={"strategy":"-android uiautomator","selector":"new UiSelector().descriptionContains(\"a=b c\")"}
14:00:51.947753 POST /session/50ef7a04-1fca-4a99-991c-a373c513603b/element [13.721292ms] ERR:404 body={"strategy":"-android uiautomator","selector":"new UiSelector().textMatches(\"(?is).*\\Qa=b c\\E.*\"...
14:00:51.960681 POST /session/50ef7a04-1fca-4a99-991c-a373c513603b/element [12.87875ms] ERR:404 body={"strategy":"-android uiautomator","selector":"new UiSelector().descriptionMatches(\"(?is).*\\Qa=b c...
14:00:51.977673 POST /session/50ef7a04-1fca-4a99-991c-a373c513603b/element [16.945333ms] ERR:404 body={"strategy":"-android uiautomator","selector":"new UiSelector().textContains(\"a=b c\")"}
14:00:51.990464 POST /session/50ef7a04-1fca-4a99-991c-a373c513603b/element [12.738125ms] ERR:404 body={"strategy":"-android uiautomator","selector":"new UiSelector().descriptionContains(\"a=b c\")"}
14:00:52.002895 POST /session/50ef7a04-1fca-4a99-991c-a373c513603b/element [12.381917ms] ERR:404 body={"strategy":"-android uiautomator","selector":"new UiSelector().textMatches(\"(?is).*\\Qa=b c\\E.*\"...
14:00:52.017230 POST /session/50ef7a04-1fca-4a99-991c-a373c513603b/element [14.282ms] ERR:404 body={"strategy":"-android uiautomator","selector":"new UiSelector().descriptionMatches(\"(?is).*\\Qa=b c...
14:00:52.031987 POST /session/50ef7a04-1fca-4a99-991c-a373c513603b/element [14.6995ms] ERR:404 body={"strategy":"-android uiautomator","selector":"new UiSelector().textContains(\"a=b c\")"}
14:00:52.046489 POST /session/50ef7a04-1fca-4a99-991c-a373c513603b/element [14.424875ms] ERR:404 body={"strategy":"-android uiautomator","selector":"new UiSelector().descriptionContains(\"a=b c\")"}
14:00:52.062909 POST /session/50ef7a04-1fca-4a99-991c-a373c513603b/element [16.358041ms] ERR:404 body={"strategy":"-android uiautomator","selector":"new UiSelector().textMatches(\"(?is).*\\Qa=b c\\E.*\"...
14:00:52.076081 POST /session/50ef7a04-1fca-4a99-991c-a373c513603b/element [13.109875ms] ERR:404 body={"strategy":"-android uiautomator","selector":"new UiSelector().descriptionMatches(\"(?is).*\\Qa=b c...
14:00:52.090216 POST /session/50ef7a04-1fca-4a99-991c-a373c513603b/element [14.08325ms] ERR:404 body={"strategy":"-android uiautomator","selector":"new UiSelector().textContains(\"a=b c\")"}
14:00:52.105011 POST /session/50ef7a04-1fca-4a99-991c-a373c513603b/element [14.737ms] ERR:404 body={"strategy":"-android uiautomator","selector":"new UiSelector().descriptionContains(\"a=b c\")"}
14:00:52.120204 POST /session/50ef7a04-1fca-4a99-991c-a373c513603b/element [15.129333ms] ERR:404 body={"strategy":"-android uiautomator","selector":"new UiSelector().textMatches(\"(?is).*\\Qa=b c\\E.*\"...
14:00:52.134921 POST /session/50ef7a04-1fca-4a99-991c-a373c513603b/element [14.661ms] ERR:404 body={"strategy":"-android uiautomator","selector":"new UiSelector().descriptionMatches(\"(?is).*\\Qa=b c...
14:00:52.149671 POST /session/50ef7a04-1fca-4a99-991c-a373c513603b/element [14.694625ms] ERR:404 body={"strategy":"-android uiautomator","selector":"new UiSelector().textContains(\"a=b c\")"}
14:00:52.164404 POST /session/50ef7a04-1fca-4a99-991c-a373c513603b/element [14.671042ms] ERR:404 body={"strategy":"-android uiautomator","selector":"new UiSelector().descriptionContains(\"a=b c\")"}
14:00:52.181287 POST /session/50ef7a04-1fca-4a99-991c-a373c513603b/element [16.825625ms] ERR:404 body={"strategy":"-android uiautomator","selector":"new UiSelector().textMatches(\"(?is).*\\Qa=b c\\E.*\"...
14:00:52.200497 POST /session/50ef7a04-1fca-4a99-991c-a373c513603b/element [19.151167ms] ERR:404 body={"strategy":"-android uiautomator","selector":"new UiSelector().descriptionMatches(\"(?is).*\\Qa=b c...
14:00:52.217250 POST /session/50ef7a04-1fca-4a99-991c-a373c513603b/element [16.680583ms] ERR:404 body={"strategy":"-android uiautomator","selector":"new UiSelector().textContains(\"a=b c\")"}
14:00:52.231099 POST /session/50ef7a04-1fca-4a99-991c-a373c513603b/element [13.792208ms] ERR:404 body={"strategy":"-android uiautomator","selector":"new UiSelector().descriptionContains(\"a=b c\")"}
14:00:52.252426 POST /session/50ef7a04-1fca-4a99-991c-a373c513603b/element [21.246791ms] ERR:404 body={"strategy":"-android uiautomator","selector":"new UiSelector().textMatches(\"(?is).*\\Qa=b c\\E.*\"...
14:00:52.268284 POST /session/50ef7a04-1fca-4a99-991c-a373c513603b/element [15.734709ms] ERR:404 body={"strategy":"-android uiautomator","selector":"new UiSelector().descriptionMatches(\"(?is).*\\Qa=b c...
14:00:52.288586 POST /session/50ef7a04-1fca-4a99-991c-a373c513603b/element [20.215917ms] ERR:404 body={"strategy":"-android uiautomator","selector":"new UiSelector().textContains(\"a=b c\")"}
14:00:52.306385 POST /session/50ef7a04-1fca-4a99-991c-a373c513603b/element [17.7285ms] ERR:404 body={"strategy":"-android uiautomator","selector":"new UiSelector().descriptionContains(\"a=b c\")"}
14:00:52.323855 POST /session/50ef7a04-1fca-4a99-991c-a373c513603b/element [17.369417ms] ERR:404 body={"strategy":"-android uiautomator","selector":"new UiSelector().textMatches(\"(?is).*\\Qa=b c\\E.*\"...
14:00:52.340535 POST /session/50ef7a04-1fca-4a99-991c-a373c513603b/element [16.6105ms] ERR:404 body={"strategy":"-android uiautomator","selector":"new UiSelector().descriptionMatches(\"(?is).*\\Qa=b c...
14:00:52.360769 POST /session/50ef7a04-1fca-4a99-991c-a373c513603b/element [20.169958ms] ERR:404 body={"strategy":"-android uiautomator","selector":"new UiSelector().textContains(\"a=b c\")"}
14:00:52.380274 POST /session/50ef7a04-1fca-4a99-991c-a373c513603b/element [19.4155ms] ERR:404 body={"strategy":"-android uiautomator","selector":"new UiSelector().descriptionContains(\"a=b c\")"}
14:00:52.404051 POST /session/50ef7a04-1fca-4a99-991c-a373c513603b/element [21.909833ms] ERR:404 body={"strategy":"-android uiautomator","selector":"new UiSelector().textMatches(\"(?is).*\\Qa=b c\\E.*\"...
14:00:52.422836 POST /session/50ef7a04-1fca-4a99-991c-a373c513603b/element [18.357583ms] ERR:404 body={"strategy":"-android uiautomator","selector":"new UiSelector().descriptionMatches(\"(?is).*\\Qa=b c...
14:00:52.438865 POST /session/50ef7a04-1fca-4a99-991c-a373c513603b/element [15.973917ms] ERR:404 body={"strategy":"-android uiautomator","selector":"new UiSelector().textContains(\"a=b c\")"}
14:00:52.453495 POST /session/50ef7a04-1fca-4a99-991c-a373c513603b/element [14.578542ms] ERR:404 body={"strategy":"-android uiautomator","selector":"new UiSelector().descriptionContains(\"a=b c\")"}
14:00:52.467450 POST /session/50ef7a04-1fca-4a99-991c-a373c513603b/element [13.898917ms] ERR:404 body={"strategy":"-android uiautomator","selector":"new UiSelector().textMatches(\"(?is).*\\Qa=b c\\E.*\"...
14:00:52.480472 POST /session/50ef7a04-1fca-4a99-991c-a373c513603b/element [12.96225ms] ERR:404 body={"strategy":"-android uiautomator","selector":"new UiSelector().descriptionMatches(\"(?is).*\\Qa=b c...
14:00:52.495380 POST /session/50ef7a04-1fca-4a99-991c-a373c513603b/element [14.862416ms] ERR:404 body={"strategy":"-android uiautomator","selector":"new UiSelector().textContains(\"a=b c\")"}
14:00:52.509367 POST /session/50ef7a04-1fca-4a99-991c-a373c513603b/element [13.928666ms] ERR:404 body={"strategy":"-android uiautomator","selector":"new UiSelector().descriptionContains(\"a=b c\")"}
14:00:52.522755 POST /session/50ef7a04-1fca-4a99-991c-a373c513603b/element [13.330583ms] ERR:404 body={"strategy":"-android uiautomator","selector":"new UiSelector().textMatches(\"(?is).*\\Qa=b c\\E.*\"...
14:00:52.538372 POST /session/50ef7a04-1fca-4a99-991c-a373c513603b/element [15.555125ms] ERR:404 body={"strategy":"-android uiautomator","selector":"new UiSelector().descriptionMatches(\"(?is).*\\Qa=b c...
14:00:52.551882 POST /session/50ef7a04-1fca-4a99-991c-a373c513603b/element [13.456834ms] ERR:404 body={"strategy":"-android uiautomator","selector":"new UiSelector().textContains(\"a=b c\")"}
14:00:52.566055 POST /session/50ef7a04-1fca-4a99-991c-a373c513603b/element [14.113375ms] ERR:404 body={"strategy":"-android uiautomator","selector":"new UiSelector().descriptionContains(\"a=b c\")"}
14:00:52.583090 POST /session/50ef7a04-1fca-4a99-991c-a373c513603b/element [16.976458ms] ERR:404 body={"strategy":"-android uiautomator","selector":"new UiSelector().textMatches(\"(?is).*\\Qa=b c\\E.*\"...
14:00:52.601769 POST /session/50ef7a04-1fca-4a99-991c-a373c513603b/element [18.62ms] ERR:404 body={"strategy":"-android uiautomator","selector":"new UiSelector().descriptionMatches(\"(?is).*\\Qa=b c...
14:00:52.615593 POST /session/50ef7a04-1fca-4a99-991c-a373c513603b/element [13.752875ms] ERR:404 body={"strategy":"-android uiautomator","selector":"new UiSelector().textContains(\"a=b c\")"}
14:00:52.629055 POST /session/50ef7a04-1fca-4a99-991c-a373c513603b/element [13.401542ms] ERR:404 body={"strategy":"-android uiautomator","selector":"new UiSelector().descriptionContains(\"a=b c\")"}
14:00:52.643812 POST /session/50ef7a04-1fca-4a99-991c-a373c513603b/element [14.693458ms] ERR:404 body={"strategy":"-android uiautomator","selector":"new UiSelector().textMatches(\"(?is).*\\Qa=b c\\E.*\"...
14:00:52.657970 POST /session/50ef7a04-1fca-4a99-991c-a373c513603b/element [14.10775ms] ERR:404 body={"strategy":"-android uiautomator","selector":"new UiSelector().descriptionMatches(\"(?is).*\\Qa=b c...
14:00:52.671572 POST /session/50ef7a04-1fca-4a99-991c-a373c513603b/element [13.547458ms] ERR:404 body={"strategy":"-android uiautomator","selector":"new UiSelector().textContains(\"a=b c\")"}
14:00:52.684901 POST /session/50ef7a04-1fca-4a99-991c-a373c513603b/element [13.275458ms] ERR:404 body={"strategy":"-android uiautomator","selector":"new UiSelector().descriptionContains(\"a=b c\")"}
14:00:52.698607 POST /session/50ef7a04-1fca-4a99-991c-a373c513603b/element [13.639625ms] ERR:404 body={"strategy":"-android uiautomator","selector":"new UiSelector().textMatches(\"(?is).*\\Qa=b c\\E.*\"...
14:00:52.712453 POST /session/50ef7a04-1fca-4a99-991c-a373c513603b/element [13.791042ms] ERR:404 body={"strategy":"-android uiautomator","selector":"new UiSelector().descriptionMatches(\"(?is).*\\Qa=b c...
14:00:52.727752 POST /session/50ef7a04-1fca-4a99-991c-a373c513603b/element [15.239209ms] ERR:404 body={"strategy":"-android uiautomator","selector":"new UiSelector().textContains(\"a=b c\")"}
14:00:52.741484 POST /session/50ef7a04-1fca-4a99-991c-a373c513603b/element [13.672ms] ERR:404 body={"strategy":"-android uiautomator","selector":"new UiSelector().descriptionContains(\"a=b c\")"}
14:00:52.757015 POST /session/50ef7a04-1fca-4a99-991c-a373c513603b/element [15.46475ms] ERR:404 body={"strategy":"-android uiautomator","selector":"new UiSelector().textMatches(\"(?is).*\\Qa=b c\\E.*\"...
14:00:52.769144 POST /session/50ef7a04-1fca-4a99-991c-a373c513603b/element [12.075667ms] ERR:404 body={"strategy":"-android uiautomator","selector":"new UiSelector().descriptionMatches(\"(?is).*\\Qa=b c...
14:00:52.782628 POST /session/50ef7a04-1fca-4a99-991c-a373c513603b/element [13.431583ms] ERR:404 body={"strategy":"-android uiautomator","selector":"new UiSelector().textContains(\"a=b c\")"}
14:00:52.796520 POST /session/50ef7a04-1fca-4a99-991c-a373c513603b/element [13.82975ms] ERR:404 body={"strategy":"-android uiautomator","selector":"new UiSelector().descriptionContains(\"a=b c\")"}
14:00:52.809971 POST /session/50ef7a04-1fca-4a99-991c-a373c513603b/element [13.398833ms] ERR:404 body={"strategy":"-android uiautomator","selector":"new UiSelector().textMatches(\"(?is).*\\Qa=b c\\E.*\"...
14:00:52.825422 POST /session/50ef7a04-1fca-4a99-991c-a373c513603b/element [15.398625ms] ERR:404 body={"strategy":"-android uiautomator","selector":"new UiSelector().descriptionMatches(\"(?is).*\\Qa=b c...
14:00:52.842261 POST /session/50ef7a04-1fca-4a99-991c-a373c513603b/element [16.792292ms] ERR:404 body={"strategy":"-android uiautomator","selector":"new UiSelector().textContains(\"a=b c\")"}
14:00:52.854588 POST /session/50ef7a04-1fca-4a99-991c-a373c513603b/element [12.269375ms] ERR:404 body={"strategy":"-android uiautomator","selector":"new UiSelector().descriptionContains(\"a=b c\")"}
14:00:52.869276 POST /session/50ef7a04-1fca-4a99-991c-a373c513603b/element [14.637708ms] ERR:404 body={"strategy":"-android uiautomator","selector":"new UiSelector().textMatches(\"(?is).*\\Qa=b c\\E.*\"...
14:00:52.882969 POST /session/50ef7a04-1fca-4a99-991c-a373c513603b/element [13.646708ms] ERR:404 body={"strategy":"-android uiautomator","selector":"new UiSelector().descriptionMatches(\"(?is).*\\Qa=b c...
14:00:52.896277 POST /session/50ef7a04-1fca-4a99-991c-a373c513603b/element [13.254583ms] ERR:404 body={"strategy":"-android uiautomator","selector":"new UiSelector().textContains(\"a=b c\")"}
14:00:52.911764 POST /session/50ef7a04-1fca-4a99-991c-a373c513603b/element [15.442583ms] ERR:404 body={"strategy":"-android uiautomator","selector":"new UiSelector().descriptionContains(\"a=b c\")"}
14:00:52.925513 POST /session/50ef7a04-1fca-4a99-991c-a373c513603b/element [13.692584ms] ERR:404 body={"strategy":"-android uiautomator","selector":"new UiSelector().textMatches(\"(?is).*\\Qa=b c\\E.*\"...
14:00:52.938978 POST /session/50ef7a04-1fca-4a99-991c-a373c513603b/element [13.413208ms] ERR:404 body={"strategy":"-android uiautomator","selector":"new UiSelector().descriptionMatches(\"(?is).*\\Qa=b c...
14:00:52.952661 POST /session/50ef7a04-1fca-4a99-991c-a373c513603b/element [13.625542ms] ERR:404 body={"strategy":"-android uiautomator","selector":"new UiSelector().textContains(\"a=b c\")"}
14:00:52.966306 POST /session/50ef7a04-1fca-4a99-991c-a373c513603b/element [13.589833ms] ERR:404 body={"strategy":"-android uiautomator","selector":"new UiSelector().descriptionContains(\"a=b c\")"}
14:00:52.979180 POST /session/50ef7a04-1fca-4a99-991c-a373c513603b/element [12.8245ms] ERR:404 body={"strategy":"-android uiautomator","selector":"new UiSelector().textMatches(\"(?is).*\\Qa=b c\\E.*\"...
14:00:52.993270 POST /session/50ef7a04-1fca-4a99-991c-a373c513603b/element [13.908917ms] ERR:404 body={"strategy":"-android uiautomator","selector":"new UiSelector().descriptionMatches(\"(?is).*\\Qa=b c...
14:00:53.006609 POST /session/50ef7a04-1fca-4a99-991c-a373c513603b/element [13.27025ms] ERR:404 body={"strategy":"-android uiautomator","selector":"new UiSelector().textContains(\"a=b c\")"}
14:00:53.020032 POST /session/50ef7a04-1fca-4a99-991c-a373c513603b/element [13.355541ms] ERR:404 body={"strategy":"-android uiautomator","selector":"new UiSelector().descriptionContains(\"a=b c\")"}
14:00:53.032951 POST /session/50ef7a04-1fca-4a99-991c-a373c513603b/element [12.871084ms] ERR:404 body={"strategy":"-android uiautomator","selector":"new UiSelector().textMatches(\"(?is).*\\Qa=b c\\E.*\"...
14:00:53.047134 POST /session/50ef7a04-1fca-4a99-991c-a373c513603b/element [14.135583ms] ERR:404 body={"strategy":"-android uiautomator","selector":"new UiSelector().descriptionMatches(\"(?is).*\\Qa=b c...
14:00:53.062979 POST /session/50ef7a04-1fca-4a99-991c-a373c513603b/element [15.783334ms] ERR:404 body={"strategy":"-android uiautomator","selector":"new UiSelector().textContains(\"a=b c\")"}
14:00:53.076039 POST /session/50ef7a04-1fca-4a99-991c-a373c513603b/element [12.999667ms] ERR:404 body={"strategy":"-android uiautomator","selector":"new UiSelector().descriptionContains(\"a=b c\")"}
14:00:53.088377 POST /session/50ef7a04-1fca-4a99-991c-a373c513603b/element [12.291208ms] ERR:404 body={"strategy":"-android uiautomator","selector":"new UiSelector().textMatches(\"(?is).*\\Qa=b c\\E.*\"...
14:00:53.102409 POST /session/50ef7a04-1fca-4a99-991c-a373c513603b/element [13.983333ms] ERR:404 body={"strategy":"-android uiautomator","selector":"new UiSelector().descriptionMatches(\"(?is).*\\Qa=b c...
14:00:53.115249 POST /session/50ef7a04-1fca-4a99-991c-a373c513603b/element [12.785125ms] ERR:404 body={"strategy":"-android uiautomator","selector":"new UiSelector().textContains(\"a=b c\")"}
14:00:53.128709 POST /session/50ef7a04-1fca-4a99-991c-a373c513603b/element [13.402667ms] ERR:404 body={"strategy":"-android uiautomator","selector":"new UiSelector().descriptionContains(\"a=b c\")"}
14:00:53.140237 POST /session/50ef7a04-1fca-4a99-991c-a373c513603b/element [11.476292ms] ERR:404 body={"strategy":"-android uiautomator","selector":"new UiSelector().textMatches(\"(?is).*\\Qa=b c\\E.*\"...
14:00:53.155083 POST /session/50ef7a04-1fca-4a99-991c-a373c513603b/element [14.800459ms] ERR:404 body={"strategy":"-android uiautomator","selector":"new UiSelector().descriptionMatches(\"(?is).*\\Qa=b c...
14:00:53.169073 POST /session/50ef7a04-1fca-4a99-991c-a373c513603b/element [13.936542ms] ERR:404 body={"strategy":"-android uiautomator","selector":"new UiSelector().textContains(\"a=b c\")"}
14:00:53.183904 POST /session/50ef7a04-1fca-4a99-991c-a373c513603b/element [14.768875ms] ERR:404 body={"strategy":"-android uiautomator","selector":"new UiSelector().descriptionContains(\"a=b c\")"}
14:00:53.197992 POST /session/50ef7a04-1fca-4a99-991c-a373c513603b/element [14.039625ms] ERR:404 body={"strategy":"-android uiautomator","selector":"new UiSelector().textMatches(\"(?is).*\\Qa=b c\\E.*\"...
14:00:53.210200 POST /session/50ef7a04-1fca-4a99-991c-a373c513603b/element [12.151416ms] ERR:404 body={"strategy":"-android uiautomator","selector":"new UiSelector().descriptionMatches(\"(?is).*\\Qa=b c...
14:00:53.222838 POST /session/50ef7a04-1fca-4a99-991c-a373c513603b/element [12.582458ms] ERR:404 body={"strategy":"-android uiautomator","selector":"new UiSelector().textContains(\"a=b c\")"}
14:00:53.235083 POST /session/50ef7a04-1fca-4a99-991c-a373c513603b/element [12.194417ms] ERR:404 body={"strategy":"-android uiautomator","selector":"new UiSelector().descriptionContains(\"a=b c\")"}
14:00:53.249112 POST /session/50ef7a04-1fca-4a99-991c-a373c513603b/element [13.979042ms] ERR:404 body={"strategy":"-android uiautomator","selector":"new UiSelector().textMatches(\"(?is).*\\Qa=b c\\E.*\"...
14:00:53.262310 POST /session/50ef7a04-1fca-4a99-991c-a373c513603b/element [13.14325ms] ERR:404 body={"strategy":"-android uiautomator","selector":"new UiSelector().descriptionMatches(\"(?is).*\\Qa=b c...
14:00:53.277157 POST /session/50ef7a04-1fca-4a99-991c-a373c513603b/element [14.791667ms] ERR:404 body={"strategy":"-android uiautomator","selector":"new UiSelector().textContains(\"a=b c\")"}
14:00:53.292827 POST /session/50ef7a04-1fca-4a99-991c-a373c513603b/element [15.609625ms] ERR:404 body={"strategy":"-android uiautomator","selector":"new UiSelector().descriptionContains(\"a=b c\")"}
14:00:53.312230 POST /session/50ef7a04-1fca-4a99-991c-a373c513603b/element [19.3335ms] ERR:404 body={"strategy":"-android uiautomator","selector":"new UiSelector().textMatches(\"(?is).*\\Qa=b c\\E.*\"...
14:00:53.328358 POST /session/50ef7a04-1fca-4a99-991c-a373c513603b/element [16.071875ms] ERR:404 body={"strategy":"-android uiautomator","selector":"new UiSelector().descriptionMatches(\"(?is).*\\Qa=b c...
14:00:53.342379 POST /session/50ef7a04-1fca-4a99-991c-a373c513603b/element [13.955ms] ERR:404 body={"strategy":"-android uiautomator","selector":"new UiSelector().textContains(\"a=b c\")"}
14:00:53.356953 POST /session/50ef7a04-1fca-4a99-991c-a373c513603b/element [14.517875ms] ERR:404 body={"strategy":"-android uiautomator","selector":"new UiSelector().descriptionContains(\"a=b c\")"}
14:00:53.371022 POST /session/50ef7a04-1fca-4a99-991c-a373c513603b/element [13.808917ms] ERR:404 body={"strategy":"-android uiautomator","selector":"new UiSelector().textMatches(\"(?is).*\\Qa=b c\\E.*\"...
14:00:53.386403 POST /session/50ef7a04-1fca-4a99-991c-a373c513603b/element [15.326583ms] ERR:404 body={"strategy":"-android uiautomator","selector":"new UiSelector().descriptionMatches(\"(?is).*\\Qa=b c...
14:00:53.401266 POST /session/50ef7a04-1fca-4a99-991c-a373c513603b/element [14.786834ms] ERR:404 body={"strategy":"-android uiautomator","selector":"new UiSelector().textContains(\"a=b c\")"}
14:00:53.413955 POST /session/50ef7a04-1fca-4a99-991c-a373c513603b/element [12.631542ms] ERR:404 body={"strategy":"-android uiautomator","selector":"new UiSelector().descriptionContains(\"a=b c\")"}
14:00:53.427056 POST /session/50ef7a04-1fca-4a99-991c-a373c513603b/element [13.042417ms] ERR:404 body={"strategy":"-android uiautomator","selector":"new UiSelector().textMatches(\"(?is).*\\Qa=b c\\E.*\"...
14:00:53.439821 POST /session/50ef7a04-1fca-4a99-991c-a373c513603b/element [12.712459ms] ERR:404 body={"strategy":"-android uiautomator","selector":"new UiSelector().descriptionMatches(\"(?is).*\\Qa=b c...
14:00:53.454139 POST /session/50ef7a04-1fca-4a99-991c-a373c513603b/element [14.263291ms] ERR:404 body={"strategy":"-android uiautomator","selector":"new UiSelector().textContains(\"a=b c\")"}
14:00:53.470621 POST /session/50ef7a04-1fca-4a99-991c-a373c513603b/element [16.416125ms] ERR:404 body={"strategy":"-android uiautomator","selector":"new UiSelector().descriptionContains(\"a=b c\")"}
14:00:53.492340 POST /session/50ef7a04-1fca-4a99-991c-a373c513603b/element [21.658708ms] ERR:404 body={"strategy":"-android uiautomator","selector":"new UiSelector().textMatches(\"(?is).*\\Qa=b c\\E.*\"...
14:00:53.506837 POST /session/50ef7a04-1fca-4a99-991c-a373c513603b/element [14.425334ms] ERR:404 body={"strategy":"-android uiautomator","selector":"new UiSelector().descriptionMatches(\"(?is).*\\Qa=b c...
14:00:53.521433 POST /session/50ef7a04-1fca-4a99-991c-a373c513603b/element [14.524458ms] ERR:404 body={"strategy":"-android uiautomator","selector":"new UiSelector().textContains(\"a=b c\")"}
14:00:53.536229 POST /session/50ef7a04-1fca-4a99-991c-a373c513603b/element [14.728459ms] ERR:404 body={"strategy":"-android uiautomator","selector":"new UiSelector().descriptionContains(\"a=b c\")"}
14:00:53.551298 POST /session/50ef7a04-1fca-4a99-991c-a373c513603b/element [14.99575ms] ERR:404 body={"strategy":"-android uiautomator","selector":"new UiSelector().textMatches(\"(?is).*\\Qa=b c\\E.*\"...
14:00:53.566152 POST /session/50ef7a04-1fca-4a99-991c-a373c513603b/element [14.794666ms] ERR:404 body={"strategy":"-android uiautomator","selector":"new UiSelector().descriptionMatches(\"(?is).*\\Qa=b c...
14:00:53.579984 POST /session/50ef7a04-1fca-4a99-991c-a373c513603b/element [13.769166ms] ERR:404 body={"strategy":"-android uiautomator","selector":"new UiSelector().textContains(\"a=b c\")"}
14:00:53.592720 POST /session/50ef7a04-1fca-4a99-991c-a373c513603b/element [12.678833ms] ERR:404 body={"strategy":"-android uiautomator","selector":"new UiSelector().descriptionContains(\"a=b c\")"}
14:00:53.606736 POST /session/50ef7a04-1fca-4a99-991c-a373c513603b/element [13.957958ms] ERR:404 body={"strategy":"-android uiautomator","selector":"new UiSelector().textMatches(\"(?is).*\\Qa=b c\\E.*\"...
14:00:53.618526 POST /session/50ef7a04-1fca-4a99-991c-a373c513603b/element [11.725875ms] ERR:404 body={"strategy":"-android uiautomator","selector":"new UiSelector().descriptionMatches(\"(?is).*\\Qa=b c...
14:00:53.639376 POST /session/50ef7a04-1fca-4a99-991c-a373c513603b/element [20.793875ms] ERR:404 body={"strategy":"-android uiautomator","selector":"new UiSelector().textContains(\"a=b c\")"}
14:00:53.652816 POST /session/50ef7a04-1fca-4a99-991c-a373c513603b/element [13.377375ms] ERR:404 body={"strategy":"-android uiautomator","selector":"new UiSelector().descriptionContains(\"a=b c\")"}
14:00:53.666489 POST /session/50ef7a04-1fca-4a99-991c-a373c513603b/element [13.607917ms] ERR:404 body={"strategy":"-android uiautomator","selector":"new UiSelector().textMatches(\"(?is).*\\Qa=b c\\E.*\"...
14:00:53.681058 POST /session/50ef7a04-1fca-4a99-991c-a373c513603b/element [14.512542ms] ERR:404 body={"strategy":"-android uiautomator","selector":"new UiSelector().descriptionMatches(\"(?is).*\\Qa=b c...
14:00:53.694509 POST /session/50ef7a04-1fca-4a99-991c-a373c513603b/element [13.391958ms] ERR:404 body={"strategy":"-android uiautomator","selector":"new UiSelector().textContains(\"a=b c\")"}
14:00:53.708411 POST /session/50ef7a04-1fca-4a99-991c-a373c513603b/element [13.84675ms] ERR:404 body={"strategy":"-android uiautomator","selector":"new UiSelector().descriptionContains(\"a=b c\")"}
14:00:53.723026 POST /session/50ef7a04-1fca-4a99-991c-a373c513603b/element [14.561417ms] ERR:404 body={"strategy":"-android uiautomator","selector":"new UiSelector().textMatches(\"(?is).*\\Qa=b c\\E.*\"...
14:00:53.737615 POST /session/50ef7a04-1fca-4a99-991c-a373c513603b/element [14.536084ms] ERR:404 body={"strategy":"-android uiautomator","selector":"new UiSelector().descriptionMatches(\"(?is).*\\Qa=b c...
14:00:53.754161 POST /session/50ef7a04-1fca-4a99-991c-a373c513603b/element [16.24175ms] ERR:404 body={"strategy":"-android uiautomator","selector":"new UiSelector().textContains(\"a=b c\")"}
14:00:53.770969 POST /session/50ef7a04-1fca-4a99-991c-a373c513603b/element [16.746042ms] ERR:404 body={"strategy":"-android uiautomator","selector":"new UiSelector().descriptionContains(\"a=b c\")"}
14:00:53.787522 POST /session/50ef7a04-1fca-4a99-991c-a373c513603b/element [16.49175ms] ERR:404 body={"strategy":"-android uiautomator","selector":"new UiSelector().textMatches(\"(?is).*\\Qa=b c\\E.*\"...
14:00:53.802697 POST /session/50ef7a04-1fca-4a99-991c-a373c513603b/element [15.109958ms] ERR:404 body={"strategy":"-android uiautomator","selector":"new UiSelector().descriptionMatches(\"(?is).*\\Qa=b c...
14:00:53.817849 POST /session/50ef7a04-1fca-4a99-991c-a373c513603b/element [15.0685ms] ERR:404 body={"strategy":"-android uiautomator","selector":"new UiSelector().textContains(\"a=b c\")"}
14:00:53.833214 POST /session/50ef7a04-1fca-4a99-991c-a373c513603b/element [15.304708ms] ERR:404 body={"strategy":"-android uiautomator","selector":"new UiSelector().descriptionContains(\"a=b c\")"}
14:00:53.845957 POST /session/50ef7a04-1fca-4a99-991c-a373c513603b/element [12.68025ms] ERR:404 body={"strategy":"-android uiautomator","selector":"new UiSelector().textMatches(\"(?is).*\\Qa=b c\\E.*\"...
14:00:53.859251 POST /session/50ef7a04-1fca-4a99-991c-a373c513603b/element [13.240666ms] ERR:404 body={"strategy":"-android uiautomator","selector":"new UiSelector().descriptionMatches(\"(?is).*\\Qa=b c...
14:00:53.871033 POST /session/50ef7a04-1fca-4a99-991c-a373c513603b/element [11.723125ms] ERR:404 body={"strategy":"-android uiautomator","selector":"new UiSelector().textContains(\"a=b c\")"}
14:00:53.882708 POST /session/50ef7a04-1fca-4a99-991c-a373c513603b/element [11.616375ms] ERR:404 body={"strategy":"-android uiautomator","selector":"new UiSelector().descriptionContains(\"a=b c\")"}
14:00:53.895224 POST /session/50ef7a04-1fca-4a99-991c-a373c513603b/element [12.448625ms] ERR:404 body={"strategy":"-android uiautomator","selector":"new UiSelector().textMatches(\"(?is).*\\Qa=b c\\E.*\"...
14:00:53.909453 POST /session/50ef7a04-1fca-4a99-991c-a373c513603b/element [14.176708ms] ERR:404 body={"strategy":"-android uiautomator","selector":"new UiSelector().descriptionMatches(\"(?is).*\\Qa=b c...
14:00:53.924034 POST /session/50ef7a04-1fca-4a99-991c-a373c513603b/element [14.518167ms] ERR:404 body={"strategy":"-android uiautomator","selector":"new UiSelector().textContains(\"a=b c\")"}
14:00:53.937526 POST /session/50ef7a04-1fca-4a99-991c-a373c513603b/element [13.44175ms] ERR:404 body={"strategy":"-android uiautomator","selector":"new UiSelector().descriptionContains(\"a=b c\")"}
14:00:53.952339 POST /session/50ef7a04-1fca-4a99-991c-a373c513603b/element [14.761167ms] ERR:404 body={"strategy":"-android uiautomator","selector":"new UiSelector().textMatches(\"(?is).*\\Qa=b c\\E.*\"...
14:00:53.967759 POST /session/50ef7a04-1fca-4a99-991c-a373c513603b/element [15.209584ms] ERR:404 body={"strategy":"-android uiautomator","selector":"new UiSelector().descriptionMatches(\"(?is).*\\Qa=b c...
14:00:53.981476 POST /session/50ef7a04-1fca-4a99-991c-a373c513603b/element [13.663166ms] ERR:404 body={"strategy":"-android uiautomator","selector":"new UiSelector().textContains(\"a=b c\")"}
14:00:53.994328 POST /session/50ef7a04-1fca-4a99-991c-a373c513603b/element [12.812709ms] ERR:404 body={"strategy":"-android uiautomator","selector":"new UiSelector().descriptionContains(\"a=b c\")"}
14:00:54.007315 POST /session/50ef7a04-1fca-4a99-991c-a373c513603b/element [12.889208ms] ERR:404 body={"strategy":"-android uiautomator","selector":"new UiSelector().textMatches(\"(?is).*\\Qa=b c\\E.*\"...
14:00:54.020285 POST /session/50ef7a04-1fca-4a99-991c-a373c513603b/element [12.914084ms] ERR:404 body={"strategy":"-android uiautomator","selector":"new UiSelector().descriptionMatches(\"(?is).*\\Qa=b c...
14:00:54.035270 POST /session/50ef7a04-1fca-4a99-991c-a373c513603b/element [14.919416ms] ERR:404 body={"strategy":"-android uiautomator","selector":"new UiSelector().textContains(\"a=b c\")"}
14:00:54.048832 POST /session/50ef7a04-1fca-4a99-991c-a373c513603b/element [13.5035ms] ERR:404 body={"strategy":"-android uiautomator","selector":"new UiSelector().descriptionContains(\"a=b c\")"}
14:00:54.062727 POST /session/50ef7a04-1fca-4a99-991c-a373c513603b/element [13.824834ms] ERR:404 body={"strategy":"-android uiautomator","selector":"new UiSelector().textMatches(\"(?is).*\\Qa=b c\\E.*\"...
14:00:54.077680 POST /session/50ef7a04-1fca-4a99-991c-a373c513603b/element [14.891ms] ERR:404 body={"strategy":"-android uiautomator","selector":"new UiSelector().descriptionMatches(\"(?is).*\\Qa=b c...
14:00:54.090440 POST /session/50ef7a04-1fca-4a99-991c-a373c513603b/element [12.698375ms] ERR:404 body={"strategy":"-android uiautomator","selector":"new UiSelector().textContains(\"a=b c\")"}
14:00:54.103686 POST /session/50ef7a04-1fca-4a99-991c-a373c513603b/element [13.167833ms] ERR:404 body={"strategy":"-android uiautomator","selector":"new UiSelector().descriptionContains(\"a=b c\")"}
14:00:54.119641 POST /session/50ef7a04-1fca-4a99-991c-a373c513603b/element [15.90375ms] ERR:404 body={"strategy":"-android uiautomator","selector":"new UiSelector().textMatches(\"(?is).*\\Qa=b c\\E.*\"...
14:00:54.125599 POST /session/50ef7a04-1fca-4a99-991c-a373c513603b/element [5.884458ms] ERR:404 body={"strategy":"-android uiautomator","selector":"new UiSelector().descriptionMatches(\"(?is).*\\Qa=b c...
14:00:54.142225 POST /session/50ef7a04-1fca-4a99-991c-a373c513603b/element [16.561791ms] ERR:404 body={"strategy":"-android uiautomator","selector":"new UiSelector().textContains(\"a=b c\")"}
14:00:54.160828 POST /session/50ef7a04-1fca-4a99-991c-a373c513603b/element [18.51775ms] ERR:404 body={"strategy":"-android uiautomator","selector":"new UiSelector().descriptionContains(\"a=b c\")"}
14:00:54.178204 POST /session/50ef7a04-1fca-4a99-991c-a373c513603b/element [17.302125ms] ERR:404 body={"strategy":"-android uiautomator","selector":"new UiSelector().textMatches(\"(?is).*\\Qa=b c\\E.*\"...
14:00:54.198305 POST /session/50ef7a04-1fca-4a99-991c-a373c513603b/element [19.965458ms] ERR:404 body={"strategy":"-android uiautomator","selector":"new UiSelector().descriptionMatches(\"(?is).*\\Qa=b c...
14:00:54.212217 POST /session/50ef7a04-1fca-4a99-991c-a373c513603b/element [13.847542ms] ERR:404 body={"strategy":"-android uiautomator","selector":"new UiSelector().textContains(\"a=b c\")"}
14:00:54.225402 POST /session/50ef7a04-1fca-4a99-991c-a373c513603b/element [13.058541ms] ERR:404 body={"strategy":"-android uiautomator","selector":"new UiSelector().descriptionContains(\"a=b c\")"}
14:00:54.239024 POST /session/50ef7a04-1fca-4a99-991c-a373c513603b/element [13.563833ms] ERR:404 body={"strategy":"-android uiautomator","selector":"new UiSelector().textMatches(\"(?is).*\\Qa=b c\\E.*\"...
14:00:54.254715 POST /session/50ef7a04-1fca-4a99-991c-a373c513603b/element [15.63025ms] ERR:404 body={"strategy":"-android uiautomator","selector":"new UiSelector().descriptionMatches(\"(?is).*\\Qa=b c...
14:00:54.267933 POST /session/50ef7a04-1fca-4a99-991c-a373c513603b/element [13.111542ms] ERR:404 body={"strategy":"-android uiautomator","selector":"new UiSelector().textContains(\"a=b c\")"}
14:00:54.282100 POST /session/50ef7a04-1fca-4a99-991c-a373c513603b/element [14.109625ms] ERR:404 body={"strategy":"-android uiautomator","selector":"new UiSelector().descriptionContains(\"a=b c\")"}
14:00:54.298509 POST /session/50ef7a04-1fca-4a99-991c-a373c513603b/element [16.34325ms] ERR:404 body={"strategy":"-android uiautomator","selector":"new UiSelector().textMatches(\"(?is).*\\Qa=b c\\E.*\"...
14:00:54.313777 POST /session/50ef7a04-1fca-4a99-991c-a373c513603b/element [14.914042ms] ERR:404 body={"strategy":"-android uiautomator","selector":"new UiSelector().descriptionMatches(\"(?is).*\\Qa=b c...
14:00:54.328446 POST /session/50ef7a04-1fca-4a99-991c-a373c513603b/element [14.603166ms] ERR:404 body={"strategy":"-android uiautomator","selector":"new UiSelector().textContains(\"a=b c\")"}
14:00:54.344210 POST /session/50ef7a04-1fca-4a99-991c-a373c513603b/element [15.693167ms] ERR:404 body={"strategy":"-android uiautomator","selector":"new UiSelector().descriptionContains(\"a=b c\")"}
14:00:54.358273 POST /session/50ef7a04-1fca-4a99-991c-a373c513603b/element [14.008ms] ERR:404 body={"strategy":"-android uiautomator","selector":"new UiSelector().textMatches(\"(?is).*\\Qa=b c\\E.*\"...
14:00:54.375450 POST /session/50ef7a04-1fca-4a99-991c-a373c513603b/element [17.116875ms] ERR:404 body={"strategy":"-android uiautomator","selector":"new UiSelector().descriptionMatches(\"(?is).*\\Qa=b c...
14:00:54.394043 POST /session/50ef7a04-1fca-4a99-991c-a373c513603b/element [18.5365ms] ERR:404 body={"strategy":"-android uiautomator","selector":"new UiSelector().textContains(\"a=b c\")"}
14:00:54.411522 POST /session/50ef7a04-1fca-4a99-991c-a373c513603b/element [17.406333ms] ERR:404 body={"strategy":"-android uiautomator","selector":"new UiSelector().descriptionContains(\"a=b c\")"}
14:00:54.429168 POST /session/50ef7a04-1fca-4a99-991c-a373c513603b/element [17.592291ms] ERR:404 body={"strategy":"-android uiautomator","selector":"new UiSelector().textMatches(\"(?is).*\\Qa=b c\\E.*\"...
14:00:54.443379 POST /session/50ef7a04-1fca-4a99-991c-a373c513603b/element [14.157292ms] ERR:404 body={"strategy":"-android uiautomator","selector":"new UiSelector().descriptionMatches(\"(?is).*\\Qa=b c...
14:00:54.456411 POST /session/50ef7a04-1fca-4a99-991c-a373c513603b/element [12.970417ms] ERR:404 body={"strategy":"-android uiautomator","selector":"new UiSelector().textContains(\"a=b c\")"}
14:00:54.472586 POST /session/50ef7a04-1fca-4a99-991c-a373c513603b/element [16.1175ms] ERR:404 body={"strategy":"-android uiautomator","selector":"new UiSelector().descriptionContains(\"a=b c\")"}
14:00:54.496182 POST /session/50ef7a04-1fca-4a99-991c-a373c513603b/element [23.513084ms] ERR:404 body={"strategy":"-android uiautomator","selector":"new UiSelector().textMatches(\"(?is).*\\Qa=b c\\E.*\"...
14:00:54.521430 POST /session/50ef7a04-1fca-4a99-991c-a373c513603b/element [25.160459ms] ERR:404 body={"strategy":"-android uiautomator","selector":"new UiSelector().descriptionMatches(\"(?is).*\\Qa=b c...
14:00:54.534000 POST /session/50ef7a04-1fca-4a99-991c-a373c513603b/element [12.4965ms] ERR:404 body={"strategy":"-android uiautomator","selector":"new UiSelector().textContains(\"a=b c\")"}
14:00:54.561364 POST /session/50ef7a04-1fca-4a99-991c-a373c513603b/element [27.30275ms] ERR:404 body={"strategy":"-android uiautomator","selector":"new UiSelector().descriptionContains(\"a=b c\")"}
14:00:54.575306 POST /session/50ef7a04-1fca-4a99-991c-a373c513603b/element [13.875333ms] ERR:404 body={"strategy":"-android uiautomator","selector":"new UiSelector().textMatches(\"(?is).*\\Qa=b c\\E.*\"...
14:00:54.588190 POST /session/50ef7a04-1fca-4a99-991c-a373c513603b/element [12.814ms] ERR:404 body={"strategy":"-android uiautomator","selector":"new UiSelector().descriptionMatches(\"(?is).*\\Qa=b c...
14:00:54.603471 POST /session/50ef7a04-1fca-4a99-991c-a373c513603b/element [15.216ms] ERR:404 body={"strategy":"-android uiautomator","selector":"new UiSelector().textContains(\"a=b c\")"}
14:00:54.617624 POST /session/50ef7a04-1fca-4a99-991c-a373c513603b/element [13.997125ms] ERR:404 body={"strategy":"-android uiautomator","selector":"new UiSelector().descriptionContains(\"a=b c\")"}
14:00:54.633620 POST /session/50ef7a04-1fca-4a99-991c-a373c513603b/element [15.908333ms] ERR:404 body={"strategy":"-android uiautomator","selector":"new UiSelector().textMatches(\"(?is).*\\Qa=b c\\E.*\"...
14:00:54.649623 POST /session/50ef7a04-1fca-4a99-991c-a373c513603b/element [15.928542ms] ERR:404 body={"strategy":"-android uiautomator","selector":"new UiSelector().descriptionMatches(\"(?is).*\\Qa=b c...
14:00:54.665251 POST /session/50ef7a04-1fca-4a99-991c-a373c513603b/element [15.56525ms] ERR:404 body={"strategy":"-android uiautomator","selector":"new UiSelector().textContains(\"a=b c\")"}
14:00:54.677471 POST /session/50ef7a04-1fca-4a99-991c-a373c513603b/element [12.153458ms] ERR:404 body={"strategy":"-android uiautomator","selector":"new UiSelector().descriptionContains(\"a=b c\")"}
14:00:54.690974 POST /session/50ef7a04-1fca-4a99-991c-a373c513603b/element [13.445375ms] ERR:404 body={"strategy":"-android uiautomator","selector":"new UiSelector().textMatches(\"(?is).*\\Qa=b c\\E.*\"...
14:00:54.704577 POST /session/50ef7a04-1fca-4a99-991c-a373c513603b/element [13.53675ms] ERR:404 body={"strategy":"-android uiautomator","selector":"new UiSelector().descriptionMatches(\"(?is).*\\Qa=b c...
14:00:54.718701 POST /session/50ef7a04-1fca-4a99-991c-a373c513603b/element [14.06275ms] ERR:404 body={"strategy":"-android uiautomator","selector":"new UiSelector().textContains(\"a=b c\")"}
14:00:54.734385 POST /session/50ef7a04-1fca-4a99-991c-a373c513603b/element [15.612083ms] ERR:404 body={"strategy":"-android uiautomator","selector":"new UiSelector().descriptionContains(\"a=b c\")"}
14:00:54.747911 POST /session/50ef7a04-1fca-4a99-991c-a373c513603b/element [13.455542ms] ERR:404 body={"strategy":"-android uiautomator","selector":"new UiSelector().textMatches(\"(?is).*\\Qa=b c\\E.*\"...
14:00:54.761156 POST /session/50ef7a04-1fca-4a99-991c-a373c513603b/element [13.188875ms] ERR:404 body={"strategy":"-android uiautomator","selector":"new UiSelector().descriptionMatches(\"(?is).*\\Qa=b c...
14:00:54.774627 POST /session/50ef7a04-1fca-4a99-991c-a373c513603b/element [13.414541ms] ERR:404 body={"strategy":"-android uiautomator","selector":"new UiSelector().textContains(\"a=b c\")"}
14:00:54.788096 POST /session/50ef7a04-1fca-4a99-991c-a373c513603b/element [13.421667ms] ERR:404 body={"strategy":"-android uiautomator","selector":"new UiSelector().descriptionContains(\"a=b c\")"}
14:00:54.802761 POST /session/50ef7a04-1fca-4a99-991c-a373c513603b/element [14.612625ms] ERR:404 body={"strategy":"-android uiautomator","selector":"new UiSelector().textMatches(\"(?is).*\\Qa=b c\\E.*\"...
14:00:54.814720 POST /session/50ef7a04-1fca-4a99-991c-a373c513603b/element [11.908875ms] ERR:404 body={"strategy":"-android uiautomator","selector":"new UiSelector().descriptionMatches(\"(?is).*\\Qa=b c...
14:00:54.826224 POST /session/50ef7a04-1fca-4a99-991c-a373c513603b/element [11.454292ms] ERR:404 body={"strategy":"-android uiautomator","selector":"new UiSelector().textContains(\"a=b c\")"}
14:00:54.837006 POST /session/50ef7a04-1fca-4a99-991c-a373c513603b/element [10.738041ms] ERR:404 body={"strategy":"-android uiautomator","selector":"new UiSelector().descriptionContains(\"a=b c\")"}
14:00:54.849763 POST /session/50ef7a04-1fca-4a99-991c-a373c513603b/element [12.703416ms] ERR:404 body={"strategy":"-android uiautomator","selector":"new UiSelector().textMatches(\"(?is).*\\Qa=b c\\E.*\"...
14:00:54.863113 POST /session/50ef7a04-1fca-4a99-991c-a373c513603b/element [13.301708ms] ERR:404 body={"strategy":"-android uiautomator","selector":"new UiSelector().descriptionMatches(\"(?is).*\\Qa=b c...
14:00:54.882707 POST /session/50ef7a04-1fca-4a99-991c-a373c513603b/element [19.537167ms] ERR:404 body={"strategy":"-android uiautomator","selector":"new UiSelector().textContains(\"a=b c\")"}
14:00:54.897956 POST /session/50ef7a04-1fca-4a99-991c-a373c513603b/element [15.181292ms] ERR:404 body={"strategy":"-android uiautomator","selector":"new UiSelector().descriptionContains(\"a=b c\")"}
14:00:54.910871 POST /session/50ef7a04-1fca-4a99-991c-a373c513603b/element [12.853667ms] ERR:404 body={"strategy":"-android uiautomator","selector":"new UiSelector().textMatches(\"(?is).*\\Qa=b c\\E.*\"...
14:00:54.922681 POST /session/50ef7a04-1fca-4a99-991c-a373c513603b/element [11.763083ms] ERR:404 body={"strategy":"-android uiautomator","selector":"new UiSelector().descriptionMatches(\"(?is).*\\Qa=b c...
14:00:54.934625 POST /session/50ef7a04-1fca-4a99-991c-a373c513603b/element [11.892875ms] ERR:404 body={"strategy":"-android uiautomator","selector":"new UiSelector().textContains(\"a=b c\")"}
14:00:54.946829 POST /session/50ef7a04-1fca-4a99-991c-a373c513603b/element [12.155417ms] ERR:404 body={"strategy":"-android uiautomator","selector":"new UiSelector().descriptionContains(\"a=b c\")"}
14:00:54.959932 POST /session/50ef7a04-1fca-4a99-991c-a373c513603b/element [13.036708ms] ERR:404 body={"strategy":"-android uiautomator","selector":"new UiSelector().textMatches(\"(?is).*\\Qa=b c\\E.*\"...
14:00:54.970209 POST /session/50ef7a04-1fca-4a99-991c-a373c513603b/element [10.223459ms] ERR:404 body={"strategy":"-android uiautomator","selector":"new UiSelector().descriptionMatches(\"(?is).*\\Qa=b c...
14:00:54.983585 POST /session/50ef7a04-1fca-4a99-991c-a373c513603b/element [13.325417ms] ERR:404 body={"strategy":"-android uiautomator","selector":"new UiSelector().textContains(\"a=b c\")"}
14:00:54.997057 POST /session/50ef7a04-1fca-4a99-991c-a373c513603b/element [13.417958ms] ERR:404 body={"strategy":"-android uiautomator","selector":"new UiSelector().descriptionContains(\"a=b c\")"}
14:00:55.009861 POST /session/50ef7a04-1fca-4a99-991c-a373c513603b/element [12.739ms] ERR:404 body={"strategy":"-android uiautomator","selector":"new UiSelector().textMatches(\"(?is).*\\Qa=b c\\E.*\"...
14:00:55.022351 POST /session/50ef7a04-1fca-4a99-991c-a373c513603b/element [12.437459ms] ERR:404 body={"strategy":"-android uiautomator","selector":"new UiSelector().descriptionMatches(\"(?is).*\\Qa=b c...
14:00:55.034711 POST /session/50ef7a04-1fca-4a99-991c-a373c513603b/element [12.3095ms] ERR:404 body={"strategy":"-android uiautomator","selector":"new UiSelector().textContains(\"a=b c\")"}
14:00:55.049722 POST /session/50ef7a04-1fca-4a99-991c-a373c513603b/element [14.957792ms] ERR:404 body={"strategy":"-android uiautomator","selector":"new UiSelector().descriptionContains(\"a=b c\")"}
14:00:55.060969 POST /session/50ef7a04-1fca-4a99-991c-a373c513603b/element [11.194792ms] ERR:404 body={"strategy":"-android uiautomator","selector":"new UiSelector().textMatches(\"(?is).*\\Qa=b c\\E.*\"...
14:00:55.075111 POST /session/50ef7a04-1fca-4a99-991c-a373c513603b/element [14.081583ms] ERR:404 body={"strategy":"-android uiautomator","selector":"new UiSelector().descriptionMatches(\"(?is).*\\Qa=b c...
14:00:55.088229 POST /session/50ef7a04-1fca-4a99-991c-a373c513603b/element [13.060833ms] ERR:404 body={"strategy":"-android uiautomator","selector":"new UiSelector().textContains(\"a=b c\")"}
14:00:55.099334 POST /session/50ef7a04-1fca-4a99-991c-a373c513603b/element [11.046667ms] ERR:404 body={"strategy":"-android uiautomator","selector":"new UiSelector().descriptionContains(\"a=b c\")"}
14:00:55.111678 POST /session/50ef7a04-1fca-4a99-991c-a373c513603b/element [12.283667ms] ERR:404 body={"strategy":"-android uiautomator","selector":"new UiSelector().textMatches(\"(?is).*\\Qa=b c\\E.*\"...
14:00:55.123913 POST /session/50ef7a04-1fca-4a99-991c-a373c513603b/element [12.177208ms] ERR:404 body={"strategy":"-android uiautomator","selector":"new UiSelector().descriptionMatches(\"(?is).*\\Qa=b c...
14:00:55.135198 POST /session/50ef7a04-1fca-4a99-991c-a373c513603b/element [11.235667ms] ERR:404 body={"strategy":"-android uiautomator","selector":"new UiSelector().textContains(\"a=b c\")"}
14:00:55.148773 POST /session/50ef7a04-1fca-4a99-991c-a373c513603b/element [13.528417ms] ERR:404 body={"strategy":"-android uiautomator","selector":"new UiSelector().descriptionContains(\"a=b c\")"}
14:00:55.163629 POST /session/50ef7a04-1fca-4a99-991c-a373c513603b/element [14.79725ms] ERR:404 body={"strategy":"-android uiautomator","selector":"new UiSelector().textMatches(\"(?is).*\\Qa=b c\\E.*\"...
14:00:55.177188 POST /session/50ef7a04-1fca-4a99-991c-a373c513603b/element [13.502708ms] ERR:404 body={"strategy":"-android uiautomator","selector":"new UiSelector().descriptionMatches(\"(?is).*\\Qa=b c...
14:00:55.189185 POST /session/50ef7a04-1fca-4a99-991c-a373c513603b/element [11.944ms] ERR:404 body={"strategy":"-android uiautomator","selector":"new UiSelector().textContains(\"a=b c\")"}
14:00:55.201785 POST /session/50ef7a04-1fca-4a99-991c-a373c513603b/element [12.530625ms] ERR:404 body={"strategy":"-android uiautomator","selector":"new UiSelector().descriptionContains(\"a=b c\")"}
14:00:55.213970 POST /session/50ef7a04-1fca-4a99-991c-a373c513603b/element [12.125ms] ERR:404 body={"strategy":"-android uiautomator","selector":"new UiSelector().textMatches(\"(?is).*\\Qa=b c\\E.*\"...
14:00:55.228214 POST /session/50ef7a04-1fca-4a99-991c-a373c513603b/element [14.180042ms] ERR:404 body={"strategy":"-android uiautomator","selector":"new UiSelector().descriptionMatches(\"(?is).*\\Qa=b c...
14:00:55.241526 POST /session/50ef7a04-1fca-4a99-991c-a373c513603b/element [13.253916ms] ERR:404 body={"strategy":"-android uiautomator","selector":"new UiSelector().textContains(\"a=b c\")"}
14:00:55.254049 POST /session/50ef7a04-1fca-4a99-991c-a373c513603b/element [12.472459ms] ERR:404 body={"strategy":"-android uiautomator","selector":"new UiSelector().descriptionContains(\"a=b c\")"}
14:00:55.266309 POST /session/50ef7a04-1fca-4a99-991c-a373c513603b/element [12.188458ms] ERR:404 body={"strategy":"-android uiautomator","selector":"new UiSelector().textMatches(\"(?is).*\\Qa=b c\\E.*\"...
14:00:55.279285 POST /session/50ef7a04-1fca-4a99-991c-a373c513603b/element [12.903709ms] ERR:404 body={"strategy":"-android uiautomator","selector":"new UiSelector().descriptionMatches(\"(?is).*\\Qa=b c...
14:00:55.292980 POST /session/50ef7a04-1fca-4a99-991c-a373c513603b/element [13.625709ms] ERR:404 body={"strategy":"-android uiautomator","selector":"new UiSelector().textContains(\"a=b c\")"}
14:00:55.307103 POST /session/50ef7a04-1fca-4a99-991c-a373c513603b/element [14.051791ms] ERR:404 body={"strategy":"-android uiautomator","selector":"new UiSelector().descriptionContains(\"a=b c\")"}
14:00:55.317713 POST /session/50ef7a04-1fca-4a99-991c-a373c513603b/element [10.529208ms] ERR:404 body={"strategy":"-android uiautomator","selector":"new UiSelector().textMatches(\"(?is).*\\Qa=b c\\E.*\"...
14:00:55.324745 POST /session/50ef7a04-1fca-4a99-991c-a373c513603b/element [6.968292ms] ERR:404 body={"strategy":"-android uiautomator","selector":"new UiSelector().descriptionMatches(\"(?is).*\\Qa=b c...
14:00:55.338014 POST /session/50ef7a04-1fca-4a99-991c-a373c513603b/element [13.208541ms] ERR:404 body={"strategy":"-android uiautomator","selector":"new UiSelector().textContains(\"a=b c\")"}
14:00:55.350987 POST /session/50ef7a04-1fca-4a99-991c-a373c513603b/element [12.921959ms] ERR:404 body={"strategy":"-android uiautomator","selector":"new UiSelector().descriptionContains(\"a=b c\")"}
14:00:55.363411 POST /session/50ef7a04-1fca-4a99-991c-a373c513603b/element [12.371ms] ERR:404 body={"strategy":"-android uiautomator","selector":"new UiSelector().textMatches(\"(?is).*\\Qa=b c\\E.*\"...
14:00:55.375290 POST /session/50ef7a04-1fca-4a99-991c-a373c513603b/element [11.829958ms] ERR:404 body={"strategy":"-android uiautomator","selector":"new UiSelector().descriptionMatches(\"(?is).*\\Qa=b c...
14:00:55.390085 POST /session/50ef7a04-1fca-4a99-991c-a373c513603b/element [14.741792ms] ERR:404 body={"strategy":"-android uiautomator","selector":"new UiSelector().textContains(\"a=b c\")"}
14:00:55.403084 POST /session/50ef7a04-1fca-4a99-991c-a373c513603b/element [12.943208ms] ERR:404 body={"strategy":"-android uiautomator","selector":"new UiSelector().descriptionContains(\"a=b c\")"}
14:00:55.415986 POST /session/50ef7a04-1fca-4a99-991c-a373c513603b/element [12.842208ms] ERR:404 body={"strategy":"-android uiautomator","selector":"new UiSelector().textMatches(\"(?is).*\\Qa=b c\\E.*\"...
14:00:55.429063 POST /session/50ef7a04-1fca-4a99-991c-a373c513603b/element [13.024709ms] ERR:404 body={"strategy":"-android uiautomator","selector":"new UiSelector().descriptionMatches(\"(?is).*\\Qa=b c...
14:00:55.441414 POST /session/50ef7a04-1fca-4a99-991c-a373c513603b/element [12.28325ms] ERR:404 body={"strategy":"-android uiautomator","selector":"new UiSelector().textContains(\"a=b c\")"}
14:00:55.452883 POST /session/50ef7a04-1fca-4a99-991c-a373c513603b/element [11.419417ms] ERR:404 body={"strategy":"-android uiautomator","selector":"new UiSelector().descriptionContains(\"a=b c\")"}
14:00:55.465472 POST /session/50ef7a04-1fca-4a99-991c-a373c513603b/element [12.535334ms] ERR:404 body={"strategy":"-android uiautomator","selector":"new UiSelector().textMatches(\"(?is).*\\Qa=b c\\E.*\"...
14:00:55.476322 POST /session/50ef7a04-1fca-4a99-991c-a373c513603b/element [10.799583ms] ERR:404 body={"strategy":"-android uiautomator","selector":"new UiSelector().descriptionMatches(\"(?is).*\\Qa=b c...
14:00:55.488664 POST /session/50ef7a04-1fca-4a99-991c-a373c513603b/element [12.296417ms] ERR:404 body={"strategy":"-android uiautomator","selector":"new UiSelector().textContains(\"a=b c\")"}
14:00:55.500223 POST /session/50ef7a04-1fca-4a99-991c-a373c513603b/element [11.512541ms] ERR:404 body={"strategy":"-android uiautomator","selector":"new UiSelector().descriptionContains(\"a=b c\")"}
14:00:55.513816 POST /session/50ef7a04-1fca-4a99-991c-a373c513603b/element [13.535917ms] ERR:404 body={"strategy":"-android uiautomator","selector":"new UiSelector().textMatches(\"(?is).*\\Qa=b c\\E.*\"...
14:00:55.528222 POST /session/50ef7a04-1fca-4a99-991c-a373c513603b/element [14.163417ms] ERR:404 body={"strategy":"-android uiautomator","selector":"new UiSelector().descriptionMatches(\"(?is).*\\Qa=b c...
14:00:55.542067 POST /session/50ef7a04-1fca-4a99-991c-a373c513603b/element [13.785458ms] ERR:404 body={"strategy":"-android uiautomator","selector":"new UiSelector().textContains(\"a=b c\")"}
14:00:55.556787 POST /session/50ef7a04-1fca-4a99-991c-a373c513603b/element [14.66875ms] ERR:404 body={"strategy":"-android uiautomator","selector":"new UiSelector().descriptionContains(\"a=b c\")"}
14:00:55.571200 POST /session/50ef7a04-1fca-4a99-991c-a373c513603b/element [14.357792ms] ERR:404 body={"strategy":"-android uiautomator","selector":"new UiSelector().textMatches(\"(?is).*\\Qa=b c\\E.*\"...
14:00:55.584616 POST /session/50ef7a04-1fca-4a99-991c-a373c513603b/element [13.364ms] ERR:404 body={"strategy":"-android uiautomator","selector":"new UiSelector().descriptionMatches(\"(?is).*\\Qa=b c...
14:00:55.599594 POST /session/50ef7a04-1fca-4a99-991c-a373c513603b/element [14.925334ms] ERR:404 body={"strategy":"-android uiautomator","selector":"new UiSelector().textContains(\"a=b c\")"}
14:00:55.612049 POST /session/50ef7a04-1fca-4a99-991c-a373c513603b/element [12.393875ms] ERR:404 body={"strategy":"-android uiautomator","selector":"new UiSelector().descriptionContains(\"a=b c\")"}
14:00:55.624279 POST /session/50ef7a04-1fca-4a99-991c-a373c513603b/element [12.181458ms] ERR:404 body={"strategy":"-android uiautomator","selector":"new UiSelector().textMatches(\"(?is).*\\Qa=b c\\E.*\"...
14:00:55.635958 POST /session/50ef7a04-1fca-4a99-991c-a373c513603b/element [11.632125ms] ERR:404 body={"strategy":"-android uiautomator","selector":"new UiSelector().descriptionMatches(\"(?is).*\\Qa=b c...
14:00:55.647678 POST /session/50ef7a04-1fca-4a99-991c-a373c513603b/element [11.672958ms] ERR:404 body={"strategy":"-android uiautomator","selector":"new UiSelector().textContains(\"a=b c\")"}
14:00:55.661130 POST /session/50ef7a04-1fca-4a99-991c-a373c513603b/element [13.394167ms] ERR:404 body={"strategy":"-android uiautomator","selector":"new UiSelector().descriptionContains(\"a=b c\")"}
14:00:55.679592 POST /session/50ef7a04-1fca-4a99-991c-a373c513603b/element [18.398084ms] ERR:404 body={"strategy":"-android uiautomator","selector":"new UiSelector().textMatches(\"(?is).*\\Qa=b c\\E.*\"...
14:00:55.693366 POST /session/50ef7a04-1fca-4a99-991c-a373c513603b/element [13.707792ms] ERR:404 body={"strategy":"-android uiautomator","selector":"new UiSelector().descriptionMatches(\"(?is).*\\Qa=b c...
14:00:55.706039 POST /session/50ef7a04-1fca-4a99-991c-a373c513603b/element [12.61125ms] ERR:404 body={"strategy":"-android uiautomator","selector":"new UiSelector().textContains(\"a=b c\")"}
14:00:55.720570 POST /session/50ef7a04-1fca-4a99-991c-a373c513603b/element [14.472042ms] ERR:404 body={"strategy":"-android uiautomator","selector":"new UiSelector().descriptionContains(\"a=b c\")"}
14:00:55.734226 POST /session/50ef7a04-1fca-4a99-991c-a373c513603b/element [13.600209ms] ERR:404 body={"strategy":"-android uiautomator","selector":"new UiSelector().textMatches(\"(?is).*\\Qa=b c\\E.*\"...
14:00:55.748501 POST /session/50ef7a04-1fca-4a99-991c-a373c513603b/element [14.215375ms] ERR:404 body={"strategy":"-android uiautomator","selector":"new UiSelector().descriptionMatches(\"(?is).*\\Qa=b c...
14:00:55.765522 POST /session/50ef7a04-1fca-4a99-991c-a373c513603b/element [16.959583ms] ERR:404 body={"strategy":"-android uiautomator","selector":"new UiSelector().textContains(\"a=b c\")"}
14:00:55.781127 POST /session/50ef7a04-1fca-4a99-991c-a373c513603b/element [15.544333ms] ERR:404 body={"strategy":"-android uiautomator","selector":"new UiSelector().descriptionContains(\"a=b c\")"}
14:00:55.795808 POST /session/50ef7a04-1fca-4a99-991c-a373c513603b/element [14.610167ms] ERR:404 body={"strategy":"-android uiautomator","selector":"new UiSelector().textMatches(\"(?is).*\\Qa=b c\\E.*\"...
14:00:55.809537 POST /session/50ef7a04-1fca-4a99-991c-a373c513603b/element [13.649375ms] ERR:404 body={"strategy":"-android uiautomator","selector":"new UiSelector().descriptionMatches(\"(?is).*\\Qa=b c...
14:00:55.822507 POST /session/50ef7a04-1fca-4a99-991c-a373c513603b/element [12.903916ms] ERR:404 body={"strategy":"-android uiautomator","selector":"new UiSelector().textContains(\"a=b c\")"}
14:00:55.835406 POST /session/50ef7a04-1fca-4a99-991c-a373c513603b/element [12.841334ms] ERR:404 body={"strategy":"-android uiautomator","selector":"new UiSelector().descriptionContains(\"a=b c\")"}
14:00:55.850364 POST /session/50ef7a04-1fca-4a99-991c-a373c513603b/element [14.832125ms] ERR:404 body={"strategy":"-android uiautomator","selector":"new UiSelector().textMatches(\"(?is).*\\Qa=b c\\E.*\"...
14:00:55.872118 POST /session/50ef7a04-1fca-4a99-991c-a373c513603b/element [21.696958ms] ERR:404 body={"strategy":"-android uiautomator","selector":"new UiSelector().descriptionMatches(\"(?is).*\\Qa=b c...
14:00:55.886528 POST /session/50ef7a04-1fca-4a99-991c-a373c513603b/element [14.331958ms] ERR:404 body={"strategy":"-android uiautomator","selector":"new UiSelector().textContains(\"a=b c\")"}
14:00:55.899955 POST /session/50ef7a04-1fca-4a99-991c-a373c513603b/element [13.3695ms] ERR:404 body={"strategy":"-android uiautomator","selector":"new UiSelector().descriptionContains(\"a=b c\")"}
14:00:55.915443 POST /session/50ef7a04-1fca-4a99-991c-a373c513603b/element [15.444084ms] ERR:404 body={"strategy":"-android uiautomator","selector":"new UiSelector().textMatches(\"(?is).*\\Qa=b c\\E.*\"...
14:00:55.930342 POST /session/50ef7a04-1fca-4a99-991c-a373c513603b/element [14.839375ms] ERR:404 body={"strategy":"-android uiautomator","selector":"new UiSelector().descriptionMatches(\"(?is).*\\Qa=b c...
14:00:55.945008 POST /session/50ef7a04-1fca-4a99-991c-a373c513603b/element [14.603ms] ERR:404 body={"strategy":"-android uiautomator","selector":"new UiSelector().textContains(\"a=b c\")"}
14:00:55.960668 POST /session/50ef7a04-1fca-4a99-991c-a373c513603b/element [15.576ms] ERR:404 body={"strategy":"-android uiautomator","selector":"new UiSelector().descriptionContains(\"a=b c\")"}
14:00:55.975851 POST /session/50ef7a04-1fca-4a99-991c-a373c513603b/element [15.130625ms] ERR:404 body={"strategy":"-android uiautomator","selector":"new UiSelector().textMatches(\"(?is).*\\Qa=b c\\E.*\"...
14:00:55.990564 POST /session/50ef7a04-1fca-4a99-991c-a373c513603b/element [14.634458ms] ERR:404 body={"strategy":"-android uiautomator","selector":"new UiSelector().descriptionMatches(\"(?is).*\\Qa=b c...
14:00:56.004429 POST /session/50ef7a04-1fca-4a99-991c-a373c513603b/element [13.8115ms] ERR:404 body={"strategy":"-android uiautomator","selector":"new UiSelector().textContains(\"a=b c\")"}
14:00:56.017091 POST /session/50ef7a04-1fca-4a99-991c-a373c513603b/element [12.607ms] ERR:404 body={"strategy":"-android uiautomator","selector":"new UiSelector().descriptionContains(\"a=b c\")"}
14:00:56.030372 POST /session/50ef7a04-1fca-4a99-991c-a373c513603b/element [13.227792ms] ERR:404 body={"strategy":"-android uiautomator","selector":"new UiSelector().textMatches(\"(?is).*\\Qa=b c\\E.*\"...
14:00:56.044915 POST /session/50ef7a04-1fca-4a99-991c-a373c513603b/element [14.4855ms] ERR:404 body={"strategy":"-android uiautomator","selector":"new UiSelector().descriptionMatches(\"(?is).*\\Qa=b c...
14:00:56.063213 POST /session/50ef7a04-1fca-4a99-991c-a373c513603b/element [18.225083ms] ERR:404 body={"strategy":"-android uiautomator","selector":"new UiSelector().textContains(\"a=b c\")"}
14:00:56.078244 POST /session/50ef7a04-1fca-4a99-991c-a373c513603b/element [14.971125ms] ERR:404 body={"strategy":"-android uiautomator","selector":"new UiSelector().descriptionContains(\"a=b c\")"}
14:00:56.096444 POST /session/50ef7a04-1fca-4a99-991c-a373c513603b/element [18.106708ms] ERR:404 body={"strategy":"-android uiautomator","selector":"new UiSelector().textMatches(\"(?is).*\\Qa=b c\\E.*\"...
14:00:56.110271 POST /session/50ef7a04-1fca-4a99-991c-a373c513603b/element [13.773875ms] ERR:404 body={"strategy":"-android uiautomator","selector":"new UiSelector().descriptionMatches(\"(?is).*\\Qa=b c...
14:00:56.123248 POST /session/50ef7a04-1fca-4a99-991c-a373c513603b/element [12.912084ms] ERR:404 body={"strategy":"-android uiautomator","selector":"new UiSelector().textContains(\"a=b c\")"}
14:00:56.135600 POST /session/50ef7a04-1fca-4a99-991c-a373c513603b/element [12.196333ms] ERR:404 body={"strategy":"-android uiautomator","selector":"new UiSelector().descriptionContains(\"a=b c\")"}
14:00:56.149057 POST /session/50ef7a04-1fca-4a99-991c-a373c513603b/element [13.365583ms] ERR:404 body={"strategy":"-android uiautomator","selector":"new UiSelector().textMatches(\"(?is).*\\Qa=b c\\E.*\"...
14:00:56.163430 POST /session/50ef7a04-1fca-4a99-991c-a373c513603b/element [14.302417ms] ERR:404 body={"strategy":"-android uiautomator","selector":"new UiSelector().descriptionMatches(\"(?is).*\\Qa=b c...
14:00:56.177982 POST /session/50ef7a04-1fca-4a99-991c-a373c513603b/element [14.494708ms] ERR:404 body={"strategy":"-android uiautomator","selector":"new UiSelector().textContains(\"a=b c\")"}
14:00:56.190943 POST /session/50ef7a04-1fca-4a99-991c-a373c513603b/element [12.90125ms] ERR:404 body={"strategy":"-android uiautomator","selector":"new UiSelector().descriptionContains(\"a=b c\")"}
14:00:56.203454 POST /session/50ef7a04-1fca-4a99-991c-a373c513603b/element [12.455833ms] ERR:404 body={"strategy":"-android uiautomator","selector":"new UiSelector().textMatches(\"(?is).*\\Qa=b c\\E.*\"...
14:00:56.214963 POST /session/50ef7a04-1fca-4a99-991c-a373c513603b/element [11.448708ms] ERR:404 body={"strategy":"-android uiautomator","selector":"new UiSelector().descriptionMatches(\"(?is).*\\Qa=b c...
14:00:56.229573 POST /session/50ef7a04-1fca-4a99-991c-a373c513603b/element [14.547709ms] ERR:404 body={"strategy":"-android uiautomator","selector":"new UiSelector().textContains(\"a=b c\")"}
14:00:56.244295 POST /session/50ef7a04-1fca-4a99-991c-a373c513603b/element [14.652708ms] ERR:404 body={"strategy":"-android uiautomator","selector":"new UiSelector().descriptionContains(\"a=b c\")"}
14:00:56.261749 POST /session/50ef7a04-1fca-4a99-991c-a373c513603b/element [17.392625ms] ERR:404 body={"strategy":"-android uiautomator","selector":"new UiSelector().textMatches(\"(?is).*\\Qa=b c\\E.*\"...
14:00:56.274830 POST /session/50ef7a04-1fca-4a99-991c-a373c513603b/element [13.022625ms] ERR:404 body={"strategy":"-android uiautomator","selector":"new UiSelector().descriptionMatches(\"(?is).*\\Qa=b c...
14:00:56.289496 POST /session/50ef7a04-1fca-4a99-991c-a373c513603b/element [14.60425ms] ERR:404 body={"strategy":"-android uiautomator","selector":"new UiSelector().textContains(\"a=b c\")"}
14:00:56.302303 POST /session/50ef7a04-1fca-4a99-991c-a373c513603b/element [12.74475ms] ERR:404 body={"strategy":"-android uiautomator","selector":"new UiSelector().descriptionContains(\"a=b c\")"}
14:00:56.317913 POST /session/50ef7a04-1fca-4a99-991c-a373c513603b/element [15.546292ms] ERR:404 body={"strategy":"-android uiautomator","selector":"new UiSelector().textMatches(\"(?is).*\\Qa=b c\\E.*\"...
14:00:56.335476 POST /session/50ef7a04-1fca-4a99-991c-a373c513603b/element [17.499958ms] ERR:404 body={"strategy":"-android uiautomator","selector":"new UiSelector().descriptionMatches(\"(?is).*\\Qa=b c...
14:00:56.349281 POST /session/50ef7a04-1fca-4a99-991c-a373c513603b/element [13.742791ms] ERR:404 body={"strategy":"-android uiautomator","selector":"new UiSelector().textContains(\"a=b c\")"}
14:00:56.362682 POST /session/50ef7a04-1fca-4a99-991c-a373c513603b/element [13.3325ms] ERR:404 body={"strategy":"-android uiautomator","selector":"new UiSelector().descriptionContains(\"a=b c\")"}
14:00:56.376060 POST /session/50ef7a04-1fca-4a99-991c-a373c513603b/element [13.30875ms] ERR:404 body={"strategy":"-android uiautomator","selector":"new UiSelector().textMatches(\"(?is).*\\Qa=b c\\E.*\"...
14:00:56.388862 POST /session/50ef7a04-1fca-4a99-991c-a373c513603b/element [12.742125ms] ERR:404 body={"strategy":"-android uiautomator","selector":"new UiSelector().descriptionMatches(\"(?is).*\\Qa=b c...
14:00:56.403110 POST /session/50ef7a04-1fca-4a99-991c-a373c513603b/element [14.175042ms] ERR:404 body={"strategy":"-android uiautomator","selector":"new UiSelector().textContains(\"a=b c\")"}
14:00:56.417203 POST /session/50ef7a04-1fca-4a99-991c-a373c513603b/element [14.029333ms] ERR:404 body={"strategy":"-android uiautomator","selector":"new UiSelector().descriptionContains(\"a=b c\")"}
14:00:56.430640 POST /session/50ef7a04-1fca-4a99-991c-a373c513603b/element [13.388291ms] ERR:404 body={"strategy":"-android uiautomator","selector":"new UiSelector().textMatches(\"(?is).*\\Qa=b c\\E.*\"...
14:00:56.444047 POST /session/50ef7a04-1fca-4a99-991c-a373c513603b/element [13.337333ms] ERR:404 body={"strategy":"-android uiautomator","selector":"new UiSelector().descriptionMatches(\"(?is).*\\Qa=b c...
14:00:56.457938 POST /session/50ef7a04-1fca-4a99-991c-a373c513603b/element [13.824ms] ERR:404 body={"strategy":"-android uiautomator","selector":"new UiSelector().textContains(\"a=b c\")"}
14:00:56.471815 POST /session/50ef7a04-1fca-4a99-991c-a373c513603b/element [13.812416ms] ERR:404 body={"strategy":"-android uiautomator","selector":"new UiSelector().descriptionContains(\"a=b c\")"}
14:00:56.485678 POST /session/50ef7a04-1fca-4a99-991c-a373c513603b/element [13.802208ms] ERR:404 body={"strategy":"-android uiautomator","selector":"new UiSelector().textMatches(\"(?is).*\\Qa=b c\\E.*\"...
14:00:56.497794 POST /session/50ef7a04-1fca-4a99-991c-a373c513603b/element [12.058125ms] ERR:404 body={"strategy":"-android uiautomator","selector":"new UiSelector().descriptionMatches(\"(?is).*\\Qa=b c...
14:00:56.510465 POST /session/50ef7a04-1fca-4a99-991c-a373c513603b/element [12.613625ms] ERR:404 body={"strategy":"-android uiautomator","selector":"new UiSelector().textContains(\"a=b c\")"}
14:00:56.522763 POST /session/50ef7a04-1fca-4a99-991c-a373c513603b/element [12.240875ms] ERR:404 body={"strategy":"-android uiautomator","selector":"new UiSelector().descriptionContains(\"a=b c\")"}
14:00:56.535536 POST /session/50ef7a04-1fca-4a99-991c-a373c513603b/element [12.719417ms] ERR:404 body={"strategy":"-android uiautomator","selector":"new UiSelector().textMatches(\"(?is).*\\Qa=b c\\E.*\"...
14:00:56.545024 POST /session/50ef7a04-1fca-4a99-991c-a373c513603b/element [9.426958ms] ERR:404 body={"strategy":"-android uiautomator","selector":"new UiSelector().descriptionMatches(\"(?is).*\\Qa=b c...
14:00:56.558693 POST /session/50ef7a04-1fca-4a99-991c-a373c513603b/element [13.6275ms] ERR:404 body={"strategy":"-android uiautomator","selector":"new UiSelector().textContains(\"a=b c\")"}
14:00:56.575190 POST /session/50ef7a04-1fca-4a99-991c-a373c513603b/element [16.409583ms] ERR:404 body={"strategy":"-android uiautomator","selector":"new UiSelector().descriptionContains(\"a=b c\")"}
14:00:56.587326 POST /session/50ef7a04-1fca-4a99-991c-a373c513603b/element [12.072917ms] ERR:404 body={"strategy":"-android uiautomator","selector":"new UiSelector().textMatches(\"(?is).*\\Qa=b c\\E.*\"...
14:00:56.599950 POST /session/50ef7a04-1fca-4a99-991c-a373c513603b/element [12.562083ms] ERR:404 body={"strategy":"-android uiautomator","selector":"new UiSelector().descriptionMatches(\"(?is).*\\Qa=b c...
14:00:56.613532 POST /session/50ef7a04-1fca-4a99-991c-a373c513603b/element [13.507292ms] ERR:404 body={"strategy":"-android uiautomator","selector":"new UiSelector().textContains(\"a=b c\")"}
14:00:56.626034 POST /session/50ef7a04-1fca-4a99-991c-a373c513603b/element [12.447625ms] ERR:404 body={"strategy":"-android uiautomator","selector":"new UiSelector().descriptionContains(\"a=b c\")"}
14:00:56.638174 POST /session/50ef7a04-1fca-4a99-991c-a373c513603b/element [12.084583ms] ERR:404 body={"strategy":"-android uiautomator","selector":"new UiSelector().textMatches(\"(?is).*\\Qa=b c\\E.*\"...
14:00:56.646526 POST /session/50ef7a04-1fca-4a99-991c-a373c513603b/element [8.29275ms] ERR:404 body={"strategy":"-android uiautomator","selector":"new UiSelector().descriptionMatches(\"(?is).*\\Qa=b c...
14:00:56.659472 POST /session/50ef7a04-1fca-4a99-991c-a373c513603b/element [12.887333ms] ERR:404 body={"strategy":"-android uiautomator","selector":"new UiSelector().textContains(\"a=b c\")"}
14:00:56.671498 POST /session/50ef7a04-1fca-4a99-991c-a373c513603b/element [11.979291ms] ERR:404 body={"strategy":"-android uiautomator","selector":"new UiSelector().descriptionContains(\"a=b c\")"}
14:00:56.684774 POST /session/50ef7a04-1fca-4a99-991c-a373c513603b/element [13.204875ms] ERR:404 body={"strategy":"-android uiautomator","selector":"new UiSelector().textMatches(\"(?is).*\\Qa=b c\\E.*\"...
14:00:56.699337 POST /session/50ef7a04-1fca-4a99-991c-a373c513603b/element [14.493375ms] ERR:404 body={"strategy":"-android uiautomator","selector":"new UiSelector().descriptionMatches(\"(?is).*\\Qa=b c...
14:00:56.714152 POST /session/50ef7a04-1fca-4a99-991c-a373c513603b/element [14.746333ms] ERR:404 body={"strategy":"-android uiautomator","selector":"new UiSelector().textContains(\"a=b c\")"}
14:00:56.728114 POST /session/50ef7a04-1fca-4a99-991c-a373c513603b/element [13.8945ms] ERR:404 body={"strategy":"-android uiautomator","selector":"new UiSelector().descriptionContains(\"a=b c\")"}
14:00:56.739827 POST /session/50ef7a04-1fca-4a99-991c-a373c513603b/element [11.651625ms] ERR:404 body={"strategy":"-android uiautomator","selector":"new UiSelector().textMatches(\"(?is).*\\Qa=b c\\E.*\"...
14:00:56.753169 POST /session/50ef7a04-1fca-4a99-991c-a373c513603b/element [13.290042ms] ERR:404 body={"strategy":"-android uiautomator","selector":"new UiSelector().descriptionMatches(\"(?is).*\\Qa=b c...
14:00:56.765582 POST /session/50ef7a04-1fca-4a99-991c-a373c513603b/element [12.363166ms] ERR:404 body={"strategy":"-android uiautomator","selector":"new UiSelector().textContains(\"a=b c\")"}
14:00:56.779596 POST /session/50ef7a04-1fca-4a99-991c-a373c513603b/element [13.947917ms] ERR:404 body={"strategy":"-android uiautomator","selector":"new UiSelector().descriptionContains(\"a=b c\")"}
14:00:56.792451 POST /session/50ef7a04-1fca-4a99-991c-a373c513603b/element [12.794208ms] ERR:404 body={"strategy":"-android uiautomator","selector":"new UiSelector().textMatches(\"(?is).*\\Qa=b c\\E.*\"...
14:00:56.804812 POST /session/50ef7a04-1fca-4a99-991c-a373c513603b/element [12.299667ms] ERR:404 body={"strategy":"-android uiautomator","selector":"new UiSelector().descriptionMatches(\"(?is).*\\Qa=b c...
14:00:56.818307 POST /session/50ef7a04-1fca-4a99-991c-a373c513603b/element [13.435917ms] ERR:404 body={"strategy":"-android uiautomator","selector":"new UiSelector().textContains(\"a=b c\")"}
14:00:56.831943 POST /session/50ef7a04-1fca-4a99-991c-a373c513603b/element [13.571041ms] ERR:404 body={"strategy":"-android uiautomator","selector":"new UiSelector().descriptionContains(\"a=b c\")"}
14:00:56.844709 POST /session/50ef7a04-1fca-4a99-991c-a373c513603b/element [12.697125ms] ERR:404 body={"strategy":"-android uiautomator","selector":"new UiSelector().textMatches(\"(?is).*\\Qa=b c\\E.*\"...
14:00:56.858355 POST /session/50ef7a04-1fca-4a99-991c-a373c513603b/element [13.571792ms] ERR:404 body={"strategy":"-android uiautomator","selector":"new UiSelector().descriptionMatches(\"(?is).*\\Qa=b c...
14:00:56.871695 POST /session/50ef7a04-1fca-4a99-991c-a373c513603b/element [13.27625ms] ERR:404 body={"strategy":"-android uiautomator","selector":"new UiSelector().textContains(\"a=b c\")"}
14:00:56.884275 POST /session/50ef7a04-1fca-4a99-991c-a373c513603b/element [12.520542ms] ERR:404 body={"strategy":"-android uiautomator","selector":"new UiSelector().descriptionContains(\"a=b c\")"}
14:00:56.897765 POST /session/50ef7a04-1fca-4a99-991c-a373c513603b/element [13.416709ms] ERR:404 body={"strategy":"-android uiautomator","selector":"new UiSelector().textMatches(\"(?is).*\\Qa=b c\\E.*\"...
14:00:56.910023 POST /session/50ef7a04-1fca-4a99-991c-a373c513603b/element [12.1985ms] ERR:404 body={"strategy":"-android uiautomator","selector":"new UiSelector().descriptionMatches(\"(?is).*\\Qa=b c...
14:00:56.922156 POST /session/50ef7a04-1fca-4a99-991c-a373c513603b/element [12.072875ms] ERR:404 body={"strategy":"-android uiautomator","selector":"new UiSelector().textContains(\"a=b c\")"}
14:00:56.935481 POST /session/50ef7a04-1fca-4a99-991c-a373c513603b/element [13.271375ms] ERR:404 body={"strategy":"-android uiautomator","selector":"new UiSelector().descriptionContains(\"a=b c\")"}
14:00:56.947582 POST /session/50ef7a04-1fca-4a99-991c-a373c513603b/element [12.045042ms] ERR:404 body={"strategy":"-android uiautomator","selector":"new UiSelector().textMatches(\"(?is).*\\Qa=b c\\E.*\"...
14:00:56.958807 POST /session/50ef7a04-1fca-4a99-991c-a373c513603b/element [11.172875ms] ERR:404 body={"strategy":"-android uiautomator","selector":"new UiSelector().descriptionMatches(\"(?is).*\\Qa=b c...
14:00:56.971716 POST /session/50ef7a04-1fca-4a99-991c-a373c513603b/element [12.857708ms] ERR:404 body={"strategy":"-android uiautomator","selector":"new UiSelector().textContains(\"a=b c\")"}
14:00:56.985601 POST /session/50ef7a04-1fca-4a99-991c-a373c513603b/element [13.815416ms] ERR:404 body={"strategy":"-android uiautomator","selector":"new UiSelector().descriptionContains(\"a=b c\")"}
14:00:56.998487 POST /session/50ef7a04-1fca-4a99-991c-a373c513603b/element [12.812458ms] ERR:404 body={"strategy":"-android uiautomator","selector":"new UiSelector().textMatches(\"(?is).*\\Qa=b c\\E.*\"...
14:00:57.010905 POST /session/50ef7a04-1fca-4a99-991c-a373c513603b/element [12.354458ms] ERR:404 body={"strategy":"-android uiautomator","selector":"new UiSelector().descriptionMatches(\"(?is).*\\Qa=b c...
14:00:57.023044 POST /session/50ef7a04-1fca-4a99-991c-a373c513603b/element [12.070583ms] ERR:404 body={"strategy":"-android uiautomator","selector":"new UiSelector().textContains(\"a=b c\")"}
14:00:57.036354 POST /session/50ef7a04-1fca-4a99-991c-a373c513603b/element [13.252459ms] ERR:404 body={"strategy":"-android uiautomator","selector":"new UiSelector().descriptionContains(\"a=b c\")"}
14:00:57.049443 POST /session/50ef7a04-1fca-4a99-991c-a373c513603b/element [13.018334ms] ERR:404 body={"strategy":"-android uiautomator","selector":"new UiSelector().textMatches(\"(?is).*\\Qa=b c\\E.*\"...
14:00:57.062937 POST /session/50ef7a04-1fca-4a99-991c-a373c513603b/element [13.433666ms] ERR:404 body={"strategy":"-android uiautomator","selector":"new UiSelector().descriptionMatches(\"(?is).*\\Qa=b c...
14:00:57.076332 POST /session/50ef7a04-1fca-4a99-991c-a373c513603b/element [13.330416ms] ERR:404 body={"strategy":"-android uiautomator","selector":"new UiSelector().textContains(\"a=b c\")"}
14:00:57.090017 POST /session/50ef7a04-1fca-4a99-991c-a373c513603b/element [13.614ms] ERR:404 body={"strategy":"-android uiautomator","selector":"new UiSelector().descriptionContains(\"a=b c\")"}
14:00:57.105027 POST /session/50ef7a04-1fca-4a99-991c-a373c513603b/element [14.939333ms] ERR:404 body={"strategy":"-android uiautomator","selector":"new UiSelector().textMatches(\"(?is).*\\Qa=b c\\E.*\"...
14:00:57.118314 POST /session/50ef7a04-1fca-4a99-991c-a373c513603b/element [13.224125ms] ERR:404 body={"strategy":"-android uiautomator","selector":"new UiSelector().descriptionMatches(\"(?is).*\\Qa=b c...
14:00:57.134824 POST /session/50ef7a04-1fca-4a99-991c-a373c513603b/element [16.433292ms] ERR:404 body={"strategy":"-android uiautomator","selector":"new UiSelector().textContains(\"a=b c\")"}
14:00:57.151342 POST /session/50ef7a04-1fca-4a99-991c-a373c513603b/element [16.463833ms] ERR:404 body={"strategy":"-android uiautomator","selector":"new UiSelector().descriptionContains(\"a=b c\")"}
14:00:57.167923 POST /session/50ef7a04-1fca-4a99-991c-a373c513603b/element [16.430959ms] ERR:404 body={"strategy":"-android uiautomator","selector":"new UiSelector().textMatches(\"(?is).*\\Qa=b c\\E.*\"...
14:00:57.178010 POST /session/50ef7a04-1fca-4a99-991c-a373c513603b/element [9.982709ms] ERR:404 body={"strategy":"-android uiautomator","selector":"new UiSelector().descriptionMatches(\"(?is).*\\Qa=b c...
14:00:57.198454 POST /session/50ef7a04-1fca-4a99-991c-a373c513603b/element [15.074333ms] ERR:404 body={"strategy":"-android uiautomator","selector":"new UiSelector().textContains(\"a=b c\")"}
14:00:57.214419 POST /session/50ef7a04-1fca-4a99-991c-a373c513603b/element [15.137542ms] ERR:404 body={"strategy":"-android uiautomator","selector":"new UiSelector().descriptionContains(\"a=b c\")"}
14:00:57.230468 POST /session/50ef7a04-1fca-4a99-991c-a373c513603b/element [15.760625ms] ERR:404 body={"strategy":"-android uiautomator","selector":"new UiSelector().textMatches(\"(?is).*\\Qa=b c\\E.*\"...
14:00:57.240664 POST /session/50ef7a04-1fca-4a99-991c-a373c513603b/element [10.111375ms] ERR:404 body={"strategy":"-android uiautomator","selector":"new UiSelector().descriptionMatches(\"(?is).*\\Qa=b c...
14:00:57.265185 POST /session/50ef7a04-1fca-4a99-991c-a373c513603b/element [24.411417ms] ERR:404 body={"strategy":"-android uiautomator","selector":"new UiSelector().textContains(\"a=b c\")"}
14:00:57.281507 POST /session/50ef7a04-1fca-4a99-991c-a373c513603b/element [16.21875ms] ERR:404 body={"strategy":"-android uiautomator","selector":"new UiSelector().descriptionContains(\"a=b c\")"}
14:00:57.297403 POST /session/50ef7a04-1fca-4a99-991c-a373c513603b/element [15.814959ms] ERR:404 body={"strategy":"-android uiautomator","selector":"new UiSelector().textMatches(\"(?is).*\\Qa=b c\\E.*\"...
14:00:57.310089 POST /session/50ef7a04-1fca-4a99-991c-a373c513603b/element [12.560083ms] ERR:404 body={"strategy":"-android uiautomator","selector":"new UiSelector().descriptionMatches(\"(?is).*\\Qa=b c...
14:00:57.325395 POST /session/50ef7a04-1fca-4a99-991c-a373c513603b/element [15.227458ms] ERR:404 body={"strategy":"-android uiautomator","selector":"new UiSelector().textContains(\"a=b c\")"}
14:00:57.341580 POST /session/50ef7a04-1fca-4a99-991c-a373c513603b/element [16.115083ms] ERR:404 body={"strategy":"-android uiautomator","selector":"new UiSelector().descriptionContains(\"a=b c\")"}
14:00:57.359545 POST /session/50ef7a04-1fca-4a99-991c-a373c513603b/element [17.895541ms] ERR:404 body={"strategy":"-android uiautomator","selector":"new UiSelector().textMatches(\"(?is).*\\Qa=b c\\E.*\"...
14:00:57.374391 POST /session/50ef7a04-1fca-4a99-991c-a373c513603b/element [14.769084ms] ERR:404 body={"strategy":"-android uiautomator","selector":"new UiSelector().descriptionMatches(\"(?is).*\\Qa=b c...
14:00:57.394777 POST /session/50ef7a04-1fca-4a99-991c-a373c513603b/element [20.252042ms] ERR:404 body={"strategy":"-android uiautomator","selector":"new UiSelector().textContains(\"a=b c\")"}
14:00:57.408915 POST /session/50ef7a04-1fca-4a99-991c-a373c513603b/element [13.985583ms] ERR:404 body={"strategy":"-android uiautomator","selector":"new UiSelector().descriptionContains(\"a=b c\")"}
14:00:57.423228 POST /session/50ef7a04-1fca-4a99-991c-a373c513603b/element [14.24575ms] ERR:404 body={"strategy":"-android uiautomator","selector":"new UiSelector().textMatches(\"(?is).*\\Qa=b c\\E.*\"...
14:00:57.439643 POST /session/50ef7a04-1fca-4a99-991c-a373c513603b/element [16.352792ms] ERR:404 body={"strategy":"-android uiautomator","selector":"new UiSelector().descriptionMatches(\"(?is).*\\Qa=b c...
14:00:57.453865 POST /session/50ef7a04-1fca-4a99-991c-a373c513603b/element [14.161542ms] ERR:404 body={"strategy":"-android uiautomator","selector":"new UiSelector().textContains(\"a=b c\")"}
14:00:57.469408 POST /session/50ef7a04-1fca-4a99-991c-a373c513603b/element [15.468542ms] ERR:404 body={"strategy":"-android uiautomator","selector":"new UiSelector().descriptionContains(\"a=b c\")"}
14:00:57.485294 POST /session/50ef7a04-1fca-4a99-991c-a373c513603b/element [15.819959ms] ERR:404 body={"strategy":"-android uiautomator","selector":"new UiSelector().textMatches(\"(?is).*\\Qa=b c\\E.*\"...
14:00:57.502310 POST /session/50ef7a04-1fca-4a99-991c-a373c513603b/element [16.94925ms] ERR:404 body={"strategy":"-android uiautomator","selector":"new UiSelector().descriptionMatches(\"(?is).*\\Qa=b c...
14:00:57.518764 POST /session/50ef7a04-1fca-4a99-991c-a373c513603b/element [16.396458ms] ERR:404 body={"strategy":"-android uiautomator","selector":"new UiSelector().textContains(\"a=b c\")"}
14:00:57.533006 POST /session/50ef7a04-1fca-4a99-991c-a373c513603b/element [14.183166ms] ERR:404 body={"strategy":"-android uiautomator","selector":"new UiSelector().descriptionContains(\"a=b c\")"}
14:00:57.549086 POST /session/50ef7a04-1fca-4a99-991c-a373c513603b/element [16.016625ms] ERR:404 body={"strategy":"-android uiautomator","selector":"new UiSelector().textMatches(\"(?is).*\\Qa=b c\\E.*\"...
14:00:57.562923 POST /session/50ef7a04-1fca-4a99-991c-a373c513603b/element [13.732542ms] ERR:404 body={"strategy":"-android uiautomator","selector":"new UiSelector().descriptionMatches(\"(?is).*\\Qa=b c...
14:00:57.576558 POST /session/50ef7a04-1fca-4a99-991c-a373c513603b/element [13.566333ms] ERR:404 body={"strategy":"-android uiautomator","selector":"new UiSelector().textContains(\"a=b c\")"}
14:00:57.591839 POST /session/50ef7a04-1fca-4a99-991c-a373c513603b/element [15.216709ms] ERR:404 body={"strategy":"-android uiautomator","selector":"new UiSelector().descriptionContains(\"a=b c\")"}
14:00:57.608533 POST /session/50ef7a04-1fca-4a99-991c-a373c513603b/element [16.609209ms] ERR:404 body={"strategy":"-android uiautomator","selector":"new UiSelector().textMatches(\"(?is).*\\Qa=b c\\E.*\"...
14:00:57.625373 POST /session/50ef7a04-1fca-4a99-991c-a373c513603b/element [16.773833ms] ERR:404 body={"strategy":"-android uiautomator","selector":"new UiSelector().descriptionMatches(\"(?is).*\\Qa=b c...
14:00:57.641213 POST /session/50ef7a04-1fca-4a99-991c-a373c513603b/element [15.580375ms] ERR:404 body={"strategy":"-android uiautomator","selector":"new UiSelector().textContains(\"a=b c\")"}
14:00:57.651838 POST /session/50ef7a04-1fca-4a99-991c-a373c513603b/element [10.558916ms] ERR:404 body={"strategy":"-android uiautomator","selector":"new UiSelector().descriptionContains(\"a=b c\")"}
14:00:57.661601 POST /session/50ef7a04-1fca-4a99-991c-a373c513603b/element [9.700209ms] ERR:404 body={"strategy":"-android uiautomator","selector":"new UiSelector().textMatches(\"(?is).*\\Qa=b c\\E.*\"...
14:00:57.676765 POST /session/50ef7a04-1fca-4a99-991c-a373c513603b/element [15.103209ms] ERR:404 body={"strategy":"-android uiautomator","selector":"new UiSelector().descriptionMatches(\"(?is).*\\Qa=b c...
14:00:57.692167 POST /session/50ef7a04-1fca-4a99-991c-a373c513603b/element [15.343166ms] ERR:404 body={"strategy":"-android uiautomator","selector":"new UiSelector().textContains(\"a=b c\")"}
14:00:57.709231 POST /session/50ef7a04-1fca-4a99-991c-a373c513603b/element [17.004667ms] ERR:404 body={"strategy":"-android uiautomator","selector":"new UiSelector().descriptionContains(\"a=b c\")"}
14:00:57.726378 POST /session/50ef7a04-1fca-4a99-991c-a373c513603b/element [17.078625ms] ERR:404 body={"strategy":"-android uiautomator","selector":"new UiSelector().textMatches(\"(?is).*\\Qa=b c\\E.*\"...
14:00:57.736028 POST /session/50ef7a04-1fca-4a99-991c-a373c513603b/element [9.581042ms] ERR:404 body={"strategy":"-android uiautomator","selector":"new UiSelector().descriptionMatches(\"(?is).*\\Qa=b c...
14:00:57.752275 POST /session/50ef7a04-1fca-4a99-991c-a373c513603b/element [16.17825ms] ERR:404 body={"strategy":"-android uiautomator","selector":"new UiSelector().textContains(\"a=b c\")"}
14:00:57.766597 POST /session/50ef7a04-1fca-4a99-991c-a373c513603b/element [14.259583ms] ERR:404 body={"strategy":"-android uiautomator","selector":"new UiSelector().descriptionContains(\"a=b c\")"}
14:00:57.782756 POST /session/50ef7a04-1fca-4a99-991c-a373c513603b/element [16.100709ms] ERR:404 body={"strategy":"-android uiautomator","selector":"new UiSelector().textMatches(\"(?is).*\\Qa=b c\\E.*\"...
14:00:57.798328 POST /session/50ef7a04-1fca-4a99-991c-a373c513603b/element [15.514125ms] ERR:404 body={"strategy":"-android uiautomator","selector":"new UiSelector().descriptionMatches(\"(?is).*\\Qa=b c...
14:00:57.813350 POST /session/50ef7a04-1fca-4a99-991c-a373c513603b/element [14.952459ms] ERR:404 body={"strategy":"-android uiautomator","selector":"new UiSelector().textContains(\"a=b c\")"}
14:00:57.830139 POST /session/50ef7a04-1fca-4a99-991c-a373c513603b/element [16.721417ms] ERR:404 body={"strategy":"-android uiautomator","selector":"new UiSelector().descriptionContains(\"a=b c\")"}
14:00:57.844016 POST /session/50ef7a04-1fca-4a99-991c-a373c513603b/element [13.788ms] ERR:404 body={"strategy":"-android uiautomator","selector":"new UiSelector().textMatches(\"(?is).*\\Qa=b c\\E.*\"...
14:00:57.862723 POST /session/50ef7a04-1fca-4a99-991c-a373c513603b/element [18.640125ms] ERR:404 body={"strategy":"-android uiautomator","selector":"new UiSelector().descriptionMatches(\"(?is).*\\Qa=b c...
14:00:57.888112 POST /session/50ef7a04-1fca-4a99-991c-a373c513603b/element [25.289209ms] ERR:404 body={"strategy":"-android uiautomator","selector":"new UiSelector().textContains(\"a=b c\")"}
14:00:57.900578 POST /session/50ef7a04-1fca-4a99-991c-a373c513603b/element [12.3975ms] ERR:404 body={"strategy":"-android uiautomator","selector":"new UiSelector().descriptionContains(\"a=b c\")"}
14:00:57.913791 POST /session/50ef7a04-1fca-4a99-991c-a373c513603b/element [13.150625ms] ERR:404 body={"strategy":"-android uiautomator","selector":"new UiSelector().textMatches(\"(?is).*\\Qa=b c\\E.*\"...
14:00:57.931204 POST /session/50ef7a04-1fca-4a99-991c-a373c513603b/element [17.3495ms] ERR:404 body={"strategy":"-android uiautomator","selector":"new UiSelector().descriptionMatches(\"(?is).*\\Qa=b c...
14:00:57.944988 POST /session/50ef7a04-1fca-4a99-991c-a373c513603b/element [13.713958ms] ERR:404 body={"strategy":"-android uiautomator","selector":"new UiSelector().textContains(\"a=b c\")"}
14:00:57.957264 POST /session/50ef7a04-1fca-4a99-991c-a373c513603b/element [12.199584ms] ERR:404 body={"strategy":"-android uiautomator","selector":"new UiSelector().descriptionContains(\"a=b c\")"}
14:00:57.973166 POST /session/50ef7a04-1fca-4a99-991c-a373c513603b/element [15.843166ms] ERR:404 body={"strategy":"-android uiautomator","selector":"new UiSelector().textMatches(\"(?is).*\\Qa=b c\\E.*\"...
14:00:57.987410 POST /session/50ef7a04-1fca-4a99-991c-a373c513603b/element [14.185834ms] ERR:404 body={"strategy":"-android uiautomator","selector":"new UiSelector().descriptionMatches(\"(?is).*\\Qa=b c...
14:00:58.002840 POST /session/50ef7a04-1fca-4a99-991c-a373c513603b/element [15.369208ms] ERR:404 body={"strategy":"-android uiautomator","selector":"new UiSelector().textContains(\"a=b c\")"}
14:00:58.014626 POST /session/50ef7a04-1fca-4a99-991c-a373c513603b/element [11.729ms] ERR:404 body={"strategy":"-android uiautomator","selector":"new UiSelector().descriptionContains(\"a=b c\")"}
14:00:58.027610 POST /session/50ef7a04-1fca-4a99-991c-a373c513603b/element [12.902916ms] ERR:404 body={"strategy":"-android uiautomator","selector":"new UiSelector().textMatches(\"(?is).*\\Qa=b c\\E.*\"...
14:00:58.041428 POST /session/50ef7a04-1fca-4a99-991c-a373c513603b/element [13.752667ms] ERR:404 body={"strategy":"-android uiautomator","selector":"new UiSelector().descriptionMatches(\"(?is).*\\Qa=b c...
14:00:58.054592 POST /session/50ef7a04-1fca-4a99-991c-a373c513603b/element [13.095458ms] ERR:404 body={"strategy":"-android uiautomator","selector":"new UiSelector().textContains(\"a=b c\")"}
14:00:58.067505 POST /session/50ef7a04-1fca-4a99-991c-a373c513603b/element [12.848542ms] ERR:404 body={"strategy":"-android uiautomator","selector":"new UiSelector().descriptionContains(\"a=b c\")"}
14:00:58.080023 POST /session/50ef7a04-1fca-4a99-991c-a373c513603b/element [12.456667ms] ERR:404 body={"strategy":"-android uiautomator","selector":"new UiSelector().textMatches(\"(?is).*\\Qa=b c\\E.*\"...
14:00:58.091382 POST /session/50ef7a04-1fca-4a99-991c-a373c513603b/element [11.31175ms] ERR:404 body={"strategy":"-android uiautomator","selector":"new UiSelector().descriptionMatches(\"(?is).*\\Qa=b c...
14:00:58.101509 POST /session/50ef7a04-1fca-4a99-991c-a373c513603b/element [10.084ms] ERR:404 body={"strategy":"-android uiautomator","selector":"new UiSelector().textContains(\"a=b c\")"}
14:00:58.111859 POST /session/50ef7a04-1fca-4a99-991c-a373c513603b/element [10.30675ms] ERR:404 body={"strategy":"-android uiautomator","selector":"new UiSelector().descriptionContains(\"a=b c\")"}
14:00:58.122675 POST /session/50ef7a04-1fca-4a99-991c-a373c513603b/element [10.765959ms] ERR:404 body={"strategy":"-android uiautomator","selector":"new UiSelector().textMatches(\"(?is).*\\Qa=b c\\E.*\"...
14:00:58.133109 POST /session/50ef7a04-1fca-4a99-991c-a373c513603b/element [10.38375ms] ERR:404 body={"strategy":"-android uiautomator","selector":"new UiSelector().descriptionMatches(\"(?is).*\\Qa=b c...
14:00:58.143187 POST /session/50ef7a04-1fca-4a99-991c-a373c513603b/element [10.033792ms] ERR:404 body={"strategy":"-android uiautomator","selector":"new UiSelector().textContains(\"a=b c\")"}
14:00:58.156460 POST /session/50ef7a04-1fca-4a99-991c-a373c513603b/element [13.224084ms] ERR:404 body={"strategy":"-android uiautomator","selector":"new UiSelector().descriptionContains(\"a=b c\")"}
14:00:58.168041 POST /session/50ef7a04-1fca-4a99-991c-a373c513603b/element [11.524625ms] ERR:404 body={"strategy":"-android uiautomator","selector":"new UiSelector().textMatches(\"(?is).*\\Qa=b c\\E.*\"...
14:00:58.178507 POST /session/50ef7a04-1fca-4a99-991c-a373c513603b/element [10.412417ms] ERR:404 body={"strategy":"-android uiautomator","selector":"new UiSelector().descriptionMatches(\"(?is).*\\Qa=b c...
14:00:58.191508 POST /session/50ef7a04-1fca-4a99-991c-a373c513603b/element [12.950625ms] ERR:404 body={"strategy":"-android uiautomator","selector":"new UiSelector().textContains(\"a=b c\")"}
14:00:58.202012 POST /session/50ef7a04-1fca-4a99-991c-a373c513603b/element [10.456958ms] ERR:404 body={"strategy":"-android uiautomator","selector":"new UiSelector().descriptionContains(\"a=b c\")"}
14:00:58.213757 POST /session/50ef7a04-1fca-4a99-991c-a373c513603b/element [11.693166ms] ERR:404 body={"strategy":"-android uiautomator","selector":"new UiSelector().textMatches(\"(?is).*\\Qa=b c\\E.*\"...
14:00:58.224766 POST /session/50ef7a04-1fca-4a99-991c-a373c513603b/element [10.959375ms] ERR:404 body={"strategy":"-android uiautomator","selector":"new UiSelector().descriptionMatches(\"(?is).*\\Qa=b c...
14:00:58.239442 POST /session/50ef7a04-1fca-4a99-991c-a373c513603b/element [12.681958ms] ERR:404 body={"strategy":"-android uiautomator","selector":"new UiSelector().textContains(\"a=b c\")"}
14:00:58.249980 POST /session/50ef7a04-1fca-4a99-991c-a373c513603b/element [10.483084ms] ERR:404 body={"strategy":"-android uiautomator","selector":"new UiSelector().descriptionContains(\"a=b c\")"}
14:00:58.260939 POST /session/50ef7a04-1fca-4a99-991c-a373c513603b/element [10.911541ms] ERR:404 body={"strategy":"-android uiautomator","selector":"new UiSelector().textMatches(\"(?is).*\\Qa=b c\\E.*\"...
14:00:58.271704 POST /session/50ef7a04-1fca-4a99-991c-a373c513603b/element [10.733042ms] ERR:404 body={"strategy":"-android uiautomator","selector":"new UiSelector().descriptionMatches(\"(?is).*\\Qa=b c...
14:00:58.282146 POST /session/50ef7a04-1fca-4a99-991c-a373c513603b/element [10.411167ms] ERR:404 body={"strategy":"-android uiautomator","selector":"new UiSelector().textContains(\"a=b c\")"}
14:00:58.293021 POST /session/50ef7a04-1fca-4a99-991c-a373c513603b/element [10.83425ms] ERR:404 body={"strategy":"-android uiautomator","selector":"new UiSelector().descriptionContains(\"a=b c\")"}
14:00:58.303597 POST /session/50ef7a04-1fca-4a99-991c-a373c513603b/element [10.537959ms] ERR:404 body={"strategy":"-android uiautomator","selector":"new UiSelector().textMatches(\"(?is).*\\Qa=b c\\E.*\"...
14:00:58.315351 POST /session/50ef7a04-1fca-4a99-991c-a373c513603b/element [11.716ms] ERR:404 body={"strategy":"-android uiautomator","selector":"new UiSelector().descriptionMatches(\"(?is).*\\Qa=b c...
14:00:58.326404 POST /session/50ef7a04-1fca-4a99-991c-a373c513603b/element [10.997375ms] ERR:404 body={"strategy":"-android uiautomator","selector":"new UiSelector().textContains(\"a=b c\")"}
14:00:58.337923 POST /session/50ef7a04-1fca-4a99-991c-a373c513603b/element [11.45725ms] ERR:404 body={"strategy":"-android uiautomator","selector":"new UiSelector().descriptionContains(\"a=b c\")"}
14:00:58.350982 POST /session/50ef7a04-1fca-4a99-991c-a373c513603b/element [13.002125ms] ERR:404 body={"strategy":"-android uiautomator","selector":"new UiSelector().textMatches(\"(?is).*\\Qa=b c\\E.*\"...
14:00:58.363116 POST /session/50ef7a04-1fca-4a99-991c-a373c513603b/element [12.073458ms] ERR:404 body={"strategy":"-android uiautomator","selector":"new UiSelector().descriptionMatches(\"(?is).*\\Qa=b c...
14:00:58.376002 POST /session/50ef7a04-1fca-4a99-991c-a373c513603b/element [12.830292ms] ERR:404 body={"strategy":"-android uiautomator","selector":"new UiSelector().textContains(\"a=b c\")"}
14:00:58.388592 POST /session/50ef7a04-1fca-4a99-991c-a373c513603b/element [12.482791ms] ERR:404 body={"strategy":"-android uiautomator","selector":"new UiSelector().descriptionContains(\"a=b c\")"}
14:00:58.402443 POST /session/50ef7a04-1fca-4a99-991c-a373c513603b/element [13.781042ms] ERR:404 body={"strategy":"-android uiautomator","selector":"new UiSelector().textMatches(\"(?is).*\\Qa=b c\\E.*\"...
14:00:58.413711 POST /session/50ef7a04-1fca-4a99-991c-a373c513603b/element [11.195583ms] ERR:404 body={"strategy":"-android uiautomator","selector":"new UiSelector().descriptionMatches(\"(?is).*\\Qa=b c...
14:00:58.423969 POST /session/50ef7a04-1fca-4a99-991c-a373c513603b/element [10.19675ms] ERR:404 body={"strategy":"-android uiautomator","selector":"new UiSelector().textContains(\"a=b c\")"}
14:00:58.435201 POST /session/50ef7a04-1fca-4a99-991c-a373c513603b/element [11.183292ms] ERR:404 body={"strategy":"-android uiautomator","selector":"new UiSelector().descriptionContains(\"a=b c\")"}
14:00:58.445727 POST /session/50ef7a04-1fca-4a99-991c-a373c513603b/element [10.489792ms] ERR:404 body={"strategy":"-android uiautomator","selector":"new UiSelector().textMatches(\"(?is).*\\Qa=b c\\E.*\"...
14:00:58.455726 POST /session/50ef7a04-1fca-4a99-991c-a373c513603b/element [9.950584ms] ERR:404 body={"strategy":"-android uiautomator","selector":"new UiSelector().descriptionMatches(\"(?is).*\\Qa=b c...
14:00:58.468189 POST /session/50ef7a04-1fca-4a99-991c-a373c513603b/element [12.401ms] ERR:404 body={"strategy":"-android uiautomator","selector":"new UiSelector().textContains(\"a=b c\")"}
14:00:58.481259 POST /session/50ef7a04-1fca-4a99-991c-a373c513603b/element [13.00925ms] ERR:404 body={"strategy":"-android uiautomator","selector":"new UiSelector().descriptionContains(\"a=b c\")"}
14:00:58.492732 POST /session/50ef7a04-1fca-4a99-991c-a373c513603b/element [11.412917ms] ERR:404 body={"strategy":"-android uiautomator","selector":"new UiSelector().textMatches(\"(?is).*\\Qa=b c\\E.*\"...
14:00:58.504337 POST /session/50ef7a04-1fca-4a99-991c-a373c513603b/element [11.529333ms] ERR:404 body={"strategy":"-android uiautomator","selector":"new UiSelector().descriptionMatches(\"(?is).*\\Qa=b c...
14:00:58.516607 POST /session/50ef7a04-1fca-4a99-991c-a373c513603b/element [12.207292ms] ERR:404 body={"strategy":"-android uiautomator","selector":"new UiSelector().textContains(\"a=b c\")"}
14:00:58.527434 POST /session/50ef7a04-1fca-4a99-991c-a373c513603b/element [10.770333ms] ERR:404 body={"strategy":"-android uiautomator","selector":"new UiSelector().descriptionContains(\"a=b c\")"}
14:00:58.541394 POST /session/50ef7a04-1fca-4a99-991c-a373c513603b/element [13.896833ms] ERR:404 body={"strategy":"-android uiautomator","selector":"new UiSelector().textMatches(\"(?is).*\\Qa=b c\\E.*\"...
14:00:58.556616 POST /session/50ef7a04-1fca-4a99-991c-a373c513603b/element [15.163792ms] ERR:404 body={"strategy":"-android uiautomator","selector":"new UiSelector().descriptionMatches(\"(?is).*\\Qa=b c...
14:00:58.567868 POST /session/50ef7a04-1fca-4a99-991c-a373c513603b/element [11.187542ms] ERR:404 body={"strategy":"-android uiautomator","selector":"new UiSelector().textContains(\"a=b c\")"}
14:00:58.586403 POST /session/50ef7a04-1fca-4a99-991c-a373c513603b/element [18.469834ms] ERR:404 body={"strategy":"-android uiautomator","selector":"new UiSelector().descriptionContains(\"a=b c\")"}
14:00:58.600246 POST /session/50ef7a04-1fca-4a99-991c-a373c513603b/element [13.301625ms] ERR:404 body={"strategy":"-android uiautomator","selector":"new UiSelector().textMatches(\"(?is).*\\Qa=b c\\E.*\"...
14:00:58.614406 POST /session/50ef7a04-1fca-4a99-991c-a373c513603b/element [14.099792ms] ERR:404 body={"strategy":"-android uiautomator","selector":"new UiSelector().descriptionMatches(\"(?is).*\\Qa=b c...
14:00:58.626356 POST /session/50ef7a04-1fca-4a99-991c-a373c513603b/element [11.889833ms] ERR:404 body={"strategy":"-android uiautomator","selector":"new UiSelector().textContains(\"a=b c\")"}
14:00:58.637773 POST /session/50ef7a04-1fca-4a99-991c-a373c513603b/element [11.35475ms] ERR:404 body={"strategy":"-android uiautomator","selector":"new UiSelector().descriptionContains(\"a=b c\")"}
14:00:58.646047 POST /session/50ef7a04-1fca-4a99-991c-a373c513603b/element [8.169959ms] ERR:404 body={"strategy":"-android uiautomator","selector":"new UiSelector().textMatches(\"(?is).*\\Qa=b c\\E.*\"...
14:00:58.661453 POST /session/50ef7a04-1fca-4a99-991c-a373c513603b/element [15.348083ms] ERR:404 body={"strategy":"-android uiautomator","selector":"new UiSelector().descriptionMatches(\"(?is).*\\Qa=b c...
14:00:58.674433 POST /session/50ef7a04-1fca-4a99-991c-a373c513603b/element [12.9185ms] ERR:404 body={"strategy":"-android uiautomator","selector":"new UiSelector().textContains(\"a=b c\")"}
14:00:58.686782 POST /session/50ef7a04-1fca-4a99-991c-a373c513603b/element [12.283833ms] ERR:404 body={"strategy":"-android uiautomator","selector":"new UiSelector().descriptionContains(\"a=b c\")"}
14:00:58.698439 POST /session/50ef7a04-1fca-4a99-991c-a373c513603b/element [11.596917ms] ERR:404 body={"strategy":"-android uiautomator","selector":"new UiSelector().textMatches(\"(?is).*\\Qa=b c\\E.*\"...
14:00:58.708500 POST /session/50ef7a04-1fca-4a99-991c-a373c513603b/element [10.002292ms] ERR:404 body={"strategy":"-android uiautomator","selector":"new UiSelector().descriptionMatches(\"(?is).*\\Qa=b c...
14:00:58.722036 POST /session/50ef7a04-1fca-4a99-991c-a373c513603b/element [13.471041ms] ERR:404 body={"strategy":"-android uiautomator","selector":"new UiSelector().textContains(\"a=b c\")"}
14:00:58.737680 POST /session/50ef7a04-1fca-4a99-991c-a373c513603b/element [15.58475ms] ERR:404 body={"strategy":"-android uiautomator","selector":"new UiSelector().descriptionContains(\"a=b c\")"}
14:00:58.751243 POST /session/50ef7a04-1fca-4a99-991c-a373c513603b/element [13.497625ms] ERR:404 body={"strategy":"-android uiautomator","selector":"new UiSelector().textMatches(\"(?is).*\\Qa=b c\\E.*\"...
14:00:58.764281 POST /session/50ef7a04-1fca-4a99-991c-a373c513603b/element [12.957666ms] ERR:404 body={"strategy":"-android uiautomator","selector":"new UiSelector().descriptionMatches(\"(?is).*\\Qa=b c...
14:00:58.777765 POST /session/50ef7a04-1fca-4a99-991c-a373c513603b/element [13.423958ms] ERR:404 body={"strategy":"-android uiautomator","selector":"new UiSelector().textContains(\"a=b c\")"}
14:00:58.792621 POST /session/50ef7a04-1fca-4a99-991c-a373c513603b/element [14.645583ms] ERR:404 body={"strategy":"-android uiautomator","selector":"new UiSelector().descriptionContains(\"a=b c\")"}
14:00:58.805995 POST /session/50ef7a04-1fca-4a99-991c-a373c513603b/element [13.297167ms] ERR:404 body={"strategy":"-android uiautomator","selector":"new UiSelector().textMatches(\"(?is).*\\Qa=b c\\E.*\"...
14:00:58.821551 POST /session/50ef7a04-1fca-4a99-991c-a373c513603b/element [15.501458ms] ERR:404 body={"strategy":"-android uiautomator","selector":"new UiSelector().descriptionMatches(\"(?is).*\\Qa=b c...
14:00:58.835113 POST /session/50ef7a04-1fca-4a99-991c-a373c513603b/element [13.492667ms] ERR:404 body={"strategy":"-android uiautomator","selector":"new UiSelector().textContains(\"a=b c\")"}
14:00:58.849093 POST /session/50ef7a04-1fca-4a99-991c-a373c513603b/element [13.917875ms] ERR:404 body={"strategy":"-android uiautomator","selector":"new UiSelector().descriptionContains(\"a=b c\")"}
14:00:58.863183 POST /session/50ef7a04-1fca-4a99-991c-a373c513603b/element [14.019416ms] ERR:404 body={"strategy":"-android uiautomator","selector":"new UiSelector().textMatches(\"(?is).*\\Qa=b c\\E.*\"...
14:00:58.878764 POST /session/50ef7a04-1fca-4a99-991c-a373c513603b/element [15.515ms] ERR:404 body={"strategy":"-android uiautomator","selector":"new UiSelector().descriptionMatches(\"(?is).*\\Qa=b c...
14:00:58.892448 POST /session/50ef7a04-1fca-4a99-991c-a373c513603b/element [13.626792ms] ERR:404 body={"strategy":"-android uiautomator","selector":"new UiSelector().textContains(\"a=b c\")"}
14:00:58.905967 POST /session/50ef7a04-1fca-4a99-991c-a373c513603b/element [13.455333ms] ERR:404 body={"strategy":"-android uiautomator","selector":"new UiSelector().descriptionContains(\"a=b c\")"}
14:00:58.918160 POST /session/50ef7a04-1fca-4a99-991c-a373c513603b/element [12.136375ms] ERR:404 body={"strategy":"-android uiautomator","selector":"new UiSelector().textMatches(\"(?is).*\\Qa=b c\\E.*\"...
14:00:58.931430 POST /session/50ef7a04-1fca-4a99-991c-a373c513603b/element [13.17225ms] ERR:404 body={"strategy":"-android uiautomator","selector":"new UiSelector().descriptionMatches(\"(?is).*\\Qa=b c...
14:00:58.944134 POST /session/50ef7a04-1fca-4a99-991c-a373c513603b/element [12.645958ms] ERR:404 body={"strategy":"-android uiautomator","selector":"new UiSelector().textContains(\"a=b c\")"}
14:00:58.956173 POST /session/50ef7a04-1fca-4a99-991c-a373c513603b/element [11.9745ms] ERR:404 body={"strategy":"-android uiautomator","selector":"new UiSelector().descriptionContains(\"a=b c\")"}
14:00:58.968868 POST /session/50ef7a04-1fca-4a99-991c-a373c513603b/element [12.635083ms] ERR:404 body={"strategy":"-android uiautomator","selector":"new UiSelector().textMatches(\"(?is).*\\Qa=b c\\E.*\"...
14:00:58.979523 POST /session/50ef7a04-1fca-4a99-991c-a373c513603b/element [10.6ms] ERR:404 body={"strategy":"-android uiautomator","selector":"new UiSelector().descriptionMatches(\"(?is).*\\Qa=b c...
14:00:58.990636 POST /session/50ef7a04-1fca-4a99-991c-a373c513603b/element [11.06575ms] ERR:404 body={"strategy":"-android uiautomator","selector":"new UiSelector().textContains(\"a=b c\")"}
14:00:59.001817 POST /session/50ef7a04-1fca-4a99-991c-a373c513603b/element [10.9735ms] ERR:404 body={"strategy":"-android uiautomator","selector":"new UiSelector().descriptionContains(\"a=b c\")"}
14:00:59.016618 POST /session/50ef7a04-1fca-4a99-991c-a373c513603b/element [14.680166ms] ERR:404 body={"strategy":"-android uiautomator","selector":"new UiSelector().textMatches(\"(?is).*\\Qa=b c\\E.*\"...
14:00:59.029293 POST /session/50ef7a04-1fca-4a99-991c-a373c513603b/element [12.616334ms] ERR:404 body={"strategy":"-android uiautomator","selector":"new UiSelector().descriptionMatches(\"(?is).*\\Qa=b c...
14:00:59.039654 POST /session/50ef7a04-1fca-4a99-991c-a373c513603b/element [10.294459ms] ERR:404 body={"strategy":"-android uiautomator","selector":"new UiSelector().textContains(\"a=b c\")"}
14:00:59.053138 POST /session/50ef7a04-1fca-4a99-991c-a373c513603b/element [13.415458ms] ERR:404 body={"strategy":"-android uiautomator","selector":"new UiSelector().descriptionContains(\"a=b c\")"}
14:00:59.065332 POST /session/50ef7a04-1fca-4a99-991c-a373c513603b/element [12.125833ms] ERR:404 body={"strategy":"-android uiautomator","selector":"new UiSelector().textMatches(\"(?is).*\\Qa=b c\\E.*\"...
14:00:59.076612 POST /session/50ef7a04-1fca-4a99-991c-a373c513603b/element [11.222583ms] ERR:404 body={"strategy":"-android uiautomator","selector":"new UiSelector().descriptionMatches(\"(?is).*\\Qa=b c...
14:00:59.092520 POST /session/50ef7a04-1fca-4a99-991c-a373c513603b/element [15.849416ms] ERR:404 body={"strategy":"-android uiautomator","selector":"new UiSelector().textContains(\"a=b c\")"}
14:00:59.103715 POST /session/50ef7a04-1fca-4a99-991c-a373c513603b/element [11.132125ms] ERR:404 body={"strategy":"-android uiautomator","selector":"new UiSelector().descriptionContains(\"a=b c\")"}
14:00:59.118498 POST /session/50ef7a04-1fca-4a99-991c-a373c513603b/element [14.712917ms] ERR:404 body={"strategy":"-android uiautomator","selector":"new UiSelector().textMatches(\"(?is).*\\Qa=b c\\E.*\"...
14:00:59.129123 POST /session/50ef7a04-1fca-4a99-991c-a373c513603b/element [9.616458ms] ERR:404 body={"strategy":"-android uiautomator","selector":"new UiSelector().descriptionMatches(\"(?is).*\\Qa=b c...
14:00:59.141280 POST /session/50ef7a04-1fca-4a99-991c-a373c513603b/element [12.011708ms] ERR:404 body={"strategy":"-android uiautomator","selector":"new UiSelector().textContains(\"a=b c\")"}
14:00:59.152487 POST /session/50ef7a04-1fca-4a99-991c-a373c513603b/element [11.147125ms] ERR:404 body={"strategy":"-android uiautomator","selector":"new UiSelector().descriptionContains(\"a=b c\")"}
14:00:59.165222 POST /session/50ef7a04-1fca-4a99-991c-a373c513603b/element [12.66575ms] ERR:404 body={"strategy":"-android uiautomator","selector":"new UiSelector().textMatches(\"(?is).*\\Qa=b c\\E.*\"...
14:00:59.176972 POST /session/50ef7a04-1fca-4a99-991c-a373c513603b/element [11.691584ms] ERR:404 body={"strategy":"-android uiautomator","selector":"new UiSelector().descriptionMatches(\"(?is).*\\Qa=b c...
14:00:59.187946 POST /session/50ef7a04-1fca-4a99-991c-a373c513603b/element [10.910666ms] ERR:404 body={"strategy":"-android uiautomator","selector":"new UiSelector().textContains(\"a=b c\")"}
14:00:59.200441 POST /session/50ef7a04-1fca-4a99-991c-a373c513603b/element [12.437125ms] ERR:404 body={"strategy":"-android uiautomator","selector":"new UiSelector().descriptionContains(\"a=b c\")"}
14:00:59.210882 POST /session/50ef7a04-1fca-4a99-991c-a373c513603b/element [10.372708ms] ERR:404 body={"strategy":"-android uiautomator","selector":"new UiSelector().textMatches(\"(?is).*\\Qa=b c\\E.*\"...
14:00:59.222913 POST /session/50ef7a04-1fca-4a99-991c-a373c513603b/element [11.961ms] ERR:404 body={"strategy":"-android uiautomator","selector":"new UiSelector().descriptionMatches(\"(?is).*\\Qa=b c...
14:00:59.235273 POST /session/50ef7a04-1fca-4a99-991c-a373c513603b/element [11.080416ms] ERR:404 body={"strategy":"-android uiautomator","selector":"new UiSelector().textContains(\"a=b c\")"}
14:00:59.247069 POST /session/50ef7a04-1fca-4a99-991c-a373c513603b/element [11.732833ms] ERR:404 body={"strategy":"-android uiautomator","selector":"new UiSelector().descriptionContains(\"a=b c\")"}
14:00:59.258262 POST /session/50ef7a04-1fca-4a99-991c-a373c513603b/element [11.102583ms] ERR:404 body={"strategy":"-android uiautomator","selector":"new UiSelector().textMatches(\"(?is).*\\Qa=b c\\E.*\"...
14:00:59.271499 POST /session/50ef7a04-1fca-4a99-991c-a373c513603b/element [13.179541ms] ERR:404 body={"strategy":"-android uiautomator","selector":"new UiSelector().descriptionMatches(\"(?is).*\\Qa=b c...
14:00:59.283746 POST /session/50ef7a04-1fca-4a99-991c-a373c513603b/element [12.192167ms] ERR:404 body={"strategy":"-android uiautomator","selector":"new UiSelector().textContains(\"a=b c\")"}
14:00:59.303073 POST /session/50ef7a04-1fca-4a99-991c-a373c513603b/element [19.237833ms] ERR:404 body={"strategy":"-android uiautomator","selector":"new UiSelector().descriptionContains(\"a=b c\")"}
14:00:59.321431 POST /session/50ef7a04-1fca-4a99-991c-a373c513603b/element [18.271292ms] ERR:404 body={"strategy":"-android uiautomator","selector":"new UiSelector().textMatches(\"(?is).*\\Qa=b c\\E.*\"...
14:00:59.343180 POST /session/50ef7a04-1fca-4a99-991c-a373c513603b/element [21.640291ms] ERR:404 body={"strategy":"-android uiautomator","selector":"new UiSelector().descriptionMatches(\"(?is).*\\Qa=b c...
14:00:59.361855 POST /session/50ef7a04-1fca-4a99-991c-a373c513603b/element [18.571792ms] ERR:404 body={"strategy":"-android uiautomator","selector":"new UiSelector().textContains(\"a=b c\")"}
14:00:59.380049 POST /session/50ef7a04-1fca-4a99-991c-a373c513603b/element [17.991708ms] ERR:404 body={"strategy":"-android uiautomator","selector":"new UiSelector().descriptionContains(\"a=b c\")"}
14:00:59.395398 POST /session/50ef7a04-1fca-4a99-991c-a373c513603b/element [15.009375ms] ERR:404 body={"strategy":"-android uiautomator","selector":"new UiSelector().textMatches(\"(?is).*\\Qa=b c\\E.*\"...
14:00:59.418927 POST /session/50ef7a04-1fca-4a99-991c-a373c513603b/element [17.517792ms] ERR:404 body={"strategy":"-android uiautomator","selector":"new UiSelector().descriptionMatches(\"(?is).*\\Qa=b c...
14:00:59.439207 POST /session/50ef7a04-1fca-4a99-991c-a373c513603b/element [20.21ms] ERR:404 body={"strategy":"-android uiautomator","selector":"new UiSelector().textContains(\"a=b c\")"}
14:00:59.456858 POST /session/50ef7a04-1fca-4a99-991c-a373c513603b/element [17.57375ms] ERR:404 body={"strategy":"-android uiautomator","selector":"new UiSelector().descriptionContains(\"a=b c\")"}
14:00:59.520167 POST /session/50ef7a04-1fca-4a99-991c-a373c513603b/element [63.114375ms] ERR:404 body={"strategy":"-android uiautomator","selector":"new UiSelector().textMatches(\"(?is).*\\Qa=b c\\E.*\"...
14:00:59.555646 POST /session/50ef7a04-1fca-4a99-991c-a373c513603b/element [31.863166ms] ERR:404 body={"strategy":"-android uiautomator","selector":"new UiSelector().descriptionMatches(\"(?is).*\\Qa=b c...
14:00:59.572480 POST /session/50ef7a04-1fca-4a99-991c-a373c513603b/element [16.735209ms] ERR:404 body={"strategy":"-android uiautomator","selector":"new UiSelector().textContains(\"a=b c\")"}
14:00:59.595713 POST /session/50ef7a04-1fca-4a99-991c-a373c513603b/element [23.162167ms] ERR:404 body={"strategy":"-android uiautomator","selector":"new UiSelector().descriptionContains(\"a=b c\")"}
14:00:59.610676 POST /session/50ef7a04-1fca-4a99-991c-a373c513603b/element [14.904416ms] ERR:404 body={"strategy":"-android uiautomator","selector":"new UiSelector().textMatches(\"(?is).*\\Qa=b c\\E.*\"...
14:00:59.625316 POST /session/50ef7a04-1fca-4a99-991c-a373c513603b/element [14.556208ms] ERR:404 body={"strategy":"-android uiautomator","selector":"new UiSelector().descriptionMatches(\"(?is).*\\Qa=b c...
14:00:59.637079 POST /session/50ef7a04-1fca-4a99-991c-a373c513603b/element [11.693125ms] ERR:404 body={"strategy":"-android uiautomator","selector":"new UiSelector().textContains(\"a=b c\")"}
14:00:59.649689 POST /session/50ef7a04-1fca-4a99-991c-a373c513603b/element [12.5505ms] ERR:404 body={"strategy":"-android uiautomator","selector":"new UiSelector().descriptionContains(\"a=b c\")"}
14:00:59.664737 POST /session/50ef7a04-1fca-4a99-991c-a373c513603b/element [14.968292ms] ERR:404 body={"strategy":"-android uiautomator","selector":"new UiSelector().textMatches(\"(?is).*\\Qa=b c\\E.*\"...
14:00:59.683238 POST /session/50ef7a04-1fca-4a99-991c-a373c513603b/element [18.430625ms] ERR:404 body={"strategy":"-android uiautomator","selector":"new UiSelector().descriptionMatches(\"(?is).*\\Qa=b c...
14:00:59.696512 POST /session/50ef7a04-1fca-4a99-991c-a373c513603b/element [13.194333ms] ERR:404 body={"strategy":"-android uiautomator","selector":"new UiSelector().textContains(\"a=b c\")"}
14:00:59.710086 POST /session/50ef7a04-1fca-4a99-991c-a373c513603b/element [13.4505ms] ERR:404 body={"strategy":"-android uiautomator","selector":"new UiSelector().descriptionContains(\"a=b c\")"}
14:00:59.724439 POST /session/50ef7a04-1fca-4a99-991c-a373c513603b/element [14.276209ms] ERR:404 body={"strategy":"-android uiautomator","selector":"new UiSelector().textMatches(\"(?is).*\\Qa=b c\\E.*\"...
14:00:59.737366 POST /session/50ef7a04-1fca-4a99-991c-a373c513603b/element [12.861375ms] ERR:404 body={"strategy":"-android uiautomator","selector":"new UiSelector().descriptionMatches(\"(?is).*\\Qa=b c...
14:00:59.749483 POST /session/50ef7a04-1fca-4a99-991c-a373c513603b/element [12.045792ms] ERR:404 body={"strategy":"-android uiautomator","selector":"new UiSelector().textContains(\"a=b c\")"}
14:00:59.765429 POST /session/50ef7a04-1fca-4a99-991c-a373c513603b/element [15.870209ms] ERR:404 body={"strategy":"-android uiautomator","selector":"new UiSelector().descriptionContains(\"a=b c\")"}
14:00:59.781925 POST /session/50ef7a04-1fca-4a99-991c-a373c513603b/element [16.392708ms] ERR:404 body={"strategy":"-android uiautomator","selector":"new UiSelector().textMatches(\"(?is).*\\Qa=b c\\E.*\"...
14:00:59.794662 POST /session/50ef7a04-1fca-4a99-991c-a373c513603b/element [12.682292ms] ERR:404 body={"strategy":"-android uiautomator","selector":"new UiSelector().descriptionMatches(\"(?is).*\\Qa=b c...
14:00:59.801215 POST /session/50ef7a04-1fca-4a99-991c-a373c513603b/element [6.492667ms] ERR:404 body={"strategy":"-android uiautomator","selector":"new UiSelector().textContains(\"a=b c\")"}
14:00:59.815387 POST /session/50ef7a04-1fca-4a99-991c-a373c513603b/element [13.859875ms] ERR:404 body={"strategy":"-android uiautomator","selector":"new UiSelector().descriptionContains(\"a=b c\")"}
14:00:59.830991 POST /session/50ef7a04-1fca-4a99-991c-a373c513603b/element [15.530875ms] ERR:404 body={"strategy":"-android uiautomator","selector":"new UiSelector().textMatches(\"(?is).*\\Qa=b c\\E.*\"...
14:00:59.845727 POST /session/50ef7a04-1fca-4a99-991c-a373c513603b/element [14.67075ms] ERR:404 body={"strategy":"-android uiautomator","selector":"new UiSelector().descriptionMatches(\"(?is).*\\Qa=b c...
14:00:59.858886 POST /session/50ef7a04-1fca-4a99-991c-a373c513603b/element [13.09375ms] ERR:404 body={"strategy":"-android uiautomator","selector":"new UiSelector().textContains(\"a=b c\")"}
14:00:59.872717 POST /session/50ef7a04-1fca-4a99-991c-a373c513603b/element [13.766916ms] ERR:404 body={"strategy":"-android uiautomator","selector":"new UiSelector().descriptionContains(\"a=b c\")"}
14:00:59.886043 POST /session/50ef7a04-1fca-4a99-991c-a373c513603b/element [13.199541ms] ERR:404 body={"strategy":"-android uiautomator","selector":"new UiSelector().textMatches(\"(?is).*\\Qa=b c\\E.*\"...
14:00:59.898586 POST /session/50ef7a04-1fca-4a99-991c-a373c513603b/element [12.460708ms] ERR:404 body={"strategy":"-android uiautomator","selector":"new UiSelector().descriptionMatches(\"(?is).*\\Qa=b c...
14:00:59.911391 POST /session/50ef7a04-1fca-4a99-991c-a373c513603b/element [12.644334ms] ERR:404 body={"strategy":"-android uiautomator","selector":"new UiSelector().textContains(\"a=b c\")"}
14:00:59.925741 POST /session/50ef7a04-1fca-4a99-991c-a373c513603b/element [14.297833ms] ERR:404 body={"strategy":"-android uiautomator","selector":"new UiSelector().descriptionContains(\"a=b c\")"}
14:00:59.939409 POST /session/50ef7a04-1fca-4a99-991c-a373c513603b/element [13.602042ms] ERR:404 body={"strategy":"-android uiautomator","selector":"new UiSelector().textMatches(\"(?is).*\\Qa=b c\\E.*\"...
14:00:59.952082 POST /session/50ef7a04-1fca-4a99-991c-a373c513603b/element [12.6ms] ERR:404 body={"strategy":"-android uiautomator","selector":"new UiSelector().descriptionMatches(\"(?is).*\\Qa=b c...
14:00:59.964662 POST /session/50ef7a04-1fca-4a99-991c-a373c513603b/element [12.516834ms] ERR:404 body={"strategy":"-android uiautomator","selector":"new UiSelector().textContains(\"a=b c\")"}
14:00:59.978135 POST /session/50ef7a04-1fca-4a99-991c-a373c513603b/element [13.376542ms] ERR:404 body={"strategy":"-android uiautomator","selector":"new UiSelector().descriptionContains(\"a=b c\")"}
14:00:59.992500 POST /session/50ef7a04-1fca-4a99-991c-a373c513603b/element [14.291792ms] ERR:404 body={"strategy":"-android uiautomator","selector":"new UiSelector().textMatches(\"(?is).*\\Qa=b c\\E.*\"...
14:01:00.010353 POST /session/50ef7a04-1fca-4a99-991c-a373c513603b/element [17.775125ms] ERR:404 body={"strategy":"-android uiautomator","selector":"new UiSelector().descriptionMatches(\"(?is).*\\Qa=b c...
14:01:00.025426 POST /session/50ef7a04-1fca-4a99-991c-a373c513603b/element [13.507167ms] ERR:404 body={"strategy":"-android uiautomator","selector":"new UiSelector().textContains(\"a=b c\")"}
14:01:00.041952 POST /session/50ef7a04-1fca-4a99-991c-a373c513603b/element [16.461333ms] ERR:404 body={"strategy":"-android uiautomator","selector":"new UiSelector().descriptionContains(\"a=b c\")"}
14:01:00.059602 POST /session/50ef7a04-1fca-4a99-991c-a373c513603b/element [17.58875ms] ERR:404 body={"strategy":"-android uiautomator","selector":"new UiSelector().textMatches(\"(?is).*\\Qa=b c\\E.*\"...
14:01:00.076603 POST /session/50ef7a04-1fca-4a99-991c-a373c513603b/element [16.594208ms] ERR:404 body={"strategy":"-android uiautomator","selector":"new UiSelector().descriptionMatches(\"(?is).*\\Qa=b c...
14:01:00.094832 POST /session/50ef7a04-1fca-4a99-991c-a373c513603b/element [18.163792ms] ERR:404 body={"strategy":"-android uiautomator","selector":"new UiSelector().textContains(\"a=b c\")"}
14:01:00.109115 POST /session/50ef7a04-1fca-4a99-991c-a373c513603b/element [14.220208ms] ERR:404 body={"strategy":"-android uiautomator","selector":"new UiSelector().descriptionContains(\"a=b c\")"}
14:01:00.121473 POST /session/50ef7a04-1fca-4a99-991c-a373c513603b/element [12.283917ms] ERR:404 body={"strategy":"-android uiautomator","selector":"new UiSelector().textMatches(\"(?is).*\\Qa=b c\\E.*\"...
14:01:00.143687 POST /session/50ef7a04-1fca-4a99-991c-a373c513603b/element [22.140167ms] ERR:404 body={"strategy":"-android uiautomator","selector":"new UiSelector().descriptionMatches(\"(?is).*\\Qa=b c...
14:01:00.153778 POST /session/50ef7a04-1fca-4a99-991c-a373c513603b/element [10.027625ms] ERR:404 body={"strategy":"-android uiautomator","selector":"new UiSelector().textContains(\"a=b c\")"}
14:01:00.170383 POST /session/50ef7a04-1fca-4a99-991c-a373c513603b/element [16.520334ms] ERR:404 body={"strategy":"-android uiautomator","selector":"new UiSelector().descriptionContains(\"a=b c\")"}
14:01:00.181438 POST /session/50ef7a04-1fca-4a99-991c-a373c513603b/element [10.977875ms] ERR:404 body={"strategy":"-android uiautomator","selector":"new UiSelector().textMatches(\"(?is).*\\Qa=b c\\E.*\"...
14:01:00.192333 POST /session/50ef7a04-1fca-4a99-991c-a373c513603b/element [10.741ms] ERR:404 body={"strategy":"-android uiautomator","selector":"new UiSelector().descriptionMatches(\"(?is).*\\Qa=b c...
14:01:00.207730 POST /session/50ef7a04-1fca-4a99-991c-a373c513603b/element [15.294542ms] ERR:404 body={"strategy":"-android uiautomator","selector":"new UiSelector().textContains(\"a=b c\")"}
14:01:00.222572 POST /session/50ef7a04-1fca-4a99-991c-a373c513603b/element [14.536958ms] ERR:404 body={"strategy":"-android uiautomator","selector":"new UiSelector().descriptionContains(\"a=b c\")"}
14:01:00.235590 POST /session/50ef7a04-1fca-4a99-991c-a373c513603b/element [12.906708ms] ERR:404 body={"strategy":"-android uiautomator","selector":"new UiSelector().textMatches(\"(?is).*\\Qa=b c\\E.*\"...
14:01:00.248039 POST /session/50ef7a04-1fca-4a99-991c-a373c513603b/element [12.361417ms] ERR:404 body={"strategy":"-android uiautomator","selector":"new UiSelector().descriptionMatches(\"(?is).*\\Qa=b c...
14:01:00.259505 POST /session/50ef7a04-1fca-4a99-991c-a373c513603b/element [11.372834ms] ERR:404 body={"strategy":"-android uiautomator","selector":"new UiSelector().textContains(\"a=b c\")"}
14:01:00.269101 POST /session/50ef7a04-1fca-4a99-991c-a373c513603b/element [9.525667ms] ERR:404 body={"strategy":"-android uiautomator","selector":"new UiSelector().descriptionContains(\"a=b c\")"}
14:01:00.285764 POST /session/50ef7a04-1fca-4a99-991c-a373c513603b/element [16.596166ms] ERR:404 body={"strategy":"-android uiautomator","selector":"new UiSelector().textMatches(\"(?is).*\\Qa=b c\\E.*\"...
14:01:00.297313 POST /session/50ef7a04-1fca-4a99-991c-a373c513603b/element [11.480542ms] ERR:404 body={"strategy":"-android uiautomator","selector":"new UiSelector().descriptionMatches(\"(?is).*\\Qa=b c...
14:01:00.312774 POST /session/50ef7a04-1fca-4a99-991c-a373c513603b/element [15.375833ms] ERR:404 body={"strategy":"-android uiautomator","selector":"new UiSelector().textContains(\"a=b c\")"}
14:01:00.327024 POST /session/50ef7a04-1fca-4a99-991c-a373c513603b/element [14.166291ms] ERR:404 body={"strategy":"-android uiautomator","selector":"new UiSelector().descriptionContains(\"a=b c\")"}
14:01:00.341516 POST /session/50ef7a04-1fca-4a99-991c-a373c513603b/element [14.407041ms] ERR:404 body={"strategy":"-android uiautomator","selector":"new UiSelector().textMatches(\"(?is).*\\Qa=b c\\E.*\"...
14:01:00.357769 POST /session/50ef7a04-1fca-4a99-991c-a373c513603b/element [16.181875ms] ERR:404 body={"strategy":"-android uiautomator","selector":"new UiSelector().descriptionMatches(\"(?is).*\\Qa=b c...
14:01:00.366682 POST /session/50ef7a04-1fca-4a99-991c-a373c513603b/element [8.831709ms] ERR:404 body={"strategy":"-android uiautomator","selector":"new UiSelector().textContains(\"a=b c\")"}
14:01:00.381794 POST /session/50ef7a04-1fca-4a99-991c-a373c513603b/element [15.033916ms] ERR:404 body={"strategy":"-android uiautomator","selector":"new UiSelector().descriptionContains(\"a=b c\")"}
14:01:00.395628 POST /session/50ef7a04-1fca-4a99-991c-a373c513603b/element [13.753208ms] ERR:404 body={"strategy":"-android uiautomator","selector":"new UiSelector().textMatches(\"(?is).*\\Qa=b c\\E.*\"...
14:01:00.407716 POST /session/50ef7a04-1fca-4a99-991c-a373c513603b/element [12.020209ms] ERR:404 body={"strategy":"-android uiautomator","selector":"new UiSelector().descriptionMatches(\"(?is).*\\Qa=b c...
14:01:00.420342 POST /session/50ef7a04-1fca-4a99-991c-a373c513603b/element [12.560666ms] ERR:404 body={"strategy":"-android uiautomator","selector":"new UiSelector().textContains(\"a=b c\")"}
14:01:00.429390 POST /session/50ef7a04-1fca-4a99-991c-a373c513603b/element [9.001666ms] ERR:404 body={"strategy":"-android uiautomator","selector":"new UiSelector().descriptionContains(\"a=b c\")"}
14:01:00.446330 POST /session/50ef7a04-1fca-4a99-991c-a373c513603b/element [16.873875ms] ERR:404 body={"strategy":"-android uiautomator","selector":"new UiSelector().textMatches(\"(?is).*\\Qa=b c\\E.*\"...
14:01:00.486238 POST /session/50ef7a04-1fca-4a99-991c-a373c513603b/element [39.833167ms] ERR:404 body={"strategy":"-android uiautomator","selector":"new UiSelector().descriptionMatches(\"(?is).*\\Qa=b c...
14:01:00.512191 POST /session/50ef7a04-1fca-4a99-991c-a373c513603b/element [25.8955ms] ERR:404 body={"strategy":"-android uiautomator","selector":"new UiSelector().textContains(\"a=b c\")"}
14:01:00.525992 POST /session/50ef7a04-1fca-4a99-991c-a373c513603b/element [13.718208ms] ERR:404 body={"strategy":"-android uiautomator","selector":"new UiSelector().descriptionContains(\"a=b c\")"}
14:01:00.540443 POST /session/50ef7a04-1fca-4a99-991c-a373c513603b/element [14.368666ms] ERR:404 body={"strategy":"-android uiautomator","selector":"new UiSelector().textMatches(\"(?is).*\\Qa=b c\\E.*\"...
14:01:00.553687 POST /session/50ef7a04-1fca-4a99-991c-a373c513603b/element [13.17625ms] ERR:404 body={"strategy":"-android uiautomator","selector":"new UiSelector().descriptionMatches(\"(?is).*\\Qa=b c...
14:01:00.566147 POST /session/50ef7a04-1fca-4a99-991c-a373c513603b/element [12.405292ms] ERR:404 body={"strategy":"-android uiautomator","selector":"new UiSelector().textContains(\"a=b c\")"}
14:01:00.577971 POST /session/50ef7a04-1fca-4a99-991c-a373c513603b/element [11.755459ms] ERR:404 body={"strategy":"-android uiautomator","selector":"new UiSelector().descriptionContains(\"a=b c\")"}
14:01:00.593408 POST /session/50ef7a04-1fca-4a99-991c-a373c513603b/element [15.36775ms] ERR:404 body={"strategy":"-android uiautomator","selector":"new UiSelector().textMatches(\"(?is).*\\Qa=b c\\E.*\"...
14:01:00.604587 POST /session/50ef7a04-1fca-4a99-991c-a373c513603b/element [11.115625ms] ERR:404 body={"strategy":"-android uiautomator","selector":"new UiSelector().descriptionMatches(\"(?is).*\\Qa=b c...
14:01:00.616982 POST /session/50ef7a04-1fca-4a99-991c-a373c513603b/element [12.328375ms] ERR:404 body={"strategy":"-android uiautomator","selector":"new UiSelector().textContains(\"a=b c\")"}
14:01:00.629134 POST /session/50ef7a04-1fca-4a99-991c-a373c513603b/element [12.091875ms] ERR:404 body={"strategy":"-android uiautomator","selector":"new UiSelector().descriptionContains(\"a=b c\")"}
14:01:00.641220 POST /session/50ef7a04-1fca-4a99-991c-a373c513603b/element [12.024958ms] ERR:404 body={"strategy":"-android uiautomator","selector":"new UiSelector().textMatches(\"(?is).*\\Qa=b c\\E.*\"...
14:01:00.656442 POST /session/50ef7a04-1fca-4a99-991c-a373c513603b/element [15.161167ms] ERR:404 body={"strategy":"-android uiautomator","selector":"new UiSelector().descriptionMatches(\"(?is).*\\Qa=b c...
14:01:00.668857 POST /session/50ef7a04-1fca-4a99-991c-a373c513603b/element [12.3365ms] ERR:404 body={"strategy":"-android uiautomator","selector":"new UiSelector().textContains(\"a=b c\")"}
14:01:00.683428 POST /session/50ef7a04-1fca-4a99-991c-a373c513603b/element [14.507667ms] ERR:404 body={"strategy":"-android uiautomator","selector":"new UiSelector().descriptionContains(\"a=b c\")"}
14:01:00.696633 POST /session/50ef7a04-1fca-4a99-991c-a373c513603b/element [13.148791ms] ERR:404 body={"strategy":"-android uiautomator","selector":"new UiSelector().textMatches(\"(?is).*\\Qa=b c\\E.*\"...
14:01:00.709766 POST /session/50ef7a04-1fca-4a99-991c-a373c513603b/element [13.050042ms] ERR:404 body={"strategy":"-android uiautomator","selector":"new UiSelector().descriptionMatches(\"(?is).*\\Qa=b c...
14:01:00.721607 POST /session/50ef7a04-1fca-4a99-991c-a373c513603b/element [11.782ms] ERR:404 body={"strategy":"-android uiautomator","selector":"new UiSelector().textContains(\"a=b c\")"}
14:01:00.731908 POST /session/50ef7a04-1fca-4a99-991c-a373c513603b/element [9.846125ms] ERR:404 body={"strategy":"-android uiautomator","selector":"new UiSelector().descriptionContains(\"a=b c\")"}
14:01:00.745437 POST /session/50ef7a04-1fca-4a99-991c-a373c513603b/element [13.470292ms] ERR:404 body={"strategy":"-android uiautomator","selector":"new UiSelector().textMatches(\"(?is).*\\Qa=b c\\E.*\"...
14:01:00.757941 POST /session/50ef7a04-1fca-4a99-991c-a373c513603b/element [12.406166ms] ERR:404 body={"strategy":"-android uiautomator","selector":"new UiSelector().descriptionMatches(\"(?is).*\\Qa=b c...
14:01:00.771217 POST /session/50ef7a04-1fca-4a99-991c-a373c513603b/element [13.2115ms] ERR:404 body={"strategy":"-android uiautomator","selector":"new UiSelector().textContains(\"a=b c\")"}
14:01:00.783595 POST /session/50ef7a04-1fca-4a99-991c-a373c513603b/element [12.315459ms] ERR:404 body={"strategy":"-android uiautomator","selector":"new UiSelector().descriptionContains(\"a=b c\")"}
14:01:00.797487 POST /session/50ef7a04-1fca-4a99-991c-a373c513603b/element [13.828084ms] ERR:404 body={"strategy":"-android uiautomator","selector":"new UiSelector().textMatches(\"(?is).*\\Qa=b c\\E.*\"...
14:01:00.807949 POST /session/50ef7a04-1fca-4a99-991c-a373c513603b/element [10.407833ms] ERR:404 body={"strategy":"-android uiautomator","selector":"new UiSelector().descriptionMatches(\"(?is).*\\Qa=b c...
14:01:00.823739 POST /session/50ef7a04-1fca-4a99-991c-a373c513603b/element [15.722459ms] ERR:404 body={"strategy":"-android uiautomator","selector":"new UiSelector().textContains(\"a=b c\")"}
14:01:00.834768 POST /session/50ef7a04-1fca-4a99-991c-a373c513603b/element [10.961917ms] ERR:404 body={"strategy":"-android uiautomator","selector":"new UiSelector().descriptionContains(\"a=b c\")"}
14:01:00.851962 POST /session/50ef7a04-1fca-4a99-991c-a373c513603b/element [17.122792ms] ERR:404 body={"strategy":"-android uiautomator","selector":"new UiSelector().textMatches(\"(?is).*\\Qa=b c\\E.*\"...
14:01:00.866222 POST /session/50ef7a04-1fca-4a99-991c-a373c513603b/element [14.195083ms] ERR:404 body={"strategy":"-android uiautomator","selector":"new UiSelector().descriptionMatches(\"(?is).*\\Qa=b c...
14:01:00.877037 POST /session/50ef7a04-1fca-4a99-991c-a373c513603b/element [10.758292ms] ERR:404 body={"strategy":"-android uiautomator","selector":"new UiSelector().textContains(\"a=b c\")"}
14:01:00.888784 POST /session/50ef7a04-1fca-4a99-991c-a373c513603b/element [11.680084ms] ERR:404 body={"strategy":"-android uiautomator","selector":"new UiSelector().descriptionContains(\"a=b c\")"}
14:01:00.902359 POST /session/50ef7a04-1fca-4a99-991c-a373c513603b/element [13.510292ms] ERR:404 body={"strategy":"-android uiautomator","selector":"new UiSelector().textMatches(\"(?is).*\\Qa=b c\\E.*\"...
14:01:00.922129 POST /session/50ef7a04-1fca-4a99-991c-a373c513603b/element [19.696458ms] ERR:404 body={"strategy":"-android uiautomator","selector":"new UiSelector().descriptionMatches(\"(?is).*\\Qa=b c...
14:01:00.935102 POST /session/50ef7a04-1fca-4a99-991c-a373c513603b/element [12.903125ms] ERR:404 body={"strategy":"-android uiautomator","selector":"new UiSelector().textContains(\"a=b c\")"}
14:01:00.944186 POST /session/50ef7a04-1fca-4a99-991c-a373c513603b/element [9.002375ms] ERR:404 body={"strategy":"-android uiautomator","selector":"new UiSelector().descriptionContains(\"a=b c\")"}
14:01:00.959572 POST /session/50ef7a04-1fca-4a99-991c-a373c513603b/element [15.314208ms] ERR:404 body={"strategy":"-android uiautomator","selector":"new UiSelector().textMatches(\"(?is).*\\Qa=b c\\E.*\"...
14:01:00.978127 POST /session/50ef7a04-1fca-4a99-991c-a373c513603b/element [18.497292ms] ERR:404 body={"strategy":"-android uiautomator","selector":"new UiSelector().descriptionMatches(\"(?is).*\\Qa=b c...
14:01:00.985026 POST /session/50ef7a04-1fca-4a99-991c-a373c513603b/element [6.838083ms] ERR:404 body={"strategy":"-android uiautomator","selector":"new UiSelector().textContains(\"a=b c\")"}
14:01:01.003363 POST /session/50ef7a04-1fca-4a99-991c-a373c513603b/element [18.2745ms] ERR:404 body={"strategy":"-android uiautomator","selector":"new UiSelector().descriptionContains(\"a=b c\")"}
14:01:01.015246 POST /session/50ef7a04-1fca-4a99-991c-a373c513603b/element [11.823541ms] ERR:404 body={"strategy":"-android uiautomator","selector":"new UiSelector().textMatches(\"(?is).*\\Qa=b c\\E.*\"...
14:01:01.030176 POST /session/50ef7a04-1fca-4a99-991c-a373c513603b/element [14.827458ms] ERR:404 body={"strategy":"-android uiautomator","selector":"new UiSelector().descriptionMatches(\"(?is).*\\Qa=b c...
14:01:01.042386 POST /session/50ef7a04-1fca-4a99-991c-a373c513603b/element [12.157791ms] ERR:404 body={"strategy":"-android uiautomator","selector":"new UiSelector().textContains(\"a=b c\")"}
14:01:01.056146 POST /session/50ef7a04-1fca-4a99-991c-a373c513603b/element [13.686792ms] ERR:404 body={"strategy":"-android uiautomator","selector":"new UiSelector().descriptionContains(\"a=b c\")"}
14:01:01.068774 POST /session/50ef7a04-1fca-4a99-991c-a373c513603b/element [12.568375ms] ERR:404 body={"strategy":"-android uiautomator","selector":"new UiSelector().textMatches(\"(?is).*\\Qa=b c\\E.*\"...
14:01:01.080562 POST /session/50ef7a04-1fca-4a99-991c-a373c513603b/element [11.731416ms] ERR:404 body={"strategy":"-android uiautomator","selector":"new UiSelector().descriptionMatches(\"(?is).*\\Qa=b c...
14:01:01.091361 POST /session/50ef7a04-1fca-4a99-991c-a373c513603b/element [10.735666ms] ERR:404 body={"strategy":"-android uiautomator","selector":"new UiSelector().textContains(\"a=b c\")"}
14:01:01.103185 POST /session/50ef7a04-1fca-4a99-991c-a373c513603b/element [11.769209ms] ERR:404 body={"strategy":"-android uiautomator","selector":"new UiSelector().descriptionContains(\"a=b c\")"}
14:01:01.115057 POST /session/50ef7a04-1fca-4a99-991c-a373c513603b/element [11.804ms] ERR:404 body={"strategy":"-android uiautomator","selector":"new UiSelector().textMatches(\"(?is).*\\Qa=b c\\E.*\"...
14:01:01.133410 POST /session/50ef7a04-1fca-4a99-991c-a373c513603b/element [18.292708ms] ERR:404 body={"strategy":"-android uiautomator","selector":"new UiSelector().descriptionMatches(\"(?is).*\\Qa=b c...
14:01:01.146935 POST /session/50ef7a04-1fca-4a99-991c-a373c513603b/element [13.455083ms] ERR:404 body={"strategy":"-android uiautomator","selector":"new UiSelector().textContains(\"a=b c\")"}
14:01:01.158961 POST /session/50ef7a04-1fca-4a99-991c-a373c513603b/element [11.96825ms] ERR:404 body={"strategy":"-android uiautomator","selector":"new UiSelector().descriptionContains(\"a=b c\")"}
14:01:01.169912 POST /session/50ef7a04-1fca-4a99-991c-a373c513603b/element [10.894833ms] ERR:404 body={"strategy":"-android uiautomator","selector":"new UiSelector().textMatches(\"(?is).*\\Qa=b c\\E.*\"...
14:01:01.181192 POST /session/50ef7a04-1fca-4a99-991c-a373c513603b/element [11.241375ms] ERR:404 body={"strategy":"-android uiautomator","selector":"new UiSelector().descriptionMatches(\"(?is).*\\Qa=b c...
14:01:01.193544 POST /session/50ef7a04-1fca-4a99-991c-a373c513603b/element [12.311833ms] ERR:404 body={"strategy":"-android uiautomator","selector":"new UiSelector().textContains(\"a=b c\")"}
14:01:01.203810 POST /session/50ef7a04-1fca-4a99-991c-a373c513603b/element [10.206875ms] ERR:404 body={"strategy":"-android uiautomator","selector":"new UiSelector().descriptionContains(\"a=b c\")"}
14:01:01.216289 POST /session/50ef7a04-1fca-4a99-991c-a373c513603b/element [12.412667ms] ERR:404 body={"strategy":"-android uiautomator","selector":"new UiSelector().textMatches(\"(?is).*\\Qa=b c\\E.*\"...
14:01:01.229621 POST /session/50ef7a04-1fca-4a99-991c-a373c513603b/element [13.280708ms] ERR:404 body={"strategy":"-android uiautomator","selector":"new UiSelector().descriptionMatches(\"(?is).*\\Qa=b c...
14:01:01.241294 POST /session/50ef7a04-1fca-4a99-991c-a373c513603b/element [11.615792ms] ERR:404 body={"strategy":"-android uiautomator","selector":"new UiSelector().textContains(\"a=b c\")"}
14:01:01.254862 POST /session/50ef7a04-1fca-4a99-991c-a373c513603b/element [13.51ms] ERR:404 body={"strategy":"-android uiautomator","selector":"new UiSelector().descriptionContains(\"a=b c\")"}
14:01:01.266548 POST /session/50ef7a04-1fca-4a99-991c-a373c513603b/element [11.624167ms] ERR:404 body={"strategy":"-android uiautomator","selector":"new UiSelector().textMatches(\"(?is).*\\Qa=b c\\E.*\"...
14:01:01.275289 POST /session/50ef7a04-1fca-4a99-991c-a373c513603b/element [8.688042ms] ERR:404 body={"strategy":"-android uiautomator","selector":"new UiSelector().descriptionMatches(\"(?is).*\\Qa=b c...
14:01:01.285253 POST /session/50ef7a04-1fca-4a99-991c-a373c513603b/element [9.907916ms] ERR:404 body={"strategy":"-android uiautomator","selector":"new UiSelector().textContains(\"a=b c\")"}
14:01:01.296167 POST /session/50ef7a04-1fca-4a99-991c-a373c513603b/element [10.8565ms] ERR:404 body={"strategy":"-android uiautomator","selector":"new UiSelector().descriptionContains(\"a=b c\")"}
14:01:01.307445 POST /session/50ef7a04-1fca-4a99-991c-a373c513603b/element [11.220834ms] ERR:404 body={"strategy":"-android uiautomator","selector":"new UiSelector().textMatches(\"(?is).*\\Qa=b c\\E.*\"...
14:01:01.318720 POST /session/50ef7a04-1fca-4a99-991c-a373c513603b/element [11.22275ms] ERR:404 body={"strategy":"-android uiautomator","selector":"new UiSelector().descriptionMatches(\"(?is).*\\Qa=b c...
14:01:01.329138 POST /session/50ef7a04-1fca-4a99-991c-a373c513603b/element [10.365959ms] ERR:404 body={"strategy":"-android uiautomator","selector":"new UiSelector().textContains(\"a=b c\")"}
14:01:01.341586 POST /session/50ef7a04-1fca-4a99-991c-a373c513603b/element [12.395042ms] ERR:404 body={"strategy":"-android uiautomator","selector":"new UiSelector().descriptionContains(\"a=b c\")"}
14:01:01.352915 POST /session/50ef7a04-1fca-4a99-991c-a373c513603b/element [11.275208ms] ERR:404 body={"strategy":"-android uiautomator","selector":"new UiSelector().textMatches(\"(?is).*\\Qa=b c\\E.*\"...
14:01:01.364359 POST /session/50ef7a04-1fca-4a99-991c-a373c513603b/element [11.391542ms] ERR:404 body={"strategy":"-android uiautomator","selector":"new UiSelector().descriptionMatches(\"(?is).*\\Qa=b c...
14:01:01.377436 POST /session/50ef7a04-1fca-4a99-991c-a373c513603b/element [13.010292ms] ERR:404 body={"strategy":"-android uiautomator","selector":"new UiSelector().textContains(\"a=b c\")"}
14:01:01.389706 POST /session/50ef7a04-1fca-4a99-991c-a373c513603b/element [12.19675ms] ERR:404 body={"strategy":"-android uiautomator","selector":"new UiSelector().descriptionContains(\"a=b c\")"}
14:01:01.401429 POST /session/50ef7a04-1fca-4a99-991c-a373c513603b/element [11.663208ms] ERR:404 body={"strategy":"-android uiautomator","selector":"new UiSelector().textMatches(\"(?is).*\\Qa=b c\\E.*\"...
14:01:01.414335 POST /session/50ef7a04-1fca-4a99-991c-a373c513603b/element [12.844125ms] ERR:404 body={"strategy":"-android uiautomator","selector":"new UiSelector().descriptionMatches(\"(?is).*\\Qa=b c...
14:01:01.427434 POST /session/50ef7a04-1fca-4a99-991c-a373c513603b/element [12.928541ms] ERR:404 body={"strategy":"-android uiautomator","selector":"new UiSelector().textContains(\"a=b c\")"}
14:01:01.438580 POST /session/50ef7a04-1fca-4a99-991c-a373c513603b/element [11.069875ms] ERR:404 body={"strategy":"-android uiautomator","selector":"new UiSelector().descriptionContains(\"a=b c\")"}
14:01:01.450723 POST /session/50ef7a04-1fca-4a99-991c-a373c513603b/element [12.082833ms] ERR:404 body={"strategy":"-android uiautomator","selector":"new UiSelector().textMatches(\"(?is).*\\Qa=b c\\E.*\"...
14:01:01.465920 POST /session/50ef7a04-1fca-4a99-991c-a373c513603b/element [15.139333ms] ERR:404 body={"strategy":"-android uiautomator","selector":"new UiSelector().descriptionMatches(\"(?is).*\\Qa=b c...
14:01:01.480240 POST /session/50ef7a04-1fca-4a99-991c-a373c513603b/element [14.258041ms] ERR:404 body={"strategy":"-android uiautomator","selector":"new UiSelector().textContains(\"a=b c\")"}
14:01:01.492943 POST /session/50ef7a04-1fca-4a99-991c-a373c513603b/element [12.65625ms] ERR:404 body={"strategy":"-android uiautomator","selector":"new UiSelector().descriptionContains(\"a=b c\")"}
14:01:01.505587 POST /session/50ef7a04-1fca-4a99-991c-a373c513603b/element [12.584625ms] ERR:404 body={"strategy":"-android uiautomator","selector":"new UiSelector().textMatches(\"(?is).*\\Qa=b c\\E.*\"...
14:01:01.518103 POST /session/50ef7a04-1fca-4a99-991c-a373c513603b/element [12.462125ms] ERR:404 body={"strategy":"-android uiautomator","selector":"new UiSelector().descriptionMatches(\"(?is).*\\Qa=b c...
14:01:01.529853 POST /session/50ef7a04-1fca-4a99-991c-a373c513603b/element [11.701041ms] ERR:404 body={"strategy":"-android uiautomator","selector":"new UiSelector().textContains(\"a=b c\")"}
14:01:01.542954 POST /session/50ef7a04-1fca-4a99-991c-a373c513603b/element [13.051ms] ERR:404 body={"strategy":"-android uiautomator","selector":"new UiSelector().descriptionContains(\"a=b c\")"}
14:01:01.557128 POST /session/50ef7a04-1fca-4a99-991c-a373c513603b/element [14.112459ms] ERR:404 body={"strategy":"-android uiautomator","selector":"new UiSelector().textMatches(\"(?is).*\\Qa=b c\\E.*\"...
14:01:01.568950 POST /session/50ef7a04-1fca-4a99-991c-a373c513603b/element [11.753375ms] ERR:404 body={"strategy":"-android uiautomator","selector":"new UiSelector().descriptionMatches(\"(?is).*\\Qa=b c...
14:01:01.579706 POST /session/50ef7a04-1fca-4a99-991c-a373c513603b/element [10.696625ms] ERR:404 body={"strategy":"-android uiautomator","selector":"new UiSelector().textContains(\"a=b c\")"}
14:01:01.588946 POST /session/50ef7a04-1fca-4a99-991c-a373c513603b/element [9.185666ms] ERR:404 body={"strategy":"-android uiautomator","selector":"new UiSelector().descriptionContains(\"a=b c\")"}
14:01:01.600219 POST /session/50ef7a04-1fca-4a99-991c-a373c513603b/element [11.217667ms] ERR:404 body={"strategy":"-android uiautomator","selector":"new UiSelector().textMatches(\"(?is).*\\Qa=b c\\E.*\"...
14:01:01.613054 POST /session/50ef7a04-1fca-4a99-991c-a373c513603b/element [12.774292ms] ERR:404 body={"strategy":"-android uiautomator","selector":"new UiSelector().descriptionMatches(\"(?is).*\\Qa=b c...
14:01:01.623398 POST /session/50ef7a04-1fca-4a99-991c-a373c513603b/element [10.292125ms] ERR:404 body={"strategy":"-android uiautomator","selector":"new UiSelector().textContains(\"a=b c\")"}
14:01:01.631910 POST /session/50ef7a04-1fca-4a99-991c-a373c513603b/element [8.45225ms] ERR:404 body={"strategy":"-android uiautomator","selector":"new UiSelector().descriptionContains(\"a=b c\")"}
14:01:01.642764 POST /session/50ef7a04-1fca-4a99-991c-a373c513603b/element [10.803709ms] ERR:404 body={"strategy":"-android uiautomator","selector":"new UiSelector().textMatches(\"(?is).*\\Qa=b c\\E.*\"...
14:01:01.653663 POST /session/50ef7a04-1fca-4a99-991c-a373c513603b/element [10.844625ms] ERR:404 body={"strategy":"-android uiautomator","selector":"new UiSelector().descriptionMatches(\"(?is).*\\Qa=b c...
14:01:01.670666 POST /session/50ef7a04-1fca-4a99-991c-a373c513603b/element [16.948833ms] ERR:404 body={"strategy":"-android uiautomator","selector":"new UiSelector().textContains(\"a=b c\")"}
14:01:01.683505 POST /session/50ef7a04-1fca-4a99-991c-a373c513603b/element [12.754667ms] ERR:404 body={"strategy":"-android uiautomator","selector":"new UiSelector().descriptionContains(\"a=b c\")"}
14:01:01.696498 POST /session/50ef7a04-1fca-4a99-991c-a373c513603b/element [12.923708ms] ERR:404 body={"strategy":"-android uiautomator","selector":"new UiSelector().textMatches(\"(?is).*\\Qa=b c\\E.*\"...
14:01:01.707395 POST /session/50ef7a04-1fca-4a99-991c-a373c513603b/element [10.835042ms] ERR:404 body={"strategy":"-android uiautomator","selector":"new UiSelector().descriptionMatches(\"(?is).*\\Qa=b c...
14:01:01.718534 POST /session/50ef7a04-1fca-4a99-991c-a373c513603b/element [11.07875ms] ERR:404 body={"strategy":"-android uiautomator","selector":"new UiSelector().textContains(\"a=b c\")"}
14:01:01.729262 POST /session/50ef7a04-1fca-4a99-991c-a373c513603b/element [10.671834ms] ERR:404 body={"strategy":"-android uiautomator","selector":"new UiSelector().descriptionContains(\"a=b c\")"}
14:01:01.740028 POST /session/50ef7a04-1fca-4a99-991c-a373c513603b/element [10.7115ms] ERR:404 body={"strategy":"-android uiautomator","selector":"new UiSelector().textMatches(\"(?is).*\\Qa=b c\\E.*\"...
14:01:01.751741 POST /session/50ef7a04-1fca-4a99-991c-a373c513603b/element [11.643792ms] ERR:404 body={"strategy":"-android uiautomator","selector":"new UiSelector().descriptionMatches(\"(?is).*\\Qa=b c...
14:01:01.763106 POST /session/50ef7a04-1fca-4a99-991c-a373c513603b/element [11.23375ms] ERR:404 body={"strategy":"-android uiautomator","selector":"new UiSelector().textContains(\"a=b c\")"}
14:01:01.775021 POST /session/50ef7a04-1fca-4a99-991c-a373c513603b/element [11.84525ms] ERR:404 body={"strategy":"-android uiautomator","selector":"new UiSelector().descriptionContains(\"a=b c\")"}
14:01:01.786871 POST /session/50ef7a04-1fca-4a99-991c-a373c513603b/element [11.7945ms] ERR:404 body={"strategy":"-android uiautomator","selector":"new UiSelector().textMatches(\"(?is).*\\Qa=b c\\E.*\"...
14:01:01.800344 POST /session/50ef7a04-1fca-4a99-991c-a373c513603b/element [13.410167ms] ERR:404 body={"strategy":"-android uiautomator","selector":"new UiSelector().descriptionMatches(\"(?is).*\\Qa=b c...
14:01:01.811292 POST /session/50ef7a04-1fca-4a99-991c-a373c513603b/element [10.876292ms] ERR:404 body={"strategy":"-android uiautomator","selector":"new UiSelector().textContains(\"a=b c\")"}
14:01:01.823523 POST /session/50ef7a04-1fca-4a99-991c-a373c513603b/element [12.174833ms] ERR:404 body={"strategy":"-android uiautomator","selector":"new UiSelector().descriptionContains(\"a=b c\")"}
14:01:01.836092 POST /session/50ef7a04-1fca-4a99-991c-a373c513603b/element [12.511084ms] ERR:404 body={"strategy":"-android uiautomator","selector":"new UiSelector().textMatches(\"(?is).*\\Qa=b c\\E.*\"...
14:01:01.846928 POST /session/50ef7a04-1fca-4a99-991c-a373c513603b/element [10.771958ms] ERR:404 body={"strategy":"-android uiautomator","selector":"new UiSelector().descriptionMatches(\"(?is).*\\Qa=b c...
14:01:01.857962 POST /session/50ef7a04-1fca-4a99-991c-a373c513603b/element [10.972708ms] ERR:404 body={"strategy":"-android uiautomator","selector":"new UiSelector().textContains(\"a=b c\")"}
14:01:01.874579 POST /session/50ef7a04-1fca-4a99-991c-a373c513603b/element [16.544625ms] ERR:404 body={"strategy":"-android uiautomator","selector":"new UiSelector().descriptionContains(\"a=b c\")"}
14:01:01.884995 POST /session/50ef7a04-1fca-4a99-991c-a373c513603b/element [10.347667ms] ERR:404 body={"strategy":"-android uiautomator","selector":"new UiSelector().textMatches(\"(?is).*\\Qa=b c\\E.*\"...
14:01:01.897798 POST /session/50ef7a04-1fca-4a99-991c-a373c513603b/element [12.742916ms] ERR:404 body={"strategy":"-android uiautomator","selector":"new UiSelector().descriptionMatches(\"(?is).*\\Qa=b c...
14:01:01.908334 POST /session/50ef7a04-1fca-4a99-991c-a373c513603b/element [10.469458ms] ERR:404 body={"strategy":"-android uiautomator","selector":"new UiSelector().textContains(\"a=b c\")"}
14:01:01.919221 POST /session/50ef7a04-1fca-4a99-991c-a373c513603b/element [10.825792ms] ERR:404 body={"strategy":"-android uiautomator","selector":"new UiSelector().descriptionContains(\"a=b c\")"}
14:01:01.930338 POST /session/50ef7a04-1fca-4a99-991c-a373c513603b/element [11.062417ms] ERR:404 body={"strategy":"-android uiautomator","selector":"new UiSelector().textMatches(\"(?is).*\\Qa=b c\\E.*\"...
14:01:01.941418 POST /session/50ef7a04-1fca-4a99-991c-a373c513603b/element [11.019584ms] ERR:404 body={"strategy":"-android uiautomator","selector":"new UiSelector().descriptionMatches(\"(?is).*\\Qa=b c...
14:01:01.951605 POST /session/50ef7a04-1fca-4a99-991c-a373c513603b/element [10.128417ms] ERR:404 body={"strategy":"-android uiautomator","selector":"new UiSelector().textContains(\"a=b c\")"}
14:01:01.967074 POST /session/50ef7a04-1fca-4a99-991c-a373c513603b/element [15.398959ms] ERR:404 body={"strategy":"-android uiautomator","selector":"new UiSelector().descriptionContains(\"a=b c\")"}
14:01:01.980299 POST /session/50ef7a04-1fca-4a99-991c-a373c513603b/element [13.159958ms] ERR:404 body={"strategy":"-android uiautomator","selector":"new UiSelector().textMatches(\"(?is).*\\Qa=b c\\E.*\"...
14:01:01.991446 POST /session/50ef7a04-1fca-4a99-991c-a373c513603b/element [11.084ms] ERR:404 body={"strategy":"-android uiautomator","selector":"new UiSelector().descriptionMatches(\"(?is).*\\Qa=b c...
14:01:01.998119 POST /session/50ef7a04-1fca-4a99-991c-a373c513603b/element [6.616083ms] ERR:404 body={"strategy":"-android uiautomator","selector":"new UiSelector().textContains(\"a=b c\")"}
14:01:02.008596 POST /session/50ef7a04-1fca-4a99-991c-a373c513603b/element [10.420167ms] ERR:404 body={"strategy":"-android uiautomator","selector":"new UiSelector().descriptionContains(\"a=b c\")"}
14:01:02.021237 POST /session/50ef7a04-1fca-4a99-991c-a373c513603b/element [12.573292ms] ERR:404 body={"strategy":"-android uiautomator","selector":"new UiSelector().textMatches(\"(?is).*\\Qa=b c\\E.*\"...
14:01:02.034002 POST /session/50ef7a04-1fca-4a99-991c-a373c513603b/element [12.701667ms] ERR:404 body={"strategy":"-android uiautomator","selector":"new UiSelector().descriptionMatches(\"(?is).*\\Qa=b c...
14:01:02.047419 POST /session/50ef7a04-1fca-4a99-991c-a373c513603b/element [13.363708ms] ERR:404 body={"strategy":"-android uiautomator","selector":"new UiSelector().textContains(\"a=b c\")"}
14:01:02.057457 POST /session/50ef7a04-1fca-4a99-991c-a373c513603b/element [9.986958ms] ERR:404 body={"strategy":"-android uiautomator","selector":"new UiSelector().descriptionContains(\"a=b c\")"}
14:01:02.068480 POST /session/50ef7a04-1fca-4a99-991c-a373c513603b/element [10.966542ms] ERR:404 body={"strategy":"-android uiautomator","selector":"new UiSelector().textMatches(\"(?is).*\\Qa=b c\\E.*\"...
14:01:02.078324 POST /session/50ef7a04-1fca-4a99-991c-a373c513603b/element [9.777042ms] ERR:404 body={"strategy":"-android uiautomator","selector":"new UiSelector().descriptionMatches(\"(?is).*\\Qa=b c...
14:01:02.091208 POST /session/50ef7a04-1fca-4a99-991c-a373c513603b/element [12.830625ms] ERR:404 body={"strategy":"-android uiautomator","selector":"new UiSelector().textContains(\"a=b c\")"}
14:01:02.101779 POST /session/50ef7a04-1fca-4a99-991c-a373c513603b/element [10.511875ms] ERR:404 body={"strategy":"-android uiautomator","selector":"new UiSelector().descriptionContains(\"a=b c\")"}
14:01:02.114761 POST /session/50ef7a04-1fca-4a99-991c-a373c513603b/element [12.922375ms] ERR:404 body={"strategy":"-android uiautomator","selector":"new UiSelector().textMatches(\"(?is).*\\Qa=b c\\E.*\"...
14:01:02.127164 POST /session/50ef7a04-1fca-4a99-991c-a373c513603b/element [11.993125ms] ERR:404 body={"strategy":"-android uiautomator","selector":"new UiSelector().descriptionMatches(\"(?is).*\\Qa=b c...
14:01:02.136923 POST /session/50ef7a04-1fca-4a99-991c-a373c513603b/element [9.70475ms] ERR:404 body={"strategy":"-android uiautomator","selector":"new UiSelector().textContains(\"a=b c\")"}
14:01:02.151197 POST /session/50ef7a04-1fca-4a99-991c-a373c513603b/element [14.21425ms] ERR:404 body={"strategy":"-android uiautomator","selector":"new UiSelector().descriptionContains(\"a=b c\")"}
14:01:02.161335 POST /session/50ef7a04-1fca-4a99-991c-a373c513603b/element [10.079625ms] ERR:404 body={"strategy":"-android uiautomator","selector":"new UiSelector().textMatches(\"(?is).*\\Qa=b c\\E.*\"...
14:01:02.175264 POST /session/50ef7a04-1fca-4a99-991c-a373c513603b/element [13.876292ms] ERR:404 body={"strategy":"-android uiautomator","selector":"new UiSelector().descriptionMatches(\"(?is).*\\Qa=b c...
14:01:02.187321 POST /session/50ef7a04-1fca-4a99-991c-a373c513603b/element [11.992834ms] ERR:404 body={"strategy":"-android uiautomator","selector":"new UiSelector().textContains(\"a=b c\")"}
14:01:02.198031 POST /session/50ef7a04-1fca-4a99-991c-a373c513603b/element [10.653417ms] ERR:404 body={"strategy":"-android uiautomator","selector":"new UiSelector().descriptionContains(\"a=b c\")"}
14:01:02.208505 POST /session/50ef7a04-1fca-4a99-991c-a373c513603b/element [10.405541ms] ERR:404 body={"strategy":"-android uiautomator","selector":"new UiSelector().textMatches(\"(?is).*\\Qa=b c\\E.*\"...
14:01:02.219077 POST /session/50ef7a04-1fca-4a99-991c-a373c513603b/element [10.514167ms] ERR:404 body={"strategy":"-android uiautomator","selector":"new UiSelector().descriptionMatches(\"(?is).*\\Qa=b c...
14:01:02.229044 POST /session/50ef7a04-1fca-4a99-991c-a373c513603b/element [9.914625ms] ERR:404 body={"strategy":"-android uiautomator","selector":"new UiSelector().textContains(\"a=b c\")"}
14:01:02.237828 POST /session/50ef7a04-1fca-4a99-991c-a373c513603b/element [8.724667ms] ERR:404 body={"strategy":"-android uiautomator","selector":"new UiSelector().descriptionContains(\"a=b c\")"}
14:01:02.246528 POST /session/50ef7a04-1fca-4a99-991c-a373c513603b/element [8.646083ms] ERR:404 body={"strategy":"-android uiautomator","selector":"new UiSelector().textMatches(\"(?is).*\\Qa=b c\\E.*\"...
14:01:02.256458 POST /session/50ef7a04-1fca-4a99-991c-a373c513603b/element [9.8735ms] ERR:404 body={"strategy":"-android uiautomator","selector":"new UiSelector().descriptionMatches(\"(?is).*\\Qa=b c...
14:01:02.267106 POST /session/50ef7a04-1fca-4a99-991c-a373c513603b/element [10.593333ms] ERR:404 body={"strategy":"-android uiautomator","selector":"new UiSelector().textContains(\"a=b c\")"}
14:01:02.281815 POST /session/50ef7a04-1fca-4a99-991c-a373c513603b/element [14.6495ms] ERR:404 body={"strategy":"-android uiautomator","selector":"new UiSelector().descriptionContains(\"a=b c\")"}
14:01:02.292203 POST /session/50ef7a04-1fca-4a99-991c-a373c513603b/element [10.330875ms] ERR:404 body={"strategy":"-android uiautomator","selector":"new UiSelector().textMatches(\"(?is).*\\Qa=b c\\E.*\"...
14:01:02.302571 POST /session/50ef7a04-1fca-4a99-991c-a373c513603b/element [10.307416ms] ERR:404 body={"strategy":"-android uiautomator","selector":"new UiSelector().descriptionMatches(\"(?is).*\\Qa=b c...
14:01:02.313590 POST /session/50ef7a04-1fca-4a99-991c-a373c513603b/element [10.962ms] ERR:404 body={"strategy":"-android uiautomator","selector":"new UiSelector().textContains(\"a=b c\")"}
14:01:02.322479 POST /session/50ef7a04-1fca-4a99-991c-a373c513603b/element [8.829917ms] ERR:404 body={"strategy":"-android uiautomator","selector":"new UiSelector().descriptionContains(\"a=b c\")"}
14:01:02.333355 POST /session/50ef7a04-1fca-4a99-991c-a373c513603b/element [10.821625ms] ERR:404 body={"strategy":"-android uiautomator","selector":"new UiSelector().textMatches(\"(?is).*\\Qa=b c\\E.*\"...
14:01:02.343351 POST /session/50ef7a04-1fca-4a99-991c-a373c513603b/element [9.9375ms] ERR:404 body={"strategy":"-android uiautomator","selector":"new UiSelector().descriptionMatches(\"(?is).*\\Qa=b c...
14:01:02.353829 POST /session/50ef7a04-1fca-4a99-991c-a373c513603b/element [10.417666ms] ERR:404 body={"strategy":"-android uiautomator","selector":"new UiSelector().textContains(\"a=b c\")"}
14:01:02.368429 POST /session/50ef7a04-1fca-4a99-991c-a373c513603b/element [14.52325ms] ERR:404 body={"strategy":"-android uiautomator","selector":"new UiSelector().descriptionContains(\"a=b c\")"}
14:01:02.380485 POST /session/50ef7a04-1fca-4a99-991c-a373c513603b/element [11.982459ms] ERR:404 body={"strategy":"-android uiautomator","selector":"new UiSelector().textMatches(\"(?is).*\\Qa=b c\\E.*\"...
14:01:02.397258 POST /session/50ef7a04-1fca-4a99-991c-a373c513603b/element [16.701709ms] ERR:404 body={"strategy":"-android uiautomator","selector":"new UiSelector().descriptionMatches(\"(?is).*\\Qa=b c...
14:01:02.409993 POST /session/50ef7a04-1fca-4a99-991c-a373c513603b/element [12.672875ms] ERR:404 body={"strategy":"-android uiautomator","selector":"new UiSelector().textContains(\"a=b c\")"}
14:01:02.423628 POST /session/50ef7a04-1fca-4a99-991c-a373c513603b/element [13.548458ms] ERR:404 body={"strategy":"-android uiautomator","selector":"new UiSelector().descriptionContains(\"a=b c\")"}
14:01:02.433959 POST /session/50ef7a04-1fca-4a99-991c-a373c513603b/element [10.263708ms] ERR:404 body={"strategy":"-android uiautomator","selector":"new UiSelector().textMatches(\"(?is).*\\Qa=b c\\E.*\"...
14:01:02.447512 POST /session/50ef7a04-1fca-4a99-991c-a373c513603b/element [13.490417ms] ERR:404 body={"strategy":"-android uiautomator","selector":"new UiSelector().descriptionMatches(\"(?is).*\\Qa=b c...
14:01:02.454774 POST /session/50ef7a04-1fca-4a99-991c-a373c513603b/element [7.202375ms] ERR:404 body={"strategy":"-android uiautomator","selector":"new UiSelector().textContains(\"a=b c\")"}
14:01:02.462817 POST /session/50ef7a04-1fca-4a99-991c-a373c513603b/element [7.967ms] ERR:404 body={"strategy":"-android uiautomator","selector":"new UiSelector().descriptionContains(\"a=b c\")"}
14:01:02.484121 POST /session/50ef7a04-1fca-4a99-991c-a373c513603b/element [21.236834ms] ERR:404 body={"strategy":"-android uiautomator","selector":"new UiSelector().textMatches(\"(?is).*\\Qa=b c\\E.*\"...
14:01:02.498185 POST /session/50ef7a04-1fca-4a99-991c-a373c513603b/element [14.002125ms] ERR:404 body={"strategy":"-android uiautomator","selector":"new UiSelector().descriptionMatches(\"(?is).*\\Qa=b c...
14:01:02.510898 POST /session/50ef7a04-1fca-4a99-991c-a373c513603b/element [12.652459ms] ERR:404 body={"strategy":"-android uiautomator","selector":"new UiSelector().textContains(\"a=b c\")"}
14:01:02.522027 POST /session/50ef7a04-1fca-4a99-991c-a373c513603b/element [11.073209ms] ERR:404 body={"strategy":"-android uiautomator","selector":"new UiSelector().descriptionContains(\"a=b c\")"}
14:01:02.534744 POST /session/50ef7a04-1fca-4a99-991c-a373c513603b/element [12.660083ms] ERR:404 body={"strategy":"-android uiautomator","selector":"new UiSelector().textMatches(\"(?is).*\\Qa=b c\\E.*\"...
14:01:02.546390 POST /session/50ef7a04-1fca-4a99-991c-a373c513603b/element [11.495875ms] ERR:404 body={"strategy":"-android uiautomator","selector":"new UiSelector().descriptionMatches(\"(?is).*\\Qa=b c...
14:01:02.560597 POST /session/50ef7a04-1fca-4a99-991c-a373c513603b/element [14.128959ms] ERR:404 body={"strategy":"-android uiautomator","selector":"new UiSelector().textContains(\"a=b c\")"}
14:01:02.573341 POST /session/50ef7a04-1fca-4a99-991c-a373c513603b/element [12.666167ms] ERR:404 body={"strategy":"-android uiautomator","selector":"new UiSelector().descriptionContains(\"a=b c\")"}
14:01:02.583916 POST /session/50ef7a04-1fca-4a99-991c-a373c513603b/element [10.499666ms] ERR:404 body={"strategy":"-android uiautomator","selector":"new UiSelector().textMatches(\"(?is).*\\Qa=b c\\E.*\"...
14:01:02.599486 POST /session/50ef7a04-1fca-4a99-991c-a373c513603b/element [15.506959ms] ERR:404 body={"strategy":"-android uiautomator","selector":"new UiSelector().descriptionMatches(\"(?is).*\\Qa=b c...
14:01:02.609983 POST /session/50ef7a04-1fca-4a99-991c-a373c513603b/element [10.437583ms] ERR:404 body={"strategy":"-android uiautomator","selector":"new UiSelector().textContains(\"a=b c\")"}
14:01:02.622093 POST /session/50ef7a04-1fca-4a99-991c-a373c513603b/element [12.057125ms] ERR:404 body={"strategy":"-android uiautomator","selector":"new UiSelector().descriptionContains(\"a=b c\")"}
14:01:02.633203 POST /session/50ef7a04-1fca-4a99-991c-a373c513603b/element [11.057625ms] ERR:404 body={"strategy":"-android uiautomator","selector":"new UiSelector().textMatches(\"(?is).*\\Qa=b c\\E.*\"...
14:01:02.646947 POST /session/50ef7a04-1fca-4a99-991c-a373c513603b/element [13.686958ms] ERR:404 body={"strategy":"-android uiautomator","selector":"new UiSelector().descriptionMatches(\"(?is).*\\Qa=b c...
14:01:02.659426 POST /session/50ef7a04-1fca-4a99-991c-a373c513603b/element [12.420791ms] ERR:404 body={"strategy":"-android uiautomator","selector":"new UiSelector().textContains(\"a=b c\")"}
14:01:02.673676 POST /session/50ef7a04-1fca-4a99-991c-a373c513603b/element [14.182333ms] ERR:404 body={"strategy":"-android uiautomator","selector":"new UiSelector().descriptionContains(\"a=b c\")"}
14:01:02.686019 POST /session/50ef7a04-1fca-4a99-991c-a373c513603b/element [12.279958ms] ERR:404 body={"strategy":"-android uiautomator","selector":"new UiSelector().textMatches(\"(?is).*\\Qa=b c\\E.*\"...
14:01:02.701125 POST /session/50ef7a04-1fca-4a99-991c-a373c513603b/element [15.034584ms] ERR:404 body={"strategy":"-android uiautomator","selector":"new UiSelector().descriptionMatches(\"(?is).*\\Qa=b c...
14:01:02.713870 POST /session/50ef7a04-1fca-4a99-991c-a373c513603b/element [12.681166ms] ERR:404 body={"strategy":"-android uiautomator","selector":"new UiSelector().textContains(\"a=b c\")"}
14:01:02.724699 POST /session/50ef7a04-1fca-4a99-991c-a373c513603b/element [10.759625ms] ERR:404 body={"strategy":"-android uiautomator","selector":"new UiSelector().descriptionContains(\"a=b c\")"}
14:01:02.734470 POST /session/50ef7a04-1fca-4a99-991c-a373c513603b/element [9.708875ms] ERR:404 body={"strategy":"-android uiautomator","selector":"new UiSelector().textMatches(\"(?is).*\\Qa=b c\\E.*\"...
14:01:02.742600 POST /session/50ef7a04-1fca-4a99-991c-a373c513603b/element [8.082917ms] ERR:404 body={"strategy":"-android uiautomator","selector":"new UiSelector().descriptionMatches(\"(?is).*\\Qa=b c...
14:01:02.750318 POST /session/50ef7a04-1fca-4a99-991c-a373c513603b/element [7.660542ms] ERR:404 body={"strategy":"-android uiautomator","selector":"new UiSelector().textContains(\"a=b c\")"}
14:01:02.762188 POST /session/50ef7a04-1fca-4a99-991c-a373c513603b/element [11.816625ms] ERR:404 body={"strategy":"-android uiautomator","selector":"new UiSelector().descriptionContains(\"a=b c\")"}
14:01:02.773325 POST /session/50ef7a04-1fca-4a99-991c-a373c513603b/element [11.077875ms] ERR:404 body={"strategy":"-android uiautomator","selector":"new UiSelector().textMatches(\"(?is).*\\Qa=b c\\E.*\"...
14:01:02.784334 POST /session/50ef7a04-1fca-4a99-991c-a373c513603b/element [10.950833ms] ERR:404 body={"strategy":"-android uiautomator","selector":"new UiSelector().descriptionMatches(\"(?is).*\\Qa=b c...
14:01:02.797311 POST /session/50ef7a04-1fca-4a99-991c-a373c513603b/element [12.915375ms] ERR:404 body={"strategy":"-android uiautomator","selector":"new UiSelector().textContains(\"a=b c\")"}
14:01:02.808561 POST /session/50ef7a04-1fca-4a99-991c-a373c513603b/element [11.186709ms] ERR:404 body={"strategy":"-android uiautomator","selector":"new UiSelector().descriptionContains(\"a=b c\")"}
14:01:02.819366 POST /session/50ef7a04-1fca-4a99-991c-a373c513603b/element [10.74925ms] ERR:404 body={"strategy":"-android uiautomator","selector":"new UiSelector().textMatches(\"(?is).*\\Qa=b c\\E.*\"...
14:01:02.833487 POST /session/50ef7a04-1fca-4a99-991c-a373c513603b/element [14.057625ms] ERR:404 body={"strategy":"-android uiautomator","selector":"new UiSelector().descriptionMatches(\"(?is).*\\Qa=b c...
14:01:02.845006 POST /session/50ef7a04-1fca-4a99-991c-a373c513603b/element [11.465667ms] ERR:404 body={"strategy":"-android uiautomator","selector":"new UiSelector().textContains(\"a=b c\")"}
14:01:02.855857 POST /session/50ef7a04-1fca-4a99-991c-a373c513603b/element [10.793417ms] ERR:404 body={"strategy":"-android uiautomator","selector":"new UiSelector().descriptionContains(\"a=b c\")"}
14:01:02.866200 POST /session/50ef7a04-1fca-4a99-991c-a373c513603b/element [10.284625ms] ERR:404 body={"strategy":"-android uiautomator","selector":"new UiSelector().textMatches(\"(?is).*\\Qa=b c\\E.*\"...
14:01:02.875792 POST /session/50ef7a04-1fca-4a99-991c-a373c513603b/element [9.543417ms] ERR:404 body={"strategy":"-android uiautomator","selector":"new UiSelector().descriptionMatches(\"(?is).*\\Qa=b c...
14:01:02.885886 POST /session/50ef7a04-1fca-4a99-991c-a373c513603b/element [10.043458ms] ERR:404 body={"strategy":"-android uiautomator","selector":"new UiSelector().textContains(\"a=b c\")"}
14:01:02.897799 POST /session/50ef7a04-1fca-4a99-991c-a373c513603b/element [11.850708ms] ERR:404 body={"strategy":"-android uiautomator","selector":"new UiSelector().descriptionContains(\"a=b c\")"}
14:01:02.907367 POST /session/50ef7a04-1fca-4a99-991c-a373c513603b/element [9.51025ms] ERR:404 body={"strategy":"-android uiautomator","selector":"new UiSelector().textMatches(\"(?is).*\\Qa=b c\\E.*\"...
14:01:02.919317 POST /session/50ef7a04-1fca-4a99-991c-a373c513603b/element [11.894084ms] ERR:404 body={"strategy":"-android uiautomator","selector":"new UiSelector().descriptionMatches(\"(?is).*\\Qa=b c...
14:01:02.930192 POST /session/50ef7a04-1fca-4a99-991c-a373c513603b/element [10.831666ms] ERR:404 body={"strategy":"-android uiautomator","selector":"new UiSelector().textContains(\"a=b c\")"}
14:01:02.942957 POST /session/50ef7a04-1fca-4a99-991c-a373c513603b/element [12.711625ms] ERR:404 body={"strategy":"-android uiautomator","selector":"new UiSelector().descriptionContains(\"a=b c\")"}
14:01:02.957072 POST /session/50ef7a04-1fca-4a99-991c-a373c513603b/element [14.053208ms] ERR:404 body={"strategy":"-android uiautomator","selector":"new UiSelector().textMatches(\"(?is).*\\Qa=b c\\E.*\"...
14:01:02.965986 POST /session/50ef7a04-1fca-4a99-991c-a373c513603b/element [8.858209ms] ERR:404 body={"strategy":"-android uiautomator","selector":"new UiSelector().descriptionMatches(\"(?is).*\\Qa=b c...
14:01:02.973765 POST /session/50ef7a04-1fca-4a99-991c-a373c513603b/element [7.715458ms] ERR:404 body={"strategy":"-android uiautomator","selector":"new UiSelector().textContains(\"a=b c\")"}
14:01:02.984015 POST /session/50ef7a04-1fca-4a99-991c-a373c513603b/element [10.187625ms] ERR:404 body={"strategy":"-android uiautomator","selector":"new UiSelector().descriptionContains(\"a=b c\")"}
14:01:02.995605 POST /session/50ef7a04-1fca-4a99-991c-a373c513603b/element [11.525459ms] ERR:404 body={"strategy":"-android uiautomator","selector":"new UiSelector().textMatches(\"(?is).*\\Qa=b c\\E.*\"...
14:01:03.005189 POST /session/50ef7a04-1fca-4a99-991c-a373c513603b/element [9.519ms] ERR:404 body={"strategy":"-android uiautomator","selector":"new UiSelector().descriptionMatches(\"(?is).*\\Qa=b c...
14:01:03.016063 POST /session/50ef7a04-1fca-4a99-991c-a373c513603b/element [10.820584ms] ERR:404 body={"strategy":"-android uiautomator","selector":"new UiSelector().textContains(\"a=b c\")"}
14:01:03.025907 POST /session/50ef7a04-1fca-4a99-991c-a373c513603b/element [9.789416ms] ERR:404 body={"strategy":"-android uiautomator","selector":"new UiSelector().descriptionContains(\"a=b c\")"}
14:01:03.036365 POST /session/50ef7a04-1fca-4a99-991c-a373c513603b/element [10.396834ms] ERR:404 body={"strategy":"-android uiautomator","selector":"new UiSelector().textMatches(\"(?is).*\\Qa=b c\\E.*\"...
14:01:03.047796 POST /session/50ef7a04-1fca-4a99-991c-a373c513603b/element [11.377459ms] ERR:404 body={"strategy":"-android uiautomator","selector":"new UiSelector().descriptionMatches(\"(?is).*\\Qa=b c...
14:01:03.062884 POST /session/50ef7a04-1fca-4a99-991c-a373c513603b/element [15.014792ms] ERR:404 body={"strategy":"-android uiautomator","selector":"new UiSelector().textContains(\"a=b c\")"}
14:01:03.073025 POST /session/50ef7a04-1fca-4a99-991c-a373c513603b/element [10.077ms] ERR:404 body={"strategy":"-android uiautomator","selector":"new UiSelector().descriptionContains(\"a=b c\")"}
14:01:03.086443 POST /session/50ef7a04-1fca-4a99-991c-a373c513603b/element [13.355875ms] ERR:404 body={"strategy":"-android uiautomator","selector":"new UiSelector().textMatches(\"(?is).*\\Qa=b c\\E.*\"...
14:01:03.097789 POST /session/50ef7a04-1fca-4a99-991c-a373c513603b/element [11.276834ms] ERR:404 body={"strategy":"-android uiautomator","selector":"new UiSelector().descriptionMatches(\"(?is).*\\Qa=b c...
14:01:03.107694 POST /session/50ef7a04-1fca-4a99-991c-a373c513603b/element [9.850292ms] ERR:404 body={"strategy":"-android uiautomator","selector":"new UiSelector().textContains(\"a=b c\")"}
14:01:03.119642 POST /session/50ef7a04-1fca-4a99-991c-a373c513603b/element [11.894041ms] ERR:404 body={"strategy":"-android uiautomator","selector":"new UiSelector().descriptionContains(\"a=b c\")"}
14:01:03.129810 POST /session/50ef7a04-1fca-4a99-991c-a373c513603b/element [10.108875ms] ERR:404 body={"strategy":"-android uiautomator","selector":"new UiSelector().textMatches(\"(?is).*\\Qa=b c\\E.*\"...
14:01:03.140845 POST /session/50ef7a04-1fca-4a99-991c-a373c513603b/element [10.981667ms] ERR:404 body={"strategy":"-android uiautomator","selector":"new UiSelector().descriptionMatches(\"(?is).*\\Qa=b c...
14:01:03.149808 POST /session/50ef7a04-1fca-4a99-991c-a373c513603b/element [8.908125ms] ERR:404 body={"strategy":"-android uiautomator","selector":"new UiSelector().textContains(\"a=b c\")"}
14:01:03.158980 POST /session/50ef7a04-1fca-4a99-991c-a373c513603b/element [9.1225ms] ERR:404 body={"strategy":"-android uiautomator","selector":"new UiSelector().descriptionContains(\"a=b c\")"}
14:01:03.170300 POST /session/50ef7a04-1fca-4a99-991c-a373c513603b/element [11.267834ms] ERR:404 body={"strategy":"-android uiautomator","selector":"new UiSelector().textMatches(\"(?is).*\\Qa=b c\\E.*\"...
14:01:03.179019 POST /session/50ef7a04-1fca-4a99-991c-a373c513603b/element [8.633ms] ERR:404 body={"strategy":"-android uiautomator","selector":"new UiSelector().descriptionMatches(\"(?is).*\\Qa=b c...
14:01:03.191823 POST /session/50ef7a04-1fca-4a99-991c-a373c513603b/element [12.749084ms] ERR:404 body={"strategy":"-android uiautomator","selector":"new UiSelector().textContains(\"a=b c\")"}
14:01:03.205579 POST /session/50ef7a04-1fca-4a99-991c-a373c513603b/element [13.693166ms] ERR:404 body={"strategy":"-android uiautomator","selector":"new UiSelector().descriptionContains(\"a=b c\")"}
14:01:03.218210 POST /session/50ef7a04-1fca-4a99-991c-a373c513603b/element [12.572709ms] ERR:404 body={"strategy":"-android uiautomator","selector":"new UiSelector().textMatches(\"(?is).*\\Qa=b c\\E.*\"...
14:01:03.231947 POST /session/50ef7a04-1fca-4a99-991c-a373c513603b/element [13.674209ms] ERR:404 body={"strategy":"-android uiautomator","selector":"new UiSelector().descriptionMatches(\"(?is).*\\Qa=b c...
14:01:03.244368 POST /session/50ef7a04-1fca-4a99-991c-a373c513603b/element [12.373ms] ERR:404 body={"strategy":"-android uiautomator","selector":"new UiSelector().textContains(\"a=b c\")"}
14:01:03.251495 POST /session/50ef7a04-1fca-4a99-991c-a373c513603b/element [7.067333ms] ERR:404 body={"strategy":"-android uiautomator","selector":"new UiSelector().descriptionContains(\"a=b c\")"}
14:01:03.262420 POST /session/50ef7a04-1fca-4a99-991c-a373c513603b/element [10.85775ms] ERR:404 body={"strategy":"-android uiautomator","selector":"new UiSelector().textMatches(\"(?is).*\\Qa=b c\\E.*\"...
14:01:03.274334 POST /session/50ef7a04-1fca-4a99-991c-a373c513603b/element [11.852666ms] ERR:404 body={"strategy":"-android uiautomator","selector":"new UiSelector().descriptionMatches(\"(?is).*\\Qa=b c...
14:01:03.285591 POST /session/50ef7a04-1fca-4a99-991c-a373c513603b/element [11.193041ms] ERR:404 body={"strategy":"-android uiautomator","selector":"new UiSelector().textContains(\"a=b c\")"}
14:01:03.298660 POST /session/50ef7a04-1fca-4a99-991c-a373c513603b/element [13.007334ms] ERR:404 body={"strategy":"-android uiautomator","selector":"new UiSelector().descriptionContains(\"a=b c\")"}
14:01:03.311272 POST /session/50ef7a04-1fca-4a99-991c-a373c513603b/element [12.552417ms] ERR:404 body={"strategy":"-android uiautomator","selector":"new UiSelector().textMatches(\"(?is).*\\Qa=b c\\E.*\"...
14:01:03.323399 POST /session/50ef7a04-1fca-4a99-991c-a373c513603b/element [12.064417ms] ERR:404 body={"strategy":"-android uiautomator","selector":"new UiSelector().descriptionMatches(\"(?is).*\\Qa=b c...
14:01:03.331441 POST /session/50ef7a04-1fca-4a99-991c-a373c513603b/element [7.985667ms] ERR:404 body={"strategy":"-android uiautomator","selector":"new UiSelector().textContains(\"a=b c\")"}
14:01:03.345209 POST /session/50ef7a04-1fca-4a99-991c-a373c513603b/element [13.7205ms] ERR:404 body={"strategy":"-android uiautomator","selector":"new UiSelector().descriptionContains(\"a=b c\")"}
14:01:03.359813 POST /session/50ef7a04-1fca-4a99-991c-a373c513603b/element [14.524709ms] ERR:404 body={"strategy":"-android uiautomator","selector":"new UiSelector().textMatches(\"(?is).*\\Qa=b c\\E.*\"...
14:01:03.370424 POST /session/50ef7a04-1fca-4a99-991c-a373c513603b/element [10.542084ms] ERR:404 body={"strategy":"-android uiautomator","selector":"new UiSelector().descriptionMatches(\"(?is).*\\Qa=b c...
14:01:03.380887 POST /session/50ef7a04-1fca-4a99-991c-a373c513603b/element [10.41025ms] ERR:404 body={"strategy":"-android uiautomator","selector":"new UiSelector().textContains(\"a=b c\")"}
14:01:03.390579 POST /session/50ef7a04-1fca-4a99-991c-a373c513603b/element [9.638209ms] ERR:404 body={"strategy":"-android uiautomator","selector":"new UiSelector().descriptionContains(\"a=b c\")"}
14:01:03.401809 POST /session/50ef7a04-1fca-4a99-991c-a373c513603b/element [11.175792ms] ERR:404 body={"strategy":"-android uiautomator","selector":"new UiSelector().textMatches(\"(?is).*\\Qa=b c\\E.*\"...
14:01:03.416691 POST /session/50ef7a04-1fca-4a99-991c-a373c513603b/element [14.821417ms] ERR:404 body={"strategy":"-android uiautomator","selector":"new UiSelector().descriptionMatches(\"(?is).*\\Qa=b c...
14:01:03.427674 POST /session/50ef7a04-1fca-4a99-991c-a373c513603b/element [10.92925ms] ERR:404 body={"strategy":"-android uiautomator","selector":"new UiSelector().textContains(\"a=b c\")"}
14:01:03.437646 POST /session/50ef7a04-1fca-4a99-991c-a373c513603b/element [9.905958ms] ERR:404 body={"strategy":"-android uiautomator","selector":"new UiSelector().descriptionContains(\"a=b c\")"}
14:01:03.451279 POST /session/50ef7a04-1fca-4a99-991c-a373c513603b/element [13.562958ms] ERR:404 body={"strategy":"-android uiautomator","selector":"new UiSelector().textMatches(\"(?is).*\\Qa=b c\\E.*\"...
14:01:03.464265 POST /session/50ef7a04-1fca-4a99-991c-a373c513603b/element [12.921375ms] ERR:404 body={"strategy":"-android uiautomator","selector":"new UiSelector().descriptionMatches(\"(?is).*\\Qa=b c...
14:01:03.472899 POST /session/50ef7a04-1fca-4a99-991c-a373c513603b/element [8.559875ms] ERR:404 body={"strategy":"-android uiautomator","selector":"new UiSelector().textContains(\"a=b c\")"}
14:01:03.485199 POST /session/50ef7a04-1fca-4a99-991c-a373c513603b/element [12.23825ms] ERR:404 body={"strategy":"-android uiautomator","selector":"new UiSelector().descriptionContains(\"a=b c\")"}
14:01:03.498206 POST /session/50ef7a04-1fca-4a99-991c-a373c513603b/element [12.936041ms] ERR:404 body={"strategy":"-android uiautomator","selector":"new UiSelector().textMatches(\"(?is).*\\Qa=b c\\E.*\"...
14:01:03.509109 POST /session/50ef7a04-1fca-4a99-991c-a373c513603b/element [10.843ms] ERR:404 body={"strategy":"-android uiautomator","selector":"new UiSelector().descriptionMatches(\"(?is).*\\Qa=b c...
14:01:03.522144 POST /session/50ef7a04-1fca-4a99-991c-a373c513603b/element [12.975083ms] ERR:404 body={"strategy":"-android uiautomator","selector":"new UiSelector().textContains(\"a=b c\")"}
14:01:03.532155 POST /session/50ef7a04-1fca-4a99-991c-a373c513603b/element [9.958083ms] ERR:404 body={"strategy":"-android uiautomator","selector":"new UiSelector().descriptionContains(\"a=b c\")"}
14:01:03.542473 POST /session/50ef7a04-1fca-4a99-991c-a373c513603b/element [10.264333ms] ERR:404 body={"strategy":"-android uiautomator","selector":"new UiSelector().textMatches(\"(?is).*\\Qa=b c\\E.*\"...
14:01:03.549039 POST /session/50ef7a04-1fca-4a99-991c-a373c513603b/element [6.506084ms] ERR:404 body={"strategy":"-android uiautomator","selector":"new UiSelector().descriptionMatches(\"(?is).*\\Qa=b c...
14:01:03.557328 POST /session/50ef7a04-1fca-4a99-991c-a373c513603b/element [8.237417ms] ERR:404 body={"strategy":"-android uiautomator","selector":"new UiSelector().textContains(\"a=b c\")"}
14:01:03.564408 POST /session/50ef7a04-1fca-4a99-991c-a373c513603b/element [7.027708ms] ERR:404 body={"strategy":"-android uiautomator","selector":"new UiSelector().descriptionContains(\"a=b c\")"}
14:01:03.574056 POST /session/50ef7a04-1fca-4a99-991c-a373c513603b/element [9.590084ms] ERR:404 body={"strategy":"-android uiautomator","selector":"new UiSelector().textMatches(\"(?is).*\\Qa=b c\\E.*\"...
14:01:03.585317 POST /session/50ef7a04-1fca-4a99-991c-a373c513603b/element [11.210833ms] ERR:404 body={"strategy":"-android uiautomator","selector":"new UiSelector().descriptionMatches(\"(?is).*\\Qa=b c...
14:01:03.597135 POST /session/50ef7a04-1fca-4a99-991c-a373c513603b/element [11.771042ms] ERR:404 body={"strategy":"-android uiautomator","selector":"new UiSelector().textContains(\"a=b c\")"}
14:01:03.609739 POST /session/50ef7a04-1fca-4a99-991c-a373c513603b/element [12.555375ms] ERR:404 body={"strategy":"-android uiautomator","selector":"new UiSelector().descriptionContains(\"a=b c\")"}
14:01:03.622339 POST /session/50ef7a04-1fca-4a99-991c-a373c513603b/element [12.528667ms] ERR:404 body={"strategy":"-android uiautomator","selector":"new UiSelector().textMatches(\"(?is).*\\Qa=b c\\E.*\"...
14:01:03.634122 POST /session/50ef7a04-1fca-4a99-991c-a373c513603b/element [11.722ms] ERR:404 body={"strategy":"-android uiautomator","selector":"new UiSelector().descriptionMatches(\"(?is).*\\Qa=b c...
14:01:03.647786 POST /session/50ef7a04-1fca-4a99-991c-a373c513603b/element [13.6075ms] ERR:404 body={"strategy":"-android uiautomator","selector":"new UiSelector().textContains(\"a=b c\")"}
14:01:03.661416 POST /session/50ef7a04-1fca-4a99-991c-a373c513603b/element [13.551667ms] ERR:404 body={"strategy":"-android uiautomator","selector":"new UiSelector().descriptionContains(\"a=b c\")"}
14:01:03.672820 POST /session/50ef7a04-1fca-4a99-991c-a373c513603b/element [11.349125ms] ERR:404 body={"strategy":"-android uiautomator","selector":"new UiSelector().textMatches(\"(?is).*\\Qa=b c\\E.*\"...
14:01:03.684330 POST /session/50ef7a04-1fca-4a99-991c-a373c513603b/element [11.451291ms] ERR:404 body={"strategy":"-android uiautomator","selector":"new UiSelector().descriptionMatches(\"(?is).*\\Qa=b c...
14:01:03.694933 POST /session/50ef7a04-1fca-4a99-991c-a373c513603b/element [10.548916ms] ERR:404 body={"strategy":"-android uiautomator","selector":"new UiSelector().textContains(\"a=b c\")"}
14:01:03.705241 POST /session/50ef7a04-1fca-4a99-991c-a373c513603b/element [10.248541ms] ERR:404 body={"strategy":"-android uiautomator","selector":"new UiSelector().descriptionContains(\"a=b c\")"}
14:01:03.717293 POST /session/50ef7a04-1fca-4a99-991c-a373c513603b/element [12.001667ms] ERR:404 body={"strategy":"-android uiautomator","selector":"new UiSelector().textMatches(\"(?is).*\\Qa=b c\\E.*\"...
14:01:03.727415 POST /session/50ef7a04-1fca-4a99-991c-a373c513603b/element [10.0595ms] ERR:404 body={"strategy":"-android uiautomator","selector":"new UiSelector().descriptionMatches(\"(?is).*\\Qa=b c...
14:01:03.740083 POST /session/50ef7a04-1fca-4a99-991c-a373c513603b/element [12.577167ms] ERR:404 body={"strategy":"-android uiautomator","selector":"new UiSelector().textContains(\"a=b c\")"}
14:01:03.752825 POST /session/50ef7a04-1fca-4a99-991c-a373c513603b/element [12.564959ms] ERR:404 body={"strategy":"-android uiautomator","selector":"new UiSelector().descriptionContains(\"a=b c\")"}
14:01:03.765781 POST /session/50ef7a04-1fca-4a99-991c-a373c513603b/element [12.860583ms] ERR:404 body={"strategy":"-android uiautomator","selector":"new UiSelector().textMatches(\"(?is).*\\Qa=b c\\E.*\"...
14:01:03.777350 POST /session/50ef7a04-1fca-4a99-991c-a373c513603b/element [11.507417ms] ERR:404 body={"strategy":"-android uiautomator","selector":"new UiSelector().descriptionMatches(\"(?is).*\\Qa=b c...
14:01:03.788408 POST /session/50ef7a04-1fca-4a99-991c-a373c513603b/element [10.98725ms] ERR:404 body={"strategy":"-android uiautomator","selector":"new UiSelector().textContains(\"a=b c\")"}
14:01:03.799106 POST /session/50ef7a04-1fca-4a99-991c-a373c513603b/element [10.641875ms] ERR:404 body={"strategy":"-android uiautomator","selector":"new UiSelector().descriptionContains(\"a=b c\")"}
14:01:03.809718 POST /session/50ef7a04-1fca-4a99-991c-a373c513603b/element [10.561084ms] ERR:404 body={"strategy":"-android uiautomator","selector":"new UiSelector().textMatches(\"(?is).*\\Qa=b c\\E.*\"...
14:01:03.817706 POST /session/50ef7a04-1fca-4a99-991c-a373c513603b/element [7.950875ms] ERR:404 body={"strategy":"-android uiautomator","selector":"new UiSelector().descriptionMatches(\"(?is).*\\Qa=b c...
14:01:03.826779 POST /session/50ef7a04-1fca-4a99-991c-a373c513603b/element [9.03125ms] ERR:404 body={"strategy":"-android uiautomator","selector":"new UiSelector().textContains(\"a=b c\")"}
14:01:03.838494 POST /session/50ef7a04-1fca-4a99-991c-a373c513603b/element [11.663542ms] ERR:404 body={"strategy":"-android uiautomator","selector":"new UiSelector().descriptionContains(\"a=b c\")"}
14:01:03.849971 POST /session/50ef7a04-1fca-4a99-991c-a373c513603b/element [11.427459ms] ERR:404 body={"strategy":"-android uiautomator","selector":"new UiSelector().textMatches(\"(?is).*\\Qa=b c\\E.*\"...
14:01:03.859570 POST /session/50ef7a04-1fca-4a99-991c-a373c513603b/element [9.548583ms] ERR:404 body={"strategy":"-android uiautomator","selector":"new UiSelector().descriptionMatches(\"(?is).*\\Qa=b c...
14:01:03.868539 POST /session/50ef7a04-1fca-4a99-991c-a373c513603b/element [8.917208ms] ERR:404 body={"strategy":"-android uiautomator","selector":"new UiSelector().textContains(\"a=b c\")"}
14:01:03.883944 POST /session/50ef7a04-1fca-4a99-991c-a373c513603b/element [15.359208ms] ERR:404 body={"strategy":"-android uiautomator","selector":"new UiSelector().descriptionContains(\"a=b c\")"}
14:01:03.895604 POST /session/50ef7a04-1fca-4a99-991c-a373c513603b/element [11.607625ms] ERR:404 body={"strategy":"-android uiautomator","selector":"new UiSelector().textMatches(\"(?is).*\\Qa=b c\\E.*\"...
14:01:03.903986 POST /session/50ef7a04-1fca-4a99-991c-a373c513603b/element [8.332541ms] ERR:404 body={"strategy":"-android uiautomator","selector":"new UiSelector().descriptionMatches(\"(?is).*\\Qa=b c...
14:01:03.912818 POST /session/50ef7a04-1fca-4a99-991c-a373c513603b/element [8.784125ms] ERR:404 body={"strategy":"-android uiautomator","selector":"new UiSelector().textContains(\"a=b c\")"}
14:01:03.925877 POST /session/50ef7a04-1fca-4a99-991c-a373c513603b/element [13.007208ms] ERR:404 body={"strategy":"-android uiautomator","selector":"new UiSelector().descriptionContains(\"a=b c\")"}
14:01:03.943192 POST /session/50ef7a04-1fca-4a99-991c-a373c513603b/element [17.24875ms] ERR:404 body={"strategy":"-android uiautomator","selector":"new UiSelector().textMatches(\"(?is).*\\Qa=b c\\E.*\"...
14:01:03.962355 POST /session/50ef7a04-1fca-4a99-991c-a373c513603b/element [18.995125ms] ERR:404 body={"strategy":"-android uiautomator","selector":"new UiSelector().descriptionMatches(\"(?is).*\\Qa=b c...
14:01:03.975717 POST /session/50ef7a04-1fca-4a99-991c-a373c513603b/element [13.284416ms] ERR:404 body={"strategy":"-android uiautomator","selector":"new UiSelector().textContains(\"a=b c\")"}
14:01:03.994306 POST /session/50ef7a04-1fca-4a99-991c-a373c513603b/element [18.507333ms] ERR:404 body={"strategy":"-android uiautomator","selector":"new UiSelector().descriptionContains(\"a=b c\")"}
14:01:04.010961 POST /session/50ef7a04-1fca-4a99-991c-a373c513603b/element [16.555917ms] ERR:404 body={"strategy":"-android uiautomator","selector":"new UiSelector().textMatches(\"(?is).*\\Qa=b c\\E.*\"...
14:01:04.025688 POST /session/50ef7a04-1fca-4a99-991c-a373c513603b/element [14.650458ms] ERR:404 body={"strategy":"-android uiautomator","selector":"new UiSelector().descriptionMatches(\"(?is).*\\Qa=b c...
14:01:04.037418 POST /session/50ef7a04-1fca-4a99-991c-a373c513603b/element [11.658042ms] ERR:404 body={"strategy":"-android uiautomator","selector":"new UiSelector().textContains(\"a=b c\")"}
14:01:04.052865 POST /session/50ef7a04-1fca-4a99-991c-a373c513603b/element [15.386875ms] ERR:404 body={"strategy":"-android uiautomator","selector":"new UiSelector().descriptionContains(\"a=b c\")"}
14:01:04.070571 POST /session/50ef7a04-1fca-4a99-991c-a373c513603b/element [17.647542ms] ERR:404 body={"strategy":"-android uiautomator","selector":"new UiSelector().textMatches(\"(?is).*\\Qa=b c\\E.*\"...
14:01:04.081873 POST /session/50ef7a04-1fca-4a99-991c-a373c513603b/element [11.2445ms] ERR:404 body={"strategy":"-android uiautomator","selector":"new UiSelector().descriptionMatches(\"(?is).*\\Qa=b c...
14:01:04.093254 POST /session/50ef7a04-1fca-4a99-991c-a373c513603b/element [11.314833ms] ERR:404 body={"strategy":"-android uiautomator","selector":"new UiSelector().textContains(\"a=b c\")"}
14:01:04.107738 POST /session/50ef7a04-1fca-4a99-991c-a373c513603b/element [14.427ms] ERR:404 body={"strategy":"-android uiautomator","selector":"new UiSelector().descriptionContains(\"a=b c\")"}
14:01:04.118837 POST /session/50ef7a04-1fca-4a99-991c-a373c513603b/element [11.034417ms] ERR:404 body={"strategy":"-android uiautomator","selector":"new UiSelector().textMatches(\"(?is).*\\Qa=b c\\E.*\"...
14:01:04.132973 POST /session/50ef7a04-1fca-4a99-991c-a373c513603b/element [14.06775ms] ERR:404 body={"strategy":"-android uiautomator","selector":"new UiSelector().descriptionMatches(\"(?is).*\\Qa=b c...
14:01:04.140350 POST /session/50ef7a04-1fca-4a99-991c-a373c513603b/element [5.986542ms] ERR:404 body={"strategy":"-android uiautomator","selector":"new UiSelector().textContains(\"a=b c\")"}
14:01:04.148708 POST /session/50ef7a04-1fca-4a99-991c-a373c513603b/element [8.271667ms] ERR:404 body={"strategy":"-android uiautomator","selector":"new UiSelector().descriptionContains(\"a=b c\")"}
14:01:04.164269 POST /session/50ef7a04-1fca-4a99-991c-a373c513603b/element [13.945958ms] ERR:404 body={"strategy":"-android uiautomator","selector":"new UiSelector().textMatches(\"(?is).*\\Qa=b c\\E.*\"...
14:01:04.174443 POST /session/50ef7a04-1fca-4a99-991c-a373c513603b/element [10.067792ms] ERR:404 body={"strategy":"-android uiautomator","selector":"new UiSelector().descriptionMatches(\"(?is).*\\Qa=b c...
14:01:04.185408 POST /session/50ef7a04-1fca-4a99-991c-a373c513603b/element [10.895292ms] ERR:404 body={"strategy":"-android uiautomator","selector":"new UiSelector().textContains(\"a=b c\")"}
14:01:04.203306 POST /session/50ef7a04-1fca-4a99-991c-a373c513603b/element [17.841583ms] ERR:404 body={"strategy":"-android uiautomator","selector":"new UiSelector().descriptionContains(\"a=b c\")"}
14:01:04.214230 POST /session/50ef7a04-1fca-4a99-991c-a373c513603b/element [10.850209ms] ERR:404 body={"strategy":"-android uiautomator","selector":"new UiSelector().textMatches(\"(?is).*\\Qa=b c\\E.*\"...
14:01:04.225228 POST /session/50ef7a04-1fca-4a99-991c-a373c513603b/element [10.944625ms] ERR:404 body={"strategy":"-android uiautomator","selector":"new UiSelector().descriptionMatches(\"(?is).*\\Qa=b c...
14:01:04.237090 POST /session/50ef7a04-1fca-4a99-991c-a373c513603b/element [11.800542ms] ERR:404 body={"strategy":"-android uiautomator","selector":"new UiSelector().textContains(\"a=b c\")"}
14:01:04.244968 POST /session/50ef7a04-1fca-4a99-991c-a373c513603b/element [7.817542ms] ERR:404 body={"strategy":"-android uiautomator","selector":"new UiSelector().descriptionContains(\"a=b c\")"}
14:01:04.252183 POST /session/50ef7a04-1fca-4a99-991c-a373c513603b/element [7.17575ms] ERR:404 body={"strategy":"-android uiautomator","selector":"new UiSelector().textMatches(\"(?is).*\\Qa=b c\\E.*\"...
14:01:04.261381 POST /session/50ef7a04-1fca-4a99-991c-a373c513603b/element [9.153792ms] ERR:404 body={"strategy":"-android uiautomator","selector":"new UiSelector().descriptionMatches(\"(?is).*\\Qa=b c...
14:01:04.272238 POST /session/50ef7a04-1fca-4a99-991c-a373c513603b/element [10.1855ms] ERR:404 body={"strategy":"-android uiautomator","selector":"new UiSelector().textContains(\"a=b c\")"}
14:01:04.282964 POST /session/50ef7a04-1fca-4a99-991c-a373c513603b/element [10.007167ms] ERR:404 body={"strategy":"-android uiautomator","selector":"new UiSelector().descriptionContains(\"a=b c\")"}
14:01:04.291634 POST /session/50ef7a04-1fca-4a99-991c-a373c513603b/element [8.624792ms] ERR:404 body={"strategy":"-android uiautomator","selector":"new UiSelector().textMatches(\"(?is).*\\Qa=b c\\E.*\"...
14:01:04.298153 POST /session/50ef7a04-1fca-4a99-991c-a373c513603b/element [6.483416ms] ERR:404 body={"strategy":"-android uiautomator","selector":"new UiSelector().descriptionMatches(\"(?is).*\\Qa=b c...
14:01:04.310222 POST /session/50ef7a04-1fca-4a99-991c-a373c513603b/element [12.030625ms] ERR:404 body={"strategy":"-android uiautomator","selector":"new UiSelector().textContains(\"a=b c\")"}
14:01:04.321468 POST /session/50ef7a04-1fca-4a99-991c-a373c513603b/element [11.178ms] ERR:404 body={"strategy":"-android uiautomator","selector":"new UiSelector().descriptionContains(\"a=b c\")"}
14:01:04.334648 POST /session/50ef7a04-1fca-4a99-991c-a373c513603b/element [13.123458ms] ERR:404 body={"strategy":"-android uiautomator","selector":"new UiSelector().textMatches(\"(?is).*\\Qa=b c\\E.*\"...
14:01:04.350346 POST /session/50ef7a04-1fca-4a99-991c-a373c513603b/element [15.642958ms] ERR:404 body={"strategy":"-android uiautomator","selector":"new UiSelector().descriptionMatches(\"(?is).*\\Qa=b c...
14:01:04.373490 POST /session/50ef7a04-1fca-4a99-991c-a373c513603b/element [23.082708ms] ERR:404 body={"strategy":"-android uiautomator","selector":"new UiSelector().textContains(\"a=b c\")"}
14:01:04.387946 POST /session/50ef7a04-1fca-4a99-991c-a373c513603b/element [14.405ms] ERR:404 body={"strategy":"-android uiautomator","selector":"new UiSelector().descriptionContains(\"a=b c\")"}
14:01:04.398917 POST /session/50ef7a04-1fca-4a99-991c-a373c513603b/element [10.9255ms] ERR:404 body={"strategy":"-android uiautomator","selector":"new UiSelector().textMatches(\"(?is).*\\Qa=b c\\E.*\"...
14:01:04.408333 POST /session/50ef7a04-1fca-4a99-991c-a373c513603b/element [9.362167ms] ERR:404 body={"strategy":"-android uiautomator","selector":"new UiSelector().descriptionMatches(\"(?is).*\\Qa=b c...
14:01:04.418001 POST /session/50ef7a04-1fca-4a99-991c-a373c513603b/element [9.60725ms] ERR:404 body={"strategy":"-android uiautomator","selector":"new UiSelector().textContains(\"a=b c\")"}
14:01:04.428174 POST /session/50ef7a04-1fca-4a99-991c-a373c513603b/element [10.119834ms] ERR:404 body={"strategy":"-android uiautomator","selector":"new UiSelector().descriptionContains(\"a=b c\")"}
14:01:04.438979 POST /session/50ef7a04-1fca-4a99-991c-a373c513603b/element [10.75925ms] ERR:404 body={"strategy":"-android uiautomator","selector":"new UiSelector().textMatches(\"(?is).*\\Qa=b c\\E.*\"...
14:01:04.448561 POST /session/50ef7a04-1fca-4a99-991c-a373c513603b/element [9.505541ms] ERR:404 body={"strategy":"-android uiautomator","selector":"new UiSelector().descriptionMatches(\"(?is).*\\Qa=b c...
14:01:04.459976 POST /session/50ef7a04-1fca-4a99-991c-a373c513603b/element [10.772625ms] ERR:404 body={"strategy":"-android uiautomator","selector":"new UiSelector().textContains(\"a=b c\")"}
14:01:04.469491 POST /session/50ef7a04-1fca-4a99-991c-a373c513603b/element [9.458709ms] ERR:404 body={"strategy":"-android uiautomator","selector":"new UiSelector().descriptionContains(\"a=b c\")"}
14:01:04.481890 POST /session/50ef7a04-1fca-4a99-991c-a373c513603b/element [12.351542ms] ERR:404 body={"strategy":"-android uiautomator","selector":"new UiSelector().textMatches(\"(?is).*\\Qa=b c\\E.*\"...
14:01:04.490485 POST /session/50ef7a04-1fca-4a99-991c-a373c513603b/element [8.542833ms] ERR:404 body={"strategy":"-android uiautomator","selector":"new UiSelector().descriptionMatches(\"(?is).*\\Qa=b c...
14:01:04.500222 POST /session/50ef7a04-1fca-4a99-991c-a373c513603b/element [9.693083ms] ERR:404 body={"strategy":"-android uiautomator","selector":"new UiSelector().textContains(\"a=b c\")"}
14:01:04.508105 POST /session/50ef7a04-1fca-4a99-991c-a373c513603b/element [7.85075ms] ERR:404 body={"strategy":"-android uiautomator","selector":"new UiSelector().descriptionContains(\"a=b c\")"}
14:01:04.519969 POST /session/50ef7a04-1fca-4a99-991c-a373c513603b/element [11.829208ms] ERR:404 body={"strategy":"-android uiautomator","selector":"new UiSelector().textMatches(\"(?is).*\\Qa=b c\\E.*\"...
14:01:04.527225 POST /session/50ef7a04-1fca-4a99-991c-a373c513603b/element [7.221084ms] ERR:404 body={"strategy":"-android uiautomator","selector":"new UiSelector().descriptionMatches(\"(?is).*\\Qa=b c...
14:01:04.537134 POST /session/50ef7a04-1fca-4a99-991c-a373c513603b/element [9.88075ms] ERR:404 body={"strategy":"-android uiautomator","selector":"new UiSelector().textContains(\"a=b c\")"}
14:01:04.543454 POST /session/50ef7a04-1fca-4a99-991c-a373c513603b/element [6.290417ms] ERR:404 body={"strategy":"-android uiautomator","selector":"new UiSelector().descriptionContains(\"a=b c\")"}
14:01:04.553858 POST /session/50ef7a04-1fca-4a99-991c-a373c513603b/element [10.351167ms] ERR:404 body={"strategy":"-android uiautomator","selector":"new UiSelector().textMatches(\"(?is).*\\Qa=b c\\E.*\"...
14:01:04.561538 POST /session/50ef7a04-1fca-4a99-991c-a373c513603b/element [7.648209ms] ERR:404 body={"strategy":"-android uiautomator","selector":"new UiSelector().descriptionMatches(\"(?is).*\\Qa=b c...
14:01:04.569085 POST /session/50ef7a04-1fca-4a99-991c-a373c513603b/element [7.513584ms] ERR:404 body={"strategy":"-android uiautomator","selector":"new UiSelector().textContains(\"a=b c\")"}
14:01:04.577029 POST /session/50ef7a04-1fca-4a99-991c-a373c513603b/element [7.909667ms] ERR:404 body={"strategy":"-android uiautomator","selector":"new UiSelector().descriptionContains(\"a=b c\")"}
14:01:04.585560 POST /session/50ef7a04-1fca-4a99-991c-a373c513603b/element [8.496791ms] ERR:404 body={"strategy":"-android uiautomator","selector":"new UiSelector().textMatches(\"(?is).*\\Qa=b c\\E.*\"...
14:01:04.593394 POST /session/50ef7a04-1fca-4a99-991c-a373c513603b/element [7.804834ms] ERR:404 body={"strategy":"-android uiautomator","selector":"new UiSelector().descriptionMatches(\"(?is).*\\Qa=b c...
14:01:04.600067 POST /session/50ef7a04-1fca-4a99-991c-a373c513603b/element [6.645959ms] ERR:404 body={"strategy":"-android uiautomator","selector":"new UiSelector().textContains(\"a=b c\")"}
14:01:04.609684 POST /session/50ef7a04-1fca-4a99-991c-a373c513603b/element [9.590458ms] ERR:404 body={"strategy":"-android uiautomator","selector":"new UiSelector().descriptionContains(\"a=b c\")"}
14:01:04.618401 POST /session/50ef7a04-1fca-4a99-991c-a373c513603b/element [8.690125ms] ERR:404 body={"strategy":"-android uiautomator","selector":"new UiSelector().textMatches(\"(?is).*\\Qa=b c\\E.*\"...
14:01:04.628179 POST /session/50ef7a04-1fca-4a99-991c-a373c513603b/element [9.749417ms] ERR:404 body={"strategy":"-android uiautomator","selector":"new UiSelector().descriptionMatches(\"(?is).*\\Qa=b c...
14:01:04.637241 POST /session/50ef7a04-1fca-4a99-991c-a373c513603b/element [9.028667ms] ERR:404 body={"strategy":"-android uiautomator","selector":"new UiSelector().textContains(\"a=b c\")"}
14:01:04.646822 POST /session/50ef7a04-1fca-4a99-991c-a373c513603b/element [9.555125ms] ERR:404 body={"strategy":"-android uiautomator","selector":"new UiSelector().descriptionContains(\"a=b c\")"}
14:01:04.656454 POST /session/50ef7a04-1fca-4a99-991c-a373c513603b/element [9.599792ms] ERR:404 body={"strategy":"-android uiautomator","selector":"new UiSelector().textMatches(\"(?is).*\\Qa=b c\\E.*\"...
14:01:04.668948 POST /session/50ef7a04-1fca-4a99-991c-a373c513603b/element [12.461875ms] ERR:404 body={"strategy":"-android uiautomator","selector":"new UiSelector().descriptionMatches(\"(?is).*\\Qa=b c...
14:01:04.678798 POST /session/50ef7a04-1fca-4a99-991c-a373c513603b/element [9.795208ms] ERR:404 body={"strategy":"-android uiautomator","selector":"new UiSelector().textContains(\"a=b c\")"}
14:01:04.685550 POST /session/50ef7a04-1fca-4a99-991c-a373c513603b/element [6.711125ms] ERR:404 body={"strategy":"-android uiautomator","selector":"new UiSelector().descriptionContains(\"a=b c\")"}
14:01:04.696094 POST /session/50ef7a04-1fca-4a99-991c-a373c513603b/element [10.509833ms] ERR:404 body={"strategy":"-android uiautomator","selector":"new UiSelector().textMatches(\"(?is).*\\Qa=b c\\E.*\"...
14:01:04.704884 POST /session/50ef7a04-1fca-4a99-991c-a373c513603b/element [8.752875ms] ERR:404 body={"strategy":"-android uiautomator","selector":"new UiSelector().descriptionMatches(\"(?is).*\\Qa=b c...
14:01:04.713883 POST /session/50ef7a04-1fca-4a99-991c-a373c513603b/element [8.963834ms] ERR:404 body={"strategy":"-android uiautomator","selector":"new UiSelector().textContains(\"a=b c\")"}
14:01:04.726049 POST /session/50ef7a04-1fca-4a99-991c-a373c513603b/element [12.120833ms] ERR:404 body={"strategy":"-android uiautomator","selector":"new UiSelector().descriptionContains(\"a=b c\")"}
14:01:04.735353 POST /session/50ef7a04-1fca-4a99-991c-a373c513603b/element [9.192709ms] ERR:404 body={"strategy":"-android uiautomator","selector":"new UiSelector().textMatches(\"(?is).*\\Qa=b c\\E.*\"...
14:01:04.744136 POST /session/50ef7a04-1fca-4a99-991c-a373c513603b/element [8.690083ms] ERR:404 body={"strategy":"-android uiautomator","selector":"new UiSelector().descriptionMatches(\"(?is).*\\Qa=b c...
14:01:04.753570 POST /session/50ef7a04-1fca-4a99-991c-a373c513603b/element [9.392417ms] ERR:404 body={"strategy":"-android uiautomator","selector":"new UiSelector().textContains(\"a=b c\")"}
14:01:04.765072 POST /session/50ef7a04-1fca-4a99-991c-a373c513603b/element [11.44125ms] ERR:404 body={"strategy":"-android uiautomator","selector":"new UiSelector().descriptionContains(\"a=b c\")"}
14:01:04.774475 POST /session/50ef7a04-1fca-4a99-991c-a373c513603b/element [9.348958ms] ERR:404 body={"strategy":"-android uiautomator","selector":"new UiSelector().textMatches(\"(?is).*\\Qa=b c\\E.*\"...
14:01:04.782035 POST /session/50ef7a04-1fca-4a99-991c-a373c513603b/element [6.79ms] ERR:404 body={"strategy":"-android uiautomator","selector":"new UiSelector().descriptionMatches(\"(?is).*\\Qa=b c...
14:01:04.789915 POST /session/50ef7a04-1fca-4a99-991c-a373c513603b/element [7.837459ms] ERR:404 body={"strategy":"-android uiautomator","selector":"new UiSelector().textContains(\"a=b c\")"}
14:01:04.800534 POST /session/50ef7a04-1fca-4a99-991c-a373c513603b/element [10.567042ms] ERR:404 body={"strategy":"-android uiautomator","selector":"new UiSelector().descriptionContains(\"a=b c\")"}
14:01:04.813393 POST /session/50ef7a04-1fca-4a99-991c-a373c513603b/element [12.812417ms] ERR:404 body={"strategy":"-android uiautomator","selector":"new UiSelector().textMatches(\"(?is).*\\Qa=b c\\E.*\"...
14:01:04.825529 POST /session/50ef7a04-1fca-4a99-991c-a373c513603b/element [12.078959ms] ERR:404 body={"strategy":"-android uiautomator","selector":"new UiSelector().descriptionMatches(\"(?is).*\\Qa=b c...
14:01:04.837347 POST /session/50ef7a04-1fca-4a99-991c-a373c513603b/element [11.7555ms] ERR:404 body={"strategy":"-android uiautomator","selector":"new UiSelector().textContains(\"a=b c\")"}
14:01:04.846816 POST /session/50ef7a04-1fca-4a99-991c-a373c513603b/element [9.410875ms] ERR:404 body={"strategy":"-android uiautomator","selector":"new UiSelector().descriptionContains(\"a=b c\")"}
14:01:04.859227 POST /session/50ef7a04-1fca-4a99-991c-a373c513603b/element [12.35075ms] ERR:404 body={"strategy":"-android uiautomator","selector":"new UiSelector().textMatches(\"(?is).*\\Qa=b c\\E.*\"...
14:01:04.869912 POST /session/50ef7a04-1fca-4a99-991c-a373c513603b/element [10.519667ms] ERR:404 body={"strategy":"-android uiautomator","selector":"new UiSelector().descriptionMatches(\"(?is).*\\Qa=b c...
14:01:04.879880 POST /session/50ef7a04-1fca-4a99-991c-a373c513603b/element [9.91075ms] ERR:404 body={"strategy":"-android uiautomator","selector":"new UiSelector().textContains(\"a=b c\")"}
14:01:04.891010 POST /session/50ef7a04-1fca-4a99-991c-a373c513603b/element [11.058209ms] ERR:404 body={"strategy":"-android uiautomator","selector":"new UiSelector().descriptionContains(\"a=b c\")"}
14:01:04.902040 POST /session/50ef7a04-1fca-4a99-991c-a373c513603b/element [10.981708ms] ERR:404 body={"strategy":"-android uiautomator","selector":"new UiSelector().textMatches(\"(?is).*\\Qa=b c\\E.*\"...
14:01:04.910562 POST /session/50ef7a04-1fca-4a99-991c-a373c513603b/element [8.471334ms] ERR:404 body={"strategy":"-android uiautomator","selector":"new UiSelector().descriptionMatches(\"(?is).*\\Qa=b c...
14:01:04.920138 POST /session/50ef7a04-1fca-4a99-991c-a373c513603b/element [9.528667ms] ERR:404 body={"strategy":"-android uiautomator","selector":"new UiSelector().textContains(\"a=b c\")"}
14:01:04.929210 POST /session/50ef7a04-1fca-4a99-991c-a373c513603b/element [8.790083ms] ERR:404 body={"strategy":"-android uiautomator","selector":"new UiSelector().descriptionContains(\"a=b c\")"}
14:01:04.938067 POST /session/50ef7a04-1fca-4a99-991c-a373c513603b/element [8.815083ms] ERR:404 body={"strategy":"-android uiautomator","selector":"new UiSelector().textMatches(\"(?is).*\\Qa=b c\\E.*\"...
14:01:04.952510 POST /session/50ef7a04-1fca-4a99-991c-a373c513603b/element [14.397958ms] ERR:404 body={"strategy":"-android uiautomator","selector":"new UiSelector().descriptionMatches(\"(?is).*\\Qa=b c...
14:01:04.963997 POST /session/50ef7a04-1fca-4a99-991c-a373c513603b/element [11.425959ms] ERR:404 body={"strategy":"-android uiautomator","selector":"new UiSelector().textContains(\"a=b c\")"}
14:01:04.971823 POST /session/50ef7a04-1fca-4a99-991c-a373c513603b/element [7.7785ms] ERR:404 body={"strategy":"-android uiautomator","selector":"new UiSelector().descriptionContains(\"a=b c\")"}
14:01:04.982843 POST /session/50ef7a04-1fca-4a99-991c-a373c513603b/element [10.935375ms] ERR:404 body={"strategy":"-android uiautomator","selector":"new UiSelector().textMatches(\"(?is).*\\Qa=b c\\E.*\"...
14:01:04.991594 POST /session/50ef7a04-1fca-4a99-991c-a373c513603b/element [8.69875ms] ERR:404 body={"strategy":"-android uiautomator","selector":"new UiSelector().descriptionMatches(\"(?is).*\\Qa=b c...
14:01:04.998562 POST /session/50ef7a04-1fca-4a99-991c-a373c513603b/element [6.932959ms] ERR:404 body={"strategy":"-android uiautomator","selector":"new UiSelector().textContains(\"a=b c\")"}
14:01:05.006258 POST /session/50ef7a04-1fca-4a99-991c-a373c513603b/element [7.668416ms] ERR:404 body={"strategy":"-android uiautomator","selector":"new UiSelector().descriptionContains(\"a=b c\")"}
14:01:05.018897 POST /session/50ef7a04-1fca-4a99-991c-a373c513603b/element [12.599708ms] ERR:404 body={"strategy":"-android uiautomator","selector":"new UiSelector().textMatches(\"(?is).*\\Qa=b c\\E.*\"...
14:01:05.030004 POST /session/50ef7a04-1fca-4a99-991c-a373c513603b/element [11.052625ms] ERR:404 body={"strategy":"-android uiautomator","selector":"new UiSelector().descriptionMatches(\"(?is).*\\Qa=b c...
14:01:05.037807 POST /session/50ef7a04-1fca-4a99-991c-a373c513603b/element [7.754458ms] ERR:404 body={"strategy":"-android uiautomator","selector":"new UiSelector().textContains(\"a=b c\")"}
14:01:05.047976 POST /session/50ef7a04-1fca-4a99-991c-a373c513603b/element [10.128ms] ERR:404 body={"strategy":"-android uiautomator","selector":"new UiSelector().descriptionContains(\"a=b c\")"}
14:01:05.056883 POST /session/50ef7a04-1fca-4a99-991c-a373c513603b/element [8.861834ms] ERR:404 body={"strategy":"-android uiautomator","selector":"new UiSelector().textMatches(\"(?is).*\\Qa=b c\\E.*\"...
14:01:05.065164 POST /session/50ef7a04-1fca-4a99-991c-a373c513603b/element [8.242542ms] ERR:404 body={"strategy":"-android uiautomator","selector":"new UiSelector().descriptionMatches(\"(?is).*\\Qa=b c...
14:01:05.074173 POST /session/50ef7a04-1fca-4a99-991c-a373c513603b/element [8.96875ms] ERR:404 body={"strategy":"-android uiautomator","selector":"new UiSelector().textContains(\"a=b c\")"}
14:01:05.082482 POST /session/50ef7a04-1fca-4a99-991c-a373c513603b/element [8.278625ms] ERR:404 body={"strategy":"-android uiautomator","selector":"new UiSelector().descriptionContains(\"a=b c\")"}
14:01:05.090382 POST /session/50ef7a04-1fca-4a99-991c-a373c513603b/element [7.869708ms] ERR:404 body={"strategy":"-android uiautomator","selector":"new UiSelector().textMatches(\"(?is).*\\Qa=b c\\E.*\"...
14:01:05.099900 POST /session/50ef7a04-1fca-4a99-991c-a373c513603b/element [9.485875ms] ERR:404 body={"strategy":"-android uiautomator","selector":"new UiSelector().descriptionMatches(\"(?is).*\\Qa=b c...
14:01:05.109124 POST /session/50ef7a04-1fca-4a99-991c-a373c513603b/element [9.184958ms] ERR:404 body={"strategy":"-android uiautomator","selector":"new UiSelector().textContains(\"a=b c\")"}
14:01:05.119206 POST /session/50ef7a04-1fca-4a99-991c-a373c513603b/element [10.049ms] ERR:404 body={"strategy":"-android uiautomator","selector":"new UiSelector().descriptionContains(\"a=b c\")"}
14:01:05.127645 POST /session/50ef7a04-1fca-4a99-991c-a373c513603b/element [8.41075ms] ERR:404 body={"strategy":"-android uiautomator","selector":"new UiSelector().textMatches(\"(?is).*\\Qa=b c\\E.*\"...
14:01:05.137127 POST /session/50ef7a04-1fca-4a99-991c-a373c513603b/element [9.449458ms] ERR:404 body={"strategy":"-android uiautomator","selector":"new UiSelector().descriptionMatches(\"(?is).*\\Qa=b c...
14:01:05.146505 POST /session/50ef7a04-1fca-4a99-991c-a373c513603b/element [9.337209ms] ERR:404 body={"strategy":"-android uiautomator","selector":"new UiSelector().textContains(\"a=b c\")"}
14:01:05.154888 POST /session/50ef7a04-1fca-4a99-991c-a373c513603b/element [8.346833ms] ERR:404 body={"strategy":"-android uiautomator","selector":"new UiSelector().descriptionContains(\"a=b c\")"}
14:01:05.162499 POST /session/50ef7a04-1fca-4a99-991c-a373c513603b/element [7.587333ms] ERR:404 body={"strategy":"-android uiautomator","selector":"new UiSelector().textMatches(\"(?is).*\\Qa=b c\\E.*\"...
14:01:05.171862 POST /session/50ef7a04-1fca-4a99-991c-a373c513603b/element [9.3315ms] ERR:404 body={"strategy":"-android uiautomator","selector":"new UiSelector().descriptionMatches(\"(?is).*\\Qa=b c...
14:01:05.182250 POST /session/50ef7a04-1fca-4a99-991c-a373c513603b/element [10.341958ms] ERR:404 body={"strategy":"-android uiautomator","selector":"new UiSelector().textContains(\"a=b c\")"}
14:01:05.189111 POST /session/50ef7a04-1fca-4a99-991c-a373c513603b/element [6.784792ms] ERR:404 body={"strategy":"-android uiautomator","selector":"new UiSelector().descriptionContains(\"a=b c\")"}
14:01:05.197907 POST /session/50ef7a04-1fca-4a99-991c-a373c513603b/element [8.75ms] ERR:404 body={"strategy":"-android uiautomator","selector":"new UiSelector().textMatches(\"(?is).*\\Qa=b c\\E.*\"...
14:01:05.206974 POST /session/50ef7a04-1fca-4a99-991c-a373c513603b/element [9.006833ms] ERR:404 body={"strategy":"-android uiautomator","selector":"new UiSelector().descriptionMatches(\"(?is).*\\Qa=b c...
14:01:05.218101 POST /session/50ef7a04-1fca-4a99-991c-a373c513603b/element [11.072667ms] ERR:404 body={"strategy":"-android uiautomator","selector":"new UiSelector().textContains(\"a=b c\")"}
14:01:05.226009 POST /session/50ef7a04-1fca-4a99-991c-a373c513603b/element [7.859209ms] ERR:404 body={"strategy":"-android uiautomator","selector":"new UiSelector().descriptionContains(\"a=b c\")"}
14:01:05.234489 POST /session/50ef7a04-1fca-4a99-991c-a373c513603b/element [8.441458ms] ERR:404 body={"strategy":"-android uiautomator","selector":"new UiSelector().textMatches(\"(?is).*\\Qa=b c\\E.*\"...
14:01:05.239452 POST /session/50ef7a04-1fca-4a99-991c-a373c513603b/element [4.926708ms] ERR:404 body={"strategy":"-android uiautomator","selector":"new UiSelector().descriptionMatches(\"(?is).*\\Qa=b c...
14:01:05.246869 POST /session/50ef7a04-1fca-4a99-991c-a373c513603b/element [7.391167ms] ERR:404 body={"strategy":"-android uiautomator","selector":"new UiSelector().textContains(\"a=b c\")"}
14:01:05.255321 POST /session/50ef7a04-1fca-4a99-991c-a373c513603b/element [8.420708ms] ERR:404 body={"strategy":"-android uiautomator","selector":"new UiSelector().descriptionContains(\"a=b c\")"}
14:01:05.263520 POST /session/50ef7a04-1fca-4a99-991c-a373c513603b/element [8.16475ms] ERR:404 body={"strategy":"-android uiautomator","selector":"new UiSelector().textMatches(\"(?is).*\\Qa=b c\\E.*\"...
14:01:05.270875 POST /session/50ef7a04-1fca-4a99-991c-a373c513603b/element [7.305709ms] ERR:404 body={"strategy":"-android uiautomator","selector":"new UiSelector().descriptionMatches(\"(?is).*\\Qa=b c...
14:01:05.278747 POST /session/50ef7a04-1fca-4a99-991c-a373c513603b/element [7.834875ms] ERR:404 body={"strategy":"-android uiautomator","selector":"new UiSelector().textContains(\"a=b c\")"}
14:01:05.289173 POST /session/50ef7a04-1fca-4a99-991c-a373c513603b/element [10.377334ms] ERR:404 body={"strategy":"-android uiautomator","selector":"new UiSelector().descriptionContains(\"a=b c\")"}
14:01:05.298590 POST /session/50ef7a04-1fca-4a99-991c-a373c513603b/element [9.374833ms] ERR:404 body={"strategy":"-android uiautomator","selector":"new UiSelector().textMatches(\"(?is).*\\Qa=b c\\E.*\"...
14:01:05.308115 POST /session/50ef7a04-1fca-4a99-991c-a373c513603b/element [9.482083ms] ERR:404 body={"strategy":"-android uiautomator","selector":"new UiSelector().descriptionMatches(\"(?is).*\\Qa=b c...
14:01:05.316734 POST /session/50ef7a04-1fca-4a99-991c-a373c513603b/element [8.5795ms] ERR:404 body={"strategy":"-android uiautomator","selector":"new UiSelector().textContains(\"a=b c\")"}
14:01:05.328462 POST /session/50ef7a04-1fca-4a99-991c-a373c513603b/element [11.678292ms] ERR:404 body={"strategy":"-android uiautomator","selector":"new UiSelector().descriptionContains(\"a=b c\")"}
14:01:05.342690 POST /session/50ef7a04-1fca-4a99-991c-a373c513603b/element [14.174834ms] ERR:404 body={"strategy":"-android uiautomator","selector":"new UiSelector().textMatches(\"(?is).*\\Qa=b c\\E.*\"...
14:01:05.349655 POST /session/50ef7a04-1fca-4a99-991c-a373c513603b/element [6.899917ms] ERR:404 body={"strategy":"-android uiautomator","selector":"new UiSelector().descriptionMatches(\"(?is).*\\Qa=b c...
14:01:05.358244 POST /session/50ef7a04-1fca-4a99-991c-a373c513603b/element [8.543209ms] ERR:404 body={"strategy":"-android uiautomator","selector":"new UiSelector().textContains(\"a=b c\")"}
14:01:05.366744 POST /session/50ef7a04-1fca-4a99-991c-a373c513603b/element [8.460334ms] ERR:404 body={"strategy":"-android uiautomator","selector":"new UiSelector().descriptionContains(\"a=b c\")"}
14:01:05.375058 POST /session/50ef7a04-1fca-4a99-991c-a373c513603b/element [8.281666ms] ERR:404 body={"strategy":"-android uiautomator","selector":"new UiSelector().textMatches(\"(?is).*\\Qa=b c\\E.*\"...
14:01:05.383547 POST /session/50ef7a04-1fca-4a99-991c-a373c513603b/element [8.460833ms] ERR:404 body={"strategy":"-android uiautomator","selector":"new UiSelector().descriptionMatches(\"(?is).*\\Qa=b c...
14:01:05.392051 POST /session/50ef7a04-1fca-4a99-991c-a373c513603b/element [8.4695ms] ERR:404 body={"strategy":"-android uiautomator","selector":"new UiSelector().textContains(\"a=b c\")"}
14:01:05.400823 POST /session/50ef7a04-1fca-4a99-991c-a373c513603b/element [8.741958ms] ERR:404 body={"strategy":"-android uiautomator","selector":"new UiSelector().descriptionContains(\"a=b c\")"}
14:01:05.408764 POST /session/50ef7a04-1fca-4a99-991c-a373c513603b/element [7.908917ms] ERR:404 body={"strategy":"-android uiautomator","selector":"new UiSelector().textMatches(\"(?is).*\\Qa=b c\\E.*\"...
14:01:05.419242 POST /session/50ef7a04-1fca-4a99-991c-a373c513603b/element [10.426458ms] ERR:404 body={"strategy":"-android uiautomator","selector":"new UiSelector().descriptionMatches(\"(?is).*\\Qa=b c...
14:01:05.428863 POST /session/50ef7a04-1fca-4a99-991c-a373c513603b/element [9.564583ms] ERR:404 body={"strategy":"-android uiautomator","selector":"new UiSelector().textContains(\"a=b c\")"}
14:01:05.437293 POST /session/50ef7a04-1fca-4a99-991c-a373c513603b/element [8.3985ms] ERR:404 body={"strategy":"-android uiautomator","selector":"new UiSelector().descriptionContains(\"a=b c\")"}
14:01:05.445539 POST /session/50ef7a04-1fca-4a99-991c-a373c513603b/element [8.212334ms] ERR:404 body={"strategy":"-android uiautomator","selector":"new UiSelector().textMatches(\"(?is).*\\Qa=b c\\E.*\"...
14:01:05.454665 POST /session/50ef7a04-1fca-4a99-991c-a373c513603b/element [9.090083ms] ERR:404 body={"strategy":"-android uiautomator","selector":"new UiSelector().descriptionMatches(\"(?is).*\\Qa=b c...
14:01:05.464928 POST /session/50ef7a04-1fca-4a99-991c-a373c513603b/element [10.233417ms] ERR:404 body={"strategy":"-android uiautomator","selector":"new UiSelector().textContains(\"a=b c\")"}
14:01:05.472188 POST /session/50ef7a04-1fca-4a99-991c-a373c513603b/element [7.202458ms] ERR:404 body={"strategy":"-android uiautomator","selector":"new UiSelector().descriptionContains(\"a=b c\")"}
14:01:05.485771 POST /session/50ef7a04-1fca-4a99-991c-a373c513603b/element [13.521459ms] ERR:404 body={"strategy":"-android uiautomator","selector":"new UiSelector().textMatches(\"(?is).*\\Qa=b c\\E.*\"...
14:01:05.498771 POST /session/50ef7a04-1fca-4a99-991c-a373c513603b/element [12.936667ms] ERR:404 body={"strategy":"-android uiautomator","selector":"new UiSelector().descriptionMatches(\"(?is).*\\Qa=b c...
14:01:05.512053 POST /session/50ef7a04-1fca-4a99-991c-a373c513603b/element [13.220666ms] ERR:404 body={"strategy":"-android uiautomator","selector":"new UiSelector().textContains(\"a=b c\")"}
14:01:05.523484 POST /session/50ef7a04-1fca-4a99-991c-a373c513603b/element [11.373208ms] ERR:404 body={"strategy":"-android uiautomator","selector":"new UiSelector().descriptionContains(\"a=b c\")"}
14:01:05.536164 POST /session/50ef7a04-1fca-4a99-991c-a373c513603b/element [12.625584ms] ERR:404 body={"strategy":"-android uiautomator","selector":"new UiSelector().textMatches(\"(?is).*\\Qa=b c\\E.*\"...
14:01:05.546381 POST /session/50ef7a04-1fca-4a99-991c-a373c513603b/element [10.166375ms] ERR:404 body={"strategy":"-android uiautomator","selector":"new UiSelector().descriptionMatches(\"(?is).*\\Qa=b c...
14:01:05.557851 POST /session/50ef7a04-1fca-4a99-991c-a373c513603b/element [11.412292ms] ERR:404 body={"strategy":"-android uiautomator","selector":"new UiSelector().textContains(\"a=b c\")"}
14:01:05.570199 POST /session/50ef7a04-1fca-4a99-991c-a373c513603b/element [12.294ms] ERR:404 body={"strategy":"-android uiautomator","selector":"new UiSelector().descriptionContains(\"a=b c\")"}
14:01:05.582474 POST /session/50ef7a04-1fca-4a99-991c-a373c513603b/element [12.208666ms] ERR:404 body={"strategy":"-android uiautomator","selector":"new UiSelector().textMatches(\"(?is).*\\Qa=b c\\E.*\"...
14:01:05.597853 POST /session/50ef7a04-1fca-4a99-991c-a373c513603b/element [14.337167ms] ERR:404 body={"strategy":"-android uiautomator","selector":"new UiSelector().descriptionMatches(\"(?is).*\\Qa=b c...
14:01:05.608741 POST /session/50ef7a04-1fca-4a99-991c-a373c513603b/element [10.834416ms] ERR:404 body={"strategy":"-android uiautomator","selector":"new UiSelector().textContains(\"a=b c\")"}
14:01:05.619354 POST /session/50ef7a04-1fca-4a99-991c-a373c513603b/element [10.564375ms] ERR:404 body={"strategy":"-android uiautomator","selector":"new UiSelector().descriptionContains(\"a=b c\")"}
14:01:05.630426 POST /session/50ef7a04-1fca-4a99-991c-a373c513603b/element [11.022958ms] ERR:404 body={"strategy":"-android uiautomator","selector":"new UiSelector().textMatches(\"(?is).*\\Qa=b c\\E.*\"...
14:01:05.640110 POST /session/50ef7a04-1fca-4a99-991c-a373c513603b/element [9.639667ms] ERR:404 body={"strategy":"-android uiautomator","selector":"new UiSelector().descriptionMatches(\"(?is).*\\Qa=b c...
14:01:05.649964 POST /session/50ef7a04-1fca-4a99-991c-a373c513603b/element [9.813875ms] ERR:404 body={"strategy":"-android uiautomator","selector":"new UiSelector().textContains(\"a=b c\")"}
14:01:05.658346 POST /session/50ef7a04-1fca-4a99-991c-a373c513603b/element [8.342333ms] ERR:404 body={"strategy":"-android uiautomator","selector":"new UiSelector().descriptionContains(\"a=b c\")"}
14:01:05.668126 POST /session/50ef7a04-1fca-4a99-991c-a373c513603b/element [9.730875ms] ERR:404 body={"strategy":"-android uiautomator","selector":"new UiSelector().textMatches(\"(?is).*\\Qa=b c\\E.*\"...
14:01:05.677593 POST /session/50ef7a04-1fca-4a99-991c-a373c513603b/element [8.939375ms] ERR:404 body={"strategy":"-android uiautomator","selector":"new UiSelector().descriptionMatches(\"(?is).*\\Qa=b c...
14:01:05.689053 POST /session/50ef7a04-1fca-4a99-991c-a373c513603b/element [11.407125ms] ERR:404 body={"strategy":"-android uiautomator","selector":"new UiSelector().textContains(\"a=b c\")"}
14:01:05.699316 POST /session/50ef7a04-1fca-4a99-991c-a373c513603b/element [10.211166ms] ERR:404 body={"strategy":"-android uiautomator","selector":"new UiSelector().descriptionContains(\"a=b c\")"}
14:01:05.709694 POST /session/50ef7a04-1fca-4a99-991c-a373c513603b/element [10.320959ms] ERR:404 body={"strategy":"-android uiautomator","selector":"new UiSelector().textMatches(\"(?is).*\\Qa=b c\\E.*\"...
14:01:05.723423 POST /session/50ef7a04-1fca-4a99-991c-a373c513603b/element [13.060166ms] ERR:404 body={"strategy":"-android uiautomator","selector":"new UiSelector().descriptionMatches(\"(?is).*\\Qa=b c...
14:01:05.732518 POST /session/50ef7a04-1fca-4a99-991c-a373c513603b/element [9.037208ms] ERR:404 body={"strategy":"-android uiautomator","selector":"new UiSelector().textContains(\"a=b c\")"}
14:01:05.739638 POST /session/50ef7a04-1fca-4a99-991c-a373c513603b/element [7.073417ms] ERR:404 body={"strategy":"-android uiautomator","selector":"new UiSelector().descriptionContains(\"a=b c\")"}
14:01:05.750672 POST /session/50ef7a04-1fca-4a99-991c-a373c513603b/element [10.980792ms] ERR:404 body={"strategy":"-android uiautomator","selector":"new UiSelector().textMatches(\"(?is).*\\Qa=b c\\E.*\"...
14:01:05.761438 POST /session/50ef7a04-1fca-4a99-991c-a373c513603b/element [10.709792ms] ERR:404 body={"strategy":"-android uiautomator","selector":"new UiSelector().descriptionMatches(\"(?is).*\\Qa=b c...
14:01:05.770138 POST /session/50ef7a04-1fca-4a99-991c-a373c513603b/element [8.64525ms] ERR:404 body={"strategy":"-android uiautomator","selector":"new UiSelector().textContains(\"a=b c\")"}
14:01:05.781120 POST /session/50ef7a04-1fca-4a99-991c-a373c513603b/element [10.93225ms] ERR:404 body={"strategy":"-android uiautomator","selector":"new UiSelector().descriptionContains(\"a=b c\")"}
14:01:05.790038 POST /session/50ef7a04-1fca-4a99-991c-a373c513603b/element [8.862ms] ERR:404 body={"strategy":"-android uiautomator","selector":"new UiSelector().textMatches(\"(?is).*\\Qa=b c\\E.*\"...
14:01:05.799435 POST /session/50ef7a04-1fca-4a99-991c-a373c513603b/element [9.3565ms] ERR:404 body={"strategy":"-android uiautomator","selector":"new UiSelector().descriptionMatches(\"(?is).*\\Qa=b c...
14:01:05.808244 POST /session/50ef7a04-1fca-4a99-991c-a373c513603b/element [8.76925ms] ERR:404 body={"strategy":"-android uiautomator","selector":"new UiSelector().textContains(\"a=b c\")"}
14:01:05.817878 POST /session/50ef7a04-1fca-4a99-991c-a373c513603b/element [9.583333ms] ERR:404 body={"strategy":"-android uiautomator","selector":"new UiSelector().descriptionContains(\"a=b c\")"}
14:01:05.830205 POST /session/50ef7a04-1fca-4a99-991c-a373c513603b/element [11.6705ms] ERR:404 body={"strategy":"-android uiautomator","selector":"new UiSelector().textMatches(\"(?is).*\\Qa=b c\\E.*\"...
14:01:05.843734 POST /session/50ef7a04-1fca-4a99-991c-a373c513603b/element [13.471417ms] ERR:404 body={"strategy":"-android uiautomator","selector":"new UiSelector().descriptionMatches(\"(?is).*\\Qa=b c...
14:01:05.853793 POST /session/50ef7a04-1fca-4a99-991c-a373c513603b/element [10.009166ms] ERR:404 body={"strategy":"-android uiautomator","selector":"new UiSelector().textContains(\"a=b c\")"}
14:01:05.860682 POST /session/50ef7a04-1fca-4a99-991c-a373c513603b/element [6.831583ms] ERR:404 body={"strategy":"-android uiautomator","selector":"new UiSelector().descriptionContains(\"a=b c\")"}
14:01:05.867401 POST /session/50ef7a04-1fca-4a99-991c-a373c513603b/element [6.658708ms] ERR:404 body={"strategy":"-android uiautomator","selector":"new UiSelector().textMatches(\"(?is).*\\Qa=b c\\E.*\"...
14:01:05.877628 POST /session/50ef7a04-1fca-4a99-991c-a373c513603b/element [10.168333ms] ERR:404 body={"strategy":"-android uiautomator","selector":"new UiSelector().descriptionMatches(\"(?is).*\\Qa=b c...
14:01:05.888523 POST /session/50ef7a04-1fca-4a99-991c-a373c513603b/element [10.82425ms] ERR:404 body={"strategy":"-android uiautomator","selector":"new UiSelector().textContains(\"a=b c\")"}
14:01:05.897309 POST /session/50ef7a04-1fca-4a99-991c-a373c513603b/element [8.647542ms] ERR:404 body={"strategy":"-android uiautomator","selector":"new UiSelector().descriptionContains(\"a=b c\")"}
14:01:05.908898 POST /session/50ef7a04-1fca-4a99-991c-a373c513603b/element [11.5405ms] ERR:404 body={"strategy":"-android uiautomator","selector":"new UiSelector().textMatches(\"(?is).*\\Qa=b c\\E.*\"...
14:01:05.917733 POST /session/50ef7a04-1fca-4a99-991c-a373c513603b/element [8.773125ms] ERR:404 body={"strategy":"-android uiautomator","selector":"new UiSelector().descriptionMatches(\"(?is).*\\Qa=b c...
14:01:05.923226 POST /session/50ef7a04-1fca-4a99-991c-a373c513603b/element [5.444084ms] ERR:404 body={"strategy":"-android uiautomator","selector":"new UiSelector().textContains(\"a=b c\")"}
14:01:05.931545 POST /session/50ef7a04-1fca-4a99-991c-a373c513603b/element [8.276542ms] ERR:404 body={"strategy":"-android uiautomator","selector":"new UiSelector().descriptionContains(\"a=b c\")"}
14:01:05.939656 POST /session/50ef7a04-1fca-4a99-991c-a373c513603b/element [8.075083ms] ERR:404 body={"strategy":"-android uiautomator","selector":"new UiSelector().textMatches(\"(?is).*\\Qa=b c\\E.*\"...
14:01:05.949546 POST /session/50ef7a04-1fca-4a99-991c-a373c513603b/element [9.849041ms] ERR:404 body={"strategy":"-android uiautomator","selector":"new UiSelector().descriptionMatches(\"(?is).*\\Qa=b c...
14:01:05.957093 POST /session/50ef7a04-1fca-4a99-991c-a373c513603b/element [7.509417ms] ERR:404 body={"strategy":"-android uiautomator","selector":"new UiSelector().textContains(\"a=b c\")"}
14:01:05.965058 POST /session/50ef7a04-1fca-4a99-991c-a373c513603b/element [7.925542ms] ERR:404 body={"strategy":"-android uiautomator","selector":"new UiSelector().descriptionContains(\"a=b c\")"}
14:01:05.978362 POST /session/50ef7a04-1fca-4a99-991c-a373c513603b/element [13.235958ms] ERR:404 body={"strategy":"-android uiautomator","selector":"new UiSelector().textMatches(\"(?is).*\\Qa=b c\\E.*\"...
14:01:05.988663 POST /session/50ef7a04-1fca-4a99-991c-a373c513603b/element [10.247375ms] ERR:404 body={"strategy":"-android uiautomator","selector":"new UiSelector().descriptionMatches(\"(?is).*\\Qa=b c...
14:01:05.999170 POST /session/50ef7a04-1fca-4a99-991c-a373c513603b/element [10.460167ms] ERR:404 body={"strategy":"-android uiautomator","selector":"new UiSelector().textContains(\"a=b c\")"}
14:01:06.008983 POST /session/50ef7a04-1fca-4a99-991c-a373c513603b/element [9.766291ms] ERR:404 body={"strategy":"-android uiautomator","selector":"new UiSelector().descriptionContains(\"a=b c\")"}
14:01:06.016562 POST /session/50ef7a04-1fca-4a99-991c-a373c513603b/element [7.532666ms] ERR:404 body={"strategy":"-android uiautomator","selector":"new UiSelector().textMatches(\"(?is).*\\Qa=b c\\E.*\"...
14:01:06.027191 POST /session/50ef7a04-1fca-4a99-991c-a373c513603b/element [10.58925ms] ERR:404 body={"strategy":"-android uiautomator","selector":"new UiSelector().descriptionMatches(\"(?is).*\\Qa=b c...
14:01:06.035182 POST /session/50ef7a04-1fca-4a99-991c-a373c513603b/element [7.945667ms] ERR:404 body={"strategy":"-android uiautomator","selector":"new UiSelector().textContains(\"a=b c\")"}
14:01:06.043676 POST /session/50ef7a04-1fca-4a99-991c-a373c513603b/element [8.4425ms] ERR:404 body={"strategy":"-android uiautomator","selector":"new UiSelector().descriptionContains(\"a=b c\")"}
14:01:06.052790 POST /session/50ef7a04-1fca-4a99-991c-a373c513603b/element [9.071791ms] ERR:404 body={"strategy":"-android uiautomator","selector":"new UiSelector().textMatches(\"(?is).*\\Qa=b c\\E.*\"...
14:01:06.059819 POST /session/50ef7a04-1fca-4a99-991c-a373c513603b/element [6.99ms] ERR:404 body={"strategy":"-android uiautomator","selector":"new UiSelector().descriptionMatches(\"(?is).*\\Qa=b c...
14:01:06.069343 POST /session/50ef7a04-1fca-4a99-991c-a373c513603b/element [9.473958ms] ERR:404 body={"strategy":"-android uiautomator","selector":"new UiSelector().textContains(\"a=b c\")"}
14:01:06.078211 POST /session/50ef7a04-1fca-4a99-991c-a373c513603b/element [8.825542ms] ERR:404 body={"strategy":"-android uiautomator","selector":"new UiSelector().descriptionContains(\"a=b c\")"}
14:01:06.087110 POST /session/50ef7a04-1fca-4a99-991c-a373c513603b/element [8.857875ms] ERR:404 body={"strategy":"-android uiautomator","selector":"new UiSelector().textMatches(\"(?is).*\\Qa=b c\\E.*\"...
14:01:06.097338 POST /session/50ef7a04-1fca-4a99-991c-a373c513603b/element [10.175666ms] ERR:404 body={"strategy":"-android uiautomator","selector":"new UiSelector().descriptionMatches(\"(?is).*\\Qa=b c...
14:01:06.109753 POST /session/50ef7a04-1fca-4a99-991c-a373c513603b/element [12.194417ms] ERR:404 body={"strategy":"-android uiautomator","selector":"new UiSelector().textContains(\"a=b c\")"}
14:01:06.120428 POST /session/50ef7a04-1fca-4a99-991c-a373c513603b/element [10.614875ms] ERR:404 body={"strategy":"-android uiautomator","selector":"new UiSelector().descriptionContains(\"a=b c\")"}
14:01:06.132304 POST /session/50ef7a04-1fca-4a99-991c-a373c513603b/element [11.822791ms] ERR:404 body={"strategy":"-android uiautomator","selector":"new UiSelector().textMatches(\"(?is).*\\Qa=b c\\E.*\"...
14:01:06.138636 POST /session/50ef7a04-1fca-4a99-991c-a373c513603b/element [6.262583ms] ERR:404 body={"strategy":"-android uiautomator","selector":"new UiSelector().descriptionMatches(\"(?is).*\\Qa=b c...
14:01:06.152114 POST /session/50ef7a04-1fca-4a99-991c-a373c513603b/element [13.429042ms] ERR:404 body={"strategy":"-android uiautomator","selector":"new UiSelector().textContains(\"a=b c\")"}
14:01:06.178119 POST /session/50ef7a04-1fca-4a99-991c-a373c513603b/element [25.945125ms] ERR:404 body={"strategy":"-android uiautomator","selector":"new UiSelector().descriptionContains(\"a=b c\")"}
14:01:06.192244 POST /session/50ef7a04-1fca-4a99-991c-a373c513603b/element [14.017834ms] ERR:404 body={"strategy":"-android uiautomator","selector":"new UiSelector().textMatches(\"(?is).*\\Qa=b c\\E.*\"...
14:01:06.202826 POST /session/50ef7a04-1fca-4a99-991c-a373c513603b/element [10.516709ms] ERR:404 body={"strategy":"-android uiautomator","selector":"new UiSelector().descriptionMatches(\"(?is).*\\Qa=b c...
14:01:06.212439 POST /session/50ef7a04-1fca-4a99-991c-a373c513603b/element [9.5545ms] ERR:404 body={"strategy":"-android uiautomator","selector":"new UiSelector().textContains(\"a=b c\")"}
14:01:06.224889 POST /session/50ef7a04-1fca-4a99-991c-a373c513603b/element [12.367667ms] ERR:404 body={"strategy":"-android uiautomator","selector":"new UiSelector().descriptionContains(\"a=b c\")"}
14:01:06.237171 POST /session/50ef7a04-1fca-4a99-991c-a373c513603b/element [12.220875ms] ERR:404 body={"strategy":"-android uiautomator","selector":"new UiSelector().textMatches(\"(?is).*\\Qa=b c\\E.*\"...
14:01:06.248927 POST /session/50ef7a04-1fca-4a99-991c-a373c513603b/element [11.706042ms] ERR:404 body={"strategy":"-android uiautomator","selector":"new UiSelector().descriptionMatches(\"(?is).*\\Qa=b c...
14:01:06.259927 POST /session/50ef7a04-1fca-4a99-991c-a373c513603b/element [10.942208ms] ERR:404 body={"strategy":"-android uiautomator","selector":"new UiSelector().textContains(\"a=b c\")"}
14:01:06.270284 POST /session/50ef7a04-1fca-4a99-991c-a373c513603b/element [10.292791ms] ERR:404 body={"strategy":"-android uiautomator","selector":"new UiSelector().descriptionContains(\"a=b c\")"}
14:01:06.283730 POST /session/50ef7a04-1fca-4a99-991c-a373c513603b/element [13.376208ms] ERR:404 body={"strategy":"-android uiautomator","selector":"new UiSelector().textMatches(\"(?is).*\\Qa=b c\\E.*\"...
14:01:06.295202 POST /session/50ef7a04-1fca-4a99-991c-a373c513603b/element [11.411958ms] ERR:404 body={"strategy":"-android uiautomator","selector":"new UiSelector().descriptionMatches(\"(?is).*\\Qa=b c...
14:01:06.303717 POST /session/50ef7a04-1fca-4a99-991c-a373c513603b/element [8.45675ms] ERR:404 body={"strategy":"-android uiautomator","selector":"new UiSelector().textContains(\"a=b c\")"}
14:01:06.312498 POST /session/50ef7a04-1fca-4a99-991c-a373c513603b/element [8.741042ms] ERR:404 body={"strategy":"-android uiautomator","selector":"new UiSelector().descriptionContains(\"a=b c\")"}
14:01:06.320865 POST /session/50ef7a04-1fca-4a99-991c-a373c513603b/element [8.317375ms] ERR:404 body={"strategy":"-android uiautomator","selector":"new UiSelector().textMatches(\"(?is).*\\Qa=b c\\E.*\"...
14:01:06.333126 POST /session/50ef7a04-1fca-4a99-991c-a373c513603b/element [12.219958ms] ERR:404 body={"strategy":"-android uiautomator","selector":"new UiSelector().descriptionMatches(\"(?is).*\\Qa=b c...
14:01:06.341850 POST /session/50ef7a04-1fca-4a99-991c-a373c513603b/element [8.681083ms] ERR:404 body={"strategy":"-android uiautomator","selector":"new UiSelector().textContains(\"a=b c\")"}
14:01:06.350633 POST /session/50ef7a04-1fca-4a99-991c-a373c513603b/element [8.733292ms] ERR:404 body={"strategy":"-android uiautomator","selector":"new UiSelector().descriptionContains(\"a=b c\")"}
14:01:06.360974 POST /session/50ef7a04-1fca-4a99-991c-a373c513603b/element [10.284875ms] ERR:404 body={"strategy":"-android uiautomator","selector":"new UiSelector().textMatches(\"(?is).*\\Qa=b c\\E.*\"...
14:01:06.370926 POST /session/50ef7a04-1fca-4a99-991c-a373c513603b/element [9.907292ms] ERR:404 body={"strategy":"-android uiautomator","selector":"new UiSelector().descriptionMatches(\"(?is).*\\Qa=b c...
14:01:06.378064 POST /session/50ef7a04-1fca-4a99-991c-a373c513603b/element [7.0965ms] ERR:404 body={"strategy":"-android uiautomator","selector":"new UiSelector().textContains(\"a=b c\")"}
14:01:06.385755 POST /session/50ef7a04-1fca-4a99-991c-a373c513603b/element [7.650791ms] ERR:404 body={"strategy":"-android uiautomator","selector":"new UiSelector().descriptionContains(\"a=b c\")"}
14:01:06.395324 POST /session/50ef7a04-1fca-4a99-991c-a373c513603b/element [9.534458ms] ERR:404 body={"strategy":"-android uiautomator","selector":"new UiSelector().textMatches(\"(?is).*\\Qa=b c\\E.*\"...
14:01:06.406648 POST /session/50ef7a04-1fca-4a99-991c-a373c513603b/element [11.264834ms] ERR:404 body={"strategy":"-android uiautomator","selector":"new UiSelector().descriptionMatches(\"(?is).*\\Qa=b c...
14:01:06.416597 POST /session/50ef7a04-1fca-4a99-991c-a373c513603b/element [9.89125ms] ERR:404 body={"strategy":"-android uiautomator","selector":"new UiSelector().textContains(\"a=b c\")"}
14:01:06.427180 POST /session/50ef7a04-1fca-4a99-991c-a373c513603b/element [10.527084ms] ERR:404 body={"strategy":"-android uiautomator","selector":"new UiSelector().descriptionContains(\"a=b c\")"}
14:01:06.438800 POST /session/50ef7a04-1fca-4a99-991c-a373c513603b/element [11.572459ms] ERR:404 body={"strategy":"-android uiautomator","selector":"new UiSelector().textMatches(\"(?is).*\\Qa=b c\\E.*\"...
14:01:06.445469 POST /session/50ef7a04-1fca-4a99-991c-a373c513603b/element [6.623416ms] ERR:404 body={"strategy":"-android uiautomator","selector":"new UiSelector().descriptionMatches(\"(?is).*\\Qa=b c...
14:01:06.453137 POST /session/50ef7a04-1fca-4a99-991c-a373c513603b/element [7.637125ms] ERR:404 body={"strategy":"-android uiautomator","selector":"new UiSelector().textContains(\"a=b c\")"}
14:01:06.460943 POST /session/50ef7a04-1fca-4a99-991c-a373c513603b/element [7.774792ms] ERR:404 body={"strategy":"-android uiautomator","selector":"new UiSelector().descriptionContains(\"a=b c\")"}
14:01:06.470770 POST /session/50ef7a04-1fca-4a99-991c-a373c513603b/element [9.790958ms] ERR:404 body={"strategy":"-android uiautomator","selector":"new UiSelector().textMatches(\"(?is).*\\Qa=b c\\E.*\"...
14:01:06.479354 POST /session/50ef7a04-1fca-4a99-991c-a373c513603b/element [8.553375ms] ERR:404 body={"strategy":"-android uiautomator","selector":"new UiSelector().descriptionMatches(\"(?is).*\\Qa=b c...
14:01:06.485856 POST /session/50ef7a04-1fca-4a99-991c-a373c513603b/element [6.46575ms] ERR:404 body={"strategy":"-android uiautomator","selector":"new UiSelector().textContains(\"a=b c\")"}
14:01:06.493997 POST /session/50ef7a04-1fca-4a99-991c-a373c513603b/element [8.109541ms] ERR:404 body={"strategy":"-android uiautomator","selector":"new UiSelector().descriptionContains(\"a=b c\")"}
14:01:06.502207 POST /session/50ef7a04-1fca-4a99-991c-a373c513603b/element [8.180916ms] ERR:404 body={"strategy":"-android uiautomator","selector":"new UiSelector().textMatches(\"(?is).*\\Qa=b c\\E.*\"...
14:01:06.508973 POST /session/50ef7a04-1fca-4a99-991c-a373c513603b/element [6.716541ms] ERR:404 body={"strategy":"-android uiautomator","selector":"new UiSelector().descriptionMatches(\"(?is).*\\Qa=b c...
14:01:06.516206 POST /session/50ef7a04-1fca-4a99-991c-a373c513603b/element [7.201625ms] ERR:404 body={"strategy":"-android uiautomator","selector":"new UiSelector().textContains(\"a=b c\")"}
14:01:06.524370 POST /session/50ef7a04-1fca-4a99-991c-a373c513603b/element [8.134625ms] ERR:404 body={"strategy":"-android uiautomator","selector":"new UiSelector().descriptionContains(\"a=b c\")"}
14:01:06.533708 POST /session/50ef7a04-1fca-4a99-991c-a373c513603b/element [9.305625ms] ERR:404 body={"strategy":"-android uiautomator","selector":"new UiSelector().textMatches(\"(?is).*\\Qa=b c\\E.*\"...
14:01:06.551185 POST /session/50ef7a04-1fca-4a99-991c-a373c513603b/element [17.4265ms] ERR:404 body={"strategy":"-android uiautomator","selector":"new UiSelector().descriptionMatches(\"(?is).*\\Qa=b c...
14:01:06.563904 POST /session/50ef7a04-1fca-4a99-991c-a373c513603b/element [12.647334ms] ERR:404 body={"strategy":"-android uiautomator","selector":"new UiSelector().textContains(\"a=b c\")"}
14:01:06.576143 POST /session/50ef7a04-1fca-4a99-991c-a373c513603b/element [12.1725ms] ERR:404 body={"strategy":"-android uiautomator","selector":"new UiSelector().descriptionContains(\"a=b c\")"}
14:01:06.588159 POST /session/50ef7a04-1fca-4a99-991c-a373c513603b/element [11.954708ms] ERR:404 body={"strategy":"-android uiautomator","selector":"new UiSelector().textMatches(\"(?is).*\\Qa=b c\\E.*\"...
14:01:06.598301 POST /session/50ef7a04-1fca-4a99-991c-a373c513603b/element [10.086417ms] ERR:404 body={"strategy":"-android uiautomator","selector":"new UiSelector().descriptionMatches(\"(?is).*\\Qa=b c...
14:01:06.608034 POST /session/50ef7a04-1fca-4a99-991c-a373c513603b/element [9.683584ms] ERR:404 body={"strategy":"-android uiautomator","selector":"new UiSelector().textContains(\"a=b c\")"}
14:01:06.618805 POST /session/50ef7a04-1fca-4a99-991c-a373c513603b/element [10.714042ms] ERR:404 body={"strategy":"-android uiautomator","selector":"new UiSelector().descriptionContains(\"a=b c\")"}
14:01:06.627928 POST /session/50ef7a04-1fca-4a99-991c-a373c513603b/element [9.069ms] ERR:404 body={"strategy":"-android uiautomator","selector":"new UiSelector().textMatches(\"(?is).*\\Qa=b c\\E.*\"...
14:01:06.639935 POST /session/50ef7a04-1fca-4a99-991c-a373c513603b/element [11.951ms] ERR:404 body={"strategy":"-android uiautomator","selector":"new UiSelector().descriptionMatches(\"(?is).*\\Qa=b c...
14:01:06.660937 POST /session/50ef7a04-1fca-4a99-991c-a373c513603b/element [20.936541ms] ERR:404 body={"strategy":"-android uiautomator","selector":"new UiSelector().textContains(\"a=b c\")"}
14:01:06.670941 POST /session/50ef7a04-1fca-4a99-991c-a373c513603b/element [9.952292ms] ERR:404 body={"strategy":"-android uiautomator","selector":"new UiSelector().descriptionContains(\"a=b c\")"}
14:01:06.680175 POST /session/50ef7a04-1fca-4a99-991c-a373c513603b/element [9.179167ms] ERR:404 body={"strategy":"-android uiautomator","selector":"new UiSelector().textMatches(\"(?is).*\\Qa=b c\\E.*\"...
14:01:06.691799 POST /session/50ef7a04-1fca-4a99-991c-a373c513603b/element [11.561041ms] ERR:404 body={"strategy":"-android uiautomator","selector":"new UiSelector().descriptionMatches(\"(?is).*\\Qa=b c...
14:01:06.703217 POST /session/50ef7a04-1fca-4a99-991c-a373c513603b/element [11.36275ms] ERR:404 body={"strategy":"-android uiautomator","selector":"new UiSelector().textContains(\"a=b c\")"}
14:01:06.712925 POST /session/50ef7a04-1fca-4a99-991c-a373c513603b/element [9.65025ms] ERR:404 body={"strategy":"-android uiautomator","selector":"new UiSelector().descriptionContains(\"a=b c\")"}
14:01:06.720798 POST /session/50ef7a04-1fca-4a99-991c-a373c513603b/element [7.821292ms] ERR:404 body={"strategy":"-android uiautomator","selector":"new UiSelector().textMatches(\"(?is).*\\Qa=b c\\E.*\"...
14:01:06.731218 POST /session/50ef7a04-1fca-4a99-991c-a373c513603b/element [10.353166ms] ERR:404 body={"strategy":"-android uiautomator","selector":"new UiSelector().descriptionMatches(\"(?is).*\\Qa=b c...
14:01:06.741801 POST /session/50ef7a04-1fca-4a99-991c-a373c513603b/element [10.517ms] ERR:404 body={"strategy":"-android uiautomator","selector":"new UiSelector().textContains(\"a=b c\")"}
14:01:06.757693 POST /session/50ef7a04-1fca-4a99-991c-a373c513603b/element [15.835166ms] ERR:404 body={"strategy":"-android uiautomator","selector":"new UiSelector().descriptionContains(\"a=b c\")"}
14:01:06.777521 POST /session/50ef7a04-1fca-4a99-991c-a373c513603b/element [19.759583ms] ERR:404 body={"strategy":"-android uiautomator","selector":"new UiSelector().textMatches(\"(?is).*\\Qa=b c\\E.*\"...
14:01:06.790600 POST /session/50ef7a04-1fca-4a99-991c-a373c513603b/element [13.009708ms] ERR:404 body={"strategy":"-android uiautomator","selector":"new UiSelector().descriptionMatches(\"(?is).*\\Qa=b c...
14:01:06.802998 POST /session/50ef7a04-1fca-4a99-991c-a373c513603b/element [12.32075ms] ERR:404 body={"strategy":"-android uiautomator","selector":"new UiSelector().textContains(\"a=b c\")"}
14:01:06.813412 POST /session/50ef7a04-1fca-4a99-991c-a373c513603b/element [10.353084ms] ERR:404 body={"strategy":"-android uiautomator","selector":"new UiSelector().descriptionContains(\"a=b c\")"}
14:01:06.824341 POST /session/50ef7a04-1fca-4a99-991c-a373c513603b/element [10.71425ms] ERR:404 body={"strategy":"-android uiautomator","selector":"new UiSelector().textMatches(\"(?is).*\\Qa=b c\\E.*\"...
14:01:06.833819 POST /session/50ef7a04-1fca-4a99-991c-a373c513603b/element [9.435083ms] ERR:404 body={"strategy":"-android uiautomator","selector":"new UiSelector().descriptionMatches(\"(?is).*\\Qa=b c...
14:01:06.843082 POST /session/50ef7a04-1fca-4a99-991c-a373c513603b/element [9.221166ms] ERR:404 body={"strategy":"-android uiautomator","selector":"new UiSelector().textContains(\"a=b c\")"}
14:01:06.852299 POST /session/50ef7a04-1fca-4a99-991c-a373c513603b/element [9.17525ms] ERR:404 body={"strategy":"-android uiautomator","selector":"new UiSelector().descriptionContains(\"a=b c\")"}
14:01:06.860233 POST /session/50ef7a04-1fca-4a99-991c-a373c513603b/element [7.897167ms] ERR:404 body={"strategy":"-android uiautomator","selector":"new UiSelector().textMatches(\"(?is).*\\Qa=b c\\E.*\"...
14:01:06.869389 POST /session/50ef7a04-1fca-4a99-991c-a373c513603b/element [9.118125ms] ERR:404 body={"strategy":"-android uiautomator","selector":"new UiSelector().descriptionMatches(\"(?is).*\\Qa=b c...
14:01:06.879659 POST /session/50ef7a04-1fca-4a99-991c-a373c513603b/element [9.948916ms] ERR:404 body={"strategy":"-android uiautomator","selector":"new UiSelector().textContains(\"a=b c\")"}
14:01:06.889807 POST /session/50ef7a04-1fca-4a99-991c-a373c513603b/element [10.115334ms] ERR:404 body={"strategy":"-android uiautomator","selector":"new UiSelector().descriptionContains(\"a=b c\")"}
14:01:06.899039 POST /session/50ef7a04-1fca-4a99-991c-a373c513603b/element [9.196542ms] ERR:404 body={"strategy":"-android uiautomator","selector":"new UiSelector().textMatches(\"(?is).*\\Qa=b c\\E.*\"...
14:01:06.908386 POST /session/50ef7a04-1fca-4a99-991c-a373c513603b/element [9.309ms] ERR:404 body={"strategy":"-android uiautomator","selector":"new UiSelector().descriptionMatches(\"(?is).*\\Qa=b c...
14:01:06.916512 POST /session/50ef7a04-1fca-4a99-991c-a373c513603b/element [8.083125ms] ERR:404 body={"strategy":"-android uiautomator","selector":"new UiSelector().textContains(\"a=b c\")"}
14:01:06.924975 POST /session/50ef7a04-1fca-4a99-991c-a373c513603b/element [8.420875ms] ERR:404 body={"strategy":"-android uiautomator","selector":"new UiSelector().descriptionContains(\"a=b c\")"}
14:01:06.934706 POST /session/50ef7a04-1fca-4a99-991c-a373c513603b/element [9.682459ms] ERR:404 body={"strategy":"-android uiautomator","selector":"new UiSelector().textMatches(\"(?is).*\\Qa=b c\\E.*\"...
14:01:06.950183 POST /session/50ef7a04-1fca-4a99-991c-a373c513603b/element [15.410375ms] ERR:404 body={"strategy":"-android uiautomator","selector":"new UiSelector().descriptionMatches(\"(?is).*\\Qa=b c...
14:01:06.959819 POST /session/50ef7a04-1fca-4a99-991c-a373c513603b/element [9.578708ms] ERR:404 body={"strategy":"-android uiautomator","selector":"new UiSelector().textContains(\"a=b c\")"}
14:01:06.972329 POST /session/50ef7a04-1fca-4a99-991c-a373c513603b/element [12.437792ms] ERR:404 body={"strategy":"-android uiautomator","selector":"new UiSelector().descriptionContains(\"a=b c\")"}
14:01:06.983540 POST /session/50ef7a04-1fca-4a99-991c-a373c513603b/element [11.159208ms] ERR:404 body={"strategy":"-android uiautomator","selector":"new UiSelector().textMatches(\"(?is).*\\Qa=b c\\E.*\"...
14:01:06.993716 POST /session/50ef7a04-1fca-4a99-991c-a373c513603b/element [10.117875ms] ERR:404 body={"strategy":"-android uiautomator","selector":"new UiSelector().descriptionMatches(\"(?is).*\\Qa=b c...
14:01:07.001479 POST /session/50ef7a04-1fca-4a99-991c-a373c513603b/element [7.696791ms] ERR:404 body={"strategy":"-android uiautomator","selector":"new UiSelector().textContains(\"a=b c\")"}
14:01:07.013011 POST /session/50ef7a04-1fca-4a99-991c-a373c513603b/element [11.464042ms] ERR:404 body={"strategy":"-android uiautomator","selector":"new UiSelector().descriptionContains(\"a=b c\")"}
14:01:07.023451 POST /session/50ef7a04-1fca-4a99-991c-a373c513603b/element [10.382167ms] ERR:404 body={"strategy":"-android uiautomator","selector":"new UiSelector().textMatches(\"(?is).*\\Qa=b c\\E.*\"...
14:01:07.032165 POST /session/50ef7a04-1fca-4a99-991c-a373c513603b/element [8.66975ms] ERR:404 body={"strategy":"-android uiautomator","selector":"new UiSelector().descriptionMatches(\"(?is).*\\Qa=b c...
14:01:07.045062 POST /session/50ef7a04-1fca-4a99-991c-a373c513603b/element [12.839583ms] ERR:404 body={"strategy":"-android uiautomator","selector":"new UiSelector().textContains(\"a=b c\")"}
14:01:07.054962 POST /session/50ef7a04-1fca-4a99-991c-a373c513603b/element [9.842708ms] ERR:404 body={"strategy":"-android uiautomator","selector":"new UiSelector().descriptionContains(\"a=b c\")"}
14:01:07.065384 POST /session/50ef7a04-1fca-4a99-991c-a373c513603b/element [10.378792ms] ERR:404 body={"strategy":"-android uiautomator","selector":"new UiSelector().textMatches(\"(?is).*\\Qa=b c\\E.*\"...
14:01:07.075256 POST /session/50ef7a04-1fca-4a99-991c-a373c513603b/element [9.825084ms] ERR:404 body={"strategy":"-android uiautomator","selector":"new UiSelector().descriptionMatches(\"(?is).*\\Qa=b c...
14:01:07.082729 POST /session/50ef7a04-1fca-4a99-991c-a373c513603b/element [7.430875ms] ERR:404 body={"strategy":"-android uiautomator","selector":"new UiSelector().textContains(\"a=b c\")"}
14:01:07.091962 POST /session/50ef7a04-1fca-4a99-991c-a373c513603b/element [9.177167ms] ERR:404 body={"strategy":"-android uiautomator","selector":"new UiSelector().descriptionContains(\"a=b c\")"}
14:01:07.099335 POST /session/50ef7a04-1fca-4a99-991c-a373c513603b/element [7.332792ms] ERR:404 body={"strategy":"-android uiautomator","selector":"new UiSelector().textMatches(\"(?is).*\\Qa=b c\\E.*\"...
14:01:07.109453 POST /session/50ef7a04-1fca-4a99-991c-a373c513603b/element [10.073708ms] ERR:404 body={"strategy":"-android uiautomator","selector":"new UiSelector().descriptionMatches(\"(?is).*\\Qa=b c...
14:01:07.117921 POST /session/50ef7a04-1fca-4a99-991c-a373c513603b/element [8.409792ms] ERR:404 body={"strategy":"-android uiautomator","selector":"new UiSelector().textContains(\"a=b c\")"}
14:01:07.124947 POST /session/50ef7a04-1fca-4a99-991c-a373c513603b/element [6.966333ms] ERR:404 body={"strategy":"-android uiautomator","selector":"new UiSelector().descriptionContains(\"a=b c\")"}
14:01:07.136933 POST /session/50ef7a04-1fca-4a99-991c-a373c513603b/element [11.933416ms] ERR:404 body={"strategy":"-android uiautomator","selector":"new UiSelector().textMatches(\"(?is).*\\Qa=b c\\E.*\"...
14:01:07.147063 POST /session/50ef7a04-1fca-4a99-991c-a373c513603b/element [10.0795ms] ERR:404 body={"strategy":"-android uiautomator","selector":"new UiSelector().descriptionMatches(\"(?is).*\\Qa=b c...
14:01:07.157021 POST /session/50ef7a04-1fca-4a99-991c-a373c513603b/element [9.91ms] ERR:404 body={"strategy":"-android uiautomator","selector":"new UiSelector().textContains(\"a=b c\")"}
14:01:07.165641 POST /session/50ef7a04-1fca-4a99-991c-a373c513603b/element [8.575583ms] ERR:404 body={"strategy":"-android uiautomator","selector":"new UiSelector().descriptionContains(\"a=b c\")"}
14:01:07.174975 POST /session/50ef7a04-1fca-4a99-991c-a373c513603b/element [9.241125ms] ERR:404 body={"strategy":"-android uiautomator","selector":"new UiSelector().textMatches(\"(?is).*\\Qa=b c\\E.*\"...
14:01:07.184156 POST /session/50ef7a04-1fca-4a99-991c-a373c513603b/element [9.139167ms] ERR:404 body={"strategy":"-android uiautomator","selector":"new UiSelector().descriptionMatches(\"(?is).*\\Qa=b c...
14:01:07.196133 POST /session/50ef7a04-1fca-4a99-991c-a373c513603b/element [11.926417ms] ERR:404 body={"strategy":"-android uiautomator","selector":"new UiSelector().textContains(\"a=b c\")"}
14:01:07.206566 POST /session/50ef7a04-1fca-4a99-991c-a373c513603b/element [10.379208ms] ERR:404 body={"strategy":"-android uiautomator","selector":"new UiSelector().descriptionContains(\"a=b c\")"}
14:01:07.218903 POST /session/50ef7a04-1fca-4a99-991c-a373c513603b/element [12.291417ms] ERR:404 body={"strategy":"-android uiautomator","selector":"new UiSelector().textMatches(\"(?is).*\\Qa=b c\\E.*\"...
14:01:07.227782 POST /session/50ef7a04-1fca-4a99-991c-a373c513603b/element [8.825792ms] ERR:404 body={"strategy":"-android uiautomator","selector":"new UiSelector().descriptionMatches(\"(?is).*\\Qa=b c...
14:01:07.237052 POST /session/50ef7a04-1fca-4a99-991c-a373c513603b/element [9.225959ms] ERR:404 body={"strategy":"-android uiautomator","selector":"new UiSelector().textContains(\"a=b c\")"}
14:01:07.245512 POST /session/50ef7a04-1fca-4a99-991c-a373c513603b/element [8.418875ms] ERR:404 body={"strategy":"-android uiautomator","selector":"new UiSelector().descriptionContains(\"a=b c\")"}
14:01:07.254996 POST /session/50ef7a04-1fca-4a99-991c-a373c513603b/element [9.440209ms] ERR:404 body={"strategy":"-android uiautomator","selector":"new UiSelector().textMatches(\"(?is).*\\Qa=b c\\E.*\"...
14:01:07.263515 POST /session/50ef7a04-1fca-4a99-991c-a373c513603b/element [8.463083ms] ERR:404 body={"strategy":"-android uiautomator","selector":"new UiSelector().descriptionMatches(\"(?is).*\\Qa=b c...
14:01:07.271559 POST /session/50ef7a04-1fca-4a99-991c-a373c513603b/element [7.991125ms] ERR:404 body={"strategy":"-android uiautomator","selector":"new UiSelector().textContains(\"a=b c\")"}
14:01:07.279985 POST /session/50ef7a04-1fca-4a99-991c-a373c513603b/element [8.389292ms] ERR:404 body={"strategy":"-android uiautomator","selector":"new UiSelector().descriptionContains(\"a=b c\")"}
14:01:07.288487 POST /session/50ef7a04-1fca-4a99-991c-a373c513603b/element [8.470041ms] ERR:404 body={"strategy":"-android uiautomator","selector":"new UiSelector().textMatches(\"(?is).*\\Qa=b c\\E.*\"...
14:01:07.297642 POST /session/50ef7a04-1fca-4a99-991c-a373c513603b/element [9.120041ms] ERR:404 body={"strategy":"-android uiautomator","selector":"new UiSelector().descriptionMatches(\"(?is).*\\Qa=b c...
14:01:07.304110 POST /session/50ef7a04-1fca-4a99-991c-a373c513603b/element [6.427583ms] ERR:404 body={"strategy":"-android uiautomator","selector":"new UiSelector().textContains(\"a=b c\")"}
14:01:07.311021 POST /session/50ef7a04-1fca-4a99-991c-a373c513603b/element [6.872208ms] ERR:404 body={"strategy":"-android uiautomator","selector":"new UiSelector().descriptionContains(\"a=b c\")"}
14:01:07.319081 POST /session/50ef7a04-1fca-4a99-991c-a373c513603b/element [8.025167ms] ERR:404 body={"strategy":"-android uiautomator","selector":"new UiSelector().textMatches(\"(?is).*\\Qa=b c\\E.*\"...
14:01:07.325632 POST /session/50ef7a04-1fca-4a99-991c-a373c513603b/element [6.518542ms] ERR:404 body={"strategy":"-android uiautomator","selector":"new UiSelector().descriptionMatches(\"(?is).*\\Qa=b c...
14:01:07.335289 POST /session/50ef7a04-1fca-4a99-991c-a373c513603b/element [9.626833ms] ERR:404 body={"strategy":"-android uiautomator","selector":"new UiSelector().textContains(\"a=b c\")"}
14:01:07.342908 POST /session/50ef7a04-1fca-4a99-991c-a373c513603b/element [7.587167ms] ERR:404 body={"strategy":"-android uiautomator","selector":"new UiSelector().descriptionContains(\"a=b c\")"}
14:01:07.348617 POST /session/50ef7a04-1fca-4a99-991c-a373c513603b/element [5.677875ms] ERR:404 body={"strategy":"-android uiautomator","selector":"new UiSelector().textMatches(\"(?is).*\\Qa=b c\\E.*\"...
14:01:07.358728 POST /session/50ef7a04-1fca-4a99-991c-a373c513603b/element [10.071708ms] ERR:404 body={"strategy":"-android uiautomator","selector":"new UiSelector().descriptionMatches(\"(?is).*\\Qa=b c...
14:01:07.369155 POST /session/50ef7a04-1fca-4a99-991c-a373c513603b/element [10.363709ms] ERR:404 body={"strategy":"-android uiautomator","selector":"new UiSelector().textContains(\"a=b c\")"}
14:01:07.376475 POST /session/50ef7a04-1fca-4a99-991c-a373c513603b/element [7.262333ms] ERR:404 body={"strategy":"-android uiautomator","selector":"new UiSelector().descriptionContains(\"a=b c\")"}
14:01:07.382714 POST /session/50ef7a04-1fca-4a99-991c-a373c513603b/element [6.186625ms] ERR:404 body={"strategy":"-android uiautomator","selector":"new UiSelector().textMatches(\"(?is).*\\Qa=b c\\E.*\"...
14:01:07.391137 POST /session/50ef7a04-1fca-4a99-991c-a373c513603b/element [8.363417ms] ERR:404 body={"strategy":"-android uiautomator","selector":"new UiSelector().descriptionMatches(\"(?is).*\\Qa=b c...
14:01:07.401879 POST /session/50ef7a04-1fca-4a99-991c-a373c513603b/element [10.690458ms] ERR:404 body={"strategy":"-android uiautomator","selector":"new UiSelector().textContains(\"a=b c\")"}
14:01:07.412534 POST /session/50ef7a04-1fca-4a99-991c-a373c513603b/element [10.605167ms] ERR:404 body={"strategy":"-android uiautomator","selector":"new UiSelector().descriptionContains(\"a=b c\")"}
14:01:07.422490 POST /session/50ef7a04-1fca-4a99-991c-a373c513603b/element [9.896625ms] ERR:404 body={"strategy":"-android uiautomator","selector":"new UiSelector().textMatches(\"(?is).*\\Qa=b c\\E.*\"...
14:01:07.431866 POST /session/50ef7a04-1fca-4a99-991c-a373c513603b/element [9.145833ms] ERR:404 body={"strategy":"-android uiautomator","selector":"new UiSelector().descriptionMatches(\"(?is).*\\Qa=b c...
14:01:07.442241 POST /session/50ef7a04-1fca-4a99-991c-a373c513603b/element [10.319ms] ERR:404 body={"strategy":"-android uiautomator","selector":"new UiSelector().textContains(\"a=b c\")"}
14:01:07.456382 POST /session/50ef7a04-1fca-4a99-991c-a373c513603b/element [14.087458ms] ERR:404 body={"strategy":"-android uiautomator","selector":"new UiSelector().descriptionContains(\"a=b c\")"}
14:01:07.466627 POST /session/50ef7a04-1fca-4a99-991c-a373c513603b/element [10.189625ms] ERR:404 body={"strategy":"-android uiautomator","selector":"new UiSelector().textMatches(\"(?is).*\\Qa=b c\\E.*\"...
14:01:07.479691 POST /session/50ef7a04-1fca-4a99-991c-a373c513603b/element [13.011458ms] ERR:404 body={"strategy":"-android uiautomator","selector":"new UiSelector().descriptionMatches(\"(?is).*\\Qa=b c...
14:01:07.494581 POST /session/50ef7a04-1fca-4a99-991c-a373c513603b/element [14.816959ms] ERR:404 body={"strategy":"-android uiautomator","selector":"new UiSelector().textContains(\"a=b c\")"}
14:01:07.507122 POST /session/50ef7a04-1fca-4a99-991c-a373c513603b/element [12.472542ms] ERR:404 body={"strategy":"-android uiautomator","selector":"new UiSelector().descriptionContains(\"a=b c\")"}
14:01:07.518449 POST /session/50ef7a04-1fca-4a99-991c-a373c513603b/element [11.123875ms] ERR:404 body={"strategy":"-android uiautomator","selector":"new UiSelector().textMatches(\"(?is).*\\Qa=b c\\E.*\"...
14:01:07.533944 POST /session/50ef7a04-1fca-4a99-991c-a373c513603b/element [15.397167ms] ERR:404 body={"strategy":"-android uiautomator","selector":"new UiSelector().descriptionMatches(\"(?is).*\\Qa=b c...
14:01:07.554316 GET /session/50ef7a04-1fca-4a99-991c-a373c513603b/source [19.070959ms] OK body=
14:01:07.710407 GET /session/50ef7a04-1fca-4a99-991c-a373c513603b/screenshot [154.648166ms] OK body=
14:01:07.731833 GET /session/50ef7a04-1fca-4a99-991c-a373c513603b/source [20.957334ms] OK body=
14:01:07.736146 DELETE /session/50ef7a04-1fca-4a99-991c-a373c513603b [1.30725ms] OK body=
