14:06:37.014423 POST /session [6.854375ms] OK body={"capabilities":{"platformName":"Android","deviceName":"sdk_gphone64_arm64"}}
14:06:37.018175 POST /session/60124aca-76ae-43fb-8ded-f2951486e30c/appium/settings [3.67625ms] OK body={"settings":{"enableMultiWindows":true,"waitForIdleTimeout":200}}
14:06:37.020501 POST /session/60124aca-76ae-43fb-8ded-f2951486e30c/appium/settings [2.293ms] OK body={"settings":{"implicitWait":100}}
14:06:37.063029 GET /session/60124aca-76ae-43fb-8ded-f2951486e30c/appium/device/info [18.574834ms] OK body=
14:06:37.070885 POST /session/60124aca-76ae-43fb-8ded-f2951486e30c/appium/settings [4.754083ms] OK body={"settings":{"waitForIdleTimeout":200}}
14:06:37.997883 POST /session/60124aca-76ae-43fb-8ded-f2951486e30c/appium/device/launch_app [13.255083ms] OK body={"appId":"com.kylebrowning.landmarks"}
14:06:39.446467 POST /session/60124aca-76ae-43fb-8ded-f2951486e30c/element [446.853209ms] OK body={"strategy":"-android uiautomator","selector":"new UiSelector().textContains(\"Landmarks\")"}
14:06:40.006011 POST /session/60124aca-76ae-43fb-8ded-f2951486e30c/element [552.736417ms] OK body={"strategy":"-android uiautomator","selector":"new UiSelector().textContains(\"Featured\")"}
14:06:40.066610 POST /session/60124aca-76ae-43fb-8ded-f2951486e30c/element [59.716208ms] ERR:404 body={"strategy":"-android uiautomator","selector":"new UiSelector().textContains(\"This never appears\")...
14:06:40.110842 POST /session/60124aca-76ae-43fb-8ded-f2951486e30c/element [44.106125ms] ERR:404 body={"strategy":"-android uiautomator","selector":"new UiSelector().descriptionContains(\"This never app...
14:06:40.147566 POST /session/60124aca-76ae-43fb-8ded-f2951486e30c/element [36.669167ms] ERR:404 body={"strategy":"-android uiautomator","selector":"new UiSelector().textMatches(\"(?is).*\\QThis never a...
14:06:40.179616 POST /session/60124aca-76ae-43fb-8ded-f2951486e30c/element [31.991666ms] ERR:404 body={"strategy":"-android uiautomator","selector":"new UiSelector().descriptionMatches(\"(?is).*\\QThis ...
14:06:40.208538 POST /session/60124aca-76ae-43fb-8ded-f2951486e30c/element [28.865958ms] ERR:404 body={"strategy":"-android uiautomator","selector":"new UiSelector().textContains(\"This never appears\")...
14:06:40.232322 POST /session/60124aca-76ae-43fb-8ded-f2951486e30c/element [23.730542ms] ERR:404 body={"strategy":"-android uiautomator","selector":"new UiSelector().descriptionContains(\"This never app...
14:06:40.258363 POST /session/60124aca-76ae-43fb-8ded-f2951486e30c/element [25.968041ms] ERR:404 body={"strategy":"-android uiautomator","selector":"new UiSelector().textMatches(\"(?is).*\\QThis never a...
14:06:40.282849 POST /session/60124aca-76ae-43fb-8ded-f2951486e30c/element [24.4135ms] ERR:404 body={"strategy":"-android uiautomator","selector":"new UiSelector().descriptionMatches(\"(?is).*\\QThis ...
14:06:40.305860 POST /session/60124aca-76ae-43fb-8ded-f2951486e30c/element [22.951333ms] ERR:404 body={"strategy":"-android uiautomator","selector":"new UiSelector().textContains(\"This never appears\")...
14:06:40.327355 POST /session/60124aca-76ae-43fb-8ded-f2951486e30c/element [21.432792ms] ERR:404 body={"strategy":"-android uiautomator","selector":"new UiSelector().descriptionContains(\"This never app...
14:06:40.353788 POST /session/60124aca-76ae-43fb-8ded-f2951486e30c/element [26.357458ms] ERR:404 body={"strategy":"-android uiautomator","selector":"new UiSelector().textMatches(\"(?is).*\\QThis never a...
14:06:40.373321 POST /session/60124aca-76ae-43fb-8ded-f2951486e30c/element [19.461541ms] ERR:404 body={"strategy":"-android uiautomator","selector":"new UiSelector().descriptionMatches(\"(?is).*\\QThis ...
14:06:40.396541 POST /session/60124aca-76ae-43fb-8ded-f2951486e30c/element [23.165166ms] ERR:404 body={"strategy":"-android uiautomator","selector":"new UiSelector().textContains(\"This never appears\")...
14:06:40.416142 POST /session/60124aca-76ae-43fb-8ded-f2951486e30c/element [19.542708ms] ERR:404 body={"strategy":"-android uiautomator","selector":"new UiSelector().descriptionContains(\"This never app...
14:06:40.446857 POST /session/60124aca-76ae-43fb-8ded-f2951486e30c/element [30.634792ms] ERR:404 body={"strategy":"-android uiautomator","selector":"new UiSelector().textMatches(\"(?is).*\\QThis never a...
14:06:40.469037 POST /session/60124aca-76ae-43fb-8ded-f2951486e30c/element [22.122083ms] ERR:404 body={"strategy":"-android uiautomator","selector":"new UiSelector().descriptionMatches(\"(?is).*\\QThis ...
14:06:40.490459 POST /session/60124aca-76ae-43fb-8ded-f2951486e30c/element [21.311ms] ERR:404 body={"strategy":"-android uiautomator","selector":"new UiSelector().textContains(\"This never appears\")...
14:06:40.510301 POST /session/60124aca-76ae-43fb-8ded-f2951486e30c/element [19.717334ms] ERR:404 body={"strategy":"-android uiautomator","selector":"new UiSelector().descriptionContains(\"This never app...
14:06:40.535147 POST /session/60124aca-76ae-43fb-8ded-f2951486e30c/element [24.785583ms] ERR:404 body={"strategy":"-android uiautomator","selector":"new UiSelector().textMatches(\"(?is).*\\QThis never a...
14:06:40.564854 POST /session/60124aca-76ae-43fb-8ded-f2951486e30c/element [29.618834ms] ERR:404 body={"strategy":"-android uiautomator","selector":"new UiSelector().descriptionMatches(\"(?is).*\\QThis ...
14:06:40.587150 POST /session/60124aca-76ae-43fb-8ded-f2951486e30c/element [22.223875ms] ERR:404 body={"strategy":"-android uiautomator","selector":"new UiSelector().textContains(\"This never appears\")...
14:06:40.611669 POST /session/60124aca-76ae-43fb-8ded-f2951486e30c/element [24.442583ms] ERR:404 body={"strategy":"-android uiautomator","selector":"new UiSelector().descriptionContains(\"This never app...
14:06:40.633625 POST /session/60124aca-76ae-43fb-8ded-f2951486e30c/element [21.892ms] ERR:404 body={"strategy":"-android uiautomator","selector":"new UiSelector().textMatches(\"(?is).*\\QThis never a...
14:06:40.656534 POST /session/60124aca-76ae-43fb-8ded-f2951486e30c/element [22.86025ms] ERR:404 body={"strategy":"-android uiautomator","selector":"new UiSelector().descriptionMatches(\"(?is).*\\QThis ...
14:06:40.680196 POST /session/60124aca-76ae-43fb-8ded-f2951486e30c/element [23.605333ms] ERR:404 body={"strategy":"-android uiautomator","selector":"new UiSelector().textContains(\"This never appears\")...
14:06:40.701740 POST /session/60124aca-76ae-43fb-8ded-f2951486e30c/element [21.485208ms] ERR:404 body={"strategy":"-android uiautomator","selector":"new UiSelector().descriptionContains(\"This never app...
14:06:40.722386 POST /session/60124aca-76ae-43fb-8ded-f2951486e30c/element [20.576834ms] ERR:404 body={"strategy":"-android uiautomator","selector":"new UiSelector().textMatches(\"(?is).*\\QThis never a...
14:06:40.743166 POST /session/60124aca-76ae-43fb-8ded-f2951486e30c/element [20.695541ms] ERR:404 body={"strategy":"-android uiautomator","selector":"new UiSelector().descriptionMatches(\"(?is).*\\QThis ...
14:06:40.764198 POST /session/60124aca-76ae-43fb-8ded-f2951486e30c/element [20.965791ms] ERR:404 body={"strategy":"-android uiautomator","selector":"new UiSelector().textContains(\"This never appears\")...
14:06:40.783338 POST /session/60124aca-76ae-43fb-8ded-f2951486e30c/element [19.084458ms] ERR:404 body={"strategy":"-android uiautomator","selector":"new UiSelector().descriptionContains(\"This never app...
14:06:40.800920 POST /session/60124aca-76ae-43fb-8ded-f2951486e30c/element [17.527959ms] ERR:404 body={"strategy":"-android uiautomator","selector":"new UiSelector().textMatches(\"(?is).*\\QThis never a...
14:06:40.821852 POST /session/60124aca-76ae-43fb-8ded-f2951486e30c/element [20.877334ms] ERR:404 body={"strategy":"-android uiautomator","selector":"new UiSelector().descriptionMatches(\"(?is).*\\QThis ...
14:06:40.842152 POST /session/60124aca-76ae-43fb-8ded-f2951486e30c/element [20.247042ms] ERR:404 body={"strategy":"-android uiautomator","selector":"new UiSelector().textContains(\"This never appears\")...
14:06:40.862165 POST /session/60124aca-76ae-43fb-8ded-f2951486e30c/element [19.963333ms] ERR:404 body={"strategy":"-android uiautomator","selector":"new UiSelector().descriptionContains(\"This never app...
14:06:40.882923 POST /session/60124aca-76ae-43fb-8ded-f2951486e30c/element [20.69325ms] ERR:404 body={"strategy":"-android uiautomator","selector":"new UiSelector().textMatches(\"(?is).*\\QThis never a...
14:06:40.904027 POST /session/60124aca-76ae-43fb-8ded-f2951486e30c/element [21.056667ms] ERR:404 body={"strategy":"-android uiautomator","selector":"new UiSelector().descriptionMatches(\"(?is).*\\QThis ...
14:06:40.922698 POST /session/60124aca-76ae-43fb-8ded-f2951486e30c/element [18.611208ms] ERR:404 body={"strategy":"-android uiautomator","selector":"new UiSelector().textContains(\"This never appears\")...
14:06:40.940623 POST /session/60124aca-76ae-43fb-8ded-f2951486e30c/element [17.862833ms] ERR:404 body={"strategy":"-android uiautomator","selector":"new UiSelector().descriptionContains(\"This never app...
14:06:40.960492 POST /session/60124aca-76ae-43fb-8ded-f2951486e30c/element [19.805667ms] ERR:404 body={"strategy":"-android uiautomator","selector":"new UiSelector().textMatches(\"(?is).*\\QThis never a...
14:06:40.977472 POST /session/60124aca-76ae-43fb-8ded-f2951486e30c/element [16.925834ms] ERR:404 body={"strategy":"-android uiautomator","selector":"new UiSelector().descriptionMatches(\"(?is).*\\QThis ...
14:06:40.994332 POST /session/60124aca-76ae-43fb-8ded-f2951486e30c/element [16.805458ms] ERR:404 body={"strategy":"-android uiautomator","selector":"new UiSelector().textContains(\"This never appears\")...
14:06:41.012417 POST /session/60124aca-76ae-43fb-8ded-f2951486e30c/element [18.036542ms] ERR:404 body={"strategy":"-android uiautomator","selector":"new UiSelector().descriptionContains(\"This never app...
14:06:41.027508 POST /session/60124aca-76ae-43fb-8ded-f2951486e30c/element [15.0425ms] ERR:404 body={"strategy":"-android uiautomator","selector":"new UiSelector().textMatches(\"(?is).*\\QThis never a...
14:06:41.044121 POST /session/60124aca-76ae-43fb-8ded-f2951486e30c/element [16.517167ms] ERR:404 body={"strategy":"-android uiautomator","selector":"new UiSelector().descriptionMatches(\"(?is).*\\QThis ...
14:06:41.061733 POST /session/60124aca-76ae-43fb-8ded-f2951486e30c/element [17.564417ms] ERR:404 body={"strategy":"-android uiautomator","selector":"new UiSelector().textContains(\"This never appears\")...
14:06:41.078586 POST /session/60124aca-76ae-43fb-8ded-f2951486e30c/element [16.779667ms] ERR:404 body={"strategy":"-android uiautomator","selector":"new UiSelector().descriptionContains(\"This never app...
14:06:41.096433 POST /session/60124aca-76ae-43fb-8ded-f2951486e30c/element [17.794084ms] ERR:404 body={"strategy":"-android uiautomator","selector":"new UiSelector().textMatches(\"(?is).*\\QThis never a...
14:06:41.114627 POST /session/60124aca-76ae-43fb-8ded-f2951486e30c/element [18.140667ms] ERR:404 body={"strategy":"-android uiautomator","selector":"new UiSelector().descriptionMatches(\"(?is).*\\QThis ...
14:06:41.135856 POST /session/60124aca-76ae-43fb-8ded-f2951486e30c/element [21.163209ms] ERR:404 body={"strategy":"-android uiautomator","selector":"new UiSelector().textContains(\"This never appears\")...
14:06:41.154854 POST /session/60124aca-76ae-43fb-8ded-f2951486e30c/element [18.94375ms] ERR:404 body={"strategy":"-android uiautomator","selector":"new UiSelector().descriptionContains(\"This never app...
14:06:41.174729 POST /session/60124aca-76ae-43fb-8ded-f2951486e30c/element [19.810625ms] ERR:404 body={"strategy":"-android uiautomator","selector":"new UiSelector().textMatches(\"(?is).*\\QThis never a...
14:06:41.196769 POST /session/60124aca-76ae-43fb-8ded-f2951486e30c/element [21.965875ms] ERR:404 body={"strategy":"-android uiautomator","selector":"new UiSelector().descriptionMatches(\"(?is).*\\QThis ...
14:06:41.212809 POST /session/60124aca-76ae-43fb-8ded-f2951486e30c/element [15.993208ms] ERR:404 body={"strategy":"-android uiautomator","selector":"new UiSelector().textContains(\"This never appears\")...
14:06:41.231878 POST /session/60124aca-76ae-43fb-8ded-f2951486e30c/element [18.996667ms] ERR:404 body={"strategy":"-android uiautomator","selector":"new UiSelector().descriptionContains(\"This never app...
14:06:41.249338 POST /session/60124aca-76ae-43fb-8ded-f2951486e30c/element [17.389083ms] ERR:404 body={"strategy":"-android uiautomator","selector":"new UiSelector().textMatches(\"(?is).*\\QThis never a...
14:06:41.270195 POST /session/60124aca-76ae-43fb-8ded-f2951486e30c/element [20.800333ms] ERR:404 body={"strategy":"-android uiautomator","selector":"new UiSelector().descriptionMatches(\"(?is).*\\QThis ...
14:06:41.300197 POST /session/60124aca-76ae-43fb-8ded-f2951486e30c/element [29.937792ms] ERR:404 body={"strategy":"-android uiautomator","selector":"new UiSelector().textContains(\"This never appears\")...
14:06:41.319155 POST /session/60124aca-76ae-43fb-8ded-f2951486e30c/element [18.902375ms] ERR:404 body={"strategy":"-android uiautomator","selector":"new UiSelector().descriptionContains(\"This never app...
14:06:41.339702 POST /session/60124aca-76ae-43fb-8ded-f2951486e30c/element [20.488042ms] ERR:404 body={"strategy":"-android uiautomator","selector":"new UiSelector().textMatches(\"(?is).*\\QThis never a...
14:06:41.358073 POST /session/60124aca-76ae-43fb-8ded-f2951486e30c/element [18.31625ms] ERR:404 body={"strategy":"-android uiautomator","selector":"new UiSelector().descriptionMatches(\"(?is).*\\QThis ...
14:06:41.376470 POST /session/60124aca-76ae-43fb-8ded-f2951486e30c/element [18.341291ms] ERR:404 body={"strategy":"-android uiautomator","selector":"new UiSelector().textContains(\"This never appears\")...
14:06:41.395018 POST /session/60124aca-76ae-43fb-8ded-f2951486e30c/element [18.49375ms] ERR:404 body={"strategy":"-android uiautomator","selector":"new UiSelector().descriptionContains(\"This never app...
14:06:41.413615 POST /session/60124aca-76ae-43fb-8ded-f2951486e30c/element [18.548667ms] ERR:404 body={"strategy":"-android uiautomator","selector":"new UiSelector().textMatches(\"(?is).*\\QThis never a...
14:06:41.432036 POST /session/60124aca-76ae-43fb-8ded-f2951486e30c/element [18.372167ms] ERR:404 body={"strategy":"-android uiautomator","selector":"new UiSelector().descriptionMatches(\"(?is).*\\QThis ...
14:06:41.454526 POST /session/60124aca-76ae-43fb-8ded-f2951486e30c/element [22.433875ms] ERR:404 body={"strategy":"-android uiautomator","selector":"new UiSelector().textContains(\"This never appears\")...
14:06:41.472470 POST /session/60124aca-76ae-43fb-8ded-f2951486e30c/element [17.879584ms] ERR:404 body={"strategy":"-android uiautomator","selector":"new UiSelector().descriptionContains(\"This never app...
14:06:41.485123 POST /session/60124aca-76ae-43fb-8ded-f2951486e30c/element [12.591292ms] ERR:404 body={"strategy":"-android uiautomator","selector":"new UiSelector().textMatches(\"(?is).*\\QThis never a...
14:06:41.504258 POST /session/60124aca-76ae-43fb-8ded-f2951486e30c/element [19.085208ms] ERR:404 body={"strategy":"-android uiautomator","selector":"new UiSelector().descriptionMatches(\"(?is).*\\QThis ...
14:06:41.523703 POST /session/60124aca-76ae-43fb-8ded-f2951486e30c/element [19.384125ms] ERR:404 body={"strategy":"-android uiautomator","selector":"new UiSelector().textContains(\"This never appears\")...
14:06:41.542508 POST /session/60124aca-76ae-43fb-8ded-f2951486e30c/element [18.741125ms] ERR:404 body={"strategy":"-android uiautomator","selector":"new UiSelector().descriptionContains(\"This never app...
14:06:41.563501 POST /session/60124aca-76ae-43fb-8ded-f2951486e30c/element [20.932ms] ERR:404 body={"strategy":"-android uiautomator","selector":"new UiSelector().textMatches(\"(?is).*\\QThis never a...
14:06:41.583795 POST /session/60124aca-76ae-43fb-8ded-f2951486e30c/element [20.23025ms] ERR:404 body={"strategy":"-android uiautomator","selector":"new UiSelector().descriptionMatches(\"(?is).*\\QThis ...
14:06:41.602211 POST /session/60124aca-76ae-43fb-8ded-f2951486e30c/element [18.360417ms] ERR:404 body={"strategy":"-android uiautomator","selector":"new UiSelector().textContains(\"This never appears\")...
14:06:41.624503 POST /session/60124aca-76ae-43fb-8ded-f2951486e30c/element [22.242959ms] ERR:404 body={"strategy":"-android uiautomator","selector":"new UiSelector().descriptionContains(\"This never app...
14:06:41.643079 POST /session/60124aca-76ae-43fb-8ded-f2951486e30c/element [18.508ms] ERR:404 body={"strategy":"-android uiautomator","selector":"new UiSelector().textMatches(\"(?is).*\\QThis never a...
14:06:41.670194 POST /session/60124aca-76ae-43fb-8ded-f2951486e30c/element [27.055916ms] ERR:404 body={"strategy":"-android uiautomator","selector":"new UiSelector().descriptionMatches(\"(?is).*\\QThis ...
14:06:41.689900 POST /session/60124aca-76ae-43fb-8ded-f2951486e30c/element [19.619584ms] ERR:404 body={"strategy":"-android uiautomator","selector":"new UiSelector().textContains(\"This never appears\")...
14:06:41.705006 POST /session/60124aca-76ae-43fb-8ded-f2951486e30c/element [15.055625ms] ERR:404 body={"strategy":"-android uiautomator","selector":"new UiSelector().descriptionContains(\"This never app...
14:06:41.722307 POST /session/60124aca-76ae-43fb-8ded-f2951486e30c/element [17.242875ms] ERR:404 body={"strategy":"-android uiautomator","selector":"new UiSelector().textMatches(\"(?is).*\\QThis never a...
14:06:41.740872 POST /session/60124aca-76ae-43fb-8ded-f2951486e30c/element [18.512292ms] ERR:404 body={"strategy":"-android uiautomator","selector":"new UiSelector().descriptionMatches(\"(?is).*\\QThis ...
14:06:41.758093 POST /session/60124aca-76ae-43fb-8ded-f2951486e30c/element [17.167333ms] ERR:404 body={"strategy":"-android uiautomator","selector":"new UiSelector().textContains(\"This never appears\")...
14:06:41.776567 POST /session/60124aca-76ae-43fb-8ded-f2951486e30c/element [18.412459ms] ERR:404 body={"strategy":"-android uiautomator","selector":"new UiSelector().descriptionContains(\"This never app...
14:06:41.797203 POST /session/60124aca-76ae-43fb-8ded-f2951486e30c/element [20.57025ms] ERR:404 body={"strategy":"-android uiautomator","selector":"new UiSelector().textMatches(\"(?is).*\\QThis never a...
14:06:41.818695 POST /session/60124aca-76ae-43fb-8ded-f2951486e30c/element [21.420125ms] ERR:404 body={"strategy":"-android uiautomator","selector":"new UiSelector().descriptionMatches(\"(?is).*\\QThis ...
14:06:41.839753 POST /session/60124aca-76ae-43fb-8ded-f2951486e30c/element [20.947333ms] ERR:404 body={"strategy":"-android uiautomator","selector":"new UiSelector().textContains(\"This never appears\")...
14:06:41.858687 POST /session/60124aca-76ae-43fb-8ded-f2951486e30c/element [18.878083ms] ERR:404 body={"strategy":"-android uiautomator","selector":"new UiSelector().descriptionContains(\"This never app...
14:06:41.877823 POST /session/60124aca-76ae-43fb-8ded-f2951486e30c/element [19.078375ms] ERR:404 body={"strategy":"-android uiautomator","selector":"new UiSelector().textMatches(\"(?is).*\\QThis never a...
14:06:41.894541 POST /session/60124aca-76ae-43fb-8ded-f2951486e30c/element [16.6395ms] ERR:404 body={"strategy":"-android uiautomator","selector":"new UiSelector().descriptionMatches(\"(?is).*\\QThis ...
14:06:41.918516 POST /session/60124aca-76ae-43fb-8ded-f2951486e30c/element [23.91925ms] ERR:404 body={"strategy":"-android uiautomator","selector":"new UiSelector().textContains(\"This never appears\")...
14:06:41.942694 POST /session/60124aca-76ae-43fb-8ded-f2951486e30c/element [24.124708ms] ERR:404 body={"strategy":"-android uiautomator","selector":"new UiSelector().descriptionContains(\"This never app...
14:06:41.966480 POST /session/60124aca-76ae-43fb-8ded-f2951486e30c/element [23.731166ms] ERR:404 body={"strategy":"-android uiautomator","selector":"new UiSelector().textMatches(\"(?is).*\\QThis never a...
14:06:41.983607 POST /session/60124aca-76ae-43fb-8ded-f2951486e30c/element [17.078083ms] ERR:404 body={"strategy":"-android uiautomator","selector":"new UiSelector().descriptionMatches(\"(?is).*\\QThis ...
14:06:42.001569 POST /session/60124aca-76ae-43fb-8ded-f2951486e30c/element [17.9075ms] ERR:404 body={"strategy":"-android uiautomator","selector":"new UiSelector().textContains(\"This never appears\")...
14:06:42.019166 POST /session/60124aca-76ae-43fb-8ded-f2951486e30c/element [17.54375ms] ERR:404 body={"strategy":"-android uiautomator","selector":"new UiSelector().descriptionContains(\"This never app...
14:06:42.035824 POST /session/60124aca-76ae-43fb-8ded-f2951486e30c/element [16.590125ms] ERR:404 body={"strategy":"-android uiautomator","selector":"new UiSelector().textMatches(\"(?is).*\\QThis never a...
14:06:42.057439 POST /session/60124aca-76ae-43fb-8ded-f2951486e30c/element [21.546458ms] ERR:404 body={"strategy":"-android uiautomator","selector":"new UiSelector().descriptionMatches(\"(?is).*\\QThis ...
14:06:42.074955 POST /session/60124aca-76ae-43fb-8ded-f2951486e30c/element [17.454584ms] ERR:404 body={"strategy":"-android uiautomator","selector":"new UiSelector().textContains(\"This never appears\")...
14:06:42.091415 POST /session/60124aca-76ae-43fb-8ded-f2951486e30c/element [16.400208ms] ERR:404 body={"strategy":"-android uiautomator","selector":"new UiSelector().descriptionContains(\"This never app...
14:06:42.110814 POST /session/60124aca-76ae-43fb-8ded-f2951486e30c/element [19.340333ms] ERR:404 body={"strategy":"-android uiautomator","selector":"new UiSelector().textMatches(\"(?is).*\\QThis never a...
14:06:42.138316 POST /session/60124aca-76ae-43fb-8ded-f2951486e30c/element [27.442583ms] ERR:404 body={"strategy":"-android uiautomator","selector":"new UiSelector().descriptionMatches(\"(?is).*\\QThis ...
14:06:42.161652 POST /session/60124aca-76ae-43fb-8ded-f2951486e30c/element [23.26925ms] ERR:404 body={"strategy":"-android uiautomator","selector":"new UiSelector().textContains(\"This never appears\")...
14:06:42.182608 POST /session/60124aca-76ae-43fb-8ded-f2951486e30c/element [20.854834ms] ERR:404 body={"strategy":"-android uiautomator","selector":"new UiSelector().descriptionContains(\"This never app...
14:06:42.203454 POST /session/60124aca-76ae-43fb-8ded-f2951486e30c/element [20.716417ms] ERR:404 body={"strategy":"-android uiautomator","selector":"new UiSelector().textMatches(\"(?is).*\\QThis never a...
14:06:42.220623 POST /session/60124aca-76ae-43fb-8ded-f2951486e30c/element [17.110416ms] ERR:404 body={"strategy":"-android uiautomator","selector":"new UiSelector().descriptionMatches(\"(?is).*\\QThis ...
14:06:42.237757 POST /session/60124aca-76ae-43fb-8ded-f2951486e30c/element [17.066333ms] ERR:404 body={"strategy":"-android uiautomator","selector":"new UiSelector().textContains(\"This never appears\")...
14:06:42.252806 POST /session/60124aca-76ae-43fb-8ded-f2951486e30c/element [14.990833ms] ERR:404 body={"strategy":"-android uiautomator","selector":"new UiSelector().descriptionContains(\"This never app...
14:06:42.269154 POST /session/60124aca-76ae-43fb-8ded-f2951486e30c/element [16.291917ms] ERR:404 body={"strategy":"-android uiautomator","selector":"new UiSelector().textMatches(\"(?is).*\\QThis never a...
14:06:42.287596 POST /session/60124aca-76ae-43fb-8ded-f2951486e30c/element [18.354584ms] ERR:404 body={"strategy":"-android uiautomator","selector":"new UiSelector().descriptionMatches(\"(?is).*\\QThis ...
14:06:42.307152 POST /session/60124aca-76ae-43fb-8ded-f2951486e30c/element [19.499208ms] ERR:404 body={"strategy":"-android uiautomator","selector":"new UiSelector().textContains(\"This never appears\")...
14:06:42.325616 POST /session/60124aca-76ae-43fb-8ded-f2951486e30c/element [18.380125ms] ERR:404 body={"strategy":"-android uiautomator","selector":"new UiSelector().descriptionContains(\"This never app...
14:06:42.347018 POST /session/60124aca-76ae-43fb-8ded-f2951486e30c/element [21.341875ms] ERR:404 body={"strategy":"-android uiautomator","selector":"new UiSelector().textMatches(\"(?is).*\\QThis never a...
14:06:42.368611 POST /session/60124aca-76ae-43fb-8ded-f2951486e30c/element [21.535167ms] ERR:404 body={"strategy":"-android uiautomator","selector":"new UiSelector().descriptionMatches(\"(?is).*\\QThis ...
14:06:42.386921 POST /session/60124aca-76ae-43fb-8ded-f2951486e30c/element [18.255916ms] ERR:404 body={"strategy":"-android uiautomator","selector":"new UiSelector().textContains(\"This never appears\")...
14:06:42.404283 POST /session/60124aca-76ae-43fb-8ded-f2951486e30c/element [17.29825ms] ERR:404 body={"strategy":"-android uiautomator","selector":"new UiSelector().descriptionContains(\"This never app...
14:06:42.422054 POST /session/60124aca-76ae-43fb-8ded-f2951486e30c/element [17.703291ms] ERR:404 body={"strategy":"-android uiautomator","selector":"new UiSelector().textMatches(\"(?is).*\\QThis never a...
14:06:42.438604 POST /session/60124aca-76ae-43fb-8ded-f2951486e30c/element [16.5025ms] ERR:404 body={"strategy":"-android uiautomator","selector":"new UiSelector().descriptionMatches(\"(?is).*\\QThis ...
14:06:42.455304 POST /session/60124aca-76ae-43fb-8ded-f2951486e30c/element [16.647583ms] ERR:404 body={"strategy":"-android uiautomator","selector":"new UiSelector().textContains(\"This never appears\")...
14:06:42.470828 POST /session/60124aca-76ae-43fb-8ded-f2951486e30c/element [15.477167ms] ERR:404 body={"strategy":"-android uiautomator","selector":"new UiSelector().descriptionContains(\"This never app...
14:06:42.487740 POST /session/60124aca-76ae-43fb-8ded-f2951486e30c/element [16.8585ms] ERR:404 body={"strategy":"-android uiautomator","selector":"new UiSelector().textMatches(\"(?is).*\\QThis never a...
14:06:42.504256 POST /session/60124aca-76ae-43fb-8ded-f2951486e30c/element [16.464917ms] ERR:404 body={"strategy":"-android uiautomator","selector":"new UiSelector().descriptionMatches(\"(?is).*\\QThis ...
14:06:42.521177 POST /session/60124aca-76ae-43fb-8ded-f2951486e30c/element [16.874583ms] ERR:404 body={"strategy":"-android uiautomator","selector":"new UiSelector().textContains(\"This never appears\")...
14:06:42.538904 POST /session/60124aca-76ae-43fb-8ded-f2951486e30c/element [17.68ms] ERR:404 body={"strategy":"-android uiautomator","selector":"new UiSelector().descriptionContains(\"This never app...
14:06:42.556594 POST /session/60124aca-76ae-43fb-8ded-f2951486e30c/element [17.648333ms] ERR:404 body={"strategy":"-android uiautomator","selector":"new UiSelector().textMatches(\"(?is).*\\QThis never a...
14:06:42.573109 POST /session/60124aca-76ae-43fb-8ded-f2951486e30c/element [16.473459ms] ERR:404 body={"strategy":"-android uiautomator","selector":"new UiSelector().descriptionMatches(\"(?is).*\\QThis ...
14:06:42.589085 POST /session/60124aca-76ae-43fb-8ded-f2951486e30c/element [15.922208ms] ERR:404 body={"strategy":"-android uiautomator","selector":"new UiSelector().textContains(\"This never appears\")...
14:06:42.606002 POST /session/60124aca-76ae-43fb-8ded-f2951486e30c/element [16.878834ms] ERR:404 body={"strategy":"-android uiautomator","selector":"new UiSelector().descriptionContains(\"This never app...
14:06:42.621151 POST /session/60124aca-76ae-43fb-8ded-f2951486e30c/element [15.105958ms] ERR:404 body={"strategy":"-android uiautomator","selector":"new UiSelector().textMatches(\"(?is).*\\QThis never a...
14:06:42.636767 POST /session/60124aca-76ae-43fb-8ded-f2951486e30c/element [15.564375ms] ERR:404 body={"strategy":"-android uiautomator","selector":"new UiSelector().descriptionMatches(\"(?is).*\\QThis ...
14:06:42.652557 POST /session/60124aca-76ae-43fb-8ded-f2951486e30c/element [15.745125ms] ERR:404 body={"strategy":"-android uiautomator","selector":"new UiSelector().textContains(\"This never appears\")...
14:06:42.669870 POST /session/60124aca-76ae-43fb-8ded-f2951486e30c/element [17.270459ms] ERR:404 body={"strategy":"-android uiautomator","selector":"new UiSelector().descriptionContains(\"This never app...
14:06:42.688743 POST /session/60124aca-76ae-43fb-8ded-f2951486e30c/element [18.8245ms] ERR:404 body={"strategy":"-android uiautomator","selector":"new UiSelector().textMatches(\"(?is).*\\QThis never a...
14:06:42.705957 POST /session/60124aca-76ae-43fb-8ded-f2951486e30c/element [17.165708ms] ERR:404 body={"strategy":"-android uiautomator","selector":"new UiSelector().descriptionMatches(\"(?is).*\\QThis ...
14:06:42.722805 POST /session/60124aca-76ae-43fb-8ded-f2951486e30c/element [16.803083ms] ERR:404 body={"strategy":"-android uiautomator","selector":"new UiSelector().textContains(\"This never appears\")...
14:06:42.738635 POST /session/60124aca-76ae-43fb-8ded-f2951486e30c/element [15.779042ms] ERR:404 body={"strategy":"-android uiautomator","selector":"new UiSelector().descriptionContains(\"This never app...
14:06:42.755906 POST /session/60124aca-76ae-43fb-8ded-f2951486e30c/element [17.214791ms] ERR:404 body={"strategy":"-android uiautomator","selector":"new UiSelector().textMatches(\"(?is).*\\QThis never a...
14:06:42.772940 POST /session/60124aca-76ae-43fb-8ded-f2951486e30c/element [16.989417ms] ERR:404 body={"strategy":"-android uiautomator","selector":"new UiSelector().descriptionMatches(\"(?is).*\\QThis ...
14:06:42.790094 POST /session/60124aca-76ae-43fb-8ded-f2951486e30c/element [17.101459ms] ERR:404 body={"strategy":"-android uiautomator","selector":"new UiSelector().textContains(\"This never appears\")...
14:06:42.806359 POST /session/60124aca-76ae-43fb-8ded-f2951486e30c/element [16.211916ms] ERR:404 body={"strategy":"-android uiautomator","selector":"new UiSelector().descriptionContains(\"This never app...
14:06:42.822930 POST /session/60124aca-76ae-43fb-8ded-f2951486e30c/element [16.521958ms] ERR:404 body={"strategy":"-android uiautomator","selector":"new UiSelector().textMatches(\"(?is).*\\QThis never a...
14:06:42.839491 POST /session/60124aca-76ae-43fb-8ded-f2951486e30c/element [16.51375ms] ERR:404 body={"strategy":"-android uiautomator","selector":"new UiSelector().descriptionMatches(\"(?is).*\\QThis ...
14:06:42.856760 POST /session/60124aca-76ae-43fb-8ded-f2951486e30c/element [17.215ms] ERR:404 body={"strategy":"-android uiautomator","selector":"new UiSelector().textContains(\"This never appears\")...
14:06:42.873483 POST /session/60124aca-76ae-43fb-8ded-f2951486e30c/element [16.676875ms] ERR:404 body={"strategy":"-android uiautomator","selector":"new UiSelector().descriptionContains(\"This never app...
14:06:42.888675 POST /session/60124aca-76ae-43fb-8ded-f2951486e30c/element [15.137042ms] ERR:404 body={"strategy":"-android uiautomator","selector":"new UiSelector().textMatches(\"(?is).*\\QThis never a...
14:06:42.905381 POST /session/60124aca-76ae-43fb-8ded-f2951486e30c/element [16.653625ms] ERR:404 body={"strategy":"-android uiautomator","selector":"new UiSelector().descriptionMatches(\"(?is).*\\QThis ...
14:06:42.921691 POST /session/60124aca-76ae-43fb-8ded-f2951486e30c/element [16.258541ms] ERR:404 body={"strategy":"-android uiautomator","selector":"new UiSelector().textContains(\"This never appears\")...
14:06:42.938744 POST /session/60124aca-76ae-43fb-8ded-f2951486e30c/element [17.009958ms] ERR:404 body={"strategy":"-android uiautomator","selector":"new UiSelector().descriptionContains(\"This never app...
14:06:42.958473 POST /session/60124aca-76ae-43fb-8ded-f2951486e30c/element [19.674375ms] ERR:404 body={"strategy":"-android uiautomator","selector":"new UiSelector().textMatches(\"(?is).*\\QThis never a...
14:06:42.975301 POST /session/60124aca-76ae-43fb-8ded-f2951486e30c/element [16.785875ms] ERR:404 body={"strategy":"-android uiautomator","selector":"new UiSelector().descriptionMatches(\"(?is).*\\QThis ...
14:06:42.992371 POST /session/60124aca-76ae-43fb-8ded-f2951486e30c/element [17.029292ms] ERR:404 body={"strategy":"-android uiautomator","selector":"new UiSelector().textContains(\"This never appears\")...
14:06:43.012594 POST /session/60124aca-76ae-43fb-8ded-f2951486e30c/element [20.175625ms] ERR:404 body={"strategy":"-android uiautomator","selector":"new UiSelector().descriptionContains(\"This never app...
14:06:43.031530 POST /session/60124aca-76ae-43fb-8ded-f2951486e30c/element [18.874416ms] ERR:404 body={"strategy":"-android uiautomator","selector":"new UiSelector().textMatches(\"(?is).*\\QThis never a...
14:06:43.047157 POST /session/60124aca-76ae-43fb-8ded-f2951486e30c/element [15.56125ms] ERR:404 body={"strategy":"-android uiautomator","selector":"new UiSelector().descriptionMatches(\"(?is).*\\QThis ...
14:06:43.066556 POST /session/60124aca-76ae-43fb-8ded-f2951486e30c/element [19.350584ms] ERR:404 body={"strategy":"-android uiautomator","selector":"new UiSelector().textContains(\"This never appears\")...
14:06:43.088610 POST /session/60124aca-76ae-43fb-8ded-f2951486e30c/element [21.999125ms] ERR:404 body={"strategy":"-android uiautomator","selector":"new UiSelector().descriptionContains(\"This never app...
14:06:43.109527 POST /session/60124aca-76ae-43fb-8ded-f2951486e30c/element [20.850417ms] ERR:404 body={"strategy":"-android uiautomator","selector":"new UiSelector().textMatches(\"(?is).*\\QThis never a...
14:06:43.128175 POST /session/60124aca-76ae-43fb-8ded-f2951486e30c/element [18.587958ms] ERR:404 body={"strategy":"-android uiautomator","selector":"new UiSelector().descriptionMatches(\"(?is).*\\QThis ...
14:06:43.141731 POST /session/60124aca-76ae-43fb-8ded-f2951486e30c/element [13.487542ms] ERR:404 body={"strategy":"-android uiautomator","selector":"new UiSelector().textContains(\"This never appears\")...
14:06:43.163205 POST /session/60124aca-76ae-43fb-8ded-f2951486e30c/element [21.422083ms] ERR:404 body={"strategy":"-android uiautomator","selector":"new UiSelector().descriptionContains(\"This never app...
14:06:43.190157 POST /session/60124aca-76ae-43fb-8ded-f2951486e30c/element [26.884042ms] ERR:404 body={"strategy":"-android uiautomator","selector":"new UiSelector().textMatches(\"(?is).*\\QThis never a...
14:06:43.210260 POST /session/60124aca-76ae-43fb-8ded-f2951486e30c/element [20.048958ms] ERR:404 body={"strategy":"-android uiautomator","selector":"new UiSelector().descriptionMatches(\"(?is).*\\QThis ...
14:06:43.223049 POST /session/60124aca-76ae-43fb-8ded-f2951486e30c/element [12.683166ms] ERR:404 body={"strategy":"-android uiautomator","selector":"new UiSelector().textContains(\"This never appears\")...
14:06:43.236749 POST /session/60124aca-76ae-43fb-8ded-f2951486e30c/element [13.625625ms] ERR:404 body={"strategy":"-android uiautomator","selector":"new UiSelector().descriptionContains(\"This never app...
14:06:43.267603 POST /session/60124aca-76ae-43fb-8ded-f2951486e30c/element [30.755792ms] ERR:404 body={"strategy":"-android uiautomator","selector":"new UiSelector().textMatches(\"(?is).*\\QThis never a...
14:06:43.282002 POST /session/60124aca-76ae-43fb-8ded-f2951486e30c/element [14.342375ms] ERR:404 body={"strategy":"-android uiautomator","selector":"new UiSelector().descriptionMatches(\"(?is).*\\QThis ...
14:06:43.294434 POST /session/60124aca-76ae-43fb-8ded-f2951486e30c/element [12.369209ms] ERR:404 body={"strategy":"-android uiautomator","selector":"new UiSelector().textContains(\"This never appears\")...
14:06:43.312125 POST /session/60124aca-76ae-43fb-8ded-f2951486e30c/element [17.639958ms] ERR:404 body={"strategy":"-android uiautomator","selector":"new UiSelector().descriptionContains(\"This never app...
14:06:43.331096 POST /session/60124aca-76ae-43fb-8ded-f2951486e30c/element [18.918708ms] ERR:404 body={"strategy":"-android uiautomator","selector":"new UiSelector().textMatches(\"(?is).*\\QThis never a...
14:06:43.350914 POST /session/60124aca-76ae-43fb-8ded-f2951486e30c/element [19.760917ms] ERR:404 body={"strategy":"-android uiautomator","selector":"new UiSelector().descriptionMatches(\"(?is).*\\QThis ...
14:06:43.367419 POST /session/60124aca-76ae-43fb-8ded-f2951486e30c/element [16.451208ms] ERR:404 body={"strategy":"-android uiautomator","selector":"new UiSelector().textContains(\"This never appears\")...
14:06:43.383333 POST /session/60124aca-76ae-43fb-8ded-f2951486e30c/element [15.857583ms] ERR:404 body={"strategy":"-android uiautomator","selector":"new UiSelector().descriptionContains(\"This never app...
14:06:43.399940 POST /session/60124aca-76ae-43fb-8ded-f2951486e30c/element [16.54525ms] ERR:404 body={"strategy":"-android uiautomator","selector":"new UiSelector().textMatches(\"(?is).*\\QThis never a...
14:06:43.414828 POST /session/60124aca-76ae-43fb-8ded-f2951486e30c/element [14.819333ms] ERR:404 body={"strategy":"-android uiautomator","selector":"new UiSelector().descriptionMatches(\"(?is).*\\QThis ...
14:06:43.431397 POST /session/60124aca-76ae-43fb-8ded-f2951486e30c/element [16.505667ms] ERR:404 body={"strategy":"-android uiautomator","selector":"new UiSelector().textContains(\"This never appears\")...
14:06:43.448898 POST /session/60124aca-76ae-43fb-8ded-f2951486e30c/element [17.443833ms] ERR:404 body={"strategy":"-android uiautomator","selector":"new UiSelector().descriptionContains(\"This never app...
14:06:43.467210 POST /session/60124aca-76ae-43fb-8ded-f2951486e30c/element [18.251375ms] ERR:404 body={"strategy":"-android uiautomator","selector":"new UiSelector().textMatches(\"(?is).*\\QThis never a...
14:06:43.485283 POST /session/60124aca-76ae-43fb-8ded-f2951486e30c/element [18.027042ms] ERR:404 body={"strategy":"-android uiautomator","selector":"new UiSelector().descriptionMatches(\"(?is).*\\QThis ...
14:06:43.502739 POST /session/60124aca-76ae-43fb-8ded-f2951486e30c/element [17.244666ms] ERR:404 body={"strategy":"-android uiautomator","selector":"new UiSelector().textContains(\"This never appears\")...
14:06:43.519525 POST /session/60124aca-76ae-43fb-8ded-f2951486e30c/element [16.719417ms] ERR:404 body={"strategy":"-android uiautomator","selector":"new UiSelector().descriptionContains(\"This never app...
14:06:43.533540 POST /session/60124aca-76ae-43fb-8ded-f2951486e30c/element [13.940584ms] ERR:404 body={"strategy":"-android uiautomator","selector":"new UiSelector().textMatches(\"(?is).*\\QThis never a...
14:06:43.548331 POST /session/60124aca-76ae-43fb-8ded-f2951486e30c/element [14.726541ms] ERR:404 body={"strategy":"-android uiautomator","selector":"new UiSelector().descriptionMatches(\"(?is).*\\QThis ...
14:06:43.562471 POST /session/60124aca-76ae-43fb-8ded-f2951486e30c/element [14.0965ms] ERR:404 body={"strategy":"-android uiautomator","selector":"new UiSelector().textContains(\"This never appears\")...
14:06:43.575856 POST /session/60124aca-76ae-43fb-8ded-f2951486e30c/element [13.346958ms] ERR:404 body={"strategy":"-android uiautomator","selector":"new UiSelector().descriptionContains(\"This never app...
14:06:43.589849 POST /session/60124aca-76ae-43fb-8ded-f2951486e30c/element [13.942333ms] ERR:404 body={"strategy":"-android uiautomator","selector":"new UiSelector().textMatches(\"(?is).*\\QThis never a...
14:06:43.604037 POST /session/60124aca-76ae-43fb-8ded-f2951486e30c/element [14.146875ms] ERR:404 body={"strategy":"-android uiautomator","selector":"new UiSelector().descriptionMatches(\"(?is).*\\QThis ...
14:06:43.618740 POST /session/60124aca-76ae-43fb-8ded-f2951486e30c/element [14.652958ms] ERR:404 body={"strategy":"-android uiautomator","selector":"new UiSelector().textContains(\"This never appears\")...
14:06:43.633602 POST /session/60124aca-76ae-43fb-8ded-f2951486e30c/element [14.821625ms] ERR:404 body={"strategy":"-android uiautomator","selector":"new UiSelector().descriptionContains(\"This never app...
14:06:43.646748 POST /session/60124aca-76ae-43fb-8ded-f2951486e30c/element [13.101292ms] ERR:404 body={"strategy":"-android uiautomator","selector":"new UiSelector().textMatches(\"(?is).*\\QThis never a...
14:06:43.658009 POST /session/60124aca-76ae-43fb-8ded-f2951486e30c/element [11.226458ms] ERR:404 body={"strategy":"-android uiautomator","selector":"new UiSelector().descriptionMatches(\"(?is).*\\QThis ...
14:06:43.673862 POST /session/60124aca-76ae-43fb-8ded-f2951486e30c/element [15.795791ms] ERR:404 body={"strategy":"-android uiautomator","selector":"new UiSelector().textContains(\"This never appears\")...
14:06:43.688137 POST /session/60124aca-76ae-43fb-8ded-f2951486e30c/element [14.21725ms] ERR:404 body={"strategy":"-android uiautomator","selector":"new UiSelector().descriptionContains(\"This never app...
14:06:43.701208 POST /session/60124aca-76ae-43fb-8ded-f2951486e30c/element [13.027625ms] ERR:404 body={"strategy":"-android uiautomator","selector":"new UiSelector().textMatches(\"(?is).*\\QThis never a...
14:06:43.715847 POST /session/60124aca-76ae-43fb-8ded-f2951486e30c/element [14.55875ms] ERR:404 body={"strategy":"-android uiautomator","selector":"new UiSelector().descriptionMatches(\"(?is).*\\QThis ...
14:06:43.728026 POST /session/60124aca-76ae-43fb-8ded-f2951486e30c/element [12.121959ms] ERR:404 body={"strategy":"-android uiautomator","selector":"new UiSelector().textContains(\"This never appears\")...
14:06:43.741560 POST /session/60124aca-76ae-43fb-8ded-f2951486e30c/element [13.4875ms] ERR:404 body={"strategy":"-android uiautomator","selector":"new UiSelector().descriptionContains(\"This never app...
14:06:43.755622 POST /session/60124aca-76ae-43fb-8ded-f2951486e30c/element [13.993542ms] ERR:404 body={"strategy":"-android uiautomator","selector":"new UiSelector().textMatches(\"(?is).*\\QThis never a...
14:06:43.770809 POST /session/60124aca-76ae-43fb-8ded-f2951486e30c/element [15.134083ms] ERR:404 body={"strategy":"-android uiautomator","selector":"new UiSelector().descriptionMatches(\"(?is).*\\QThis ...
14:06:43.790693 POST /session/60124aca-76ae-43fb-8ded-f2951486e30c/element [19.830458ms] ERR:404 body={"strategy":"-android uiautomator","selector":"new UiSelector().textContains(\"This never appears\")...
14:06:43.806396 POST /session/60124aca-76ae-43fb-8ded-f2951486e30c/element [15.654416ms] ERR:404 body={"strategy":"-android uiautomator","selector":"new UiSelector().descriptionContains(\"This never app...
14:06:43.819378 POST /session/60124aca-76ae-43fb-8ded-f2951486e30c/element [12.924833ms] ERR:404 body={"strategy":"-android uiautomator","selector":"new UiSelector().textMatches(\"(?is).*\\QThis never a...
14:06:43.831190 POST /session/60124aca-76ae-43fb-8ded-f2951486e30c/element [11.747792ms] ERR:404 body={"strategy":"-android uiautomator","selector":"new UiSelector().descriptionMatches(\"(?is).*\\QThis ...
14:06:43.843790 POST /session/60124aca-76ae-43fb-8ded-f2951486e30c/element [12.54475ms] ERR:404 body={"strategy":"-android uiautomator","selector":"new UiSelector().textContains(\"This never appears\")...
14:06:43.859787 POST /session/60124aca-76ae-43fb-8ded-f2951486e30c/element [15.937583ms] ERR:404 body={"strategy":"-android uiautomator","selector":"new UiSelector().descriptionContains(\"This never app...
14:06:43.871200 POST /session/60124aca-76ae-43fb-8ded-f2951486e30c/element [11.364125ms] ERR:404 body={"strategy":"-android uiautomator","selector":"new UiSelector().textMatches(\"(?is).*\\QThis never a...
14:06:43.884710 POST /session/60124aca-76ae-43fb-8ded-f2951486e30c/element [13.468208ms] ERR:404 body={"strategy":"-android uiautomator","selector":"new UiSelector().descriptionMatches(\"(?is).*\\QThis ...
14:06:43.898062 POST /session/60124aca-76ae-43fb-8ded-f2951486e30c/element [13.2935ms] ERR:404 body={"strategy":"-android uiautomator","selector":"new UiSelector().textContains(\"This never appears\")...
14:06:43.914238 POST /session/60124aca-76ae-43fb-8ded-f2951486e30c/element [16.116459ms] ERR:404 body={"strategy":"-android uiautomator","selector":"new UiSelector().descriptionContains(\"This never app...
14:06:43.925246 POST /session/60124aca-76ae-43fb-8ded-f2951486e30c/element [10.968375ms] ERR:404 body={"strategy":"-android uiautomator","selector":"new UiSelector().textMatches(\"(?is).*\\QThis never a...
14:06:43.938943 POST /session/60124aca-76ae-43fb-8ded-f2951486e30c/element [13.651709ms] ERR:404 body={"strategy":"-android uiautomator","selector":"new UiSelector().descriptionMatches(\"(?is).*\\QThis ...
14:06:43.952762 POST /session/60124aca-76ae-43fb-8ded-f2951486e30c/element [13.770583ms] ERR:404 body={"strategy":"-android uiautomator","selector":"new UiSelector().textContains(\"This never appears\")...
14:06:43.967180 POST /session/60124aca-76ae-43fb-8ded-f2951486e30c/element [14.35875ms] ERR:404 body={"strategy":"-android uiautomator","selector":"new UiSelector().descriptionContains(\"This never app...
14:06:43.981191 POST /session/60124aca-76ae-43fb-8ded-f2951486e30c/element [13.958792ms] ERR:404 body={"strategy":"-android uiautomator","selector":"new UiSelector().textMatches(\"(?is).*\\QThis never a...
14:06:43.996071 POST /session/60124aca-76ae-43fb-8ded-f2951486e30c/element [14.832125ms] ERR:404 body={"strategy":"-android uiautomator","selector":"new UiSelector().descriptionMatches(\"(?is).*\\QThis ...
14:06:44.008660 POST /session/60124aca-76ae-43fb-8ded-f2951486e30c/element [12.540958ms] ERR:404 body={"strategy":"-android uiautomator","selector":"new UiSelector().textContains(\"This never appears\")...
14:06:44.021307 POST /session/60124aca-76ae-43fb-8ded-f2951486e30c/element [12.603542ms] ERR:404 body={"strategy":"-android uiautomator","selector":"new UiSelector().descriptionContains(\"This never app...
14:06:44.036496 POST /session/60124aca-76ae-43fb-8ded-f2951486e30c/element [15.125458ms] ERR:404 body={"strategy":"-android uiautomator","selector":"new UiSelector().textMatches(\"(?is).*\\QThis never a...
14:06:44.048468 POST /session/60124aca-76ae-43fb-8ded-f2951486e30c/element [11.917708ms] ERR:404 body={"strategy":"-android uiautomator","selector":"new UiSelector().descriptionMatches(\"(?is).*\\QThis ...
14:06:44.061289 POST /session/60124aca-76ae-43fb-8ded-f2951486e30c/element [12.778917ms] ERR:404 body={"strategy":"-android uiautomator","selector":"new UiSelector().textContains(\"This never appears\")...
14:06:44.072518 POST /session/60124aca-76ae-43fb-8ded-f2951486e30c/element [11.183083ms] ERR:404 body={"strategy":"-android uiautomator","selector":"new UiSelector().descriptionContains(\"This never app...
14:06:44.085047 POST /session/60124aca-76ae-43fb-8ded-f2951486e30c/element [12.489833ms] ERR:404 body={"strategy":"-android uiautomator","selector":"new UiSelector().textMatches(\"(?is).*\\QThis never a...
14:06:44.096337 POST /session/60124aca-76ae-43fb-8ded-f2951486e30c/element [11.243375ms] ERR:404 body={"strategy":"-android uiautomator","selector":"new UiSelector().descriptionMatches(\"(?is).*\\QThis ...
14:06:44.107153 POST /session/60124aca-76ae-43fb-8ded-f2951486e30c/element [10.774208ms] ERR:404 body={"strategy":"-android uiautomator","selector":"new UiSelector().textContains(\"This never appears\")...
14:06:44.119495 POST /session/60124aca-76ae-43fb-8ded-f2951486e30c/element [12.30475ms] ERR:404 body={"strategy":"-android uiautomator","selector":"new UiSelector().descriptionContains(\"This never app...
14:06:44.131246 POST /session/60124aca-76ae-43fb-8ded-f2951486e30c/element [11.698542ms] ERR:404 body={"strategy":"-android uiautomator","selector":"new UiSelector().textMatches(\"(?is).*\\QThis never a...
14:06:44.145978 POST /session/60124aca-76ae-43fb-8ded-f2951486e30c/element [14.618167ms] ERR:404 body={"strategy":"-android uiautomator","selector":"new UiSelector().descriptionMatches(\"(?is).*\\QThis ...
14:06:44.163228 POST /session/60124aca-76ae-43fb-8ded-f2951486e30c/element [17.1985ms] ERR:404 body={"strategy":"-android uiautomator","selector":"new UiSelector().textContains(\"This never appears\")...
14:06:44.176602 POST /session/60124aca-76ae-43fb-8ded-f2951486e30c/element [13.29975ms] ERR:404 body={"strategy":"-android uiautomator","selector":"new UiSelector().descriptionContains(\"This never app...
14:06:44.190599 POST /session/60124aca-76ae-43fb-8ded-f2951486e30c/element [13.928667ms] ERR:404 body={"strategy":"-android uiautomator","selector":"new UiSelector().textMatches(\"(?is).*\\QThis never a...
14:06:44.206232 POST /session/60124aca-76ae-43fb-8ded-f2951486e30c/element [15.570708ms] ERR:404 body={"strategy":"-android uiautomator","selector":"new UiSelector().descriptionMatches(\"(?is).*\\QThis ...
14:06:44.219168 POST /session/60124aca-76ae-43fb-8ded-f2951486e30c/element [12.884334ms] ERR:404 body={"strategy":"-android uiautomator","selector":"new UiSelector().textContains(\"This never appears\")...
14:06:44.243647 POST /session/60124aca-76ae-43fb-8ded-f2951486e30c/element [24.425292ms] ERR:404 body={"strategy":"-android uiautomator","selector":"new UiSelector().descriptionContains(\"This never app...
14:06:44.256595 POST /session/60124aca-76ae-43fb-8ded-f2951486e30c/element [12.906208ms] ERR:404 body={"strategy":"-android uiautomator","selector":"new UiSelector().textMatches(\"(?is).*\\QThis never a...
14:06:44.269205 POST /session/60124aca-76ae-43fb-8ded-f2951486e30c/element [12.569458ms] ERR:404 body={"strategy":"-android uiautomator","selector":"new UiSelector().descriptionMatches(\"(?is).*\\QThis ...
14:06:44.281599 POST /session/60124aca-76ae-43fb-8ded-f2951486e30c/element [12.339167ms] ERR:404 body={"strategy":"-android uiautomator","selector":"new UiSelector().textContains(\"This never appears\")...
14:06:44.299638 POST /session/60124aca-76ae-43fb-8ded-f2951486e30c/element [17.956083ms] ERR:404 body={"strategy":"-android uiautomator","selector":"new UiSelector().descriptionContains(\"This never app...
14:06:44.310355 POST /session/60124aca-76ae-43fb-8ded-f2951486e30c/element [8.461209ms] ERR:404 body={"strategy":"-android uiautomator","selector":"new UiSelector().textMatches(\"(?is).*\\QThis never a...
14:06:44.323228 POST /session/60124aca-76ae-43fb-8ded-f2951486e30c/element [12.825292ms] ERR:404 body={"strategy":"-android uiautomator","selector":"new UiSelector().descriptionMatches(\"(?is).*\\QThis ...
14:06:44.343239 POST /session/60124aca-76ae-43fb-8ded-f2951486e30c/element [19.955542ms] ERR:404 body={"strategy":"-android uiautomator","selector":"new UiSelector().textContains(\"This never appears\")...
14:06:44.357656 POST /session/60124aca-76ae-43fb-8ded-f2951486e30c/element [14.364541ms] ERR:404 body={"strategy":"-android uiautomator","selector":"new UiSelector().descriptionContains(\"This never app...
14:06:44.369941 POST /session/60124aca-76ae-43fb-8ded-f2951486e30c/element [12.24075ms] ERR:404 body={"strategy":"-android uiautomator","selector":"new UiSelector().textMatches(\"(?is).*\\QThis never a...
14:06:44.385275 POST /session/60124aca-76ae-43fb-8ded-f2951486e30c/element [15.274166ms] ERR:404 body={"strategy":"-android uiautomator","selector":"new UiSelector().descriptionMatches(\"(?is).*\\QThis ...
14:06:44.399099 POST /session/60124aca-76ae-43fb-8ded-f2951486e30c/element [13.776041ms] ERR:404 body={"strategy":"-android uiautomator","selector":"new UiSelector().textContains(\"This never appears\")...
14:06:44.413042 POST /session/60124aca-76ae-43fb-8ded-f2951486e30c/element [13.881125ms] ERR:404 body={"strategy":"-android uiautomator","selector":"new UiSelector().descriptionContains(\"This never app...
14:06:44.426846 POST /session/60124aca-76ae-43fb-8ded-f2951486e30c/element [13.73925ms] ERR:404 body={"strategy":"-android uiautomator","selector":"new UiSelector().textMatches(\"(?is).*\\QThis never a...
14:06:44.433411 POST /session/60124aca-76ae-43fb-8ded-f2951486e30c/element [6.504167ms] ERR:404 body={"strategy":"-android uiautomator","selector":"new UiSelector().descriptionMatches(\"(?is).*\\QThis ...
14:06:44.451377 POST /session/60124aca-76ae-43fb-8ded-f2951486e30c/element [17.901167ms] ERR:404 body={"strategy":"-android uiautomator","selector":"new UiSelector().textContains(\"This never appears\")...
14:06:44.467837 POST /session/60124aca-76ae-43fb-8ded-f2951486e30c/element [16.396041ms] ERR:404 body={"strategy":"-android uiautomator","selector":"new UiSelector().descriptionContains(\"This never app...
14:06:44.481964 POST /session/60124aca-76ae-43fb-8ded-f2951486e30c/element [14.070833ms] ERR:404 body={"strategy":"-android uiautomator","selector":"new UiSelector().textMatches(\"(?is).*\\QThis never a...
14:06:44.499604 POST /session/60124aca-76ae-43fb-8ded-f2951486e30c/element [17.5805ms] ERR:404 body={"strategy":"-android uiautomator","selector":"new UiSelector().descriptionMatches(\"(?is).*\\QThis ...
14:06:44.512702 POST /session/60124aca-76ae-43fb-8ded-f2951486e30c/element [13.055416ms] ERR:404 body={"strategy":"-android uiautomator","selector":"new UiSelector().textContains(\"This never appears\")...
14:06:44.524461 POST /session/60124aca-76ae-43fb-8ded-f2951486e30c/element [11.709ms] ERR:404 body={"strategy":"-android uiautomator","selector":"new UiSelector().descriptionContains(\"This never app...
14:06:44.539709 POST /session/60124aca-76ae-43fb-8ded-f2951486e30c/element [15.20475ms] ERR:404 body={"strategy":"-android uiautomator","selector":"new UiSelector().textMatches(\"(?is).*\\QThis never a...
14:06:44.552961 POST /session/60124aca-76ae-43fb-8ded-f2951486e30c/element [13.17975ms] ERR:404 body={"strategy":"-android uiautomator","selector":"new UiSelector().descriptionMatches(\"(?is).*\\QThis ...
14:06:44.566672 POST /session/60124aca-76ae-43fb-8ded-f2951486e30c/element [13.668416ms] ERR:404 body={"strategy":"-android uiautomator","selector":"new UiSelector().textContains(\"This never appears\")...
14:06:44.577997 POST /session/60124aca-76ae-43fb-8ded-f2951486e30c/element [11.259ms] ERR:404 body={"strategy":"-android uiautomator","selector":"new UiSelector().descriptionContains(\"This never app...
14:06:44.596178 POST /session/60124aca-76ae-43fb-8ded-f2951486e30c/element [18.13425ms] ERR:404 body={"strategy":"-android uiautomator","selector":"new UiSelector().textMatches(\"(?is).*\\QThis never a...
14:06:44.611876 POST /session/60124aca-76ae-43fb-8ded-f2951486e30c/element [15.648583ms] ERR:404 body={"strategy":"-android uiautomator","selector":"new UiSelector().descriptionMatches(\"(?is).*\\QThis ...
14:06:44.627238 POST /session/60124aca-76ae-43fb-8ded-f2951486e30c/element [15.3155ms] ERR:404 body={"strategy":"-android uiautomator","selector":"new UiSelector().textContains(\"This never appears\")...
14:06:44.639337 POST /session/60124aca-76ae-43fb-8ded-f2951486e30c/element [12.039667ms] ERR:404 body={"strategy":"-android uiautomator","selector":"new UiSelector().descriptionContains(\"This never app...
14:06:44.652079 POST /session/60124aca-76ae-43fb-8ded-f2951486e30c/element [12.691125ms] ERR:404 body={"strategy":"-android uiautomator","selector":"new UiSelector().textMatches(\"(?is).*\\QThis never a...
14:06:44.664565 POST /session/60124aca-76ae-43fb-8ded-f2951486e30c/element [12.445042ms] ERR:404 body={"strategy":"-android uiautomator","selector":"new UiSelector().descriptionMatches(\"(?is).*\\QThis ...
14:06:44.679719 POST /session/60124aca-76ae-43fb-8ded-f2951486e30c/element [15.106791ms] ERR:404 body={"strategy":"-android uiautomator","selector":"new UiSelector().textContains(\"This never appears\")...
14:06:44.692618 POST /session/60124aca-76ae-43fb-8ded-f2951486e30c/element [12.85125ms] ERR:404 body={"strategy":"-android uiautomator","selector":"new UiSelector().descriptionContains(\"This never app...
14:06:44.708181 POST /session/60124aca-76ae-43fb-8ded-f2951486e30c/element [15.50975ms] ERR:404 body={"strategy":"-android uiautomator","selector":"new UiSelector().textMatches(\"(?is).*\\QThis never a...
14:06:44.723842 POST /session/60124aca-76ae-43fb-8ded-f2951486e30c/element [15.565291ms] ERR:404 body={"strategy":"-android uiautomator","selector":"new UiSelector().descriptionMatches(\"(?is).*\\QThis ...
14:06:44.736044 POST /session/60124aca-76ae-43fb-8ded-f2951486e30c/element [12.13075ms] ERR:404 body={"strategy":"-android uiautomator","selector":"new UiSelector().textContains(\"This never appears\")...
14:06:44.747212 POST /session/60124aca-76ae-43fb-8ded-f2951486e30c/element [11.112041ms] ERR:404 body={"strategy":"-android uiautomator","selector":"new UiSelector().descriptionContains(\"This never app...
14:06:44.755373 POST /session/60124aca-76ae-43fb-8ded-f2951486e30c/element [8.102125ms] ERR:404 body={"strategy":"-android uiautomator","selector":"new UiSelector().textMatches(\"(?is).*\\QThis never a...
14:06:44.771817 POST /session/60124aca-76ae-43fb-8ded-f2951486e30c/element [16.385583ms] ERR:404 body={"strategy":"-android uiautomator","selector":"new UiSelector().descriptionMatches(\"(?is).*\\QThis ...
14:06:44.789884 POST /session/60124aca-76ae-43fb-8ded-f2951486e30c/element [17.979334ms] ERR:404 body={"strategy":"-android uiautomator","selector":"new UiSelector().textContains(\"This never appears\")...
14:06:44.802372 POST /session/60124aca-76ae-43fb-8ded-f2951486e30c/element [12.321084ms] ERR:404 body={"strategy":"-android uiautomator","selector":"new UiSelector().descriptionContains(\"This never app...
14:06:44.817793 POST /session/60124aca-76ae-43fb-8ded-f2951486e30c/element [15.2545ms] ERR:404 body={"strategy":"-android uiautomator","selector":"new UiSelector().textMatches(\"(?is).*\\QThis never a...
14:06:44.827300 POST /session/60124aca-76ae-43fb-8ded-f2951486e30c/element [9.445959ms] ERR:404 body={"strategy":"-android uiautomator","selector":"new UiSelector().descriptionMatches(\"(?is).*\\QThis ...
14:06:44.841573 POST /session/60124aca-76ae-43fb-8ded-f2951486e30c/element [14.222958ms] ERR:404 body={"strategy":"-android uiautomator","selector":"new UiSelector().textContains(\"This never appears\")...
14:06:44.854000 POST /session/60124aca-76ae-43fb-8ded-f2951486e30c/element [12.365958ms] ERR:404 body={"strategy":"-android uiautomator","selector":"new UiSelector().descriptionContains(\"This never app...
14:06:44.869143 POST /session/60124aca-76ae-43fb-8ded-f2951486e30c/element [15.092292ms] ERR:404 body={"strategy":"-android uiautomator","selector":"new UiSelector().textMatches(\"(?is).*\\QThis never a...
14:06:44.882060 POST /session/60124aca-76ae-43fb-8ded-f2951486e30c/element [12.85525ms] ERR:404 body={"strategy":"-android uiautomator","selector":"new UiSelector().descriptionMatches(\"(?is).*\\QThis ...
14:06:44.899249 POST /session/60124aca-76ae-43fb-8ded-f2951486e30c/element [17.138291ms] ERR:404 body={"strategy":"-android uiautomator","selector":"new UiSelector().textContains(\"This never appears\")...
14:06:44.922765 POST /session/60124aca-76ae-43fb-8ded-f2951486e30c/element [23.461125ms] ERR:404 body={"strategy":"-android uiautomator","selector":"new UiSelector().descriptionContains(\"This never app...
14:06:44.938897 POST /session/60124aca-76ae-43fb-8ded-f2951486e30c/element [16.079917ms] ERR:404 body={"strategy":"-android uiautomator","selector":"new UiSelector().textMatches(\"(?is).*\\QThis never a...
14:06:44.950971 POST /session/60124aca-76ae-43fb-8ded-f2951486e30c/element [12.018875ms] ERR:404 body={"strategy":"-android uiautomator","selector":"new UiSelector().descriptionMatches(\"(?is).*\\QThis ...
14:06:44.966978 POST /session/60124aca-76ae-43fb-8ded-f2951486e30c/element [15.934959ms] ERR:404 body={"strategy":"-android uiautomator","selector":"new UiSelector().textContains(\"This never appears\")...
14:06:44.979687 POST /session/60124aca-76ae-43fb-8ded-f2951486e30c/element [12.65175ms] ERR:404 body={"strategy":"-android uiautomator","selector":"new UiSelector().descriptionContains(\"This never app...
14:06:44.993040 POST /session/60124aca-76ae-43fb-8ded-f2951486e30c/element [13.309708ms] ERR:404 body={"strategy":"-android uiautomator","selector":"new UiSelector().textMatches(\"(?is).*\\QThis never a...
14:06:45.001023 POST /session/60124aca-76ae-43fb-8ded-f2951486e30c/element [7.939834ms] ERR:404 body={"strategy":"-android uiautomator","selector":"new UiSelector().descriptionMatches(\"(?is).*\\QThis ...
14:06:45.012037 POST /session/60124aca-76ae-43fb-8ded-f2951486e30c/element [10.970833ms] ERR:404 body={"strategy":"-android uiautomator","selector":"new UiSelector().textContains(\"This never appears\")...
14:06:45.025504 POST /session/60124aca-76ae-43fb-8ded-f2951486e30c/element [13.414208ms] ERR:404 body={"strategy":"-android uiautomator","selector":"new UiSelector().descriptionContains(\"This never app...
14:06:45.038806 POST /session/60124aca-76ae-43fb-8ded-f2951486e30c/element [13.249917ms] ERR:404 body={"strategy":"-android uiautomator","selector":"new UiSelector().textMatches(\"(?is).*\\QThis never a...
14:06:45.052871 POST /session/60124aca-76ae-43fb-8ded-f2951486e30c/element [14.025083ms] ERR:404 body={"strategy":"-android uiautomator","selector":"new UiSelector().descriptionMatches(\"(?is).*\\QThis ...
14:06:45.064170 POST /session/60124aca-76ae-43fb-8ded-f2951486e30c/element [11.250834ms] ERR:404 body={"strategy":"-android uiautomator","selector":"new UiSelector().textContains(\"This never appears\")...
14:06:45.075549 POST /session/60124aca-76ae-43fb-8ded-f2951486e30c/element [11.344625ms] ERR:404 body={"strategy":"-android uiautomator","selector":"new UiSelector().descriptionContains(\"This never app...
14:06:45.086198 POST /session/60124aca-76ae-43fb-8ded-f2951486e30c/element [10.615167ms] ERR:404 body={"strategy":"-android uiautomator","selector":"new UiSelector().textMatches(\"(?is).*\\QThis never a...
14:06:45.100119 POST /session/60124aca-76ae-43fb-8ded-f2951486e30c/element [13.877708ms] ERR:404 body={"strategy":"-android uiautomator","selector":"new UiSelector().descriptionMatches(\"(?is).*\\QThis ...
14:06:45.110953 POST /session/60124aca-76ae-43fb-8ded-f2951486e30c/element [10.791208ms] ERR:404 body={"strategy":"-android uiautomator","selector":"new UiSelector().textContains(\"This never appears\")...
14:06:45.119361 POST /session/60124aca-76ae-43fb-8ded-f2951486e30c/element [8.357792ms] ERR:404 body={"strategy":"-android uiautomator","selector":"new UiSelector().descriptionContains(\"This never app...
14:06:45.131731 POST /session/60124aca-76ae-43fb-8ded-f2951486e30c/element [12.321083ms] ERR:404 body={"strategy":"-android uiautomator","selector":"new UiSelector().textMatches(\"(?is).*\\QThis never a...
14:06:45.142043 POST /session/60124aca-76ae-43fb-8ded-f2951486e30c/element [10.270917ms] ERR:404 body={"strategy":"-android uiautomator","selector":"new UiSelector().descriptionMatches(\"(?is).*\\QThis ...
14:06:45.153809 POST /session/60124aca-76ae-43fb-8ded-f2951486e30c/element [11.736542ms] ERR:404 body={"strategy":"-android uiautomator","selector":"new UiSelector().textContains(\"This never appears\")...
14:06:45.165759 POST /session/60124aca-76ae-43fb-8ded-f2951486e30c/element [11.917292ms] ERR:404 body={"strategy":"-android uiautomator","selector":"new UiSelector().descriptionContains(\"This never app...
14:06:45.177443 POST /session/60124aca-76ae-43fb-8ded-f2951486e30c/element [11.641459ms] ERR:404 body={"strategy":"-android uiautomator","selector":"new UiSelector().textMatches(\"(?is).*\\QThis never a...
14:06:45.187676 POST /session/60124aca-76ae-43fb-8ded-f2951486e30c/element [10.177125ms] ERR:404 body={"strategy":"-android uiautomator","selector":"new UiSelector().descriptionMatches(\"(?is).*\\QThis ...
14:06:45.198504 POST /session/60124aca-76ae-43fb-8ded-f2951486e30c/element [10.773625ms] ERR:404 body={"strategy":"-android uiautomator","selector":"new UiSelector().textContains(\"This never appears\")...
14:06:45.213361 POST /session/60124aca-76ae-43fb-8ded-f2951486e30c/element [14.817792ms] ERR:404 body={"strategy":"-android uiautomator","selector":"new UiSelector().descriptionContains(\"This never app...
14:06:45.223630 POST /session/60124aca-76ae-43fb-8ded-f2951486e30c/element [10.231167ms] ERR:404 body={"strategy":"-android uiautomator","selector":"new UiSelector().textMatches(\"(?is).*\\QThis never a...
14:06:45.234717 POST /session/60124aca-76ae-43fb-8ded-f2951486e30c/element [11.0425ms] ERR:404 body={"strategy":"-android uiautomator","selector":"new UiSelector().descriptionMatches(\"(?is).*\\QThis ...
14:06:45.247355 POST /session/60124aca-76ae-43fb-8ded-f2951486e30c/element [12.587583ms] ERR:404 body={"strategy":"-android uiautomator","selector":"new UiSelector().textContains(\"This never appears\")...
14:06:45.256685 POST /session/60124aca-76ae-43fb-8ded-f2951486e30c/element [9.2935ms] ERR:404 body={"strategy":"-android uiautomator","selector":"new UiSelector().descriptionContains(\"This never app...
14:06:45.267563 POST /session/60124aca-76ae-43fb-8ded-f2951486e30c/element [10.837834ms] ERR:404 body={"strategy":"-android uiautomator","selector":"new UiSelector().textMatches(\"(?is).*\\QThis never a...
14:06:45.277088 POST /session/60124aca-76ae-43fb-8ded-f2951486e30c/element [9.489958ms] ERR:404 body={"strategy":"-android uiautomator","selector":"new UiSelector().descriptionMatches(\"(?is).*\\QThis ...
14:06:45.287014 POST /session/60124aca-76ae-43fb-8ded-f2951486e30c/element [9.882ms] ERR:404 body={"strategy":"-android uiautomator","selector":"new UiSelector().textContains(\"This never appears\")...
14:06:45.299865 POST /session/60124aca-76ae-43fb-8ded-f2951486e30c/element [12.808958ms] ERR:404 body={"strategy":"-android uiautomator","selector":"new UiSelector().descriptionContains(\"This never app...
14:06:45.311008 POST /session/60124aca-76ae-43fb-8ded-f2951486e30c/element [11.099792ms] ERR:404 body={"strategy":"-android uiautomator","selector":"new UiSelector().textMatches(\"(?is).*\\QThis never a...
14:06:45.320920 POST /session/60124aca-76ae-43fb-8ded-f2951486e30c/element [9.872416ms] ERR:404 body={"strategy":"-android uiautomator","selector":"new UiSelector().descriptionMatches(\"(?is).*\\QThis ...
14:06:45.334797 POST /session/60124aca-76ae-43fb-8ded-f2951486e30c/element [13.8265ms] ERR:404 body={"strategy":"-android uiautomator","selector":"new UiSelector().textContains(\"This never appears\")...
14:06:45.347876 POST /session/60124aca-76ae-43fb-8ded-f2951486e30c/element [13.017042ms] ERR:404 body={"strategy":"-android uiautomator","selector":"new UiSelector().descriptionContains(\"This never app...
14:06:45.359991 POST /session/60124aca-76ae-43fb-8ded-f2951486e30c/element [12.061208ms] ERR:404 body={"strategy":"-android uiautomator","selector":"new UiSelector().textMatches(\"(?is).*\\QThis never a...
14:06:45.372670 POST /session/60124aca-76ae-43fb-8ded-f2951486e30c/element [12.6205ms] ERR:404 body={"strategy":"-android uiautomator","selector":"new UiSelector().descriptionMatches(\"(?is).*\\QThis ...
14:06:45.382412 POST /session/60124aca-76ae-43fb-8ded-f2951486e30c/element [9.686125ms] ERR:404 body={"strategy":"-android uiautomator","selector":"new UiSelector().textContains(\"This never appears\")...
14:06:45.392874 POST /session/60124aca-76ae-43fb-8ded-f2951486e30c/element [10.413833ms] ERR:404 body={"strategy":"-android uiautomator","selector":"new UiSelector().descriptionContains(\"This never app...
14:06:45.405729 POST /session/60124aca-76ae-43fb-8ded-f2951486e30c/element [12.797334ms] ERR:404 body={"strategy":"-android uiautomator","selector":"new UiSelector().textMatches(\"(?is).*\\QThis never a...
14:06:45.418801 POST /session/60124aca-76ae-43fb-8ded-f2951486e30c/element [13.017166ms] ERR:404 body={"strategy":"-android uiautomator","selector":"new UiSelector().descriptionMatches(\"(?is).*\\QThis ...
14:06:45.430704 POST /session/60124aca-76ae-43fb-8ded-f2951486e30c/element [11.853208ms] ERR:404 body={"strategy":"-android uiautomator","selector":"new UiSelector().textContains(\"This never appears\")...
14:06:45.438455 POST /session/60124aca-76ae-43fb-8ded-f2951486e30c/element [7.697083ms] ERR:404 body={"strategy":"-android uiautomator","selector":"new UiSelector().descriptionContains(\"This never app...
14:06:45.454968 POST /session/60124aca-76ae-43fb-8ded-f2951486e30c/element [16.455333ms] ERR:404 body={"strategy":"-android uiautomator","selector":"new UiSelector().textMatches(\"(?is).*\\QThis never a...
14:06:45.468397 POST /session/60124aca-76ae-43fb-8ded-f2951486e30c/element [13.36475ms] ERR:404 body={"strategy":"-android uiautomator","selector":"new UiSelector().descriptionMatches(\"(?is).*\\QThis ...
14:06:45.483660 POST /session/60124aca-76ae-43fb-8ded-f2951486e30c/element [15.204ms] ERR:404 body={"strategy":"-android uiautomator","selector":"new UiSelector().textContains(\"This never appears\")...
14:06:45.496513 POST /session/60124aca-76ae-43fb-8ded-f2951486e30c/element [12.797875ms] ERR:404 body={"strategy":"-android uiautomator","selector":"new UiSelector().descriptionContains(\"This never app...
14:06:45.509535 POST /session/60124aca-76ae-43fb-8ded-f2951486e30c/element [12.974ms] ERR:404 body={"strategy":"-android uiautomator","selector":"new UiSelector().textMatches(\"(?is).*\\QThis never a...
14:06:45.522915 POST /session/60124aca-76ae-43fb-8ded-f2951486e30c/element [13.326709ms] ERR:404 body={"strategy":"-android uiautomator","selector":"new UiSelector().descriptionMatches(\"(?is).*\\QThis ...
14:06:45.537612 POST /session/60124aca-76ae-43fb-8ded-f2951486e30c/element [14.647167ms] ERR:404 body={"strategy":"-android uiautomator","selector":"new UiSelector().textContains(\"This never appears\")...
14:06:45.551678 POST /session/60124aca-76ae-43fb-8ded-f2951486e30c/element [14.014333ms] ERR:404 body={"strategy":"-android uiautomator","selector":"new UiSelector().descriptionContains(\"This never app...
14:06:45.568812 POST /session/60124aca-76ae-43fb-8ded-f2951486e30c/element [17.081583ms] ERR:404 body={"strategy":"-android uiautomator","selector":"new UiSelector().textMatches(\"(?is).*\\QThis never a...
14:06:45.581166 POST /session/60124aca-76ae-43fb-8ded-f2951486e30c/element [12.285583ms] ERR:404 body={"strategy":"-android uiautomator","selector":"new UiSelector().descriptionMatches(\"(?is).*\\QThis ...
14:06:45.603938 POST /session/60124aca-76ae-43fb-8ded-f2951486e30c/element [22.707833ms] ERR:404 body={"strategy":"-android uiautomator","selector":"new UiSelector().textContains(\"This never appears\")...
14:06:45.615608 POST /session/60124aca-76ae-43fb-8ded-f2951486e30c/element [11.594084ms] ERR:404 body={"strategy":"-android uiautomator","selector":"new UiSelector().descriptionContains(\"This never app...
14:06:45.638411 POST /session/60124aca-76ae-43fb-8ded-f2951486e30c/element [22.734083ms] ERR:404 body={"strategy":"-android uiautomator","selector":"new UiSelector().textMatches(\"(?is).*\\QThis never a...
14:06:45.661879 POST /session/60124aca-76ae-43fb-8ded-f2951486e30c/element [23.345208ms] ERR:404 body={"strategy":"-android uiautomator","selector":"new UiSelector().descriptionMatches(\"(?is).*\\QThis ...
14:06:45.675149 POST /session/60124aca-76ae-43fb-8ded-f2951486e30c/element [13.197709ms] ERR:404 body={"strategy":"-android uiautomator","selector":"new UiSelector().textContains(\"This never appears\")...
14:06:45.687037 POST /session/60124aca-76ae-43fb-8ded-f2951486e30c/element [11.840042ms] ERR:404 body={"strategy":"-android uiautomator","selector":"new UiSelector().descriptionContains(\"This never app...
14:06:45.699519 POST /session/60124aca-76ae-43fb-8ded-f2951486e30c/element [12.43375ms] ERR:404 body={"strategy":"-android uiautomator","selector":"new UiSelector().textMatches(\"(?is).*\\QThis never a...
14:06:45.714082 POST /session/60124aca-76ae-43fb-8ded-f2951486e30c/element [14.509125ms] ERR:404 body={"strategy":"-android uiautomator","selector":"new UiSelector().descriptionMatches(\"(?is).*\\QThis ...
14:06:45.729606 POST /session/60124aca-76ae-43fb-8ded-f2951486e30c/element [15.466708ms] ERR:404 body={"strategy":"-android uiautomator","selector":"new UiSelector().textContains(\"This never appears\")...
14:06:45.740507 POST /session/60124aca-76ae-43fb-8ded-f2951486e30c/element [10.8455ms] ERR:404 body={"strategy":"-android uiautomator","selector":"new UiSelector().descriptionContains(\"This never app...
14:06:45.753007 POST /session/60124aca-76ae-43fb-8ded-f2951486e30c/element [12.45425ms] ERR:404 body={"strategy":"-android uiautomator","selector":"new UiSelector().textMatches(\"(?is).*\\QThis never a...
14:06:45.765191 POST /session/60124aca-76ae-43fb-8ded-f2951486e30c/element [12.138458ms] ERR:404 body={"strategy":"-android uiautomator","selector":"new UiSelector().descriptionMatches(\"(?is).*\\QThis ...
14:06:45.776135 POST /session/60124aca-76ae-43fb-8ded-f2951486e30c/element [10.901208ms] ERR:404 body={"strategy":"-android uiautomator","selector":"new UiSelector().textContains(\"This never appears\")...
14:06:45.788087 POST /session/60124aca-76ae-43fb-8ded-f2951486e30c/element [11.907458ms] ERR:404 body={"strategy":"-android uiautomator","selector":"new UiSelector().descriptionContains(\"This never app...
14:06:45.801719 POST /session/60124aca-76ae-43fb-8ded-f2951486e30c/element [13.58425ms] ERR:404 body={"strategy":"-android uiautomator","selector":"new UiSelector().textMatches(\"(?is).*\\QThis never a...
14:06:45.813543 POST /session/60124aca-76ae-43fb-8ded-f2951486e30c/element [11.780792ms] ERR:404 body={"strategy":"-android uiautomator","selector":"new UiSelector().descriptionMatches(\"(?is).*\\QThis ...
14:06:45.824457 POST /session/60124aca-76ae-43fb-8ded-f2951486e30c/element [10.875416ms] ERR:404 body={"strategy":"-android uiautomator","selector":"new UiSelector().textContains(\"This never appears\")...
14:06:45.836418 POST /session/60124aca-76ae-43fb-8ded-f2951486e30c/element [11.919416ms] ERR:404 body={"strategy":"-android uiautomator","selector":"new UiSelector().descriptionContains(\"This never app...
14:06:45.850642 POST /session/60124aca-76ae-43fb-8ded-f2951486e30c/element [14.172917ms] ERR:404 body={"strategy":"-android uiautomator","selector":"new UiSelector().textMatches(\"(?is).*\\QThis never a...
14:06:45.861819 POST /session/60124aca-76ae-43fb-8ded-f2951486e30c/element [11.130792ms] ERR:404 body={"strategy":"-android uiautomator","selector":"new UiSelector().descriptionMatches(\"(?is).*\\QThis ...
14:06:45.873376 POST /session/60124aca-76ae-43fb-8ded-f2951486e30c/element [11.512833ms] ERR:404 body={"strategy":"-android uiautomator","selector":"new UiSelector().textContains(\"This never appears\")...
14:06:45.890573 POST /session/60124aca-76ae-43fb-8ded-f2951486e30c/element [17.153291ms] ERR:404 body={"strategy":"-android uiautomator","selector":"new UiSelector().descriptionContains(\"This never app...
14:06:45.905688 POST /session/60124aca-76ae-43fb-8ded-f2951486e30c/element [15.060291ms] ERR:404 body={"strategy":"-android uiautomator","selector":"new UiSelector().textMatches(\"(?is).*\\QThis never a...
14:06:45.917189 POST /session/60124aca-76ae-43fb-8ded-f2951486e30c/element [11.451125ms] ERR:404 body={"strategy":"-android uiautomator","selector":"new UiSelector().descriptionMatches(\"(?is).*\\QThis ...
14:06:45.930542 POST /session/60124aca-76ae-43fb-8ded-f2951486e30c/element [13.297625ms] ERR:404 body={"strategy":"-android uiautomator","selector":"new UiSelector().textContains(\"This never appears\")...
14:06:45.945982 POST /session/60124aca-76ae-43fb-8ded-f2951486e30c/element [15.37975ms] ERR:404 body={"strategy":"-android uiautomator","selector":"new UiSelector().descriptionContains(\"This never app...
14:06:45.957483 POST /session/60124aca-76ae-43fb-8ded-f2951486e30c/element [11.453458ms] ERR:404 body={"strategy":"-android uiautomator","selector":"new UiSelector().textMatches(\"(?is).*\\QThis never a...
14:06:45.969573 POST /session/60124aca-76ae-43fb-8ded-f2951486e30c/element [12.042958ms] ERR:404 body={"strategy":"-android uiautomator","selector":"new UiSelector().descriptionMatches(\"(?is).*\\QThis ...
14:06:45.979668 POST /session/60124aca-76ae-43fb-8ded-f2951486e30c/element [10.047417ms] ERR:404 body={"strategy":"-android uiautomator","selector":"new UiSelector().textContains(\"This never appears\")...
14:06:45.993187 POST /session/60124aca-76ae-43fb-8ded-f2951486e30c/element [13.462292ms] ERR:404 body={"strategy":"-android uiautomator","selector":"new UiSelector().descriptionContains(\"This never app...
14:06:46.011474 POST /session/60124aca-76ae-43fb-8ded-f2951486e30c/element [18.235ms] ERR:404 body={"strategy":"-android uiautomator","selector":"new UiSelector().textMatches(\"(?is).*\\QThis never a...
14:06:46.018387 POST /session/60124aca-76ae-43fb-8ded-f2951486e30c/element [6.855291ms] ERR:404 body={"strategy":"-android uiautomator","selector":"new UiSelector().descriptionMatches(\"(?is).*\\QThis ...
14:06:46.032560 POST /session/60124aca-76ae-43fb-8ded-f2951486e30c/element [14.109209ms] ERR:404 body={"strategy":"-android uiautomator","selector":"new UiSelector().textContains(\"This never appears\")...
14:06:46.043088 POST /session/60124aca-76ae-43fb-8ded-f2951486e30c/element [10.481041ms] ERR:404 body={"strategy":"-android uiautomator","selector":"new UiSelector().descriptionContains(\"This never app...
14:06:46.054616 POST /session/60124aca-76ae-43fb-8ded-f2951486e30c/element [11.485625ms] ERR:404 body={"strategy":"-android uiautomator","selector":"new UiSelector().textMatches(\"(?is).*\\QThis never a...
14:06:46.065925 POST /session/60124aca-76ae-43fb-8ded-f2951486e30c/element [11.097583ms] ERR:404 body={"strategy":"-android uiautomator","selector":"new UiSelector().descriptionMatches(\"(?is).*\\QThis ...
14:06:46.079696 POST /session/60124aca-76ae-43fb-8ded-f2951486e30c/element [13.706417ms] ERR:404 body={"strategy":"-android uiautomator","selector":"new UiSelector().textContains(\"This never appears\")...
14:06:46.091921 POST /session/60124aca-76ae-43fb-8ded-f2951486e30c/element [12.169042ms] ERR:404 body={"strategy":"-android uiautomator","selector":"new UiSelector().descriptionContains(\"This never app...
14:06:46.096416 POST /session/60124aca-76ae-43fb-8ded-f2951486e30c/element [4.450916ms] ERR:404 body={"strategy":"-android uiautomator","selector":"new UiSelector().textMatches(\"(?is).*\\QThis never a...
14:06:46.107666 POST /session/60124aca-76ae-43fb-8ded-f2951486e30c/element [11.211166ms] ERR:404 body={"strategy":"-android uiautomator","selector":"new UiSelector().descriptionMatches(\"(?is).*\\QThis ...
14:06:46.115933 POST /session/60124aca-76ae-43fb-8ded-f2951486e30c/element [8.228458ms] ERR:404 body={"strategy":"-android uiautomator","selector":"new UiSelector().textContains(\"This never appears\")...
14:06:46.127350 POST /session/60124aca-76ae-43fb-8ded-f2951486e30c/element [11.384042ms] ERR:404 body={"strategy":"-android uiautomator","selector":"new UiSelector().descriptionContains(\"This never app...
14:06:46.138295 POST /session/60124aca-76ae-43fb-8ded-f2951486e30c/element [10.907042ms] ERR:404 body={"strategy":"-android uiautomator","selector":"new UiSelector().textMatches(\"(?is).*\\QThis never a...
14:06:46.153652 POST /session/60124aca-76ae-43fb-8ded-f2951486e30c/element [15.318375ms] ERR:404 body={"strategy":"-android uiautomator","selector":"new UiSelector().descriptionMatches(\"(?is).*\\QThis ...
14:06:46.168710 POST /session/60124aca-76ae-43fb-8ded-f2951486e30c/element [15.001541ms] ERR:404 body={"strategy":"-android uiautomator","selector":"new UiSelector().textContains(\"This never appears\")...
14:06:46.181142 POST /session/60124aca-76ae-43fb-8ded-f2951486e30c/element [12.373334ms] ERR:404 body={"strategy":"-android uiautomator","selector":"new UiSelector().descriptionContains(\"This never app...
14:06:46.193657 POST /session/60124aca-76ae-43fb-8ded-f2951486e30c/element [12.450042ms] ERR:404 body={"strategy":"-android uiautomator","selector":"new UiSelector().textMatches(\"(?is).*\\QThis never a...
14:06:46.206963 POST /session/60124aca-76ae-43fb-8ded-f2951486e30c/element [13.255167ms] ERR:404 body={"strategy":"-android uiautomator","selector":"new UiSelector().descriptionMatches(\"(?is).*\\QThis ...
14:06:46.218524 POST /session/60124aca-76ae-43fb-8ded-f2951486e30c/element [11.509959ms] ERR:404 body={"strategy":"-android uiautomator","selector":"new UiSelector().textContains(\"This never appears\")...
14:06:46.230019 POST /session/60124aca-76ae-43fb-8ded-f2951486e30c/element [11.451333ms] ERR:404 body={"strategy":"-android uiautomator","selector":"new UiSelector().descriptionContains(\"This never app...
14:06:46.245563 POST /session/60124aca-76ae-43fb-8ded-f2951486e30c/element [15.503292ms] ERR:404 body={"strategy":"-android uiautomator","selector":"new UiSelector().textMatches(\"(?is).*\\QThis never a...
14:06:46.258807 POST /session/60124aca-76ae-43fb-8ded-f2951486e30c/element [13.182084ms] ERR:404 body={"strategy":"-android uiautomator","selector":"new UiSelector().descriptionMatches(\"(?is).*\\QThis ...
14:06:46.270178 POST /session/60124aca-76ae-43fb-8ded-f2951486e30c/element [11.314209ms] ERR:404 body={"strategy":"-android uiautomator","selector":"new UiSelector().textContains(\"This never appears\")...
14:06:46.282368 POST /session/60124aca-76ae-43fb-8ded-f2951486e30c/element [12.135917ms] ERR:404 body={"strategy":"-android uiautomator","selector":"new UiSelector().descriptionContains(\"This never app...
14:06:46.296323 POST /session/60124aca-76ae-43fb-8ded-f2951486e30c/element [13.904792ms] ERR:404 body={"strategy":"-android uiautomator","selector":"new UiSelector().textMatches(\"(?is).*\\QThis never a...
14:06:46.309057 POST /session/60124aca-76ae-43fb-8ded-f2951486e30c/element [12.672167ms] ERR:404 body={"strategy":"-android uiautomator","selector":"new UiSelector().descriptionMatches(\"(?is).*\\QThis ...
14:06:46.319287 POST /session/60124aca-76ae-43fb-8ded-f2951486e30c/element [10.174167ms] ERR:404 body={"strategy":"-android uiautomator","selector":"new UiSelector().textContains(\"This never appears\")...
14:06:46.328548 POST /session/60124aca-76ae-43fb-8ded-f2951486e30c/element [9.216833ms] ERR:404 body={"strategy":"-android uiautomator","selector":"new UiSelector().descriptionContains(\"This never app...
14:06:46.338379 POST /session/60124aca-76ae-43fb-8ded-f2951486e30c/element [9.784917ms] ERR:404 body={"strategy":"-android uiautomator","selector":"new UiSelector().textMatches(\"(?is).*\\QThis never a...
14:06:46.352623 POST /session/60124aca-76ae-43fb-8ded-f2951486e30c/element [14.190833ms] ERR:404 body={"strategy":"-android uiautomator","selector":"new UiSelector().descriptionMatches(\"(?is).*\\QThis ...
14:06:46.365699 POST /session/60124aca-76ae-43fb-8ded-f2951486e30c/element [13.003583ms] ERR:404 body={"strategy":"-android uiautomator","selector":"new UiSelector().textContains(\"This never appears\")...
14:06:46.377846 POST /session/60124aca-76ae-43fb-8ded-f2951486e30c/element [12.074209ms] ERR:404 body={"strategy":"-android uiautomator","selector":"new UiSelector().descriptionContains(\"This never app...
14:06:46.391907 POST /session/60124aca-76ae-43fb-8ded-f2951486e30c/element [13.986292ms] ERR:404 body={"strategy":"-android uiautomator","selector":"new UiSelector().textMatches(\"(?is).*\\QThis never a...
14:06:46.400416 POST /session/60124aca-76ae-43fb-8ded-f2951486e30c/element [8.454042ms] ERR:404 body={"strategy":"-android uiautomator","selector":"new UiSelector().descriptionMatches(\"(?is).*\\QThis ...
14:06:46.408453 POST /session/60124aca-76ae-43fb-8ded-f2951486e30c/element [7.990083ms] ERR:404 body={"strategy":"-android uiautomator","selector":"new UiSelector().textContains(\"This never appears\")...
14:06:46.419985 POST /session/60124aca-76ae-43fb-8ded-f2951486e30c/element [11.4885ms] ERR:404 body={"strategy":"-android uiautomator","selector":"new UiSelector().descriptionContains(\"This never app...
14:06:46.429297 POST /session/60124aca-76ae-43fb-8ded-f2951486e30c/element [9.267167ms] ERR:404 body={"strategy":"-android uiautomator","selector":"new UiSelector().textMatches(\"(?is).*\\QThis never a...
14:06:46.435849 POST /session/60124aca-76ae-43fb-8ded-f2951486e30c/element [6.508458ms] ERR:404 body={"strategy":"-android uiautomator","selector":"new UiSelector().descriptionMatches(\"(?is).*\\QThis ...
14:06:46.445083 POST /session/60124aca-76ae-43fb-8ded-f2951486e30c/element [9.177792ms] ERR:404 body={"strategy":"-android uiautomator","selector":"new UiSelector().textContains(\"This never appears\")...
14:06:46.454405 POST /session/60124aca-76ae-43fb-8ded-f2951486e30c/element [9.278458ms] ERR:404 body={"strategy":"-android uiautomator","selector":"new UiSelector().descriptionContains(\"This never app...
14:06:46.471286 POST /session/60124aca-76ae-43fb-8ded-f2951486e30c/element [16.818834ms] ERR:404 body={"strategy":"-android uiautomator","selector":"new UiSelector().textMatches(\"(?is).*\\QThis never a...
14:06:46.484291 POST /session/60124aca-76ae-43fb-8ded-f2951486e30c/element [12.912666ms] ERR:404 body={"strategy":"-android uiautomator","selector":"new UiSelector().descriptionMatches(\"(?is).*\\QThis ...
14:06:46.494639 POST /session/60124aca-76ae-43fb-8ded-f2951486e30c/element [10.287459ms] ERR:404 body={"strategy":"-android uiautomator","selector":"new UiSelector().textContains(\"This never appears\")...
14:06:46.500065 POST /session/60124aca-76ae-43fb-8ded-f2951486e30c/element [5.368416ms] ERR:404 body={"strategy":"-android uiautomator","selector":"new UiSelector().descriptionContains(\"This never app...
14:06:46.509967 POST /session/60124aca-76ae-43fb-8ded-f2951486e30c/element [9.842375ms] ERR:404 body={"strategy":"-android uiautomator","selector":"new UiSelector().textMatches(\"(?is).*\\QThis never a...
14:06:46.528131 POST /session/60124aca-76ae-43fb-8ded-f2951486e30c/element [18.095542ms] ERR:404 body={"strategy":"-android uiautomator","selector":"new UiSelector().descriptionMatches(\"(?is).*\\QThis ...
14:06:46.541688 POST /session/60124aca-76ae-43fb-8ded-f2951486e30c/element [13.489458ms] ERR:404 body={"strategy":"-android uiautomator","selector":"new UiSelector().textContains(\"This never appears\")...
14:06:46.573537 POST /session/60124aca-76ae-43fb-8ded-f2951486e30c/element [31.796042ms] ERR:404 body={"strategy":"-android uiautomator","selector":"new UiSelector().descriptionContains(\"This never app...
14:06:46.585440 POST /session/60124aca-76ae-43fb-8ded-f2951486e30c/element [11.852041ms] ERR:404 body={"strategy":"-android uiautomator","selector":"new UiSelector().textMatches(\"(?is).*\\QThis never a...
14:06:46.595397 POST /session/60124aca-76ae-43fb-8ded-f2951486e30c/element [9.908542ms] ERR:404 body={"strategy":"-android uiautomator","selector":"new UiSelector().descriptionMatches(\"(?is).*\\QThis ...
14:06:46.605383 POST /session/60124aca-76ae-43fb-8ded-f2951486e30c/element [9.928667ms] ERR:404 body={"strategy":"-android uiautomator","selector":"new UiSelector().textContains(\"This never appears\")...
14:06:46.617875 POST /session/60124aca-76ae-43fb-8ded-f2951486e30c/element [12.4425ms] ERR:404 body={"strategy":"-android uiautomator","selector":"new UiSelector().descriptionContains(\"This never app...
14:06:46.633788 POST /session/60124aca-76ae-43fb-8ded-f2951486e30c/element [15.848125ms] ERR:404 body={"strategy":"-android uiautomator","selector":"new UiSelector().textMatches(\"(?is).*\\QThis never a...
14:06:46.647395 POST /session/60124aca-76ae-43fb-8ded-f2951486e30c/element [13.547833ms] ERR:404 body={"strategy":"-android uiautomator","selector":"new UiSelector().descriptionMatches(\"(?is).*\\QThis ...
14:06:46.658337 POST /session/60124aca-76ae-43fb-8ded-f2951486e30c/element [10.887583ms] ERR:404 body={"strategy":"-android uiautomator","selector":"new UiSelector().textContains(\"This never appears\")...
14:06:46.665381 POST /session/60124aca-76ae-43fb-8ded-f2951486e30c/element [6.988916ms] ERR:404 body={"strategy":"-android uiautomator","selector":"new UiSelector().descriptionContains(\"This never app...
14:06:46.679209 POST /session/60124aca-76ae-43fb-8ded-f2951486e30c/element [13.780167ms] ERR:404 body={"strategy":"-android uiautomator","selector":"new UiSelector().textMatches(\"(?is).*\\QThis never a...
14:06:46.691611 POST /session/60124aca-76ae-43fb-8ded-f2951486e30c/element [12.349209ms] ERR:404 body={"strategy":"-android uiautomator","selector":"new UiSelector().descriptionMatches(\"(?is).*\\QThis ...
14:06:46.700493 POST /session/60124aca-76ae-43fb-8ded-f2951486e30c/element [8.831792ms] ERR:404 body={"strategy":"-android uiautomator","selector":"new UiSelector().textContains(\"This never appears\")...
14:06:46.706375 POST /session/60124aca-76ae-43fb-8ded-f2951486e30c/element [5.83625ms] ERR:404 body={"strategy":"-android uiautomator","selector":"new UiSelector().descriptionContains(\"This never app...
14:06:46.713340 POST /session/60124aca-76ae-43fb-8ded-f2951486e30c/element [6.915959ms] ERR:404 body={"strategy":"-android uiautomator","selector":"new UiSelector().textMatches(\"(?is).*\\QThis never a...
14:06:46.724579 POST /session/60124aca-76ae-43fb-8ded-f2951486e30c/element [11.201875ms] ERR:404 body={"strategy":"-android uiautomator","selector":"new UiSelector().descriptionMatches(\"(?is).*\\QThis ...
14:06:46.732640 POST /session/60124aca-76ae-43fb-8ded-f2951486e30c/element [8.008792ms] ERR:404 body={"strategy":"-android uiautomator","selector":"new UiSelector().textContains(\"This never appears\")...
14:06:46.740308 POST /session/60124aca-76ae-43fb-8ded-f2951486e30c/element [7.63225ms] ERR:404 body={"strategy":"-android uiautomator","selector":"new UiSelector().descriptionContains(\"This never app...
14:06:46.751697 POST /session/60124aca-76ae-43fb-8ded-f2951486e30c/element [11.352375ms] ERR:404 body={"strategy":"-android uiautomator","selector":"new UiSelector().textMatches(\"(?is).*\\QThis never a...
14:06:46.762643 POST /session/60124aca-76ae-43fb-8ded-f2951486e30c/element [10.890333ms] ERR:404 body={"strategy":"-android uiautomator","selector":"new UiSelector().descriptionMatches(\"(?is).*\\QThis ...
14:06:46.777184 POST /session/60124aca-76ae-43fb-8ded-f2951486e30c/element [14.488208ms] ERR:404 body={"strategy":"-android uiautomator","selector":"new UiSelector().textContains(\"This never appears\")...
14:06:46.787191 POST /session/60124aca-76ae-43fb-8ded-f2951486e30c/element [9.935959ms] ERR:404 body={"strategy":"-android uiautomator","selector":"new UiSelector().descriptionContains(\"This never app...
14:06:46.797646 POST /session/60124aca-76ae-43fb-8ded-f2951486e30c/element [10.399208ms] ERR:404 body={"strategy":"-android uiautomator","selector":"new UiSelector().textMatches(\"(?is).*\\QThis never a...
14:06:46.809800 POST /session/60124aca-76ae-43fb-8ded-f2951486e30c/element [12.096792ms] ERR:404 body={"strategy":"-android uiautomator","selector":"new UiSelector().descriptionMatches(\"(?is).*\\QThis ...
14:06:46.826532 POST /session/60124aca-76ae-43fb-8ded-f2951486e30c/element [16.678375ms] ERR:404 body={"strategy":"-android uiautomator","selector":"new UiSelector().textContains(\"This never appears\")...
14:06:46.835486 POST /session/60124aca-76ae-43fb-8ded-f2951486e30c/element [8.895291ms] ERR:404 body={"strategy":"-android uiautomator","selector":"new UiSelector().descriptionContains(\"This never app...
14:06:46.847905 POST /session/60124aca-76ae-43fb-8ded-f2951486e30c/element [12.359292ms] ERR:404 body={"strategy":"-android uiautomator","selector":"new UiSelector().textMatches(\"(?is).*\\QThis never a...
14:06:46.860181 POST /session/60124aca-76ae-43fb-8ded-f2951486e30c/element [12.228666ms] ERR:404 body={"strategy":"-android uiautomator","selector":"new UiSelector().descriptionMatches(\"(?is).*\\QThis ...
14:06:46.875044 POST /session/60124aca-76ae-43fb-8ded-f2951486e30c/element [14.808375ms] ERR:404 body={"strategy":"-android uiautomator","selector":"new UiSelector().textContains(\"This never appears\")...
14:06:46.885060 POST /session/60124aca-76ae-43fb-8ded-f2951486e30c/element [9.957959ms] ERR:404 body={"strategy":"-android uiautomator","selector":"new UiSelector().descriptionContains(\"This never app...
14:06:46.895563 POST /session/60124aca-76ae-43fb-8ded-f2951486e30c/element [10.449709ms] ERR:404 body={"strategy":"-android uiautomator","selector":"new UiSelector().textMatches(\"(?is).*\\QThis never a...
14:06:46.909335 POST /session/60124aca-76ae-43fb-8ded-f2951486e30c/element [13.722167ms] ERR:404 body={"strategy":"-android uiautomator","selector":"new UiSelector().descriptionMatches(\"(?is).*\\QThis ...
14:06:46.918566 POST /session/60124aca-76ae-43fb-8ded-f2951486e30c/element [9.167083ms] ERR:404 body={"strategy":"-android uiautomator","selector":"new UiSelector().textContains(\"This never appears\")...
14:06:46.937262 POST /session/60124aca-76ae-43fb-8ded-f2951486e30c/element [18.641959ms] ERR:404 body={"strategy":"-android uiautomator","selector":"new UiSelector().descriptionContains(\"This never app...
14:06:46.957563 POST /session/60124aca-76ae-43fb-8ded-f2951486e30c/element [20.233625ms] ERR:404 body={"strategy":"-android uiautomator","selector":"new UiSelector().textMatches(\"(?is).*\\QThis never a...
14:06:46.964680 POST /session/60124aca-76ae-43fb-8ded-f2951486e30c/element [7.060458ms] ERR:404 body={"strategy":"-android uiautomator","selector":"new UiSelector().descriptionMatches(\"(?is).*\\QThis ...
14:06:46.975504 POST /session/60124aca-76ae-43fb-8ded-f2951486e30c/element [10.763708ms] ERR:404 body={"strategy":"-android uiautomator","selector":"new UiSelector().textContains(\"This never appears\")...
14:06:46.989261 POST /session/60124aca-76ae-43fb-8ded-f2951486e30c/element [13.707125ms] ERR:404 body={"strategy":"-android uiautomator","selector":"new UiSelector().descriptionContains(\"This never app...
14:06:47.000511 POST /session/60124aca-76ae-43fb-8ded-f2951486e30c/element [11.201625ms] ERR:404 body={"strategy":"-android uiautomator","selector":"new UiSelector().textMatches(\"(?is).*\\QThis never a...
14:06:47.011117 POST /session/60124aca-76ae-43fb-8ded-f2951486e30c/element [10.55975ms] ERR:404 body={"strategy":"-android uiautomator","selector":"new UiSelector().descriptionMatches(\"(?is).*\\QThis ...
14:06:47.024039 POST /session/60124aca-76ae-43fb-8ded-f2951486e30c/element [12.866459ms] ERR:404 body={"strategy":"-android uiautomator","selector":"new UiSelector().textContains(\"This never appears\")...
14:06:47.037162 POST /session/60124aca-76ae-43fb-8ded-f2951486e30c/element [13.079042ms] ERR:404 body={"strategy":"-android uiautomator","selector":"new UiSelector().descriptionContains(\"This never app...
14:06:47.046765 POST /session/60124aca-76ae-43fb-8ded-f2951486e30c/element [9.561792ms] ERR:404 body={"strategy":"-android uiautomator","selector":"new UiSelector().textMatches(\"(?is).*\\QThis never a...
14:06:47.057917 POST /session/60124aca-76ae-43fb-8ded-f2951486e30c/element [11.114375ms] ERR:404 body={"strategy":"-android uiautomator","selector":"new UiSelector().descriptionMatches(\"(?is).*\\QThis ...
14:06:47.063759 POST /session/60124aca-76ae-43fb-8ded-f2951486e30c/element [5.807208ms] ERR:404 body={"strategy":"-android uiautomator","selector":"new UiSelector().textContains(\"This never appears\")...
14:06:47.074321 POST /session/60124aca-76ae-43fb-8ded-f2951486e30c/element [10.526167ms] ERR:404 body={"strategy":"-android uiautomator","selector":"new UiSelector().descriptionContains(\"This never app...
14:06:47.086127 POST /session/60124aca-76ae-43fb-8ded-f2951486e30c/element [11.753083ms] ERR:404 body={"strategy":"-android uiautomator","selector":"new UiSelector().textMatches(\"(?is).*\\QThis never a...
14:06:47.101350 POST /session/60124aca-76ae-43fb-8ded-f2951486e30c/element [15.173167ms] ERR:404 body={"strategy":"-android uiautomator","selector":"new UiSelector().descriptionMatches(\"(?is).*\\QThis ...
14:06:47.111087 POST /session/60124aca-76ae-43fb-8ded-f2951486e30c/element [9.681875ms] ERR:404 body={"strategy":"-android uiautomator","selector":"new UiSelector().textContains(\"This never appears\")...
14:06:47.122228 POST /session/60124aca-76ae-43fb-8ded-f2951486e30c/element [11.098375ms] ERR:404 body={"strategy":"-android uiautomator","selector":"new UiSelector().descriptionContains(\"This never app...
14:06:47.134486 POST /session/60124aca-76ae-43fb-8ded-f2951486e30c/element [12.211292ms] ERR:404 body={"strategy":"-android uiautomator","selector":"new UiSelector().textMatches(\"(?is).*\\QThis never a...
14:06:47.150413 POST /session/60124aca-76ae-43fb-8ded-f2951486e30c/element [15.8735ms] ERR:404 body={"strategy":"-android uiautomator","selector":"new UiSelector().descriptionMatches(\"(?is).*\\QThis ...
14:06:47.162621 POST /session/60124aca-76ae-43fb-8ded-f2951486e30c/element [12.154875ms] ERR:404 body={"strategy":"-android uiautomator","selector":"new UiSelector().textContains(\"This never appears\")...
14:06:47.176371 POST /session/60124aca-76ae-43fb-8ded-f2951486e30c/element [13.694375ms] ERR:404 body={"strategy":"-android uiautomator","selector":"new UiSelector().descriptionContains(\"This never app...
14:06:47.190561 POST /session/60124aca-76ae-43fb-8ded-f2951486e30c/element [14.129584ms] ERR:404 body={"strategy":"-android uiautomator","selector":"new UiSelector().textMatches(\"(?is).*\\QThis never a...
14:06:47.201001 POST /session/60124aca-76ae-43fb-8ded-f2951486e30c/element [10.385333ms] ERR:404 body={"strategy":"-android uiautomator","selector":"new UiSelector().descriptionMatches(\"(?is).*\\QThis ...
14:06:47.209673 POST /session/60124aca-76ae-43fb-8ded-f2951486e30c/element [8.618709ms] ERR:404 body={"strategy":"-android uiautomator","selector":"new UiSelector().textContains(\"This never appears\")...
14:06:47.219008 POST /session/60124aca-76ae-43fb-8ded-f2951486e30c/element [9.286667ms] ERR:404 body={"strategy":"-android uiautomator","selector":"new UiSelector().descriptionContains(\"This never app...
14:06:47.229877 POST /session/60124aca-76ae-43fb-8ded-f2951486e30c/element [10.826ms] ERR:404 body={"strategy":"-android uiautomator","selector":"new UiSelector().textMatches(\"(?is).*\\QThis never a...
14:06:47.238881 POST /session/60124aca-76ae-43fb-8ded-f2951486e30c/element [8.875959ms] ERR:404 body={"strategy":"-android uiautomator","selector":"new UiSelector().descriptionMatches(\"(?is).*\\QThis ...
14:06:47.253031 POST /session/60124aca-76ae-43fb-8ded-f2951486e30c/element [14.093458ms] ERR:404 body={"strategy":"-android uiautomator","selector":"new UiSelector().textContains(\"This never appears\")...
14:06:47.262566 POST /session/60124aca-76ae-43fb-8ded-f2951486e30c/element [9.467333ms] ERR:404 body={"strategy":"-android uiautomator","selector":"new UiSelector().descriptionContains(\"This never app...
14:06:47.275649 POST /session/60124aca-76ae-43fb-8ded-f2951486e30c/element [13.034875ms] ERR:404 body={"strategy":"-android uiautomator","selector":"new UiSelector().textMatches(\"(?is).*\\QThis never a...
14:06:47.285956 POST /session/60124aca-76ae-43fb-8ded-f2951486e30c/element [10.248542ms] ERR:404 body={"strategy":"-android uiautomator","selector":"new UiSelector().descriptionMatches(\"(?is).*\\QThis ...
14:06:47.297870 POST /session/60124aca-76ae-43fb-8ded-f2951486e30c/element [11.859375ms] ERR:404 body={"strategy":"-android uiautomator","selector":"new UiSelector().textContains(\"This never appears\")...
14:06:47.308260 POST /session/60124aca-76ae-43fb-8ded-f2951486e30c/element [10.342917ms] ERR:404 body={"strategy":"-android uiautomator","selector":"new UiSelector().descriptionContains(\"This never app...
14:06:47.318184 POST /session/60124aca-76ae-43fb-8ded-f2951486e30c/element [9.873875ms] ERR:404 body={"strategy":"-android uiautomator","selector":"new UiSelector().textMatches(\"(?is).*\\QThis never a...
14:06:47.329646 POST /session/60124aca-76ae-43fb-8ded-f2951486e30c/element [11.40575ms] ERR:404 body={"strategy":"-android uiautomator","selector":"new UiSelector().descriptionMatches(\"(?is).*\\QThis ...
14:06:47.339691 POST /session/60124aca-76ae-43fb-8ded-f2951486e30c/element [9.982541ms] ERR:404 body={"strategy":"-android uiautomator","selector":"new UiSelector().textContains(\"This never appears\")...
14:06:47.349156 POST /session/60124aca-76ae-43fb-8ded-f2951486e30c/element [9.412458ms] ERR:404 body={"strategy":"-android uiautomator","selector":"new UiSelector().descriptionContains(\"This never app...
14:06:47.363021 POST /session/60124aca-76ae-43fb-8ded-f2951486e30c/element [13.810458ms] ERR:404 body={"strategy":"-android uiautomator","selector":"new UiSelector().textMatches(\"(?is).*\\QThis never a...
14:06:47.375753 POST /session/60124aca-76ae-43fb-8ded-f2951486e30c/element [12.682375ms] ERR:404 body={"strategy":"-android uiautomator","selector":"new UiSelector().descriptionMatches(\"(?is).*\\QThis ...
14:06:47.387849 POST /session/60124aca-76ae-43fb-8ded-f2951486e30c/element [12.042541ms] ERR:404 body={"strategy":"-android uiautomator","selector":"new UiSelector().textContains(\"This never appears\")...
14:06:47.396466 POST /session/60124aca-76ae-43fb-8ded-f2951486e30c/element [8.579291ms] ERR:404 body={"strategy":"-android uiautomator","selector":"new UiSelector().descriptionContains(\"This never app...
14:06:47.408635 POST /session/60124aca-76ae-43fb-8ded-f2951486e30c/element [12.119875ms] ERR:404 body={"strategy":"-android uiautomator","selector":"new UiSelector().textMatches(\"(?is).*\\QThis never a...
14:06:47.417763 POST /session/60124aca-76ae-43fb-8ded-f2951486e30c/element [9.0835ms] ERR:404 body={"strategy":"-android uiautomator","selector":"new UiSelector().descriptionMatches(\"(?is).*\\QThis ...
14:06:47.427900 POST /session/60124aca-76ae-43fb-8ded-f2951486e30c/element [10.082458ms] ERR:404 body={"strategy":"-android uiautomator","selector":"new UiSelector().textContains(\"This never appears\")...
14:06:47.437333 POST /session/60124aca-76ae-43fb-8ded-f2951486e30c/element [9.385875ms] ERR:404 body={"strategy":"-android uiautomator","selector":"new UiSelector().descriptionContains(\"This never app...
14:06:47.448384 POST /session/60124aca-76ae-43fb-8ded-f2951486e30c/element [11.008875ms] ERR:404 body={"strategy":"-android uiautomator","selector":"new UiSelector().textMatches(\"(?is).*\\QThis never a...
14:06:47.459524 POST /session/60124aca-76ae-43fb-8ded-f2951486e30c/element [11.08675ms] ERR:404 body={"strategy":"-android uiautomator","selector":"new UiSelector().descriptionMatches(\"(?is).*\\QThis ...
14:06:47.469812 POST /session/60124aca-76ae-43fb-8ded-f2951486e30c/element [10.239ms] ERR:404 body={"strategy":"-android uiautomator","selector":"new UiSelector().textContains(\"This never appears\")...
14:06:47.479890 POST /session/60124aca-76ae-43fb-8ded-f2951486e30c/element [10.009209ms] ERR:404 body={"strategy":"-android uiautomator","selector":"new UiSelector().descriptionContains(\"This never app...
14:06:47.494721 POST /session/60124aca-76ae-43fb-8ded-f2951486e30c/element [14.776542ms] ERR:404 body={"strategy":"-android uiautomator","selector":"new UiSelector().textMatches(\"(?is).*\\QThis never a...
14:06:47.507007 POST /session/60124aca-76ae-43fb-8ded-f2951486e30c/element [12.236292ms] ERR:404 body={"strategy":"-android uiautomator","selector":"new UiSelector().descriptionMatches(\"(?is).*\\QThis ...
14:06:47.515730 POST /session/60124aca-76ae-43fb-8ded-f2951486e30c/element [8.677042ms] ERR:404 body={"strategy":"-android uiautomator","selector":"new UiSelector().textContains(\"This never appears\")...
14:06:47.525578 POST /session/60124aca-76ae-43fb-8ded-f2951486e30c/element [9.804541ms] ERR:404 body={"strategy":"-android uiautomator","selector":"new UiSelector().descriptionContains(\"This never app...
14:06:47.534735 POST /session/60124aca-76ae-43fb-8ded-f2951486e30c/element [9.116375ms] ERR:404 body={"strategy":"-android uiautomator","selector":"new UiSelector().textMatches(\"(?is).*\\QThis never a...
14:06:47.543469 POST /session/60124aca-76ae-43fb-8ded-f2951486e30c/element [8.700083ms] ERR:404 body={"strategy":"-android uiautomator","selector":"new UiSelector().descriptionMatches(\"(?is).*\\QThis ...
14:06:47.551562 POST /session/60124aca-76ae-43fb-8ded-f2951486e30c/element [8.054167ms] ERR:404 body={"strategy":"-android uiautomator","selector":"new UiSelector().textContains(\"This never appears\")...
14:06:47.559807 POST /session/60124aca-76ae-43fb-8ded-f2951486e30c/element [8.201291ms] ERR:404 body={"strategy":"-android uiautomator","selector":"new UiSelector().descriptionContains(\"This never app...
14:06:47.566393 POST /session/60124aca-76ae-43fb-8ded-f2951486e30c/element [6.541125ms] ERR:404 body={"strategy":"-android uiautomator","selector":"new UiSelector().textMatches(\"(?is).*\\QThis never a...
14:06:47.574402 POST /session/60124aca-76ae-43fb-8ded-f2951486e30c/element [7.972958ms] ERR:404 body={"strategy":"-android uiautomator","selector":"new UiSelector().descriptionMatches(\"(?is).*\\QThis ...
14:06:47.583132 POST /session/60124aca-76ae-43fb-8ded-f2951486e30c/element [8.6995ms] ERR:404 body={"strategy":"-android uiautomator","selector":"new UiSelector().textContains(\"This never appears\")...
14:06:47.592258 POST /session/60124aca-76ae-43fb-8ded-f2951486e30c/element [9.096708ms] ERR:404 body={"strategy":"-android uiautomator","selector":"new UiSelector().descriptionContains(\"This never app...
14:06:47.601843 POST /session/60124aca-76ae-43fb-8ded-f2951486e30c/element [9.541ms] ERR:404 body={"strategy":"-android uiautomator","selector":"new UiSelector().textMatches(\"(?is).*\\QThis never a...
14:06:47.606968 POST /session/60124aca-76ae-43fb-8ded-f2951486e30c/element [5.080541ms] ERR:404 body={"strategy":"-android uiautomator","selector":"new UiSelector().descriptionMatches(\"(?is).*\\QThis ...
14:06:47.614384 POST /session/60124aca-76ae-43fb-8ded-f2951486e30c/element [7.381625ms] ERR:404 body={"strategy":"-android uiautomator","selector":"new UiSelector().textContains(\"This never appears\")...
14:06:47.624651 POST /session/60124aca-76ae-43fb-8ded-f2951486e30c/element [10.229583ms] ERR:404 body={"strategy":"-android uiautomator","selector":"new UiSelector().descriptionContains(\"This never app...
14:06:47.633970 POST /session/60124aca-76ae-43fb-8ded-f2951486e30c/element [9.280541ms] ERR:404 body={"strategy":"-android uiautomator","selector":"new UiSelector().textMatches(\"(?is).*\\QThis never a...
14:06:47.645007 POST /session/60124aca-76ae-43fb-8ded-f2951486e30c/element [10.995333ms] ERR:404 body={"strategy":"-android uiautomator","selector":"new UiSelector().descriptionMatches(\"(?is).*\\QThis ...
14:06:47.654670 POST /session/60124aca-76ae-43fb-8ded-f2951486e30c/element [9.6255ms] ERR:404 body={"strategy":"-android uiautomator","selector":"new UiSelector().textContains(\"This never appears\")...
14:06:47.664593 POST /session/60124aca-76ae-43fb-8ded-f2951486e30c/element [9.885292ms] ERR:404 body={"strategy":"-android uiautomator","selector":"new UiSelector().descriptionContains(\"This never app...
14:06:47.672761 POST /session/60124aca-76ae-43fb-8ded-f2951486e30c/element [8.12625ms] ERR:404 body={"strategy":"-android uiautomator","selector":"new UiSelector().textMatches(\"(?is).*\\QThis never a...
14:06:47.683585 POST /session/60124aca-76ae-43fb-8ded-f2951486e30c/element [10.78525ms] ERR:404 body={"strategy":"-android uiautomator","selector":"new UiSelector().descriptionMatches(\"(?is).*\\QThis ...
14:06:47.694305 POST /session/60124aca-76ae-43fb-8ded-f2951486e30c/element [10.671833ms] ERR:404 body={"strategy":"-android uiautomator","selector":"new UiSelector().textContains(\"This never appears\")...
14:06:47.703505 POST /session/60124aca-76ae-43fb-8ded-f2951486e30c/element [9.169375ms] ERR:404 body={"strategy":"-android uiautomator","selector":"new UiSelector().descriptionContains(\"This never app...
14:06:47.713174 POST /session/60124aca-76ae-43fb-8ded-f2951486e30c/element [9.638ms] ERR:404 body={"strategy":"-android uiautomator","selector":"new UiSelector().textMatches(\"(?is).*\\QThis never a...
14:06:47.721505 POST /session/60124aca-76ae-43fb-8ded-f2951486e30c/element [8.297542ms] ERR:404 body={"strategy":"-android uiautomator","selector":"new UiSelector().descriptionMatches(\"(?is).*\\QThis ...
14:06:47.729504 POST /session/60124aca-76ae-43fb-8ded-f2951486e30c/element [7.967834ms] ERR:404 body={"strategy":"-android uiautomator","selector":"new UiSelector().textContains(\"This never appears\")...
14:06:47.735153 POST /session/60124aca-76ae-43fb-8ded-f2951486e30c/element [5.616625ms] ERR:404 body={"strategy":"-android uiautomator","selector":"new UiSelector().descriptionContains(\"This never app...
14:06:47.748336 POST /session/60124aca-76ae-43fb-8ded-f2951486e30c/element [13.15175ms] ERR:404 body={"strategy":"-android uiautomator","selector":"new UiSelector().textMatches(\"(?is).*\\QThis never a...
14:06:47.758335 POST /session/60124aca-76ae-43fb-8ded-f2951486e30c/element [9.966625ms] ERR:404 body={"strategy":"-android uiautomator","selector":"new UiSelector().descriptionMatches(\"(?is).*\\QThis ...
14:06:47.770811 POST /session/60124aca-76ae-43fb-8ded-f2951486e30c/element [12.43375ms] ERR:404 body={"strategy":"-android uiautomator","selector":"new UiSelector().textContains(\"This never appears\")...
14:06:47.782561 POST /session/60124aca-76ae-43fb-8ded-f2951486e30c/element [11.714458ms] ERR:404 body={"strategy":"-android uiautomator","selector":"new UiSelector().descriptionContains(\"This never app...
14:06:47.800119 POST /session/60124aca-76ae-43fb-8ded-f2951486e30c/element [17.514916ms] ERR:404 body={"strategy":"-android uiautomator","selector":"new UiSelector().textMatches(\"(?is).*\\QThis never a...
14:06:47.810585 POST /session/60124aca-76ae-43fb-8ded-f2951486e30c/element [10.4185ms] ERR:404 body={"strategy":"-android uiautomator","selector":"new UiSelector().descriptionMatches(\"(?is).*\\QThis ...
14:06:47.817500 POST /session/60124aca-76ae-43fb-8ded-f2951486e30c/element [6.883375ms] ERR:404 body={"strategy":"-android uiautomator","selector":"new UiSelector().textContains(\"This never appears\")...
14:06:47.830235 POST /session/60124aca-76ae-43fb-8ded-f2951486e30c/element [12.697875ms] ERR:404 body={"strategy":"-android uiautomator","selector":"new UiSelector().descriptionContains(\"This never app...
14:06:47.840078 POST /session/60124aca-76ae-43fb-8ded-f2951486e30c/element [9.807917ms] ERR:404 body={"strategy":"-android uiautomator","selector":"new UiSelector().textMatches(\"(?is).*\\QThis never a...
14:06:47.853494 POST /session/60124aca-76ae-43fb-8ded-f2951486e30c/element [13.37025ms] ERR:404 body={"strategy":"-android uiautomator","selector":"new UiSelector().descriptionMatches(\"(?is).*\\QThis ...
14:06:47.865178 POST /session/60124aca-76ae-43fb-8ded-f2951486e30c/element [11.631417ms] ERR:404 body={"strategy":"-android uiautomator","selector":"new UiSelector().textContains(\"This never appears\")...
14:06:47.878609 POST /session/60124aca-76ae-43fb-8ded-f2951486e30c/element [13.39325ms] ERR:404 body={"strategy":"-android uiautomator","selector":"new UiSelector().descriptionContains(\"This never app...
14:06:47.890149 POST /session/60124aca-76ae-43fb-8ded-f2951486e30c/element [11.500417ms] ERR:404 body={"strategy":"-android uiautomator","selector":"new UiSelector().textMatches(\"(?is).*\\QThis never a...
14:06:47.899718 POST /session/60124aca-76ae-43fb-8ded-f2951486e30c/element [9.522875ms] ERR:404 body={"strategy":"-android uiautomator","selector":"new UiSelector().descriptionMatches(\"(?is).*\\QThis ...
14:06:47.910167 POST /session/60124aca-76ae-43fb-8ded-f2951486e30c/element [10.404083ms] ERR:404 body={"strategy":"-android uiautomator","selector":"new UiSelector().textContains(\"This never appears\")...
14:06:47.921432 POST /session/60124aca-76ae-43fb-8ded-f2951486e30c/element [11.232167ms] ERR:404 body={"strategy":"-android uiautomator","selector":"new UiSelector().descriptionContains(\"This never app...
14:06:47.930437 POST /session/60124aca-76ae-43fb-8ded-f2951486e30c/element [8.961584ms] ERR:404 body={"strategy":"-android uiautomator","selector":"new UiSelector().textMatches(\"(?is).*\\QThis never a...
14:06:47.943776 POST /session/60124aca-76ae-43fb-8ded-f2951486e30c/element [13.299292ms] ERR:404 body={"strategy":"-android uiautomator","selector":"new UiSelector().descriptionMatches(\"(?is).*\\QThis ...
14:06:47.956835 POST /session/60124aca-76ae-43fb-8ded-f2951486e30c/element [13.000334ms] ERR:404 body={"strategy":"-android uiautomator","selector":"new UiSelector().textContains(\"This never appears\")...
14:06:47.970971 POST /session/60124aca-76ae-43fb-8ded-f2951486e30c/element [14.078125ms] ERR:404 body={"strategy":"-android uiautomator","selector":"new UiSelector().descriptionContains(\"This never app...
14:06:47.985561 POST /session/60124aca-76ae-43fb-8ded-f2951486e30c/element [14.537916ms] ERR:404 body={"strategy":"-android uiautomator","selector":"new UiSelector().textMatches(\"(?is).*\\QThis never a...
14:06:47.996072 POST /session/60124aca-76ae-43fb-8ded-f2951486e30c/element [10.454458ms] ERR:404 body={"strategy":"-android uiautomator","selector":"new UiSelector().descriptionMatches(\"(?is).*\\QThis ...
14:06:48.013503 POST /session/60124aca-76ae-43fb-8ded-f2951486e30c/element [17.373416ms] ERR:404 body={"strategy":"-android uiautomator","selector":"new UiSelector().textContains(\"This never appears\")...
14:06:48.024052 POST /session/60124aca-76ae-43fb-8ded-f2951486e30c/element [10.494916ms] ERR:404 body={"strategy":"-android uiautomator","selector":"new UiSelector().descriptionContains(\"This never app...
14:06:48.035797 POST /session/60124aca-76ae-43fb-8ded-f2951486e30c/element [11.691208ms] ERR:404 body={"strategy":"-android uiautomator","selector":"new UiSelector().textMatches(\"(?is).*\\QThis never a...
14:06:48.045748 POST /session/60124aca-76ae-43fb-8ded-f2951486e30c/element [9.908ms] ERR:404 body={"strategy":"-android uiautomator","selector":"new UiSelector().descriptionMatches(\"(?is).*\\QThis ...
14:06:48.053886 POST /session/60124aca-76ae-43fb-8ded-f2951486e30c/element [8.091417ms] ERR:404 body={"strategy":"-android uiautomator","selector":"new UiSelector().textContains(\"This never appears\")...
14:06:48.064467 POST /session/60124aca-76ae-43fb-8ded-f2951486e30c/element [10.533541ms] ERR:404 body={"strategy":"-android uiautomator","selector":"new UiSelector().descriptionContains(\"This never app...
14:06:48.080042 POST /session/60124aca-76ae-43fb-8ded-f2951486e30c/element [15.526709ms] ERR:404 body={"strategy":"-android uiautomator","selector":"new UiSelector().textMatches(\"(?is).*\\QThis never a...
14:06:48.091091 POST /session/60124aca-76ae-43fb-8ded-f2951486e30c/element [10.999459ms] ERR:404 body={"strategy":"-android uiautomator","selector":"new UiSelector().descriptionMatches(\"(?is).*\\QThis ...
14:06:48.103322 POST /session/60124aca-76ae-43fb-8ded-f2951486e30c/element [12.18675ms] ERR:404 body={"strategy":"-android uiautomator","selector":"new UiSelector().textContains(\"This never appears\")...
14:06:48.111679 POST /session/60124aca-76ae-43fb-8ded-f2951486e30c/element [8.310708ms] ERR:404 body={"strategy":"-android uiautomator","selector":"new UiSelector().descriptionContains(\"This never app...
14:06:48.120594 POST /session/60124aca-76ae-43fb-8ded-f2951486e30c/element [8.862625ms] ERR:404 body={"strategy":"-android uiautomator","selector":"new UiSelector().textMatches(\"(?is).*\\QThis never a...
14:06:48.136112 POST /session/60124aca-76ae-43fb-8ded-f2951486e30c/element [15.460417ms] ERR:404 body={"strategy":"-android uiautomator","selector":"new UiSelector().descriptionMatches(\"(?is).*\\QThis ...
14:06:48.145767 POST /session/60124aca-76ae-43fb-8ded-f2951486e30c/element [9.594291ms] ERR:404 body={"strategy":"-android uiautomator","selector":"new UiSelector().textContains(\"This never appears\")...
14:06:48.151284 POST /session/60124aca-76ae-43fb-8ded-f2951486e30c/element [5.470875ms] ERR:404 body={"strategy":"-android uiautomator","selector":"new UiSelector().descriptionContains(\"This never app...
14:06:48.164204 POST /session/60124aca-76ae-43fb-8ded-f2951486e30c/element [12.87725ms] ERR:404 body={"strategy":"-android uiautomator","selector":"new UiSelector().textMatches(\"(?is).*\\QThis never a...
14:06:48.175031 POST /session/60124aca-76ae-43fb-8ded-f2951486e30c/element [10.779709ms] ERR:404 body={"strategy":"-android uiautomator","selector":"new UiSelector().descriptionMatches(\"(?is).*\\QThis ...
14:06:48.185789 POST /session/60124aca-76ae-43fb-8ded-f2951486e30c/element [10.703542ms] ERR:404 body={"strategy":"-android uiautomator","selector":"new UiSelector().textContains(\"This never appears\")...
14:06:48.194184 POST /session/60124aca-76ae-43fb-8ded-f2951486e30c/element [8.344958ms] ERR:404 body={"strategy":"-android uiautomator","selector":"new UiSelector().descriptionContains(\"This never app...
14:06:48.202954 POST /session/60124aca-76ae-43fb-8ded-f2951486e30c/element [8.725291ms] ERR:404 body={"strategy":"-android uiautomator","selector":"new UiSelector().textMatches(\"(?is).*\\QThis never a...
14:06:48.218533 POST /session/60124aca-76ae-43fb-8ded-f2951486e30c/element [15.522917ms] ERR:404 body={"strategy":"-android uiautomator","selector":"new UiSelector().descriptionMatches(\"(?is).*\\QThis ...
14:06:48.229684 POST /session/60124aca-76ae-43fb-8ded-f2951486e30c/element [11.093333ms] ERR:404 body={"strategy":"-android uiautomator","selector":"new UiSelector().textContains(\"This never appears\")...
14:06:48.245944 POST /session/60124aca-76ae-43fb-8ded-f2951486e30c/element [16.205792ms] ERR:404 body={"strategy":"-android uiautomator","selector":"new UiSelector().descriptionContains(\"This never app...
14:06:48.258080 POST /session/60124aca-76ae-43fb-8ded-f2951486e30c/element [12.079958ms] ERR:404 body={"strategy":"-android uiautomator","selector":"new UiSelector().textMatches(\"(?is).*\\QThis never a...
14:06:48.269211 POST /session/60124aca-76ae-43fb-8ded-f2951486e30c/element [11.084625ms] ERR:404 body={"strategy":"-android uiautomator","selector":"new UiSelector().descriptionMatches(\"(?is).*\\QThis ...
14:06:48.274190 POST /session/60124aca-76ae-43fb-8ded-f2951486e30c/element [4.936209ms] ERR:404 body={"strategy":"-android uiautomator","selector":"new UiSelector().textContains(\"This never appears\")...
14:06:48.281604 POST /session/60124aca-76ae-43fb-8ded-f2951486e30c/element [7.377334ms] ERR:404 body={"strategy":"-android uiautomator","selector":"new UiSelector().descriptionContains(\"This never app...
14:06:48.292864 POST /session/60124aca-76ae-43fb-8ded-f2951486e30c/element [11.207041ms] ERR:404 body={"strategy":"-android uiautomator","selector":"new UiSelector().textMatches(\"(?is).*\\QThis never a...
14:06:48.306828 POST /session/60124aca-76ae-43fb-8ded-f2951486e30c/element [13.922583ms] ERR:404 body={"strategy":"-android uiautomator","selector":"new UiSelector().descriptionMatches(\"(?is).*\\QThis ...
14:06:48.314236 POST /session/60124aca-76ae-43fb-8ded-f2951486e30c/element [7.365417ms] ERR:404 body={"strategy":"-android uiautomator","selector":"new UiSelector().textContains(\"This never appears\")...
14:06:48.320969 POST /session/60124aca-76ae-43fb-8ded-f2951486e30c/element [6.694ms] ERR:404 body={"strategy":"-android uiautomator","selector":"new UiSelector().descriptionContains(\"This never app...
14:06:48.328451 POST /session/60124aca-76ae-43fb-8ded-f2951486e30c/element [7.437375ms] ERR:404 body={"strategy":"-android uiautomator","selector":"new UiSelector().textMatches(\"(?is).*\\QThis never a...
14:06:48.335077 POST /session/60124aca-76ae-43fb-8ded-f2951486e30c/element [6.572375ms] ERR:404 body={"strategy":"-android uiautomator","selector":"new UiSelector().descriptionMatches(\"(?is).*\\QThis ...
14:06:48.345997 POST /session/60124aca-76ae-43fb-8ded-f2951486e30c/element [10.875541ms] ERR:404 body={"strategy":"-android uiautomator","selector":"new UiSelector().textContains(\"This never appears\")...
14:06:48.357278 POST /session/60124aca-76ae-43fb-8ded-f2951486e30c/element [11.104166ms] ERR:404 body={"strategy":"-android uiautomator","selector":"new UiSelector().descriptionContains(\"This never app...
14:06:48.362234 POST /session/60124aca-76ae-43fb-8ded-f2951486e30c/element [4.8985ms] ERR:404 body={"strategy":"-android uiautomator","selector":"new UiSelector().textMatches(\"(?is).*\\QThis never a...
14:06:48.376297 POST /session/60124aca-76ae-43fb-8ded-f2951486e30c/element [14.00725ms] ERR:404 body={"strategy":"-android uiautomator","selector":"new UiSelector().descriptionMatches(\"(?is).*\\QThis ...
14:06:48.385418 POST /session/60124aca-76ae-43fb-8ded-f2951486e30c/element [9.066958ms] ERR:404 body={"strategy":"-android uiautomator","selector":"new UiSelector().textContains(\"This never appears\")...
14:06:48.395371 POST /session/60124aca-76ae-43fb-8ded-f2951486e30c/element [9.913542ms] ERR:404 body={"strategy":"-android uiautomator","selector":"new UiSelector().descriptionContains(\"This never app...
14:06:48.403108 POST /session/60124aca-76ae-43fb-8ded-f2951486e30c/element [7.688583ms] ERR:404 body={"strategy":"-android uiautomator","selector":"new UiSelector().textMatches(\"(?is).*\\QThis never a...
14:06:48.411417 POST /session/60124aca-76ae-43fb-8ded-f2951486e30c/element [8.262542ms] ERR:404 body={"strategy":"-android uiautomator","selector":"new UiSelector().descriptionMatches(\"(?is).*\\QThis ...
14:06:48.419428 POST /session/60124aca-76ae-43fb-8ded-f2951486e30c/element [7.969125ms] ERR:404 body={"strategy":"-android uiautomator","selector":"new UiSelector().textContains(\"This never appears\")...
14:06:48.427666 POST /session/60124aca-76ae-43fb-8ded-f2951486e30c/element [8.183458ms] ERR:404 body={"strategy":"-android uiautomator","selector":"new UiSelector().descriptionContains(\"This never app...
14:06:48.438177 POST /session/60124aca-76ae-43fb-8ded-f2951486e30c/element [10.463875ms] ERR:404 body={"strategy":"-android uiautomator","selector":"new UiSelector().textMatches(\"(?is).*\\QThis never a...
14:06:48.446977 POST /session/60124aca-76ae-43fb-8ded-f2951486e30c/element [8.748417ms] ERR:404 body={"strategy":"-android uiautomator","selector":"new UiSelector().descriptionMatches(\"(?is).*\\QThis ...
14:06:48.455796 POST /session/60124aca-76ae-43fb-8ded-f2951486e30c/element [8.778459ms] ERR:404 body={"strategy":"-android uiautomator","selector":"new UiSelector().textContains(\"This never appears\")...
14:06:48.467012 POST /session/60124aca-76ae-43fb-8ded-f2951486e30c/element [11.168834ms] ERR:404 body={"strategy":"-android uiautomator","selector":"new UiSelector().descriptionContains(\"This never app...
14:06:48.477824 POST /session/60124aca-76ae-43fb-8ded-f2951486e30c/element [10.75075ms] ERR:404 body={"strategy":"-android uiautomator","selector":"new UiSelector().textMatches(\"(?is).*\\QThis never a...
14:06:48.490301 POST /session/60124aca-76ae-43fb-8ded-f2951486e30c/element [12.435209ms] ERR:404 body={"strategy":"-android uiautomator","selector":"new UiSelector().descriptionMatches(\"(?is).*\\QThis ...
14:06:48.497199 POST /session/60124aca-76ae-43fb-8ded-f2951486e30c/element [6.8455ms] ERR:404 body={"strategy":"-android uiautomator","selector":"new UiSelector().textContains(\"This never appears\")...
14:06:48.508433 POST /session/60124aca-76ae-43fb-8ded-f2951486e30c/element [11.182083ms] ERR:404 body={"strategy":"-android uiautomator","selector":"new UiSelector().descriptionContains(\"This never app...
14:06:48.516112 POST /session/60124aca-76ae-43fb-8ded-f2951486e30c/element [7.628042ms] ERR:404 body={"strategy":"-android uiautomator","selector":"new UiSelector().textMatches(\"(?is).*\\QThis never a...
14:06:48.525790 POST /session/60124aca-76ae-43fb-8ded-f2951486e30c/element [9.623583ms] ERR:404 body={"strategy":"-android uiautomator","selector":"new UiSelector().descriptionMatches(\"(?is).*\\QThis ...
14:06:48.534788 POST /session/60124aca-76ae-43fb-8ded-f2951486e30c/element [8.956791ms] ERR:404 body={"strategy":"-android uiautomator","selector":"new UiSelector().textContains(\"This never appears\")...
14:06:48.546084 POST /session/60124aca-76ae-43fb-8ded-f2951486e30c/element [11.21675ms] ERR:404 body={"strategy":"-android uiautomator","selector":"new UiSelector().descriptionContains(\"This never app...
14:06:48.560163 POST /session/60124aca-76ae-43fb-8ded-f2951486e30c/element [14.022333ms] ERR:404 body={"strategy":"-android uiautomator","selector":"new UiSelector().textMatches(\"(?is).*\\QThis never a...
14:06:48.572570 POST /session/60124aca-76ae-43fb-8ded-f2951486e30c/element [12.356709ms] ERR:404 body={"strategy":"-android uiautomator","selector":"new UiSelector().descriptionMatches(\"(?is).*\\QThis ...
14:06:48.581884 POST /session/60124aca-76ae-43fb-8ded-f2951486e30c/element [9.278166ms] ERR:404 body={"strategy":"-android uiautomator","selector":"new UiSelector().textContains(\"This never appears\")...
14:06:48.588807 POST /session/60124aca-76ae-43fb-8ded-f2951486e30c/element [6.893541ms] ERR:404 body={"strategy":"-android uiautomator","selector":"new UiSelector().descriptionContains(\"This never app...
14:06:48.598296 POST /session/60124aca-76ae-43fb-8ded-f2951486e30c/element [9.460834ms] ERR:404 body={"strategy":"-android uiautomator","selector":"new UiSelector().textMatches(\"(?is).*\\QThis never a...
14:06:48.607562 POST /session/60124aca-76ae-43fb-8ded-f2951486e30c/element [9.207709ms] ERR:404 body={"strategy":"-android uiautomator","selector":"new UiSelector().descriptionMatches(\"(?is).*\\QThis ...
14:06:48.618301 POST /session/60124aca-76ae-43fb-8ded-f2951486e30c/element [10.688875ms] ERR:404 body={"strategy":"-android uiautomator","selector":"new UiSelector().textContains(\"This never appears\")...
14:06:48.632030 POST /session/60124aca-76ae-43fb-8ded-f2951486e30c/element [13.671584ms] ERR:404 body={"strategy":"-android uiautomator","selector":"new UiSelector().descriptionContains(\"This never app...
14:06:48.643611 POST /session/60124aca-76ae-43fb-8ded-f2951486e30c/element [11.522625ms] ERR:404 body={"strategy":"-android uiautomator","selector":"new UiSelector().textMatches(\"(?is).*\\QThis never a...
14:06:48.651448 POST /session/60124aca-76ae-43fb-8ded-f2951486e30c/element [7.79625ms] ERR:404 body={"strategy":"-android uiautomator","selector":"new UiSelector().descriptionMatches(\"(?is).*\\QThis ...
14:06:48.659335 POST /session/60124aca-76ae-43fb-8ded-f2951486e30c/element [7.845416ms] ERR:404 body={"strategy":"-android uiautomator","selector":"new UiSelector().textContains(\"This never appears\")...
14:06:48.669547 POST /session/60124aca-76ae-43fb-8ded-f2951486e30c/element [10.172ms] ERR:404 body={"strategy":"-android uiautomator","selector":"new UiSelector().descriptionContains(\"This never app...
14:06:48.682114 POST /session/60124aca-76ae-43fb-8ded-f2951486e30c/element [12.526417ms] ERR:404 body={"strategy":"-android uiautomator","selector":"new UiSelector().textMatches(\"(?is).*\\QThis never a...
14:06:48.692102 POST /session/60124aca-76ae-43fb-8ded-f2951486e30c/element [9.940833ms] ERR:404 body={"strategy":"-android uiautomator","selector":"new UiSelector().descriptionMatches(\"(?is).*\\QThis ...
14:06:48.704919 POST /session/60124aca-76ae-43fb-8ded-f2951486e30c/element [12.772834ms] ERR:404 body={"strategy":"-android uiautomator","selector":"new UiSelector().textContains(\"This never appears\")...
14:06:48.712536 POST /session/60124aca-76ae-43fb-8ded-f2951486e30c/element [7.575417ms] ERR:404 body={"strategy":"-android uiautomator","selector":"new UiSelector().descriptionContains(\"This never app...
14:06:48.720217 POST /session/60124aca-76ae-43fb-8ded-f2951486e30c/element [7.645417ms] ERR:404 body={"strategy":"-android uiautomator","selector":"new UiSelector().textMatches(\"(?is).*\\QThis never a...
14:06:48.733002 POST /session/60124aca-76ae-43fb-8ded-f2951486e30c/element [12.741458ms] ERR:404 body={"strategy":"-android uiautomator","selector":"new UiSelector().descriptionMatches(\"(?is).*\\QThis ...
14:06:48.742387 POST /session/60124aca-76ae-43fb-8ded-f2951486e30c/element [9.340875ms] ERR:404 body={"strategy":"-android uiautomator","selector":"new UiSelector().textContains(\"This never appears\")...
14:06:48.750560 POST /session/60124aca-76ae-43fb-8ded-f2951486e30c/element [8.139958ms] ERR:404 body={"strategy":"-android uiautomator","selector":"new UiSelector().descriptionContains(\"This never app...
14:06:48.760238 POST /session/60124aca-76ae-43fb-8ded-f2951486e30c/element [9.641208ms] ERR:404 body={"strategy":"-android uiautomator","selector":"new UiSelector().textMatches(\"(?is).*\\QThis never a...
14:06:48.770971 POST /session/60124aca-76ae-43fb-8ded-f2951486e30c/element [10.693667ms] ERR:404 body={"strategy":"-android uiautomator","selector":"new UiSelector().descriptionMatches(\"(?is).*\\QThis ...
14:06:48.781811 POST /session/60124aca-76ae-43fb-8ded-f2951486e30c/element [10.803708ms] ERR:404 body={"strategy":"-android uiautomator","selector":"new UiSelector().textContains(\"This never appears\")...
14:06:48.790207 POST /session/60124aca-76ae-43fb-8ded-f2951486e30c/element [8.3605ms] ERR:404 body={"strategy":"-android uiautomator","selector":"new UiSelector().descriptionContains(\"This never app...
14:06:48.803710 POST /session/60124aca-76ae-43fb-8ded-f2951486e30c/element [13.464083ms] ERR:404 body={"strategy":"-android uiautomator","selector":"new UiSelector().textMatches(\"(?is).*\\QThis never a...
14:06:48.815557 POST /session/60124aca-76ae-43fb-8ded-f2951486e30c/element [11.797208ms] ERR:404 body={"strategy":"-android uiautomator","selector":"new UiSelector().descriptionMatches(\"(?is).*\\QThis ...
14:06:48.829400 POST /session/60124aca-76ae-43fb-8ded-f2951486e30c/element [13.795ms] ERR:404 body={"strategy":"-android uiautomator","selector":"new UiSelector().textContains(\"This never appears\")...
14:06:48.839963 POST /session/60124aca-76ae-43fb-8ded-f2951486e30c/element [10.516375ms] ERR:404 body={"strategy":"-android uiautomator","selector":"new UiSelector().descriptionContains(\"This never app...
14:06:48.844826 POST /session/60124aca-76ae-43fb-8ded-f2951486e30c/element [4.813542ms] ERR:404 body={"strategy":"-android uiautomator","selector":"new UiSelector().textMatches(\"(?is).*\\QThis never a...
14:06:48.855072 POST /session/60124aca-76ae-43fb-8ded-f2951486e30c/element [10.205916ms] ERR:404 body={"strategy":"-android uiautomator","selector":"new UiSelector().descriptionMatches(\"(?is).*\\QThis ...
14:06:48.865291 POST /session/60124aca-76ae-43fb-8ded-f2951486e30c/element [10.183375ms] ERR:404 body={"strategy":"-android uiautomator","selector":"new UiSelector().textContains(\"This never appears\")...
14:06:48.875347 POST /session/60124aca-76ae-43fb-8ded-f2951486e30c/element [10.017042ms] ERR:404 body={"strategy":"-android uiautomator","selector":"new UiSelector().descriptionContains(\"This never app...
14:06:48.890619 POST /session/60124aca-76ae-43fb-8ded-f2951486e30c/element [15.201583ms] ERR:404 body={"strategy":"-android uiautomator","selector":"new UiSelector().textMatches(\"(?is).*\\QThis never a...
14:06:48.897873 POST /session/60124aca-76ae-43fb-8ded-f2951486e30c/element [7.206ms] ERR:404 body={"strategy":"-android uiautomator","selector":"new UiSelector().descriptionMatches(\"(?is).*\\QThis ...
14:06:48.906935 POST /session/60124aca-76ae-43fb-8ded-f2951486e30c/element [9.020125ms] ERR:404 body={"strategy":"-android uiautomator","selector":"new UiSelector().textContains(\"This never appears\")...
14:06:48.913196 POST /session/60124aca-76ae-43fb-8ded-f2951486e30c/element [6.208833ms] ERR:404 body={"strategy":"-android uiautomator","selector":"new UiSelector().descriptionContains(\"This never app...
14:06:48.924025 POST /session/60124aca-76ae-43fb-8ded-f2951486e30c/element [10.792292ms] ERR:404 body={"strategy":"-android uiautomator","selector":"new UiSelector().textMatches(\"(?is).*\\QThis never a...
14:06:48.935563 POST /session/60124aca-76ae-43fb-8ded-f2951486e30c/element [11.490083ms] ERR:404 body={"strategy":"-android uiautomator","selector":"new UiSelector().descriptionMatches(\"(?is).*\\QThis ...
14:06:48.947057 POST /session/60124aca-76ae-43fb-8ded-f2951486e30c/element [11.436667ms] ERR:404 body={"strategy":"-android uiautomator","selector":"new UiSelector().textContains(\"This never appears\")...
14:06:48.961073 POST /session/60124aca-76ae-43fb-8ded-f2951486e30c/element [13.972125ms] ERR:404 body={"strategy":"-android uiautomator","selector":"new UiSelector().descriptionContains(\"This never app...
14:06:48.972872 POST /session/60124aca-76ae-43fb-8ded-f2951486e30c/element [11.750167ms] ERR:404 body={"strategy":"-android uiautomator","selector":"new UiSelector().textMatches(\"(?is).*\\QThis never a...
14:06:48.983516 POST /session/60124aca-76ae-43fb-8ded-f2951486e30c/element [10.602208ms] ERR:404 body={"strategy":"-android uiautomator","selector":"new UiSelector().descriptionMatches(\"(?is).*\\QThis ...
14:06:48.996111 POST /session/60124aca-76ae-43fb-8ded-f2951486e30c/element [12.546834ms] ERR:404 body={"strategy":"-android uiautomator","selector":"new UiSelector().textContains(\"This never appears\")...
14:06:49.006401 POST /session/60124aca-76ae-43fb-8ded-f2951486e30c/element [10.244583ms] ERR:404 body={"strategy":"-android uiautomator","selector":"new UiSelector().descriptionContains(\"This never app...
14:06:49.016691 POST /session/60124aca-76ae-43fb-8ded-f2951486e30c/element [10.244375ms] ERR:404 body={"strategy":"-android uiautomator","selector":"new UiSelector().textMatches(\"(?is).*\\QThis never a...
14:06:49.025261 POST /session/60124aca-76ae-43fb-8ded-f2951486e30c/element [8.521792ms] ERR:404 body={"strategy":"-android uiautomator","selector":"new UiSelector().descriptionMatches(\"(?is).*\\QThis ...
14:06:49.036485 POST /session/60124aca-76ae-43fb-8ded-f2951486e30c/element [11.1775ms] ERR:404 body={"strategy":"-android uiautomator","selector":"new UiSelector().textContains(\"This never appears\")...
14:06:49.048573 POST /session/60124aca-76ae-43fb-8ded-f2951486e30c/element [12.046875ms] ERR:404 body={"strategy":"-android uiautomator","selector":"new UiSelector().descriptionContains(\"This never app...
14:06:49.055894 POST /session/60124aca-76ae-43fb-8ded-f2951486e30c/element [7.280333ms] ERR:404 body={"strategy":"-android uiautomator","selector":"new UiSelector().textMatches(\"(?is).*\\QThis never a...
14:06:49.064850 POST /session/60124aca-76ae-43fb-8ded-f2951486e30c/element [8.91825ms] ERR:404 body={"strategy":"-android uiautomator","selector":"new UiSelector().descriptionMatches(\"(?is).*\\QThis ...
14:06:49.072362 POST /session/60124aca-76ae-43fb-8ded-f2951486e30c/element [7.461ms] ERR:404 body={"strategy":"-android uiautomator","selector":"new UiSelector().textContains(\"This never appears\")...
14:06:49.077605 POST /session/60124aca-76ae-43fb-8ded-f2951486e30c/element [5.199583ms] ERR:404 body={"strategy":"-android uiautomator","selector":"new UiSelector().descriptionContains(\"This never app...
14:06:49.088775 POST /session/60124aca-76ae-43fb-8ded-f2951486e30c/element [11.122125ms] ERR:404 body={"strategy":"-android uiautomator","selector":"new UiSelector().textMatches(\"(?is).*\\QThis never a...
14:06:49.097900 POST /session/60124aca-76ae-43fb-8ded-f2951486e30c/element [9.078625ms] ERR:404 body={"strategy":"-android uiautomator","selector":"new UiSelector().descriptionMatches(\"(?is).*\\QThis ...
14:06:49.105792 POST /session/60124aca-76ae-43fb-8ded-f2951486e30c/element [7.849709ms] ERR:404 body={"strategy":"-android uiautomator","selector":"new UiSelector().textContains(\"This never appears\")...
14:06:49.115889 POST /session/60124aca-76ae-43fb-8ded-f2951486e30c/element [10.060792ms] ERR:404 body={"strategy":"-android uiautomator","selector":"new UiSelector().descriptionContains(\"This never app...
14:06:49.126751 POST /session/60124aca-76ae-43fb-8ded-f2951486e30c/element [10.81325ms] ERR:404 body={"strategy":"-android uiautomator","selector":"new UiSelector().textMatches(\"(?is).*\\QThis never a...
14:06:49.139130 POST /session/60124aca-76ae-43fb-8ded-f2951486e30c/element [12.332167ms] ERR:404 body={"strategy":"-android uiautomator","selector":"new UiSelector().descriptionMatches(\"(?is).*\\QThis ...
14:06:49.147810 POST /session/60124aca-76ae-43fb-8ded-f2951486e30c/element [8.628667ms] ERR:404 body={"strategy":"-android uiautomator","selector":"new UiSelector().textContains(\"This never appears\")...
14:06:49.162147 POST /session/60124aca-76ae-43fb-8ded-f2951486e30c/element [14.293667ms] ERR:404 body={"strategy":"-android uiautomator","selector":"new UiSelector().descriptionContains(\"This never app...
14:06:49.173643 POST /session/60124aca-76ae-43fb-8ded-f2951486e30c/element [11.449ms] ERR:404 body={"strategy":"-android uiautomator","selector":"new UiSelector().textMatches(\"(?is).*\\QThis never a...
14:06:49.185575 POST /session/60124aca-76ae-43fb-8ded-f2951486e30c/element [11.891167ms] ERR:404 body={"strategy":"-android uiautomator","selector":"new UiSelector().descriptionMatches(\"(?is).*\\QThis ...
14:06:49.198856 POST /session/60124aca-76ae-43fb-8ded-f2951486e30c/element [13.225042ms] ERR:404 body={"strategy":"-android uiautomator","selector":"new UiSelector().textContains(\"This never appears\")...
14:06:49.207161 POST /session/60124aca-76ae-43fb-8ded-f2951486e30c/element [8.254917ms] ERR:404 body={"strategy":"-android uiautomator","selector":"new UiSelector().descriptionContains(\"This never app...
14:06:49.217750 POST /session/60124aca-76ae-43fb-8ded-f2951486e30c/element [10.533875ms] ERR:404 body={"strategy":"-android uiautomator","selector":"new UiSelector().textMatches(\"(?is).*\\QThis never a...
14:06:49.228099 POST /session/60124aca-76ae-43fb-8ded-f2951486e30c/element [10.298916ms] ERR:404 body={"strategy":"-android uiautomator","selector":"new UiSelector().descriptionMatches(\"(?is).*\\QThis ...
14:06:49.235539 POST /session/60124aca-76ae-43fb-8ded-f2951486e30c/element [7.394459ms] ERR:404 body={"strategy":"-android uiautomator","selector":"new UiSelector().textContains(\"This never appears\")...
14:06:49.245203 POST /session/60124aca-76ae-43fb-8ded-f2951486e30c/element [9.621667ms] ERR:404 body={"strategy":"-android uiautomator","selector":"new UiSelector().descriptionContains(\"This never app...
14:06:49.257031 POST /session/60124aca-76ae-43fb-8ded-f2951486e30c/element [11.771583ms] ERR:404 body={"strategy":"-android uiautomator","selector":"new UiSelector().textMatches(\"(?is).*\\QThis never a...
14:06:49.266197 POST /session/60124aca-76ae-43fb-8ded-f2951486e30c/element [9.120292ms] ERR:404 body={"strategy":"-android uiautomator","selector":"new UiSelector().descriptionMatches(\"(?is).*\\QThis ...
14:06:49.276150 POST /session/60124aca-76ae-43fb-8ded-f2951486e30c/element [9.915625ms] ERR:404 body={"strategy":"-android uiautomator","selector":"new UiSelector().textContains(\"This never appears\")...
14:06:49.286229 POST /session/60124aca-76ae-43fb-8ded-f2951486e30c/element [10.044167ms] ERR:404 body={"strategy":"-android uiautomator","selector":"new UiSelector().descriptionContains(\"This never app...
14:06:49.299552 POST /session/60124aca-76ae-43fb-8ded-f2951486e30c/element [13.149042ms] ERR:404 body={"strategy":"-android uiautomator","selector":"new UiSelector().textMatches(\"(?is).*\\QThis never a...
14:06:49.311257 POST /session/60124aca-76ae-43fb-8ded-f2951486e30c/element [11.642125ms] ERR:404 body={"strategy":"-android uiautomator","selector":"new UiSelector().descriptionMatches(\"(?is).*\\QThis ...
14:06:49.323047 POST /session/60124aca-76ae-43fb-8ded-f2951486e30c/element [11.734875ms] ERR:404 body={"strategy":"-android uiautomator","selector":"new UiSelector().textContains(\"This never appears\")...
14:06:49.333148 POST /session/60124aca-76ae-43fb-8ded-f2951486e30c/element [10.039833ms] ERR:404 body={"strategy":"-android uiautomator","selector":"new UiSelector().descriptionContains(\"This never app...
14:06:49.344544 POST /session/60124aca-76ae-43fb-8ded-f2951486e30c/element [11.340417ms] ERR:404 body={"strategy":"-android uiautomator","selector":"new UiSelector().textMatches(\"(?is).*\\QThis never a...
14:06:49.356571 POST /session/60124aca-76ae-43fb-8ded-f2951486e30c/element [11.973875ms] ERR:404 body={"strategy":"-android uiautomator","selector":"new UiSelector().descriptionMatches(\"(?is).*\\QThis ...
14:06:49.369662 POST /session/60124aca-76ae-43fb-8ded-f2951486e30c/element [13.047458ms] ERR:404 body={"strategy":"-android uiautomator","selector":"new UiSelector().textContains(\"This never appears\")...
14:06:49.377726 POST /session/60124aca-76ae-43fb-8ded-f2951486e30c/element [8.007916ms] ERR:404 body={"strategy":"-android uiautomator","selector":"new UiSelector().descriptionContains(\"This never app...
14:06:49.389665 POST /session/60124aca-76ae-43fb-8ded-f2951486e30c/element [11.889667ms] ERR:404 body={"strategy":"-android uiautomator","selector":"new UiSelector().textMatches(\"(?is).*\\QThis never a...
14:06:49.398982 POST /session/60124aca-76ae-43fb-8ded-f2951486e30c/element [9.26825ms] ERR:404 body={"strategy":"-android uiautomator","selector":"new UiSelector().descriptionMatches(\"(?is).*\\QThis ...
14:06:49.408483 POST /session/60124aca-76ae-43fb-8ded-f2951486e30c/element [9.457125ms] ERR:404 body={"strategy":"-android uiautomator","selector":"new UiSelector().textContains(\"This never appears\")...
14:06:49.418076 POST /session/60124aca-76ae-43fb-8ded-f2951486e30c/element [9.545708ms] ERR:404 body={"strategy":"-android uiautomator","selector":"new UiSelector().descriptionContains(\"This never app...
14:06:49.434206 POST /session/60124aca-76ae-43fb-8ded-f2951486e30c/element [16.06575ms] ERR:404 body={"strategy":"-android uiautomator","selector":"new UiSelector().textMatches(\"(?is).*\\QThis never a...
14:06:49.442932 POST /session/60124aca-76ae-43fb-8ded-f2951486e30c/element [8.669667ms] ERR:404 body={"strategy":"-android uiautomator","selector":"new UiSelector().descriptionMatches(\"(?is).*\\QThis ...
14:06:49.450677 POST /session/60124aca-76ae-43fb-8ded-f2951486e30c/element [7.700125ms] ERR:404 body={"strategy":"-android uiautomator","selector":"new UiSelector().textContains(\"This never appears\")...
14:06:49.464844 POST /session/60124aca-76ae-43fb-8ded-f2951486e30c/element [14.11675ms] ERR:404 body={"strategy":"-android uiautomator","selector":"new UiSelector().descriptionContains(\"This never app...
14:06:49.475848 POST /session/60124aca-76ae-43fb-8ded-f2951486e30c/element [10.943542ms] ERR:404 body={"strategy":"-android uiautomator","selector":"new UiSelector().textMatches(\"(?is).*\\QThis never a...
14:06:49.490506 POST /session/60124aca-76ae-43fb-8ded-f2951486e30c/element [14.596458ms] ERR:404 body={"strategy":"-android uiautomator","selector":"new UiSelector().descriptionMatches(\"(?is).*\\QThis ...
14:06:49.505918 POST /session/60124aca-76ae-43fb-8ded-f2951486e30c/element [15.356709ms] ERR:404 body={"strategy":"-android uiautomator","selector":"new UiSelector().textContains(\"This never appears\")...
14:06:49.519962 POST /session/60124aca-76ae-43fb-8ded-f2951486e30c/element [13.985958ms] ERR:404 body={"strategy":"-android uiautomator","selector":"new UiSelector().descriptionContains(\"This never app...
14:06:49.530228 POST /session/60124aca-76ae-43fb-8ded-f2951486e30c/element [10.195791ms] ERR:404 body={"strategy":"-android uiautomator","selector":"new UiSelector().textMatches(\"(?is).*\\QThis never a...
14:06:49.538444 POST /session/60124aca-76ae-43fb-8ded-f2951486e30c/element [8.146958ms] ERR:404 body={"strategy":"-android uiautomator","selector":"new UiSelector().descriptionMatches(\"(?is).*\\QThis ...
14:06:49.549272 POST /session/60124aca-76ae-43fb-8ded-f2951486e30c/element [10.773166ms] ERR:404 body={"strategy":"-android uiautomator","selector":"new UiSelector().textContains(\"This never appears\")...
14:06:49.557154 POST /session/60124aca-76ae-43fb-8ded-f2951486e30c/element [7.840708ms] ERR:404 body={"strategy":"-android uiautomator","selector":"new UiSelector().descriptionContains(\"This never app...
14:06:49.565603 POST /session/60124aca-76ae-43fb-8ded-f2951486e30c/element [8.399916ms] ERR:404 body={"strategy":"-android uiautomator","selector":"new UiSelector().textMatches(\"(?is).*\\QThis never a...
14:06:49.573508 POST /session/60124aca-76ae-43fb-8ded-f2951486e30c/element [7.864125ms] ERR:404 body={"strategy":"-android uiautomator","selector":"new UiSelector().descriptionMatches(\"(?is).*\\QThis ...
14:06:49.581248 POST /session/60124aca-76ae-43fb-8ded-f2951486e30c/element [7.699666ms] ERR:404 body={"strategy":"-android uiautomator","selector":"new UiSelector().textContains(\"This never appears\")...
14:06:49.589967 POST /session/60124aca-76ae-43fb-8ded-f2951486e30c/element [8.668666ms] ERR:404 body={"strategy":"-android uiautomator","selector":"new UiSelector().descriptionContains(\"This never app...
14:06:49.601318 POST /session/60124aca-76ae-43fb-8ded-f2951486e30c/element [11.303416ms] ERR:404 body={"strategy":"-android uiautomator","selector":"new UiSelector().textMatches(\"(?is).*\\QThis never a...
14:06:49.611930 POST /session/60124aca-76ae-43fb-8ded-f2951486e30c/element [10.569208ms] ERR:404 body={"strategy":"-android uiautomator","selector":"new UiSelector().descriptionMatches(\"(?is).*\\QThis ...
14:06:49.620528 POST /session/60124aca-76ae-43fb-8ded-f2951486e30c/element [8.548916ms] ERR:404 body={"strategy":"-android uiautomator","selector":"new UiSelector().textContains(\"This never appears\")...
14:06:49.630769 POST /session/60124aca-76ae-43fb-8ded-f2951486e30c/element [10.190208ms] ERR:404 body={"strategy":"-android uiautomator","selector":"new UiSelector().descriptionContains(\"This never app...
14:06:49.641208 POST /session/60124aca-76ae-43fb-8ded-f2951486e30c/element [10.385583ms] ERR:404 body={"strategy":"-android uiautomator","selector":"new UiSelector().textMatches(\"(?is).*\\QThis never a...
14:06:49.648509 POST /session/60124aca-76ae-43fb-8ded-f2951486e30c/element [7.247209ms] ERR:404 body={"strategy":"-android uiautomator","selector":"new UiSelector().descriptionMatches(\"(?is).*\\QThis ...
14:06:49.656132 POST /session/60124aca-76ae-43fb-8ded-f2951486e30c/element [7.583125ms] ERR:404 body={"strategy":"-android uiautomator","selector":"new UiSelector().textContains(\"This never appears\")...
14:06:49.665396 POST /session/60124aca-76ae-43fb-8ded-f2951486e30c/element [9.218334ms] ERR:404 body={"strategy":"-android uiautomator","selector":"new UiSelector().descriptionContains(\"This never app...
14:06:49.676205 POST /session/60124aca-76ae-43fb-8ded-f2951486e30c/element [10.769584ms] ERR:404 body={"strategy":"-android uiautomator","selector":"new UiSelector().textMatches(\"(?is).*\\QThis never a...
14:06:49.689802 POST /session/60124aca-76ae-43fb-8ded-f2951486e30c/element [13.540917ms] ERR:404 body={"strategy":"-android uiautomator","selector":"new UiSelector().descriptionMatches(\"(?is).*\\QThis ...
14:06:49.699295 POST /session/60124aca-76ae-43fb-8ded-f2951486e30c/element [9.438583ms] ERR:404 body={"strategy":"-android uiautomator","selector":"new UiSelector().textContains(\"This never appears\")...
14:06:49.709810 POST /session/60124aca-76ae-43fb-8ded-f2951486e30c/element [10.466833ms] ERR:404 body={"strategy":"-android uiautomator","selector":"new UiSelector().descriptionContains(\"This never app...
14:06:49.720795 POST /session/60124aca-76ae-43fb-8ded-f2951486e30c/element [10.942041ms] ERR:404 body={"strategy":"-android uiautomator","selector":"new UiSelector().textMatches(\"(?is).*\\QThis never a...
14:06:49.727723 POST /session/60124aca-76ae-43fb-8ded-f2951486e30c/element [6.880291ms] ERR:404 body={"strategy":"-android uiautomator","selector":"new UiSelector().descriptionMatches(\"(?is).*\\QThis ...
14:06:49.734453 POST /session/60124aca-76ae-43fb-8ded-f2951486e30c/element [6.686ms] ERR:404 body={"strategy":"-android uiautomator","selector":"new UiSelector().textContains(\"This never appears\")...
14:06:49.744105 POST /session/60124aca-76ae-43fb-8ded-f2951486e30c/element [9.608459ms] ERR:404 body={"strategy":"-android uiautomator","selector":"new UiSelector().descriptionContains(\"This never app...
14:06:49.752229 POST /session/60124aca-76ae-43fb-8ded-f2951486e30c/element [8.08025ms] ERR:404 body={"strategy":"-android uiautomator","selector":"new UiSelector().textMatches(\"(?is).*\\QThis never a...
14:06:49.761438 POST /session/60124aca-76ae-43fb-8ded-f2951486e30c/element [9.164875ms] ERR:404 body={"strategy":"-android uiautomator","selector":"new UiSelector().descriptionMatches(\"(?is).*\\QThis ...
14:06:49.767902 POST /session/60124aca-76ae-43fb-8ded-f2951486e30c/element [6.4105ms] ERR:404 body={"strategy":"-android uiautomator","selector":"new UiSelector().textContains(\"This never appears\")...
14:06:49.778645 POST /session/60124aca-76ae-43fb-8ded-f2951486e30c/element [10.694375ms] ERR:404 body={"strategy":"-android uiautomator","selector":"new UiSelector().descriptionContains(\"This never app...
14:06:49.785103 POST /session/60124aca-76ae-43fb-8ded-f2951486e30c/element [6.408416ms] ERR:404 body={"strategy":"-android uiautomator","selector":"new UiSelector().textMatches(\"(?is).*\\QThis never a...
14:06:49.793716 POST /session/60124aca-76ae-43fb-8ded-f2951486e30c/element [8.568834ms] ERR:404 body={"strategy":"-android uiautomator","selector":"new UiSelector().descriptionMatches(\"(?is).*\\QThis ...
14:06:49.808145 POST /session/60124aca-76ae-43fb-8ded-f2951486e30c/element [14.384583ms] ERR:404 body={"strategy":"-android uiautomator","selector":"new UiSelector().textContains(\"This never appears\")...
14:06:49.813193 POST /session/60124aca-76ae-43fb-8ded-f2951486e30c/element [4.99725ms] ERR:404 body={"strategy":"-android uiautomator","selector":"new UiSelector().descriptionContains(\"This never app...
14:06:49.822563 POST /session/60124aca-76ae-43fb-8ded-f2951486e30c/element [9.323834ms] ERR:404 body={"strategy":"-android uiautomator","selector":"new UiSelector().textMatches(\"(?is).*\\QThis never a...
14:06:49.832627 POST /session/60124aca-76ae-43fb-8ded-f2951486e30c/element [10.016542ms] ERR:404 body={"strategy":"-android uiautomator","selector":"new UiSelector().descriptionMatches(\"(?is).*\\QThis ...
14:06:49.842824 POST /session/60124aca-76ae-43fb-8ded-f2951486e30c/element [10.14675ms] ERR:404 body={"strategy":"-android uiautomator","selector":"new UiSelector().textContains(\"This never appears\")...
14:06:49.855319 POST /session/60124aca-76ae-43fb-8ded-f2951486e30c/element [12.44875ms] ERR:404 body={"strategy":"-android uiautomator","selector":"new UiSelector().descriptionContains(\"This never app...
14:06:49.867332 POST /session/60124aca-76ae-43fb-8ded-f2951486e30c/element [11.935583ms] ERR:404 body={"strategy":"-android uiautomator","selector":"new UiSelector().textMatches(\"(?is).*\\QThis never a...
14:06:49.875938 POST /session/60124aca-76ae-43fb-8ded-f2951486e30c/element [8.558292ms] ERR:404 body={"strategy":"-android uiautomator","selector":"new UiSelector().descriptionMatches(\"(?is).*\\QThis ...
14:06:49.884871 POST /session/60124aca-76ae-43fb-8ded-f2951486e30c/element [8.885125ms] ERR:404 body={"strategy":"-android uiautomator","selector":"new UiSelector().textContains(\"This never appears\")...
14:06:49.900491 POST /session/60124aca-76ae-43fb-8ded-f2951486e30c/element [15.557458ms] ERR:404 body={"strategy":"-android uiautomator","selector":"new UiSelector().descriptionContains(\"This never app...
14:06:49.935151 POST /session/60124aca-76ae-43fb-8ded-f2951486e30c/element [34.527916ms] ERR:404 body={"strategy":"-android uiautomator","selector":"new UiSelector().textMatches(\"(?is).*\\QThis never a...
14:06:49.951697 POST /session/60124aca-76ae-43fb-8ded-f2951486e30c/element [16.444834ms] ERR:404 body={"strategy":"-android uiautomator","selector":"new UiSelector().descriptionMatches(\"(?is).*\\QThis ...
14:06:49.978379 POST /session/60124aca-76ae-43fb-8ded-f2951486e30c/element [26.614458ms] ERR:404 body={"strategy":"-android uiautomator","selector":"new UiSelector().textContains(\"This never appears\")...
14:06:49.988791 POST /session/60124aca-76ae-43fb-8ded-f2951486e30c/element [10.31375ms] ERR:404 body={"strategy":"-android uiautomator","selector":"new UiSelector().descriptionContains(\"This never app...
14:06:49.999599 POST /session/60124aca-76ae-43fb-8ded-f2951486e30c/element [10.758375ms] ERR:404 body={"strategy":"-android uiautomator","selector":"new UiSelector().textMatches(\"(?is).*\\QThis never a...
14:06:50.012253 POST /session/60124aca-76ae-43fb-8ded-f2951486e30c/element [12.603209ms] ERR:404 body={"strategy":"-android uiautomator","selector":"new UiSelector().descriptionMatches(\"(?is).*\\QThis ...
14:06:50.028044 POST /session/60124aca-76ae-43fb-8ded-f2951486e30c/element [15.735292ms] ERR:404 body={"strategy":"-android uiautomator","selector":"new UiSelector().textContains(\"This never appears\")...
14:06:50.039924 POST /session/60124aca-76ae-43fb-8ded-f2951486e30c/element [11.830459ms] ERR:404 body={"strategy":"-android uiautomator","selector":"new UiSelector().descriptionContains(\"This never app...
14:06:50.050180 POST /session/60124aca-76ae-43fb-8ded-f2951486e30c/element [10.210625ms] ERR:404 body={"strategy":"-android uiautomator","selector":"new UiSelector().textMatches(\"(?is).*\\QThis never a...
14:06:50.069738 POST /session/60124aca-76ae-43fb-8ded-f2951486e30c/element [19.487458ms] ERR:404 body={"strategy":"-android uiautomator","selector":"new UiSelector().descriptionMatches(\"(?is).*\\QThis ...
14:06:50.083403 POST /session/60124aca-76ae-43fb-8ded-f2951486e30c/element [13.60325ms] ERR:404 body={"strategy":"-android uiautomator","selector":"new UiSelector().textContains(\"This never appears\")...
14:06:50.097355 POST /session/60124aca-76ae-43fb-8ded-f2951486e30c/element [13.882833ms] ERR:404 body={"strategy":"-android uiautomator","selector":"new UiSelector().descriptionContains(\"This never app...
14:06:50.111549 POST /session/60124aca-76ae-43fb-8ded-f2951486e30c/element [14.138583ms] ERR:404 body={"strategy":"-android uiautomator","selector":"new UiSelector().textMatches(\"(?is).*\\QThis never a...
14:06:50.122090 POST /session/60124aca-76ae-43fb-8ded-f2951486e30c/element [10.451375ms] ERR:404 body={"strategy":"-android uiautomator","selector":"new UiSelector().descriptionMatches(\"(?is).*\\QThis ...
14:06:50.133563 POST /session/60124aca-76ae-43fb-8ded-f2951486e30c/element [11.415459ms] ERR:404 body={"strategy":"-android uiautomator","selector":"new UiSelector().textContains(\"This never appears\")...
14:06:50.145231 POST /session/60124aca-76ae-43fb-8ded-f2951486e30c/element [11.612166ms] ERR:404 body={"strategy":"-android uiautomator","selector":"new UiSelector().descriptionContains(\"This never app...
14:06:50.154592 POST /session/60124aca-76ae-43fb-8ded-f2951486e30c/element [9.282792ms] ERR:404 body={"strategy":"-android uiautomator","selector":"new UiSelector().textMatches(\"(?is).*\\QThis never a...
14:06:50.162758 POST /session/60124aca-76ae-43fb-8ded-f2951486e30c/element [8.118542ms] ERR:404 body={"strategy":"-android uiautomator","selector":"new UiSelector().descriptionMatches(\"(?is).*\\QThis ...
14:06:50.183286 POST /session/60124aca-76ae-43fb-8ded-f2951486e30c/element [20.4775ms] ERR:404 body={"strategy":"-android uiautomator","selector":"new UiSelector().textContains(\"This never appears\")...
14:06:50.197743 POST /session/60124aca-76ae-43fb-8ded-f2951486e30c/element [14.401ms] ERR:404 body={"strategy":"-android uiautomator","selector":"new UiSelector().descriptionContains(\"This never app...
14:06:50.216139 POST /session/60124aca-76ae-43fb-8ded-f2951486e30c/element [18.33175ms] ERR:404 body={"strategy":"-android uiautomator","selector":"new UiSelector().textMatches(\"(?is).*\\QThis never a...
14:06:50.230489 POST /session/60124aca-76ae-43fb-8ded-f2951486e30c/element [14.284041ms] ERR:404 body={"strategy":"-android uiautomator","selector":"new UiSelector().descriptionMatches(\"(?is).*\\QThis ...
14:06:50.243642 POST /session/60124aca-76ae-43fb-8ded-f2951486e30c/element [13.1035ms] ERR:404 body={"strategy":"-android uiautomator","selector":"new UiSelector().textContains(\"This never appears\")...
14:06:50.253534 POST /session/60124aca-76ae-43fb-8ded-f2951486e30c/element [9.84525ms] ERR:404 body={"strategy":"-android uiautomator","selector":"new UiSelector().descriptionContains(\"This never app...
14:06:50.262141 POST /session/60124aca-76ae-43fb-8ded-f2951486e30c/element [8.548458ms] ERR:404 body={"strategy":"-android uiautomator","selector":"new UiSelector().textMatches(\"(?is).*\\QThis never a...
14:06:50.277520 POST /session/60124aca-76ae-43fb-8ded-f2951486e30c/element [15.305459ms] ERR:404 body={"strategy":"-android uiautomator","selector":"new UiSelector().descriptionMatches(\"(?is).*\\QThis ...
14:06:50.285863 POST /session/60124aca-76ae-43fb-8ded-f2951486e30c/element [8.292292ms] ERR:404 body={"strategy":"-android uiautomator","selector":"new UiSelector().textContains(\"This never appears\")...
14:06:50.296141 POST /session/60124aca-76ae-43fb-8ded-f2951486e30c/element [10.145125ms] ERR:404 body={"strategy":"-android uiautomator","selector":"new UiSelector().descriptionContains(\"This never app...
14:06:50.304134 POST /session/60124aca-76ae-43fb-8ded-f2951486e30c/element [7.939583ms] ERR:404 body={"strategy":"-android uiautomator","selector":"new UiSelector().textMatches(\"(?is).*\\QThis never a...
14:06:50.317046 POST /session/60124aca-76ae-43fb-8ded-f2951486e30c/element [12.863833ms] ERR:404 body={"strategy":"-android uiautomator","selector":"new UiSelector().descriptionMatches(\"(?is).*\\QThis ...
14:06:50.330118 POST /session/60124aca-76ae-43fb-8ded-f2951486e30c/element [12.914833ms] ERR:404 body={"strategy":"-android uiautomator","selector":"new UiSelector().textContains(\"This never appears\")...
14:06:50.340219 POST /session/60124aca-76ae-43fb-8ded-f2951486e30c/element [10.030041ms] ERR:404 body={"strategy":"-android uiautomator","selector":"new UiSelector().descriptionContains(\"This never app...
14:06:50.349080 POST /session/60124aca-76ae-43fb-8ded-f2951486e30c/element [8.8145ms] ERR:404 body={"strategy":"-android uiautomator","selector":"new UiSelector().textMatches(\"(?is).*\\QThis never a...
14:06:50.363979 POST /session/60124aca-76ae-43fb-8ded-f2951486e30c/element [14.851417ms] ERR:404 body={"strategy":"-android uiautomator","selector":"new UiSelector().descriptionMatches(\"(?is).*\\QThis ...
14:06:50.380445 POST /session/60124aca-76ae-43fb-8ded-f2951486e30c/element [16.419417ms] ERR:404 body={"strategy":"-android uiautomator","selector":"new UiSelector().textContains(\"This never appears\")...
14:06:50.387845 POST /session/60124aca-76ae-43fb-8ded-f2951486e30c/element [7.356959ms] ERR:404 body={"strategy":"-android uiautomator","selector":"new UiSelector().descriptionContains(\"This never app...
14:06:50.398861 POST /session/60124aca-76ae-43fb-8ded-f2951486e30c/element [10.980292ms] ERR:404 body={"strategy":"-android uiautomator","selector":"new UiSelector().textMatches(\"(?is).*\\QThis never a...
14:06:50.409298 POST /session/60124aca-76ae-43fb-8ded-f2951486e30c/element [10.392833ms] ERR:404 body={"strategy":"-android uiautomator","selector":"new UiSelector().descriptionMatches(\"(?is).*\\QThis ...
14:06:50.422817 POST /session/60124aca-76ae-43fb-8ded-f2951486e30c/element [13.464292ms] ERR:404 body={"strategy":"-android uiautomator","selector":"new UiSelector().textContains(\"This never appears\")...
14:06:50.430891 POST /session/60124aca-76ae-43fb-8ded-f2951486e30c/element [8.034625ms] ERR:404 body={"strategy":"-android uiautomator","selector":"new UiSelector().descriptionContains(\"This never app...
14:06:50.437272 POST /session/60124aca-76ae-43fb-8ded-f2951486e30c/element [6.344ms] ERR:404 body={"strategy":"-android uiautomator","selector":"new UiSelector().textMatches(\"(?is).*\\QThis never a...
14:06:50.443400 POST /session/60124aca-76ae-43fb-8ded-f2951486e30c/element [6.090584ms] ERR:404 body={"strategy":"-android uiautomator","selector":"new UiSelector().descriptionMatches(\"(?is).*\\QThis ...
14:06:50.450931 POST /session/60124aca-76ae-43fb-8ded-f2951486e30c/element [7.495458ms] ERR:404 body={"strategy":"-android uiautomator","selector":"new UiSelector().textContains(\"This never appears\")...
14:06:50.460803 POST /session/60124aca-76ae-43fb-8ded-f2951486e30c/element [9.827333ms] ERR:404 body={"strategy":"-android uiautomator","selector":"new UiSelector().descriptionContains(\"This never app...
14:06:50.475780 POST /session/60124aca-76ae-43fb-8ded-f2951486e30c/element [13.060041ms] ERR:404 body={"strategy":"-android uiautomator","selector":"new UiSelector().textMatches(\"(?is).*\\QThis never a...
14:06:50.484425 POST /session/60124aca-76ae-43fb-8ded-f2951486e30c/element [8.596625ms] ERR:404 body={"strategy":"-android uiautomator","selector":"new UiSelector().descriptionMatches(\"(?is).*\\QThis ...
14:06:50.494560 POST /session/60124aca-76ae-43fb-8ded-f2951486e30c/element [10.092333ms] ERR:404 body={"strategy":"-android uiautomator","selector":"new UiSelector().textContains(\"This never appears\")...
14:06:50.501862 POST /session/60124aca-76ae-43fb-8ded-f2951486e30c/element [7.264541ms] ERR:404 body={"strategy":"-android uiautomator","selector":"new UiSelector().descriptionContains(\"This never app...
14:06:50.510181 POST /session/60124aca-76ae-43fb-8ded-f2951486e30c/element [8.272792ms] ERR:404 body={"strategy":"-android uiautomator","selector":"new UiSelector().textMatches(\"(?is).*\\QThis never a...
14:06:50.521063 POST /session/60124aca-76ae-43fb-8ded-f2951486e30c/element [10.853417ms] ERR:404 body={"strategy":"-android uiautomator","selector":"new UiSelector().descriptionMatches(\"(?is).*\\QThis ...
14:06:50.528234 POST /session/60124aca-76ae-43fb-8ded-f2951486e30c/element [7.138334ms] ERR:404 body={"strategy":"-android uiautomator","selector":"new UiSelector().textContains(\"This never appears\")...
14:06:50.535850 POST /session/60124aca-76ae-43fb-8ded-f2951486e30c/element [7.595084ms] ERR:404 body={"strategy":"-android uiautomator","selector":"new UiSelector().descriptionContains(\"This never app...
14:06:50.544738 POST /session/60124aca-76ae-43fb-8ded-f2951486e30c/element [8.860625ms] ERR:404 body={"strategy":"-android uiautomator","selector":"new UiSelector().textMatches(\"(?is).*\\QThis never a...
14:06:50.550604 POST /session/60124aca-76ae-43fb-8ded-f2951486e30c/element [5.824625ms] ERR:404 body={"strategy":"-android uiautomator","selector":"new UiSelector().descriptionMatches(\"(?is).*\\QThis ...
14:06:50.559373 POST /session/60124aca-76ae-43fb-8ded-f2951486e30c/element [8.712584ms] ERR:404 body={"strategy":"-android uiautomator","selector":"new UiSelector().textContains(\"This never appears\")...
14:06:50.568708 POST /session/60124aca-76ae-43fb-8ded-f2951486e30c/element [9.287708ms] ERR:404 body={"strategy":"-android uiautomator","selector":"new UiSelector().descriptionContains(\"This never app...
14:06:50.575967 POST /session/60124aca-76ae-43fb-8ded-f2951486e30c/element [7.227416ms] ERR:404 body={"strategy":"-android uiautomator","selector":"new UiSelector().textMatches(\"(?is).*\\QThis never a...
14:06:50.583224 POST /session/60124aca-76ae-43fb-8ded-f2951486e30c/element [7.233375ms] ERR:404 body={"strategy":"-android uiautomator","selector":"new UiSelector().descriptionMatches(\"(?is).*\\QThis ...
14:06:50.590232 POST /session/60124aca-76ae-43fb-8ded-f2951486e30c/element [6.980458ms] ERR:404 body={"strategy":"-android uiautomator","selector":"new UiSelector().textContains(\"This never appears\")...
14:06:50.597397 POST /session/60124aca-76ae-43fb-8ded-f2951486e30c/element [7.122666ms] ERR:404 body={"strategy":"-android uiautomator","selector":"new UiSelector().descriptionContains(\"This never app...
14:06:50.603811 POST /session/60124aca-76ae-43fb-8ded-f2951486e30c/element [6.372125ms] ERR:404 body={"strategy":"-android uiautomator","selector":"new UiSelector().textMatches(\"(?is).*\\QThis never a...
14:06:50.612198 POST /session/60124aca-76ae-43fb-8ded-f2951486e30c/element [8.34275ms] ERR:404 body={"strategy":"-android uiautomator","selector":"new UiSelector().descriptionMatches(\"(?is).*\\QThis ...
14:06:50.621550 POST /session/60124aca-76ae-43fb-8ded-f2951486e30c/element [9.323917ms] ERR:404 body={"strategy":"-android uiautomator","selector":"new UiSelector().textContains(\"This never appears\")...
14:06:50.629630 POST /session/60124aca-76ae-43fb-8ded-f2951486e30c/element [8.048833ms] ERR:404 body={"strategy":"-android uiautomator","selector":"new UiSelector().descriptionContains(\"This never app...
14:06:50.639880 POST /session/60124aca-76ae-43fb-8ded-f2951486e30c/element [10.22325ms] ERR:404 body={"strategy":"-android uiautomator","selector":"new UiSelector().textMatches(\"(?is).*\\QThis never a...
14:06:50.648360 POST /session/60124aca-76ae-43fb-8ded-f2951486e30c/element [8.428041ms] ERR:404 body={"strategy":"-android uiautomator","selector":"new UiSelector().descriptionMatches(\"(?is).*\\QThis ...
14:06:50.657998 POST /session/60124aca-76ae-43fb-8ded-f2951486e30c/element [9.596416ms] ERR:404 body={"strategy":"-android uiautomator","selector":"new UiSelector().textContains(\"This never appears\")...
14:06:50.667174 POST /session/60124aca-76ae-43fb-8ded-f2951486e30c/element [9.134709ms] ERR:404 body={"strategy":"-android uiautomator","selector":"new UiSelector().descriptionContains(\"This never app...
14:06:50.677407 POST /session/60124aca-76ae-43fb-8ded-f2951486e30c/element [10.177625ms] ERR:404 body={"strategy":"-android uiautomator","selector":"new UiSelector().textMatches(\"(?is).*\\QThis never a...
14:06:50.688561 POST /session/60124aca-76ae-43fb-8ded-f2951486e30c/element [11.107125ms] ERR:404 body={"strategy":"-android uiautomator","selector":"new UiSelector().descriptionMatches(\"(?is).*\\QThis ...
14:06:50.699068 POST /session/60124aca-76ae-43fb-8ded-f2951486e30c/element [10.447625ms] ERR:404 body={"strategy":"-android uiautomator","selector":"new UiSelector().textContains(\"This never appears\")...
14:06:50.711259 POST /session/60124aca-76ae-43fb-8ded-f2951486e30c/element [12.14ms] ERR:404 body={"strategy":"-android uiautomator","selector":"new UiSelector().descriptionContains(\"This never app...
14:06:50.717727 POST /session/60124aca-76ae-43fb-8ded-f2951486e30c/element [6.421542ms] ERR:404 body={"strategy":"-android uiautomator","selector":"new UiSelector().textMatches(\"(?is).*\\QThis never a...
14:06:50.725332 POST /session/60124aca-76ae-43fb-8ded-f2951486e30c/element [7.564958ms] ERR:404 body={"strategy":"-android uiautomator","selector":"new UiSelector().descriptionMatches(\"(?is).*\\QThis ...
14:06:50.734051 POST /session/60124aca-76ae-43fb-8ded-f2951486e30c/element [8.673333ms] ERR:404 body={"strategy":"-android uiautomator","selector":"new UiSelector().textContains(\"This never appears\")...
14:06:50.751888 POST /session/60124aca-76ae-43fb-8ded-f2951486e30c/element [17.787417ms] ERR:404 body={"strategy":"-android uiautomator","selector":"new UiSelector().descriptionContains(\"This never app...
14:06:50.761290 POST /session/60124aca-76ae-43fb-8ded-f2951486e30c/element [9.339583ms] ERR:404 body={"strategy":"-android uiautomator","selector":"new UiSelector().textMatches(\"(?is).*\\QThis never a...
14:06:50.770914 POST /session/60124aca-76ae-43fb-8ded-f2951486e30c/element [9.568959ms] ERR:404 body={"strategy":"-android uiautomator","selector":"new UiSelector().descriptionMatches(\"(?is).*\\QThis ...
14:06:50.780819 POST /session/60124aca-76ae-43fb-8ded-f2951486e30c/element [9.85675ms] ERR:404 body={"strategy":"-android uiautomator","selector":"new UiSelector().textContains(\"This never appears\")...
14:06:50.786723 POST /session/60124aca-76ae-43fb-8ded-f2951486e30c/element [5.855875ms] ERR:404 body={"strategy":"-android uiautomator","selector":"new UiSelector().descriptionContains(\"This never app...
14:06:50.796203 POST /session/60124aca-76ae-43fb-8ded-f2951486e30c/element [9.436958ms] ERR:404 body={"strategy":"-android uiautomator","selector":"new UiSelector().textMatches(\"(?is).*\\QThis never a...
14:06:50.807156 POST /session/60124aca-76ae-43fb-8ded-f2951486e30c/element [10.899333ms] ERR:404 body={"strategy":"-android uiautomator","selector":"new UiSelector().descriptionMatches(\"(?is).*\\QThis ...
14:06:50.816404 POST /session/60124aca-76ae-43fb-8ded-f2951486e30c/element [9.206041ms] ERR:404 body={"strategy":"-android uiautomator","selector":"new UiSelector().textContains(\"This never appears\")...
14:06:50.826688 POST /session/60124aca-76ae-43fb-8ded-f2951486e30c/element [10.239083ms] ERR:404 body={"strategy":"-android uiautomator","selector":"new UiSelector().descriptionContains(\"This never app...
14:06:50.837722 POST /session/60124aca-76ae-43fb-8ded-f2951486e30c/element [10.994041ms] ERR:404 body={"strategy":"-android uiautomator","selector":"new UiSelector().textMatches(\"(?is).*\\QThis never a...
14:06:50.846151 POST /session/60124aca-76ae-43fb-8ded-f2951486e30c/element [8.3895ms] ERR:404 body={"strategy":"-android uiautomator","selector":"new UiSelector().descriptionMatches(\"(?is).*\\QThis ...
14:06:50.855818 POST /session/60124aca-76ae-43fb-8ded-f2951486e30c/element [9.62575ms] ERR:404 body={"strategy":"-android uiautomator","selector":"new UiSelector().textContains(\"This never appears\")...
14:06:50.864704 POST /session/60124aca-76ae-43fb-8ded-f2951486e30c/element [8.839209ms] ERR:404 body={"strategy":"-android uiautomator","selector":"new UiSelector().descriptionContains(\"This never app...
14:06:50.875516 POST /session/60124aca-76ae-43fb-8ded-f2951486e30c/element [10.769875ms] ERR:404 body={"strategy":"-android uiautomator","selector":"new UiSelector().textMatches(\"(?is).*\\QThis never a...
14:06:50.883409 POST /session/60124aca-76ae-43fb-8ded-f2951486e30c/element [7.84725ms] ERR:404 body={"strategy":"-android uiautomator","selector":"new UiSelector().descriptionMatches(\"(?is).*\\QThis ...
14:06:50.891986 POST /session/60124aca-76ae-43fb-8ded-f2951486e30c/element [8.535625ms] ERR:404 body={"strategy":"-android uiautomator","selector":"new UiSelector().textContains(\"This never appears\")...
14:06:50.900903 POST /session/60124aca-76ae-43fb-8ded-f2951486e30c/element [8.870709ms] ERR:404 body={"strategy":"-android uiautomator","selector":"new UiSelector().descriptionContains(\"This never app...
14:06:50.910392 POST /session/60124aca-76ae-43fb-8ded-f2951486e30c/element [9.444625ms] ERR:404 body={"strategy":"-android uiautomator","selector":"new UiSelector().textMatches(\"(?is).*\\QThis never a...
14:06:50.921722 POST /session/60124aca-76ae-43fb-8ded-f2951486e30c/element [11.2885ms] ERR:404 body={"strategy":"-android uiautomator","selector":"new UiSelector().descriptionMatches(\"(?is).*\\QThis ...
14:06:50.935154 POST /session/60124aca-76ae-43fb-8ded-f2951486e30c/element [13.383ms] ERR:404 body={"strategy":"-android uiautomator","selector":"new UiSelector().textContains(\"This never appears\")...
14:06:50.945678 POST /session/60124aca-76ae-43fb-8ded-f2951486e30c/element [10.477417ms] ERR:404 body={"strategy":"-android uiautomator","selector":"new UiSelector().descriptionContains(\"This never app...
14:06:50.956642 POST /session/60124aca-76ae-43fb-8ded-f2951486e30c/element [10.911958ms] ERR:404 body={"strategy":"-android uiautomator","selector":"new UiSelector().textMatches(\"(?is).*\\QThis never a...
14:06:50.969154 POST /session/60124aca-76ae-43fb-8ded-f2951486e30c/element [12.460708ms] ERR:404 body={"strategy":"-android uiautomator","selector":"new UiSelector().descriptionMatches(\"(?is).*\\QThis ...
14:06:50.979325 POST /session/60124aca-76ae-43fb-8ded-f2951486e30c/element [10.116084ms] ERR:404 body={"strategy":"-android uiautomator","selector":"new UiSelector().textContains(\"This never appears\")...
14:06:50.993698 POST /session/60124aca-76ae-43fb-8ded-f2951486e30c/element [14.316083ms] ERR:404 body={"strategy":"-android uiautomator","selector":"new UiSelector().descriptionContains(\"This never app...
14:06:51.003865 POST /session/60124aca-76ae-43fb-8ded-f2951486e30c/element [10.11525ms] ERR:404 body={"strategy":"-android uiautomator","selector":"new UiSelector().textMatches(\"(?is).*\\QThis never a...
14:06:51.012911 POST /session/60124aca-76ae-43fb-8ded-f2951486e30c/element [8.993625ms] ERR:404 body={"strategy":"-android uiautomator","selector":"new UiSelector().descriptionMatches(\"(?is).*\\QThis ...
14:06:51.025497 POST /session/60124aca-76ae-43fb-8ded-f2951486e30c/element [12.534458ms] ERR:404 body={"strategy":"-android uiautomator","selector":"new UiSelector().textContains(\"This never appears\")...
14:06:51.038601 POST /session/60124aca-76ae-43fb-8ded-f2951486e30c/element [13.055167ms] ERR:404 body={"strategy":"-android uiautomator","selector":"new UiSelector().descriptionContains(\"This never app...
14:06:51.054547 POST /session/60124aca-76ae-43fb-8ded-f2951486e30c/element [15.890416ms] ERR:404 body={"strategy":"-android uiautomator","selector":"new UiSelector().textMatches(\"(?is).*\\QThis never a...
14:06:51.072954 POST /session/60124aca-76ae-43fb-8ded-f2951486e30c/element [18.350458ms] ERR:404 body={"strategy":"-android uiautomator","selector":"new UiSelector().descriptionMatches(\"(?is).*\\QThis ...
14:06:51.081367 POST /session/60124aca-76ae-43fb-8ded-f2951486e30c/element [8.362709ms] ERR:404 body={"strategy":"-android uiautomator","selector":"new UiSelector().textContains(\"This never appears\")...
14:06:51.091789 POST /session/60124aca-76ae-43fb-8ded-f2951486e30c/element [10.346833ms] ERR:404 body={"strategy":"-android uiautomator","selector":"new UiSelector().descriptionContains(\"This never app...
14:06:51.106380 POST /session/60124aca-76ae-43fb-8ded-f2951486e30c/element [14.533708ms] ERR:404 body={"strategy":"-android uiautomator","selector":"new UiSelector().textMatches(\"(?is).*\\QThis never a...
14:06:51.122258 POST /session/60124aca-76ae-43fb-8ded-f2951486e30c/element [15.827875ms] ERR:404 body={"strategy":"-android uiautomator","selector":"new UiSelector().descriptionMatches(\"(?is).*\\QThis ...
14:06:51.136218 POST /session/60124aca-76ae-43fb-8ded-f2951486e30c/element [13.912041ms] ERR:404 body={"strategy":"-android uiautomator","selector":"new UiSelector().textContains(\"This never appears\")...
14:06:51.148352 POST /session/60124aca-76ae-43fb-8ded-f2951486e30c/element [12.086167ms] ERR:404 body={"strategy":"-android uiautomator","selector":"new UiSelector().descriptionContains(\"This never app...
14:06:51.159804 POST /session/60124aca-76ae-43fb-8ded-f2951486e30c/element [11.397ms] ERR:404 body={"strategy":"-android uiautomator","selector":"new UiSelector().textMatches(\"(?is).*\\QThis never a...
14:06:51.171790 POST /session/60124aca-76ae-43fb-8ded-f2951486e30c/element [11.932792ms] ERR:404 body={"strategy":"-android uiautomator","selector":"new UiSelector().descriptionMatches(\"(?is).*\\QThis ...
14:06:51.183321 POST /session/60124aca-76ae-43fb-8ded-f2951486e30c/element [11.479458ms] ERR:404 body={"strategy":"-android uiautomator","selector":"new UiSelector().textContains(\"This never appears\")...
14:06:51.195253 POST /session/60124aca-76ae-43fb-8ded-f2951486e30c/element [11.876459ms] ERR:404 body={"strategy":"-android uiautomator","selector":"new UiSelector().descriptionContains(\"This never app...
14:06:51.204610 POST /session/60124aca-76ae-43fb-8ded-f2951486e30c/element [9.304458ms] ERR:404 body={"strategy":"-android uiautomator","selector":"new UiSelector().textMatches(\"(?is).*\\QThis never a...
14:06:51.215512 POST /session/60124aca-76ae-43fb-8ded-f2951486e30c/element [10.850917ms] ERR:404 body={"strategy":"-android uiautomator","selector":"new UiSelector().descriptionMatches(\"(?is).*\\QThis ...
14:06:51.233426 POST /session/60124aca-76ae-43fb-8ded-f2951486e30c/element [17.852666ms] ERR:404 body={"strategy":"-android uiautomator","selector":"new UiSelector().textContains(\"This never appears\")...
14:06:51.242517 POST /session/60124aca-76ae-43fb-8ded-f2951486e30c/element [9.041541ms] ERR:404 body={"strategy":"-android uiautomator","selector":"new UiSelector().descriptionContains(\"This never app...
14:06:51.261170 POST /session/60124aca-76ae-43fb-8ded-f2951486e30c/element [18.586833ms] ERR:404 body={"strategy":"-android uiautomator","selector":"new UiSelector().textMatches(\"(?is).*\\QThis never a...
14:06:51.275668 POST /session/60124aca-76ae-43fb-8ded-f2951486e30c/element [14.447083ms] ERR:404 body={"strategy":"-android uiautomator","selector":"new UiSelector().descriptionMatches(\"(?is).*\\QThis ...
14:06:51.283422 POST /session/60124aca-76ae-43fb-8ded-f2951486e30c/element [7.701042ms] ERR:404 body={"strategy":"-android uiautomator","selector":"new UiSelector().textContains(\"This never appears\")...
14:06:51.296480 POST /session/60124aca-76ae-43fb-8ded-f2951486e30c/element [13.005042ms] ERR:404 body={"strategy":"-android uiautomator","selector":"new UiSelector().descriptionContains(\"This never app...
14:06:51.308736 POST /session/60124aca-76ae-43fb-8ded-f2951486e30c/element [12.203708ms] ERR:404 body={"strategy":"-android uiautomator","selector":"new UiSelector().textMatches(\"(?is).*\\QThis never a...
14:06:51.318908 POST /session/60124aca-76ae-43fb-8ded-f2951486e30c/element [10.119375ms] ERR:404 body={"strategy":"-android uiautomator","selector":"new UiSelector().descriptionMatches(\"(?is).*\\QThis ...
14:06:51.327971 POST /session/60124aca-76ae-43fb-8ded-f2951486e30c/element [9.014208ms] ERR:404 body={"strategy":"-android uiautomator","selector":"new UiSelector().textContains(\"This never appears\")...
14:06:51.340573 POST /session/60124aca-76ae-43fb-8ded-f2951486e30c/element [12.543167ms] ERR:404 body={"strategy":"-android uiautomator","selector":"new UiSelector().descriptionContains(\"This never app...
14:06:51.352007 POST /session/60124aca-76ae-43fb-8ded-f2951486e30c/element [11.380834ms] ERR:404 body={"strategy":"-android uiautomator","selector":"new UiSelector().textMatches(\"(?is).*\\QThis never a...
14:06:51.364069 POST /session/60124aca-76ae-43fb-8ded-f2951486e30c/element [12.001459ms] ERR:404 body={"strategy":"-android uiautomator","selector":"new UiSelector().descriptionMatches(\"(?is).*\\QThis ...
14:06:51.376560 POST /session/60124aca-76ae-43fb-8ded-f2951486e30c/element [12.435625ms] ERR:404 body={"strategy":"-android uiautomator","selector":"new UiSelector().textContains(\"This never appears\")...
14:06:51.386075 POST /session/60124aca-76ae-43fb-8ded-f2951486e30c/element [9.471375ms] ERR:404 body={"strategy":"-android uiautomator","selector":"new UiSelector().descriptionContains(\"This never app...
14:06:51.404620 POST /session/60124aca-76ae-43fb-8ded-f2951486e30c/element [18.504917ms] ERR:404 body={"strategy":"-android uiautomator","selector":"new UiSelector().textMatches(\"(?is).*\\QThis never a...
14:06:51.418797 POST /session/60124aca-76ae-43fb-8ded-f2951486e30c/element [14.126167ms] ERR:404 body={"strategy":"-android uiautomator","selector":"new UiSelector().descriptionMatches(\"(?is).*\\QThis ...
14:06:51.425815 POST /session/60124aca-76ae-43fb-8ded-f2951486e30c/element [6.9775ms] ERR:404 body={"strategy":"-android uiautomator","selector":"new UiSelector().textContains(\"This never appears\")...
14:06:51.432922 POST /session/60124aca-76ae-43fb-8ded-f2951486e30c/element [7.074583ms] ERR:404 body={"strategy":"-android uiautomator","selector":"new UiSelector().descriptionContains(\"This never app...
14:06:51.441264 POST /session/60124aca-76ae-43fb-8ded-f2951486e30c/element [8.302042ms] ERR:404 body={"strategy":"-android uiautomator","selector":"new UiSelector().textMatches(\"(?is).*\\QThis never a...
14:06:51.451661 POST /session/60124aca-76ae-43fb-8ded-f2951486e30c/element [10.328375ms] ERR:404 body={"strategy":"-android uiautomator","selector":"new UiSelector().descriptionMatches(\"(?is).*\\QThis ...
14:06:51.462545 POST /session/60124aca-76ae-43fb-8ded-f2951486e30c/element [10.789334ms] ERR:404 body={"strategy":"-android uiautomator","selector":"new UiSelector().textContains(\"This never appears\")...
14:06:51.473175 POST /session/60124aca-76ae-43fb-8ded-f2951486e30c/element [10.58425ms] ERR:404 body={"strategy":"-android uiautomator","selector":"new UiSelector().descriptionContains(\"This never app...
14:06:51.480781 POST /session/60124aca-76ae-43fb-8ded-f2951486e30c/element [7.558208ms] ERR:404 body={"strategy":"-android uiautomator","selector":"new UiSelector().textMatches(\"(?is).*\\QThis never a...
14:06:51.488350 POST /session/60124aca-76ae-43fb-8ded-f2951486e30c/element [7.536375ms] ERR:404 body={"strategy":"-android uiautomator","selector":"new UiSelector().descriptionMatches(\"(?is).*\\QThis ...
14:06:51.495469 POST /session/60124aca-76ae-43fb-8ded-f2951486e30c/element [7.083041ms] ERR:404 body={"strategy":"-android uiautomator","selector":"new UiSelector().textContains(\"This never appears\")...
14:06:51.502968 POST /session/60124aca-76ae-43fb-8ded-f2951486e30c/element [7.454625ms] ERR:404 body={"strategy":"-android uiautomator","selector":"new UiSelector().descriptionContains(\"This never app...
14:06:51.510538 POST /session/60124aca-76ae-43fb-8ded-f2951486e30c/element [7.536583ms] ERR:404 body={"strategy":"-android uiautomator","selector":"new UiSelector().textMatches(\"(?is).*\\QThis never a...
14:06:51.518314 POST /session/60124aca-76ae-43fb-8ded-f2951486e30c/element [7.736542ms] ERR:404 body={"strategy":"-android uiautomator","selector":"new UiSelector().descriptionMatches(\"(?is).*\\QThis ...
14:06:51.526894 POST /session/60124aca-76ae-43fb-8ded-f2951486e30c/element [8.537917ms] ERR:404 body={"strategy":"-android uiautomator","selector":"new UiSelector().textContains(\"This never appears\")...
14:06:51.536679 POST /session/60124aca-76ae-43fb-8ded-f2951486e30c/element [9.756541ms] ERR:404 body={"strategy":"-android uiautomator","selector":"new UiSelector().descriptionContains(\"This never app...
14:06:51.545766 POST /session/60124aca-76ae-43fb-8ded-f2951486e30c/element [9.054375ms] ERR:404 body={"strategy":"-android uiautomator","selector":"new UiSelector().textMatches(\"(?is).*\\QThis never a...
14:06:51.553404 POST /session/60124aca-76ae-43fb-8ded-f2951486e30c/element [7.601083ms] ERR:404 body={"strategy":"-android uiautomator","selector":"new UiSelector().descriptionMatches(\"(?is).*\\QThis ...
14:06:51.560194 POST /session/60124aca-76ae-43fb-8ded-f2951486e30c/element [6.746917ms] ERR:404 body={"strategy":"-android uiautomator","selector":"new UiSelector().textContains(\"This never appears\")...
14:06:51.567485 POST /session/60124aca-76ae-43fb-8ded-f2951486e30c/element [7.248208ms] ERR:404 body={"strategy":"-android uiautomator","selector":"new UiSelector().descriptionContains(\"This never app...
14:06:51.574763 POST /session/60124aca-76ae-43fb-8ded-f2951486e30c/element [7.242083ms] ERR:404 body={"strategy":"-android uiautomator","selector":"new UiSelector().textMatches(\"(?is).*\\QThis never a...
14:06:51.585771 POST /session/60124aca-76ae-43fb-8ded-f2951486e30c/element [10.971667ms] ERR:404 body={"strategy":"-android uiautomator","selector":"new UiSelector().descriptionMatches(\"(?is).*\\QThis ...
14:06:51.599273 POST /session/60124aca-76ae-43fb-8ded-f2951486e30c/element [13.429834ms] ERR:404 body={"strategy":"-android uiautomator","selector":"new UiSelector().textContains(\"This never appears\")...
14:06:51.610473 POST /session/60124aca-76ae-43fb-8ded-f2951486e30c/element [11.149541ms] ERR:404 body={"strategy":"-android uiautomator","selector":"new UiSelector().descriptionContains(\"This never app...
14:06:51.628189 POST /session/60124aca-76ae-43fb-8ded-f2951486e30c/element [17.65925ms] ERR:404 body={"strategy":"-android uiautomator","selector":"new UiSelector().textMatches(\"(?is).*\\QThis never a...
14:06:51.640316 POST /session/60124aca-76ae-43fb-8ded-f2951486e30c/element [12.066416ms] ERR:404 body={"strategy":"-android uiautomator","selector":"new UiSelector().descriptionMatches(\"(?is).*\\QThis ...
14:06:51.647982 POST /session/60124aca-76ae-43fb-8ded-f2951486e30c/element [7.612625ms] ERR:404 body={"strategy":"-android uiautomator","selector":"new UiSelector().textContains(\"This never appears\")...
14:06:51.658592 POST /session/60124aca-76ae-43fb-8ded-f2951486e30c/element [10.556417ms] ERR:404 body={"strategy":"-android uiautomator","selector":"new UiSelector().descriptionContains(\"This never app...
14:06:51.679749 POST /session/60124aca-76ae-43fb-8ded-f2951486e30c/element [21.100416ms] ERR:404 body={"strategy":"-android uiautomator","selector":"new UiSelector().textMatches(\"(?is).*\\QThis never a...
14:06:51.687490 POST /session/60124aca-76ae-43fb-8ded-f2951486e30c/element [7.668417ms] ERR:404 body={"strategy":"-android uiautomator","selector":"new UiSelector().descriptionMatches(\"(?is).*\\QThis ...
14:06:51.698991 POST /session/60124aca-76ae-43fb-8ded-f2951486e30c/element [11.44425ms] ERR:404 body={"strategy":"-android uiautomator","selector":"new UiSelector().textContains(\"This never appears\")...
14:06:51.710071 POST /session/60124aca-76ae-43fb-8ded-f2951486e30c/element [11.023333ms] ERR:404 body={"strategy":"-android uiautomator","selector":"new UiSelector().descriptionContains(\"This never app...
14:06:51.719597 POST /session/60124aca-76ae-43fb-8ded-f2951486e30c/element [9.464583ms] ERR:404 body={"strategy":"-android uiautomator","selector":"new UiSelector().textMatches(\"(?is).*\\QThis never a...
14:06:51.728185 POST /session/60124aca-76ae-43fb-8ded-f2951486e30c/element [8.528166ms] ERR:404 body={"strategy":"-android uiautomator","selector":"new UiSelector().descriptionMatches(\"(?is).*\\QThis ...
14:06:51.735578 POST /session/60124aca-76ae-43fb-8ded-f2951486e30c/element [7.30975ms] ERR:404 body={"strategy":"-android uiautomator","selector":"new UiSelector().textContains(\"This never appears\")...
14:06:51.742969 POST /session/60124aca-76ae-43fb-8ded-f2951486e30c/element [7.350208ms] ERR:404 body={"strategy":"-android uiautomator","selector":"new UiSelector().descriptionContains(\"This never app...
14:06:51.755865 POST /session/60124aca-76ae-43fb-8ded-f2951486e30c/element [12.844041ms] ERR:404 body={"strategy":"-android uiautomator","selector":"new UiSelector().textMatches(\"(?is).*\\QThis never a...
14:06:51.768033 POST /session/60124aca-76ae-43fb-8ded-f2951486e30c/element [12.102042ms] ERR:404 body={"strategy":"-android uiautomator","selector":"new UiSelector().descriptionMatches(\"(?is).*\\QThis ...
14:06:51.777883 POST /session/60124aca-76ae-43fb-8ded-f2951486e30c/element [9.781916ms] ERR:404 body={"strategy":"-android uiautomator","selector":"new UiSelector().textContains(\"This never appears\")...
14:06:51.787210 POST /session/60124aca-76ae-43fb-8ded-f2951486e30c/element [9.248292ms] ERR:404 body={"strategy":"-android uiautomator","selector":"new UiSelector().descriptionContains(\"This never app...
14:06:51.797157 POST /session/60124aca-76ae-43fb-8ded-f2951486e30c/element [9.878333ms] ERR:404 body={"strategy":"-android uiautomator","selector":"new UiSelector().textMatches(\"(?is).*\\QThis never a...
14:06:51.805561 POST /session/60124aca-76ae-43fb-8ded-f2951486e30c/element [8.333041ms] ERR:404 body={"strategy":"-android uiautomator","selector":"new UiSelector().descriptionMatches(\"(?is).*\\QThis ...
14:06:51.816371 POST /session/60124aca-76ae-43fb-8ded-f2951486e30c/element [10.744208ms] ERR:404 body={"strategy":"-android uiautomator","selector":"new UiSelector().textContains(\"This never appears\")...
14:06:51.827916 POST /session/60124aca-76ae-43fb-8ded-f2951486e30c/element [11.489208ms] ERR:404 body={"strategy":"-android uiautomator","selector":"new UiSelector().descriptionContains(\"This never app...
14:06:51.838628 POST /session/60124aca-76ae-43fb-8ded-f2951486e30c/element [10.661208ms] ERR:404 body={"strategy":"-android uiautomator","selector":"new UiSelector().textMatches(\"(?is).*\\QThis never a...
14:06:51.849566 POST /session/60124aca-76ae-43fb-8ded-f2951486e30c/element [10.883958ms] ERR:404 body={"strategy":"-android uiautomator","selector":"new UiSelector().descriptionMatches(\"(?is).*\\QThis ...
14:06:51.859828 POST /session/60124aca-76ae-43fb-8ded-f2951486e30c/element [10.21275ms] ERR:404 body={"strategy":"-android uiautomator","selector":"new UiSelector().textContains(\"This never appears\")...
14:06:51.868450 POST /session/60124aca-76ae-43fb-8ded-f2951486e30c/element [8.57525ms] ERR:404 body={"strategy":"-android uiautomator","selector":"new UiSelector().descriptionContains(\"This never app...
14:06:51.873117 POST /session/60124aca-76ae-43fb-8ded-f2951486e30c/element [4.620916ms] ERR:404 body={"strategy":"-android uiautomator","selector":"new UiSelector().textMatches(\"(?is).*\\QThis never a...
14:06:51.881866 POST /session/60124aca-76ae-43fb-8ded-f2951486e30c/element [8.7075ms] ERR:404 body={"strategy":"-android uiautomator","selector":"new UiSelector().descriptionMatches(\"(?is).*\\QThis ...
14:06:51.891703 POST /session/60124aca-76ae-43fb-8ded-f2951486e30c/element [9.794084ms] ERR:404 body={"strategy":"-android uiautomator","selector":"new UiSelector().textContains(\"This never appears\")...
14:06:51.902004 POST /session/60124aca-76ae-43fb-8ded-f2951486e30c/element [10.262708ms] ERR:404 body={"strategy":"-android uiautomator","selector":"new UiSelector().descriptionContains(\"This never app...
14:06:51.911889 POST /session/60124aca-76ae-43fb-8ded-f2951486e30c/element [9.835542ms] ERR:404 body={"strategy":"-android uiautomator","selector":"new UiSelector().textMatches(\"(?is).*\\QThis never a...
14:06:51.919360 POST /session/60124aca-76ae-43fb-8ded-f2951486e30c/element [7.422583ms] ERR:404 body={"strategy":"-android uiautomator","selector":"new UiSelector().descriptionMatches(\"(?is).*\\QThis ...
14:06:51.926399 POST /session/60124aca-76ae-43fb-8ded-f2951486e30c/element [6.977833ms] ERR:404 body={"strategy":"-android uiautomator","selector":"new UiSelector().textContains(\"This never appears\")...
14:06:51.940341 POST /session/60124aca-76ae-43fb-8ded-f2951486e30c/element [13.8625ms] ERR:404 body={"strategy":"-android uiautomator","selector":"new UiSelector().descriptionContains(\"This never app...
14:06:51.946420 POST /session/60124aca-76ae-43fb-8ded-f2951486e30c/element [6.040125ms] ERR:404 body={"strategy":"-android uiautomator","selector":"new UiSelector().textMatches(\"(?is).*\\QThis never a...
14:06:51.960598 POST /session/60124aca-76ae-43fb-8ded-f2951486e30c/element [14.138625ms] ERR:404 body={"strategy":"-android uiautomator","selector":"new UiSelector().descriptionMatches(\"(?is).*\\QThis ...
14:06:51.971163 POST /session/60124aca-76ae-43fb-8ded-f2951486e30c/element [10.520416ms] ERR:404 body={"strategy":"-android uiautomator","selector":"new UiSelector().textContains(\"This never appears\")...
14:06:51.978894 POST /session/60124aca-76ae-43fb-8ded-f2951486e30c/element [7.688625ms] ERR:404 body={"strategy":"-android uiautomator","selector":"new UiSelector().descriptionContains(\"This never app...
14:06:51.991410 POST /session/60124aca-76ae-43fb-8ded-f2951486e30c/element [12.470667ms] ERR:404 body={"strategy":"-android uiautomator","selector":"new UiSelector().textMatches(\"(?is).*\\QThis never a...
14:06:51.999849 POST /session/60124aca-76ae-43fb-8ded-f2951486e30c/element [8.387083ms] ERR:404 body={"strategy":"-android uiautomator","selector":"new UiSelector().descriptionMatches(\"(?is).*\\QThis ...
14:06:52.008654 POST /session/60124aca-76ae-43fb-8ded-f2951486e30c/element [8.75275ms] ERR:404 body={"strategy":"-android uiautomator","selector":"new UiSelector().textContains(\"This never appears\")...
14:06:52.021473 POST /session/60124aca-76ae-43fb-8ded-f2951486e30c/element [12.773ms] ERR:404 body={"strategy":"-android uiautomator","selector":"new UiSelector().descriptionContains(\"This never app...
14:06:52.031603 POST /session/60124aca-76ae-43fb-8ded-f2951486e30c/element [10.0805ms] ERR:404 body={"strategy":"-android uiautomator","selector":"new UiSelector().textMatches(\"(?is).*\\QThis never a...
14:06:52.040039 POST /session/60124aca-76ae-43fb-8ded-f2951486e30c/element [8.389333ms] ERR:404 body={"strategy":"-android uiautomator","selector":"new UiSelector().descriptionMatches(\"(?is).*\\QThis ...
14:06:52.049450 POST /session/60124aca-76ae-43fb-8ded-f2951486e30c/element [9.375875ms] ERR:404 body={"strategy":"-android uiautomator","selector":"new UiSelector().textContains(\"This never appears\")...
14:06:52.058156 POST /session/60124aca-76ae-43fb-8ded-f2951486e30c/element [8.661625ms] ERR:404 body={"strategy":"-android uiautomator","selector":"new UiSelector().descriptionContains(\"This never app...
14:06:52.068349 POST /session/60124aca-76ae-43fb-8ded-f2951486e30c/element [10.151708ms] ERR:404 body={"strategy":"-android uiautomator","selector":"new UiSelector().textMatches(\"(?is).*\\QThis never a...
14:06:52.079895 POST /session/60124aca-76ae-43fb-8ded-f2951486e30c/element [11.496708ms] ERR:404 body={"strategy":"-android uiautomator","selector":"new UiSelector().descriptionMatches(\"(?is).*\\QThis ...
14:06:52.088203 POST /session/60124aca-76ae-43fb-8ded-f2951486e30c/element [8.25825ms] ERR:404 body={"strategy":"-android uiautomator","selector":"new UiSelector().textContains(\"This never appears\")...
14:06:52.097790 POST /session/60124aca-76ae-43fb-8ded-f2951486e30c/element [9.548209ms] ERR:404 body={"strategy":"-android uiautomator","selector":"new UiSelector().descriptionContains(\"This never app...
14:06:52.109776 POST /session/60124aca-76ae-43fb-8ded-f2951486e30c/element [11.938292ms] ERR:404 body={"strategy":"-android uiautomator","selector":"new UiSelector().textMatches(\"(?is).*\\QThis never a...
14:06:52.119757 POST /session/60124aca-76ae-43fb-8ded-f2951486e30c/element [9.928083ms] ERR:404 body={"strategy":"-android uiautomator","selector":"new UiSelector().descriptionMatches(\"(?is).*\\QThis ...
14:06:52.128608 POST /session/60124aca-76ae-43fb-8ded-f2951486e30c/element [8.785667ms] ERR:404 body={"strategy":"-android uiautomator","selector":"new UiSelector().textContains(\"This never appears\")...
14:06:52.138824 POST /session/60124aca-76ae-43fb-8ded-f2951486e30c/element [10.166292ms] ERR:404 body={"strategy":"-android uiautomator","selector":"new UiSelector().descriptionContains(\"This never app...
14:06:52.150510 POST /session/60124aca-76ae-43fb-8ded-f2951486e30c/element [11.632208ms] ERR:404 body={"strategy":"-android uiautomator","selector":"new UiSelector().textMatches(\"(?is).*\\QThis never a...
14:06:52.160973 POST /session/60124aca-76ae-43fb-8ded-f2951486e30c/element [10.417167ms] ERR:404 body={"strategy":"-android uiautomator","selector":"new UiSelector().descriptionMatches(\"(?is).*\\QThis ...
14:06:52.172073 POST /session/60124aca-76ae-43fb-8ded-f2951486e30c/element [11.059625ms] ERR:404 body={"strategy":"-android uiautomator","selector":"new UiSelector().textContains(\"This never appears\")...
14:06:52.179662 POST /session/60124aca-76ae-43fb-8ded-f2951486e30c/element [7.545167ms] ERR:404 body={"strategy":"-android uiautomator","selector":"new UiSelector().descriptionContains(\"This never app...
14:06:52.191004 POST /session/60124aca-76ae-43fb-8ded-f2951486e30c/element [11.299875ms] ERR:404 body={"strategy":"-android uiautomator","selector":"new UiSelector().textMatches(\"(?is).*\\QThis never a...
14:06:52.197459 POST /session/60124aca-76ae-43fb-8ded-f2951486e30c/element [6.416417ms] ERR:404 body={"strategy":"-android uiautomator","selector":"new UiSelector().descriptionMatches(\"(?is).*\\QThis ...
14:06:52.206909 POST /session/60124aca-76ae-43fb-8ded-f2951486e30c/element [9.413291ms] ERR:404 body={"strategy":"-android uiautomator","selector":"new UiSelector().textContains(\"This never appears\")...
14:06:52.213303 POST /session/60124aca-76ae-43fb-8ded-f2951486e30c/element [6.36075ms] ERR:404 body={"strategy":"-android uiautomator","selector":"new UiSelector().descriptionContains(\"This never app...
14:06:52.223610 POST /session/60124aca-76ae-43fb-8ded-f2951486e30c/element [10.270459ms] ERR:404 body={"strategy":"-android uiautomator","selector":"new UiSelector().textMatches(\"(?is).*\\QThis never a...
14:06:52.233551 POST /session/60124aca-76ae-43fb-8ded-f2951486e30c/element [9.893583ms] ERR:404 body={"strategy":"-android uiautomator","selector":"new UiSelector().descriptionMatches(\"(?is).*\\QThis ...
14:06:52.245791 POST /session/60124aca-76ae-43fb-8ded-f2951486e30c/element [12.191833ms] ERR:404 body={"strategy":"-android uiautomator","selector":"new UiSelector().textContains(\"This never appears\")...
14:06:52.256320 POST /session/60124aca-76ae-43fb-8ded-f2951486e30c/element [10.481542ms] ERR:404 body={"strategy":"-android uiautomator","selector":"new UiSelector().descriptionContains(\"This never app...
14:06:52.270404 POST /session/60124aca-76ae-43fb-8ded-f2951486e30c/element [14.039916ms] ERR:404 body={"strategy":"-android uiautomator","selector":"new UiSelector().textMatches(\"(?is).*\\QThis never a...
14:06:52.283239 POST /session/60124aca-76ae-43fb-8ded-f2951486e30c/element [12.789125ms] ERR:404 body={"strategy":"-android uiautomator","selector":"new UiSelector().descriptionMatches(\"(?is).*\\QThis ...
14:06:52.292032 POST /session/60124aca-76ae-43fb-8ded-f2951486e30c/element [8.755084ms] ERR:404 body={"strategy":"-android uiautomator","selector":"new UiSelector().textContains(\"This never appears\")...
14:06:52.299858 POST /session/60124aca-76ae-43fb-8ded-f2951486e30c/element [7.789167ms] ERR:404 body={"strategy":"-android uiautomator","selector":"new UiSelector().descriptionContains(\"This never app...
14:06:52.309679 POST /session/60124aca-76ae-43fb-8ded-f2951486e30c/element [9.778416ms] ERR:404 body={"strategy":"-android uiautomator","selector":"new UiSelector().textMatches(\"(?is).*\\QThis never a...
14:06:52.321894 POST /session/60124aca-76ae-43fb-8ded-f2951486e30c/element [12.163625ms] ERR:404 body={"strategy":"-android uiautomator","selector":"new UiSelector().descriptionMatches(\"(?is).*\\QThis ...
14:06:52.334119 POST /session/60124aca-76ae-43fb-8ded-f2951486e30c/element [12.160958ms] ERR:404 body={"strategy":"-android uiautomator","selector":"new UiSelector().textContains(\"This never appears\")...
14:06:52.344527 POST /session/60124aca-76ae-43fb-8ded-f2951486e30c/element [10.359791ms] ERR:404 body={"strategy":"-android uiautomator","selector":"new UiSelector().descriptionContains(\"This never app...
14:06:52.350629 POST /session/60124aca-76ae-43fb-8ded-f2951486e30c/element [6.044625ms] ERR:404 body={"strategy":"-android uiautomator","selector":"new UiSelector().textMatches(\"(?is).*\\QThis never a...
14:06:52.364430 POST /session/60124aca-76ae-43fb-8ded-f2951486e30c/element [13.749834ms] ERR:404 body={"strategy":"-android uiautomator","selector":"new UiSelector().descriptionMatches(\"(?is).*\\QThis ...
14:06:52.375668 POST /session/60124aca-76ae-43fb-8ded-f2951486e30c/element [11.178666ms] ERR:404 body={"strategy":"-android uiautomator","selector":"new UiSelector().textContains(\"This never appears\")...
14:06:52.382867 POST /session/60124aca-76ae-43fb-8ded-f2951486e30c/element [7.143583ms] ERR:404 body={"strategy":"-android uiautomator","selector":"new UiSelector().descriptionContains(\"This never app...
14:06:52.396014 POST /session/60124aca-76ae-43fb-8ded-f2951486e30c/element [13.082958ms] ERR:404 body={"strategy":"-android uiautomator","selector":"new UiSelector().textMatches(\"(?is).*\\QThis never a...
14:06:52.403155 POST /session/60124aca-76ae-43fb-8ded-f2951486e30c/element [7.087375ms] ERR:404 body={"strategy":"-android uiautomator","selector":"new UiSelector().descriptionMatches(\"(?is).*\\QThis ...
14:06:52.411461 POST /session/60124aca-76ae-43fb-8ded-f2951486e30c/element [8.262458ms] ERR:404 body={"strategy":"-android uiautomator","selector":"new UiSelector().textContains(\"This never appears\")...
14:06:52.419318 POST /session/60124aca-76ae-43fb-8ded-f2951486e30c/element [7.815ms] ERR:404 body={"strategy":"-android uiautomator","selector":"new UiSelector().descriptionContains(\"This never app...
14:06:52.429962 POST /session/60124aca-76ae-43fb-8ded-f2951486e30c/element [10.588166ms] ERR:404 body={"strategy":"-android uiautomator","selector":"new UiSelector().textMatches(\"(?is).*\\QThis never a...
14:06:52.441588 POST /session/60124aca-76ae-43fb-8ded-f2951486e30c/element [11.56575ms] ERR:404 body={"strategy":"-android uiautomator","selector":"new UiSelector().descriptionMatches(\"(?is).*\\QThis ...
14:06:52.456916 POST /session/60124aca-76ae-43fb-8ded-f2951486e30c/element [15.275417ms] ERR:404 body={"strategy":"-android uiautomator","selector":"new UiSelector().textContains(\"This never appears\")...
14:06:52.465448 POST /session/60124aca-76ae-43fb-8ded-f2951486e30c/element [8.47775ms] ERR:404 body={"strategy":"-android uiautomator","selector":"new UiSelector().descriptionContains(\"This never app...
14:06:52.475169 POST /session/60124aca-76ae-43fb-8ded-f2951486e30c/element [9.679167ms] ERR:404 body={"strategy":"-android uiautomator","selector":"new UiSelector().textMatches(\"(?is).*\\QThis never a...
14:06:52.489855 POST /session/60124aca-76ae-43fb-8ded-f2951486e30c/element [14.6435ms] ERR:404 body={"strategy":"-android uiautomator","selector":"new UiSelector().descriptionMatches(\"(?is).*\\QThis ...
14:06:52.498150 POST /session/60124aca-76ae-43fb-8ded-f2951486e30c/element [8.241042ms] ERR:404 body={"strategy":"-android uiautomator","selector":"new UiSelector().textContains(\"This never appears\")...
14:06:52.510781 POST /session/60124aca-76ae-43fb-8ded-f2951486e30c/element [12.562875ms] ERR:404 body={"strategy":"-android uiautomator","selector":"new UiSelector().descriptionContains(\"This never app...
14:06:52.520905 POST /session/60124aca-76ae-43fb-8ded-f2951486e30c/element [10.072041ms] ERR:404 body={"strategy":"-android uiautomator","selector":"new UiSelector().textMatches(\"(?is).*\\QThis never a...
14:06:52.529264 POST /session/60124aca-76ae-43fb-8ded-f2951486e30c/element [8.295792ms] ERR:404 body={"strategy":"-android uiautomator","selector":"new UiSelector().descriptionMatches(\"(?is).*\\QThis ...
14:06:52.542662 POST /session/60124aca-76ae-43fb-8ded-f2951486e30c/element [13.35075ms] ERR:404 body={"strategy":"-android uiautomator","selector":"new UiSelector().textContains(\"This never appears\")...
14:06:52.552601 POST /session/60124aca-76ae-43fb-8ded-f2951486e30c/element [9.896125ms] ERR:404 body={"strategy":"-android uiautomator","selector":"new UiSelector().descriptionContains(\"This never app...
14:06:52.560291 POST /session/60124aca-76ae-43fb-8ded-f2951486e30c/element [7.6385ms] ERR:404 body={"strategy":"-android uiautomator","selector":"new UiSelector().textMatches(\"(?is).*\\QThis never a...
14:06:52.569778 POST /session/60124aca-76ae-43fb-8ded-f2951486e30c/element [9.447667ms] ERR:404 body={"strategy":"-android uiautomator","selector":"new UiSelector().descriptionMatches(\"(?is).*\\QThis ...
14:06:52.579041 POST /session/60124aca-76ae-43fb-8ded-f2951486e30c/element [9.201584ms] ERR:404 body={"strategy":"-android uiautomator","selector":"new UiSelector().textContains(\"This never appears\")...
14:06:52.587314 POST /session/60124aca-76ae-43fb-8ded-f2951486e30c/element [8.23675ms] ERR:404 body={"strategy":"-android uiautomator","selector":"new UiSelector().descriptionContains(\"This never app...
14:06:52.595579 POST /session/60124aca-76ae-43fb-8ded-f2951486e30c/element [8.22025ms] ERR:404 body={"strategy":"-android uiautomator","selector":"new UiSelector().textMatches(\"(?is).*\\QThis never a...
14:06:52.608117 POST /session/60124aca-76ae-43fb-8ded-f2951486e30c/element [12.502ms] ERR:404 body={"strategy":"-android uiautomator","selector":"new UiSelector().descriptionMatches(\"(?is).*\\QThis ...
14:06:52.617964 POST /session/60124aca-76ae-43fb-8ded-f2951486e30c/element [9.810458ms] ERR:404 body={"strategy":"-android uiautomator","selector":"new UiSelector().textContains(\"This never appears\")...
14:06:52.623125 POST /session/60124aca-76ae-43fb-8ded-f2951486e30c/element [5.120417ms] ERR:404 body={"strategy":"-android uiautomator","selector":"new UiSelector().descriptionContains(\"This never app...
14:06:52.630205 POST /session/60124aca-76ae-43fb-8ded-f2951486e30c/element [7.042083ms] ERR:404 body={"strategy":"-android uiautomator","selector":"new UiSelector().textMatches(\"(?is).*\\QThis never a...
14:06:52.637116 POST /session/60124aca-76ae-43fb-8ded-f2951486e30c/element [6.87975ms] ERR:404 body={"strategy":"-android uiautomator","selector":"new UiSelector().descriptionMatches(\"(?is).*\\QThis ...
14:06:52.644424 POST /session/60124aca-76ae-43fb-8ded-f2951486e30c/element [7.2735ms] ERR:404 body={"strategy":"-android uiautomator","selector":"new UiSelector().textContains(\"This never appears\")...
14:06:52.654614 POST /session/60124aca-76ae-43fb-8ded-f2951486e30c/element [10.153042ms] ERR:404 body={"strategy":"-android uiautomator","selector":"new UiSelector().descriptionContains(\"This never app...
14:06:52.666399 POST /session/60124aca-76ae-43fb-8ded-f2951486e30c/element [11.742916ms] ERR:404 body={"strategy":"-android uiautomator","selector":"new UiSelector().textMatches(\"(?is).*\\QThis never a...
14:06:52.674976 POST /session/60124aca-76ae-43fb-8ded-f2951486e30c/element [8.515791ms] ERR:404 body={"strategy":"-android uiautomator","selector":"new UiSelector().descriptionMatches(\"(?is).*\\QThis ...
14:06:52.686325 POST /session/60124aca-76ae-43fb-8ded-f2951486e30c/element [11.304334ms] ERR:404 body={"strategy":"-android uiautomator","selector":"new UiSelector().textContains(\"This never appears\")...
14:06:52.692337 POST /session/60124aca-76ae-43fb-8ded-f2951486e30c/element [5.96825ms] ERR:404 body={"strategy":"-android uiautomator","selector":"new UiSelector().descriptionContains(\"This never app...
14:06:52.700979 POST /session/60124aca-76ae-43fb-8ded-f2951486e30c/element [8.60475ms] ERR:404 body={"strategy":"-android uiautomator","selector":"new UiSelector().textMatches(\"(?is).*\\QThis never a...
14:06:52.712210 POST /session/60124aca-76ae-43fb-8ded-f2951486e30c/element [11.197875ms] ERR:404 body={"strategy":"-android uiautomator","selector":"new UiSelector().descriptionMatches(\"(?is).*\\QThis ...
14:06:52.718960 POST /session/60124aca-76ae-43fb-8ded-f2951486e30c/element [6.711459ms] ERR:404 body={"strategy":"-android uiautomator","selector":"new UiSelector().textContains(\"This never appears\")...
14:06:52.726969 POST /session/60124aca-76ae-43fb-8ded-f2951486e30c/element [7.97275ms] ERR:404 body={"strategy":"-android uiautomator","selector":"new UiSelector().descriptionContains(\"This never app...
14:06:52.735651 POST /session/60124aca-76ae-43fb-8ded-f2951486e30c/element [8.652291ms] ERR:404 body={"strategy":"-android uiautomator","selector":"new UiSelector().textMatches(\"(?is).*\\QThis never a...
14:06:52.742520 POST /session/60124aca-76ae-43fb-8ded-f2951486e30c/element [6.815125ms] ERR:404 body={"strategy":"-android uiautomator","selector":"new UiSelector().descriptionMatches(\"(?is).*\\QThis ...
14:06:52.748998 POST /session/60124aca-76ae-43fb-8ded-f2951486e30c/element [6.444625ms] ERR:404 body={"strategy":"-android uiautomator","selector":"new UiSelector().textContains(\"This never appears\")...
14:06:52.758267 POST /session/60124aca-76ae-43fb-8ded-f2951486e30c/element [9.236625ms] ERR:404 body={"strategy":"-android uiautomator","selector":"new UiSelector().descriptionContains(\"This never app...
14:06:52.767083 POST /session/60124aca-76ae-43fb-8ded-f2951486e30c/element [8.774666ms] ERR:404 body={"strategy":"-android uiautomator","selector":"new UiSelector().textMatches(\"(?is).*\\QThis never a...
14:06:52.777947 POST /session/60124aca-76ae-43fb-8ded-f2951486e30c/element [10.829667ms] ERR:404 body={"strategy":"-android uiautomator","selector":"new UiSelector().descriptionMatches(\"(?is).*\\QThis ...
14:06:52.786863 POST /session/60124aca-76ae-43fb-8ded-f2951486e30c/element [8.858125ms] ERR:404 body={"strategy":"-android uiautomator","selector":"new UiSelector().textContains(\"This never appears\")...
14:06:52.796384 POST /session/60124aca-76ae-43fb-8ded-f2951486e30c/element [9.477167ms] ERR:404 body={"strategy":"-android uiautomator","selector":"new UiSelector().descriptionContains(\"This never app...
14:06:52.807140 POST /session/60124aca-76ae-43fb-8ded-f2951486e30c/element [10.7225ms] ERR:404 body={"strategy":"-android uiautomator","selector":"new UiSelector().textMatches(\"(?is).*\\QThis never a...
14:06:52.812704 POST /session/60124aca-76ae-43fb-8ded-f2951486e30c/element [5.52225ms] ERR:404 body={"strategy":"-android uiautomator","selector":"new UiSelector().descriptionMatches(\"(?is).*\\QThis ...
14:06:52.824008 POST /session/60124aca-76ae-43fb-8ded-f2951486e30c/element [11.26275ms] ERR:404 body={"strategy":"-android uiautomator","selector":"new UiSelector().textContains(\"This never appears\")...
14:06:52.832238 POST /session/60124aca-76ae-43fb-8ded-f2951486e30c/element [8.184125ms] ERR:404 body={"strategy":"-android uiautomator","selector":"new UiSelector().descriptionContains(\"This never app...
14:06:52.841630 POST /session/60124aca-76ae-43fb-8ded-f2951486e30c/element [9.341958ms] ERR:404 body={"strategy":"-android uiautomator","selector":"new UiSelector().textMatches(\"(?is).*\\QThis never a...
14:06:52.849401 POST /session/60124aca-76ae-43fb-8ded-f2951486e30c/element [7.730958ms] ERR:404 body={"strategy":"-android uiautomator","selector":"new UiSelector().descriptionMatches(\"(?is).*\\QThis ...
14:06:52.857943 POST /session/60124aca-76ae-43fb-8ded-f2951486e30c/element [8.483375ms] ERR:404 body={"strategy":"-android uiautomator","selector":"new UiSelector().textContains(\"This never appears\")...
14:06:52.865027 POST /session/60124aca-76ae-43fb-8ded-f2951486e30c/element [7.015208ms] ERR:404 body={"strategy":"-android uiautomator","selector":"new UiSelector().descriptionContains(\"This never app...
14:06:52.873627 POST /session/60124aca-76ae-43fb-8ded-f2951486e30c/element [8.56075ms] ERR:404 body={"strategy":"-android uiautomator","selector":"new UiSelector().textMatches(\"(?is).*\\QThis never a...
14:06:52.880636 POST /session/60124aca-76ae-43fb-8ded-f2951486e30c/element [6.962459ms] ERR:404 body={"strategy":"-android uiautomator","selector":"new UiSelector().descriptionMatches(\"(?is).*\\QThis ...
14:06:52.888798 POST /session/60124aca-76ae-43fb-8ded-f2951486e30c/element [8.124375ms] ERR:404 body={"strategy":"-android uiautomator","selector":"new UiSelector().textContains(\"This never appears\")...
14:06:52.895585 POST /session/60124aca-76ae-43fb-8ded-f2951486e30c/element [6.746208ms] ERR:404 body={"strategy":"-android uiautomator","selector":"new UiSelector().descriptionContains(\"This never app...
14:06:52.904381 POST /session/60124aca-76ae-43fb-8ded-f2951486e30c/element [8.751667ms] ERR:404 body={"strategy":"-android uiautomator","selector":"new UiSelector().textMatches(\"(?is).*\\QThis never a...
14:06:52.913598 POST /session/60124aca-76ae-43fb-8ded-f2951486e30c/element [9.172833ms] ERR:404 body={"strategy":"-android uiautomator","selector":"new UiSelector().descriptionMatches(\"(?is).*\\QThis ...
14:06:52.923952 POST /session/60124aca-76ae-43fb-8ded-f2951486e30c/element [10.317416ms] ERR:404 body={"strategy":"-android uiautomator","selector":"new UiSelector().textContains(\"This never appears\")...
14:06:52.933089 POST /session/60124aca-76ae-43fb-8ded-f2951486e30c/element [9.099833ms] ERR:404 body={"strategy":"-android uiautomator","selector":"new UiSelector().descriptionContains(\"This never app...
14:06:52.943378 POST /session/60124aca-76ae-43fb-8ded-f2951486e30c/element [10.247958ms] ERR:404 body={"strategy":"-android uiautomator","selector":"new UiSelector().textMatches(\"(?is).*\\QThis never a...
14:06:52.952441 POST /session/60124aca-76ae-43fb-8ded-f2951486e30c/element [9.017334ms] ERR:404 body={"strategy":"-android uiautomator","selector":"new UiSelector().descriptionMatches(\"(?is).*\\QThis ...
14:06:52.961642 POST /session/60124aca-76ae-43fb-8ded-f2951486e30c/element [9.160458ms] ERR:404 body={"strategy":"-android uiautomator","selector":"new UiSelector().textContains(\"This never appears\")...
14:06:52.969818 POST /session/60124aca-76ae-43fb-8ded-f2951486e30c/element [8.141375ms] ERR:404 body={"strategy":"-android uiautomator","selector":"new UiSelector().descriptionContains(\"This never app...
14:06:52.977719 POST /session/60124aca-76ae-43fb-8ded-f2951486e30c/element [7.86425ms] ERR:404 body={"strategy":"-android uiautomator","selector":"new UiSelector().textMatches(\"(?is).*\\QThis never a...
14:06:52.985456 POST /session/60124aca-76ae-43fb-8ded-f2951486e30c/element [7.690542ms] ERR:404 body={"strategy":"-android uiautomator","selector":"new UiSelector().descriptionMatches(\"(?is).*\\QThis ...
14:06:52.994180 POST /session/60124aca-76ae-43fb-8ded-f2951486e30c/element [8.69425ms] ERR:404 body={"strategy":"-android uiautomator","selector":"new UiSelector().textContains(\"This never appears\")...
14:06:53.000416 POST /session/60124aca-76ae-43fb-8ded-f2951486e30c/element [6.193667ms] ERR:404 body={"strategy":"-android uiautomator","selector":"new UiSelector().descriptionContains(\"This never app...
14:06:53.010016 POST /session/60124aca-76ae-43fb-8ded-f2951486e30c/element [9.554833ms] ERR:404 body={"strategy":"-android uiautomator","selector":"new UiSelector().textMatches(\"(?is).*\\QThis never a...
14:06:53.015221 POST /session/60124aca-76ae-43fb-8ded-f2951486e30c/element [5.145791ms] ERR:404 body={"strategy":"-android uiautomator","selector":"new UiSelector().descriptionMatches(\"(?is).*\\QThis ...
14:06:53.026959 POST /session/60124aca-76ae-43fb-8ded-f2951486e30c/element [11.685166ms] ERR:404 body={"strategy":"-android uiautomator","selector":"new UiSelector().textContains(\"This never appears\")...
14:06:53.043926 POST /session/60124aca-76ae-43fb-8ded-f2951486e30c/element [16.913709ms] ERR:404 body={"strategy":"-android uiautomator","selector":"new UiSelector().descriptionContains(\"This never app...
14:06:53.054235 POST /session/60124aca-76ae-43fb-8ded-f2951486e30c/element [10.257625ms] ERR:404 body={"strategy":"-android uiautomator","selector":"new UiSelector().textMatches(\"(?is).*\\QThis never a...
14:06:53.069624 POST /session/60124aca-76ae-43fb-8ded-f2951486e30c/element [15.330791ms] ERR:404 body={"strategy":"-android uiautomator","selector":"new UiSelector().descriptionMatches(\"(?is).*\\QThis ...
14:06:53.079584 POST /session/60124aca-76ae-43fb-8ded-f2951486e30c/element [9.911375ms] ERR:404 body={"strategy":"-android uiautomator","selector":"new UiSelector().textContains(\"This never appears\")...
14:06:53.090550 POST /session/60124aca-76ae-43fb-8ded-f2951486e30c/element [10.9225ms] ERR:404 body={"strategy":"-android uiautomator","selector":"new UiSelector().descriptionContains(\"This never app...
14:06:53.098876 POST /session/60124aca-76ae-43fb-8ded-f2951486e30c/element [8.276375ms] ERR:404 body={"strategy":"-android uiautomator","selector":"new UiSelector().textMatches(\"(?is).*\\QThis never a...
14:06:53.108580 POST /session/60124aca-76ae-43fb-8ded-f2951486e30c/element [9.65775ms] ERR:404 body={"strategy":"-android uiautomator","selector":"new UiSelector().descriptionMatches(\"(?is).*\\QThis ...
14:06:53.119316 POST /session/60124aca-76ae-43fb-8ded-f2951486e30c/element [10.683709ms] ERR:404 body={"strategy":"-android uiautomator","selector":"new UiSelector().textContains(\"This never appears\")...
14:06:53.127477 POST /session/60124aca-76ae-43fb-8ded-f2951486e30c/element [8.11125ms] ERR:404 body={"strategy":"-android uiautomator","selector":"new UiSelector().descriptionContains(\"This never app...
14:06:53.139208 POST /session/60124aca-76ae-43fb-8ded-f2951486e30c/element [11.690125ms] ERR:404 body={"strategy":"-android uiautomator","selector":"new UiSelector().textMatches(\"(?is).*\\QThis never a...
14:06:53.146622 POST /session/60124aca-76ae-43fb-8ded-f2951486e30c/element [7.373708ms] ERR:404 body={"strategy":"-android uiautomator","selector":"new UiSelector().descriptionMatches(\"(?is).*\\QThis ...
14:06:53.164081 POST /session/60124aca-76ae-43fb-8ded-f2951486e30c/element [17.410458ms] ERR:404 body={"strategy":"-android uiautomator","selector":"new UiSelector().textContains(\"This never appears\")...
14:06:53.173128 POST /session/60124aca-76ae-43fb-8ded-f2951486e30c/element [8.995333ms] ERR:404 body={"strategy":"-android uiautomator","selector":"new UiSelector().descriptionContains(\"This never app...
14:06:53.181516 POST /session/60124aca-76ae-43fb-8ded-f2951486e30c/element [8.344167ms] ERR:404 body={"strategy":"-android uiautomator","selector":"new UiSelector().textMatches(\"(?is).*\\QThis never a...
14:06:53.188567 POST /session/60124aca-76ae-43fb-8ded-f2951486e30c/element [7.011084ms] ERR:404 body={"strategy":"-android uiautomator","selector":"new UiSelector().descriptionMatches(\"(?is).*\\QThis ...
14:06:53.199574 POST /session/60124aca-76ae-43fb-8ded-f2951486e30c/element [10.968625ms] ERR:404 body={"strategy":"-android uiautomator","selector":"new UiSelector().textContains(\"This never appears\")...
14:06:53.210677 POST /session/60124aca-76ae-43fb-8ded-f2951486e30c/element [11.043625ms] ERR:404 body={"strategy":"-android uiautomator","selector":"new UiSelector().descriptionContains(\"This never app...
14:06:53.220182 POST /session/60124aca-76ae-43fb-8ded-f2951486e30c/element [9.449583ms] ERR:404 body={"strategy":"-android uiautomator","selector":"new UiSelector().textMatches(\"(?is).*\\QThis never a...
14:06:53.230869 POST /session/60124aca-76ae-43fb-8ded-f2951486e30c/element [10.642667ms] ERR:404 body={"strategy":"-android uiautomator","selector":"new UiSelector().descriptionMatches(\"(?is).*\\QThis ...
14:06:53.240135 POST /session/60124aca-76ae-43fb-8ded-f2951486e30c/element [9.20975ms] ERR:404 body={"strategy":"-android uiautomator","selector":"new UiSelector().textContains(\"This never appears\")...
14:06:53.248509 POST /session/60124aca-76ae-43fb-8ded-f2951486e30c/element [8.322708ms] ERR:404 body={"strategy":"-android uiautomator","selector":"new UiSelector().descriptionContains(\"This never app...
14:06:53.261591 POST /session/60124aca-76ae-43fb-8ded-f2951486e30c/element [13.026ms] ERR:404 body={"strategy":"-android uiautomator","selector":"new UiSelector().textMatches(\"(?is).*\\QThis never a...
14:06:53.266452 POST /session/60124aca-76ae-43fb-8ded-f2951486e30c/element [4.807375ms] ERR:404 body={"strategy":"-android uiautomator","selector":"new UiSelector().descriptionMatches(\"(?is).*\\QThis ...
14:06:53.280553 POST /session/60124aca-76ae-43fb-8ded-f2951486e30c/element [14.046833ms] ERR:404 body={"strategy":"-android uiautomator","selector":"new UiSelector().textContains(\"This never appears\")...
14:06:53.290030 POST /session/60124aca-76ae-43fb-8ded-f2951486e30c/element [9.433875ms] ERR:404 body={"strategy":"-android uiautomator","selector":"new UiSelector().descriptionContains(\"This never app...
14:06:53.299761 POST /session/60124aca-76ae-43fb-8ded-f2951486e30c/element [9.694459ms] ERR:404 body={"strategy":"-android uiautomator","selector":"new UiSelector().textMatches(\"(?is).*\\QThis never a...
14:06:53.308184 POST /session/60124aca-76ae-43fb-8ded-f2951486e30c/element [8.382ms] ERR:404 body={"strategy":"-android uiautomator","selector":"new UiSelector().descriptionMatches(\"(?is).*\\QThis ...
14:06:53.315928 POST /session/60124aca-76ae-43fb-8ded-f2951486e30c/element [7.707375ms] ERR:404 body={"strategy":"-android uiautomator","selector":"new UiSelector().textContains(\"This never appears\")...
14:06:53.325292 POST /session/60124aca-76ae-43fb-8ded-f2951486e30c/element [9.3155ms] ERR:404 body={"strategy":"-android uiautomator","selector":"new UiSelector().descriptionContains(\"This never app...
14:06:53.333138 POST /session/60124aca-76ae-43fb-8ded-f2951486e30c/element [7.801042ms] ERR:404 body={"strategy":"-android uiautomator","selector":"new UiSelector().textMatches(\"(?is).*\\QThis never a...
14:06:53.339654 POST /session/60124aca-76ae-43fb-8ded-f2951486e30c/element [6.465167ms] ERR:404 body={"strategy":"-android uiautomator","selector":"new UiSelector().descriptionMatches(\"(?is).*\\QThis ...
14:06:53.349577 POST /session/60124aca-76ae-43fb-8ded-f2951486e30c/element [9.873666ms] ERR:404 body={"strategy":"-android uiautomator","selector":"new UiSelector().textContains(\"This never appears\")...
14:06:53.356759 POST /session/60124aca-76ae-43fb-8ded-f2951486e30c/element [7.134708ms] ERR:404 body={"strategy":"-android uiautomator","selector":"new UiSelector().descriptionContains(\"This never app...
14:06:53.368392 POST /session/60124aca-76ae-43fb-8ded-f2951486e30c/element [11.578416ms] ERR:404 body={"strategy":"-android uiautomator","selector":"new UiSelector().textMatches(\"(?is).*\\QThis never a...
14:06:53.377742 POST /session/60124aca-76ae-43fb-8ded-f2951486e30c/element [9.300375ms] ERR:404 body={"strategy":"-android uiautomator","selector":"new UiSelector().descriptionMatches(\"(?is).*\\QThis ...
14:06:53.386989 POST /session/60124aca-76ae-43fb-8ded-f2951486e30c/element [9.211083ms] ERR:404 body={"strategy":"-android uiautomator","selector":"new UiSelector().textContains(\"This never appears\")...
14:06:53.396921 POST /session/60124aca-76ae-43fb-8ded-f2951486e30c/element [9.89575ms] ERR:404 body={"strategy":"-android uiautomator","selector":"new UiSelector().descriptionContains(\"This never app...
14:06:53.403712 POST /session/60124aca-76ae-43fb-8ded-f2951486e30c/element [6.755167ms] ERR:404 body={"strategy":"-android uiautomator","selector":"new UiSelector().textMatches(\"(?is).*\\QThis never a...
14:06:53.412924 POST /session/60124aca-76ae-43fb-8ded-f2951486e30c/element [9.170709ms] ERR:404 body={"strategy":"-android uiautomator","selector":"new UiSelector().descriptionMatches(\"(?is).*\\QThis ...
14:06:53.420296 POST /session/60124aca-76ae-43fb-8ded-f2951486e30c/element [7.33675ms] ERR:404 body={"strategy":"-android uiautomator","selector":"new UiSelector().textContains(\"This never appears\")...
14:06:53.428145 POST /session/60124aca-76ae-43fb-8ded-f2951486e30c/element [7.8135ms] ERR:404 body={"strategy":"-android uiautomator","selector":"new UiSelector().descriptionContains(\"This never app...
14:06:53.438061 POST /session/60124aca-76ae-43fb-8ded-f2951486e30c/element [9.883958ms] ERR:404 body={"strategy":"-android uiautomator","selector":"new UiSelector().textMatches(\"(?is).*\\QThis never a...
14:06:53.449876 POST /session/60124aca-76ae-43fb-8ded-f2951486e30c/element [11.7695ms] ERR:404 body={"strategy":"-android uiautomator","selector":"new UiSelector().descriptionMatches(\"(?is).*\\QThis ...
14:06:53.458895 POST /session/60124aca-76ae-43fb-8ded-f2951486e30c/element [8.966125ms] ERR:404 body={"strategy":"-android uiautomator","selector":"new UiSelector().textContains(\"This never appears\")...
14:06:53.466760 POST /session/60124aca-76ae-43fb-8ded-f2951486e30c/element [7.810708ms] ERR:404 body={"strategy":"-android uiautomator","selector":"new UiSelector().descriptionContains(\"This never app...
14:06:53.480348 POST /session/60124aca-76ae-43fb-8ded-f2951486e30c/element [13.540625ms] ERR:404 body={"strategy":"-android uiautomator","selector":"new UiSelector().textMatches(\"(?is).*\\QThis never a...
14:06:53.489866 POST /session/60124aca-76ae-43fb-8ded-f2951486e30c/element [9.468791ms] ERR:404 body={"strategy":"-android uiautomator","selector":"new UiSelector().descriptionMatches(\"(?is).*\\QThis ...
14:06:53.504467 POST /session/60124aca-76ae-43fb-8ded-f2951486e30c/element [14.544ms] ERR:404 body={"strategy":"-android uiautomator","selector":"new UiSelector().textContains(\"This never appears\")...
14:06:53.517371 POST /session/60124aca-76ae-43fb-8ded-f2951486e30c/element [12.852542ms] ERR:404 body={"strategy":"-android uiautomator","selector":"new UiSelector().descriptionContains(\"This never app...
14:06:53.524925 POST /session/60124aca-76ae-43fb-8ded-f2951486e30c/element [7.495334ms] ERR:404 body={"strategy":"-android uiautomator","selector":"new UiSelector().textMatches(\"(?is).*\\QThis never a...
14:06:53.533323 POST /session/60124aca-76ae-43fb-8ded-f2951486e30c/element [8.309417ms] ERR:404 body={"strategy":"-android uiautomator","selector":"new UiSelector().descriptionMatches(\"(?is).*\\QThis ...
14:06:53.545708 POST /session/60124aca-76ae-43fb-8ded-f2951486e30c/element [12.329542ms] ERR:404 body={"strategy":"-android uiautomator","selector":"new UiSelector().textContains(\"This never appears\")...
14:06:53.558502 POST /session/60124aca-76ae-43fb-8ded-f2951486e30c/element [12.74475ms] ERR:404 body={"strategy":"-android uiautomator","selector":"new UiSelector().descriptionContains(\"This never app...
14:06:53.564427 POST /session/60124aca-76ae-43fb-8ded-f2951486e30c/element [5.876166ms] ERR:404 body={"strategy":"-android uiautomator","selector":"new UiSelector().textMatches(\"(?is).*\\QThis never a...
14:06:53.570612 POST /session/60124aca-76ae-43fb-8ded-f2951486e30c/element [6.147584ms] ERR:404 body={"strategy":"-android uiautomator","selector":"new UiSelector().descriptionMatches(\"(?is).*\\QThis ...
14:06:53.580196 POST /session/60124aca-76ae-43fb-8ded-f2951486e30c/element [9.540917ms] ERR:404 body={"strategy":"-android uiautomator","selector":"new UiSelector().textContains(\"This never appears\")...
14:06:53.589427 POST /session/60124aca-76ae-43fb-8ded-f2951486e30c/element [9.183792ms] ERR:404 body={"strategy":"-android uiautomator","selector":"new UiSelector().descriptionContains(\"This never app...
14:06:53.599663 POST /session/60124aca-76ae-43fb-8ded-f2951486e30c/element [10.172625ms] ERR:404 body={"strategy":"-android uiautomator","selector":"new UiSelector().textMatches(\"(?is).*\\QThis never a...
14:06:53.612738 POST /session/60124aca-76ae-43fb-8ded-f2951486e30c/element [13.021208ms] ERR:404 body={"strategy":"-android uiautomator","selector":"new UiSelector().descriptionMatches(\"(?is).*\\QThis ...
14:06:53.621021 POST /session/60124aca-76ae-43fb-8ded-f2951486e30c/element [8.232917ms] ERR:404 body={"strategy":"-android uiautomator","selector":"new UiSelector().textContains(\"This never appears\")...
14:06:53.629893 POST /session/60124aca-76ae-43fb-8ded-f2951486e30c/element [8.80875ms] ERR:404 body={"strategy":"-android uiautomator","selector":"new UiSelector().descriptionContains(\"This never app...
14:06:53.638493 POST /session/60124aca-76ae-43fb-8ded-f2951486e30c/element [8.543792ms] ERR:404 body={"strategy":"-android uiautomator","selector":"new UiSelector().textMatches(\"(?is).*\\QThis never a...
14:06:53.651247 POST /session/60124aca-76ae-43fb-8ded-f2951486e30c/element [12.693708ms] ERR:404 body={"strategy":"-android uiautomator","selector":"new UiSelector().descriptionMatches(\"(?is).*\\QThis ...
14:06:53.659439 POST /session/60124aca-76ae-43fb-8ded-f2951486e30c/element [8.129208ms] ERR:404 body={"strategy":"-android uiautomator","selector":"new UiSelector().textContains(\"This never appears\")...
14:06:53.666271 POST /session/60124aca-76ae-43fb-8ded-f2951486e30c/element [6.789125ms] ERR:404 body={"strategy":"-android uiautomator","selector":"new UiSelector().descriptionContains(\"This never app...
14:06:53.674789 POST /session/60124aca-76ae-43fb-8ded-f2951486e30c/element [8.46775ms] ERR:404 body={"strategy":"-android uiautomator","selector":"new UiSelector().textMatches(\"(?is).*\\QThis never a...
14:06:53.681260 POST /session/60124aca-76ae-43fb-8ded-f2951486e30c/element [6.436584ms] ERR:404 body={"strategy":"-android uiautomator","selector":"new UiSelector().descriptionMatches(\"(?is).*\\QThis ...
14:06:53.691480 POST /session/60124aca-76ae-43fb-8ded-f2951486e30c/element [10.186083ms] ERR:404 body={"strategy":"-android uiautomator","selector":"new UiSelector().textContains(\"This never appears\")...
14:06:53.698816 POST /session/60124aca-76ae-43fb-8ded-f2951486e30c/element [7.293334ms] ERR:404 body={"strategy":"-android uiautomator","selector":"new UiSelector().descriptionContains(\"This never app...
14:06:53.708572 POST /session/60124aca-76ae-43fb-8ded-f2951486e30c/element [9.713917ms] ERR:404 body={"strategy":"-android uiautomator","selector":"new UiSelector().textMatches(\"(?is).*\\QThis never a...
14:06:53.717910 POST /session/60124aca-76ae-43fb-8ded-f2951486e30c/element [9.296791ms] ERR:404 body={"strategy":"-android uiautomator","selector":"new UiSelector().descriptionMatches(\"(?is).*\\QThis ...
14:06:53.725685 POST /session/60124aca-76ae-43fb-8ded-f2951486e30c/element [7.727541ms] ERR:404 body={"strategy":"-android uiautomator","selector":"new UiSelector().textContains(\"This never appears\")...
14:06:53.733955 POST /session/60124aca-76ae-43fb-8ded-f2951486e30c/element [8.230375ms] ERR:404 body={"strategy":"-android uiautomator","selector":"new UiSelector().descriptionContains(\"This never app...
14:06:53.740456 POST /session/60124aca-76ae-43fb-8ded-f2951486e30c/element [6.451667ms] ERR:404 body={"strategy":"-android uiautomator","selector":"new UiSelector().textMatches(\"(?is).*\\QThis never a...
14:06:53.748023 POST /session/60124aca-76ae-43fb-8ded-f2951486e30c/element [7.518416ms] ERR:404 body={"strategy":"-android uiautomator","selector":"new UiSelector().descriptionMatches(\"(?is).*\\QThis ...
14:06:53.755401 POST /session/60124aca-76ae-43fb-8ded-f2951486e30c/element [7.340834ms] ERR:404 body={"strategy":"-android uiautomator","selector":"new UiSelector().textContains(\"This never appears\")...
14:06:53.762305 POST /session/60124aca-76ae-43fb-8ded-f2951486e30c/element [6.870958ms] ERR:404 body={"strategy":"-android uiautomator","selector":"new UiSelector().descriptionContains(\"This never app...
14:06:53.771366 POST /session/60124aca-76ae-43fb-8ded-f2951486e30c/element [9.00825ms] ERR:404 body={"strategy":"-android uiautomator","selector":"new UiSelector().textMatches(\"(?is).*\\QThis never a...
14:06:53.782029 POST /session/60124aca-76ae-43fb-8ded-f2951486e30c/element [10.621375ms] ERR:404 body={"strategy":"-android uiautomator","selector":"new UiSelector().descriptionMatches(\"(?is).*\\QThis ...
14:06:53.788966 POST /session/60124aca-76ae-43fb-8ded-f2951486e30c/element [6.895375ms] ERR:404 body={"strategy":"-android uiautomator","selector":"new UiSelector().textContains(\"This never appears\")...
14:06:53.795285 POST /session/60124aca-76ae-43fb-8ded-f2951486e30c/element [6.285459ms] ERR:404 body={"strategy":"-android uiautomator","selector":"new UiSelector().descriptionContains(\"This never app...
14:06:53.801797 POST /session/60124aca-76ae-43fb-8ded-f2951486e30c/element [6.481459ms] ERR:404 body={"strategy":"-android uiautomator","selector":"new UiSelector().textMatches(\"(?is).*\\QThis never a...
14:06:53.809012 POST /session/60124aca-76ae-43fb-8ded-f2951486e30c/element [7.173042ms] ERR:404 body={"strategy":"-android uiautomator","selector":"new UiSelector().descriptionMatches(\"(?is).*\\QThis ...
14:06:53.816274 POST /session/60124aca-76ae-43fb-8ded-f2951486e30c/element [7.218875ms] ERR:404 body={"strategy":"-android uiautomator","selector":"new UiSelector().textContains(\"This never appears\")...
14:06:53.824770 POST /session/60124aca-76ae-43fb-8ded-f2951486e30c/element [8.463625ms] ERR:404 body={"strategy":"-android uiautomator","selector":"new UiSelector().descriptionContains(\"This never app...
14:06:53.832633 POST /session/60124aca-76ae-43fb-8ded-f2951486e30c/element [7.831833ms] ERR:404 body={"strategy":"-android uiautomator","selector":"new UiSelector().textMatches(\"(?is).*\\QThis never a...
14:06:53.839535 POST /session/60124aca-76ae-43fb-8ded-f2951486e30c/element [6.870834ms] ERR:404 body={"strategy":"-android uiautomator","selector":"new UiSelector().descriptionMatches(\"(?is).*\\QThis ...
14:06:53.845710 POST /session/60124aca-76ae-43fb-8ded-f2951486e30c/element [6.141125ms] ERR:404 body={"strategy":"-android uiautomator","selector":"new UiSelector().textContains(\"This never appears\")...
14:06:53.854965 POST /session/60124aca-76ae-43fb-8ded-f2951486e30c/element [9.22ms] ERR:404 body={"strategy":"-android uiautomator","selector":"new UiSelector().descriptionContains(\"This never app...
14:06:53.863560 POST /session/60124aca-76ae-43fb-8ded-f2951486e30c/element [8.553666ms] ERR:404 body={"strategy":"-android uiautomator","selector":"new UiSelector().textMatches(\"(?is).*\\QThis never a...
14:06:53.874897 POST /session/60124aca-76ae-43fb-8ded-f2951486e30c/element [11.300583ms] ERR:404 body={"strategy":"-android uiautomator","selector":"new UiSelector().descriptionMatches(\"(?is).*\\QThis ...
14:06:53.885990 POST /session/60124aca-76ae-43fb-8ded-f2951486e30c/element [11.058209ms] ERR:404 body={"strategy":"-android uiautomator","selector":"new UiSelector().textContains(\"This never appears\")...
14:06:53.896450 POST /session/60124aca-76ae-43fb-8ded-f2951486e30c/element [10.41775ms] ERR:404 body={"strategy":"-android uiautomator","selector":"new UiSelector().descriptionContains(\"This never app...
14:06:53.904220 POST /session/60124aca-76ae-43fb-8ded-f2951486e30c/element [7.7255ms] ERR:404 body={"strategy":"-android uiautomator","selector":"new UiSelector().textMatches(\"(?is).*\\QThis never a...
14:06:53.914587 POST /session/60124aca-76ae-43fb-8ded-f2951486e30c/element [10.326375ms] ERR:404 body={"strategy":"-android uiautomator","selector":"new UiSelector().descriptionMatches(\"(?is).*\\QThis ...
14:06:53.922902 POST /session/60124aca-76ae-43fb-8ded-f2951486e30c/element [8.270708ms] ERR:404 body={"strategy":"-android uiautomator","selector":"new UiSelector().textContains(\"This never appears\")...
14:06:53.930953 POST /session/60124aca-76ae-43fb-8ded-f2951486e30c/element [8.016ms] ERR:404 body={"strategy":"-android uiautomator","selector":"new UiSelector().descriptionContains(\"This never app...
14:06:53.936160 POST /session/60124aca-76ae-43fb-8ded-f2951486e30c/element [5.160667ms] ERR:404 body={"strategy":"-android uiautomator","selector":"new UiSelector().textMatches(\"(?is).*\\QThis never a...
14:06:53.944382 POST /session/60124aca-76ae-43fb-8ded-f2951486e30c/element [8.188042ms] ERR:404 body={"strategy":"-android uiautomator","selector":"new UiSelector().descriptionMatches(\"(?is).*\\QThis ...
14:06:53.954018 POST /session/60124aca-76ae-43fb-8ded-f2951486e30c/element [9.576625ms] ERR:404 body={"strategy":"-android uiautomator","selector":"new UiSelector().textContains(\"This never appears\")...
14:06:53.969003 POST /session/60124aca-76ae-43fb-8ded-f2951486e30c/element [14.936625ms] ERR:404 body={"strategy":"-android uiautomator","selector":"new UiSelector().descriptionContains(\"This never app...
14:06:53.980934 POST /session/60124aca-76ae-43fb-8ded-f2951486e30c/element [11.883625ms] ERR:404 body={"strategy":"-android uiautomator","selector":"new UiSelector().textMatches(\"(?is).*\\QThis never a...
14:06:53.989816 POST /session/60124aca-76ae-43fb-8ded-f2951486e30c/element [8.835125ms] ERR:404 body={"strategy":"-android uiautomator","selector":"new UiSelector().descriptionMatches(\"(?is).*\\QThis ...
14:06:53.999793 POST /session/60124aca-76ae-43fb-8ded-f2951486e30c/element [9.938625ms] ERR:404 body={"strategy":"-android uiautomator","selector":"new UiSelector().textContains(\"This never appears\")...
14:06:54.011041 POST /session/60124aca-76ae-43fb-8ded-f2951486e30c/element [11.213917ms] ERR:404 body={"strategy":"-android uiautomator","selector":"new UiSelector().descriptionContains(\"This never app...
14:06:54.020274 POST /session/60124aca-76ae-43fb-8ded-f2951486e30c/element [9.195417ms] ERR:404 body={"strategy":"-android uiautomator","selector":"new UiSelector().textMatches(\"(?is).*\\QThis never a...
14:06:54.026472 POST /session/60124aca-76ae-43fb-8ded-f2951486e30c/element [6.16375ms] ERR:404 body={"strategy":"-android uiautomator","selector":"new UiSelector().descriptionMatches(\"(?is).*\\QThis ...
14:06:54.037076 POST /session/60124aca-76ae-43fb-8ded-f2951486e30c/element [10.569959ms] ERR:404 body={"strategy":"-android uiautomator","selector":"new UiSelector().textContains(\"This never appears\")...
14:06:54.044593 POST /session/60124aca-76ae-43fb-8ded-f2951486e30c/element [7.477667ms] ERR:404 body={"strategy":"-android uiautomator","selector":"new UiSelector().descriptionContains(\"This never app...
14:06:54.054511 POST /session/60124aca-76ae-43fb-8ded-f2951486e30c/element [9.850375ms] ERR:404 body={"strategy":"-android uiautomator","selector":"new UiSelector().textMatches(\"(?is).*\\QThis never a...
14:06:54.066094 POST /session/60124aca-76ae-43fb-8ded-f2951486e30c/element [11.535416ms] ERR:404 body={"strategy":"-android uiautomator","selector":"new UiSelector().descriptionMatches(\"(?is).*\\QThis ...
14:06:54.077583 POST /session/60124aca-76ae-43fb-8ded-f2951486e30c/element [11.440167ms] ERR:404 body={"strategy":"-android uiautomator","selector":"new UiSelector().textContains(\"This never appears\")...
14:06:54.089554 POST /session/60124aca-76ae-43fb-8ded-f2951486e30c/element [11.918583ms] ERR:404 body={"strategy":"-android uiautomator","selector":"new UiSelector().descriptionContains(\"This never app...
14:06:54.102574 POST /session/60124aca-76ae-43fb-8ded-f2951486e30c/element [12.96975ms] ERR:404 body={"strategy":"-android uiautomator","selector":"new UiSelector().textMatches(\"(?is).*\\QThis never a...
14:06:54.116777 POST /session/60124aca-76ae-43fb-8ded-f2951486e30c/element [14.150292ms] ERR:404 body={"strategy":"-android uiautomator","selector":"new UiSelector().descriptionMatches(\"(?is).*\\QThis ...
14:06:54.128530 POST /session/60124aca-76ae-43fb-8ded-f2951486e30c/element [11.694458ms] ERR:404 body={"strategy":"-android uiautomator","selector":"new UiSelector().textContains(\"This never appears\")...
14:06:54.144322 POST /session/60124aca-76ae-43fb-8ded-f2951486e30c/element [15.74075ms] ERR:404 body={"strategy":"-android uiautomator","selector":"new UiSelector().descriptionContains(\"This never app...
14:06:54.157090 POST /session/60124aca-76ae-43fb-8ded-f2951486e30c/element [12.714916ms] ERR:404 body={"strategy":"-android uiautomator","selector":"new UiSelector().textMatches(\"(?is).*\\QThis never a...
14:06:54.170058 POST /session/60124aca-76ae-43fb-8ded-f2951486e30c/element [12.895208ms] ERR:404 body={"strategy":"-android uiautomator","selector":"new UiSelector().descriptionMatches(\"(?is).*\\QThis ...
14:06:54.183724 POST /session/60124aca-76ae-43fb-8ded-f2951486e30c/element [13.613208ms] ERR:404 body={"strategy":"-android uiautomator","selector":"new UiSelector().textContains(\"This never appears\")...
14:06:54.202114 POST /session/60124aca-76ae-43fb-8ded-f2951486e30c/element [18.334292ms] ERR:404 body={"strategy":"-android uiautomator","selector":"new UiSelector().descriptionContains(\"This never app...
14:06:54.215694 POST /session/60124aca-76ae-43fb-8ded-f2951486e30c/element [13.357375ms] ERR:404 body={"strategy":"-android uiautomator","selector":"new UiSelector().textMatches(\"(?is).*\\QThis never a...
14:06:54.226541 POST /session/60124aca-76ae-43fb-8ded-f2951486e30c/element [10.759584ms] ERR:404 body={"strategy":"-android uiautomator","selector":"new UiSelector().descriptionMatches(\"(?is).*\\QThis ...
14:06:54.250394 POST /session/60124aca-76ae-43fb-8ded-f2951486e30c/element [23.785875ms] ERR:404 body={"strategy":"-android uiautomator","selector":"new UiSelector().textContains(\"This never appears\")...
14:06:54.258582 POST /session/60124aca-76ae-43fb-8ded-f2951486e30c/element [8.096041ms] ERR:404 body={"strategy":"-android uiautomator","selector":"new UiSelector().descriptionContains(\"This never app...
14:06:54.270590 POST /session/60124aca-76ae-43fb-8ded-f2951486e30c/element [11.938542ms] ERR:404 body={"strategy":"-android uiautomator","selector":"new UiSelector().textMatches(\"(?is).*\\QThis never a...
14:06:54.282543 POST /session/60124aca-76ae-43fb-8ded-f2951486e30c/element [11.896666ms] ERR:404 body={"strategy":"-android uiautomator","selector":"new UiSelector().descriptionMatches(\"(?is).*\\QThis ...
14:06:54.296146 POST /session/60124aca-76ae-43fb-8ded-f2951486e30c/element [13.550917ms] ERR:404 body={"strategy":"-android uiautomator","selector":"new UiSelector().textContains(\"This never appears\")...
14:06:54.306768 POST /session/60124aca-76ae-43fb-8ded-f2951486e30c/element [10.571917ms] ERR:404 body={"strategy":"-android uiautomator","selector":"new UiSelector().descriptionContains(\"This never app...
14:06:54.317923 POST /session/60124aca-76ae-43fb-8ded-f2951486e30c/element [11.108625ms] ERR:404 body={"strategy":"-android uiautomator","selector":"new UiSelector().textMatches(\"(?is).*\\QThis never a...
14:06:54.330379 POST /session/60124aca-76ae-43fb-8ded-f2951486e30c/element [12.409083ms] ERR:404 body={"strategy":"-android uiautomator","selector":"new UiSelector().descriptionMatches(\"(?is).*\\QThis ...
14:06:54.346160 POST /session/60124aca-76ae-43fb-8ded-f2951486e30c/element [15.724917ms] ERR:404 body={"strategy":"-android uiautomator","selector":"new UiSelector().textContains(\"This never appears\")...
14:06:54.355792 POST /session/60124aca-76ae-43fb-8ded-f2951486e30c/element [9.576416ms] ERR:404 body={"strategy":"-android uiautomator","selector":"new UiSelector().descriptionContains(\"This never app...
14:06:54.366737 POST /session/60124aca-76ae-43fb-8ded-f2951486e30c/element [10.8885ms] ERR:404 body={"strategy":"-android uiautomator","selector":"new UiSelector().textMatches(\"(?is).*\\QThis never a...
14:06:54.379975 POST /session/60124aca-76ae-43fb-8ded-f2951486e30c/element [13.189334ms] ERR:404 body={"strategy":"-android uiautomator","selector":"new UiSelector().descriptionMatches(\"(?is).*\\QThis ...
14:06:54.390360 POST /session/60124aca-76ae-43fb-8ded-f2951486e30c/element [10.345292ms] ERR:404 body={"strategy":"-android uiautomator","selector":"new UiSelector().textContains(\"This never appears\")...
14:06:54.399427 POST /session/60124aca-76ae-43fb-8ded-f2951486e30c/element [9.021208ms] ERR:404 body={"strategy":"-android uiautomator","selector":"new UiSelector().descriptionContains(\"This never app...
14:06:54.408708 POST /session/60124aca-76ae-43fb-8ded-f2951486e30c/element [9.236666ms] ERR:404 body={"strategy":"-android uiautomator","selector":"new UiSelector().textMatches(\"(?is).*\\QThis never a...
14:06:54.417222 POST /session/60124aca-76ae-43fb-8ded-f2951486e30c/element [8.478875ms] ERR:404 body={"strategy":"-android uiautomator","selector":"new UiSelector().descriptionMatches(\"(?is).*\\QThis ...
14:06:54.425445 POST /session/60124aca-76ae-43fb-8ded-f2951486e30c/element [8.18375ms] ERR:404 body={"strategy":"-android uiautomator","selector":"new UiSelector().textContains(\"This never appears\")...
14:06:54.435392 POST /session/60124aca-76ae-43fb-8ded-f2951486e30c/element [9.902792ms] ERR:404 body={"strategy":"-android uiautomator","selector":"new UiSelector().descriptionContains(\"This never app...
14:06:54.442288 POST /session/60124aca-76ae-43fb-8ded-f2951486e30c/element [6.849125ms] ERR:404 body={"strategy":"-android uiautomator","selector":"new UiSelector().textMatches(\"(?is).*\\QThis never a...
14:06:54.454270 POST /session/60124aca-76ae-43fb-8ded-f2951486e30c/element [11.942291ms] ERR:404 body={"strategy":"-android uiautomator","selector":"new UiSelector().descriptionMatches(\"(?is).*\\QThis ...
14:06:54.463543 POST /session/60124aca-76ae-43fb-8ded-f2951486e30c/element [9.224291ms] ERR:404 body={"strategy":"-android uiautomator","selector":"new UiSelector().textContains(\"This never appears\")...
14:06:54.470545 POST /session/60124aca-76ae-43fb-8ded-f2951486e30c/element [6.966625ms] ERR:404 body={"strategy":"-android uiautomator","selector":"new UiSelector().descriptionContains(\"This never app...
14:06:54.477122 POST /session/60124aca-76ae-43fb-8ded-f2951486e30c/element [6.5385ms] ERR:404 body={"strategy":"-android uiautomator","selector":"new UiSelector().textMatches(\"(?is).*\\QThis never a...
14:06:54.488208 POST /session/60124aca-76ae-43fb-8ded-f2951486e30c/element [11.050583ms] ERR:404 body={"strategy":"-android uiautomator","selector":"new UiSelector().descriptionMatches(\"(?is).*\\QThis ...
14:06:54.500150 POST /session/60124aca-76ae-43fb-8ded-f2951486e30c/element [11.900791ms] ERR:404 body={"strategy":"-android uiautomator","selector":"new UiSelector().textContains(\"This never appears\")...
14:06:54.508448 POST /session/60124aca-76ae-43fb-8ded-f2951486e30c/element [8.259208ms] ERR:404 body={"strategy":"-android uiautomator","selector":"new UiSelector().descriptionContains(\"This never app...
14:06:54.517669 POST /session/60124aca-76ae-43fb-8ded-f2951486e30c/element [9.182834ms] ERR:404 body={"strategy":"-android uiautomator","selector":"new UiSelector().textMatches(\"(?is).*\\QThis never a...
14:06:54.524802 POST /session/60124aca-76ae-43fb-8ded-f2951486e30c/element [7.093125ms] ERR:404 body={"strategy":"-android uiautomator","selector":"new UiSelector().descriptionMatches(\"(?is).*\\QThis ...
14:06:54.533867 POST /session/60124aca-76ae-43fb-8ded-f2951486e30c/element [9.022ms] ERR:404 body={"strategy":"-android uiautomator","selector":"new UiSelector().textContains(\"This never appears\")...
14:06:54.544543 POST /session/60124aca-76ae-43fb-8ded-f2951486e30c/element [10.640375ms] ERR:404 body={"strategy":"-android uiautomator","selector":"new UiSelector().descriptionContains(\"This never app...
14:06:54.552735 POST /session/60124aca-76ae-43fb-8ded-f2951486e30c/element [8.147292ms] ERR:404 body={"strategy":"-android uiautomator","selector":"new UiSelector().textMatches(\"(?is).*\\QThis never a...
14:06:54.562643 POST /session/60124aca-76ae-43fb-8ded-f2951486e30c/element [9.864583ms] ERR:404 body={"strategy":"-android uiautomator","selector":"new UiSelector().descriptionMatches(\"(?is).*\\QThis ...
14:06:54.574069 POST /session/60124aca-76ae-43fb-8ded-f2951486e30c/element [11.386833ms] ERR:404 body={"strategy":"-android uiautomator","selector":"new UiSelector().textContains(\"This never appears\")...
14:06:54.588867 POST /session/60124aca-76ae-43fb-8ded-f2951486e30c/element [14.751833ms] ERR:404 body={"strategy":"-android uiautomator","selector":"new UiSelector().descriptionContains(\"This never app...
14:06:54.597594 POST /session/60124aca-76ae-43fb-8ded-f2951486e30c/element [8.6605ms] ERR:404 body={"strategy":"-android uiautomator","selector":"new UiSelector().textMatches(\"(?is).*\\QThis never a...
14:06:54.608672 POST /session/60124aca-76ae-43fb-8ded-f2951486e30c/element [11.024709ms] ERR:404 body={"strategy":"-android uiautomator","selector":"new UiSelector().descriptionMatches(\"(?is).*\\QThis ...
14:06:54.623487 POST /session/60124aca-76ae-43fb-8ded-f2951486e30c/element [14.77225ms] ERR:404 body={"strategy":"-android uiautomator","selector":"new UiSelector().textContains(\"This never appears\")...
14:06:54.633155 POST /session/60124aca-76ae-43fb-8ded-f2951486e30c/element [9.614666ms] ERR:404 body={"strategy":"-android uiautomator","selector":"new UiSelector().descriptionContains(\"This never app...
14:06:54.640754 POST /session/60124aca-76ae-43fb-8ded-f2951486e30c/element [7.563916ms] ERR:404 body={"strategy":"-android uiautomator","selector":"new UiSelector().textMatches(\"(?is).*\\QThis never a...
14:06:54.648363 POST /session/60124aca-76ae-43fb-8ded-f2951486e30c/element [7.567375ms] ERR:404 body={"strategy":"-android uiautomator","selector":"new UiSelector().descriptionMatches(\"(?is).*\\QThis ...
14:06:54.654783 POST /session/60124aca-76ae-43fb-8ded-f2951486e30c/element [6.362459ms] ERR:404 body={"strategy":"-android uiautomator","selector":"new UiSelector().textContains(\"This never appears\")...
14:06:54.662138 POST /session/60124aca-76ae-43fb-8ded-f2951486e30c/element [7.321625ms] ERR:404 body={"strategy":"-android uiautomator","selector":"new UiSelector().descriptionContains(\"This never app...
14:06:54.668431 POST /session/60124aca-76ae-43fb-8ded-f2951486e30c/element [6.263083ms] ERR:404 body={"strategy":"-android uiautomator","selector":"new UiSelector().textMatches(\"(?is).*\\QThis never a...
14:06:54.674951 POST /session/60124aca-76ae-43fb-8ded-f2951486e30c/element [6.486958ms] ERR:404 body={"strategy":"-android uiautomator","selector":"new UiSelector().descriptionMatches(\"(?is).*\\QThis ...
14:06:54.680916 POST /session/60124aca-76ae-43fb-8ded-f2951486e30c/element [5.917375ms] ERR:404 body={"strategy":"-android uiautomator","selector":"new UiSelector().textContains(\"This never appears\")...
14:06:54.688705 POST /session/60124aca-76ae-43fb-8ded-f2951486e30c/element [7.751375ms] ERR:404 body={"strategy":"-android uiautomator","selector":"new UiSelector().descriptionContains(\"This never app...
14:06:54.694146 POST /session/60124aca-76ae-43fb-8ded-f2951486e30c/element [5.403166ms] ERR:404 body={"strategy":"-android uiautomator","selector":"new UiSelector().textMatches(\"(?is).*\\QThis never a...
14:06:54.702479 POST /session/60124aca-76ae-43fb-8ded-f2951486e30c/element [8.302792ms] ERR:404 body={"strategy":"-android uiautomator","selector":"new UiSelector().descriptionMatches(\"(?is).*\\QThis ...
14:06:54.712631 POST /session/60124aca-76ae-43fb-8ded-f2951486e30c/element [10.11475ms] ERR:404 body={"strategy":"-android uiautomator","selector":"new UiSelector().textContains(\"This never appears\")...
14:06:54.728009 POST /session/60124aca-76ae-43fb-8ded-f2951486e30c/element [15.322375ms] ERR:404 body={"strategy":"-android uiautomator","selector":"new UiSelector().descriptionContains(\"This never app...
14:06:54.736238 POST /session/60124aca-76ae-43fb-8ded-f2951486e30c/element [8.178209ms] ERR:404 body={"strategy":"-android uiautomator","selector":"new UiSelector().textMatches(\"(?is).*\\QThis never a...
14:06:54.744859 POST /session/60124aca-76ae-43fb-8ded-f2951486e30c/element [8.568709ms] ERR:404 body={"strategy":"-android uiautomator","selector":"new UiSelector().descriptionMatches(\"(?is).*\\QThis ...
14:06:54.755525 POST /session/60124aca-76ae-43fb-8ded-f2951486e30c/element [10.619209ms] ERR:404 body={"strategy":"-android uiautomator","selector":"new UiSelector().textContains(\"This never appears\")...
14:06:54.764718 POST /session/60124aca-76ae-43fb-8ded-f2951486e30c/element [9.131042ms] ERR:404 body={"strategy":"-android uiautomator","selector":"new UiSelector().descriptionContains(\"This never app...
14:06:54.774413 POST /session/60124aca-76ae-43fb-8ded-f2951486e30c/element [9.63325ms] ERR:404 body={"strategy":"-android uiautomator","selector":"new UiSelector().textMatches(\"(?is).*\\QThis never a...
14:06:54.779275 POST /session/60124aca-76ae-43fb-8ded-f2951486e30c/element [4.809167ms] ERR:404 body={"strategy":"-android uiautomator","selector":"new UiSelector().descriptionMatches(\"(?is).*\\QThis ...
14:06:54.785497 POST /session/60124aca-76ae-43fb-8ded-f2951486e30c/element [6.175208ms] ERR:404 body={"strategy":"-android uiautomator","selector":"new UiSelector().textContains(\"This never appears\")...
14:06:54.797936 POST /session/60124aca-76ae-43fb-8ded-f2951486e30c/element [12.387083ms] ERR:404 body={"strategy":"-android uiautomator","selector":"new UiSelector().descriptionContains(\"This never app...
14:06:54.807536 POST /session/60124aca-76ae-43fb-8ded-f2951486e30c/element [9.5625ms] ERR:404 body={"strategy":"-android uiautomator","selector":"new UiSelector().textMatches(\"(?is).*\\QThis never a...
14:06:54.815418 POST /session/60124aca-76ae-43fb-8ded-f2951486e30c/element [7.84625ms] ERR:404 body={"strategy":"-android uiautomator","selector":"new UiSelector().descriptionMatches(\"(?is).*\\QThis ...
14:06:54.820921 POST /session/60124aca-76ae-43fb-8ded-f2951486e30c/element [5.454416ms] ERR:404 body={"strategy":"-android uiautomator","selector":"new UiSelector().textContains(\"This never appears\")...
14:06:54.831211 POST /session/60124aca-76ae-43fb-8ded-f2951486e30c/element [10.242667ms] ERR:404 body={"strategy":"-android uiautomator","selector":"new UiSelector().descriptionContains(\"This never app...
14:06:54.842682 POST /session/60124aca-76ae-43fb-8ded-f2951486e30c/element [11.411292ms] ERR:404 body={"strategy":"-android uiautomator","selector":"new UiSelector().textMatches(\"(?is).*\\QThis never a...
14:06:54.850802 POST /session/60124aca-76ae-43fb-8ded-f2951486e30c/element [8.067916ms] ERR:404 body={"strategy":"-android uiautomator","selector":"new UiSelector().descriptionMatches(\"(?is).*\\QThis ...
14:06:54.861309 POST /session/60124aca-76ae-43fb-8ded-f2951486e30c/element [10.447792ms] ERR:404 body={"strategy":"-android uiautomator","selector":"new UiSelector().textContains(\"This never appears\")...
14:06:54.868311 POST /session/60124aca-76ae-43fb-8ded-f2951486e30c/element [6.95825ms] ERR:404 body={"strategy":"-android uiautomator","selector":"new UiSelector().descriptionContains(\"This never app...
14:06:54.875331 POST /session/60124aca-76ae-43fb-8ded-f2951486e30c/element [6.98175ms] ERR:404 body={"strategy":"-android uiautomator","selector":"new UiSelector().textMatches(\"(?is).*\\QThis never a...
14:06:54.882929 POST /session/60124aca-76ae-43fb-8ded-f2951486e30c/element [7.550833ms] ERR:404 body={"strategy":"-android uiautomator","selector":"new UiSelector().descriptionMatches(\"(?is).*\\QThis ...
14:06:54.892225 POST /session/60124aca-76ae-43fb-8ded-f2951486e30c/element [9.2325ms] ERR:404 body={"strategy":"-android uiautomator","selector":"new UiSelector().textContains(\"This never appears\")...
14:06:54.900011 POST /session/60124aca-76ae-43fb-8ded-f2951486e30c/element [7.741ms] ERR:404 body={"strategy":"-android uiautomator","selector":"new UiSelector().descriptionContains(\"This never app...
14:06:54.911645 POST /session/60124aca-76ae-43fb-8ded-f2951486e30c/element [11.586958ms] ERR:404 body={"strategy":"-android uiautomator","selector":"new UiSelector().textMatches(\"(?is).*\\QThis never a...
14:06:54.919804 POST /session/60124aca-76ae-43fb-8ded-f2951486e30c/element [8.111083ms] ERR:404 body={"strategy":"-android uiautomator","selector":"new UiSelector().descriptionMatches(\"(?is).*\\QThis ...
14:06:54.928818 POST /session/60124aca-76ae-43fb-8ded-f2951486e30c/element [8.959666ms] ERR:404 body={"strategy":"-android uiautomator","selector":"new UiSelector().textContains(\"This never appears\")...
14:06:54.939003 POST /session/60124aca-76ae-43fb-8ded-f2951486e30c/element [10.137666ms] ERR:404 body={"strategy":"-android uiautomator","selector":"new UiSelector().descriptionContains(\"This never app...
14:06:54.951259 POST /session/60124aca-76ae-43fb-8ded-f2951486e30c/element [12.203167ms] ERR:404 body={"strategy":"-android uiautomator","selector":"new UiSelector().textMatches(\"(?is).*\\QThis never a...
14:06:54.962838 POST /session/60124aca-76ae-43fb-8ded-f2951486e30c/element [11.506833ms] ERR:404 body={"strategy":"-android uiautomator","selector":"new UiSelector().descriptionMatches(\"(?is).*\\QThis ...
14:06:54.973836 POST /session/60124aca-76ae-43fb-8ded-f2951486e30c/element [10.93725ms] ERR:404 body={"strategy":"-android uiautomator","selector":"new UiSelector().textContains(\"This never appears\")...
14:06:54.981721 POST /session/60124aca-76ae-43fb-8ded-f2951486e30c/element [7.828792ms] ERR:404 body={"strategy":"-android uiautomator","selector":"new UiSelector().descriptionContains(\"This never app...
14:06:54.990405 POST /session/60124aca-76ae-43fb-8ded-f2951486e30c/element [8.597166ms] ERR:404 body={"strategy":"-android uiautomator","selector":"new UiSelector().textMatches(\"(?is).*\\QThis never a...
14:06:55.001757 POST /session/60124aca-76ae-43fb-8ded-f2951486e30c/element [11.303042ms] ERR:404 body={"strategy":"-android uiautomator","selector":"new UiSelector().descriptionMatches(\"(?is).*\\QThis ...
14:06:55.011600 POST /session/60124aca-76ae-43fb-8ded-f2951486e30c/element [9.792ms] ERR:404 body={"strategy":"-android uiautomator","selector":"new UiSelector().textContains(\"This never appears\")...
14:06:55.021316 POST /session/60124aca-76ae-43fb-8ded-f2951486e30c/element [9.667791ms] ERR:404 body={"strategy":"-android uiautomator","selector":"new UiSelector().descriptionContains(\"This never app...
14:06:55.030971 POST /session/60124aca-76ae-43fb-8ded-f2951486e30c/element [9.604916ms] ERR:404 body={"strategy":"-android uiautomator","selector":"new UiSelector().textMatches(\"(?is).*\\QThis never a...
14:06:55.043973 POST /session/60124aca-76ae-43fb-8ded-f2951486e30c/element [12.953125ms] ERR:404 body={"strategy":"-android uiautomator","selector":"new UiSelector().descriptionMatches(\"(?is).*\\QThis ...
14:06:55.057665 POST /session/60124aca-76ae-43fb-8ded-f2951486e30c/element [13.644042ms] ERR:404 body={"strategy":"-android uiautomator","selector":"new UiSelector().textContains(\"This never appears\")...
14:06:55.068514 POST /session/60124aca-76ae-43fb-8ded-f2951486e30c/element [10.802166ms] ERR:404 body={"strategy":"-android uiautomator","selector":"new UiSelector().descriptionContains(\"This never app...
14:06:55.077682 POST /session/60124aca-76ae-43fb-8ded-f2951486e30c/element [9.119833ms] ERR:404 body={"strategy":"-android uiautomator","selector":"new UiSelector().textMatches(\"(?is).*\\QThis never a...
14:06:55.081684 POST /session/60124aca-76ae-43fb-8ded-f2951486e30c/element [3.966167ms] ERR:404 body={"strategy":"-android uiautomator","selector":"new UiSelector().descriptionMatches(\"(?is).*\\QThis ...
14:06:55.090264 POST /session/60124aca-76ae-43fb-8ded-f2951486e30c/element [8.543ms] ERR:404 body={"strategy":"-android uiautomator","selector":"new UiSelector().textContains(\"This never appears\")...
14:06:55.098341 POST /session/60124aca-76ae-43fb-8ded-f2951486e30c/element [7.857625ms] ERR:404 body={"strategy":"-android uiautomator","selector":"new UiSelector().descriptionContains(\"This never app...
14:06:55.110435 POST /session/60124aca-76ae-43fb-8ded-f2951486e30c/element [12.037333ms] ERR:404 body={"strategy":"-android uiautomator","selector":"new UiSelector().textMatches(\"(?is).*\\QThis never a...
14:06:55.119897 POST /session/60124aca-76ae-43fb-8ded-f2951486e30c/element [9.41675ms] ERR:404 body={"strategy":"-android uiautomator","selector":"new UiSelector().descriptionMatches(\"(?is).*\\QThis ...
14:06:55.126957 POST /session/60124aca-76ae-43fb-8ded-f2951486e30c/element [7.020708ms] ERR:404 body={"strategy":"-android uiautomator","selector":"new UiSelector().textContains(\"This never appears\")...
14:06:55.137727 POST /session/60124aca-76ae-43fb-8ded-f2951486e30c/element [10.737375ms] ERR:404 body={"strategy":"-android uiautomator","selector":"new UiSelector().descriptionContains(\"This never app...
14:06:55.146516 POST /session/60124aca-76ae-43fb-8ded-f2951486e30c/element [8.745708ms] ERR:404 body={"strategy":"-android uiautomator","selector":"new UiSelector().textMatches(\"(?is).*\\QThis never a...
14:06:55.157119 POST /session/60124aca-76ae-43fb-8ded-f2951486e30c/element [10.543917ms] ERR:404 body={"strategy":"-android uiautomator","selector":"new UiSelector().descriptionMatches(\"(?is).*\\QThis ...
14:06:55.166014 POST /session/60124aca-76ae-43fb-8ded-f2951486e30c/element [8.851542ms] ERR:404 body={"strategy":"-android uiautomator","selector":"new UiSelector().textContains(\"This never appears\")...
14:06:55.174575 POST /session/60124aca-76ae-43fb-8ded-f2951486e30c/element [8.515416ms] ERR:404 body={"strategy":"-android uiautomator","selector":"new UiSelector().descriptionContains(\"This never app...
14:06:55.188203 POST /session/60124aca-76ae-43fb-8ded-f2951486e30c/element [13.581041ms] ERR:404 body={"strategy":"-android uiautomator","selector":"new UiSelector().textMatches(\"(?is).*\\QThis never a...
14:06:55.201592 POST /session/60124aca-76ae-43fb-8ded-f2951486e30c/element [13.33625ms] ERR:404 body={"strategy":"-android uiautomator","selector":"new UiSelector().descriptionMatches(\"(?is).*\\QThis ...
14:06:55.212711 POST /session/60124aca-76ae-43fb-8ded-f2951486e30c/element [11.065417ms] ERR:404 body={"strategy":"-android uiautomator","selector":"new UiSelector().textContains(\"This never appears\")...
14:06:55.226130 POST /session/60124aca-76ae-43fb-8ded-f2951486e30c/element [13.373083ms] ERR:404 body={"strategy":"-android uiautomator","selector":"new UiSelector().descriptionContains(\"This never app...
14:06:55.236779 POST /session/60124aca-76ae-43fb-8ded-f2951486e30c/element [10.609541ms] ERR:404 body={"strategy":"-android uiautomator","selector":"new UiSelector().textMatches(\"(?is).*\\QThis never a...
14:06:55.244109 POST /session/60124aca-76ae-43fb-8ded-f2951486e30c/element [7.282125ms] ERR:404 body={"strategy":"-android uiautomator","selector":"new UiSelector().descriptionMatches(\"(?is).*\\QThis ...
14:06:55.260603 POST /session/60124aca-76ae-43fb-8ded-f2951486e30c/element [16.452583ms] ERR:404 body={"strategy":"-android uiautomator","selector":"new UiSelector().textContains(\"This never appears\")...
14:06:55.271176 POST /session/60124aca-76ae-43fb-8ded-f2951486e30c/element [10.522042ms] ERR:404 body={"strategy":"-android uiautomator","selector":"new UiSelector().descriptionContains(\"This never app...
14:06:55.280605 POST /session/60124aca-76ae-43fb-8ded-f2951486e30c/element [9.384333ms] ERR:404 body={"strategy":"-android uiautomator","selector":"new UiSelector().textMatches(\"(?is).*\\QThis never a...
14:06:55.292135 POST /session/60124aca-76ae-43fb-8ded-f2951486e30c/element [11.486417ms] ERR:404 body={"strategy":"-android uiautomator","selector":"new UiSelector().descriptionMatches(\"(?is).*\\QThis ...
14:06:55.301430 POST /session/60124aca-76ae-43fb-8ded-f2951486e30c/element [9.2415ms] ERR:404 body={"strategy":"-android uiautomator","selector":"new UiSelector().textContains(\"This never appears\")...
14:06:55.309332 POST /session/60124aca-76ae-43fb-8ded-f2951486e30c/element [7.859292ms] ERR:404 body={"strategy":"-android uiautomator","selector":"new UiSelector().descriptionContains(\"This never app...
14:06:55.321292 POST /session/60124aca-76ae-43fb-8ded-f2951486e30c/element [11.915125ms] ERR:404 body={"strategy":"-android uiautomator","selector":"new UiSelector().textMatches(\"(?is).*\\QThis never a...
14:06:55.331665 POST /session/60124aca-76ae-43fb-8ded-f2951486e30c/element [10.333666ms] ERR:404 body={"strategy":"-android uiautomator","selector":"new UiSelector().descriptionMatches(\"(?is).*\\QThis ...
14:06:55.338350 POST /session/60124aca-76ae-43fb-8ded-f2951486e30c/element [6.638334ms] ERR:404 body={"strategy":"-android uiautomator","selector":"new UiSelector().textContains(\"This never appears\")...
14:06:55.345909 POST /session/60124aca-76ae-43fb-8ded-f2951486e30c/element [7.523292ms] ERR:404 body={"strategy":"-android uiautomator","selector":"new UiSelector().descriptionContains(\"This never app...
14:06:55.356416 POST /session/60124aca-76ae-43fb-8ded-f2951486e30c/element [10.466708ms] ERR:404 body={"strategy":"-android uiautomator","selector":"new UiSelector().textMatches(\"(?is).*\\QThis never a...
14:06:55.365884 POST /session/60124aca-76ae-43fb-8ded-f2951486e30c/element [9.41875ms] ERR:404 body={"strategy":"-android uiautomator","selector":"new UiSelector().descriptionMatches(\"(?is).*\\QThis ...
14:06:55.376722 POST /session/60124aca-76ae-43fb-8ded-f2951486e30c/element [10.791833ms] ERR:404 body={"strategy":"-android uiautomator","selector":"new UiSelector().textContains(\"This never appears\")...
14:06:55.386379 POST /session/60124aca-76ae-43fb-8ded-f2951486e30c/element [9.611209ms] ERR:404 body={"strategy":"-android uiautomator","selector":"new UiSelector().descriptionContains(\"This never app...
14:06:55.398154 POST /session/60124aca-76ae-43fb-8ded-f2951486e30c/element [11.732958ms] ERR:404 body={"strategy":"-android uiautomator","selector":"new UiSelector().textMatches(\"(?is).*\\QThis never a...
14:06:55.406403 POST /session/60124aca-76ae-43fb-8ded-f2951486e30c/element [8.208084ms] ERR:404 body={"strategy":"-android uiautomator","selector":"new UiSelector().descriptionMatches(\"(?is).*\\QThis ...
14:06:55.412897 POST /session/60124aca-76ae-43fb-8ded-f2951486e30c/element [6.460333ms] ERR:404 body={"strategy":"-android uiautomator","selector":"new UiSelector().textContains(\"This never appears\")...
14:06:55.420664 POST /session/60124aca-76ae-43fb-8ded-f2951486e30c/element [7.73575ms] ERR:404 body={"strategy":"-android uiautomator","selector":"new UiSelector().descriptionContains(\"This never app...
14:06:55.432246 POST /session/60124aca-76ae-43fb-8ded-f2951486e30c/element [11.545667ms] ERR:404 body={"strategy":"-android uiautomator","selector":"new UiSelector().textMatches(\"(?is).*\\QThis never a...
14:06:55.444858 POST /session/60124aca-76ae-43fb-8ded-f2951486e30c/element [12.568ms] ERR:404 body={"strategy":"-android uiautomator","selector":"new UiSelector().descriptionMatches(\"(?is).*\\QThis ...
14:06:55.453486 POST /session/60124aca-76ae-43fb-8ded-f2951486e30c/element [8.586667ms] ERR:404 body={"strategy":"-android uiautomator","selector":"new UiSelector().textContains(\"This never appears\")...
14:06:55.463598 POST /session/60124aca-76ae-43fb-8ded-f2951486e30c/element [10.068542ms] ERR:404 body={"strategy":"-android uiautomator","selector":"new UiSelector().descriptionContains(\"This never app...
14:06:55.472616 POST /session/60124aca-76ae-43fb-8ded-f2951486e30c/element [8.9705ms] ERR:404 body={"strategy":"-android uiautomator","selector":"new UiSelector().textMatches(\"(?is).*\\QThis never a...
14:06:55.483151 POST /session/60124aca-76ae-43fb-8ded-f2951486e30c/element [10.488833ms] ERR:404 body={"strategy":"-android uiautomator","selector":"new UiSelector().descriptionMatches(\"(?is).*\\QThis ...
14:06:55.496578 POST /session/60124aca-76ae-43fb-8ded-f2951486e30c/element [13.3825ms] ERR:404 body={"strategy":"-android uiautomator","selector":"new UiSelector().textContains(\"This never appears\")...
14:06:55.505065 POST /session/60124aca-76ae-43fb-8ded-f2951486e30c/element [8.439125ms] ERR:404 body={"strategy":"-android uiautomator","selector":"new UiSelector().descriptionContains(\"This never app...
14:06:55.512555 POST /session/60124aca-76ae-43fb-8ded-f2951486e30c/element [7.445833ms] ERR:404 body={"strategy":"-android uiautomator","selector":"new UiSelector().textMatches(\"(?is).*\\QThis never a...
14:06:55.524736 POST /session/60124aca-76ae-43fb-8ded-f2951486e30c/element [12.146166ms] ERR:404 body={"strategy":"-android uiautomator","selector":"new UiSelector().descriptionMatches(\"(?is).*\\QThis ...
14:06:55.535235 POST /session/60124aca-76ae-43fb-8ded-f2951486e30c/element [10.449125ms] ERR:404 body={"strategy":"-android uiautomator","selector":"new UiSelector().textContains(\"This never appears\")...
14:06:55.547014 POST /session/60124aca-76ae-43fb-8ded-f2951486e30c/element [11.71775ms] ERR:404 body={"strategy":"-android uiautomator","selector":"new UiSelector().descriptionContains(\"This never app...
14:06:55.558813 POST /session/60124aca-76ae-43fb-8ded-f2951486e30c/element [11.749625ms] ERR:404 body={"strategy":"-android uiautomator","selector":"new UiSelector().textMatches(\"(?is).*\\QThis never a...
14:06:55.568826 POST /session/60124aca-76ae-43fb-8ded-f2951486e30c/element [9.955333ms] ERR:404 body={"strategy":"-android uiautomator","selector":"new UiSelector().descriptionMatches(\"(?is).*\\QThis ...
14:06:55.580504 POST /session/60124aca-76ae-43fb-8ded-f2951486e30c/element [11.630583ms] ERR:404 body={"strategy":"-android uiautomator","selector":"new UiSelector().textContains(\"This never appears\")...
14:06:55.588253 POST /session/60124aca-76ae-43fb-8ded-f2951486e30c/element [7.708083ms] ERR:404 body={"strategy":"-android uiautomator","selector":"new UiSelector().descriptionContains(\"This never app...
14:06:55.606264 POST /session/60124aca-76ae-43fb-8ded-f2951486e30c/element [17.969666ms] ERR:404 body={"strategy":"-android uiautomator","selector":"new UiSelector().textMatches(\"(?is).*\\QThis never a...
14:06:55.615969 POST /session/60124aca-76ae-43fb-8ded-f2951486e30c/element [9.649792ms] ERR:404 body={"strategy":"-android uiautomator","selector":"new UiSelector().descriptionMatches(\"(?is).*\\QThis ...
14:06:55.623289 POST /session/60124aca-76ae-43fb-8ded-f2951486e30c/element [7.282ms] ERR:404 body={"strategy":"-android uiautomator","selector":"new UiSelector().textContains(\"This never appears\")...
14:06:55.631223 POST /session/60124aca-76ae-43fb-8ded-f2951486e30c/element [7.89825ms] ERR:404 body={"strategy":"-android uiautomator","selector":"new UiSelector().descriptionContains(\"This never app...
14:06:55.639582 POST /session/60124aca-76ae-43fb-8ded-f2951486e30c/element [8.321334ms] ERR:404 body={"strategy":"-android uiautomator","selector":"new UiSelector().textMatches(\"(?is).*\\QThis never a...
14:06:55.645969 POST /session/60124aca-76ae-43fb-8ded-f2951486e30c/element [6.343167ms] ERR:404 body={"strategy":"-android uiautomator","selector":"new UiSelector().descriptionMatches(\"(?is).*\\QThis ...
14:06:55.650317 POST /session/60124aca-76ae-43fb-8ded-f2951486e30c/element [4.316042ms] ERR:404 body={"strategy":"-android uiautomator","selector":"new UiSelector().textContains(\"This never appears\")...
14:06:55.658793 POST /session/60124aca-76ae-43fb-8ded-f2951486e30c/element [8.440459ms] ERR:404 body={"strategy":"-android uiautomator","selector":"new UiSelector().descriptionContains(\"This never app...
14:06:55.669335 POST /session/60124aca-76ae-43fb-8ded-f2951486e30c/element [10.495958ms] ERR:404 body={"strategy":"-android uiautomator","selector":"new UiSelector().textMatches(\"(?is).*\\QThis never a...
14:06:55.678228 POST /session/60124aca-76ae-43fb-8ded-f2951486e30c/element [8.852083ms] ERR:404 body={"strategy":"-android uiautomator","selector":"new UiSelector().descriptionMatches(\"(?is).*\\QThis ...
14:06:55.687011 POST /session/60124aca-76ae-43fb-8ded-f2951486e30c/element [8.726208ms] ERR:404 body={"strategy":"-android uiautomator","selector":"new UiSelector().textContains(\"This never appears\")...
14:06:55.697173 POST /session/60124aca-76ae-43fb-8ded-f2951486e30c/element [10.108125ms] ERR:404 body={"strategy":"-android uiautomator","selector":"new UiSelector().descriptionContains(\"This never app...
14:06:55.706704 POST /session/60124aca-76ae-43fb-8ded-f2951486e30c/element [9.48775ms] ERR:404 body={"strategy":"-android uiautomator","selector":"new UiSelector().textMatches(\"(?is).*\\QThis never a...
14:06:55.718073 POST /session/60124aca-76ae-43fb-8ded-f2951486e30c/element [11.302625ms] ERR:404 body={"strategy":"-android uiautomator","selector":"new UiSelector().descriptionMatches(\"(?is).*\\QThis ...
14:06:55.731881 POST /session/60124aca-76ae-43fb-8ded-f2951486e30c/element [13.766417ms] ERR:404 body={"strategy":"-android uiautomator","selector":"new UiSelector().textContains(\"This never appears\")...
14:06:55.742436 POST /session/60124aca-76ae-43fb-8ded-f2951486e30c/element [10.492875ms] ERR:404 body={"strategy":"-android uiautomator","selector":"new UiSelector().descriptionContains(\"This never app...
14:06:55.752089 POST /session/60124aca-76ae-43fb-8ded-f2951486e30c/element [9.6005ms] ERR:404 body={"strategy":"-android uiautomator","selector":"new UiSelector().textMatches(\"(?is).*\\QThis never a...
14:06:55.758343 POST /session/60124aca-76ae-43fb-8ded-f2951486e30c/element [6.206ms] ERR:404 body={"strategy":"-android uiautomator","selector":"new UiSelector().descriptionMatches(\"(?is).*\\QThis ...
14:06:55.767929 POST /session/60124aca-76ae-43fb-8ded-f2951486e30c/element [9.547084ms] ERR:404 body={"strategy":"-android uiautomator","selector":"new UiSelector().textContains(\"This never appears\")...
14:06:55.775371 POST /session/60124aca-76ae-43fb-8ded-f2951486e30c/element [7.402042ms] ERR:404 body={"strategy":"-android uiautomator","selector":"new UiSelector().descriptionContains(\"This never app...
14:06:55.782870 POST /session/60124aca-76ae-43fb-8ded-f2951486e30c/element [7.463375ms] ERR:404 body={"strategy":"-android uiautomator","selector":"new UiSelector().textMatches(\"(?is).*\\QThis never a...
14:06:55.790251 POST /session/60124aca-76ae-43fb-8ded-f2951486e30c/element [7.348959ms] ERR:404 body={"strategy":"-android uiautomator","selector":"new UiSelector().descriptionMatches(\"(?is).*\\QThis ...
14:06:55.796878 POST /session/60124aca-76ae-43fb-8ded-f2951486e30c/element [6.582ms] ERR:404 body={"strategy":"-android uiautomator","selector":"new UiSelector().textContains(\"This never appears\")...
14:06:55.802227 POST /session/60124aca-76ae-43fb-8ded-f2951486e30c/element [5.3135ms] ERR:404 body={"strategy":"-android uiautomator","selector":"new UiSelector().descriptionContains(\"This never app...
14:06:55.810942 POST /session/60124aca-76ae-43fb-8ded-f2951486e30c/element [8.675917ms] ERR:404 body={"strategy":"-android uiautomator","selector":"new UiSelector().textMatches(\"(?is).*\\QThis never a...
14:06:55.816447 POST /session/60124aca-76ae-43fb-8ded-f2951486e30c/element [5.46625ms] ERR:404 body={"strategy":"-android uiautomator","selector":"new UiSelector().descriptionMatches(\"(?is).*\\QThis ...
14:06:55.824015 POST /session/60124aca-76ae-43fb-8ded-f2951486e30c/element [7.529167ms] ERR:404 body={"strategy":"-android uiautomator","selector":"new UiSelector().textContains(\"This never appears\")...
14:06:55.833052 POST /session/60124aca-76ae-43fb-8ded-f2951486e30c/element [9.001792ms] ERR:404 body={"strategy":"-android uiautomator","selector":"new UiSelector().descriptionContains(\"This never app...
14:06:55.838727 POST /session/60124aca-76ae-43fb-8ded-f2951486e30c/element [5.644042ms] ERR:404 body={"strategy":"-android uiautomator","selector":"new UiSelector().textMatches(\"(?is).*\\QThis never a...
14:06:55.849781 POST /session/60124aca-76ae-43fb-8ded-f2951486e30c/element [11.006083ms] ERR:404 body={"strategy":"-android uiautomator","selector":"new UiSelector().descriptionMatches(\"(?is).*\\QThis ...
14:06:55.859445 POST /session/60124aca-76ae-43fb-8ded-f2951486e30c/element [9.610583ms] ERR:404 body={"strategy":"-android uiautomator","selector":"new UiSelector().textContains(\"This never appears\")...
14:06:55.870178 POST /session/60124aca-76ae-43fb-8ded-f2951486e30c/element [10.690667ms] ERR:404 body={"strategy":"-android uiautomator","selector":"new UiSelector().descriptionContains(\"This never app...
14:06:55.879820 POST /session/60124aca-76ae-43fb-8ded-f2951486e30c/element [9.597583ms] ERR:404 body={"strategy":"-android uiautomator","selector":"new UiSelector().textMatches(\"(?is).*\\QThis never a...
14:06:55.886231 POST /session/60124aca-76ae-43fb-8ded-f2951486e30c/element [6.37425ms] ERR:404 body={"strategy":"-android uiautomator","selector":"new UiSelector().descriptionMatches(\"(?is).*\\QThis ...
14:06:55.893378 POST /session/60124aca-76ae-43fb-8ded-f2951486e30c/element [7.106042ms] ERR:404 body={"strategy":"-android uiautomator","selector":"new UiSelector().textContains(\"This never appears\")...
14:06:55.901435 POST /session/60124aca-76ae-43fb-8ded-f2951486e30c/element [8.003ms] ERR:404 body={"strategy":"-android uiautomator","selector":"new UiSelector().descriptionContains(\"This never app...
14:06:55.907696 POST /session/60124aca-76ae-43fb-8ded-f2951486e30c/element [6.215791ms] ERR:404 body={"strategy":"-android uiautomator","selector":"new UiSelector().textMatches(\"(?is).*\\QThis never a...
14:06:55.915718 POST /session/60124aca-76ae-43fb-8ded-f2951486e30c/element [7.985667ms] ERR:404 body={"strategy":"-android uiautomator","selector":"new UiSelector().descriptionMatches(\"(?is).*\\QThis ...
14:06:55.922950 POST /session/60124aca-76ae-43fb-8ded-f2951486e30c/element [7.184084ms] ERR:404 body={"strategy":"-android uiautomator","selector":"new UiSelector().textContains(\"This never appears\")...
14:06:55.931031 POST /session/60124aca-76ae-43fb-8ded-f2951486e30c/element [8.038875ms] ERR:404 body={"strategy":"-android uiautomator","selector":"new UiSelector().descriptionContains(\"This never app...
14:06:55.937692 POST /session/60124aca-76ae-43fb-8ded-f2951486e30c/element [6.444625ms] ERR:404 body={"strategy":"-android uiautomator","selector":"new UiSelector().textMatches(\"(?is).*\\QThis never a...
14:06:55.945334 POST /session/60124aca-76ae-43fb-8ded-f2951486e30c/element [7.592584ms] ERR:404 body={"strategy":"-android uiautomator","selector":"new UiSelector().descriptionMatches(\"(?is).*\\QThis ...
14:06:55.953558 POST /session/60124aca-76ae-43fb-8ded-f2951486e30c/element [8.184666ms] ERR:404 body={"strategy":"-android uiautomator","selector":"new UiSelector().textContains(\"This never appears\")...
14:06:55.961225 POST /session/60124aca-76ae-43fb-8ded-f2951486e30c/element [7.628708ms] ERR:404 body={"strategy":"-android uiautomator","selector":"new UiSelector().descriptionContains(\"This never app...
14:06:55.967796 POST /session/60124aca-76ae-43fb-8ded-f2951486e30c/element [6.53525ms] ERR:404 body={"strategy":"-android uiautomator","selector":"new UiSelector().textMatches(\"(?is).*\\QThis never a...
14:06:55.976734 POST /session/60124aca-76ae-43fb-8ded-f2951486e30c/element [8.902917ms] ERR:404 body={"strategy":"-android uiautomator","selector":"new UiSelector().descriptionMatches(\"(?is).*\\QThis ...
14:06:55.984248 POST /session/60124aca-76ae-43fb-8ded-f2951486e30c/element [7.4655ms] ERR:404 body={"strategy":"-android uiautomator","selector":"new UiSelector().textContains(\"This never appears\")...
14:06:55.992269 POST /session/60124aca-76ae-43fb-8ded-f2951486e30c/element [7.96425ms] ERR:404 body={"strategy":"-android uiautomator","selector":"new UiSelector().descriptionContains(\"This never app...
14:06:56.004620 POST /session/60124aca-76ae-43fb-8ded-f2951486e30c/element [12.293708ms] ERR:404 body={"strategy":"-android uiautomator","selector":"new UiSelector().textMatches(\"(?is).*\\QThis never a...
14:06:56.016566 POST /session/60124aca-76ae-43fb-8ded-f2951486e30c/element [11.895875ms] ERR:404 body={"strategy":"-android uiautomator","selector":"new UiSelector().descriptionMatches(\"(?is).*\\QThis ...
14:06:56.027786 POST /session/60124aca-76ae-43fb-8ded-f2951486e30c/element [11.168875ms] ERR:404 body={"strategy":"-android uiautomator","selector":"new UiSelector().textContains(\"This never appears\")...
14:06:56.038872 POST /session/60124aca-76ae-43fb-8ded-f2951486e30c/element [11.037291ms] ERR:404 body={"strategy":"-android uiautomator","selector":"new UiSelector().descriptionContains(\"This never app...
14:06:56.048663 POST /session/60124aca-76ae-43fb-8ded-f2951486e30c/element [9.743208ms] ERR:404 body={"strategy":"-android uiautomator","selector":"new UiSelector().textMatches(\"(?is).*\\QThis never a...
14:06:56.060415 POST /session/60124aca-76ae-43fb-8ded-f2951486e30c/element [11.699583ms] ERR:404 body={"strategy":"-android uiautomator","selector":"new UiSelector().descriptionMatches(\"(?is).*\\QThis ...
14:06:56.071161 POST /session/60124aca-76ae-43fb-8ded-f2951486e30c/element [10.695875ms] ERR:404 body={"strategy":"-android uiautomator","selector":"new UiSelector().textContains(\"This never appears\")...
14:06:56.082114 POST /session/60124aca-76ae-43fb-8ded-f2951486e30c/element [10.877084ms] ERR:404 body={"strategy":"-android uiautomator","selector":"new UiSelector().descriptionContains(\"This never app...
14:06:56.092237 POST /session/60124aca-76ae-43fb-8ded-f2951486e30c/element [10.060375ms] ERR:404 body={"strategy":"-android uiautomator","selector":"new UiSelector().textMatches(\"(?is).*\\QThis never a...
14:06:56.101668 POST /session/60124aca-76ae-43fb-8ded-f2951486e30c/element [9.376ms] ERR:404 body={"strategy":"-android uiautomator","selector":"new UiSelector().descriptionMatches(\"(?is).*\\QThis ...
14:06:56.113810 POST /session/60124aca-76ae-43fb-8ded-f2951486e30c/element [12.092417ms] ERR:404 body={"strategy":"-android uiautomator","selector":"new UiSelector().textContains(\"This never appears\")...
14:06:56.125186 POST /session/60124aca-76ae-43fb-8ded-f2951486e30c/element [11.321917ms] ERR:404 body={"strategy":"-android uiautomator","selector":"new UiSelector().descriptionContains(\"This never app...
14:06:56.137256 POST /session/60124aca-76ae-43fb-8ded-f2951486e30c/element [12.009333ms] ERR:404 body={"strategy":"-android uiautomator","selector":"new UiSelector().textMatches(\"(?is).*\\QThis never a...
14:06:56.150001 POST /session/60124aca-76ae-43fb-8ded-f2951486e30c/element [12.684458ms] ERR:404 body={"strategy":"-android uiautomator","selector":"new UiSelector().descriptionMatches(\"(?is).*\\QThis ...
14:06:56.156743 POST /session/60124aca-76ae-43fb-8ded-f2951486e30c/element [6.690417ms] ERR:404 body={"strategy":"-android uiautomator","selector":"new UiSelector().textContains(\"This never appears\")...
14:06:56.163563 POST /session/60124aca-76ae-43fb-8ded-f2951486e30c/element [6.782208ms] ERR:404 body={"strategy":"-android uiautomator","selector":"new UiSelector().descriptionContains(\"This never app...
14:06:56.171328 POST /session/60124aca-76ae-43fb-8ded-f2951486e30c/element [7.712708ms] ERR:404 body={"strategy":"-android uiautomator","selector":"new UiSelector().textMatches(\"(?is).*\\QThis never a...
14:06:56.194515 POST /session/60124aca-76ae-43fb-8ded-f2951486e30c/element [23.100292ms] ERR:404 body={"strategy":"-android uiautomator","selector":"new UiSelector().descriptionMatches(\"(?is).*\\QThis ...
14:06:56.210784 POST /session/60124aca-76ae-43fb-8ded-f2951486e30c/element [16.220708ms] ERR:404 body={"strategy":"-android uiautomator","selector":"new UiSelector().textContains(\"This never appears\")...
14:06:56.227135 POST /session/60124aca-76ae-43fb-8ded-f2951486e30c/element [16.285458ms] ERR:404 body={"strategy":"-android uiautomator","selector":"new UiSelector().descriptionContains(\"This never app...
14:06:56.237022 POST /session/60124aca-76ae-43fb-8ded-f2951486e30c/element [9.827167ms] ERR:404 body={"strategy":"-android uiautomator","selector":"new UiSelector().textMatches(\"(?is).*\\QThis never a...
14:06:56.248005 POST /session/60124aca-76ae-43fb-8ded-f2951486e30c/element [10.933125ms] ERR:404 body={"strategy":"-android uiautomator","selector":"new UiSelector().descriptionMatches(\"(?is).*\\QThis ...
14:06:56.267144 POST /session/60124aca-76ae-43fb-8ded-f2951486e30c/element [19.088042ms] ERR:404 body={"strategy":"-android uiautomator","selector":"new UiSelector().textContains(\"This never appears\")...
14:06:56.277762 POST /session/60124aca-76ae-43fb-8ded-f2951486e30c/element [10.55825ms] ERR:404 body={"strategy":"-android uiautomator","selector":"new UiSelector().descriptionContains(\"This never app...
14:06:56.287568 POST /session/60124aca-76ae-43fb-8ded-f2951486e30c/element [9.752083ms] ERR:404 body={"strategy":"-android uiautomator","selector":"new UiSelector().textMatches(\"(?is).*\\QThis never a...
14:06:56.300278 POST /session/60124aca-76ae-43fb-8ded-f2951486e30c/element [12.668417ms] ERR:404 body={"strategy":"-android uiautomator","selector":"new UiSelector().descriptionMatches(\"(?is).*\\QThis ...
14:06:56.309341 POST /session/60124aca-76ae-43fb-8ded-f2951486e30c/element [9.016709ms] ERR:404 body={"strategy":"-android uiautomator","selector":"new UiSelector().textContains(\"This never appears\")...
14:06:56.320690 POST /session/60124aca-76ae-43fb-8ded-f2951486e30c/element [11.294792ms] ERR:404 body={"strategy":"-android uiautomator","selector":"new UiSelector().descriptionContains(\"This never app...
14:06:56.335217 POST /session/60124aca-76ae-43fb-8ded-f2951486e30c/element [14.472834ms] ERR:404 body={"strategy":"-android uiautomator","selector":"new UiSelector().textMatches(\"(?is).*\\QThis never a...
14:06:56.346971 POST /session/60124aca-76ae-43fb-8ded-f2951486e30c/element [11.696542ms] ERR:404 body={"strategy":"-android uiautomator","selector":"new UiSelector().descriptionMatches(\"(?is).*\\QThis ...
14:06:56.356603 POST /session/60124aca-76ae-43fb-8ded-f2951486e30c/element [9.576292ms] ERR:404 body={"strategy":"-android uiautomator","selector":"new UiSelector().textContains(\"This never appears\")...
14:06:56.366411 POST /session/60124aca-76ae-43fb-8ded-f2951486e30c/element [9.757334ms] ERR:404 body={"strategy":"-android uiautomator","selector":"new UiSelector().descriptionContains(\"This never app...
14:06:56.376740 POST /session/60124aca-76ae-43fb-8ded-f2951486e30c/element [10.284166ms] ERR:404 body={"strategy":"-android uiautomator","selector":"new UiSelector().textMatches(\"(?is).*\\QThis never a...
14:06:56.391732 POST /session/60124aca-76ae-43fb-8ded-f2951486e30c/element [14.940667ms] ERR:404 body={"strategy":"-android uiautomator","selector":"new UiSelector().descriptionMatches(\"(?is).*\\QThis ...
14:06:56.401865 POST /session/60124aca-76ae-43fb-8ded-f2951486e30c/element [10.082417ms] ERR:404 body={"strategy":"-android uiautomator","selector":"new UiSelector().textContains(\"This never appears\")...
14:06:56.410266 POST /session/60124aca-76ae-43fb-8ded-f2951486e30c/element [8.352083ms] ERR:404 body={"strategy":"-android uiautomator","selector":"new UiSelector().descriptionContains(\"This never app...
14:06:56.419131 POST /session/60124aca-76ae-43fb-8ded-f2951486e30c/element [8.822083ms] ERR:404 body={"strategy":"-android uiautomator","selector":"new UiSelector().textMatches(\"(?is).*\\QThis never a...
14:06:56.429078 POST /session/60124aca-76ae-43fb-8ded-f2951486e30c/element [9.902959ms] ERR:404 body={"strategy":"-android uiautomator","selector":"new UiSelector().descriptionMatches(\"(?is).*\\QThis ...
14:06:56.440134 POST /session/60124aca-76ae-43fb-8ded-f2951486e30c/element [10.990583ms] ERR:404 body={"strategy":"-android uiautomator","selector":"new UiSelector().textContains(\"This never appears\")...
14:06:56.451571 POST /session/60124aca-76ae-43fb-8ded-f2951486e30c/element [11.386875ms] ERR:404 body={"strategy":"-android uiautomator","selector":"new UiSelector().descriptionContains(\"This never app...
14:06:56.461836 POST /session/60124aca-76ae-43fb-8ded-f2951486e30c/element [10.21775ms] ERR:404 body={"strategy":"-android uiautomator","selector":"new UiSelector().textMatches(\"(?is).*\\QThis never a...
14:06:56.472094 POST /session/60124aca-76ae-43fb-8ded-f2951486e30c/element [10.208417ms] ERR:404 body={"strategy":"-android uiautomator","selector":"new UiSelector().descriptionMatches(\"(?is).*\\QThis ...
14:06:56.482304 POST /session/60124aca-76ae-43fb-8ded-f2951486e30c/element [10.16625ms] ERR:404 body={"strategy":"-android uiautomator","selector":"new UiSelector().textContains(\"This never appears\")...
14:06:56.489191 POST /session/60124aca-76ae-43fb-8ded-f2951486e30c/element [6.839958ms] ERR:404 body={"strategy":"-android uiautomator","selector":"new UiSelector().descriptionContains(\"This never app...
14:06:56.498432 POST /session/60124aca-76ae-43fb-8ded-f2951486e30c/element [9.190292ms] ERR:404 body={"strategy":"-android uiautomator","selector":"new UiSelector().textMatches(\"(?is).*\\QThis never a...
14:06:56.508336 POST /session/60124aca-76ae-43fb-8ded-f2951486e30c/element [9.868708ms] ERR:404 body={"strategy":"-android uiautomator","selector":"new UiSelector().descriptionMatches(\"(?is).*\\QThis ...
14:06:56.518304 POST /session/60124aca-76ae-43fb-8ded-f2951486e30c/element [9.93825ms] ERR:404 body={"strategy":"-android uiautomator","selector":"new UiSelector().textContains(\"This never appears\")...
14:06:56.527436 POST /session/60124aca-76ae-43fb-8ded-f2951486e30c/element [9.097667ms] ERR:404 body={"strategy":"-android uiautomator","selector":"new UiSelector().descriptionContains(\"This never app...
14:06:56.536448 POST /session/60124aca-76ae-43fb-8ded-f2951486e30c/element [8.956709ms] ERR:404 body={"strategy":"-android uiautomator","selector":"new UiSelector().textMatches(\"(?is).*\\QThis never a...
14:06:56.545620 POST /session/60124aca-76ae-43fb-8ded-f2951486e30c/element [9.119292ms] ERR:404 body={"strategy":"-android uiautomator","selector":"new UiSelector().descriptionMatches(\"(?is).*\\QThis ...
14:06:56.554157 POST /session/60124aca-76ae-43fb-8ded-f2951486e30c/element [8.490875ms] ERR:404 body={"strategy":"-android uiautomator","selector":"new UiSelector().textContains(\"This never appears\")...
14:06:56.563283 POST /session/60124aca-76ae-43fb-8ded-f2951486e30c/element [9.08975ms] ERR:404 body={"strategy":"-android uiautomator","selector":"new UiSelector().descriptionContains(\"This never app...
14:06:56.570937 POST /session/60124aca-76ae-43fb-8ded-f2951486e30c/element [7.620833ms] ERR:404 body={"strategy":"-android uiautomator","selector":"new UiSelector().textMatches(\"(?is).*\\QThis never a...
14:06:56.577795 POST /session/60124aca-76ae-43fb-8ded-f2951486e30c/element [6.826083ms] ERR:404 body={"strategy":"-android uiautomator","selector":"new UiSelector().descriptionMatches(\"(?is).*\\QThis ...
14:06:56.585431 POST /session/60124aca-76ae-43fb-8ded-f2951486e30c/element [7.604125ms] ERR:404 body={"strategy":"-android uiautomator","selector":"new UiSelector().textContains(\"This never appears\")...
14:06:56.593735 POST /session/60124aca-76ae-43fb-8ded-f2951486e30c/element [8.273209ms] ERR:404 body={"strategy":"-android uiautomator","selector":"new UiSelector().descriptionContains(\"This never app...
14:06:56.597859 POST /session/60124aca-76ae-43fb-8ded-f2951486e30c/element [4.078416ms] ERR:404 body={"strategy":"-android uiautomator","selector":"new UiSelector().textMatches(\"(?is).*\\QThis never a...
14:06:56.604176 POST /session/60124aca-76ae-43fb-8ded-f2951486e30c/element [6.286791ms] ERR:404 body={"strategy":"-android uiautomator","selector":"new UiSelector().descriptionMatches(\"(?is).*\\QThis ...
14:06:56.611425 POST /session/60124aca-76ae-43fb-8ded-f2951486e30c/element [7.2125ms] ERR:404 body={"strategy":"-android uiautomator","selector":"new UiSelector().textContains(\"This never appears\")...
14:06:56.618339 POST /session/60124aca-76ae-43fb-8ded-f2951486e30c/element [6.879541ms] ERR:404 body={"strategy":"-android uiautomator","selector":"new UiSelector().descriptionContains(\"This never app...
14:06:56.631786 POST /session/60124aca-76ae-43fb-8ded-f2951486e30c/element [13.414166ms] ERR:404 body={"strategy":"-android uiautomator","selector":"new UiSelector().textMatches(\"(?is).*\\QThis never a...
14:06:56.647184 POST /session/60124aca-76ae-43fb-8ded-f2951486e30c/element [15.359083ms] ERR:404 body={"strategy":"-android uiautomator","selector":"new UiSelector().descriptionMatches(\"(?is).*\\QThis ...
14:06:56.655278 POST /session/60124aca-76ae-43fb-8ded-f2951486e30c/element [8.047875ms] ERR:404 body={"strategy":"-android uiautomator","selector":"new UiSelector().textContains(\"This never appears\")...
14:06:56.663952 POST /session/60124aca-76ae-43fb-8ded-f2951486e30c/element [8.635375ms] ERR:404 body={"strategy":"-android uiautomator","selector":"new UiSelector().descriptionContains(\"This never app...
14:06:56.672711 POST /session/60124aca-76ae-43fb-8ded-f2951486e30c/element [8.7155ms] ERR:404 body={"strategy":"-android uiautomator","selector":"new UiSelector().textMatches(\"(?is).*\\QThis never a...
14:06:56.679827 POST /session/60124aca-76ae-43fb-8ded-f2951486e30c/element [7.072625ms] ERR:404 body={"strategy":"-android uiautomator","selector":"new UiSelector().descriptionMatches(\"(?is).*\\QThis ...
14:06:56.686027 POST /session/60124aca-76ae-43fb-8ded-f2951486e30c/element [6.150083ms] ERR:404 body={"strategy":"-android uiautomator","selector":"new UiSelector().textContains(\"This never appears\")...
14:06:56.693409 POST /session/60124aca-76ae-43fb-8ded-f2951486e30c/element [7.3355ms] ERR:404 body={"strategy":"-android uiautomator","selector":"new UiSelector().descriptionContains(\"This never app...
14:06:56.700015 POST /session/60124aca-76ae-43fb-8ded-f2951486e30c/element [6.57125ms] ERR:404 body={"strategy":"-android uiautomator","selector":"new UiSelector().textMatches(\"(?is).*\\QThis never a...
14:06:56.708819 POST /session/60124aca-76ae-43fb-8ded-f2951486e30c/element [8.772125ms] ERR:404 body={"strategy":"-android uiautomator","selector":"new UiSelector().descriptionMatches(\"(?is).*\\QThis ...
14:06:56.715216 POST /session/60124aca-76ae-43fb-8ded-f2951486e30c/element [6.35875ms] ERR:404 body={"strategy":"-android uiautomator","selector":"new UiSelector().textContains(\"This never appears\")...
14:06:56.724482 POST /session/60124aca-76ae-43fb-8ded-f2951486e30c/element [9.226459ms] ERR:404 body={"strategy":"-android uiautomator","selector":"new UiSelector().descriptionContains(\"This never app...
14:06:56.732610 POST /session/60124aca-76ae-43fb-8ded-f2951486e30c/element [8.091666ms] ERR:404 body={"strategy":"-android uiautomator","selector":"new UiSelector().textMatches(\"(?is).*\\QThis never a...
14:06:56.739426 POST /session/60124aca-76ae-43fb-8ded-f2951486e30c/element [6.760042ms] ERR:404 body={"strategy":"-android uiautomator","selector":"new UiSelector().descriptionMatches(\"(?is).*\\QThis ...
14:06:56.747147 POST /session/60124aca-76ae-43fb-8ded-f2951486e30c/element [7.684917ms] ERR:404 body={"strategy":"-android uiautomator","selector":"new UiSelector().textContains(\"This never appears\")...
14:06:56.754811 POST /session/60124aca-76ae-43fb-8ded-f2951486e30c/element [7.60225ms] ERR:404 body={"strategy":"-android uiautomator","selector":"new UiSelector().descriptionContains(\"This never app...
14:06:56.765487 POST /session/60124aca-76ae-43fb-8ded-f2951486e30c/element [10.622708ms] ERR:404 body={"strategy":"-android uiautomator","selector":"new UiSelector().textMatches(\"(?is).*\\QThis never a...
14:06:56.770938 POST /session/60124aca-76ae-43fb-8ded-f2951486e30c/element [5.410083ms] ERR:404 body={"strategy":"-android uiautomator","selector":"new UiSelector().descriptionMatches(\"(?is).*\\QThis ...
14:06:56.776846 POST /session/60124aca-76ae-43fb-8ded-f2951486e30c/element [5.867458ms] ERR:404 body={"strategy":"-android uiautomator","selector":"new UiSelector().textContains(\"This never appears\")...
14:06:56.782787 POST /session/60124aca-76ae-43fb-8ded-f2951486e30c/element [5.908375ms] ERR:404 body={"strategy":"-android uiautomator","selector":"new UiSelector().descriptionContains(\"This never app...
14:06:56.790543 POST /session/60124aca-76ae-43fb-8ded-f2951486e30c/element [7.716ms] ERR:404 body={"strategy":"-android uiautomator","selector":"new UiSelector().textMatches(\"(?is).*\\QThis never a...
14:06:56.799756 POST /session/60124aca-76ae-43fb-8ded-f2951486e30c/element [9.176625ms] ERR:404 body={"strategy":"-android uiautomator","selector":"new UiSelector().descriptionMatches(\"(?is).*\\QThis ...
14:06:56.809159 POST /session/60124aca-76ae-43fb-8ded-f2951486e30c/element [9.357708ms] ERR:404 body={"strategy":"-android uiautomator","selector":"new UiSelector().textContains(\"This never appears\")...
14:06:56.818063 POST /session/60124aca-76ae-43fb-8ded-f2951486e30c/element [8.8575ms] ERR:404 body={"strategy":"-android uiautomator","selector":"new UiSelector().descriptionContains(\"This never app...
14:06:56.827573 POST /session/60124aca-76ae-43fb-8ded-f2951486e30c/element [9.466333ms] ERR:404 body={"strategy":"-android uiautomator","selector":"new UiSelector().textMatches(\"(?is).*\\QThis never a...
14:06:56.837420 POST /session/60124aca-76ae-43fb-8ded-f2951486e30c/element [9.802875ms] ERR:404 body={"strategy":"-android uiautomator","selector":"new UiSelector().descriptionMatches(\"(?is).*\\QThis ...
14:06:56.847647 POST /session/60124aca-76ae-43fb-8ded-f2951486e30c/element [10.173625ms] ERR:404 body={"strategy":"-android uiautomator","selector":"new UiSelector().textContains(\"This never appears\")...
14:06:56.856204 POST /session/60124aca-76ae-43fb-8ded-f2951486e30c/element [8.499042ms] ERR:404 body={"strategy":"-android uiautomator","selector":"new UiSelector().descriptionContains(\"This never app...
14:06:56.867200 POST /session/60124aca-76ae-43fb-8ded-f2951486e30c/element [10.943875ms] ERR:404 body={"strategy":"-android uiautomator","selector":"new UiSelector().textMatches(\"(?is).*\\QThis never a...
14:06:56.875885 POST /session/60124aca-76ae-43fb-8ded-f2951486e30c/element [8.642708ms] ERR:404 body={"strategy":"-android uiautomator","selector":"new UiSelector().descriptionMatches(\"(?is).*\\QThis ...
14:06:56.884469 POST /session/60124aca-76ae-43fb-8ded-f2951486e30c/element [8.531875ms] ERR:404 body={"strategy":"-android uiautomator","selector":"new UiSelector().textContains(\"This never appears\")...
14:06:56.892550 POST /session/60124aca-76ae-43fb-8ded-f2951486e30c/element [8.040708ms] ERR:404 body={"strategy":"-android uiautomator","selector":"new UiSelector().descriptionContains(\"This never app...
14:06:56.900683 POST /session/60124aca-76ae-43fb-8ded-f2951486e30c/element [8.095125ms] ERR:404 body={"strategy":"-android uiautomator","selector":"new UiSelector().textMatches(\"(?is).*\\QThis never a...
14:06:56.909010 POST /session/60124aca-76ae-43fb-8ded-f2951486e30c/element [8.290709ms] ERR:404 body={"strategy":"-android uiautomator","selector":"new UiSelector().descriptionMatches(\"(?is).*\\QThis ...
14:06:56.923489 POST /session/60124aca-76ae-43fb-8ded-f2951486e30c/element [14.440709ms] ERR:404 body={"strategy":"-android uiautomator","selector":"new UiSelector().textContains(\"This never appears\")...
14:06:56.937597 POST /session/60124aca-76ae-43fb-8ded-f2951486e30c/element [14.041ms] ERR:404 body={"strategy":"-android uiautomator","selector":"new UiSelector().descriptionContains(\"This never app...
14:06:56.945388 POST /session/60124aca-76ae-43fb-8ded-f2951486e30c/element [7.735917ms] ERR:404 body={"strategy":"-android uiautomator","selector":"new UiSelector().textMatches(\"(?is).*\\QThis never a...
14:06:56.952920 POST /session/60124aca-76ae-43fb-8ded-f2951486e30c/element [7.4785ms] ERR:404 body={"strategy":"-android uiautomator","selector":"new UiSelector().descriptionMatches(\"(?is).*\\QThis ...
14:06:56.967441 POST /session/60124aca-76ae-43fb-8ded-f2951486e30c/element [14.464292ms] ERR:404 body={"strategy":"-android uiautomator","selector":"new UiSelector().textContains(\"This never appears\")...
14:06:56.974936 POST /session/60124aca-76ae-43fb-8ded-f2951486e30c/element [7.389959ms] ERR:404 body={"strategy":"-android uiautomator","selector":"new UiSelector().descriptionContains(\"This never app...
14:06:56.989409 POST /session/60124aca-76ae-43fb-8ded-f2951486e30c/element [14.412083ms] ERR:404 body={"strategy":"-android uiautomator","selector":"new UiSelector().textMatches(\"(?is).*\\QThis never a...
14:06:56.999705 POST /session/60124aca-76ae-43fb-8ded-f2951486e30c/element [10.239ms] ERR:404 body={"strategy":"-android uiautomator","selector":"new UiSelector().descriptionMatches(\"(?is).*\\QThis ...
14:06:57.016189 POST /session/60124aca-76ae-43fb-8ded-f2951486e30c/element [16.42175ms] ERR:404 body={"strategy":"-android uiautomator","selector":"new UiSelector().textContains(\"This never appears\")...
14:06:57.026570 POST /session/60124aca-76ae-43fb-8ded-f2951486e30c/element [10.320125ms] ERR:404 body={"strategy":"-android uiautomator","selector":"new UiSelector().descriptionContains(\"This never app...
14:06:57.038201 POST /session/60124aca-76ae-43fb-8ded-f2951486e30c/element [11.570166ms] ERR:404 body={"strategy":"-android uiautomator","selector":"new UiSelector().textMatches(\"(?is).*\\QThis never a...
14:06:57.050818 POST /session/60124aca-76ae-43fb-8ded-f2951486e30c/element [12.566459ms] ERR:404 body={"strategy":"-android uiautomator","selector":"new UiSelector().descriptionMatches(\"(?is).*\\QThis ...
14:06:57.082179 GET /session/60124aca-76ae-43fb-8ded-f2951486e30c/source [31.230916ms] OK body=
14:06:57.222749 GET /session/60124aca-76ae-43fb-8ded-f2951486e30c/screenshot [139.517708ms] OK body=
14:06:57.241710 GET /session/60124aca-76ae-43fb-8ded-f2951486e30c/source [18.138208ms] OK body=
14:06:57.245870 POST /session/60124aca-76ae-43fb-8ded-f2951486e30c/appium/settings [1.466667ms] OK body={"settings":{"waitForIdleTimeout":200}}
14:06:57.956504 POST /session/60124aca-76ae-43fb-8ded-f2951486e30c/appium/device/launch_app [9.471625ms] OK body={"appId":"com.kylebrowning.landmarks"}
14:06:59.281248 POST /session/60124aca-76ae-43fb-8ded-f2951486e30c/element [323.030375ms] OK body={"strategy":"-android uiautomator","selector":"new UiSelector().textContains(\"Landmarks\")"}
14:06:59.863345 POST /session/60124aca-76ae-43fb-8ded-f2951486e30c/element [581.443959ms] OK body={"strategy":"-android uiautomator","selector":"new UiSelector().textContains(\"Featured\")"}
14:06:59.988521 GET /session/60124aca-76ae-43fb-8ded-f2951486e30c/screenshot [124.133792ms] OK body=
14:07:00.013551 POST /session/60124aca-76ae-43fb-8ded-f2951486e30c/element [23.861458ms] ERR:404 body={"strategy":"-android uiautomator","selector":"new UiSelector().textContains(\"Golden Gate Bridge\")...
14:07:00.037760 POST /session/60124aca-76ae-43fb-8ded-f2951486e30c/element [24.12125ms] ERR:404 body={"strategy":"-android uiautomator","selector":"new UiSelector().descriptionContains(\"Golden Gate Br...
14:07:00.044089 POST /session/60124aca-76ae-43fb-8ded-f2951486e30c/element [6.274042ms] OK body={"strategy":"-android uiautomator","selector":"new UiSelector().textContains(\"Golden Gate Bridge\")...
14:07:00.085640 GET /session/60124aca-76ae-43fb-8ded-f2951486e30c/source [41.3685ms] OK body=
14:07:00.165081 POST /session/60124aca-76ae-43fb-8ded-f2951486e30c/appium/gestures/click [78.711292ms] OK body={"offset":{"x":540,"y":519}}
14:07:00.760044 POST /session/60124aca-76ae-43fb-8ded-f2951486e30c/element [593.840042ms] OK body={"strategy":"-android uiautomator","selector":"new UiSelector().textContains(\"San Francisco, CA\")"...
14:07:00.765444 POST /session/60124aca-76ae-43fb-8ded-f2951486e30c/element [4.856417ms] OK body={"strategy":"-android uiautomator","selector":"new UiSelector().textContains(\"Plan Visit\")"}
14:07:00.889163 GET /session/60124aca-76ae-43fb-8ded-f2951486e30c/screenshot [122.466125ms] OK body=
14:07:00.895792 POST /session/60124aca-76ae-43fb-8ded-f2951486e30c/appium/settings [4.518167ms] OK body={"settings":{"waitForIdleTimeout":200}}
14:07:01.737897 POST /session/60124aca-76ae-43fb-8ded-f2951486e30c/appium/device/launch_app [6.551542ms] OK body={"appId":"com.kylebrowning.landmarks"}
14:07:03.148498 POST /session/60124aca-76ae-43fb-8ded-f2951486e30c/element [408.901625ms] ERR:404 body={"strategy":"-android uiautomator","selector":"new UiSelector().textContains(\"Lakes\").clickable(tr...
14:07:03.759953 POST /session/60124aca-76ae-43fb-8ded-f2951486e30c/element [611.339209ms] ERR:404 body={"strategy":"-android uiautomator","selector":"new UiSelector().descriptionContains(\"Lakes\").click...
14:07:03.787469 POST /session/60124aca-76ae-43fb-8ded-f2951486e30c/element [27.3405ms] OK body={"strategy":"-android uiautomator","selector":"new UiSelector().textContains(\"Lakes\")"}
14:07:03.900446 GET /session/60124aca-76ae-43fb-8ded-f2951486e30c/source [112.3445ms] OK body=
14:07:04.007649 POST /session/60124aca-76ae-43fb-8ded-f2951486e30c/appium/gestures/click [106.457417ms] OK body={"offset":{"x":540,"y":1132}}
14:07:04.482771 POST /session/60124aca-76ae-43fb-8ded-f2951486e30c/element [473.795333ms] ERR:404 body={"strategy":"-android uiautomator","selector":"new UiSelector().textContains(\"Lake Tahoe\")"}
14:07:04.914117 POST /session/60124aca-76ae-43fb-8ded-f2951486e30c/element [431.222834ms] ERR:404 body={"strategy":"-android uiautomator","selector":"new UiSelector().descriptionContains(\"Lake Tahoe\")"...
14:07:04.949646 POST /session/60124aca-76ae-43fb-8ded-f2951486e30c/element [34.836ms] OK body={"strategy":"-android uiautomator","selector":"new UiSelector().textMatches(\"(?is).*\\QLake Tahoe\\...
14:07:05.023114 POST /session/60124aca-76ae-43fb-8ded-f2951486e30c/element [66.738041ms] OK body={"strategy":"-android uiautomator","selector":"new UiSelector().textContains(\"Mono Lake\")"}
14:07:05.203613 POST /session/60124aca-76ae-43fb-8ded-f2951486e30c/element [178.728833ms] ERR:404 body={"strategy":"-android uiautomator","selector":"new UiSelector().textContains(\"Golden Gate Bridge\")...
14:07:05.238750 POST /session/60124aca-76ae-43fb-8ded-f2951486e30c/element [35.06125ms] ERR:404 body={"strategy":"-android uiautomator","selector":"new UiSelector().descriptionContains(\"Golden Gate Br...
14:07:05.283510 POST /session/60124aca-76ae-43fb-8ded-f2951486e30c/element [44.652833ms] ERR:404 body={"strategy":"-android uiautomator","selector":"new UiSelector().textMatches(\"(?is).*\\QGolden Gate ...
14:07:05.321713 POST /session/60124aca-76ae-43fb-8ded-f2951486e30c/element [38.063667ms] ERR:404 body={"strategy":"-android uiautomator","selector":"new UiSelector().descriptionMatches(\"(?is).*\\QGolde...
14:07:05.547029 GET /session/60124aca-76ae-43fb-8ded-f2951486e30c/source [205.573ms] OK body=
14:07:05.821534 GET /session/60124aca-76ae-43fb-8ded-f2951486e30c/screenshot [270.767291ms] OK body=
14:07:05.856348 DELETE /session/60124aca-76ae-43fb-8ded-f2951486e30c [26.747416ms] OK body=
