14:06:02.007497 POST /session [12.120917ms] OK body={"capabilities":{"platformName":"Android","deviceName":"sdk_gphone64_arm64"}}
14:06:02.012544 POST /session/5b869f22-ef53-45fb-afd7-4dedb26e3026/appium/settings [4.928458ms] OK body={"settings":{"enableMultiWindows":true,"waitForIdleTimeout":200}}
14:06:02.017347 POST /session/5b869f22-ef53-45fb-afd7-4dedb26e3026/appium/settings [4.75275ms] OK body={"settings":{"implicitWait":100}}
14:06:02.088184 GET /session/5b869f22-ef53-45fb-afd7-4dedb26e3026/appium/device/info [40.035042ms] OK body=
14:06:02.107045 POST /session/5b869f22-ef53-45fb-afd7-4dedb26e3026/appium/settings [15.994542ms] OK body={"settings":{"waitForIdleTimeout":200}}
14:06:02.295727 GET /session/5b869f22-ef53-45fb-afd7-4dedb26e3026/screenshot [186.300958ms] OK body=
14:06:03.146294 POST /session/5b869f22-ef53-45fb-afd7-4dedb26e3026/appium/device/launch_app [14.818875ms] OK body={"appId":"com.kylebrowning.landmarks"}
14:06:04.342888 GET /session/5b869f22-ef53-45fb-afd7-4dedb26e3026/screenshot [194.25425ms] OK body=
14:06:04.703278 GET /session/5b869f22-ef53-45fb-afd7-4dedb26e3026/source [358.6795ms] OK body=
14:06:04.863012 GET /session/5b869f22-ef53-45fb-afd7-4dedb26e3026/screenshot [158.313375ms] OK body=
14:06:05.247146 POST /session/5b869f22-ef53-45fb-afd7-4dedb26e3026/element [383.48475ms] ERR:404 body={"strategy":"-android uiautomator","selector":"new UiSelector().textContains(\"Golden Gate Bridge\")...
14:06:05.272304 POST /session/5b869f22-ef53-45fb-afd7-4dedb26e3026/element [25.015917ms] ERR:404 body={"strategy":"-android uiautomator","selector":"new UiSelector().descriptionContains(\"Golden Gate Br...
14:06:05.283470 POST /session/5b869f22-ef53-45fb-afd7-4dedb26e3026/element [11.07975ms] OK body={"strategy":"-android uiautomator","selector":"new UiSelector().textContains(\"Golden Gate Bridge\")...
14:06:05.332441 GET /session/5b869f22-ef53-45fb-afd7-4dedb26e3026/source [48.271ms] OK body=
14:06:05.410517 POST /session/5b869f22-ef53-45fb-afd7-4dedb26e3026/appium/gestures/click [77.062209ms] OK body={"offset":{"x":540,"y":519}}
14:06:05.631591 GET /session/5b869f22-ef53-45fb-afd7-4dedb26e3026/screenshot [159.045833ms] OK body=
14:06:06.074451 GET /session/5b869f22-ef53-45fb-afd7-4dedb26e3026/source [441.913125ms] OK body=
14:06:06.211550 GET /session/5b869f22-ef53-45fb-afd7-4dedb26e3026/screenshot [136.001291ms] OK body=
14:06:06.217425 POST /session/5b869f22-ef53-45fb-afd7-4dedb26e3026/element [5.463167ms] OK body={"strategy":"-android uiautomator","selector":"new UiSelector().textContains(\"San Francisco, CA\")"...
14:06:06.351853 GET /session/5b869f22-ef53-45fb-afd7-4dedb26e3026/screenshot [134.016708ms] OK body=
14:06:06.386662 GET /session/5b869f22-ef53-45fb-afd7-4dedb26e3026/source [34.157833ms] OK body=
14:06:06.562255 GET /session/5b869f22-ef53-45fb-afd7-4dedb26e3026/screenshot [156.973667ms] OK body=
14:06:06.639992 POST /session/5b869f22-ef53-45fb-afd7-4dedb26e3026/element [76.25625ms] ERR:404 body={"strategy":"-android uiautomator","selector":"new UiSelector().textContains(\"Definitely Not Here\"...
14:06:06.704464 POST /session/5b869f22-ef53-45fb-afd7-4dedb26e3026/element [63.412042ms] ERR:404 body={"strategy":"-android uiautomator","selector":"new UiSelector().descriptionContains(\"Definitely Not...
14:06:06.729154 POST /session/5b869f22-ef53-45fb-afd7-4dedb26e3026/element [24.613916ms] ERR:404 body={"strategy":"-android uiautomator","selector":"new UiSelector().textMatches(\"(?is).*\\QDefinitely N...
14:06:06.749354 POST /session/5b869f22-ef53-45fb-afd7-4dedb26e3026/element [20.114ms] ERR:404 body={"strategy":"-android uiautomator","selector":"new UiSelector().descriptionMatches(\"(?is).*\\QDefin...
14:06:06.795271 POST /session/5b869f22-ef53-45fb-afd7-4dedb26e3026/element [45.771ms] ERR:404 body={"strategy":"-android uiautomator","selector":"new UiSelector().textContains(\"Definitely Not Here\"...
14:06:06.859009 POST /session/5b869f22-ef53-45fb-afd7-4dedb26e3026/element [63.577959ms] ERR:404 body={"strategy":"-android uiautomator","selector":"new UiSelector().descriptionContains(\"Definitely Not...
14:06:06.896399 POST /session/5b869f22-ef53-45fb-afd7-4dedb26e3026/element [37.170666ms] ERR:404 body={"strategy":"-android uiautomator","selector":"new UiSelector().textMatches(\"(?is).*\\QDefinitely N...
14:06:06.947261 POST /session/5b869f22-ef53-45fb-afd7-4dedb26e3026/element [50.617375ms] ERR:404 body={"strategy":"-android uiautomator","selector":"new UiSelector().descriptionMatches(\"(?is).*\\QDefin...
14:06:07.000165 POST /session/5b869f22-ef53-45fb-afd7-4dedb26e3026/element [52.743666ms] ERR:404 body={"strategy":"-android uiautomator","selector":"new UiSelector().textContains(\"Definitely Not Here\"...
14:06:07.038829 POST /session/5b869f22-ef53-45fb-afd7-4dedb26e3026/element [38.5415ms] ERR:404 body={"strategy":"-android uiautomator","selector":"new UiSelector().descriptionContains(\"Definitely Not...
14:06:07.084703 POST /session/5b869f22-ef53-45fb-afd7-4dedb26e3026/element [45.693166ms] ERR:404 body={"strategy":"-android uiautomator","selector":"new UiSelector().textMatches(\"(?is).*\\QDefinitely N...
14:06:07.135510 POST /session/5b869f22-ef53-45fb-afd7-4dedb26e3026/element [50.696875ms] ERR:404 body={"strategy":"-android uiautomator","selector":"new UiSelector().descriptionMatches(\"(?is).*\\QDefin...
14:06:07.188396 POST /session/5b869f22-ef53-45fb-afd7-4dedb26e3026/element [52.763291ms] ERR:404 body={"strategy":"-android uiautomator","selector":"new UiSelector().textContains(\"Definitely Not Here\"...
14:06:07.238752 POST /session/5b869f22-ef53-45fb-afd7-4dedb26e3026/element [50.274916ms] ERR:404 body={"strategy":"-android uiautomator","selector":"new UiSelector().descriptionContains(\"Definitely Not...
14:06:07.268550 POST /session/5b869f22-ef53-45fb-afd7-4dedb26e3026/element [29.668666ms] ERR:404 body={"strategy":"-android uiautomator","selector":"new UiSelector().textMatches(\"(?is).*\\QDefinitely N...
14:06:07.316180 POST /session/5b869f22-ef53-45fb-afd7-4dedb26e3026/element [47.452417ms] ERR:404 body={"strategy":"-android uiautomator","selector":"new UiSelector().descriptionMatches(\"(?is).*\\QDefin...
14:06:07.377384 POST /session/5b869f22-ef53-45fb-afd7-4dedb26e3026/element [61.048875ms] ERR:404 body={"strategy":"-android uiautomator","selector":"new UiSelector().textContains(\"Definitely Not Here\"...
14:06:07.415911 POST /session/5b869f22-ef53-45fb-afd7-4dedb26e3026/element [38.419ms] ERR:404 body={"strategy":"-android uiautomator","selector":"new UiSelector().descriptionContains(\"Definitely Not...
14:06:07.474868 POST /session/5b869f22-ef53-45fb-afd7-4dedb26e3026/element [58.84425ms] ERR:404 body={"strategy":"-android uiautomator","selector":"new UiSelector().textMatches(\"(?is).*\\QDefinitely N...
14:06:07.566381 POST /session/5b869f22-ef53-45fb-afd7-4dedb26e3026/element [91.437917ms] ERR:404 body={"strategy":"-android uiautomator","selector":"new UiSelector().descriptionMatches(\"(?is).*\\QDefin...
14:06:07.586957 POST /session/5b869f22-ef53-45fb-afd7-4dedb26e3026/element [20.505875ms] ERR:404 body={"strategy":"-android uiautomator","selector":"new UiSelector().textContains(\"Definitely Not Here\"...
14:06:07.616247 POST /session/5b869f22-ef53-45fb-afd7-4dedb26e3026/element [29.196875ms] ERR:404 body={"strategy":"-android uiautomator","selector":"new UiSelector().descriptionContains(\"Definitely Not...
14:06:07.664322 POST /session/5b869f22-ef53-45fb-afd7-4dedb26e3026/element [47.933916ms] ERR:404 body={"strategy":"-android uiautomator","selector":"new UiSelector().textMatches(\"(?is).*\\QDefinitely N...
14:06:07.725269 POST /session/5b869f22-ef53-45fb-afd7-4dedb26e3026/element [60.829208ms] ERR:404 body={"strategy":"-android uiautomator","selector":"new UiSelector().descriptionMatches(\"(?is).*\\QDefin...
14:06:07.785179 POST /session/5b869f22-ef53-45fb-afd7-4dedb26e3026/element [59.792083ms] ERR:404 body={"strategy":"-android uiautomator","selector":"new UiSelector().textContains(\"Definitely Not Here\"...
14:06:07.825607 POST /session/5b869f22-ef53-45fb-afd7-4dedb26e3026/element [40.087625ms] ERR:404 body={"strategy":"-android uiautomator","selector":"new UiSelector().descriptionContains(\"Definitely Not...
14:06:07.869114 POST /session/5b869f22-ef53-45fb-afd7-4dedb26e3026/element [43.375417ms] ERR:404 body={"strategy":"-android uiautomator","selector":"new UiSelector().textMatches(\"(?is).*\\QDefinitely N...
14:06:07.948130 POST /session/5b869f22-ef53-45fb-afd7-4dedb26e3026/element [78.933792ms] ERR:404 body={"strategy":"-android uiautomator","selector":"new UiSelector().descriptionMatches(\"(?is).*\\QDefin...
14:06:07.996054 POST /session/5b869f22-ef53-45fb-afd7-4dedb26e3026/element [47.85125ms] ERR:404 body={"strategy":"-android uiautomator","selector":"new UiSelector().textContains(\"Definitely Not Here\"...
14:06:08.068792 POST /session/5b869f22-ef53-45fb-afd7-4dedb26e3026/element [72.625208ms] ERR:404 body={"strategy":"-android uiautomator","selector":"new UiSelector().descriptionContains(\"Definitely Not...
14:06:08.182677 POST /session/5b869f22-ef53-45fb-afd7-4dedb26e3026/element [113.786875ms] ERR:404 body={"strategy":"-android uiautomator","selector":"new UiSelector().textMatches(\"(?is).*\\QDefinitely N...
14:06:08.272658 POST /session/5b869f22-ef53-45fb-afd7-4dedb26e3026/element [89.875792ms] ERR:404 body={"strategy":"-android uiautomator","selector":"new UiSelector().descriptionMatches(\"(?is).*\\QDefin...
14:06:08.336117 POST /session/5b869f22-ef53-45fb-afd7-4dedb26e3026/element [63.350834ms] ERR:404 body={"strategy":"-android uiautomator","selector":"new UiSelector().textContains(\"Definitely Not Here\"...
14:06:08.395375 POST /session/5b869f22-ef53-45fb-afd7-4dedb26e3026/element [59.118ms] ERR:404 body={"strategy":"-android uiautomator","selector":"new UiSelector().descriptionContains(\"Definitely Not...
14:06:08.472339 POST /session/5b869f22-ef53-45fb-afd7-4dedb26e3026/element [76.808708ms] ERR:404 body={"strategy":"-android uiautomator","selector":"new UiSelector().textMatches(\"(?is).*\\QDefinitely N...
14:06:08.518290 POST /session/5b869f22-ef53-45fb-afd7-4dedb26e3026/element [45.88025ms] ERR:404 body={"strategy":"-android uiautomator","selector":"new UiSelector().descriptionMatches(\"(?is).*\\QDefin...
14:06:08.551739 POST /session/5b869f22-ef53-45fb-afd7-4dedb26e3026/element [33.395542ms] ERR:404 body={"strategy":"-android uiautomator","selector":"new UiSelector().textContains(\"Definitely Not Here\"...
14:06:08.566462 POST /session/5b869f22-ef53-45fb-afd7-4dedb26e3026/element [14.663667ms] ERR:404 body={"strategy":"-android uiautomator","selector":"new UiSelector().descriptionContains(\"Definitely Not...
14:06:08.588604 POST /session/5b869f22-ef53-45fb-afd7-4dedb26e3026/element [22.044459ms] ERR:404 body={"strategy":"-android uiautomator","selector":"new UiSelector().textMatches(\"(?is).*\\QDefinitely N...
14:06:08.617337 POST /session/5b869f22-ef53-45fb-afd7-4dedb26e3026/element [28.681708ms] ERR:404 body={"strategy":"-android uiautomator","selector":"new UiSelector().descriptionMatches(\"(?is).*\\QDefin...
14:06:08.642759 POST /session/5b869f22-ef53-45fb-afd7-4dedb26e3026/element [25.354916ms] ERR:404 body={"strategy":"-android uiautomator","selector":"new UiSelector().textContains(\"Definitely Not Here\"...
14:06:08.658543 POST /session/5b869f22-ef53-45fb-afd7-4dedb26e3026/element [15.685667ms] ERR:404 body={"strategy":"-android uiautomator","selector":"new UiSelector().descriptionContains(\"Definitely Not...
14:06:08.683597 POST /session/5b869f22-ef53-45fb-afd7-4dedb26e3026/element [24.955167ms] ERR:404 body={"strategy":"-android uiautomator","selector":"new UiSelector().textMatches(\"(?is).*\\QDefinitely N...
14:06:08.705538 POST /session/5b869f22-ef53-45fb-afd7-4dedb26e3026/element [21.879958ms] ERR:404 body={"strategy":"-android uiautomator","selector":"new UiSelector().descriptionMatches(\"(?is).*\\QDefin...
14:06:08.724151 POST /session/5b869f22-ef53-45fb-afd7-4dedb26e3026/element [18.50575ms] ERR:404 body={"strategy":"-android uiautomator","selector":"new UiSelector().textContains(\"Definitely Not Here\"...
14:06:08.741399 POST /session/5b869f22-ef53-45fb-afd7-4dedb26e3026/element [17.146209ms] ERR:404 body={"strategy":"-android uiautomator","selector":"new UiSelector().descriptionContains(\"Definitely Not...
14:06:08.761835 POST /session/5b869f22-ef53-45fb-afd7-4dedb26e3026/element [20.344084ms] ERR:404 body={"strategy":"-android uiautomator","selector":"new UiSelector().textMatches(\"(?is).*\\QDefinitely N...
14:06:08.790946 POST /session/5b869f22-ef53-45fb-afd7-4dedb26e3026/element [29.023708ms] ERR:404 body={"strategy":"-android uiautomator","selector":"new UiSelector().descriptionMatches(\"(?is).*\\QDefin...
14:06:08.817209 POST /session/5b869f22-ef53-45fb-afd7-4dedb26e3026/element [26.149917ms] ERR:404 body={"strategy":"-android uiautomator","selector":"new UiSelector().textContains(\"Definitely Not Here\"...
14:06:08.859520 POST /session/5b869f22-ef53-45fb-afd7-4dedb26e3026/element [42.197292ms] ERR:404 body={"strategy":"-android uiautomator","selector":"new UiSelector().descriptionContains(\"Definitely Not...
14:06:08.874099 POST /session/5b869f22-ef53-45fb-afd7-4dedb26e3026/element [14.506916ms] ERR:404 body={"strategy":"-android uiautomator","selector":"new UiSelector().textMatches(\"(?is).*\\QDefinitely N...
14:06:08.890991 POST /session/5b869f22-ef53-45fb-afd7-4dedb26e3026/element [16.618583ms] ERR:404 body={"strategy":"-android uiautomator","selector":"new UiSelector().descriptionMatches(\"(?is).*\\QDefin...
14:06:08.902138 POST /session/5b869f22-ef53-45fb-afd7-4dedb26e3026/element [11.07375ms] ERR:404 body={"strategy":"-android uiautomator","selector":"new UiSelector().textContains(\"Definitely Not Here\"...
14:06:08.916816 POST /session/5b869f22-ef53-45fb-afd7-4dedb26e3026/element [14.568792ms] ERR:404 body={"strategy":"-android uiautomator","selector":"new UiSelector().descriptionContains(\"Definitely Not...
14:06:08.927694 POST /session/5b869f22-ef53-45fb-afd7-4dedb26e3026/element [10.820583ms] ERR:404 body={"strategy":"-android uiautomator","selector":"new UiSelector().textMatches(\"(?is).*\\QDefinitely N...
14:06:08.942247 POST /session/5b869f22-ef53-45fb-afd7-4dedb26e3026/element [14.489459ms] ERR:404 body={"strategy":"-android uiautomator","selector":"new UiSelector().descriptionMatches(\"(?is).*\\QDefin...
14:06:08.954317 POST /session/5b869f22-ef53-45fb-afd7-4dedb26e3026/element [12.009125ms] ERR:404 body={"strategy":"-android uiautomator","selector":"new UiSelector().textContains(\"Definitely Not Here\"...
14:06:08.965189 POST /session/5b869f22-ef53-45fb-afd7-4dedb26e3026/element [10.808459ms] ERR:404 body={"strategy":"-android uiautomator","selector":"new UiSelector().descriptionContains(\"Definitely Not...
14:06:08.976855 POST /session/5b869f22-ef53-45fb-afd7-4dedb26e3026/element [11.609125ms] ERR:404 body={"strategy":"-android uiautomator","selector":"new UiSelector().textMatches(\"(?is).*\\QDefinitely N...
14:06:08.990707 POST /session/5b869f22-ef53-45fb-afd7-4dedb26e3026/element [13.795125ms] ERR:404 body={"strategy":"-android uiautomator","selector":"new UiSelector().descriptionMatches(\"(?is).*\\QDefin...
14:06:09.006835 POST /session/5b869f22-ef53-45fb-afd7-4dedb26e3026/element [16.055041ms] ERR:404 body={"strategy":"-android uiautomator","selector":"new UiSelector().textContains(\"Definitely Not Here\"...
14:06:09.022232 POST /session/5b869f22-ef53-45fb-afd7-4dedb26e3026/element [15.339083ms] ERR:404 body={"strategy":"-android uiautomator","selector":"new UiSelector().descriptionContains(\"Definitely Not...
14:06:09.042604 POST /session/5b869f22-ef53-45fb-afd7-4dedb26e3026/element [20.249458ms] ERR:404 body={"strategy":"-android uiautomator","selector":"new UiSelector().textMatches(\"(?is).*\\QDefinitely N...
14:06:09.070056 POST /session/5b869f22-ef53-45fb-afd7-4dedb26e3026/element [27.370458ms] ERR:404 body={"strategy":"-android uiautomator","selector":"new UiSelector().descriptionMatches(\"(?is).*\\QDefin...
14:06:09.092280 POST /session/5b869f22-ef53-45fb-afd7-4dedb26e3026/element [22.132042ms] ERR:404 body={"strategy":"-android uiautomator","selector":"new UiSelector().textContains(\"Definitely Not Here\"...
14:06:09.125935 POST /session/5b869f22-ef53-45fb-afd7-4dedb26e3026/element [33.575791ms] ERR:404 body={"strategy":"-android uiautomator","selector":"new UiSelector().descriptionContains(\"Definitely Not...
14:06:09.161527 POST /session/5b869f22-ef53-45fb-afd7-4dedb26e3026/element [35.45675ms] ERR:404 body={"strategy":"-android uiautomator","selector":"new UiSelector().textMatches(\"(?is).*\\QDefinitely N...
14:06:09.215884 POST /session/5b869f22-ef53-45fb-afd7-4dedb26e3026/element [54.253291ms] ERR:404 body={"strategy":"-android uiautomator","selector":"new UiSelector().descriptionMatches(\"(?is).*\\QDefin...
14:06:09.244260 POST /session/5b869f22-ef53-45fb-afd7-4dedb26e3026/element [28.281875ms] ERR:404 body={"strategy":"-android uiautomator","selector":"new UiSelector().textContains(\"Definitely Not Here\"...
14:06:09.269806 POST /session/5b869f22-ef53-45fb-afd7-4dedb26e3026/element [25.469667ms] ERR:404 body={"strategy":"-android uiautomator","selector":"new UiSelector().descriptionContains(\"Definitely Not...
14:06:09.285273 POST /session/5b869f22-ef53-45fb-afd7-4dedb26e3026/element [15.404291ms] ERR:404 body={"strategy":"-android uiautomator","selector":"new UiSelector().textMatches(\"(?is).*\\QDefinitely N...
14:06:09.308686 POST /session/5b869f22-ef53-45fb-afd7-4dedb26e3026/element [23.32925ms] ERR:404 body={"strategy":"-android uiautomator","selector":"new UiSelector().descriptionMatches(\"(?is).*\\QDefin...
14:06:09.341045 POST /session/5b869f22-ef53-45fb-afd7-4dedb26e3026/element [32.296333ms] ERR:404 body={"strategy":"-android uiautomator","selector":"new UiSelector().textContains(\"Definitely Not Here\"...
14:06:09.370151 POST /session/5b869f22-ef53-45fb-afd7-4dedb26e3026/element [29.041583ms] ERR:404 body={"strategy":"-android uiautomator","selector":"new UiSelector().descriptionContains(\"Definitely Not...
14:06:09.385576 POST /session/5b869f22-ef53-45fb-afd7-4dedb26e3026/element [15.361792ms] ERR:404 body={"strategy":"-android uiautomator","selector":"new UiSelector().textMatches(\"(?is).*\\QDefinitely N...
14:06:09.395504 POST /session/5b869f22-ef53-45fb-afd7-4dedb26e3026/element [9.871125ms] ERR:404 body={"strategy":"-android uiautomator","selector":"new UiSelector().descriptionMatches(\"(?is).*\\QDefin...
14:06:09.407334 POST /session/5b869f22-ef53-45fb-afd7-4dedb26e3026/element [11.768583ms] ERR:404 body={"strategy":"-android uiautomator","selector":"new UiSelector().textContains(\"Definitely Not Here\"...
14:06:09.416558 POST /session/5b869f22-ef53-45fb-afd7-4dedb26e3026/element [9.15675ms] ERR:404 body={"strategy":"-android uiautomator","selector":"new UiSelector().descriptionContains(\"Definitely Not...
14:06:09.435742 POST /session/5b869f22-ef53-45fb-afd7-4dedb26e3026/element [19.077916ms] ERR:404 body={"strategy":"-android uiautomator","selector":"new UiSelector().textMatches(\"(?is).*\\QDefinitely N...
14:06:09.450576 POST /session/5b869f22-ef53-45fb-afd7-4dedb26e3026/element [14.744042ms] ERR:404 body={"strategy":"-android uiautomator","selector":"new UiSelector().descriptionMatches(\"(?is).*\\QDefin...
14:06:09.480736 POST /session/5b869f22-ef53-45fb-afd7-4dedb26e3026/element [30.09575ms] ERR:404 body={"strategy":"-android uiautomator","selector":"new UiSelector().textContains(\"Definitely Not Here\"...
14:06:09.503383 POST /session/5b869f22-ef53-45fb-afd7-4dedb26e3026/element [22.5105ms] ERR:404 body={"strategy":"-android uiautomator","selector":"new UiSelector().descriptionContains(\"Definitely Not...
14:06:09.533268 POST /session/5b869f22-ef53-45fb-afd7-4dedb26e3026/element [29.817166ms] ERR:404 body={"strategy":"-android uiautomator","selector":"new UiSelector().textMatches(\"(?is).*\\QDefinitely N...
14:06:09.546071 POST /session/5b869f22-ef53-45fb-afd7-4dedb26e3026/element [12.736584ms] ERR:404 body={"strategy":"-android uiautomator","selector":"new UiSelector().descriptionMatches(\"(?is).*\\QDefin...
14:06:09.559443 POST /session/5b869f22-ef53-45fb-afd7-4dedb26e3026/element [13.308666ms] ERR:404 body={"strategy":"-android uiautomator","selector":"new UiSelector().textContains(\"Definitely Not Here\"...
14:06:09.572546 POST /session/5b869f22-ef53-45fb-afd7-4dedb26e3026/element [13.040042ms] ERR:404 body={"strategy":"-android uiautomator","selector":"new UiSelector().descriptionContains(\"Definitely Not...
14:06:09.583036 POST /session/5b869f22-ef53-45fb-afd7-4dedb26e3026/element [10.421125ms] ERR:404 body={"strategy":"-android uiautomator","selector":"new UiSelector().textMatches(\"(?is).*\\QDefinitely N...
14:06:09.595801 POST /session/5b869f22-ef53-45fb-afd7-4dedb26e3026/element [12.694833ms] ERR:404 body={"strategy":"-android uiautomator","selector":"new UiSelector().descriptionMatches(\"(?is).*\\QDefin...
14:06:09.606032 POST /session/5b869f22-ef53-45fb-afd7-4dedb26e3026/element [10.166916ms] ERR:404 body={"strategy":"-android uiautomator","selector":"new UiSelector().textContains(\"Definitely Not Here\"...
14:06:09.615270 POST /session/5b869f22-ef53-45fb-afd7-4dedb26e3026/element [9.17825ms] ERR:404 body={"strategy":"-android uiautomator","selector":"new UiSelector().descriptionContains(\"Definitely Not...
14:06:09.627276 POST /session/5b869f22-ef53-45fb-afd7-4dedb26e3026/element [11.936875ms] ERR:404 body={"strategy":"-android uiautomator","selector":"new UiSelector().textMatches(\"(?is).*\\QDefinitely N...
14:06:09.639081 POST /session/5b869f22-ef53-45fb-afd7-4dedb26e3026/element [11.744667ms] ERR:404 body={"strategy":"-android uiautomator","selector":"new UiSelector().descriptionMatches(\"(?is).*\\QDefin...
14:06:09.655026 POST /session/5b869f22-ef53-45fb-afd7-4dedb26e3026/element [15.88425ms] ERR:404 body={"strategy":"-android uiautomator","selector":"new UiSelector().textContains(\"Definitely Not Here\"...
14:06:09.666785 POST /session/5b869f22-ef53-45fb-afd7-4dedb26e3026/element [11.705125ms] ERR:404 body={"strategy":"-android uiautomator","selector":"new UiSelector().descriptionContains(\"Definitely Not...
14:06:09.679142 POST /session/5b869f22-ef53-45fb-afd7-4dedb26e3026/element [12.295625ms] ERR:404 body={"strategy":"-android uiautomator","selector":"new UiSelector().textMatches(\"(?is).*\\QDefinitely N...
14:06:09.690692 POST /session/5b869f22-ef53-45fb-afd7-4dedb26e3026/element [11.49475ms] ERR:404 body={"strategy":"-android uiautomator","selector":"new UiSelector().descriptionMatches(\"(?is).*\\QDefin...
14:06:09.701309 POST /session/5b869f22-ef53-45fb-afd7-4dedb26e3026/element [10.567167ms] ERR:404 body={"strategy":"-android uiautomator","selector":"new UiSelector().textContains(\"Definitely Not Here\"...
14:06:09.710978 POST /session/5b869f22-ef53-45fb-afd7-4dedb26e3026/element [9.625458ms] ERR:404 body={"strategy":"-android uiautomator","selector":"new UiSelector().descriptionContains(\"Definitely Not...
14:06:09.720173 POST /session/5b869f22-ef53-45fb-afd7-4dedb26e3026/element [9.159ms] ERR:404 body={"strategy":"-android uiautomator","selector":"new UiSelector().textMatches(\"(?is).*\\QDefinitely N...
14:06:09.733676 POST /session/5b869f22-ef53-45fb-afd7-4dedb26e3026/element [13.431708ms] ERR:404 body={"strategy":"-android uiautomator","selector":"new UiSelector().descriptionMatches(\"(?is).*\\QDefin...
14:06:09.745581 POST /session/5b869f22-ef53-45fb-afd7-4dedb26e3026/element [11.819667ms] ERR:404 body={"strategy":"-android uiautomator","selector":"new UiSelector().textContains(\"Definitely Not Here\"...
14:06:09.763381 POST /session/5b869f22-ef53-45fb-afd7-4dedb26e3026/element [17.7385ms] ERR:404 body={"strategy":"-android uiautomator","selector":"new UiSelector().descriptionContains(\"Definitely Not...
14:06:09.775874 POST /session/5b869f22-ef53-45fb-afd7-4dedb26e3026/element [12.422916ms] ERR:404 body={"strategy":"-android uiautomator","selector":"new UiSelector().textMatches(\"(?is).*\\QDefinitely N...
14:06:09.786364 POST /session/5b869f22-ef53-45fb-afd7-4dedb26e3026/element [10.4375ms] ERR:404 body={"strategy":"-android uiautomator","selector":"new UiSelector().descriptionMatches(\"(?is).*\\QDefin...
14:06:09.797138 POST /session/5b869f22-ef53-45fb-afd7-4dedb26e3026/element [10.717209ms] ERR:404 body={"strategy":"-android uiautomator","selector":"new UiSelector().textContains(\"Definitely Not Here\"...
14:06:09.807230 POST /session/5b869f22-ef53-45fb-afd7-4dedb26e3026/element [10.035334ms] ERR:404 body={"strategy":"-android uiautomator","selector":"new UiSelector().descriptionContains(\"Definitely Not...
14:06:09.819371 POST /session/5b869f22-ef53-45fb-afd7-4dedb26e3026/element [12.076375ms] ERR:404 body={"strategy":"-android uiautomator","selector":"new UiSelector().textMatches(\"(?is).*\\QDefinitely N...
14:06:09.833539 POST /session/5b869f22-ef53-45fb-afd7-4dedb26e3026/element [14.104708ms] ERR:404 body={"strategy":"-android uiautomator","selector":"new UiSelector().descriptionMatches(\"(?is).*\\QDefin...
14:06:09.846739 POST /session/5b869f22-ef53-45fb-afd7-4dedb26e3026/element [13.142ms] ERR:404 body={"strategy":"-android uiautomator","selector":"new UiSelector().textContains(\"Definitely Not Here\"...
14:06:09.857896 POST /session/5b869f22-ef53-45fb-afd7-4dedb26e3026/element [11.090958ms] ERR:404 body={"strategy":"-android uiautomator","selector":"new UiSelector().descriptionContains(\"Definitely Not...
14:06:09.871464 POST /session/5b869f22-ef53-45fb-afd7-4dedb26e3026/element [13.500708ms] ERR:404 body={"strategy":"-android uiautomator","selector":"new UiSelector().textMatches(\"(?is).*\\QDefinitely N...
14:06:09.883447 POST /session/5b869f22-ef53-45fb-afd7-4dedb26e3026/element [11.92025ms] ERR:404 body={"strategy":"-android uiautomator","selector":"new UiSelector().descriptionMatches(\"(?is).*\\QDefin...
14:06:09.893825 POST /session/5b869f22-ef53-45fb-afd7-4dedb26e3026/element [10.319333ms] ERR:404 body={"strategy":"-android uiautomator","selector":"new UiSelector().textContains(\"Definitely Not Here\"...
14:06:09.903897 POST /session/5b869f22-ef53-45fb-afd7-4dedb26e3026/element [10.006875ms] ERR:404 body={"strategy":"-android uiautomator","selector":"new UiSelector().descriptionContains(\"Definitely Not...
14:06:09.914807 POST /session/5b869f22-ef53-45fb-afd7-4dedb26e3026/element [10.843167ms] ERR:404 body={"strategy":"-android uiautomator","selector":"new UiSelector().textMatches(\"(?is).*\\QDefinitely N...
14:06:09.926104 POST /session/5b869f22-ef53-45fb-afd7-4dedb26e3026/element [11.222666ms] ERR:404 body={"strategy":"-android uiautomator","selector":"new UiSelector().descriptionMatches(\"(?is).*\\QDefin...
14:06:09.931080 POST /session/5b869f22-ef53-45fb-afd7-4dedb26e3026/element [4.900708ms] ERR:404 body={"strategy":"-android uiautomator","selector":"new UiSelector().textContains(\"Definitely Not Here\"...
14:06:09.942008 POST /session/5b869f22-ef53-45fb-afd7-4dedb26e3026/element [10.870875ms] ERR:404 body={"strategy":"-android uiautomator","selector":"new UiSelector().descriptionContains(\"Definitely Not...
14:06:09.955441 POST /session/5b869f22-ef53-45fb-afd7-4dedb26e3026/element [13.364917ms] ERR:404 body={"strategy":"-android uiautomator","selector":"new UiSelector().textMatches(\"(?is).*\\QDefinitely N...
14:06:09.968666 POST /session/5b869f22-ef53-45fb-afd7-4dedb26e3026/element [13.165292ms] ERR:404 body={"strategy":"-android uiautomator","selector":"new UiSelector().descriptionMatches(\"(?is).*\\QDefin...
14:06:09.979165 POST /session/5b869f22-ef53-45fb-afd7-4dedb26e3026/element [10.430917ms] ERR:404 body={"strategy":"-android uiautomator","selector":"new UiSelector().textContains(\"Definitely Not Here\"...
14:06:09.989888 POST /session/5b869f22-ef53-45fb-afd7-4dedb26e3026/element [10.658334ms] ERR:404 body={"strategy":"-android uiautomator","selector":"new UiSelector().descriptionContains(\"Definitely Not...
14:06:10.003847 POST /session/5b869f22-ef53-45fb-afd7-4dedb26e3026/element [13.894333ms] ERR:404 body={"strategy":"-android uiautomator","selector":"new UiSelector().textMatches(\"(?is).*\\QDefinitely N...
14:06:10.015213 POST /session/5b869f22-ef53-45fb-afd7-4dedb26e3026/element [11.308833ms] ERR:404 body={"strategy":"-android uiautomator","selector":"new UiSelector().descriptionMatches(\"(?is).*\\QDefin...
14:06:10.031927 POST /session/5b869f22-ef53-45fb-afd7-4dedb26e3026/element [16.652ms] ERR:404 body={"strategy":"-android uiautomator","selector":"new UiSelector().textContains(\"Definitely Not Here\"...
14:06:10.055356 POST /session/5b869f22-ef53-45fb-afd7-4dedb26e3026/element [23.341375ms] ERR:404 body={"strategy":"-android uiautomator","selector":"new UiSelector().descriptionContains(\"Definitely Not...
14:06:10.093832 POST /session/5b869f22-ef53-45fb-afd7-4dedb26e3026/element [38.405084ms] ERR:404 body={"strategy":"-android uiautomator","selector":"new UiSelector().textMatches(\"(?is).*\\QDefinitely N...
14:06:10.123898 POST /session/5b869f22-ef53-45fb-afd7-4dedb26e3026/element [29.985666ms] ERR:404 body={"strategy":"-android uiautomator","selector":"new UiSelector().descriptionMatches(\"(?is).*\\QDefin...
14:06:10.145052 POST /session/5b869f22-ef53-45fb-afd7-4dedb26e3026/element [21.046958ms] ERR:404 body={"strategy":"-android uiautomator","selector":"new UiSelector().textContains(\"Definitely Not Here\"...
14:06:10.158002 POST /session/5b869f22-ef53-45fb-afd7-4dedb26e3026/element [12.882917ms] ERR:404 body={"strategy":"-android uiautomator","selector":"new UiSelector().descriptionContains(\"Definitely Not...
14:06:10.181484 POST /session/5b869f22-ef53-45fb-afd7-4dedb26e3026/element [23.421333ms] ERR:404 body={"strategy":"-android uiautomator","selector":"new UiSelector().textMatches(\"(?is).*\\QDefinitely N...
14:06:10.191969 POST /session/5b869f22-ef53-45fb-afd7-4dedb26e3026/element [10.408125ms] ERR:404 body={"strategy":"-android uiautomator","selector":"new UiSelector().descriptionMatches(\"(?is).*\\QDefin...
14:06:10.205932 POST /session/5b869f22-ef53-45fb-afd7-4dedb26e3026/element [13.886792ms] ERR:404 body={"strategy":"-android uiautomator","selector":"new UiSelector().textContains(\"Definitely Not Here\"...
14:06:10.219698 POST /session/5b869f22-ef53-45fb-afd7-4dedb26e3026/element [13.668791ms] ERR:404 body={"strategy":"-android uiautomator","selector":"new UiSelector().descriptionContains(\"Definitely Not...
14:06:10.228277 POST /session/5b869f22-ef53-45fb-afd7-4dedb26e3026/element [8.505875ms] ERR:404 body={"strategy":"-android uiautomator","selector":"new UiSelector().textMatches(\"(?is).*\\QDefinitely N...
14:06:10.241125 POST /session/5b869f22-ef53-45fb-afd7-4dedb26e3026/element [12.720625ms] ERR:404 body={"strategy":"-android uiautomator","selector":"new UiSelector().descriptionMatches(\"(?is).*\\QDefin...
14:06:10.256117 POST /session/5b869f22-ef53-45fb-afd7-4dedb26e3026/element [14.899917ms] ERR:404 body={"strategy":"-android uiautomator","selector":"new UiSelector().textContains(\"Definitely Not Here\"...
14:06:10.269015 POST /session/5b869f22-ef53-45fb-afd7-4dedb26e3026/element [12.819125ms] ERR:404 body={"strategy":"-android uiautomator","selector":"new UiSelector().descriptionContains(\"Definitely Not...
14:06:10.281847 POST /session/5b869f22-ef53-45fb-afd7-4dedb26e3026/element [12.770333ms] ERR:404 body={"strategy":"-android uiautomator","selector":"new UiSelector().textMatches(\"(?is).*\\QDefinitely N...
14:06:10.294681 POST /session/5b869f22-ef53-45fb-afd7-4dedb26e3026/element [12.774209ms] ERR:404 body={"strategy":"-android uiautomator","selector":"new UiSelector().descriptionMatches(\"(?is).*\\QDefin...
14:06:10.308165 POST /session/5b869f22-ef53-45fb-afd7-4dedb26e3026/element [13.404709ms] ERR:404 body={"strategy":"-android uiautomator","selector":"new UiSelector().textContains(\"Definitely Not Here\"...
14:06:10.319404 POST /session/5b869f22-ef53-45fb-afd7-4dedb26e3026/element [11.183333ms] ERR:404 body={"strategy":"-android uiautomator","selector":"new UiSelector().descriptionContains(\"Definitely Not...
14:06:10.330992 POST /session/5b869f22-ef53-45fb-afd7-4dedb26e3026/element [11.512167ms] ERR:404 body={"strategy":"-android uiautomator","selector":"new UiSelector().textMatches(\"(?is).*\\QDefinitely N...
14:06:10.341136 POST /session/5b869f22-ef53-45fb-afd7-4dedb26e3026/element [10.062625ms] ERR:404 body={"strategy":"-android uiautomator","selector":"new UiSelector().descriptionMatches(\"(?is).*\\QDefin...
14:06:10.348672 POST /session/5b869f22-ef53-45fb-afd7-4dedb26e3026/element [7.477083ms] ERR:404 body={"strategy":"-android uiautomator","selector":"new UiSelector().textContains(\"Definitely Not Here\"...
14:06:10.358941 POST /session/5b869f22-ef53-45fb-afd7-4dedb26e3026/element [10.20575ms] ERR:404 body={"strategy":"-android uiautomator","selector":"new UiSelector().descriptionContains(\"Definitely Not...
14:06:10.365484 POST /session/5b869f22-ef53-45fb-afd7-4dedb26e3026/element [6.460666ms] ERR:404 body={"strategy":"-android uiautomator","selector":"new UiSelector().textMatches(\"(?is).*\\QDefinitely N...
14:06:10.373176 POST /session/5b869f22-ef53-45fb-afd7-4dedb26e3026/element [7.604208ms] ERR:404 body={"strategy":"-android uiautomator","selector":"new UiSelector().descriptionMatches(\"(?is).*\\QDefin...
14:06:10.381656 POST /session/5b869f22-ef53-45fb-afd7-4dedb26e3026/element [8.4195ms] ERR:404 body={"strategy":"-android uiautomator","selector":"new UiSelector().textContains(\"Definitely Not Here\"...
14:06:10.390610 POST /session/5b869f22-ef53-45fb-afd7-4dedb26e3026/element [8.913083ms] ERR:404 body={"strategy":"-android uiautomator","selector":"new UiSelector().descriptionContains(\"Definitely Not...
14:06:10.399397 POST /session/5b869f22-ef53-45fb-afd7-4dedb26e3026/element [8.731459ms] ERR:404 body={"strategy":"-android uiautomator","selector":"new UiSelector().textMatches(\"(?is).*\\QDefinitely N...
14:06:10.406981 POST /session/5b869f22-ef53-45fb-afd7-4dedb26e3026/element [7.53325ms] ERR:404 body={"strategy":"-android uiautomator","selector":"new UiSelector().descriptionMatches(\"(?is).*\\QDefin...
14:06:10.412368 POST /session/5b869f22-ef53-45fb-afd7-4dedb26e3026/element [5.350708ms] ERR:404 body={"strategy":"-android uiautomator","selector":"new UiSelector().textContains(\"Definitely Not Here\"...
14:06:10.419325 POST /session/5b869f22-ef53-45fb-afd7-4dedb26e3026/element [6.898625ms] ERR:404 body={"strategy":"-android uiautomator","selector":"new UiSelector().descriptionContains(\"Definitely Not...
14:06:10.429840 POST /session/5b869f22-ef53-45fb-afd7-4dedb26e3026/element [10.463375ms] ERR:404 body={"strategy":"-android uiautomator","selector":"new UiSelector().textMatches(\"(?is).*\\QDefinitely N...
14:06:10.439750 POST /session/5b869f22-ef53-45fb-afd7-4dedb26e3026/element [9.858292ms] ERR:404 body={"strategy":"-android uiautomator","selector":"new UiSelector().descriptionMatches(\"(?is).*\\QDefin...
14:06:10.449107 POST /session/5b869f22-ef53-45fb-afd7-4dedb26e3026/element [9.3115ms] ERR:404 body={"strategy":"-android uiautomator","selector":"new UiSelector().textContains(\"Definitely Not Here\"...
14:06:10.459240 POST /session/5b869f22-ef53-45fb-afd7-4dedb26e3026/element [10.0865ms] ERR:404 body={"strategy":"-android uiautomator","selector":"new UiSelector().descriptionContains(\"Definitely Not...
14:06:10.468342 POST /session/5b869f22-ef53-45fb-afd7-4dedb26e3026/element [9.053333ms] ERR:404 body={"strategy":"-android uiautomator","selector":"new UiSelector().textMatches(\"(?is).*\\QDefinitely N...
14:06:10.478440 POST /session/5b869f22-ef53-45fb-afd7-4dedb26e3026/element [10.036875ms] ERR:404 body={"strategy":"-android uiautomator","selector":"new UiSelector().descriptionMatches(\"(?is).*\\QDefin...
14:06:10.487550 POST /session/5b869f22-ef53-45fb-afd7-4dedb26e3026/element [9.039167ms] ERR:404 body={"strategy":"-android uiautomator","selector":"new UiSelector().textContains(\"Definitely Not Here\"...
14:06:10.498496 POST /session/5b869f22-ef53-45fb-afd7-4dedb26e3026/element [10.865209ms] ERR:404 body={"strategy":"-android uiautomator","selector":"new UiSelector().descriptionContains(\"Definitely Not...
14:06:10.509334 POST /session/5b869f22-ef53-45fb-afd7-4dedb26e3026/element [10.772667ms] ERR:404 body={"strategy":"-android uiautomator","selector":"new UiSelector().textMatches(\"(?is).*\\QDefinitely N...
14:06:10.519363 POST /session/5b869f22-ef53-45fb-afd7-4dedb26e3026/element [9.97575ms] ERR:404 body={"strategy":"-android uiautomator","selector":"new UiSelector().descriptionMatches(\"(?is).*\\QDefin...
14:06:10.527178 POST /session/5b869f22-ef53-45fb-afd7-4dedb26e3026/element [7.777958ms] ERR:404 body={"strategy":"-android uiautomator","selector":"new UiSelector().textContains(\"Definitely Not Here\"...
14:06:10.536324 POST /session/5b869f22-ef53-45fb-afd7-4dedb26e3026/element [9.071542ms] ERR:404 body={"strategy":"-android uiautomator","selector":"new UiSelector().descriptionContains(\"Definitely Not...
14:06:10.547492 POST /session/5b869f22-ef53-45fb-afd7-4dedb26e3026/element [11.095875ms] ERR:404 body={"strategy":"-android uiautomator","selector":"new UiSelector().textMatches(\"(?is).*\\QDefinitely N...
14:06:10.558366 POST /session/5b869f22-ef53-45fb-afd7-4dedb26e3026/element [10.8115ms] ERR:404 body={"strategy":"-android uiautomator","selector":"new UiSelector().descriptionMatches(\"(?is).*\\QDefin...
14:06:10.568689 POST /session/5b869f22-ef53-45fb-afd7-4dedb26e3026/element [10.269625ms] ERR:404 body={"strategy":"-android uiautomator","selector":"new UiSelector().textContains(\"Definitely Not Here\"...
14:06:10.579465 POST /session/5b869f22-ef53-45fb-afd7-4dedb26e3026/element [10.721667ms] ERR:404 body={"strategy":"-android uiautomator","selector":"new UiSelector().descriptionContains(\"Definitely Not...
14:06:10.588432 POST /session/5b869f22-ef53-45fb-afd7-4dedb26e3026/element [8.91ms] ERR:404 body={"strategy":"-android uiautomator","selector":"new UiSelector().textMatches(\"(?is).*\\QDefinitely N...
14:06:10.600255 POST /session/5b869f22-ef53-45fb-afd7-4dedb26e3026/element [11.757334ms] ERR:404 body={"strategy":"-android uiautomator","selector":"new UiSelector().descriptionMatches(\"(?is).*\\QDefin...
14:06:10.611769 POST /session/5b869f22-ef53-45fb-afd7-4dedb26e3026/element [11.455416ms] ERR:404 body={"strategy":"-android uiautomator","selector":"new UiSelector().textContains(\"Definitely Not Here\"...
14:06:10.621560 POST /session/5b869f22-ef53-45fb-afd7-4dedb26e3026/element [9.735458ms] ERR:404 body={"strategy":"-android uiautomator","selector":"new UiSelector().descriptionContains(\"Definitely Not...
14:06:10.631662 POST /session/5b869f22-ef53-45fb-afd7-4dedb26e3026/element [10.045042ms] ERR:404 body={"strategy":"-android uiautomator","selector":"new UiSelector().textMatches(\"(?is).*\\QDefinitely N...
14:06:10.643850 POST /session/5b869f22-ef53-45fb-afd7-4dedb26e3026/element [12.129917ms] ERR:404 body={"strategy":"-android uiautomator","selector":"new UiSelector().descriptionMatches(\"(?is).*\\QDefin...
14:06:10.653891 POST /session/5b869f22-ef53-45fb-afd7-4dedb26e3026/element [9.984792ms] ERR:404 body={"strategy":"-android uiautomator","selector":"new UiSelector().textContains(\"Definitely Not Here\"...
14:06:10.670276 POST /session/5b869f22-ef53-45fb-afd7-4dedb26e3026/element [15.136709ms] ERR:404 body={"strategy":"-android uiautomator","selector":"new UiSelector().descriptionContains(\"Definitely Not...
14:06:10.685407 POST /session/5b869f22-ef53-45fb-afd7-4dedb26e3026/element [15.06575ms] ERR:404 body={"strategy":"-android uiautomator","selector":"new UiSelector().textMatches(\"(?is).*\\QDefinitely N...
14:06:10.697827 POST /session/5b869f22-ef53-45fb-afd7-4dedb26e3026/element [12.351166ms] ERR:404 body={"strategy":"-android uiautomator","selector":"new UiSelector().descriptionMatches(\"(?is).*\\QDefin...
14:06:10.712398 POST /session/5b869f22-ef53-45fb-afd7-4dedb26e3026/element [14.505459ms] ERR:404 body={"strategy":"-android uiautomator","selector":"new UiSelector().textContains(\"Definitely Not Here\"...
14:06:10.735406 POST /session/5b869f22-ef53-45fb-afd7-4dedb26e3026/element [22.644375ms] ERR:404 body={"strategy":"-android uiautomator","selector":"new UiSelector().descriptionContains(\"Definitely Not...
14:06:10.748214 POST /session/5b869f22-ef53-45fb-afd7-4dedb26e3026/element [12.748583ms] ERR:404 body={"strategy":"-android uiautomator","selector":"new UiSelector().textMatches(\"(?is).*\\QDefinitely N...
14:06:10.764111 POST /session/5b869f22-ef53-45fb-afd7-4dedb26e3026/element [15.826958ms] ERR:404 body={"strategy":"-android uiautomator","selector":"new UiSelector().descriptionMatches(\"(?is).*\\QDefin...
14:06:10.778077 POST /session/5b869f22-ef53-45fb-afd7-4dedb26e3026/element [13.905166ms] ERR:404 body={"strategy":"-android uiautomator","selector":"new UiSelector().textContains(\"Definitely Not Here\"...
14:06:10.790764 POST /session/5b869f22-ef53-45fb-afd7-4dedb26e3026/element [12.626916ms] ERR:404 body={"strategy":"-android uiautomator","selector":"new UiSelector().descriptionContains(\"Definitely Not...
14:06:10.803724 POST /session/5b869f22-ef53-45fb-afd7-4dedb26e3026/element [12.879917ms] ERR:404 body={"strategy":"-android uiautomator","selector":"new UiSelector().textMatches(\"(?is).*\\QDefinitely N...
14:06:10.812406 POST /session/5b869f22-ef53-45fb-afd7-4dedb26e3026/element [8.628833ms] ERR:404 body={"strategy":"-android uiautomator","selector":"new UiSelector().descriptionMatches(\"(?is).*\\QDefin...
14:06:10.822854 POST /session/5b869f22-ef53-45fb-afd7-4dedb26e3026/element [10.391167ms] ERR:404 body={"strategy":"-android uiautomator","selector":"new UiSelector().textContains(\"Definitely Not Here\"...
14:06:10.830801 POST /session/5b869f22-ef53-45fb-afd7-4dedb26e3026/element [7.886375ms] ERR:404 body={"strategy":"-android uiautomator","selector":"new UiSelector().descriptionContains(\"Definitely Not...
14:06:10.842957 POST /session/5b869f22-ef53-45fb-afd7-4dedb26e3026/element [12.095ms] ERR:404 body={"strategy":"-android uiautomator","selector":"new UiSelector().textMatches(\"(?is).*\\QDefinitely N...
14:06:10.853365 POST /session/5b869f22-ef53-45fb-afd7-4dedb26e3026/element [10.350375ms] ERR:404 body={"strategy":"-android uiautomator","selector":"new UiSelector().descriptionMatches(\"(?is).*\\QDefin...
14:06:10.863157 POST /session/5b869f22-ef53-45fb-afd7-4dedb26e3026/element [9.73025ms] ERR:404 body={"strategy":"-android uiautomator","selector":"new UiSelector().textContains(\"Definitely Not Here\"...
14:06:10.872181 POST /session/5b869f22-ef53-45fb-afd7-4dedb26e3026/element [8.977541ms] ERR:404 body={"strategy":"-android uiautomator","selector":"new UiSelector().descriptionContains(\"Definitely Not...
14:06:10.882687 POST /session/5b869f22-ef53-45fb-afd7-4dedb26e3026/element [10.453958ms] ERR:404 body={"strategy":"-android uiautomator","selector":"new UiSelector().textMatches(\"(?is).*\\QDefinitely N...
14:06:10.892391 POST /session/5b869f22-ef53-45fb-afd7-4dedb26e3026/element [9.652791ms] ERR:404 body={"strategy":"-android uiautomator","selector":"new UiSelector().descriptionMatches(\"(?is).*\\QDefin...
14:06:10.901190 POST /session/5b869f22-ef53-45fb-afd7-4dedb26e3026/element [8.74675ms] ERR:404 body={"strategy":"-android uiautomator","selector":"new UiSelector().textContains(\"Definitely Not Here\"...
14:06:10.910056 POST /session/5b869f22-ef53-45fb-afd7-4dedb26e3026/element [8.806125ms] ERR:404 body={"strategy":"-android uiautomator","selector":"new UiSelector().descriptionContains(\"Definitely Not...
14:06:10.919776 POST /session/5b869f22-ef53-45fb-afd7-4dedb26e3026/element [9.66675ms] ERR:404 body={"strategy":"-android uiautomator","selector":"new UiSelector().textMatches(\"(?is).*\\QDefinitely N...
14:06:10.931130 POST /session/5b869f22-ef53-45fb-afd7-4dedb26e3026/element [11.293709ms] ERR:404 body={"strategy":"-android uiautomator","selector":"new UiSelector().descriptionMatches(\"(?is).*\\QDefin...
14:06:10.939643 POST /session/5b869f22-ef53-45fb-afd7-4dedb26e3026/element [8.453959ms] ERR:404 body={"strategy":"-android uiautomator","selector":"new UiSelector().textContains(\"Definitely Not Here\"...
14:06:10.947739 POST /session/5b869f22-ef53-45fb-afd7-4dedb26e3026/element [8.037334ms] ERR:404 body={"strategy":"-android uiautomator","selector":"new UiSelector().descriptionContains(\"Definitely Not...
14:06:10.957609 POST /session/5b869f22-ef53-45fb-afd7-4dedb26e3026/element [9.812708ms] ERR:404 body={"strategy":"-android uiautomator","selector":"new UiSelector().textMatches(\"(?is).*\\QDefinitely N...
14:06:10.967289 POST /session/5b869f22-ef53-45fb-afd7-4dedb26e3026/element [9.632125ms] ERR:404 body={"strategy":"-android uiautomator","selector":"new UiSelector().descriptionMatches(\"(?is).*\\QDefin...
14:06:10.979013 POST /session/5b869f22-ef53-45fb-afd7-4dedb26e3026/element [11.666167ms] ERR:404 body={"strategy":"-android uiautomator","selector":"new UiSelector().textContains(\"Definitely Not Here\"...
14:06:10.989737 POST /session/5b869f22-ef53-45fb-afd7-4dedb26e3026/element [10.659167ms] ERR:404 body={"strategy":"-android uiautomator","selector":"new UiSelector().descriptionContains(\"Definitely Not...
14:06:10.997482 POST /session/5b869f22-ef53-45fb-afd7-4dedb26e3026/element [7.675333ms] ERR:404 body={"strategy":"-android uiautomator","selector":"new UiSelector().textMatches(\"(?is).*\\QDefinitely N...
14:06:11.006595 POST /session/5b869f22-ef53-45fb-afd7-4dedb26e3026/element [9.07275ms] ERR:404 body={"strategy":"-android uiautomator","selector":"new UiSelector().descriptionMatches(\"(?is).*\\QDefin...
14:06:11.017540 POST /session/5b869f22-ef53-45fb-afd7-4dedb26e3026/element [10.891792ms] ERR:404 body={"strategy":"-android uiautomator","selector":"new UiSelector().textContains(\"Definitely Not Here\"...
14:06:11.025727 POST /session/5b869f22-ef53-45fb-afd7-4dedb26e3026/element [8.125959ms] ERR:404 body={"strategy":"-android uiautomator","selector":"new UiSelector().descriptionContains(\"Definitely Not...
14:06:11.034989 POST /session/5b869f22-ef53-45fb-afd7-4dedb26e3026/element [9.209375ms] ERR:404 body={"strategy":"-android uiautomator","selector":"new UiSelector().textMatches(\"(?is).*\\QDefinitely N...
14:06:11.044221 POST /session/5b869f22-ef53-45fb-afd7-4dedb26e3026/element [9.185333ms] ERR:404 body={"strategy":"-android uiautomator","selector":"new UiSelector().descriptionMatches(\"(?is).*\\QDefin...
14:06:11.054306 POST /session/5b869f22-ef53-45fb-afd7-4dedb26e3026/element [10.033708ms] ERR:404 body={"strategy":"-android uiautomator","selector":"new UiSelector().textContains(\"Definitely Not Here\"...
14:06:11.062590 POST /session/5b869f22-ef53-45fb-afd7-4dedb26e3026/element [8.222458ms] ERR:404 body={"strategy":"-android uiautomator","selector":"new UiSelector().descriptionContains(\"Definitely Not...
14:06:11.070725 POST /session/5b869f22-ef53-45fb-afd7-4dedb26e3026/element [8.087708ms] ERR:404 body={"strategy":"-android uiautomator","selector":"new UiSelector().textMatches(\"(?is).*\\QDefinitely N...
14:06:11.080224 POST /session/5b869f22-ef53-45fb-afd7-4dedb26e3026/element [9.438958ms] ERR:404 body={"strategy":"-android uiautomator","selector":"new UiSelector().descriptionMatches(\"(?is).*\\QDefin...
14:06:11.093779 POST /session/5b869f22-ef53-45fb-afd7-4dedb26e3026/element [13.389542ms] ERR:404 body={"strategy":"-android uiautomator","selector":"new UiSelector().textContains(\"Definitely Not Here\"...
14:06:11.105664 POST /session/5b869f22-ef53-45fb-afd7-4dedb26e3026/element [11.79325ms] ERR:404 body={"strategy":"-android uiautomator","selector":"new UiSelector().descriptionContains(\"Definitely Not...
14:06:11.117612 POST /session/5b869f22-ef53-45fb-afd7-4dedb26e3026/element [11.884833ms] ERR:404 body={"strategy":"-android uiautomator","selector":"new UiSelector().textMatches(\"(?is).*\\QDefinitely N...
14:06:11.128805 POST /session/5b869f22-ef53-45fb-afd7-4dedb26e3026/element [11.1275ms] ERR:404 body={"strategy":"-android uiautomator","selector":"new UiSelector().descriptionMatches(\"(?is).*\\QDefin...
14:06:11.143185 POST /session/5b869f22-ef53-45fb-afd7-4dedb26e3026/element [14.312708ms] ERR:404 body={"strategy":"-android uiautomator","selector":"new UiSelector().textContains(\"Definitely Not Here\"...
14:06:11.154299 POST /session/5b869f22-ef53-45fb-afd7-4dedb26e3026/element [11.048625ms] ERR:404 body={"strategy":"-android uiautomator","selector":"new UiSelector().descriptionContains(\"Definitely Not...
14:06:11.165009 POST /session/5b869f22-ef53-45fb-afd7-4dedb26e3026/element [10.639291ms] ERR:404 body={"strategy":"-android uiautomator","selector":"new UiSelector().textMatches(\"(?is).*\\QDefinitely N...
14:06:11.174094 POST /session/5b869f22-ef53-45fb-afd7-4dedb26e3026/element [9.014875ms] ERR:404 body={"strategy":"-android uiautomator","selector":"new UiSelector().descriptionMatches(\"(?is).*\\QDefin...
14:06:11.186303 POST /session/5b869f22-ef53-45fb-afd7-4dedb26e3026/element [12.145416ms] ERR:404 body={"strategy":"-android uiautomator","selector":"new UiSelector().textContains(\"Definitely Not Here\"...
14:06:11.201484 POST /session/5b869f22-ef53-45fb-afd7-4dedb26e3026/element [15.103333ms] ERR:404 body={"strategy":"-android uiautomator","selector":"new UiSelector().descriptionContains(\"Definitely Not...
14:06:11.215843 POST /session/5b869f22-ef53-45fb-afd7-4dedb26e3026/element [14.234333ms] ERR:404 body={"strategy":"-android uiautomator","selector":"new UiSelector().textMatches(\"(?is).*\\QDefinitely N...
14:06:11.227861 POST /session/5b869f22-ef53-45fb-afd7-4dedb26e3026/element [11.96075ms] ERR:404 body={"strategy":"-android uiautomator","selector":"new UiSelector().descriptionMatches(\"(?is).*\\QDefin...
14:06:11.237980 POST /session/5b869f22-ef53-45fb-afd7-4dedb26e3026/element [10.0455ms] ERR:404 body={"strategy":"-android uiautomator","selector":"new UiSelector().textContains(\"Definitely Not Here\"...
14:06:11.246817 POST /session/5b869f22-ef53-45fb-afd7-4dedb26e3026/element [8.758208ms] ERR:404 body={"strategy":"-android uiautomator","selector":"new UiSelector().descriptionContains(\"Definitely Not...
14:06:11.258668 POST /session/5b869f22-ef53-45fb-afd7-4dedb26e3026/element [11.775084ms] ERR:404 body={"strategy":"-android uiautomator","selector":"new UiSelector().textMatches(\"(?is).*\\QDefinitely N...
14:06:11.266656 POST /session/5b869f22-ef53-45fb-afd7-4dedb26e3026/element [7.91725ms] ERR:404 body={"strategy":"-android uiautomator","selector":"new UiSelector().descriptionMatches(\"(?is).*\\QDefin...
14:06:11.276401 POST /session/5b869f22-ef53-45fb-afd7-4dedb26e3026/element [9.704ms] ERR:404 body={"strategy":"-android uiautomator","selector":"new UiSelector().textContains(\"Definitely Not Here\"...
14:06:11.283702 POST /session/5b869f22-ef53-45fb-afd7-4dedb26e3026/element [7.254709ms] ERR:404 body={"strategy":"-android uiautomator","selector":"new UiSelector().descriptionContains(\"Definitely Not...
14:06:11.292404 POST /session/5b869f22-ef53-45fb-afd7-4dedb26e3026/element [8.655042ms] ERR:404 body={"strategy":"-android uiautomator","selector":"new UiSelector().textMatches(\"(?is).*\\QDefinitely N...
14:06:11.301174 POST /session/5b869f22-ef53-45fb-afd7-4dedb26e3026/element [8.721875ms] ERR:404 body={"strategy":"-android uiautomator","selector":"new UiSelector().descriptionMatches(\"(?is).*\\QDefin...
14:06:11.309260 POST /session/5b869f22-ef53-45fb-afd7-4dedb26e3026/element [8.023125ms] ERR:404 body={"strategy":"-android uiautomator","selector":"new UiSelector().textContains(\"Definitely Not Here\"...
14:06:11.318843 POST /session/5b869f22-ef53-45fb-afd7-4dedb26e3026/element [9.514209ms] ERR:404 body={"strategy":"-android uiautomator","selector":"new UiSelector().descriptionContains(\"Definitely Not...
14:06:11.329120 POST /session/5b869f22-ef53-45fb-afd7-4dedb26e3026/element [10.228417ms] ERR:404 body={"strategy":"-android uiautomator","selector":"new UiSelector().textMatches(\"(?is).*\\QDefinitely N...
14:06:11.337532 POST /session/5b869f22-ef53-45fb-afd7-4dedb26e3026/element [8.369125ms] ERR:404 body={"strategy":"-android uiautomator","selector":"new UiSelector().descriptionMatches(\"(?is).*\\QDefin...
14:06:11.344574 POST /session/5b869f22-ef53-45fb-afd7-4dedb26e3026/element [6.998375ms] ERR:404 body={"strategy":"-android uiautomator","selector":"new UiSelector().textContains(\"Definitely Not Here\"...
14:06:11.351550 POST /session/5b869f22-ef53-45fb-afd7-4dedb26e3026/element [6.935083ms] ERR:404 body={"strategy":"-android uiautomator","selector":"new UiSelector().descriptionContains(\"Definitely Not...
14:06:11.360722 POST /session/5b869f22-ef53-45fb-afd7-4dedb26e3026/element [9.122667ms] ERR:404 body={"strategy":"-android uiautomator","selector":"new UiSelector().textMatches(\"(?is).*\\QDefinitely N...
14:06:11.371150 POST /session/5b869f22-ef53-45fb-afd7-4dedb26e3026/element [10.3775ms] ERR:404 body={"strategy":"-android uiautomator","selector":"new UiSelector().descriptionMatches(\"(?is).*\\QDefin...
14:06:11.379945 POST /session/5b869f22-ef53-45fb-afd7-4dedb26e3026/element [8.737166ms] ERR:404 body={"strategy":"-android uiautomator","selector":"new UiSelector().textContains(\"Definitely Not Here\"...
14:06:11.387168 POST /session/5b869f22-ef53-45fb-afd7-4dedb26e3026/element [7.170458ms] ERR:404 body={"strategy":"-android uiautomator","selector":"new UiSelector().descriptionContains(\"Definitely Not...
14:06:11.395416 POST /session/5b869f22-ef53-45fb-afd7-4dedb26e3026/element [8.184667ms] ERR:404 body={"strategy":"-android uiautomator","selector":"new UiSelector().textMatches(\"(?is).*\\QDefinitely N...
14:06:11.404400 POST /session/5b869f22-ef53-45fb-afd7-4dedb26e3026/element [8.934667ms] ERR:404 body={"strategy":"-android uiautomator","selector":"new UiSelector().descriptionMatches(\"(?is).*\\QDefin...
14:06:11.414609 POST /session/5b869f22-ef53-45fb-afd7-4dedb26e3026/element [10.171ms] ERR:404 body={"strategy":"-android uiautomator","selector":"new UiSelector().textContains(\"Definitely Not Here\"...
14:06:11.423935 POST /session/5b869f22-ef53-45fb-afd7-4dedb26e3026/element [9.277459ms] ERR:404 body={"strategy":"-android uiautomator","selector":"new UiSelector().descriptionContains(\"Definitely Not...
14:06:11.431541 POST /session/5b869f22-ef53-45fb-afd7-4dedb26e3026/element [7.552791ms] ERR:404 body={"strategy":"-android uiautomator","selector":"new UiSelector().textMatches(\"(?is).*\\QDefinitely N...
14:06:11.440224 POST /session/5b869f22-ef53-45fb-afd7-4dedb26e3026/element [8.636958ms] ERR:404 body={"strategy":"-android uiautomator","selector":"new UiSelector().descriptionMatches(\"(?is).*\\QDefin...
14:06:11.448519 POST /session/5b869f22-ef53-45fb-afd7-4dedb26e3026/element [8.249791ms] ERR:404 body={"strategy":"-android uiautomator","selector":"new UiSelector().textContains(\"Definitely Not Here\"...
14:06:11.458208 POST /session/5b869f22-ef53-45fb-afd7-4dedb26e3026/element [9.64875ms] ERR:404 body={"strategy":"-android uiautomator","selector":"new UiSelector().descriptionContains(\"Definitely Not...
14:06:11.466309 POST /session/5b869f22-ef53-45fb-afd7-4dedb26e3026/element [8.036333ms] ERR:404 body={"strategy":"-android uiautomator","selector":"new UiSelector().textMatches(\"(?is).*\\QDefinitely N...
14:06:11.475632 POST /session/5b869f22-ef53-45fb-afd7-4dedb26e3026/element [9.264083ms] ERR:404 body={"strategy":"-android uiautomator","selector":"new UiSelector().descriptionMatches(\"(?is).*\\QDefin...
14:06:11.486025 POST /session/5b869f22-ef53-45fb-afd7-4dedb26e3026/element [10.328625ms] ERR:404 body={"strategy":"-android uiautomator","selector":"new UiSelector().textContains(\"Definitely Not Here\"...
14:06:11.494711 POST /session/5b869f22-ef53-45fb-afd7-4dedb26e3026/element [8.622958ms] ERR:404 body={"strategy":"-android uiautomator","selector":"new UiSelector().descriptionContains(\"Definitely Not...
14:06:11.506748 POST /session/5b869f22-ef53-45fb-afd7-4dedb26e3026/element [11.98425ms] ERR:404 body={"strategy":"-android uiautomator","selector":"new UiSelector().textMatches(\"(?is).*\\QDefinitely N...
14:06:11.514427 POST /session/5b869f22-ef53-45fb-afd7-4dedb26e3026/element [7.630083ms] ERR:404 body={"strategy":"-android uiautomator","selector":"new UiSelector().descriptionMatches(\"(?is).*\\QDefin...
14:06:11.523172 POST /session/5b869f22-ef53-45fb-afd7-4dedb26e3026/element [8.698ms] ERR:404 body={"strategy":"-android uiautomator","selector":"new UiSelector().textContains(\"Definitely Not Here\"...
14:06:11.531684 POST /session/5b869f22-ef53-45fb-afd7-4dedb26e3026/element [8.463209ms] ERR:404 body={"strategy":"-android uiautomator","selector":"new UiSelector().descriptionContains(\"Definitely Not...
14:06:11.539773 POST /session/5b869f22-ef53-45fb-afd7-4dedb26e3026/element [8.045833ms] ERR:404 body={"strategy":"-android uiautomator","selector":"new UiSelector().textMatches(\"(?is).*\\QDefinitely N...
14:06:11.546391 POST /session/5b869f22-ef53-45fb-afd7-4dedb26e3026/element [6.576709ms] ERR:404 body={"strategy":"-android uiautomator","selector":"new UiSelector().descriptionMatches(\"(?is).*\\QDefin...
14:06:11.557601 POST /session/5b869f22-ef53-45fb-afd7-4dedb26e3026/element [11.165334ms] ERR:404 body={"strategy":"-android uiautomator","selector":"new UiSelector().textContains(\"Definitely Not Here\"...
14:06:11.566963 POST /session/5b869f22-ef53-45fb-afd7-4dedb26e3026/element [9.312375ms] ERR:404 body={"strategy":"-android uiautomator","selector":"new UiSelector().descriptionContains(\"Definitely Not...
14:06:11.577261 POST /session/5b869f22-ef53-45fb-afd7-4dedb26e3026/element [10.2185ms] ERR:404 body={"strategy":"-android uiautomator","selector":"new UiSelector().textMatches(\"(?is).*\\QDefinitely N...
14:06:11.589290 POST /session/5b869f22-ef53-45fb-afd7-4dedb26e3026/element [11.964917ms] ERR:404 body={"strategy":"-android uiautomator","selector":"new UiSelector().descriptionMatches(\"(?is).*\\QDefin...
14:06:11.597856 POST /session/5b869f22-ef53-45fb-afd7-4dedb26e3026/element [8.505959ms] ERR:404 body={"strategy":"-android uiautomator","selector":"new UiSelector().textContains(\"Definitely Not Here\"...
14:06:11.608576 POST /session/5b869f22-ef53-45fb-afd7-4dedb26e3026/element [10.649292ms] ERR:404 body={"strategy":"-android uiautomator","selector":"new UiSelector().descriptionContains(\"Definitely Not...
14:06:11.617154 POST /session/5b869f22-ef53-45fb-afd7-4dedb26e3026/element [8.511666ms] ERR:404 body={"strategy":"-android uiautomator","selector":"new UiSelector().textMatches(\"(?is).*\\QDefinitely N...
14:06:11.625040 POST /session/5b869f22-ef53-45fb-afd7-4dedb26e3026/element [7.829125ms] ERR:404 body={"strategy":"-android uiautomator","selector":"new UiSelector().descriptionMatches(\"(?is).*\\QDefin...
14:06:11.633631 POST /session/5b869f22-ef53-45fb-afd7-4dedb26e3026/element [8.523542ms] ERR:404 body={"strategy":"-android uiautomator","selector":"new UiSelector().textContains(\"Definitely Not Here\"...
14:06:11.643299 POST /session/5b869f22-ef53-45fb-afd7-4dedb26e3026/element [9.603291ms] ERR:404 body={"strategy":"-android uiautomator","selector":"new UiSelector().descriptionContains(\"Definitely Not...
14:06:11.651905 POST /session/5b869f22-ef53-45fb-afd7-4dedb26e3026/element [8.556875ms] ERR:404 body={"strategy":"-android uiautomator","selector":"new UiSelector().textMatches(\"(?is).*\\QDefinitely N...
14:06:11.664586 POST /session/5b869f22-ef53-45fb-afd7-4dedb26e3026/element [12.62575ms] ERR:404 body={"strategy":"-android uiautomator","selector":"new UiSelector().descriptionMatches(\"(?is).*\\QDefin...
14:06:11.673153 POST /session/5b869f22-ef53-45fb-afd7-4dedb26e3026/element [8.510625ms] ERR:404 body={"strategy":"-android uiautomator","selector":"new UiSelector().textContains(\"Definitely Not Here\"...
14:06:11.684190 POST /session/5b869f22-ef53-45fb-afd7-4dedb26e3026/element [10.958125ms] ERR:404 body={"strategy":"-android uiautomator","selector":"new UiSelector().descriptionContains(\"Definitely Not...
14:06:11.694249 POST /session/5b869f22-ef53-45fb-afd7-4dedb26e3026/element [9.908042ms] ERR:404 body={"strategy":"-android uiautomator","selector":"new UiSelector().textMatches(\"(?is).*\\QDefinitely N...
14:06:11.705873 POST /session/5b869f22-ef53-45fb-afd7-4dedb26e3026/element [11.553042ms] ERR:404 body={"strategy":"-android uiautomator","selector":"new UiSelector().descriptionMatches(\"(?is).*\\QDefin...
14:06:11.716993 POST /session/5b869f22-ef53-45fb-afd7-4dedb26e3026/element [11.043875ms] ERR:404 body={"strategy":"-android uiautomator","selector":"new UiSelector().textContains(\"Definitely Not Here\"...
14:06:11.724558 POST /session/5b869f22-ef53-45fb-afd7-4dedb26e3026/element [7.500917ms] ERR:404 body={"strategy":"-android uiautomator","selector":"new UiSelector().descriptionContains(\"Definitely Not...
14:06:11.734191 POST /session/5b869f22-ef53-45fb-afd7-4dedb26e3026/element [9.569167ms] ERR:404 body={"strategy":"-android uiautomator","selector":"new UiSelector().textMatches(\"(?is).*\\QDefinitely N...
14:06:11.743344 POST /session/5b869f22-ef53-45fb-afd7-4dedb26e3026/element [9.087959ms] ERR:404 body={"strategy":"-android uiautomator","selector":"new UiSelector().descriptionMatches(\"(?is).*\\QDefin...
14:06:11.752114 POST /session/5b869f22-ef53-45fb-afd7-4dedb26e3026/element [8.720875ms] ERR:404 body={"strategy":"-android uiautomator","selector":"new UiSelector().textContains(\"Definitely Not Here\"...
14:06:11.763958 POST /session/5b869f22-ef53-45fb-afd7-4dedb26e3026/element [11.794083ms] ERR:404 body={"strategy":"-android uiautomator","selector":"new UiSelector().descriptionContains(\"Definitely Not...
14:06:11.775178 POST /session/5b869f22-ef53-45fb-afd7-4dedb26e3026/element [11.146917ms] ERR:404 body={"strategy":"-android uiautomator","selector":"new UiSelector().textMatches(\"(?is).*\\QDefinitely N...
14:06:11.786062 POST /session/5b869f22-ef53-45fb-afd7-4dedb26e3026/element [10.81675ms] ERR:404 body={"strategy":"-android uiautomator","selector":"new UiSelector().descriptionMatches(\"(?is).*\\QDefin...
14:06:11.797115 POST /session/5b869f22-ef53-45fb-afd7-4dedb26e3026/element [10.990667ms] ERR:404 body={"strategy":"-android uiautomator","selector":"new UiSelector().textContains(\"Definitely Not Here\"...
14:06:11.806658 POST /session/5b869f22-ef53-45fb-afd7-4dedb26e3026/element [9.476625ms] ERR:404 body={"strategy":"-android uiautomator","selector":"new UiSelector().descriptionContains(\"Definitely Not...
14:06:11.818390 POST /session/5b869f22-ef53-45fb-afd7-4dedb26e3026/element [11.671375ms] ERR:404 body={"strategy":"-android uiautomator","selector":"new UiSelector().textMatches(\"(?is).*\\QDefinitely N...
14:06:11.826473 POST /session/5b869f22-ef53-45fb-afd7-4dedb26e3026/element [8.020458ms] ERR:404 body={"strategy":"-android uiautomator","selector":"new UiSelector().descriptionMatches(\"(?is).*\\QDefin...
14:06:11.833143 POST /session/5b869f22-ef53-45fb-afd7-4dedb26e3026/element [6.618584ms] ERR:404 body={"strategy":"-android uiautomator","selector":"new UiSelector().textContains(\"Definitely Not Here\"...
14:06:11.839522 POST /session/5b869f22-ef53-45fb-afd7-4dedb26e3026/element [6.34025ms] ERR:404 body={"strategy":"-android uiautomator","selector":"new UiSelector().descriptionContains(\"Definitely Not...
14:06:11.847606 POST /session/5b869f22-ef53-45fb-afd7-4dedb26e3026/element [8.042292ms] ERR:404 body={"strategy":"-android uiautomator","selector":"new UiSelector().textMatches(\"(?is).*\\QDefinitely N...
14:06:11.852295 POST /session/5b869f22-ef53-45fb-afd7-4dedb26e3026/element [4.645042ms] ERR:404 body={"strategy":"-android uiautomator","selector":"new UiSelector().descriptionMatches(\"(?is).*\\QDefin...
14:06:11.861711 POST /session/5b869f22-ef53-45fb-afd7-4dedb26e3026/element [9.365167ms] ERR:404 body={"strategy":"-android uiautomator","selector":"new UiSelector().textContains(\"Definitely Not Here\"...
14:06:11.871013 POST /session/5b869f22-ef53-45fb-afd7-4dedb26e3026/element [9.253208ms] ERR:404 body={"strategy":"-android uiautomator","selector":"new UiSelector().descriptionContains(\"Definitely Not...
14:06:11.877430 POST /session/5b869f22-ef53-45fb-afd7-4dedb26e3026/element [6.372959ms] ERR:404 body={"strategy":"-android uiautomator","selector":"new UiSelector().textMatches(\"(?is).*\\QDefinitely N...
14:06:11.885005 POST /session/5b869f22-ef53-45fb-afd7-4dedb26e3026/element [7.521667ms] ERR:404 body={"strategy":"-android uiautomator","selector":"new UiSelector().descriptionMatches(\"(?is).*\\QDefin...
14:06:11.891343 POST /session/5b869f22-ef53-45fb-afd7-4dedb26e3026/element [6.297875ms] ERR:404 body={"strategy":"-android uiautomator","selector":"new UiSelector().textContains(\"Definitely Not Here\"...
14:06:11.898267 POST /session/5b869f22-ef53-45fb-afd7-4dedb26e3026/element [6.869375ms] ERR:404 body={"strategy":"-android uiautomator","selector":"new UiSelector().descriptionContains(\"Definitely Not...
14:06:11.909011 POST /session/5b869f22-ef53-45fb-afd7-4dedb26e3026/element [10.69775ms] ERR:404 body={"strategy":"-android uiautomator","selector":"new UiSelector().textMatches(\"(?is).*\\QDefinitely N...
14:06:11.918646 POST /session/5b869f22-ef53-45fb-afd7-4dedb26e3026/element [9.570417ms] ERR:404 body={"strategy":"-android uiautomator","selector":"new UiSelector().descriptionMatches(\"(?is).*\\QDefin...
14:06:11.928711 POST /session/5b869f22-ef53-45fb-afd7-4dedb26e3026/element [10.00225ms] ERR:404 body={"strategy":"-android uiautomator","selector":"new UiSelector().textContains(\"Definitely Not Here\"...
14:06:11.936331 POST /session/5b869f22-ef53-45fb-afd7-4dedb26e3026/element [7.564792ms] ERR:404 body={"strategy":"-android uiautomator","selector":"new UiSelector().descriptionContains(\"Definitely Not...
14:06:11.946065 POST /session/5b869f22-ef53-45fb-afd7-4dedb26e3026/element [9.667667ms] ERR:404 body={"strategy":"-android uiautomator","selector":"new UiSelector().textMatches(\"(?is).*\\QDefinitely N...
14:06:11.955850 POST /session/5b869f22-ef53-45fb-afd7-4dedb26e3026/element [9.738666ms] ERR:404 body={"strategy":"-android uiautomator","selector":"new UiSelector().descriptionMatches(\"(?is).*\\QDefin...
14:06:11.963733 POST /session/5b869f22-ef53-45fb-afd7-4dedb26e3026/element [7.835833ms] ERR:404 body={"strategy":"-android uiautomator","selector":"new UiSelector().textContains(\"Definitely Not Here\"...
14:06:11.971569 POST /session/5b869f22-ef53-45fb-afd7-4dedb26e3026/element [7.79325ms] ERR:404 body={"strategy":"-android uiautomator","selector":"new UiSelector().descriptionContains(\"Definitely Not...
14:06:11.976037 POST /session/5b869f22-ef53-45fb-afd7-4dedb26e3026/element [4.431417ms] ERR:404 body={"strategy":"-android uiautomator","selector":"new UiSelector().textMatches(\"(?is).*\\QDefinitely N...
14:06:11.982095 POST /session/5b869f22-ef53-45fb-afd7-4dedb26e3026/element [6.014417ms] ERR:404 body={"strategy":"-android uiautomator","selector":"new UiSelector().descriptionMatches(\"(?is).*\\QDefin...
14:06:11.989299 POST /session/5b869f22-ef53-45fb-afd7-4dedb26e3026/element [7.160042ms] ERR:404 body={"strategy":"-android uiautomator","selector":"new UiSelector().textContains(\"Definitely Not Here\"...
14:06:11.996830 POST /session/5b869f22-ef53-45fb-afd7-4dedb26e3026/element [7.478792ms] ERR:404 body={"strategy":"-android uiautomator","selector":"new UiSelector().descriptionContains(\"Definitely Not...
14:06:12.004862 POST /session/5b869f22-ef53-45fb-afd7-4dedb26e3026/element [7.981166ms] ERR:404 body={"strategy":"-android uiautomator","selector":"new UiSelector().textMatches(\"(?is).*\\QDefinitely N...
14:06:12.011106 POST /session/5b869f22-ef53-45fb-afd7-4dedb26e3026/element [6.201292ms] ERR:404 body={"strategy":"-android uiautomator","selector":"new UiSelector().descriptionMatches(\"(?is).*\\QDefin...
14:06:12.017966 POST /session/5b869f22-ef53-45fb-afd7-4dedb26e3026/element [6.81525ms] ERR:404 body={"strategy":"-android uiautomator","selector":"new UiSelector().textContains(\"Definitely Not Here\"...
14:06:12.027908 POST /session/5b869f22-ef53-45fb-afd7-4dedb26e3026/element [9.892916ms] ERR:404 body={"strategy":"-android uiautomator","selector":"new UiSelector().descriptionContains(\"Definitely Not...
14:06:12.036435 POST /session/5b869f22-ef53-45fb-afd7-4dedb26e3026/element [8.48375ms] ERR:404 body={"strategy":"-android uiautomator","selector":"new UiSelector().textMatches(\"(?is).*\\QDefinitely N...
14:06:12.045283 POST /session/5b869f22-ef53-45fb-afd7-4dedb26e3026/element [8.629041ms] ERR:404 body={"strategy":"-android uiautomator","selector":"new UiSelector().descriptionMatches(\"(?is).*\\QDefin...
14:06:12.053677 POST /session/5b869f22-ef53-45fb-afd7-4dedb26e3026/element [8.346125ms] ERR:404 body={"strategy":"-android uiautomator","selector":"new UiSelector().textContains(\"Definitely Not Here\"...
14:06:12.063264 POST /session/5b869f22-ef53-45fb-afd7-4dedb26e3026/element [9.534167ms] ERR:404 body={"strategy":"-android uiautomator","selector":"new UiSelector().descriptionContains(\"Definitely Not...
14:06:12.069406 POST /session/5b869f22-ef53-45fb-afd7-4dedb26e3026/element [6.103291ms] ERR:404 body={"strategy":"-android uiautomator","selector":"new UiSelector().textMatches(\"(?is).*\\QDefinitely N...
14:06:12.077887 POST /session/5b869f22-ef53-45fb-afd7-4dedb26e3026/element [8.435125ms] ERR:404 body={"strategy":"-android uiautomator","selector":"new UiSelector().descriptionMatches(\"(?is).*\\QDefin...
14:06:12.085938 POST /session/5b869f22-ef53-45fb-afd7-4dedb26e3026/element [8.008458ms] ERR:404 body={"strategy":"-android uiautomator","selector":"new UiSelector().textContains(\"Definitely Not Here\"...
14:06:12.093549 POST /session/5b869f22-ef53-45fb-afd7-4dedb26e3026/element [7.573125ms] ERR:404 body={"strategy":"-android uiautomator","selector":"new UiSelector().descriptionContains(\"Definitely Not...
14:06:12.099365 POST /session/5b869f22-ef53-45fb-afd7-4dedb26e3026/element [5.763625ms] ERR:404 body={"strategy":"-android uiautomator","selector":"new UiSelector().textMatches(\"(?is).*\\QDefinitely N...
14:06:12.107832 POST /session/5b869f22-ef53-45fb-afd7-4dedb26e3026/element [8.421208ms] ERR:404 body={"strategy":"-android uiautomator","selector":"new UiSelector().descriptionMatches(\"(?is).*\\QDefin...
14:06:12.120112 POST /session/5b869f22-ef53-45fb-afd7-4dedb26e3026/element [12.229625ms] ERR:404 body={"strategy":"-android uiautomator","selector":"new UiSelector().textContains(\"Definitely Not Here\"...
14:06:12.130127 POST /session/5b869f22-ef53-45fb-afd7-4dedb26e3026/element [9.967375ms] ERR:404 body={"strategy":"-android uiautomator","selector":"new UiSelector().descriptionContains(\"Definitely Not...
14:06:12.137853 POST /session/5b869f22-ef53-45fb-afd7-4dedb26e3026/element [7.669ms] ERR:404 body={"strategy":"-android uiautomator","selector":"new UiSelector().textMatches(\"(?is).*\\QDefinitely N...
14:06:12.147646 POST /session/5b869f22-ef53-45fb-afd7-4dedb26e3026/element [9.745541ms] ERR:404 body={"strategy":"-android uiautomator","selector":"new UiSelector().descriptionMatches(\"(?is).*\\QDefin...
14:06:12.157349 POST /session/5b869f22-ef53-45fb-afd7-4dedb26e3026/element [9.654334ms] ERR:404 body={"strategy":"-android uiautomator","selector":"new UiSelector().textContains(\"Definitely Not Here\"...
14:06:12.165978 POST /session/5b869f22-ef53-45fb-afd7-4dedb26e3026/element [8.576459ms] ERR:404 body={"strategy":"-android uiautomator","selector":"new UiSelector().descriptionContains(\"Definitely Not...
14:06:12.173159 POST /session/5b869f22-ef53-45fb-afd7-4dedb26e3026/element [7.135541ms] ERR:404 body={"strategy":"-android uiautomator","selector":"new UiSelector().textMatches(\"(?is).*\\QDefinitely N...
14:06:12.182895 POST /session/5b869f22-ef53-45fb-afd7-4dedb26e3026/element [9.697916ms] ERR:404 body={"strategy":"-android uiautomator","selector":"new UiSelector().descriptionMatches(\"(?is).*\\QDefin...
14:06:12.199157 POST /session/5b869f22-ef53-45fb-afd7-4dedb26e3026/element [16.215584ms] ERR:404 body={"strategy":"-android uiautomator","selector":"new UiSelector().textContains(\"Definitely Not Here\"...
14:06:12.206132 POST /session/5b869f22-ef53-45fb-afd7-4dedb26e3026/element [6.923875ms] ERR:404 body={"strategy":"-android uiautomator","selector":"new UiSelector().descriptionContains(\"Definitely Not...
14:06:12.212938 POST /session/5b869f22-ef53-45fb-afd7-4dedb26e3026/element [6.766542ms] ERR:404 body={"strategy":"-android uiautomator","selector":"new UiSelector().textMatches(\"(?is).*\\QDefinitely N...
14:06:12.219799 POST /session/5b869f22-ef53-45fb-afd7-4dedb26e3026/element [6.807541ms] ERR:404 body={"strategy":"-android uiautomator","selector":"new UiSelector().descriptionMatches(\"(?is).*\\QDefin...
14:06:12.225516 POST /session/5b869f22-ef53-45fb-afd7-4dedb26e3026/element [5.675083ms] ERR:404 body={"strategy":"-android uiautomator","selector":"new UiSelector().textContains(\"Definitely Not Here\"...
14:06:12.230517 POST /session/5b869f22-ef53-45fb-afd7-4dedb26e3026/element [4.965375ms] ERR:404 body={"strategy":"-android uiautomator","selector":"new UiSelector().descriptionContains(\"Definitely Not...
14:06:12.238623 POST /session/5b869f22-ef53-45fb-afd7-4dedb26e3026/element [8.053541ms] ERR:404 body={"strategy":"-android uiautomator","selector":"new UiSelector().textMatches(\"(?is).*\\QDefinitely N...
14:06:12.249120 POST /session/5b869f22-ef53-45fb-afd7-4dedb26e3026/element [10.439792ms] ERR:404 body={"strategy":"-android uiautomator","selector":"new UiSelector().descriptionMatches(\"(?is).*\\QDefin...
14:06:12.256823 POST /session/5b869f22-ef53-45fb-afd7-4dedb26e3026/element [7.664875ms] ERR:404 body={"strategy":"-android uiautomator","selector":"new UiSelector().textContains(\"Definitely Not Here\"...
14:06:12.263541 POST /session/5b869f22-ef53-45fb-afd7-4dedb26e3026/element [6.679667ms] ERR:404 body={"strategy":"-android uiautomator","selector":"new UiSelector().descriptionContains(\"Definitely Not...
14:06:12.269783 POST /session/5b869f22-ef53-45fb-afd7-4dedb26e3026/element [6.206709ms] ERR:404 body={"strategy":"-android uiautomator","selector":"new UiSelector().textMatches(\"(?is).*\\QDefinitely N...
14:06:12.276887 POST /session/5b869f22-ef53-45fb-afd7-4dedb26e3026/element [7.061959ms] ERR:404 body={"strategy":"-android uiautomator","selector":"new UiSelector().descriptionMatches(\"(?is).*\\QDefin...
14:06:12.284446 POST /session/5b869f22-ef53-45fb-afd7-4dedb26e3026/element [7.519542ms] ERR:404 body={"strategy":"-android uiautomator","selector":"new UiSelector().textContains(\"Definitely Not Here\"...
14:06:12.291658 POST /session/5b869f22-ef53-45fb-afd7-4dedb26e3026/element [7.1655ms] ERR:404 body={"strategy":"-android uiautomator","selector":"new UiSelector().descriptionContains(\"Definitely Not...
14:06:12.297449 POST /session/5b869f22-ef53-45fb-afd7-4dedb26e3026/element [5.751875ms] ERR:404 body={"strategy":"-android uiautomator","selector":"new UiSelector().textMatches(\"(?is).*\\QDefinitely N...
14:06:12.303161 POST /session/5b869f22-ef53-45fb-afd7-4dedb26e3026/element [5.677708ms] ERR:404 body={"strategy":"-android uiautomator","selector":"new UiSelector().descriptionMatches(\"(?is).*\\QDefin...
14:06:12.310080 POST /session/5b869f22-ef53-45fb-afd7-4dedb26e3026/element [6.886667ms] ERR:404 body={"strategy":"-android uiautomator","selector":"new UiSelector().textContains(\"Definitely Not Here\"...
14:06:12.319009 POST /session/5b869f22-ef53-45fb-afd7-4dedb26e3026/element [8.884125ms] ERR:404 body={"strategy":"-android uiautomator","selector":"new UiSelector().descriptionContains(\"Definitely Not...
14:06:12.325751 POST /session/5b869f22-ef53-45fb-afd7-4dedb26e3026/element [6.680083ms] ERR:404 body={"strategy":"-android uiautomator","selector":"new UiSelector().textMatches(\"(?is).*\\QDefinitely N...
14:06:12.330986 POST /session/5b869f22-ef53-45fb-afd7-4dedb26e3026/element [5.203083ms] ERR:404 body={"strategy":"-android uiautomator","selector":"new UiSelector().descriptionMatches(\"(?is).*\\QDefin...
14:06:12.338675 POST /session/5b869f22-ef53-45fb-afd7-4dedb26e3026/element [7.651667ms] ERR:404 body={"strategy":"-android uiautomator","selector":"new UiSelector().textContains(\"Definitely Not Here\"...
14:06:12.346240 POST /session/5b869f22-ef53-45fb-afd7-4dedb26e3026/element [7.517042ms] ERR:404 body={"strategy":"-android uiautomator","selector":"new UiSelector().descriptionContains(\"Definitely Not...
14:06:12.354599 POST /session/5b869f22-ef53-45fb-afd7-4dedb26e3026/element [8.31475ms] ERR:404 body={"strategy":"-android uiautomator","selector":"new UiSelector().textMatches(\"(?is).*\\QDefinitely N...
14:06:12.363310 POST /session/5b869f22-ef53-45fb-afd7-4dedb26e3026/element [8.665792ms] ERR:404 body={"strategy":"-android uiautomator","selector":"new UiSelector().descriptionMatches(\"(?is).*\\QDefin...
14:06:12.368812 POST /session/5b869f22-ef53-45fb-afd7-4dedb26e3026/element [5.446458ms] ERR:404 body={"strategy":"-android uiautomator","selector":"new UiSelector().textContains(\"Definitely Not Here\"...
14:06:12.374808 POST /session/5b869f22-ef53-45fb-afd7-4dedb26e3026/element [5.943417ms] ERR:404 body={"strategy":"-android uiautomator","selector":"new UiSelector().descriptionContains(\"Definitely Not...
14:06:12.380223 POST /session/5b869f22-ef53-45fb-afd7-4dedb26e3026/element [5.35525ms] ERR:404 body={"strategy":"-android uiautomator","selector":"new UiSelector().textMatches(\"(?is).*\\QDefinitely N...
14:06:12.385345 POST /session/5b869f22-ef53-45fb-afd7-4dedb26e3026/element [5.082666ms] ERR:404 body={"strategy":"-android uiautomator","selector":"new UiSelector().descriptionMatches(\"(?is).*\\QDefin...
14:06:12.393169 POST /session/5b869f22-ef53-45fb-afd7-4dedb26e3026/element [7.775416ms] ERR:404 body={"strategy":"-android uiautomator","selector":"new UiSelector().textContains(\"Definitely Not Here\"...
14:06:12.400245 POST /session/5b869f22-ef53-45fb-afd7-4dedb26e3026/element [7.028208ms] ERR:404 body={"strategy":"-android uiautomator","selector":"new UiSelector().descriptionContains(\"Definitely Not...
14:06:12.406418 POST /session/5b869f22-ef53-45fb-afd7-4dedb26e3026/element [6.128792ms] ERR:404 body={"strategy":"-android uiautomator","selector":"new UiSelector().textMatches(\"(?is).*\\QDefinitely N...
14:06:12.412671 POST /session/5b869f22-ef53-45fb-afd7-4dedb26e3026/element [6.213458ms] ERR:404 body={"strategy":"-android uiautomator","selector":"new UiSelector().descriptionMatches(\"(?is).*\\QDefin...
14:06:12.420731 POST /session/5b869f22-ef53-45fb-afd7-4dedb26e3026/element [8.024541ms] ERR:404 body={"strategy":"-android uiautomator","selector":"new UiSelector().textContains(\"Definitely Not Here\"...
14:06:12.427581 POST /session/5b869f22-ef53-45fb-afd7-4dedb26e3026/element [6.813458ms] ERR:404 body={"strategy":"-android uiautomator","selector":"new UiSelector().descriptionContains(\"Definitely Not...
14:06:12.433936 POST /session/5b869f22-ef53-45fb-afd7-4dedb26e3026/element [6.321292ms] ERR:404 body={"strategy":"-android uiautomator","selector":"new UiSelector().textMatches(\"(?is).*\\QDefinitely N...
14:06:12.437968 POST /session/5b869f22-ef53-45fb-afd7-4dedb26e3026/element [3.994334ms] ERR:404 body={"strategy":"-android uiautomator","selector":"new UiSelector().descriptionMatches(\"(?is).*\\QDefin...
14:06:12.443700 POST /session/5b869f22-ef53-45fb-afd7-4dedb26e3026/element [5.69675ms] ERR:404 body={"strategy":"-android uiautomator","selector":"new UiSelector().textContains(\"Definitely Not Here\"...
14:06:12.449326 POST /session/5b869f22-ef53-45fb-afd7-4dedb26e3026/element [5.596625ms] ERR:404 body={"strategy":"-android uiautomator","selector":"new UiSelector().descriptionContains(\"Definitely Not...
14:06:12.455531 POST /session/5b869f22-ef53-45fb-afd7-4dedb26e3026/element [6.175625ms] ERR:404 body={"strategy":"-android uiautomator","selector":"new UiSelector().textMatches(\"(?is).*\\QDefinitely N...
14:06:12.464039 POST /session/5b869f22-ef53-45fb-afd7-4dedb26e3026/element [8.466833ms] ERR:404 body={"strategy":"-android uiautomator","selector":"new UiSelector().descriptionMatches(\"(?is).*\\QDefin...
14:06:12.474764 POST /session/5b869f22-ef53-45fb-afd7-4dedb26e3026/element [10.672833ms] ERR:404 body={"strategy":"-android uiautomator","selector":"new UiSelector().textContains(\"Definitely Not Here\"...
14:06:12.483903 POST /session/5b869f22-ef53-45fb-afd7-4dedb26e3026/element [9.09175ms] ERR:404 body={"strategy":"-android uiautomator","selector":"new UiSelector().descriptionContains(\"Definitely Not...
14:06:12.493530 POST /session/5b869f22-ef53-45fb-afd7-4dedb26e3026/element [9.58575ms] ERR:404 body={"strategy":"-android uiautomator","selector":"new UiSelector().textMatches(\"(?is).*\\QDefinitely N...
14:06:12.502524 POST /session/5b869f22-ef53-45fb-afd7-4dedb26e3026/element [8.944375ms] ERR:404 body={"strategy":"-android uiautomator","selector":"new UiSelector().descriptionMatches(\"(?is).*\\QDefin...
14:06:12.512158 POST /session/5b869f22-ef53-45fb-afd7-4dedb26e3026/element [9.588167ms] ERR:404 body={"strategy":"-android uiautomator","selector":"new UiSelector().textContains(\"Definitely Not Here\"...
14:06:12.519691 POST /session/5b869f22-ef53-45fb-afd7-4dedb26e3026/element [7.483333ms] ERR:404 body={"strategy":"-android uiautomator","selector":"new UiSelector().descriptionContains(\"Definitely Not...
14:06:12.525743 POST /session/5b869f22-ef53-45fb-afd7-4dedb26e3026/element [6.0085ms] ERR:404 body={"strategy":"-android uiautomator","selector":"new UiSelector().textMatches(\"(?is).*\\QDefinitely N...
14:06:12.531859 POST /session/5b869f22-ef53-45fb-afd7-4dedb26e3026/element [6.08325ms] ERR:404 body={"strategy":"-android uiautomator","selector":"new UiSelector().descriptionMatches(\"(?is).*\\QDefin...
14:06:12.539718 POST /session/5b869f22-ef53-45fb-afd7-4dedb26e3026/element [7.816ms] ERR:404 body={"strategy":"-android uiautomator","selector":"new UiSelector().textContains(\"Definitely Not Here\"...
14:06:12.546752 POST /session/5b869f22-ef53-45fb-afd7-4dedb26e3026/element [6.995375ms] ERR:404 body={"strategy":"-android uiautomator","selector":"new UiSelector().descriptionContains(\"Definitely Not...
14:06:12.553573 POST /session/5b869f22-ef53-45fb-afd7-4dedb26e3026/element [6.781542ms] ERR:404 body={"strategy":"-android uiautomator","selector":"new UiSelector().textMatches(\"(?is).*\\QDefinitely N...
14:06:12.562030 POST /session/5b869f22-ef53-45fb-afd7-4dedb26e3026/element [8.411208ms] ERR:404 body={"strategy":"-android uiautomator","selector":"new UiSelector().descriptionMatches(\"(?is).*\\QDefin...
14:06:12.569171 POST /session/5b869f22-ef53-45fb-afd7-4dedb26e3026/element [7.100667ms] ERR:404 body={"strategy":"-android uiautomator","selector":"new UiSelector().textContains(\"Definitely Not Here\"...
14:06:12.575546 POST /session/5b869f22-ef53-45fb-afd7-4dedb26e3026/element [6.327375ms] ERR:404 body={"strategy":"-android uiautomator","selector":"new UiSelector().descriptionContains(\"Definitely Not...
14:06:12.584246 POST /session/5b869f22-ef53-45fb-afd7-4dedb26e3026/element [8.652ms] ERR:404 body={"strategy":"-android uiautomator","selector":"new UiSelector().textMatches(\"(?is).*\\QDefinitely N...
14:06:12.591384 POST /session/5b869f22-ef53-45fb-afd7-4dedb26e3026/element [7.091667ms] ERR:404 body={"strategy":"-android uiautomator","selector":"new UiSelector().descriptionMatches(\"(?is).*\\QDefin...
14:06:12.598216 POST /session/5b869f22-ef53-45fb-afd7-4dedb26e3026/element [6.797042ms] ERR:404 body={"strategy":"-android uiautomator","selector":"new UiSelector().textContains(\"Definitely Not Here\"...
14:06:12.609335 POST /session/5b869f22-ef53-45fb-afd7-4dedb26e3026/element [11.07725ms] ERR:404 body={"strategy":"-android uiautomator","selector":"new UiSelector().descriptionContains(\"Definitely Not...
14:06:12.616034 POST /session/5b869f22-ef53-45fb-afd7-4dedb26e3026/element [6.648708ms] ERR:404 body={"strategy":"-android uiautomator","selector":"new UiSelector().textMatches(\"(?is).*\\QDefinitely N...
14:06:12.623196 POST /session/5b869f22-ef53-45fb-afd7-4dedb26e3026/element [7.125125ms] ERR:404 body={"strategy":"-android uiautomator","selector":"new UiSelector().descriptionMatches(\"(?is).*\\QDefin...
14:06:12.630997 POST /session/5b869f22-ef53-45fb-afd7-4dedb26e3026/element [7.766541ms] ERR:404 body={"strategy":"-android uiautomator","selector":"new UiSelector().textContains(\"Definitely Not Here\"...
14:06:12.637305 POST /session/5b869f22-ef53-45fb-afd7-4dedb26e3026/element [6.27475ms] ERR:404 body={"strategy":"-android uiautomator","selector":"new UiSelector().descriptionContains(\"Definitely Not...
14:06:12.646216 POST /session/5b869f22-ef53-45fb-afd7-4dedb26e3026/element [8.872333ms] ERR:404 body={"strategy":"-android uiautomator","selector":"new UiSelector().textMatches(\"(?is).*\\QDefinitely N...
14:06:12.653923 POST /session/5b869f22-ef53-45fb-afd7-4dedb26e3026/element [7.667542ms] ERR:404 body={"strategy":"-android uiautomator","selector":"new UiSelector().descriptionMatches(\"(?is).*\\QDefin...
14:06:12.664051 POST /session/5b869f22-ef53-45fb-afd7-4dedb26e3026/element [10.079292ms] ERR:404 body={"strategy":"-android uiautomator","selector":"new UiSelector().textContains(\"Definitely Not Here\"...
14:06:12.671719 POST /session/5b869f22-ef53-45fb-afd7-4dedb26e3026/element [7.624083ms] ERR:404 body={"strategy":"-android uiautomator","selector":"new UiSelector().descriptionContains(\"Definitely Not...
14:06:12.677756 POST /session/5b869f22-ef53-45fb-afd7-4dedb26e3026/element [6.009541ms] ERR:404 body={"strategy":"-android uiautomator","selector":"new UiSelector().textMatches(\"(?is).*\\QDefinitely N...
14:06:12.685010 POST /session/5b869f22-ef53-45fb-afd7-4dedb26e3026/element [7.224417ms] ERR:404 body={"strategy":"-android uiautomator","selector":"new UiSelector().descriptionMatches(\"(?is).*\\QDefin...
14:06:12.690015 POST /session/5b869f22-ef53-45fb-afd7-4dedb26e3026/element [4.978042ms] ERR:404 body={"strategy":"-android uiautomator","selector":"new UiSelector().textContains(\"Definitely Not Here\"...
14:06:12.695953 POST /session/5b869f22-ef53-45fb-afd7-4dedb26e3026/element [5.909792ms] ERR:404 body={"strategy":"-android uiautomator","selector":"new UiSelector().descriptionContains(\"Definitely Not...
14:06:12.702874 POST /session/5b869f22-ef53-45fb-afd7-4dedb26e3026/element [6.893167ms] ERR:404 body={"strategy":"-android uiautomator","selector":"new UiSelector().textMatches(\"(?is).*\\QDefinitely N...
14:06:12.709174 POST /session/5b869f22-ef53-45fb-afd7-4dedb26e3026/element [6.253375ms] ERR:404 body={"strategy":"-android uiautomator","selector":"new UiSelector().descriptionMatches(\"(?is).*\\QDefin...
14:06:12.713259 POST /session/5b869f22-ef53-45fb-afd7-4dedb26e3026/element [4.045458ms] ERR:404 body={"strategy":"-android uiautomator","selector":"new UiSelector().textContains(\"Definitely Not Here\"...
14:06:12.720543 POST /session/5b869f22-ef53-45fb-afd7-4dedb26e3026/element [7.241042ms] ERR:404 body={"strategy":"-android uiautomator","selector":"new UiSelector().descriptionContains(\"Definitely Not...
14:06:12.726766 POST /session/5b869f22-ef53-45fb-afd7-4dedb26e3026/element [6.190458ms] ERR:404 body={"strategy":"-android uiautomator","selector":"new UiSelector().textMatches(\"(?is).*\\QDefinitely N...
14:06:12.735589 POST /session/5b869f22-ef53-45fb-afd7-4dedb26e3026/element [8.793333ms] ERR:404 body={"strategy":"-android uiautomator","selector":"new UiSelector().descriptionMatches(\"(?is).*\\QDefin...
14:06:12.744182 POST /session/5b869f22-ef53-45fb-afd7-4dedb26e3026/element [8.537334ms] ERR:404 body={"strategy":"-android uiautomator","selector":"new UiSelector().textContains(\"Definitely Not Here\"...
14:06:12.749986 POST /session/5b869f22-ef53-45fb-afd7-4dedb26e3026/element [5.764667ms] ERR:404 body={"strategy":"-android uiautomator","selector":"new UiSelector().descriptionContains(\"Definitely Not...
14:06:12.754918 POST /session/5b869f22-ef53-45fb-afd7-4dedb26e3026/element [4.9ms] ERR:404 body={"strategy":"-android uiautomator","selector":"new UiSelector().textMatches(\"(?is).*\\QDefinitely N...
14:06:12.760928 POST /session/5b869f22-ef53-45fb-afd7-4dedb26e3026/element [5.987334ms] ERR:404 body={"strategy":"-android uiautomator","selector":"new UiSelector().descriptionMatches(\"(?is).*\\QDefin...
14:06:12.767220 POST /session/5b869f22-ef53-45fb-afd7-4dedb26e3026/element [6.263792ms] ERR:404 body={"strategy":"-android uiautomator","selector":"new UiSelector().textContains(\"Definitely Not Here\"...
14:06:12.774598 POST /session/5b869f22-ef53-45fb-afd7-4dedb26e3026/element [7.32075ms] ERR:404 body={"strategy":"-android uiautomator","selector":"new UiSelector().descriptionContains(\"Definitely Not...
14:06:12.780354 POST /session/5b869f22-ef53-45fb-afd7-4dedb26e3026/element [5.716916ms] ERR:404 body={"strategy":"-android uiautomator","selector":"new UiSelector().textMatches(\"(?is).*\\QDefinitely N...
14:06:12.785322 POST /session/5b869f22-ef53-45fb-afd7-4dedb26e3026/element [4.93875ms] ERR:404 body={"strategy":"-android uiautomator","selector":"new UiSelector().descriptionMatches(\"(?is).*\\QDefin...
14:06:12.792159 POST /session/5b869f22-ef53-45fb-afd7-4dedb26e3026/element [6.792625ms] ERR:404 body={"strategy":"-android uiautomator","selector":"new UiSelector().textContains(\"Definitely Not Here\"...
14:06:12.796608 POST /session/5b869f22-ef53-45fb-afd7-4dedb26e3026/element [4.411084ms] ERR:404 body={"strategy":"-android uiautomator","selector":"new UiSelector().descriptionContains(\"Definitely Not...
14:06:12.801167 POST /session/5b869f22-ef53-45fb-afd7-4dedb26e3026/element [4.428333ms] ERR:404 body={"strategy":"-android uiautomator","selector":"new UiSelector().textMatches(\"(?is).*\\QDefinitely N...
14:06:12.806985 POST /session/5b869f22-ef53-45fb-afd7-4dedb26e3026/element [5.776625ms] ERR:404 body={"strategy":"-android uiautomator","selector":"new UiSelector().descriptionMatches(\"(?is).*\\QDefin...
14:06:12.812187 POST /session/5b869f22-ef53-45fb-afd7-4dedb26e3026/element [5.165209ms] ERR:404 body={"strategy":"-android uiautomator","selector":"new UiSelector().textContains(\"Definitely Not Here\"...
14:06:12.818033 POST /session/5b869f22-ef53-45fb-afd7-4dedb26e3026/element [5.814167ms] ERR:404 body={"strategy":"-android uiautomator","selector":"new UiSelector().descriptionContains(\"Definitely Not...
14:06:12.825913 POST /session/5b869f22-ef53-45fb-afd7-4dedb26e3026/element [7.846417ms] ERR:404 body={"strategy":"-android uiautomator","selector":"new UiSelector().textMatches(\"(?is).*\\QDefinitely N...
14:06:12.832308 POST /session/5b869f22-ef53-45fb-afd7-4dedb26e3026/element [6.358ms] ERR:404 body={"strategy":"-android uiautomator","selector":"new UiSelector().descriptionMatches(\"(?is).*\\QDefin...
14:06:12.838682 POST /session/5b869f22-ef53-45fb-afd7-4dedb26e3026/element [6.33775ms] ERR:404 body={"strategy":"-android uiautomator","selector":"new UiSelector().textContains(\"Definitely Not Here\"...
14:06:12.845252 POST /session/5b869f22-ef53-45fb-afd7-4dedb26e3026/element [6.531667ms] ERR:404 body={"strategy":"-android uiautomator","selector":"new UiSelector().descriptionContains(\"Definitely Not...
14:06:12.851926 POST /session/5b869f22-ef53-45fb-afd7-4dedb26e3026/element [6.638458ms] ERR:404 body={"strategy":"-android uiautomator","selector":"new UiSelector().textMatches(\"(?is).*\\QDefinitely N...
14:06:12.857532 POST /session/5b869f22-ef53-45fb-afd7-4dedb26e3026/element [5.572458ms] ERR:404 body={"strategy":"-android uiautomator","selector":"new UiSelector().descriptionMatches(\"(?is).*\\QDefin...
14:06:12.863145 POST /session/5b869f22-ef53-45fb-afd7-4dedb26e3026/element [5.579333ms] ERR:404 body={"strategy":"-android uiautomator","selector":"new UiSelector().textContains(\"Definitely Not Here\"...
14:06:12.867632 POST /session/5b869f22-ef53-45fb-afd7-4dedb26e3026/element [4.443333ms] ERR:404 body={"strategy":"-android uiautomator","selector":"new UiSelector().descriptionContains(\"Definitely Not...
14:06:12.875291 POST /session/5b869f22-ef53-45fb-afd7-4dedb26e3026/element [7.614458ms] ERR:404 body={"strategy":"-android uiautomator","selector":"new UiSelector().textMatches(\"(?is).*\\QDefinitely N...
14:06:12.883417 POST /session/5b869f22-ef53-45fb-afd7-4dedb26e3026/element [8.077208ms] ERR:404 body={"strategy":"-android uiautomator","selector":"new UiSelector().descriptionMatches(\"(?is).*\\QDefin...
14:06:12.891081 POST /session/5b869f22-ef53-45fb-afd7-4dedb26e3026/element [7.618333ms] ERR:404 body={"strategy":"-android uiautomator","selector":"new UiSelector().textContains(\"Definitely Not Here\"...
14:06:12.896344 POST /session/5b869f22-ef53-45fb-afd7-4dedb26e3026/element [5.207625ms] ERR:404 body={"strategy":"-android uiautomator","selector":"new UiSelector().descriptionContains(\"Definitely Not...
14:06:12.903198 POST /session/5b869f22-ef53-45fb-afd7-4dedb26e3026/element [6.823959ms] ERR:404 body={"strategy":"-android uiautomator","selector":"new UiSelector().textMatches(\"(?is).*\\QDefinitely N...
14:06:12.909824 POST /session/5b869f22-ef53-45fb-afd7-4dedb26e3026/element [6.595667ms] ERR:404 body={"strategy":"-android uiautomator","selector":"new UiSelector().descriptionMatches(\"(?is).*\\QDefin...
14:06:12.915115 POST /session/5b869f22-ef53-45fb-afd7-4dedb26e3026/element [5.2525ms] ERR:404 body={"strategy":"-android uiautomator","selector":"new UiSelector().textContains(\"Definitely Not Here\"...
14:06:12.920898 POST /session/5b869f22-ef53-45fb-afd7-4dedb26e3026/element [5.738208ms] ERR:404 body={"strategy":"-android uiautomator","selector":"new UiSelector().descriptionContains(\"Definitely Not...
14:06:12.933253 POST /session/5b869f22-ef53-45fb-afd7-4dedb26e3026/element [12.317167ms] ERR:404 body={"strategy":"-android uiautomator","selector":"new UiSelector().textMatches(\"(?is).*\\QDefinitely N...
14:06:12.938171 POST /session/5b869f22-ef53-45fb-afd7-4dedb26e3026/element [4.875958ms] ERR:404 body={"strategy":"-android uiautomator","selector":"new UiSelector().descriptionMatches(\"(?is).*\\QDefin...
14:06:12.943638 POST /session/5b869f22-ef53-45fb-afd7-4dedb26e3026/element [5.424083ms] ERR:404 body={"strategy":"-android uiautomator","selector":"new UiSelector().textContains(\"Definitely Not Here\"...
14:06:12.948225 POST /session/5b869f22-ef53-45fb-afd7-4dedb26e3026/element [4.550333ms] ERR:404 body={"strategy":"-android uiautomator","selector":"new UiSelector().descriptionContains(\"Definitely Not...
14:06:12.954622 POST /session/5b869f22-ef53-45fb-afd7-4dedb26e3026/element [6.351834ms] ERR:404 body={"strategy":"-android uiautomator","selector":"new UiSelector().textMatches(\"(?is).*\\QDefinitely N...
14:06:12.961868 POST /session/5b869f22-ef53-45fb-afd7-4dedb26e3026/element [7.208084ms] ERR:404 body={"strategy":"-android uiautomator","selector":"new UiSelector().descriptionMatches(\"(?is).*\\QDefin...
14:06:12.969249 POST /session/5b869f22-ef53-45fb-afd7-4dedb26e3026/element [7.345125ms] ERR:404 body={"strategy":"-android uiautomator","selector":"new UiSelector().textContains(\"Definitely Not Here\"...
14:06:12.974776 POST /session/5b869f22-ef53-45fb-afd7-4dedb26e3026/element [5.487291ms] ERR:404 body={"strategy":"-android uiautomator","selector":"new UiSelector().descriptionContains(\"Definitely Not...
14:06:12.980206 POST /session/5b869f22-ef53-45fb-afd7-4dedb26e3026/element [5.397833ms] ERR:404 body={"strategy":"-android uiautomator","selector":"new UiSelector().textMatches(\"(?is).*\\QDefinitely N...
14:06:12.986623 POST /session/5b869f22-ef53-45fb-afd7-4dedb26e3026/element [6.385625ms] ERR:404 body={"strategy":"-android uiautomator","selector":"new UiSelector().descriptionMatches(\"(?is).*\\QDefin...
14:06:12.991777 POST /session/5b869f22-ef53-45fb-afd7-4dedb26e3026/element [5.120291ms] ERR:404 body={"strategy":"-android uiautomator","selector":"new UiSelector().textContains(\"Definitely Not Here\"...
14:06:12.997180 POST /session/5b869f22-ef53-45fb-afd7-4dedb26e3026/element [5.36725ms] ERR:404 body={"strategy":"-android uiautomator","selector":"new UiSelector().descriptionContains(\"Definitely Not...
14:06:13.003981 POST /session/5b869f22-ef53-45fb-afd7-4dedb26e3026/element [6.763708ms] ERR:404 body={"strategy":"-android uiautomator","selector":"new UiSelector().textMatches(\"(?is).*\\QDefinitely N...
14:06:13.015005 POST /session/5b869f22-ef53-45fb-afd7-4dedb26e3026/element [10.983459ms] ERR:404 body={"strategy":"-android uiautomator","selector":"new UiSelector().descriptionMatches(\"(?is).*\\QDefin...
14:06:13.024341 POST /session/5b869f22-ef53-45fb-afd7-4dedb26e3026/element [9.287958ms] ERR:404 body={"strategy":"-android uiautomator","selector":"new UiSelector().textContains(\"Definitely Not Here\"...
14:06:13.032860 POST /session/5b869f22-ef53-45fb-afd7-4dedb26e3026/element [8.472042ms] ERR:404 body={"strategy":"-android uiautomator","selector":"new UiSelector().descriptionContains(\"Definitely Not...
14:06:13.042157 POST /session/5b869f22-ef53-45fb-afd7-4dedb26e3026/element [9.243625ms] ERR:404 body={"strategy":"-android uiautomator","selector":"new UiSelector().textMatches(\"(?is).*\\QDefinitely N...
14:06:13.050887 POST /session/5b869f22-ef53-45fb-afd7-4dedb26e3026/element [8.675083ms] ERR:404 body={"strategy":"-android uiautomator","selector":"new UiSelector().descriptionMatches(\"(?is).*\\QDefin...
14:06:13.057984 POST /session/5b869f22-ef53-45fb-afd7-4dedb26e3026/element [7.044792ms] ERR:404 body={"strategy":"-android uiautomator","selector":"new UiSelector().textContains(\"Definitely Not Here\"...
14:06:13.066771 POST /session/5b869f22-ef53-45fb-afd7-4dedb26e3026/element [8.730666ms] ERR:404 body={"strategy":"-android uiautomator","selector":"new UiSelector().descriptionContains(\"Definitely Not...
14:06:13.073937 POST /session/5b869f22-ef53-45fb-afd7-4dedb26e3026/element [7.110125ms] ERR:404 body={"strategy":"-android uiautomator","selector":"new UiSelector().textMatches(\"(?is).*\\QDefinitely N...
14:06:13.082210 POST /session/5b869f22-ef53-45fb-afd7-4dedb26e3026/element [8.190209ms] ERR:404 body={"strategy":"-android uiautomator","selector":"new UiSelector().descriptionMatches(\"(?is).*\\QDefin...
14:06:13.091397 POST /session/5b869f22-ef53-45fb-afd7-4dedb26e3026/element [9.137917ms] ERR:404 body={"strategy":"-android uiautomator","selector":"new UiSelector().textContains(\"Definitely Not Here\"...
14:06:13.098561 POST /session/5b869f22-ef53-45fb-afd7-4dedb26e3026/element [7.11325ms] ERR:404 body={"strategy":"-android uiautomator","selector":"new UiSelector().descriptionContains(\"Definitely Not...
14:06:13.107237 POST /session/5b869f22-ef53-45fb-afd7-4dedb26e3026/element [8.625583ms] ERR:404 body={"strategy":"-android uiautomator","selector":"new UiSelector().textMatches(\"(?is).*\\QDefinitely N...
14:06:13.117601 POST /session/5b869f22-ef53-45fb-afd7-4dedb26e3026/element [10.312958ms] ERR:404 body={"strategy":"-android uiautomator","selector":"new UiSelector().descriptionMatches(\"(?is).*\\QDefin...
14:06:13.129563 POST /session/5b869f22-ef53-45fb-afd7-4dedb26e3026/element [11.892958ms] ERR:404 body={"strategy":"-android uiautomator","selector":"new UiSelector().textContains(\"Definitely Not Here\"...
14:06:13.143650 POST /session/5b869f22-ef53-45fb-afd7-4dedb26e3026/element [14.031291ms] ERR:404 body={"strategy":"-android uiautomator","selector":"new UiSelector().descriptionContains(\"Definitely Not...
14:06:13.154779 POST /session/5b869f22-ef53-45fb-afd7-4dedb26e3026/element [11.074958ms] ERR:404 body={"strategy":"-android uiautomator","selector":"new UiSelector().textMatches(\"(?is).*\\QDefinitely N...
14:06:13.161988 POST /session/5b869f22-ef53-45fb-afd7-4dedb26e3026/element [7.144083ms] ERR:404 body={"strategy":"-android uiautomator","selector":"new UiSelector().descriptionMatches(\"(?is).*\\QDefin...
14:06:13.170035 POST /session/5b869f22-ef53-45fb-afd7-4dedb26e3026/element [7.99375ms] ERR:404 body={"strategy":"-android uiautomator","selector":"new UiSelector().textContains(\"Definitely Not Here\"...
14:06:13.179174 POST /session/5b869f22-ef53-45fb-afd7-4dedb26e3026/element [9.089833ms] ERR:404 body={"strategy":"-android uiautomator","selector":"new UiSelector().descriptionContains(\"Definitely Not...
14:06:13.190347 POST /session/5b869f22-ef53-45fb-afd7-4dedb26e3026/element [11.117792ms] ERR:404 body={"strategy":"-android uiautomator","selector":"new UiSelector().textMatches(\"(?is).*\\QDefinitely N...
14:06:13.197459 POST /session/5b869f22-ef53-45fb-afd7-4dedb26e3026/element [7.047417ms] ERR:404 body={"strategy":"-android uiautomator","selector":"new UiSelector().descriptionMatches(\"(?is).*\\QDefin...
14:06:13.206408 POST /session/5b869f22-ef53-45fb-afd7-4dedb26e3026/element [8.895208ms] ERR:404 body={"strategy":"-android uiautomator","selector":"new UiSelector().textContains(\"Definitely Not Here\"...
14:06:13.215485 POST /session/5b869f22-ef53-45fb-afd7-4dedb26e3026/element [9.016583ms] ERR:404 body={"strategy":"-android uiautomator","selector":"new UiSelector().descriptionContains(\"Definitely Not...
14:06:13.222555 POST /session/5b869f22-ef53-45fb-afd7-4dedb26e3026/element [7.018209ms] ERR:404 body={"strategy":"-android uiautomator","selector":"new UiSelector().textMatches(\"(?is).*\\QDefinitely N...
14:06:13.228610 POST /session/5b869f22-ef53-45fb-afd7-4dedb26e3026/element [5.945458ms] ERR:404 body={"strategy":"-android uiautomator","selector":"new UiSelector().descriptionMatches(\"(?is).*\\QDefin...
14:06:13.239225 POST /session/5b869f22-ef53-45fb-afd7-4dedb26e3026/element [10.557083ms] ERR:404 body={"strategy":"-android uiautomator","selector":"new UiSelector().textContains(\"Definitely Not Here\"...
14:06:13.248998 POST /session/5b869f22-ef53-45fb-afd7-4dedb26e3026/element [9.72325ms] ERR:404 body={"strategy":"-android uiautomator","selector":"new UiSelector().descriptionContains(\"Definitely Not...
14:06:13.258160 POST /session/5b869f22-ef53-45fb-afd7-4dedb26e3026/element [9.118042ms] ERR:404 body={"strategy":"-android uiautomator","selector":"new UiSelector().textMatches(\"(?is).*\\QDefinitely N...
14:06:13.270116 POST /session/5b869f22-ef53-45fb-afd7-4dedb26e3026/element [11.905958ms] ERR:404 body={"strategy":"-android uiautomator","selector":"new UiSelector().descriptionMatches(\"(?is).*\\QDefin...
14:06:13.280423 POST /session/5b869f22-ef53-45fb-afd7-4dedb26e3026/element [10.258375ms] ERR:404 body={"strategy":"-android uiautomator","selector":"new UiSelector().textContains(\"Definitely Not Here\"...
14:06:13.286314 POST /session/5b869f22-ef53-45fb-afd7-4dedb26e3026/element [5.856708ms] ERR:404 body={"strategy":"-android uiautomator","selector":"new UiSelector().descriptionContains(\"Definitely Not...
14:06:13.291772 POST /session/5b869f22-ef53-45fb-afd7-4dedb26e3026/element [5.420833ms] ERR:404 body={"strategy":"-android uiautomator","selector":"new UiSelector().textMatches(\"(?is).*\\QDefinitely N...
14:06:13.299237 POST /session/5b869f22-ef53-45fb-afd7-4dedb26e3026/element [7.428292ms] ERR:404 body={"strategy":"-android uiautomator","selector":"new UiSelector().descriptionMatches(\"(?is).*\\QDefin...
14:06:13.310898 POST /session/5b869f22-ef53-45fb-afd7-4dedb26e3026/element [11.604709ms] ERR:404 body={"strategy":"-android uiautomator","selector":"new UiSelector().textContains(\"Definitely Not Here\"...
14:06:13.318679 POST /session/5b869f22-ef53-45fb-afd7-4dedb26e3026/element [7.719167ms] ERR:404 body={"strategy":"-android uiautomator","selector":"new UiSelector().descriptionContains(\"Definitely Not...
14:06:13.327762 POST /session/5b869f22-ef53-45fb-afd7-4dedb26e3026/element [9.036666ms] ERR:404 body={"strategy":"-android uiautomator","selector":"new UiSelector().textMatches(\"(?is).*\\QDefinitely N...
14:06:13.335650 POST /session/5b869f22-ef53-45fb-afd7-4dedb26e3026/element [7.838459ms] ERR:404 body={"strategy":"-android uiautomator","selector":"new UiSelector().descriptionMatches(\"(?is).*\\QDefin...
14:06:13.343112 POST /session/5b869f22-ef53-45fb-afd7-4dedb26e3026/element [7.423833ms] ERR:404 body={"strategy":"-android uiautomator","selector":"new UiSelector().textContains(\"Definitely Not Here\"...
14:06:13.348299 POST /session/5b869f22-ef53-45fb-afd7-4dedb26e3026/element [5.154833ms] ERR:404 body={"strategy":"-android uiautomator","selector":"new UiSelector().descriptionContains(\"Definitely Not...
14:06:13.356236 POST /session/5b869f22-ef53-45fb-afd7-4dedb26e3026/element [7.900625ms] ERR:404 body={"strategy":"-android uiautomator","selector":"new UiSelector().textMatches(\"(?is).*\\QDefinitely N...
14:06:13.362131 POST /session/5b869f22-ef53-45fb-afd7-4dedb26e3026/element [5.855875ms] ERR:404 body={"strategy":"-android uiautomator","selector":"new UiSelector().descriptionMatches(\"(?is).*\\QDefin...
14:06:13.367783 POST /session/5b869f22-ef53-45fb-afd7-4dedb26e3026/element [5.608084ms] ERR:404 body={"strategy":"-android uiautomator","selector":"new UiSelector().textContains(\"Definitely Not Here\"...
14:06:13.372178 POST /session/5b869f22-ef53-45fb-afd7-4dedb26e3026/element [4.358833ms] ERR:404 body={"strategy":"-android uiautomator","selector":"new UiSelector().descriptionContains(\"Definitely Not...
14:06:13.376950 POST /session/5b869f22-ef53-45fb-afd7-4dedb26e3026/element [4.739417ms] ERR:404 body={"strategy":"-android uiautomator","selector":"new UiSelector().textMatches(\"(?is).*\\QDefinitely N...
14:06:13.385508 POST /session/5b869f22-ef53-45fb-afd7-4dedb26e3026/element [8.522459ms] ERR:404 body={"strategy":"-android uiautomator","selector":"new UiSelector().descriptionMatches(\"(?is).*\\QDefin...
14:06:13.390301 POST /session/5b869f22-ef53-45fb-afd7-4dedb26e3026/element [4.765ms] ERR:404 body={"strategy":"-android uiautomator","selector":"new UiSelector().textContains(\"Definitely Not Here\"...
14:06:13.399567 POST /session/5b869f22-ef53-45fb-afd7-4dedb26e3026/element [9.195709ms] ERR:404 body={"strategy":"-android uiautomator","selector":"new UiSelector().descriptionContains(\"Definitely Not...
14:06:13.405794 POST /session/5b869f22-ef53-45fb-afd7-4dedb26e3026/element [6.184083ms] ERR:404 body={"strategy":"-android uiautomator","selector":"new UiSelector().textMatches(\"(?is).*\\QDefinitely N...
14:06:13.414701 POST /session/5b869f22-ef53-45fb-afd7-4dedb26e3026/element [8.859042ms] ERR:404 body={"strategy":"-android uiautomator","selector":"new UiSelector().descriptionMatches(\"(?is).*\\QDefin...
14:06:13.422665 POST /session/5b869f22-ef53-45fb-afd7-4dedb26e3026/element [7.914291ms] ERR:404 body={"strategy":"-android uiautomator","selector":"new UiSelector().textContains(\"Definitely Not Here\"...
14:06:13.427821 POST /session/5b869f22-ef53-45fb-afd7-4dedb26e3026/element [5.103292ms] ERR:404 body={"strategy":"-android uiautomator","selector":"new UiSelector().descriptionContains(\"Definitely Not...
14:06:13.437856 POST /session/5b869f22-ef53-45fb-afd7-4dedb26e3026/element [9.975291ms] ERR:404 body={"strategy":"-android uiautomator","selector":"new UiSelector().textMatches(\"(?is).*\\QDefinitely N...
14:06:13.444520 POST /session/5b869f22-ef53-45fb-afd7-4dedb26e3026/element [6.603833ms] ERR:404 body={"strategy":"-android uiautomator","selector":"new UiSelector().descriptionMatches(\"(?is).*\\QDefin...
14:06:13.453747 POST /session/5b869f22-ef53-45fb-afd7-4dedb26e3026/element [9.176417ms] ERR:404 body={"strategy":"-android uiautomator","selector":"new UiSelector().textContains(\"Definitely Not Here\"...
14:06:13.464486 POST /session/5b869f22-ef53-45fb-afd7-4dedb26e3026/element [10.68825ms] ERR:404 body={"strategy":"-android uiautomator","selector":"new UiSelector().descriptionContains(\"Definitely Not...
14:06:13.480543 POST /session/5b869f22-ef53-45fb-afd7-4dedb26e3026/element [15.999333ms] ERR:404 body={"strategy":"-android uiautomator","selector":"new UiSelector().textMatches(\"(?is).*\\QDefinitely N...
14:06:13.496719 POST /session/5b869f22-ef53-45fb-afd7-4dedb26e3026/element [15.988208ms] ERR:404 body={"strategy":"-android uiautomator","selector":"new UiSelector().descriptionMatches(\"(?is).*\\QDefin...
14:06:13.504169 POST /session/5b869f22-ef53-45fb-afd7-4dedb26e3026/element [7.391791ms] ERR:404 body={"strategy":"-android uiautomator","selector":"new UiSelector().textContains(\"Definitely Not Here\"...
14:06:13.512308 POST /session/5b869f22-ef53-45fb-afd7-4dedb26e3026/element [8.088458ms] ERR:404 body={"strategy":"-android uiautomator","selector":"new UiSelector().descriptionContains(\"Definitely Not...
14:06:13.520889 POST /session/5b869f22-ef53-45fb-afd7-4dedb26e3026/element [8.539625ms] ERR:404 body={"strategy":"-android uiautomator","selector":"new UiSelector().textMatches(\"(?is).*\\QDefinitely N...
14:06:13.528087 POST /session/5b869f22-ef53-45fb-afd7-4dedb26e3026/element [7.150875ms] ERR:404 body={"strategy":"-android uiautomator","selector":"new UiSelector().descriptionMatches(\"(?is).*\\QDefin...
14:06:13.536878 POST /session/5b869f22-ef53-45fb-afd7-4dedb26e3026/element [8.727625ms] ERR:404 body={"strategy":"-android uiautomator","selector":"new UiSelector().textContains(\"Definitely Not Here\"...
14:06:13.547598 POST /session/5b869f22-ef53-45fb-afd7-4dedb26e3026/element [10.669916ms] ERR:404 body={"strategy":"-android uiautomator","selector":"new UiSelector().descriptionContains(\"Definitely Not...
14:06:13.555686 POST /session/5b869f22-ef53-45fb-afd7-4dedb26e3026/element [8.037417ms] ERR:404 body={"strategy":"-android uiautomator","selector":"new UiSelector().textMatches(\"(?is).*\\QDefinitely N...
14:06:13.567292 POST /session/5b869f22-ef53-45fb-afd7-4dedb26e3026/element [11.549708ms] ERR:404 body={"strategy":"-android uiautomator","selector":"new UiSelector().descriptionMatches(\"(?is).*\\QDefin...
14:06:13.574763 POST /session/5b869f22-ef53-45fb-afd7-4dedb26e3026/element [7.417375ms] ERR:404 body={"strategy":"-android uiautomator","selector":"new UiSelector().textContains(\"Definitely Not Here\"...
14:06:13.582991 POST /session/5b869f22-ef53-45fb-afd7-4dedb26e3026/element [8.183083ms] ERR:404 body={"strategy":"-android uiautomator","selector":"new UiSelector().descriptionContains(\"Definitely Not...
14:06:13.589095 POST /session/5b869f22-ef53-45fb-afd7-4dedb26e3026/element [6.049875ms] ERR:404 body={"strategy":"-android uiautomator","selector":"new UiSelector().textMatches(\"(?is).*\\QDefinitely N...
14:06:13.596303 POST /session/5b869f22-ef53-45fb-afd7-4dedb26e3026/element [7.148916ms] ERR:404 body={"strategy":"-android uiautomator","selector":"new UiSelector().descriptionMatches(\"(?is).*\\QDefin...
14:06:13.601922 POST /session/5b869f22-ef53-45fb-afd7-4dedb26e3026/element [5.575ms] ERR:404 body={"strategy":"-android uiautomator","selector":"new UiSelector().textContains(\"Definitely Not Here\"...
14:06:13.614527 POST /session/5b869f22-ef53-45fb-afd7-4dedb26e3026/element [12.5545ms] ERR:404 body={"strategy":"-android uiautomator","selector":"new UiSelector().descriptionContains(\"Definitely Not...
14:06:13.620182 POST /session/5b869f22-ef53-45fb-afd7-4dedb26e3026/element [5.59875ms] ERR:404 body={"strategy":"-android uiautomator","selector":"new UiSelector().textMatches(\"(?is).*\\QDefinitely N...
14:06:13.629841 POST /session/5b869f22-ef53-45fb-afd7-4dedb26e3026/element [9.60275ms] ERR:404 body={"strategy":"-android uiautomator","selector":"new UiSelector().descriptionMatches(\"(?is).*\\QDefin...
14:06:13.638921 POST /session/5b869f22-ef53-45fb-afd7-4dedb26e3026/element [9.022709ms] ERR:404 body={"strategy":"-android uiautomator","selector":"new UiSelector().textContains(\"Definitely Not Here\"...
14:06:13.646317 POST /session/5b869f22-ef53-45fb-afd7-4dedb26e3026/element [7.34525ms] ERR:404 body={"strategy":"-android uiautomator","selector":"new UiSelector().descriptionContains(\"Definitely Not...
14:06:13.653856 POST /session/5b869f22-ef53-45fb-afd7-4dedb26e3026/element [7.492666ms] ERR:404 body={"strategy":"-android uiautomator","selector":"new UiSelector().textMatches(\"(?is).*\\QDefinitely N...
14:06:13.665469 POST /session/5b869f22-ef53-45fb-afd7-4dedb26e3026/element [11.554375ms] ERR:404 body={"strategy":"-android uiautomator","selector":"new UiSelector().descriptionMatches(\"(?is).*\\QDefin...
14:06:13.673254 POST /session/5b869f22-ef53-45fb-afd7-4dedb26e3026/element [7.729708ms] ERR:404 body={"strategy":"-android uiautomator","selector":"new UiSelector().textContains(\"Definitely Not Here\"...
14:06:13.682068 POST /session/5b869f22-ef53-45fb-afd7-4dedb26e3026/element [8.759ms] ERR:404 body={"strategy":"-android uiautomator","selector":"new UiSelector().descriptionContains(\"Definitely Not...
14:06:13.686875 POST /session/5b869f22-ef53-45fb-afd7-4dedb26e3026/element [4.748417ms] ERR:404 body={"strategy":"-android uiautomator","selector":"new UiSelector().textMatches(\"(?is).*\\QDefinitely N...
14:06:13.695840 POST /session/5b869f22-ef53-45fb-afd7-4dedb26e3026/element [8.912541ms] ERR:404 body={"strategy":"-android uiautomator","selector":"new UiSelector().descriptionMatches(\"(?is).*\\QDefin...
14:06:13.707047 POST /session/5b869f22-ef53-45fb-afd7-4dedb26e3026/element [11.161125ms] ERR:404 body={"strategy":"-android uiautomator","selector":"new UiSelector().textContains(\"Definitely Not Here\"...
14:06:13.713331 POST /session/5b869f22-ef53-45fb-afd7-4dedb26e3026/element [6.242459ms] ERR:404 body={"strategy":"-android uiautomator","selector":"new UiSelector().descriptionContains(\"Definitely Not...
14:06:13.721492 POST /session/5b869f22-ef53-45fb-afd7-4dedb26e3026/element [8.120375ms] ERR:404 body={"strategy":"-android uiautomator","selector":"new UiSelector().textMatches(\"(?is).*\\QDefinitely N...
14:06:13.730175 POST /session/5b869f22-ef53-45fb-afd7-4dedb26e3026/element [8.637542ms] ERR:404 body={"strategy":"-android uiautomator","selector":"new UiSelector().descriptionMatches(\"(?is).*\\QDefin...
14:06:13.737341 POST /session/5b869f22-ef53-45fb-afd7-4dedb26e3026/element [7.121167ms] ERR:404 body={"strategy":"-android uiautomator","selector":"new UiSelector().textContains(\"Definitely Not Here\"...
14:06:13.743779 POST /session/5b869f22-ef53-45fb-afd7-4dedb26e3026/element [6.390167ms] ERR:404 body={"strategy":"-android uiautomator","selector":"new UiSelector().descriptionContains(\"Definitely Not...
14:06:13.751795 POST /session/5b869f22-ef53-45fb-afd7-4dedb26e3026/element [7.971583ms] ERR:404 body={"strategy":"-android uiautomator","selector":"new UiSelector().textMatches(\"(?is).*\\QDefinitely N...
14:06:13.760183 POST /session/5b869f22-ef53-45fb-afd7-4dedb26e3026/element [8.339833ms] ERR:404 body={"strategy":"-android uiautomator","selector":"new UiSelector().descriptionMatches(\"(?is).*\\QDefin...
14:06:13.768802 POST /session/5b869f22-ef53-45fb-afd7-4dedb26e3026/element [8.5735ms] ERR:404 body={"strategy":"-android uiautomator","selector":"new UiSelector().textContains(\"Definitely Not Here\"...
14:06:13.777146 POST /session/5b869f22-ef53-45fb-afd7-4dedb26e3026/element [8.305208ms] ERR:404 body={"strategy":"-android uiautomator","selector":"new UiSelector().descriptionContains(\"Definitely Not...
14:06:13.785003 POST /session/5b869f22-ef53-45fb-afd7-4dedb26e3026/element [7.824584ms] ERR:404 body={"strategy":"-android uiautomator","selector":"new UiSelector().textMatches(\"(?is).*\\QDefinitely N...
14:06:13.791436 POST /session/5b869f22-ef53-45fb-afd7-4dedb26e3026/element [6.401541ms] ERR:404 body={"strategy":"-android uiautomator","selector":"new UiSelector().descriptionMatches(\"(?is).*\\QDefin...
14:06:13.797144 POST /session/5b869f22-ef53-45fb-afd7-4dedb26e3026/element [5.674292ms] ERR:404 body={"strategy":"-android uiautomator","selector":"new UiSelector().textContains(\"Definitely Not Here\"...
14:06:13.802825 POST /session/5b869f22-ef53-45fb-afd7-4dedb26e3026/element [5.650041ms] ERR:404 body={"strategy":"-android uiautomator","selector":"new UiSelector().descriptionContains(\"Definitely Not...
14:06:13.809074 POST /session/5b869f22-ef53-45fb-afd7-4dedb26e3026/element [6.209583ms] ERR:404 body={"strategy":"-android uiautomator","selector":"new UiSelector().textMatches(\"(?is).*\\QDefinitely N...
14:06:13.814771 POST /session/5b869f22-ef53-45fb-afd7-4dedb26e3026/element [5.661208ms] ERR:404 body={"strategy":"-android uiautomator","selector":"new UiSelector().descriptionMatches(\"(?is).*\\QDefin...
14:06:13.822054 POST /session/5b869f22-ef53-45fb-afd7-4dedb26e3026/element [7.242541ms] ERR:404 body={"strategy":"-android uiautomator","selector":"new UiSelector().textContains(\"Definitely Not Here\"...
14:06:13.829724 POST /session/5b869f22-ef53-45fb-afd7-4dedb26e3026/element [7.623042ms] ERR:404 body={"strategy":"-android uiautomator","selector":"new UiSelector().descriptionContains(\"Definitely Not...
14:06:13.841248 POST /session/5b869f22-ef53-45fb-afd7-4dedb26e3026/element [11.47575ms] ERR:404 body={"strategy":"-android uiautomator","selector":"new UiSelector().textMatches(\"(?is).*\\QDefinitely N...
14:06:13.846480 POST /session/5b869f22-ef53-45fb-afd7-4dedb26e3026/element [5.178792ms] ERR:404 body={"strategy":"-android uiautomator","selector":"new UiSelector().descriptionMatches(\"(?is).*\\QDefin...
14:06:13.853102 POST /session/5b869f22-ef53-45fb-afd7-4dedb26e3026/element [6.581084ms] ERR:404 body={"strategy":"-android uiautomator","selector":"new UiSelector().textContains(\"Definitely Not Here\"...
14:06:13.858703 POST /session/5b869f22-ef53-45fb-afd7-4dedb26e3026/element [5.55925ms] ERR:404 body={"strategy":"-android uiautomator","selector":"new UiSelector().descriptionContains(\"Definitely Not...
14:06:13.863905 POST /session/5b869f22-ef53-45fb-afd7-4dedb26e3026/element [5.15675ms] ERR:404 body={"strategy":"-android uiautomator","selector":"new UiSelector().textMatches(\"(?is).*\\QDefinitely N...
14:06:13.872411 POST /session/5b869f22-ef53-45fb-afd7-4dedb26e3026/element [8.463541ms] ERR:404 body={"strategy":"-android uiautomator","selector":"new UiSelector().descriptionMatches(\"(?is).*\\QDefin...
14:06:13.880255 POST /session/5b869f22-ef53-45fb-afd7-4dedb26e3026/element [7.8005ms] ERR:404 body={"strategy":"-android uiautomator","selector":"new UiSelector().textContains(\"Definitely Not Here\"...
14:06:13.888758 POST /session/5b869f22-ef53-45fb-afd7-4dedb26e3026/element [8.468542ms] ERR:404 body={"strategy":"-android uiautomator","selector":"new UiSelector().descriptionContains(\"Definitely Not...
14:06:13.895303 POST /session/5b869f22-ef53-45fb-afd7-4dedb26e3026/element [6.515417ms] ERR:404 body={"strategy":"-android uiautomator","selector":"new UiSelector().textMatches(\"(?is).*\\QDefinitely N...
14:06:13.899589 POST /session/5b869f22-ef53-45fb-afd7-4dedb26e3026/element [4.24725ms] ERR:404 body={"strategy":"-android uiautomator","selector":"new UiSelector().descriptionMatches(\"(?is).*\\QDefin...
14:06:13.906362 POST /session/5b869f22-ef53-45fb-afd7-4dedb26e3026/element [6.729875ms] ERR:404 body={"strategy":"-android uiautomator","selector":"new UiSelector().textContains(\"Definitely Not Here\"...
14:06:13.912189 POST /session/5b869f22-ef53-45fb-afd7-4dedb26e3026/element [5.79275ms] ERR:404 body={"strategy":"-android uiautomator","selector":"new UiSelector().descriptionContains(\"Definitely Not...
14:06:13.920344 POST /session/5b869f22-ef53-45fb-afd7-4dedb26e3026/element [8.112ms] ERR:404 body={"strategy":"-android uiautomator","selector":"new UiSelector().textMatches(\"(?is).*\\QDefinitely N...
14:06:13.926351 POST /session/5b869f22-ef53-45fb-afd7-4dedb26e3026/element [5.9675ms] ERR:404 body={"strategy":"-android uiautomator","selector":"new UiSelector().descriptionMatches(\"(?is).*\\QDefin...
14:06:13.933628 POST /session/5b869f22-ef53-45fb-afd7-4dedb26e3026/element [7.238625ms] ERR:404 body={"strategy":"-android uiautomator","selector":"new UiSelector().textContains(\"Definitely Not Here\"...
14:06:13.940429 POST /session/5b869f22-ef53-45fb-afd7-4dedb26e3026/element [6.772334ms] ERR:404 body={"strategy":"-android uiautomator","selector":"new UiSelector().descriptionContains(\"Definitely Not...
14:06:13.947826 POST /session/5b869f22-ef53-45fb-afd7-4dedb26e3026/element [7.360792ms] ERR:404 body={"strategy":"-android uiautomator","selector":"new UiSelector().textMatches(\"(?is).*\\QDefinitely N...
14:06:13.954843 POST /session/5b869f22-ef53-45fb-afd7-4dedb26e3026/element [6.984458ms] ERR:404 body={"strategy":"-android uiautomator","selector":"new UiSelector().descriptionMatches(\"(?is).*\\QDefin...
14:06:13.960588 POST /session/5b869f22-ef53-45fb-afd7-4dedb26e3026/element [5.707458ms] ERR:404 body={"strategy":"-android uiautomator","selector":"new UiSelector().textContains(\"Definitely Not Here\"...
14:06:13.966166 POST /session/5b869f22-ef53-45fb-afd7-4dedb26e3026/element [5.541542ms] ERR:404 body={"strategy":"-android uiautomator","selector":"new UiSelector().descriptionContains(\"Definitely Not...
14:06:13.971205 POST /session/5b869f22-ef53-45fb-afd7-4dedb26e3026/element [5.005375ms] ERR:404 body={"strategy":"-android uiautomator","selector":"new UiSelector().textMatches(\"(?is).*\\QDefinitely N...
14:06:13.976064 POST /session/5b869f22-ef53-45fb-afd7-4dedb26e3026/element [4.830166ms] ERR:404 body={"strategy":"-android uiautomator","selector":"new UiSelector().descriptionMatches(\"(?is).*\\QDefin...
14:06:13.980323 POST /session/5b869f22-ef53-45fb-afd7-4dedb26e3026/element [4.229709ms] ERR:404 body={"strategy":"-android uiautomator","selector":"new UiSelector().textContains(\"Definitely Not Here\"...
14:06:13.987123 POST /session/5b869f22-ef53-45fb-afd7-4dedb26e3026/element [6.772917ms] ERR:404 body={"strategy":"-android uiautomator","selector":"new UiSelector().descriptionContains(\"Definitely Not...
14:06:13.991760 POST /session/5b869f22-ef53-45fb-afd7-4dedb26e3026/element [4.604583ms] ERR:404 body={"strategy":"-android uiautomator","selector":"new UiSelector().textMatches(\"(?is).*\\QDefinitely N...
14:06:13.999179 POST /session/5b869f22-ef53-45fb-afd7-4dedb26e3026/element [7.38125ms] ERR:404 body={"strategy":"-android uiautomator","selector":"new UiSelector().descriptionMatches(\"(?is).*\\QDefin...
14:06:14.009482 POST /session/5b869f22-ef53-45fb-afd7-4dedb26e3026/element [10.259375ms] ERR:404 body={"strategy":"-android uiautomator","selector":"new UiSelector().textContains(\"Definitely Not Here\"...
14:06:14.016443 POST /session/5b869f22-ef53-45fb-afd7-4dedb26e3026/element [6.923125ms] ERR:404 body={"strategy":"-android uiautomator","selector":"new UiSelector().descriptionContains(\"Definitely Not...
14:06:14.023970 POST /session/5b869f22-ef53-45fb-afd7-4dedb26e3026/element [7.475041ms] ERR:404 body={"strategy":"-android uiautomator","selector":"new UiSelector().textMatches(\"(?is).*\\QDefinitely N...
14:06:14.029642 POST /session/5b869f22-ef53-45fb-afd7-4dedb26e3026/element [5.623709ms] ERR:404 body={"strategy":"-android uiautomator","selector":"new UiSelector().descriptionMatches(\"(?is).*\\QDefin...
14:06:14.039972 POST /session/5b869f22-ef53-45fb-afd7-4dedb26e3026/element [10.294875ms] ERR:404 body={"strategy":"-android uiautomator","selector":"new UiSelector().textContains(\"Definitely Not Here\"...
14:06:14.047473 POST /session/5b869f22-ef53-45fb-afd7-4dedb26e3026/element [7.452375ms] ERR:404 body={"strategy":"-android uiautomator","selector":"new UiSelector().descriptionContains(\"Definitely Not...
14:06:14.053092 POST /session/5b869f22-ef53-45fb-afd7-4dedb26e3026/element [5.568917ms] ERR:404 body={"strategy":"-android uiautomator","selector":"new UiSelector().textMatches(\"(?is).*\\QDefinitely N...
14:06:14.060043 POST /session/5b869f22-ef53-45fb-afd7-4dedb26e3026/element [6.893625ms] ERR:404 body={"strategy":"-android uiautomator","selector":"new UiSelector().descriptionMatches(\"(?is).*\\QDefin...
14:06:14.068156 POST /session/5b869f22-ef53-45fb-afd7-4dedb26e3026/element [8.0785ms] ERR:404 body={"strategy":"-android uiautomator","selector":"new UiSelector().textContains(\"Definitely Not Here\"...
14:06:14.076046 POST /session/5b869f22-ef53-45fb-afd7-4dedb26e3026/element [7.853958ms] ERR:404 body={"strategy":"-android uiautomator","selector":"new UiSelector().descriptionContains(\"Definitely Not...
14:06:14.080465 POST /session/5b869f22-ef53-45fb-afd7-4dedb26e3026/element [4.384125ms] ERR:404 body={"strategy":"-android uiautomator","selector":"new UiSelector().textMatches(\"(?is).*\\QDefinitely N...
14:06:14.086486 POST /session/5b869f22-ef53-45fb-afd7-4dedb26e3026/element [5.978167ms] ERR:404 body={"strategy":"-android uiautomator","selector":"new UiSelector().descriptionMatches(\"(?is).*\\QDefin...
14:06:14.095351 POST /session/5b869f22-ef53-45fb-afd7-4dedb26e3026/element [8.821458ms] ERR:404 body={"strategy":"-android uiautomator","selector":"new UiSelector().textContains(\"Definitely Not Here\"...
14:06:14.102334 POST /session/5b869f22-ef53-45fb-afd7-4dedb26e3026/element [6.944458ms] ERR:404 body={"strategy":"-android uiautomator","selector":"new UiSelector().descriptionContains(\"Definitely Not...
14:06:14.108508 POST /session/5b869f22-ef53-45fb-afd7-4dedb26e3026/element [6.137375ms] ERR:404 body={"strategy":"-android uiautomator","selector":"new UiSelector().textMatches(\"(?is).*\\QDefinitely N...
14:06:14.113204 POST /session/5b869f22-ef53-45fb-afd7-4dedb26e3026/element [4.662625ms] ERR:404 body={"strategy":"-android uiautomator","selector":"new UiSelector().descriptionMatches(\"(?is).*\\QDefin...
14:06:14.118454 POST /session/5b869f22-ef53-45fb-afd7-4dedb26e3026/element [5.217958ms] ERR:404 body={"strategy":"-android uiautomator","selector":"new UiSelector().textContains(\"Definitely Not Here\"...
14:06:14.125592 POST /session/5b869f22-ef53-45fb-afd7-4dedb26e3026/element [7.095667ms] ERR:404 body={"strategy":"-android uiautomator","selector":"new UiSelector().descriptionContains(\"Definitely Not...
14:06:14.137126 POST /session/5b869f22-ef53-45fb-afd7-4dedb26e3026/element [11.482583ms] ERR:404 body={"strategy":"-android uiautomator","selector":"new UiSelector().textMatches(\"(?is).*\\QDefinitely N...
14:06:14.148512 POST /session/5b869f22-ef53-45fb-afd7-4dedb26e3026/element [11.224625ms] ERR:404 body={"strategy":"-android uiautomator","selector":"new UiSelector().descriptionMatches(\"(?is).*\\QDefin...
14:06:14.158713 POST /session/5b869f22-ef53-45fb-afd7-4dedb26e3026/element [10.114625ms] ERR:404 body={"strategy":"-android uiautomator","selector":"new UiSelector().textContains(\"Definitely Not Here\"...
14:06:14.173616 POST /session/5b869f22-ef53-45fb-afd7-4dedb26e3026/element [14.794875ms] ERR:404 body={"strategy":"-android uiautomator","selector":"new UiSelector().descriptionContains(\"Definitely Not...
14:06:14.183589 POST /session/5b869f22-ef53-45fb-afd7-4dedb26e3026/element [9.9205ms] ERR:404 body={"strategy":"-android uiautomator","selector":"new UiSelector().textMatches(\"(?is).*\\QDefinitely N...
14:06:14.194065 POST /session/5b869f22-ef53-45fb-afd7-4dedb26e3026/element [10.413458ms] ERR:404 body={"strategy":"-android uiautomator","selector":"new UiSelector().descriptionMatches(\"(?is).*\\QDefin...
14:06:14.200593 POST /session/5b869f22-ef53-45fb-afd7-4dedb26e3026/element [6.454791ms] ERR:404 body={"strategy":"-android uiautomator","selector":"new UiSelector().textContains(\"Definitely Not Here\"...
14:06:14.207527 POST /session/5b869f22-ef53-45fb-afd7-4dedb26e3026/element [6.864667ms] ERR:404 body={"strategy":"-android uiautomator","selector":"new UiSelector().descriptionContains(\"Definitely Not...
14:06:14.214571 POST /session/5b869f22-ef53-45fb-afd7-4dedb26e3026/element [6.992917ms] ERR:404 body={"strategy":"-android uiautomator","selector":"new UiSelector().textMatches(\"(?is).*\\QDefinitely N...
14:06:14.240415 POST /session/5b869f22-ef53-45fb-afd7-4dedb26e3026/element [25.784958ms] ERR:404 body={"strategy":"-android uiautomator","selector":"new UiSelector().descriptionMatches(\"(?is).*\\QDefin...
14:06:14.248242 POST /session/5b869f22-ef53-45fb-afd7-4dedb26e3026/element [7.774417ms] ERR:404 body={"strategy":"-android uiautomator","selector":"new UiSelector().textContains(\"Definitely Not Here\"...
14:06:14.255828 POST /session/5b869f22-ef53-45fb-afd7-4dedb26e3026/element [7.53675ms] ERR:404 body={"strategy":"-android uiautomator","selector":"new UiSelector().descriptionContains(\"Definitely Not...
14:06:14.260631 POST /session/5b869f22-ef53-45fb-afd7-4dedb26e3026/element [4.757917ms] ERR:404 body={"strategy":"-android uiautomator","selector":"new UiSelector().textMatches(\"(?is).*\\QDefinitely N...
14:06:14.265910 POST /session/5b869f22-ef53-45fb-afd7-4dedb26e3026/element [5.230292ms] ERR:404 body={"strategy":"-android uiautomator","selector":"new UiSelector().descriptionMatches(\"(?is).*\\QDefin...
14:06:14.273083 POST /session/5b869f22-ef53-45fb-afd7-4dedb26e3026/element [7.129833ms] ERR:404 body={"strategy":"-android uiautomator","selector":"new UiSelector().textContains(\"Definitely Not Here\"...
14:06:14.278964 POST /session/5b869f22-ef53-45fb-afd7-4dedb26e3026/element [5.847ms] ERR:404 body={"strategy":"-android uiautomator","selector":"new UiSelector().descriptionContains(\"Definitely Not...
14:06:14.283973 POST /session/5b869f22-ef53-45fb-afd7-4dedb26e3026/element [4.974542ms] ERR:404 body={"strategy":"-android uiautomator","selector":"new UiSelector().textMatches(\"(?is).*\\QDefinitely N...
14:06:14.288840 POST /session/5b869f22-ef53-45fb-afd7-4dedb26e3026/element [4.831792ms] ERR:404 body={"strategy":"-android uiautomator","selector":"new UiSelector().descriptionMatches(\"(?is).*\\QDefin...
14:06:14.295548 POST /session/5b869f22-ef53-45fb-afd7-4dedb26e3026/element [6.66425ms] ERR:404 body={"strategy":"-android uiautomator","selector":"new UiSelector().textContains(\"Definitely Not Here\"...
14:06:14.303683 POST /session/5b869f22-ef53-45fb-afd7-4dedb26e3026/element [8.100958ms] ERR:404 body={"strategy":"-android uiautomator","selector":"new UiSelector().descriptionContains(\"Definitely Not...
14:06:14.310299 POST /session/5b869f22-ef53-45fb-afd7-4dedb26e3026/element [6.573708ms] ERR:404 body={"strategy":"-android uiautomator","selector":"new UiSelector().textMatches(\"(?is).*\\QDefinitely N...
14:06:14.317575 POST /session/5b869f22-ef53-45fb-afd7-4dedb26e3026/element [7.234792ms] ERR:404 body={"strategy":"-android uiautomator","selector":"new UiSelector().descriptionMatches(\"(?is).*\\QDefin...
14:06:14.325150 POST /session/5b869f22-ef53-45fb-afd7-4dedb26e3026/element [7.540458ms] ERR:404 body={"strategy":"-android uiautomator","selector":"new UiSelector().textContains(\"Definitely Not Here\"...
14:06:14.333331 POST /session/5b869f22-ef53-45fb-afd7-4dedb26e3026/element [8.130667ms] ERR:404 body={"strategy":"-android uiautomator","selector":"new UiSelector().descriptionContains(\"Definitely Not...
14:06:14.341438 POST /session/5b869f22-ef53-45fb-afd7-4dedb26e3026/element [8.061291ms] ERR:404 body={"strategy":"-android uiautomator","selector":"new UiSelector().textMatches(\"(?is).*\\QDefinitely N...
14:06:14.347598 POST /session/5b869f22-ef53-45fb-afd7-4dedb26e3026/element [6.122875ms] ERR:404 body={"strategy":"-android uiautomator","selector":"new UiSelector().descriptionMatches(\"(?is).*\\QDefin...
14:06:14.355126 POST /session/5b869f22-ef53-45fb-afd7-4dedb26e3026/element [7.492584ms] ERR:404 body={"strategy":"-android uiautomator","selector":"new UiSelector().textContains(\"Definitely Not Here\"...
14:06:14.359350 POST /session/5b869f22-ef53-45fb-afd7-4dedb26e3026/element [4.187875ms] ERR:404 body={"strategy":"-android uiautomator","selector":"new UiSelector().descriptionContains(\"Definitely Not...
14:06:14.365746 POST /session/5b869f22-ef53-45fb-afd7-4dedb26e3026/element [6.361667ms] ERR:404 body={"strategy":"-android uiautomator","selector":"new UiSelector().textMatches(\"(?is).*\\QDefinitely N...
14:06:14.370718 POST /session/5b869f22-ef53-45fb-afd7-4dedb26e3026/element [4.942ms] ERR:404 body={"strategy":"-android uiautomator","selector":"new UiSelector().descriptionMatches(\"(?is).*\\QDefin...
14:06:14.377615 POST /session/5b869f22-ef53-45fb-afd7-4dedb26e3026/element [6.870917ms] ERR:404 body={"strategy":"-android uiautomator","selector":"new UiSelector().textContains(\"Definitely Not Here\"...
14:06:14.382530 POST /session/5b869f22-ef53-45fb-afd7-4dedb26e3026/element [4.879958ms] ERR:404 body={"strategy":"-android uiautomator","selector":"new UiSelector().descriptionContains(\"Definitely Not...
14:06:14.389457 POST /session/5b869f22-ef53-45fb-afd7-4dedb26e3026/element [6.899375ms] ERR:404 body={"strategy":"-android uiautomator","selector":"new UiSelector().textMatches(\"(?is).*\\QDefinitely N...
14:06:14.401390 POST /session/5b869f22-ef53-45fb-afd7-4dedb26e3026/element [11.881917ms] ERR:404 body={"strategy":"-android uiautomator","selector":"new UiSelector().descriptionMatches(\"(?is).*\\QDefin...
14:06:14.410337 POST /session/5b869f22-ef53-45fb-afd7-4dedb26e3026/element [8.863667ms] ERR:404 body={"strategy":"-android uiautomator","selector":"new UiSelector().textContains(\"Definitely Not Here\"...
14:06:14.416460 POST /session/5b869f22-ef53-45fb-afd7-4dedb26e3026/element [6.069958ms] ERR:404 body={"strategy":"-android uiautomator","selector":"new UiSelector().descriptionContains(\"Definitely Not...
14:06:14.421968 POST /session/5b869f22-ef53-45fb-afd7-4dedb26e3026/element [5.468833ms] ERR:404 body={"strategy":"-android uiautomator","selector":"new UiSelector().textMatches(\"(?is).*\\QDefinitely N...
14:06:14.428023 POST /session/5b869f22-ef53-45fb-afd7-4dedb26e3026/element [6.025459ms] ERR:404 body={"strategy":"-android uiautomator","selector":"new UiSelector().descriptionMatches(\"(?is).*\\QDefin...
14:06:14.435384 POST /session/5b869f22-ef53-45fb-afd7-4dedb26e3026/element [7.336084ms] ERR:404 body={"strategy":"-android uiautomator","selector":"new UiSelector().textContains(\"Definitely Not Here\"...
14:06:14.441192 POST /session/5b869f22-ef53-45fb-afd7-4dedb26e3026/element [5.767875ms] ERR:404 body={"strategy":"-android uiautomator","selector":"new UiSelector().descriptionContains(\"Definitely Not...
14:06:14.449196 POST /session/5b869f22-ef53-45fb-afd7-4dedb26e3026/element [7.962125ms] ERR:404 body={"strategy":"-android uiautomator","selector":"new UiSelector().textMatches(\"(?is).*\\QDefinitely N...
14:06:14.457727 POST /session/5b869f22-ef53-45fb-afd7-4dedb26e3026/element [8.484625ms] ERR:404 body={"strategy":"-android uiautomator","selector":"new UiSelector().descriptionMatches(\"(?is).*\\QDefin...
14:06:14.462240 POST /session/5b869f22-ef53-45fb-afd7-4dedb26e3026/element [4.469917ms] ERR:404 body={"strategy":"-android uiautomator","selector":"new UiSelector().textContains(\"Definitely Not Here\"...
14:06:14.467295 POST /session/5b869f22-ef53-45fb-afd7-4dedb26e3026/element [5.019667ms] ERR:404 body={"strategy":"-android uiautomator","selector":"new UiSelector().descriptionContains(\"Definitely Not...
14:06:14.472958 POST /session/5b869f22-ef53-45fb-afd7-4dedb26e3026/element [5.62825ms] ERR:404 body={"strategy":"-android uiautomator","selector":"new UiSelector().textMatches(\"(?is).*\\QDefinitely N...
14:06:14.477162 POST /session/5b869f22-ef53-45fb-afd7-4dedb26e3026/element [4.172291ms] ERR:404 body={"strategy":"-android uiautomator","selector":"new UiSelector().descriptionMatches(\"(?is).*\\QDefin...
14:06:14.485207 POST /session/5b869f22-ef53-45fb-afd7-4dedb26e3026/element [8.004666ms] ERR:404 body={"strategy":"-android uiautomator","selector":"new UiSelector().textContains(\"Definitely Not Here\"...
14:06:14.490328 POST /session/5b869f22-ef53-45fb-afd7-4dedb26e3026/element [5.075416ms] ERR:404 body={"strategy":"-android uiautomator","selector":"new UiSelector().descriptionContains(\"Definitely Not...
14:06:14.498753 POST /session/5b869f22-ef53-45fb-afd7-4dedb26e3026/element [8.387917ms] ERR:404 body={"strategy":"-android uiautomator","selector":"new UiSelector().textMatches(\"(?is).*\\QDefinitely N...
14:06:14.506900 POST /session/5b869f22-ef53-45fb-afd7-4dedb26e3026/element [8.108375ms] ERR:404 body={"strategy":"-android uiautomator","selector":"new UiSelector().descriptionMatches(\"(?is).*\\QDefin...
14:06:14.511716 POST /session/5b869f22-ef53-45fb-afd7-4dedb26e3026/element [4.780917ms] ERR:404 body={"strategy":"-android uiautomator","selector":"new UiSelector().textContains(\"Definitely Not Here\"...
14:06:14.519169 POST /session/5b869f22-ef53-45fb-afd7-4dedb26e3026/element [7.420417ms] ERR:404 body={"strategy":"-android uiautomator","selector":"new UiSelector().descriptionContains(\"Definitely Not...
14:06:14.524265 POST /session/5b869f22-ef53-45fb-afd7-4dedb26e3026/element [5.063ms] ERR:404 body={"strategy":"-android uiautomator","selector":"new UiSelector().textMatches(\"(?is).*\\QDefinitely N...
14:06:14.531252 POST /session/5b869f22-ef53-45fb-afd7-4dedb26e3026/element [6.950584ms] ERR:404 body={"strategy":"-android uiautomator","selector":"new UiSelector().descriptionMatches(\"(?is).*\\QDefin...
14:06:14.536907 POST /session/5b869f22-ef53-45fb-afd7-4dedb26e3026/element [5.612833ms] ERR:404 body={"strategy":"-android uiautomator","selector":"new UiSelector().textContains(\"Definitely Not Here\"...
14:06:14.541628 POST /session/5b869f22-ef53-45fb-afd7-4dedb26e3026/element [4.681708ms] ERR:404 body={"strategy":"-android uiautomator","selector":"new UiSelector().descriptionContains(\"Definitely Not...
14:06:14.546044 POST /session/5b869f22-ef53-45fb-afd7-4dedb26e3026/element [4.382083ms] ERR:404 body={"strategy":"-android uiautomator","selector":"new UiSelector().textMatches(\"(?is).*\\QDefinitely N...
14:06:14.553422 POST /session/5b869f22-ef53-45fb-afd7-4dedb26e3026/element [7.334709ms] ERR:404 body={"strategy":"-android uiautomator","selector":"new UiSelector().descriptionMatches(\"(?is).*\\QDefin...
14:06:14.560408 POST /session/5b869f22-ef53-45fb-afd7-4dedb26e3026/element [6.935583ms] ERR:404 body={"strategy":"-android uiautomator","selector":"new UiSelector().textContains(\"Definitely Not Here\"...
14:06:14.565391 POST /session/5b869f22-ef53-45fb-afd7-4dedb26e3026/element [4.943459ms] ERR:404 body={"strategy":"-android uiautomator","selector":"new UiSelector().descriptionContains(\"Definitely Not...
14:06:14.577308 POST /session/5b869f22-ef53-45fb-afd7-4dedb26e3026/element [11.873458ms] ERR:404 body={"strategy":"-android uiautomator","selector":"new UiSelector().textMatches(\"(?is).*\\QDefinitely N...
14:06:14.586323 POST /session/5b869f22-ef53-45fb-afd7-4dedb26e3026/element [8.927792ms] ERR:404 body={"strategy":"-android uiautomator","selector":"new UiSelector().descriptionMatches(\"(?is).*\\QDefin...
14:06:14.593749 POST /session/5b869f22-ef53-45fb-afd7-4dedb26e3026/element [7.372625ms] ERR:404 body={"strategy":"-android uiautomator","selector":"new UiSelector().textContains(\"Definitely Not Here\"...
14:06:14.600255 POST /session/5b869f22-ef53-45fb-afd7-4dedb26e3026/element [6.461167ms] ERR:404 body={"strategy":"-android uiautomator","selector":"new UiSelector().descriptionContains(\"Definitely Not...
14:06:14.607100 POST /session/5b869f22-ef53-45fb-afd7-4dedb26e3026/element [6.800875ms] ERR:404 body={"strategy":"-android uiautomator","selector":"new UiSelector().textMatches(\"(?is).*\\QDefinitely N...
14:06:14.612373 POST /session/5b869f22-ef53-45fb-afd7-4dedb26e3026/element [5.23525ms] ERR:404 body={"strategy":"-android uiautomator","selector":"new UiSelector().descriptionMatches(\"(?is).*\\QDefin...
14:06:14.617378 POST /session/5b869f22-ef53-45fb-afd7-4dedb26e3026/element [4.967375ms] ERR:404 body={"strategy":"-android uiautomator","selector":"new UiSelector().textContains(\"Definitely Not Here\"...
14:06:14.622726 POST /session/5b869f22-ef53-45fb-afd7-4dedb26e3026/element [5.305583ms] ERR:404 body={"strategy":"-android uiautomator","selector":"new UiSelector().descriptionContains(\"Definitely Not...
14:06:14.630171 POST /session/5b869f22-ef53-45fb-afd7-4dedb26e3026/element [7.40875ms] ERR:404 body={"strategy":"-android uiautomator","selector":"new UiSelector().textMatches(\"(?is).*\\QDefinitely N...
14:06:14.641338 POST /session/5b869f22-ef53-45fb-afd7-4dedb26e3026/element [11.1165ms] ERR:404 body={"strategy":"-android uiautomator","selector":"new UiSelector().descriptionMatches(\"(?is).*\\QDefin...
14:06:14.650548 POST /session/5b869f22-ef53-45fb-afd7-4dedb26e3026/element [9.15525ms] ERR:404 body={"strategy":"-android uiautomator","selector":"new UiSelector().textContains(\"Definitely Not Here\"...
14:06:14.656583 POST /session/5b869f22-ef53-45fb-afd7-4dedb26e3026/element [5.958792ms] ERR:404 body={"strategy":"-android uiautomator","selector":"new UiSelector().descriptionContains(\"Definitely Not...
14:06:14.666252 POST /session/5b869f22-ef53-45fb-afd7-4dedb26e3026/element [9.605208ms] ERR:404 body={"strategy":"-android uiautomator","selector":"new UiSelector().textMatches(\"(?is).*\\QDefinitely N...
14:06:14.672415 POST /session/5b869f22-ef53-45fb-afd7-4dedb26e3026/element [6.119ms] ERR:404 body={"strategy":"-android uiautomator","selector":"new UiSelector().descriptionMatches(\"(?is).*\\QDefin...
14:06:14.677213 POST /session/5b869f22-ef53-45fb-afd7-4dedb26e3026/element [4.753625ms] ERR:404 body={"strategy":"-android uiautomator","selector":"new UiSelector().textContains(\"Definitely Not Here\"...
14:06:14.684344 POST /session/5b869f22-ef53-45fb-afd7-4dedb26e3026/element [7.096042ms] ERR:404 body={"strategy":"-android uiautomator","selector":"new UiSelector().descriptionContains(\"Definitely Not...
14:06:14.692260 POST /session/5b869f22-ef53-45fb-afd7-4dedb26e3026/element [7.878291ms] ERR:404 body={"strategy":"-android uiautomator","selector":"new UiSelector().textMatches(\"(?is).*\\QDefinitely N...
14:06:14.698682 POST /session/5b869f22-ef53-45fb-afd7-4dedb26e3026/element [6.37375ms] ERR:404 body={"strategy":"-android uiautomator","selector":"new UiSelector().descriptionMatches(\"(?is).*\\QDefin...
14:06:14.704291 POST /session/5b869f22-ef53-45fb-afd7-4dedb26e3026/element [5.565166ms] ERR:404 body={"strategy":"-android uiautomator","selector":"new UiSelector().textContains(\"Definitely Not Here\"...
14:06:14.713213 POST /session/5b869f22-ef53-45fb-afd7-4dedb26e3026/element [8.880084ms] ERR:404 body={"strategy":"-android uiautomator","selector":"new UiSelector().descriptionContains(\"Definitely Not...
14:06:14.718933 POST /session/5b869f22-ef53-45fb-afd7-4dedb26e3026/element [5.670584ms] ERR:404 body={"strategy":"-android uiautomator","selector":"new UiSelector().textMatches(\"(?is).*\\QDefinitely N...
14:06:14.724732 POST /session/5b869f22-ef53-45fb-afd7-4dedb26e3026/element [5.756583ms] ERR:404 body={"strategy":"-android uiautomator","selector":"new UiSelector().descriptionMatches(\"(?is).*\\QDefin...
14:06:14.733157 POST /session/5b869f22-ef53-45fb-afd7-4dedb26e3026/element [8.370166ms] ERR:404 body={"strategy":"-android uiautomator","selector":"new UiSelector().textContains(\"Definitely Not Here\"...
14:06:14.740313 POST /session/5b869f22-ef53-45fb-afd7-4dedb26e3026/element [7.102542ms] ERR:404 body={"strategy":"-android uiautomator","selector":"new UiSelector().descriptionContains(\"Definitely Not...
14:06:14.745574 POST /session/5b869f22-ef53-45fb-afd7-4dedb26e3026/element [5.214291ms] ERR:404 body={"strategy":"-android uiautomator","selector":"new UiSelector().textMatches(\"(?is).*\\QDefinitely N...
14:06:14.759281 POST /session/5b869f22-ef53-45fb-afd7-4dedb26e3026/element [13.661167ms] ERR:404 body={"strategy":"-android uiautomator","selector":"new UiSelector().descriptionMatches(\"(?is).*\\QDefin...
14:06:14.766345 POST /session/5b869f22-ef53-45fb-afd7-4dedb26e3026/element [7.012084ms] ERR:404 body={"strategy":"-android uiautomator","selector":"new UiSelector().textContains(\"Definitely Not Here\"...
14:06:14.772402 POST /session/5b869f22-ef53-45fb-afd7-4dedb26e3026/element [6.011166ms] ERR:404 body={"strategy":"-android uiautomator","selector":"new UiSelector().descriptionContains(\"Definitely Not...
14:06:14.781112 POST /session/5b869f22-ef53-45fb-afd7-4dedb26e3026/element [8.666959ms] ERR:404 body={"strategy":"-android uiautomator","selector":"new UiSelector().textMatches(\"(?is).*\\QDefinitely N...
14:06:14.787309 POST /session/5b869f22-ef53-45fb-afd7-4dedb26e3026/element [6.15825ms] ERR:404 body={"strategy":"-android uiautomator","selector":"new UiSelector().descriptionMatches(\"(?is).*\\QDefin...
14:06:14.793685 POST /session/5b869f22-ef53-45fb-afd7-4dedb26e3026/element [6.329958ms] ERR:404 body={"strategy":"-android uiautomator","selector":"new UiSelector().textContains(\"Definitely Not Here\"...
14:06:14.801280 POST /session/5b869f22-ef53-45fb-afd7-4dedb26e3026/element [7.548916ms] ERR:404 body={"strategy":"-android uiautomator","selector":"new UiSelector().descriptionContains(\"Definitely Not...
14:06:14.811724 POST /session/5b869f22-ef53-45fb-afd7-4dedb26e3026/element [10.391417ms] ERR:404 body={"strategy":"-android uiautomator","selector":"new UiSelector().textMatches(\"(?is).*\\QDefinitely N...
14:06:14.819236 POST /session/5b869f22-ef53-45fb-afd7-4dedb26e3026/element [7.442125ms] ERR:404 body={"strategy":"-android uiautomator","selector":"new UiSelector().descriptionMatches(\"(?is).*\\QDefin...
14:06:14.826529 POST /session/5b869f22-ef53-45fb-afd7-4dedb26e3026/element [7.227333ms] ERR:404 body={"strategy":"-android uiautomator","selector":"new UiSelector().textContains(\"Definitely Not Here\"...
14:06:14.835581 POST /session/5b869f22-ef53-45fb-afd7-4dedb26e3026/element [8.985042ms] ERR:404 body={"strategy":"-android uiautomator","selector":"new UiSelector().descriptionContains(\"Definitely Not...
14:06:14.842598 POST /session/5b869f22-ef53-45fb-afd7-4dedb26e3026/element [6.964583ms] ERR:404 body={"strategy":"-android uiautomator","selector":"new UiSelector().textMatches(\"(?is).*\\QDefinitely N...
14:06:14.851831 POST /session/5b869f22-ef53-45fb-afd7-4dedb26e3026/element [9.17575ms] ERR:404 body={"strategy":"-android uiautomator","selector":"new UiSelector().descriptionMatches(\"(?is).*\\QDefin...
14:06:14.860528 POST /session/5b869f22-ef53-45fb-afd7-4dedb26e3026/element [8.611ms] ERR:404 body={"strategy":"-android uiautomator","selector":"new UiSelector().textContains(\"Definitely Not Here\"...
14:06:14.868522 POST /session/5b869f22-ef53-45fb-afd7-4dedb26e3026/element [7.950375ms] ERR:404 body={"strategy":"-android uiautomator","selector":"new UiSelector().descriptionContains(\"Definitely Not...
14:06:14.875435 POST /session/5b869f22-ef53-45fb-afd7-4dedb26e3026/element [6.8725ms] ERR:404 body={"strategy":"-android uiautomator","selector":"new UiSelector().textMatches(\"(?is).*\\QDefinitely N...
14:06:14.883987 POST /session/5b869f22-ef53-45fb-afd7-4dedb26e3026/element [8.513875ms] ERR:404 body={"strategy":"-android uiautomator","selector":"new UiSelector().descriptionMatches(\"(?is).*\\QDefin...
14:06:14.890051 POST /session/5b869f22-ef53-45fb-afd7-4dedb26e3026/element [6.00125ms] ERR:404 body={"strategy":"-android uiautomator","selector":"new UiSelector().textContains(\"Definitely Not Here\"...
14:06:14.900032 POST /session/5b869f22-ef53-45fb-afd7-4dedb26e3026/element [9.936291ms] ERR:404 body={"strategy":"-android uiautomator","selector":"new UiSelector().descriptionContains(\"Definitely Not...
14:06:14.908847 POST /session/5b869f22-ef53-45fb-afd7-4dedb26e3026/element [8.763584ms] ERR:404 body={"strategy":"-android uiautomator","selector":"new UiSelector().textMatches(\"(?is).*\\QDefinitely N...
14:06:14.915835 POST /session/5b869f22-ef53-45fb-afd7-4dedb26e3026/element [6.928542ms] ERR:404 body={"strategy":"-android uiautomator","selector":"new UiSelector().descriptionMatches(\"(?is).*\\QDefin...
14:06:14.922712 POST /session/5b869f22-ef53-45fb-afd7-4dedb26e3026/element [6.822416ms] ERR:404 body={"strategy":"-android uiautomator","selector":"new UiSelector().textContains(\"Definitely Not Here\"...
14:06:14.931950 POST /session/5b869f22-ef53-45fb-afd7-4dedb26e3026/element [9.172375ms] ERR:404 body={"strategy":"-android uiautomator","selector":"new UiSelector().descriptionContains(\"Definitely Not...
14:06:14.944610 POST /session/5b869f22-ef53-45fb-afd7-4dedb26e3026/element [12.60825ms] ERR:404 body={"strategy":"-android uiautomator","selector":"new UiSelector().textMatches(\"(?is).*\\QDefinitely N...
14:06:14.953928 POST /session/5b869f22-ef53-45fb-afd7-4dedb26e3026/element [9.262292ms] ERR:404 body={"strategy":"-android uiautomator","selector":"new UiSelector().descriptionMatches(\"(?is).*\\QDefin...
14:06:14.962251 POST /session/5b869f22-ef53-45fb-afd7-4dedb26e3026/element [8.262708ms] ERR:404 body={"strategy":"-android uiautomator","selector":"new UiSelector().textContains(\"Definitely Not Here\"...
14:06:14.969765 POST /session/5b869f22-ef53-45fb-afd7-4dedb26e3026/element [7.449791ms] ERR:404 body={"strategy":"-android uiautomator","selector":"new UiSelector().descriptionContains(\"Definitely Not...
14:06:14.978037 POST /session/5b869f22-ef53-45fb-afd7-4dedb26e3026/element [8.221917ms] ERR:404 body={"strategy":"-android uiautomator","selector":"new UiSelector().textMatches(\"(?is).*\\QDefinitely N...
14:06:14.987345 POST /session/5b869f22-ef53-45fb-afd7-4dedb26e3026/element [9.2605ms] ERR:404 body={"strategy":"-android uiautomator","selector":"new UiSelector().descriptionMatches(\"(?is).*\\QDefin...
14:06:14.994529 POST /session/5b869f22-ef53-45fb-afd7-4dedb26e3026/element [7.130167ms] ERR:404 body={"strategy":"-android uiautomator","selector":"new UiSelector().textContains(\"Definitely Not Here\"...
14:06:15.003265 POST /session/5b869f22-ef53-45fb-afd7-4dedb26e3026/element [8.682167ms] ERR:404 body={"strategy":"-android uiautomator","selector":"new UiSelector().descriptionContains(\"Definitely Not...
14:06:15.011034 POST /session/5b869f22-ef53-45fb-afd7-4dedb26e3026/element [7.717959ms] ERR:404 body={"strategy":"-android uiautomator","selector":"new UiSelector().textMatches(\"(?is).*\\QDefinitely N...
14:06:15.018612 POST /session/5b869f22-ef53-45fb-afd7-4dedb26e3026/element [7.423375ms] ERR:404 body={"strategy":"-android uiautomator","selector":"new UiSelector().descriptionMatches(\"(?is).*\\QDefin...
14:06:15.025135 POST /session/5b869f22-ef53-45fb-afd7-4dedb26e3026/element [6.47425ms] ERR:404 body={"strategy":"-android uiautomator","selector":"new UiSelector().textContains(\"Definitely Not Here\"...
14:06:15.035973 POST /session/5b869f22-ef53-45fb-afd7-4dedb26e3026/element [10.787542ms] ERR:404 body={"strategy":"-android uiautomator","selector":"new UiSelector().descriptionContains(\"Definitely Not...
14:06:15.041500 POST /session/5b869f22-ef53-45fb-afd7-4dedb26e3026/element [5.484667ms] ERR:404 body={"strategy":"-android uiautomator","selector":"new UiSelector().textMatches(\"(?is).*\\QDefinitely N...
14:06:15.048207 POST /session/5b869f22-ef53-45fb-afd7-4dedb26e3026/element [6.666375ms] ERR:404 body={"strategy":"-android uiautomator","selector":"new UiSelector().descriptionMatches(\"(?is).*\\QDefin...
14:06:15.053337 POST /session/5b869f22-ef53-45fb-afd7-4dedb26e3026/element [5.026042ms] ERR:404 body={"strategy":"-android uiautomator","selector":"new UiSelector().textContains(\"Definitely Not Here\"...
14:06:15.060625 POST /session/5b869f22-ef53-45fb-afd7-4dedb26e3026/element [7.240917ms] ERR:404 body={"strategy":"-android uiautomator","selector":"new UiSelector().descriptionContains(\"Definitely Not...
14:06:15.070526 POST /session/5b869f22-ef53-45fb-afd7-4dedb26e3026/element [9.847708ms] ERR:404 body={"strategy":"-android uiautomator","selector":"new UiSelector().textMatches(\"(?is).*\\QDefinitely N...
14:06:15.081753 POST /session/5b869f22-ef53-45fb-afd7-4dedb26e3026/element [11.161125ms] ERR:404 body={"strategy":"-android uiautomator","selector":"new UiSelector().descriptionMatches(\"(?is).*\\QDefin...
14:06:15.087040 POST /session/5b869f22-ef53-45fb-afd7-4dedb26e3026/element [5.234ms] ERR:404 body={"strategy":"-android uiautomator","selector":"new UiSelector().textContains(\"Definitely Not Here\"...
14:06:15.094767 POST /session/5b869f22-ef53-45fb-afd7-4dedb26e3026/element [7.689875ms] ERR:404 body={"strategy":"-android uiautomator","selector":"new UiSelector().descriptionContains(\"Definitely Not...
14:06:15.101723 POST /session/5b869f22-ef53-45fb-afd7-4dedb26e3026/element [6.921083ms] ERR:404 body={"strategy":"-android uiautomator","selector":"new UiSelector().textMatches(\"(?is).*\\QDefinitely N...
14:06:15.109567 POST /session/5b869f22-ef53-45fb-afd7-4dedb26e3026/element [7.807666ms] ERR:404 body={"strategy":"-android uiautomator","selector":"new UiSelector().descriptionMatches(\"(?is).*\\QDefin...
14:06:15.120256 POST /session/5b869f22-ef53-45fb-afd7-4dedb26e3026/element [10.638209ms] ERR:404 body={"strategy":"-android uiautomator","selector":"new UiSelector().textContains(\"Definitely Not Here\"...
14:06:15.125633 POST /session/5b869f22-ef53-45fb-afd7-4dedb26e3026/element [5.341041ms] ERR:404 body={"strategy":"-android uiautomator","selector":"new UiSelector().descriptionContains(\"Definitely Not...
14:06:15.131610 POST /session/5b869f22-ef53-45fb-afd7-4dedb26e3026/element [5.940125ms] ERR:404 body={"strategy":"-android uiautomator","selector":"new UiSelector().textMatches(\"(?is).*\\QDefinitely N...
14:06:15.136562 POST /session/5b869f22-ef53-45fb-afd7-4dedb26e3026/element [4.909042ms] ERR:404 body={"strategy":"-android uiautomator","selector":"new UiSelector().descriptionMatches(\"(?is).*\\QDefin...
14:06:15.143454 POST /session/5b869f22-ef53-45fb-afd7-4dedb26e3026/element [6.846584ms] ERR:404 body={"strategy":"-android uiautomator","selector":"new UiSelector().textContains(\"Definitely Not Here\"...
14:06:15.150606 POST /session/5b869f22-ef53-45fb-afd7-4dedb26e3026/element [7.107333ms] ERR:404 body={"strategy":"-android uiautomator","selector":"new UiSelector().descriptionContains(\"Definitely Not...
14:06:15.155368 POST /session/5b869f22-ef53-45fb-afd7-4dedb26e3026/element [4.713375ms] ERR:404 body={"strategy":"-android uiautomator","selector":"new UiSelector().textMatches(\"(?is).*\\QDefinitely N...
14:06:15.161811 POST /session/5b869f22-ef53-45fb-afd7-4dedb26e3026/element [6.407875ms] ERR:404 body={"strategy":"-android uiautomator","selector":"new UiSelector().descriptionMatches(\"(?is).*\\QDefin...
14:06:15.168179 POST /session/5b869f22-ef53-45fb-afd7-4dedb26e3026/element [6.307208ms] ERR:404 body={"strategy":"-android uiautomator","selector":"new UiSelector().textContains(\"Definitely Not Here\"...
14:06:15.174973 POST /session/5b869f22-ef53-45fb-afd7-4dedb26e3026/element [6.74425ms] ERR:404 body={"strategy":"-android uiautomator","selector":"new UiSelector().descriptionContains(\"Definitely Not...
14:06:15.183539 POST /session/5b869f22-ef53-45fb-afd7-4dedb26e3026/element [8.51475ms] ERR:404 body={"strategy":"-android uiautomator","selector":"new UiSelector().textMatches(\"(?is).*\\QDefinitely N...
14:06:15.191387 POST /session/5b869f22-ef53-45fb-afd7-4dedb26e3026/element [7.793208ms] ERR:404 body={"strategy":"-android uiautomator","selector":"new UiSelector().descriptionMatches(\"(?is).*\\QDefin...
14:06:15.202517 POST /session/5b869f22-ef53-45fb-afd7-4dedb26e3026/element [11.06825ms] ERR:404 body={"strategy":"-android uiautomator","selector":"new UiSelector().textContains(\"Definitely Not Here\"...
14:06:15.209938 POST /session/5b869f22-ef53-45fb-afd7-4dedb26e3026/element [7.358916ms] ERR:404 body={"strategy":"-android uiautomator","selector":"new UiSelector().descriptionContains(\"Definitely Not...
14:06:15.219657 POST /session/5b869f22-ef53-45fb-afd7-4dedb26e3026/element [9.664333ms] ERR:404 body={"strategy":"-android uiautomator","selector":"new UiSelector().textMatches(\"(?is).*\\QDefinitely N...
14:06:15.227338 POST /session/5b869f22-ef53-45fb-afd7-4dedb26e3026/element [7.630958ms] ERR:404 body={"strategy":"-android uiautomator","selector":"new UiSelector().descriptionMatches(\"(?is).*\\QDefin...
14:06:15.242182 POST /session/5b869f22-ef53-45fb-afd7-4dedb26e3026/element [14.770042ms] ERR:404 body={"strategy":"-android uiautomator","selector":"new UiSelector().textContains(\"Definitely Not Here\"...
14:06:15.253793 POST /session/5b869f22-ef53-45fb-afd7-4dedb26e3026/element [11.556834ms] ERR:404 body={"strategy":"-android uiautomator","selector":"new UiSelector().descriptionContains(\"Definitely Not...
14:06:15.261369 POST /session/5b869f22-ef53-45fb-afd7-4dedb26e3026/element [7.525917ms] ERR:404 body={"strategy":"-android uiautomator","selector":"new UiSelector().textMatches(\"(?is).*\\QDefinitely N...
14:06:15.268240 POST /session/5b869f22-ef53-45fb-afd7-4dedb26e3026/element [6.835291ms] ERR:404 body={"strategy":"-android uiautomator","selector":"new UiSelector().descriptionMatches(\"(?is).*\\QDefin...
14:06:15.273753 POST /session/5b869f22-ef53-45fb-afd7-4dedb26e3026/element [5.465458ms] ERR:404 body={"strategy":"-android uiautomator","selector":"new UiSelector().textContains(\"Definitely Not Here\"...
14:06:15.280052 POST /session/5b869f22-ef53-45fb-afd7-4dedb26e3026/element [6.25425ms] ERR:404 body={"strategy":"-android uiautomator","selector":"new UiSelector().descriptionContains(\"Definitely Not...
14:06:15.285111 POST /session/5b869f22-ef53-45fb-afd7-4dedb26e3026/element [5.028667ms] ERR:404 body={"strategy":"-android uiautomator","selector":"new UiSelector().textMatches(\"(?is).*\\QDefinitely N...
14:06:15.292202 POST /session/5b869f22-ef53-45fb-afd7-4dedb26e3026/element [7.058417ms] ERR:404 body={"strategy":"-android uiautomator","selector":"new UiSelector().descriptionMatches(\"(?is).*\\QDefin...
14:06:15.298774 POST /session/5b869f22-ef53-45fb-afd7-4dedb26e3026/element [6.531042ms] ERR:404 body={"strategy":"-android uiautomator","selector":"new UiSelector().textContains(\"Definitely Not Here\"...
14:06:15.305097 POST /session/5b869f22-ef53-45fb-afd7-4dedb26e3026/element [6.2775ms] ERR:404 body={"strategy":"-android uiautomator","selector":"new UiSelector().descriptionContains(\"Definitely Not...
14:06:15.309549 POST /session/5b869f22-ef53-45fb-afd7-4dedb26e3026/element [4.391417ms] ERR:404 body={"strategy":"-android uiautomator","selector":"new UiSelector().textMatches(\"(?is).*\\QDefinitely N...
14:06:15.316003 POST /session/5b869f22-ef53-45fb-afd7-4dedb26e3026/element [6.405ms] ERR:404 body={"strategy":"-android uiautomator","selector":"new UiSelector().descriptionMatches(\"(?is).*\\QDefin...
14:06:15.324761 POST /session/5b869f22-ef53-45fb-afd7-4dedb26e3026/element [8.712375ms] ERR:404 body={"strategy":"-android uiautomator","selector":"new UiSelector().textContains(\"Definitely Not Here\"...
14:06:15.330273 POST /session/5b869f22-ef53-45fb-afd7-4dedb26e3026/element [5.463334ms] ERR:404 body={"strategy":"-android uiautomator","selector":"new UiSelector().descriptionContains(\"Definitely Not...
14:06:15.338358 POST /session/5b869f22-ef53-45fb-afd7-4dedb26e3026/element [8.029166ms] ERR:404 body={"strategy":"-android uiautomator","selector":"new UiSelector().textMatches(\"(?is).*\\QDefinitely N...
14:06:15.344158 POST /session/5b869f22-ef53-45fb-afd7-4dedb26e3026/element [5.746125ms] ERR:404 body={"strategy":"-android uiautomator","selector":"new UiSelector().descriptionMatches(\"(?is).*\\QDefin...
14:06:15.352349 POST /session/5b869f22-ef53-45fb-afd7-4dedb26e3026/element [8.133375ms] ERR:404 body={"strategy":"-android uiautomator","selector":"new UiSelector().textContains(\"Definitely Not Here\"...
14:06:15.359246 POST /session/5b869f22-ef53-45fb-afd7-4dedb26e3026/element [6.820083ms] ERR:404 body={"strategy":"-android uiautomator","selector":"new UiSelector().descriptionContains(\"Definitely Not...
14:06:15.365751 POST /session/5b869f22-ef53-45fb-afd7-4dedb26e3026/element [6.457458ms] ERR:404 body={"strategy":"-android uiautomator","selector":"new UiSelector().textMatches(\"(?is).*\\QDefinitely N...
14:06:15.372778 POST /session/5b869f22-ef53-45fb-afd7-4dedb26e3026/element [6.985167ms] ERR:404 body={"strategy":"-android uiautomator","selector":"new UiSelector().descriptionMatches(\"(?is).*\\QDefin...
14:06:15.379943 POST /session/5b869f22-ef53-45fb-afd7-4dedb26e3026/element [7.122791ms] ERR:404 body={"strategy":"-android uiautomator","selector":"new UiSelector().textContains(\"Definitely Not Here\"...
14:06:15.386599 POST /session/5b869f22-ef53-45fb-afd7-4dedb26e3026/element [6.616917ms] ERR:404 body={"strategy":"-android uiautomator","selector":"new UiSelector().descriptionContains(\"Definitely Not...
14:06:15.391860 POST /session/5b869f22-ef53-45fb-afd7-4dedb26e3026/element [5.211916ms] ERR:404 body={"strategy":"-android uiautomator","selector":"new UiSelector().textMatches(\"(?is).*\\QDefinitely N...
14:06:15.397186 POST /session/5b869f22-ef53-45fb-afd7-4dedb26e3026/element [5.286125ms] ERR:404 body={"strategy":"-android uiautomator","selector":"new UiSelector().descriptionMatches(\"(?is).*\\QDefin...
14:06:15.401312 POST /session/5b869f22-ef53-45fb-afd7-4dedb26e3026/element [4.087542ms] ERR:404 body={"strategy":"-android uiautomator","selector":"new UiSelector().textContains(\"Definitely Not Here\"...
14:06:15.406091 POST /session/5b869f22-ef53-45fb-afd7-4dedb26e3026/element [4.74975ms] ERR:404 body={"strategy":"-android uiautomator","selector":"new UiSelector().descriptionContains(\"Definitely Not...
14:06:15.412621 POST /session/5b869f22-ef53-45fb-afd7-4dedb26e3026/element [6.501ms] ERR:404 body={"strategy":"-android uiautomator","selector":"new UiSelector().textMatches(\"(?is).*\\QDefinitely N...
14:06:15.419474 POST /session/5b869f22-ef53-45fb-afd7-4dedb26e3026/element [6.82575ms] ERR:404 body={"strategy":"-android uiautomator","selector":"new UiSelector().descriptionMatches(\"(?is).*\\QDefin...
14:06:15.424406 POST /session/5b869f22-ef53-45fb-afd7-4dedb26e3026/element [4.899667ms] ERR:404 body={"strategy":"-android uiautomator","selector":"new UiSelector().textContains(\"Definitely Not Here\"...
14:06:15.430638 POST /session/5b869f22-ef53-45fb-afd7-4dedb26e3026/element [6.201666ms] ERR:404 body={"strategy":"-android uiautomator","selector":"new UiSelector().descriptionContains(\"Definitely Not...
14:06:15.437631 POST /session/5b869f22-ef53-45fb-afd7-4dedb26e3026/element [6.96425ms] ERR:404 body={"strategy":"-android uiautomator","selector":"new UiSelector().textMatches(\"(?is).*\\QDefinitely N...
14:06:15.446445 POST /session/5b869f22-ef53-45fb-afd7-4dedb26e3026/element [8.778291ms] ERR:404 body={"strategy":"-android uiautomator","selector":"new UiSelector().descriptionMatches(\"(?is).*\\QDefin...
14:06:15.455815 POST /session/5b869f22-ef53-45fb-afd7-4dedb26e3026/element [9.319ms] ERR:404 body={"strategy":"-android uiautomator","selector":"new UiSelector().textContains(\"Definitely Not Here\"...
14:06:15.462572 POST /session/5b869f22-ef53-45fb-afd7-4dedb26e3026/element [6.712875ms] ERR:404 body={"strategy":"-android uiautomator","selector":"new UiSelector().descriptionContains(\"Definitely Not...
14:06:15.469824 POST /session/5b869f22-ef53-45fb-afd7-4dedb26e3026/element [7.215541ms] ERR:404 body={"strategy":"-android uiautomator","selector":"new UiSelector().textMatches(\"(?is).*\\QDefinitely N...
14:06:15.474117 POST /session/5b869f22-ef53-45fb-afd7-4dedb26e3026/element [4.267209ms] ERR:404 body={"strategy":"-android uiautomator","selector":"new UiSelector().descriptionMatches(\"(?is).*\\QDefin...
14:06:15.480104 POST /session/5b869f22-ef53-45fb-afd7-4dedb26e3026/element [5.96025ms] ERR:404 body={"strategy":"-android uiautomator","selector":"new UiSelector().textContains(\"Definitely Not Here\"...
14:06:15.485131 POST /session/5b869f22-ef53-45fb-afd7-4dedb26e3026/element [5.000791ms] ERR:404 body={"strategy":"-android uiautomator","selector":"new UiSelector().descriptionContains(\"Definitely Not...
14:06:15.491085 POST /session/5b869f22-ef53-45fb-afd7-4dedb26e3026/element [5.922166ms] ERR:404 body={"strategy":"-android uiautomator","selector":"new UiSelector().textMatches(\"(?is).*\\QDefinitely N...
14:06:15.496804 POST /session/5b869f22-ef53-45fb-afd7-4dedb26e3026/element [5.690958ms] ERR:404 body={"strategy":"-android uiautomator","selector":"new UiSelector().descriptionMatches(\"(?is).*\\QDefin...
14:06:15.501613 POST /session/5b869f22-ef53-45fb-afd7-4dedb26e3026/element [4.774084ms] ERR:404 body={"strategy":"-android uiautomator","selector":"new UiSelector().textContains(\"Definitely Not Here\"...
14:06:15.507320 POST /session/5b869f22-ef53-45fb-afd7-4dedb26e3026/element [5.664334ms] ERR:404 body={"strategy":"-android uiautomator","selector":"new UiSelector().descriptionContains(\"Definitely Not...
14:06:15.512831 POST /session/5b869f22-ef53-45fb-afd7-4dedb26e3026/element [5.464542ms] ERR:404 body={"strategy":"-android uiautomator","selector":"new UiSelector().textMatches(\"(?is).*\\QDefinitely N...
14:06:15.518555 POST /session/5b869f22-ef53-45fb-afd7-4dedb26e3026/element [5.659541ms] ERR:404 body={"strategy":"-android uiautomator","selector":"new UiSelector().descriptionMatches(\"(?is).*\\QDefin...
14:06:15.526372 POST /session/5b869f22-ef53-45fb-afd7-4dedb26e3026/element [7.772625ms] ERR:404 body={"strategy":"-android uiautomator","selector":"new UiSelector().textContains(\"Definitely Not Here\"...
14:06:15.533993 POST /session/5b869f22-ef53-45fb-afd7-4dedb26e3026/element [7.576917ms] ERR:404 body={"strategy":"-android uiautomator","selector":"new UiSelector().descriptionContains(\"Definitely Not...
14:06:15.539550 POST /session/5b869f22-ef53-45fb-afd7-4dedb26e3026/element [5.509875ms] ERR:404 body={"strategy":"-android uiautomator","selector":"new UiSelector().textMatches(\"(?is).*\\QDefinitely N...
14:06:15.546444 POST /session/5b869f22-ef53-45fb-afd7-4dedb26e3026/element [6.856834ms] ERR:404 body={"strategy":"-android uiautomator","selector":"new UiSelector().descriptionMatches(\"(?is).*\\QDefin...
14:06:15.554391 POST /session/5b869f22-ef53-45fb-afd7-4dedb26e3026/element [7.909667ms] ERR:404 body={"strategy":"-android uiautomator","selector":"new UiSelector().textContains(\"Definitely Not Here\"...
14:06:15.561635 POST /session/5b869f22-ef53-45fb-afd7-4dedb26e3026/element [7.20675ms] ERR:404 body={"strategy":"-android uiautomator","selector":"new UiSelector().descriptionContains(\"Definitely Not...
14:06:15.569837 POST /session/5b869f22-ef53-45fb-afd7-4dedb26e3026/element [8.168208ms] ERR:404 body={"strategy":"-android uiautomator","selector":"new UiSelector().textMatches(\"(?is).*\\QDefinitely N...
14:06:15.575203 POST /session/5b869f22-ef53-45fb-afd7-4dedb26e3026/element [5.333584ms] ERR:404 body={"strategy":"-android uiautomator","selector":"new UiSelector().descriptionMatches(\"(?is).*\\QDefin...
14:06:15.583829 POST /session/5b869f22-ef53-45fb-afd7-4dedb26e3026/element [8.587416ms] ERR:404 body={"strategy":"-android uiautomator","selector":"new UiSelector().textContains(\"Definitely Not Here\"...
14:06:15.587891 POST /session/5b869f22-ef53-45fb-afd7-4dedb26e3026/element [4.025167ms] ERR:404 body={"strategy":"-android uiautomator","selector":"new UiSelector().descriptionContains(\"Definitely Not...
14:06:15.592550 POST /session/5b869f22-ef53-45fb-afd7-4dedb26e3026/element [4.61925ms] ERR:404 body={"strategy":"-android uiautomator","selector":"new UiSelector().textMatches(\"(?is).*\\QDefinitely N...
14:06:15.597077 POST /session/5b869f22-ef53-45fb-afd7-4dedb26e3026/element [4.491875ms] ERR:404 body={"strategy":"-android uiautomator","selector":"new UiSelector().descriptionMatches(\"(?is).*\\QDefin...
14:06:15.603122 POST /session/5b869f22-ef53-45fb-afd7-4dedb26e3026/element [6.003458ms] ERR:404 body={"strategy":"-android uiautomator","selector":"new UiSelector().textContains(\"Definitely Not Here\"...
14:06:15.611250 POST /session/5b869f22-ef53-45fb-afd7-4dedb26e3026/element [8.087333ms] ERR:404 body={"strategy":"-android uiautomator","selector":"new UiSelector().descriptionContains(\"Definitely Not...
14:06:15.619439 POST /session/5b869f22-ef53-45fb-afd7-4dedb26e3026/element [8.143792ms] ERR:404 body={"strategy":"-android uiautomator","selector":"new UiSelector().textMatches(\"(?is).*\\QDefinitely N...
14:06:15.625437 POST /session/5b869f22-ef53-45fb-afd7-4dedb26e3026/element [5.964125ms] ERR:404 body={"strategy":"-android uiautomator","selector":"new UiSelector().descriptionMatches(\"(?is).*\\QDefin...
14:06:15.630609 POST /session/5b869f22-ef53-45fb-afd7-4dedb26e3026/element [5.131ms] ERR:404 body={"strategy":"-android uiautomator","selector":"new UiSelector().textContains(\"Definitely Not Here\"...
14:06:15.635316 POST /session/5b869f22-ef53-45fb-afd7-4dedb26e3026/element [4.674917ms] ERR:404 body={"strategy":"-android uiautomator","selector":"new UiSelector().descriptionContains(\"Definitely Not...
14:06:15.643437 POST /session/5b869f22-ef53-45fb-afd7-4dedb26e3026/element [8.085ms] ERR:404 body={"strategy":"-android uiautomator","selector":"new UiSelector().textMatches(\"(?is).*\\QDefinitely N...
14:06:15.649043 POST /session/5b869f22-ef53-45fb-afd7-4dedb26e3026/element [5.5725ms] ERR:404 body={"strategy":"-android uiautomator","selector":"new UiSelector().descriptionMatches(\"(?is).*\\QDefin...
14:06:15.655432 POST /session/5b869f22-ef53-45fb-afd7-4dedb26e3026/element [6.350208ms] ERR:404 body={"strategy":"-android uiautomator","selector":"new UiSelector().textContains(\"Definitely Not Here\"...
14:06:15.660573 POST /session/5b869f22-ef53-45fb-afd7-4dedb26e3026/element [5.102333ms] ERR:404 body={"strategy":"-android uiautomator","selector":"new UiSelector().descriptionContains(\"Definitely Not...
14:06:15.666666 POST /session/5b869f22-ef53-45fb-afd7-4dedb26e3026/element [6.060584ms] ERR:404 body={"strategy":"-android uiautomator","selector":"new UiSelector().textMatches(\"(?is).*\\QDefinitely N...
14:06:15.672867 POST /session/5b869f22-ef53-45fb-afd7-4dedb26e3026/element [6.167042ms] ERR:404 body={"strategy":"-android uiautomator","selector":"new UiSelector().descriptionMatches(\"(?is).*\\QDefin...
14:06:15.678020 POST /session/5b869f22-ef53-45fb-afd7-4dedb26e3026/element [5.118541ms] ERR:404 body={"strategy":"-android uiautomator","selector":"new UiSelector().textContains(\"Definitely Not Here\"...
14:06:15.683672 POST /session/5b869f22-ef53-45fb-afd7-4dedb26e3026/element [5.621708ms] ERR:404 body={"strategy":"-android uiautomator","selector":"new UiSelector().descriptionContains(\"Definitely Not...
14:06:15.690138 POST /session/5b869f22-ef53-45fb-afd7-4dedb26e3026/element [6.419792ms] ERR:404 body={"strategy":"-android uiautomator","selector":"new UiSelector().textMatches(\"(?is).*\\QDefinitely N...
14:06:15.694434 POST /session/5b869f22-ef53-45fb-afd7-4dedb26e3026/element [4.265417ms] ERR:404 body={"strategy":"-android uiautomator","selector":"new UiSelector().descriptionMatches(\"(?is).*\\QDefin...
14:06:15.702590 POST /session/5b869f22-ef53-45fb-afd7-4dedb26e3026/element [8.112042ms] ERR:404 body={"strategy":"-android uiautomator","selector":"new UiSelector().textContains(\"Definitely Not Here\"...
14:06:15.709844 POST /session/5b869f22-ef53-45fb-afd7-4dedb26e3026/element [7.218084ms] ERR:404 body={"strategy":"-android uiautomator","selector":"new UiSelector().descriptionContains(\"Definitely Not...
14:06:15.717127 POST /session/5b869f22-ef53-45fb-afd7-4dedb26e3026/element [7.2355ms] ERR:404 body={"strategy":"-android uiautomator","selector":"new UiSelector().textMatches(\"(?is).*\\QDefinitely N...
14:06:15.723864 POST /session/5b869f22-ef53-45fb-afd7-4dedb26e3026/element [6.691459ms] ERR:404 body={"strategy":"-android uiautomator","selector":"new UiSelector().descriptionMatches(\"(?is).*\\QDefin...
14:06:15.731015 POST /session/5b869f22-ef53-45fb-afd7-4dedb26e3026/element [7.100125ms] ERR:404 body={"strategy":"-android uiautomator","selector":"new UiSelector().textContains(\"Definitely Not Here\"...
14:06:15.737004 POST /session/5b869f22-ef53-45fb-afd7-4dedb26e3026/element [5.791875ms] ERR:404 body={"strategy":"-android uiautomator","selector":"new UiSelector().descriptionContains(\"Definitely Not...
14:06:15.743295 POST /session/5b869f22-ef53-45fb-afd7-4dedb26e3026/element [6.246833ms] ERR:404 body={"strategy":"-android uiautomator","selector":"new UiSelector().textMatches(\"(?is).*\\QDefinitely N...
14:06:15.751566 POST /session/5b869f22-ef53-45fb-afd7-4dedb26e3026/element [8.226458ms] ERR:404 body={"strategy":"-android uiautomator","selector":"new UiSelector().descriptionMatches(\"(?is).*\\QDefin...
14:06:15.761181 POST /session/5b869f22-ef53-45fb-afd7-4dedb26e3026/element [9.571ms] ERR:404 body={"strategy":"-android uiautomator","selector":"new UiSelector().textContains(\"Definitely Not Here\"...
14:06:15.767280 POST /session/5b869f22-ef53-45fb-afd7-4dedb26e3026/element [6.049ms] ERR:404 body={"strategy":"-android uiautomator","selector":"new UiSelector().descriptionContains(\"Definitely Not...
14:06:15.774689 POST /session/5b869f22-ef53-45fb-afd7-4dedb26e3026/element [7.37225ms] ERR:404 body={"strategy":"-android uiautomator","selector":"new UiSelector().textMatches(\"(?is).*\\QDefinitely N...
14:06:15.781816 POST /session/5b869f22-ef53-45fb-afd7-4dedb26e3026/element [7.089209ms] ERR:404 body={"strategy":"-android uiautomator","selector":"new UiSelector().descriptionMatches(\"(?is).*\\QDefin...
14:06:15.789003 POST /session/5b869f22-ef53-45fb-afd7-4dedb26e3026/element [7.14525ms] ERR:404 body={"strategy":"-android uiautomator","selector":"new UiSelector().textContains(\"Definitely Not Here\"...
14:06:15.795508 POST /session/5b869f22-ef53-45fb-afd7-4dedb26e3026/element [6.457625ms] ERR:404 body={"strategy":"-android uiautomator","selector":"new UiSelector().descriptionContains(\"Definitely Not...
14:06:15.800874 POST /session/5b869f22-ef53-45fb-afd7-4dedb26e3026/element [5.327667ms] ERR:404 body={"strategy":"-android uiautomator","selector":"new UiSelector().textMatches(\"(?is).*\\QDefinitely N...
14:06:15.804678 POST /session/5b869f22-ef53-45fb-afd7-4dedb26e3026/element [3.758291ms] ERR:404 body={"strategy":"-android uiautomator","selector":"new UiSelector().descriptionMatches(\"(?is).*\\QDefin...
14:06:15.810560 POST /session/5b869f22-ef53-45fb-afd7-4dedb26e3026/element [5.851666ms] ERR:404 body={"strategy":"-android uiautomator","selector":"new UiSelector().textContains(\"Definitely Not Here\"...
14:06:15.818358 POST /session/5b869f22-ef53-45fb-afd7-4dedb26e3026/element [7.764167ms] ERR:404 body={"strategy":"-android uiautomator","selector":"new UiSelector().descriptionContains(\"Definitely Not...
14:06:15.823510 POST /session/5b869f22-ef53-45fb-afd7-4dedb26e3026/element [5.120708ms] ERR:404 body={"strategy":"-android uiautomator","selector":"new UiSelector().textMatches(\"(?is).*\\QDefinitely N...
14:06:15.830154 POST /session/5b869f22-ef53-45fb-afd7-4dedb26e3026/element [6.609833ms] ERR:404 body={"strategy":"-android uiautomator","selector":"new UiSelector().descriptionMatches(\"(?is).*\\QDefin...
14:06:15.838740 POST /session/5b869f22-ef53-45fb-afd7-4dedb26e3026/element [8.54325ms] ERR:404 body={"strategy":"-android uiautomator","selector":"new UiSelector().textContains(\"Definitely Not Here\"...
14:06:15.843716 POST /session/5b869f22-ef53-45fb-afd7-4dedb26e3026/element [4.933708ms] ERR:404 body={"strategy":"-android uiautomator","selector":"new UiSelector().descriptionContains(\"Definitely Not...
14:06:15.852208 POST /session/5b869f22-ef53-45fb-afd7-4dedb26e3026/element [8.4605ms] ERR:404 body={"strategy":"-android uiautomator","selector":"new UiSelector().textMatches(\"(?is).*\\QDefinitely N...
14:06:15.857378 POST /session/5b869f22-ef53-45fb-afd7-4dedb26e3026/element [5.128125ms] ERR:404 body={"strategy":"-android uiautomator","selector":"new UiSelector().descriptionMatches(\"(?is).*\\QDefin...
14:06:15.862067 POST /session/5b869f22-ef53-45fb-afd7-4dedb26e3026/element [4.659083ms] ERR:404 body={"strategy":"-android uiautomator","selector":"new UiSelector().textContains(\"Definitely Not Here\"...
14:06:15.867156 POST /session/5b869f22-ef53-45fb-afd7-4dedb26e3026/element [5.050792ms] ERR:404 body={"strategy":"-android uiautomator","selector":"new UiSelector().descriptionContains(\"Definitely Not...
14:06:15.871930 POST /session/5b869f22-ef53-45fb-afd7-4dedb26e3026/element [4.738708ms] ERR:404 body={"strategy":"-android uiautomator","selector":"new UiSelector().textMatches(\"(?is).*\\QDefinitely N...
14:06:15.879549 POST /session/5b869f22-ef53-45fb-afd7-4dedb26e3026/element [7.582583ms] ERR:404 body={"strategy":"-android uiautomator","selector":"new UiSelector().descriptionMatches(\"(?is).*\\QDefin...
14:06:15.887634 POST /session/5b869f22-ef53-45fb-afd7-4dedb26e3026/element [8.0515ms] ERR:404 body={"strategy":"-android uiautomator","selector":"new UiSelector().textContains(\"Definitely Not Here\"...
14:06:15.892322 POST /session/5b869f22-ef53-45fb-afd7-4dedb26e3026/element [4.655417ms] ERR:404 body={"strategy":"-android uiautomator","selector":"new UiSelector().descriptionContains(\"Definitely Not...
14:06:15.898472 POST /session/5b869f22-ef53-45fb-afd7-4dedb26e3026/element [6.116375ms] ERR:404 body={"strategy":"-android uiautomator","selector":"new UiSelector().textMatches(\"(?is).*\\QDefinitely N...
14:06:15.905115 POST /session/5b869f22-ef53-45fb-afd7-4dedb26e3026/element [6.611541ms] ERR:404 body={"strategy":"-android uiautomator","selector":"new UiSelector().descriptionMatches(\"(?is).*\\QDefin...
14:06:15.912725 POST /session/5b869f22-ef53-45fb-afd7-4dedb26e3026/element [7.563292ms] ERR:404 body={"strategy":"-android uiautomator","selector":"new UiSelector().textContains(\"Definitely Not Here\"...
14:06:15.917490 POST /session/5b869f22-ef53-45fb-afd7-4dedb26e3026/element [4.733625ms] ERR:404 body={"strategy":"-android uiautomator","selector":"new UiSelector().descriptionContains(\"Definitely Not...
14:06:15.924003 POST /session/5b869f22-ef53-45fb-afd7-4dedb26e3026/element [6.467167ms] ERR:404 body={"strategy":"-android uiautomator","selector":"new UiSelector().textMatches(\"(?is).*\\QDefinitely N...
14:06:15.929817 POST /session/5b869f22-ef53-45fb-afd7-4dedb26e3026/element [5.769917ms] ERR:404 body={"strategy":"-android uiautomator","selector":"new UiSelector().descriptionMatches(\"(?is).*\\QDefin...
14:06:15.936760 POST /session/5b869f22-ef53-45fb-afd7-4dedb26e3026/element [6.903708ms] ERR:404 body={"strategy":"-android uiautomator","selector":"new UiSelector().textContains(\"Definitely Not Here\"...
14:06:15.941737 POST /session/5b869f22-ef53-45fb-afd7-4dedb26e3026/element [4.925541ms] ERR:404 body={"strategy":"-android uiautomator","selector":"new UiSelector().descriptionContains(\"Definitely Not...
14:06:15.949180 POST /session/5b869f22-ef53-45fb-afd7-4dedb26e3026/element [7.405041ms] ERR:404 body={"strategy":"-android uiautomator","selector":"new UiSelector().textMatches(\"(?is).*\\QDefinitely N...
14:06:15.954059 POST /session/5b869f22-ef53-45fb-afd7-4dedb26e3026/element [4.8405ms] ERR:404 body={"strategy":"-android uiautomator","selector":"new UiSelector().descriptionMatches(\"(?is).*\\QDefin...
14:06:15.958357 POST /session/5b869f22-ef53-45fb-afd7-4dedb26e3026/element [4.262291ms] ERR:404 body={"strategy":"-android uiautomator","selector":"new UiSelector().textContains(\"Definitely Not Here\"...
14:06:15.963496 POST /session/5b869f22-ef53-45fb-afd7-4dedb26e3026/element [5.101917ms] ERR:404 body={"strategy":"-android uiautomator","selector":"new UiSelector().descriptionContains(\"Definitely Not...
14:06:15.969480 POST /session/5b869f22-ef53-45fb-afd7-4dedb26e3026/element [5.952875ms] ERR:404 body={"strategy":"-android uiautomator","selector":"new UiSelector().textMatches(\"(?is).*\\QDefinitely N...
14:06:15.974911 POST /session/5b869f22-ef53-45fb-afd7-4dedb26e3026/element [5.401292ms] ERR:404 body={"strategy":"-android uiautomator","selector":"new UiSelector().descriptionMatches(\"(?is).*\\QDefin...
14:06:15.979789 POST /session/5b869f22-ef53-45fb-afd7-4dedb26e3026/element [4.839083ms] ERR:404 body={"strategy":"-android uiautomator","selector":"new UiSelector().textContains(\"Definitely Not Here\"...
14:06:15.984391 POST /session/5b869f22-ef53-45fb-afd7-4dedb26e3026/element [4.573458ms] ERR:404 body={"strategy":"-android uiautomator","selector":"new UiSelector().descriptionContains(\"Definitely Not...
14:06:15.991758 POST /session/5b869f22-ef53-45fb-afd7-4dedb26e3026/element [7.331416ms] ERR:404 body={"strategy":"-android uiautomator","selector":"new UiSelector().textMatches(\"(?is).*\\QDefinitely N...
14:06:15.998142 POST /session/5b869f22-ef53-45fb-afd7-4dedb26e3026/element [6.351333ms] ERR:404 body={"strategy":"-android uiautomator","selector":"new UiSelector().descriptionMatches(\"(?is).*\\QDefin...
14:06:16.004853 POST /session/5b869f22-ef53-45fb-afd7-4dedb26e3026/element [6.671875ms] ERR:404 body={"strategy":"-android uiautomator","selector":"new UiSelector().textContains(\"Definitely Not Here\"...
14:06:16.011487 POST /session/5b869f22-ef53-45fb-afd7-4dedb26e3026/element [6.603417ms] ERR:404 body={"strategy":"-android uiautomator","selector":"new UiSelector().descriptionContains(\"Definitely Not...
14:06:16.018981 POST /session/5b869f22-ef53-45fb-afd7-4dedb26e3026/element [7.455917ms] ERR:404 body={"strategy":"-android uiautomator","selector":"new UiSelector().textMatches(\"(?is).*\\QDefinitely N...
14:06:16.023996 POST /session/5b869f22-ef53-45fb-afd7-4dedb26e3026/element [4.977792ms] ERR:404 body={"strategy":"-android uiautomator","selector":"new UiSelector().descriptionMatches(\"(?is).*\\QDefin...
14:06:16.031792 POST /session/5b869f22-ef53-45fb-afd7-4dedb26e3026/element [7.756708ms] ERR:404 body={"strategy":"-android uiautomator","selector":"new UiSelector().textContains(\"Definitely Not Here\"...
14:06:16.041157 POST /session/5b869f22-ef53-45fb-afd7-4dedb26e3026/element [9.326375ms] ERR:404 body={"strategy":"-android uiautomator","selector":"new UiSelector().descriptionContains(\"Definitely Not...
14:06:16.046793 POST /session/5b869f22-ef53-45fb-afd7-4dedb26e3026/element [5.592541ms] ERR:404 body={"strategy":"-android uiautomator","selector":"new UiSelector().textMatches(\"(?is).*\\QDefinitely N...
14:06:16.053377 POST /session/5b869f22-ef53-45fb-afd7-4dedb26e3026/element [6.550292ms] ERR:404 body={"strategy":"-android uiautomator","selector":"new UiSelector().descriptionMatches(\"(?is).*\\QDefin...
14:06:16.061223 POST /session/5b869f22-ef53-45fb-afd7-4dedb26e3026/element [7.812041ms] ERR:404 body={"strategy":"-android uiautomator","selector":"new UiSelector().textContains(\"Definitely Not Here\"...
14:06:16.070222 POST /session/5b869f22-ef53-45fb-afd7-4dedb26e3026/element [8.960334ms] ERR:404 body={"strategy":"-android uiautomator","selector":"new UiSelector().descriptionContains(\"Definitely Not...
14:06:16.075351 POST /session/5b869f22-ef53-45fb-afd7-4dedb26e3026/element [5.091459ms] ERR:404 body={"strategy":"-android uiautomator","selector":"new UiSelector().textMatches(\"(?is).*\\QDefinitely N...
14:06:16.081035 POST /session/5b869f22-ef53-45fb-afd7-4dedb26e3026/element [5.656292ms] ERR:404 body={"strategy":"-android uiautomator","selector":"new UiSelector().descriptionMatches(\"(?is).*\\QDefin...
14:06:16.085719 POST /session/5b869f22-ef53-45fb-afd7-4dedb26e3026/element [4.650458ms] ERR:404 body={"strategy":"-android uiautomator","selector":"new UiSelector().textContains(\"Definitely Not Here\"...
14:06:16.090889 POST /session/5b869f22-ef53-45fb-afd7-4dedb26e3026/element [5.136875ms] ERR:404 body={"strategy":"-android uiautomator","selector":"new UiSelector().descriptionContains(\"Definitely Not...
14:06:16.098986 POST /session/5b869f22-ef53-45fb-afd7-4dedb26e3026/element [8.062791ms] ERR:404 body={"strategy":"-android uiautomator","selector":"new UiSelector().textMatches(\"(?is).*\\QDefinitely N...
14:06:16.103573 POST /session/5b869f22-ef53-45fb-afd7-4dedb26e3026/element [4.550417ms] ERR:404 body={"strategy":"-android uiautomator","selector":"new UiSelector().descriptionMatches(\"(?is).*\\QDefin...
14:06:16.109583 POST /session/5b869f22-ef53-45fb-afd7-4dedb26e3026/element [5.975667ms] ERR:404 body={"strategy":"-android uiautomator","selector":"new UiSelector().textContains(\"Definitely Not Here\"...
14:06:16.113670 POST /session/5b869f22-ef53-45fb-afd7-4dedb26e3026/element [4.047625ms] ERR:404 body={"strategy":"-android uiautomator","selector":"new UiSelector().descriptionContains(\"Definitely Not...
14:06:16.120814 POST /session/5b869f22-ef53-45fb-afd7-4dedb26e3026/element [7.104792ms] ERR:404 body={"strategy":"-android uiautomator","selector":"new UiSelector().textMatches(\"(?is).*\\QDefinitely N...
14:06:16.126397 POST /session/5b869f22-ef53-45fb-afd7-4dedb26e3026/element [5.555ms] ERR:404 body={"strategy":"-android uiautomator","selector":"new UiSelector().descriptionMatches(\"(?is).*\\QDefin...
14:06:16.129892 POST /session/5b869f22-ef53-45fb-afd7-4dedb26e3026/element [3.4645ms] ERR:404 body={"strategy":"-android uiautomator","selector":"new UiSelector().textContains(\"Definitely Not Here\"...
14:06:16.135958 POST /session/5b869f22-ef53-45fb-afd7-4dedb26e3026/element [6.033208ms] ERR:404 body={"strategy":"-android uiautomator","selector":"new UiSelector().descriptionContains(\"Definitely Not...
14:06:16.144513 POST /session/5b869f22-ef53-45fb-afd7-4dedb26e3026/element [8.502208ms] ERR:404 body={"strategy":"-android uiautomator","selector":"new UiSelector().textMatches(\"(?is).*\\QDefinitely N...
14:06:16.152330 POST /session/5b869f22-ef53-45fb-afd7-4dedb26e3026/element [7.779166ms] ERR:404 body={"strategy":"-android uiautomator","selector":"new UiSelector().descriptionMatches(\"(?is).*\\QDefin...
14:06:16.159383 POST /session/5b869f22-ef53-45fb-afd7-4dedb26e3026/element [7.015583ms] ERR:404 body={"strategy":"-android uiautomator","selector":"new UiSelector().textContains(\"Definitely Not Here\"...
14:06:16.165945 POST /session/5b869f22-ef53-45fb-afd7-4dedb26e3026/element [6.527875ms] ERR:404 body={"strategy":"-android uiautomator","selector":"new UiSelector().descriptionContains(\"Definitely Not...
14:06:16.172881 POST /session/5b869f22-ef53-45fb-afd7-4dedb26e3026/element [6.88875ms] ERR:404 body={"strategy":"-android uiautomator","selector":"new UiSelector().textMatches(\"(?is).*\\QDefinitely N...
14:06:16.179847 POST /session/5b869f22-ef53-45fb-afd7-4dedb26e3026/element [6.918709ms] ERR:404 body={"strategy":"-android uiautomator","selector":"new UiSelector().descriptionMatches(\"(?is).*\\QDefin...
14:06:16.187468 POST /session/5b869f22-ef53-45fb-afd7-4dedb26e3026/element [7.573083ms] ERR:404 body={"strategy":"-android uiautomator","selector":"new UiSelector().textContains(\"Definitely Not Here\"...
14:06:16.193455 POST /session/5b869f22-ef53-45fb-afd7-4dedb26e3026/element [5.947125ms] ERR:404 body={"strategy":"-android uiautomator","selector":"new UiSelector().descriptionContains(\"Definitely Not...
14:06:16.198509 POST /session/5b869f22-ef53-45fb-afd7-4dedb26e3026/element [5.01575ms] ERR:404 body={"strategy":"-android uiautomator","selector":"new UiSelector().textMatches(\"(?is).*\\QDefinitely N...
14:06:16.206500 POST /session/5b869f22-ef53-45fb-afd7-4dedb26e3026/element [7.950792ms] ERR:404 body={"strategy":"-android uiautomator","selector":"new UiSelector().descriptionMatches(\"(?is).*\\QDefin...
14:06:16.211373 POST /session/5b869f22-ef53-45fb-afd7-4dedb26e3026/element [4.83525ms] ERR:404 body={"strategy":"-android uiautomator","selector":"new UiSelector().textContains(\"Definitely Not Here\"...
14:06:16.218524 POST /session/5b869f22-ef53-45fb-afd7-4dedb26e3026/element [7.098792ms] ERR:404 body={"strategy":"-android uiautomator","selector":"new UiSelector().descriptionContains(\"Definitely Not...
14:06:16.230469 POST /session/5b869f22-ef53-45fb-afd7-4dedb26e3026/element [11.889291ms] ERR:404 body={"strategy":"-android uiautomator","selector":"new UiSelector().textMatches(\"(?is).*\\QDefinitely N...
14:06:16.239456 POST /session/5b869f22-ef53-45fb-afd7-4dedb26e3026/element [8.931875ms] ERR:404 body={"strategy":"-android uiautomator","selector":"new UiSelector().descriptionMatches(\"(?is).*\\QDefin...
14:06:16.253409 POST /session/5b869f22-ef53-45fb-afd7-4dedb26e3026/element [13.889583ms] ERR:404 body={"strategy":"-android uiautomator","selector":"new UiSelector().textContains(\"Definitely Not Here\"...
14:06:16.263722 POST /session/5b869f22-ef53-45fb-afd7-4dedb26e3026/element [10.259042ms] ERR:404 body={"strategy":"-android uiautomator","selector":"new UiSelector().descriptionContains(\"Definitely Not...
14:06:16.273760 POST /session/5b869f22-ef53-45fb-afd7-4dedb26e3026/element [9.987792ms] ERR:404 body={"strategy":"-android uiautomator","selector":"new UiSelector().textMatches(\"(?is).*\\QDefinitely N...
14:06:16.283348 POST /session/5b869f22-ef53-45fb-afd7-4dedb26e3026/element [9.536542ms] ERR:404 body={"strategy":"-android uiautomator","selector":"new UiSelector().descriptionMatches(\"(?is).*\\QDefin...
14:06:16.291874 POST /session/5b869f22-ef53-45fb-afd7-4dedb26e3026/element [8.474542ms] ERR:404 body={"strategy":"-android uiautomator","selector":"new UiSelector().textContains(\"Definitely Not Here\"...
14:06:16.299977 POST /session/5b869f22-ef53-45fb-afd7-4dedb26e3026/element [8.056084ms] ERR:404 body={"strategy":"-android uiautomator","selector":"new UiSelector().descriptionContains(\"Definitely Not...
14:06:16.305149 POST /session/5b869f22-ef53-45fb-afd7-4dedb26e3026/element [5.128584ms] ERR:404 body={"strategy":"-android uiautomator","selector":"new UiSelector().textMatches(\"(?is).*\\QDefinitely N...
14:06:16.314525 POST /session/5b869f22-ef53-45fb-afd7-4dedb26e3026/element [9.328709ms] ERR:404 body={"strategy":"-android uiautomator","selector":"new UiSelector().descriptionMatches(\"(?is).*\\QDefin...
14:06:16.323424 POST /session/5b869f22-ef53-45fb-afd7-4dedb26e3026/element [8.842584ms] ERR:404 body={"strategy":"-android uiautomator","selector":"new UiSelector().textContains(\"Definitely Not Here\"...
14:06:16.331591 POST /session/5b869f22-ef53-45fb-afd7-4dedb26e3026/element [8.120667ms] ERR:404 body={"strategy":"-android uiautomator","selector":"new UiSelector().descriptionContains(\"Definitely Not...
14:06:16.337434 POST /session/5b869f22-ef53-45fb-afd7-4dedb26e3026/element [5.783916ms] ERR:404 body={"strategy":"-android uiautomator","selector":"new UiSelector().textMatches(\"(?is).*\\QDefinitely N...
14:06:16.344932 POST /session/5b869f22-ef53-45fb-afd7-4dedb26e3026/element [7.452708ms] ERR:404 body={"strategy":"-android uiautomator","selector":"new UiSelector().descriptionMatches(\"(?is).*\\QDefin...
14:06:16.353816 POST /session/5b869f22-ef53-45fb-afd7-4dedb26e3026/element [8.811583ms] ERR:404 body={"strategy":"-android uiautomator","selector":"new UiSelector().textContains(\"Definitely Not Here\"...
14:06:16.360558 POST /session/5b869f22-ef53-45fb-afd7-4dedb26e3026/element [6.692ms] ERR:404 body={"strategy":"-android uiautomator","selector":"new UiSelector().descriptionContains(\"Definitely Not...
14:06:16.369153 POST /session/5b869f22-ef53-45fb-afd7-4dedb26e3026/element [8.546625ms] ERR:404 body={"strategy":"-android uiautomator","selector":"new UiSelector().textMatches(\"(?is).*\\QDefinitely N...
14:06:16.374823 POST /session/5b869f22-ef53-45fb-afd7-4dedb26e3026/element [5.611208ms] ERR:404 body={"strategy":"-android uiautomator","selector":"new UiSelector().descriptionMatches(\"(?is).*\\QDefin...
14:06:16.385137 POST /session/5b869f22-ef53-45fb-afd7-4dedb26e3026/element [9.62875ms] ERR:404 body={"strategy":"-android uiautomator","selector":"new UiSelector().textContains(\"Definitely Not Here\"...
14:06:16.392438 POST /session/5b869f22-ef53-45fb-afd7-4dedb26e3026/element [7.177208ms] ERR:404 body={"strategy":"-android uiautomator","selector":"new UiSelector().descriptionContains(\"Definitely Not...
14:06:16.400646 POST /session/5b869f22-ef53-45fb-afd7-4dedb26e3026/element [8.154458ms] ERR:404 body={"strategy":"-android uiautomator","selector":"new UiSelector().textMatches(\"(?is).*\\QDefinitely N...
14:06:16.421257 POST /session/5b869f22-ef53-45fb-afd7-4dedb26e3026/element [20.53875ms] ERR:404 body={"strategy":"-android uiautomator","selector":"new UiSelector().descriptionMatches(\"(?is).*\\QDefin...
14:06:16.436211 POST /session/5b869f22-ef53-45fb-afd7-4dedb26e3026/element [14.825708ms] ERR:404 body={"strategy":"-android uiautomator","selector":"new UiSelector().textContains(\"Definitely Not Here\"...
14:06:16.452412 POST /session/5b869f22-ef53-45fb-afd7-4dedb26e3026/element [16.105125ms] ERR:404 body={"strategy":"-android uiautomator","selector":"new UiSelector().descriptionContains(\"Definitely Not...
14:06:16.459267 POST /session/5b869f22-ef53-45fb-afd7-4dedb26e3026/element [6.756375ms] ERR:404 body={"strategy":"-android uiautomator","selector":"new UiSelector().textMatches(\"(?is).*\\QDefinitely N...
14:06:16.469607 POST /session/5b869f22-ef53-45fb-afd7-4dedb26e3026/element [10.242834ms] ERR:404 body={"strategy":"-android uiautomator","selector":"new UiSelector().descriptionMatches(\"(?is).*\\QDefin...
14:06:16.476657 POST /session/5b869f22-ef53-45fb-afd7-4dedb26e3026/element [7.005209ms] ERR:404 body={"strategy":"-android uiautomator","selector":"new UiSelector().textContains(\"Definitely Not Here\"...
14:06:16.483064 POST /session/5b869f22-ef53-45fb-afd7-4dedb26e3026/element [6.37375ms] ERR:404 body={"strategy":"-android uiautomator","selector":"new UiSelector().descriptionContains(\"Definitely Not...
14:06:16.491116 POST /session/5b869f22-ef53-45fb-afd7-4dedb26e3026/element [8.011541ms] ERR:404 body={"strategy":"-android uiautomator","selector":"new UiSelector().textMatches(\"(?is).*\\QDefinitely N...
14:06:16.499326 POST /session/5b869f22-ef53-45fb-afd7-4dedb26e3026/element [8.153834ms] ERR:404 body={"strategy":"-android uiautomator","selector":"new UiSelector().descriptionMatches(\"(?is).*\\QDefin...
14:06:16.505954 POST /session/5b869f22-ef53-45fb-afd7-4dedb26e3026/element [6.585834ms] ERR:404 body={"strategy":"-android uiautomator","selector":"new UiSelector().textContains(\"Definitely Not Here\"...
14:06:16.513211 POST /session/5b869f22-ef53-45fb-afd7-4dedb26e3026/element [7.206583ms] ERR:404 body={"strategy":"-android uiautomator","selector":"new UiSelector().descriptionContains(\"Definitely Not...
14:06:16.527554 POST /session/5b869f22-ef53-45fb-afd7-4dedb26e3026/element [14.289542ms] ERR:404 body={"strategy":"-android uiautomator","selector":"new UiSelector().textMatches(\"(?is).*\\QDefinitely N...
14:06:16.535544 POST /session/5b869f22-ef53-45fb-afd7-4dedb26e3026/element [7.940917ms] ERR:404 body={"strategy":"-android uiautomator","selector":"new UiSelector().descriptionMatches(\"(?is).*\\QDefin...
14:06:16.541780 POST /session/5b869f22-ef53-45fb-afd7-4dedb26e3026/element [6.186542ms] ERR:404 body={"strategy":"-android uiautomator","selector":"new UiSelector().textContains(\"Definitely Not Here\"...
14:06:16.546698 POST /session/5b869f22-ef53-45fb-afd7-4dedb26e3026/element [4.873458ms] ERR:404 body={"strategy":"-android uiautomator","selector":"new UiSelector().descriptionContains(\"Definitely Not...
14:06:16.553910 POST /session/5b869f22-ef53-45fb-afd7-4dedb26e3026/element [7.165666ms] ERR:404 body={"strategy":"-android uiautomator","selector":"new UiSelector().textMatches(\"(?is).*\\QDefinitely N...
14:06:16.559850 POST /session/5b869f22-ef53-45fb-afd7-4dedb26e3026/element [5.8975ms] ERR:404 body={"strategy":"-android uiautomator","selector":"new UiSelector().descriptionMatches(\"(?is).*\\QDefin...
14:06:16.567877 POST /session/5b869f22-ef53-45fb-afd7-4dedb26e3026/element [7.983458ms] ERR:404 body={"strategy":"-android uiautomator","selector":"new UiSelector().textContains(\"Definitely Not Here\"...
14:06:16.575108 POST /session/5b869f22-ef53-45fb-afd7-4dedb26e3026/element [7.186625ms] ERR:404 body={"strategy":"-android uiautomator","selector":"new UiSelector().descriptionContains(\"Definitely Not...
14:06:16.582991 POST /session/5b869f22-ef53-45fb-afd7-4dedb26e3026/element [7.838333ms] ERR:404 body={"strategy":"-android uiautomator","selector":"new UiSelector().textMatches(\"(?is).*\\QDefinitely N...
14:06:16.592851 POST /session/5b869f22-ef53-45fb-afd7-4dedb26e3026/element [9.808ms] ERR:404 body={"strategy":"-android uiautomator","selector":"new UiSelector().descriptionMatches(\"(?is).*\\QDefin...
14:06:17.100566 POST /session/5b869f22-ef53-45fb-afd7-4dedb26e3026/element [507.656583ms] ERR:404 body={"strategy":"-android uiautomator","selector":"new UiSelector().textContains(\"Definitely Not Here\"...
14:06:17.110537 POST /session/5b869f22-ef53-45fb-afd7-4dedb26e3026/element [9.916167ms] ERR:404 body={"strategy":"-android uiautomator","selector":"new UiSelector().descriptionContains(\"Definitely Not...
14:06:17.119541 POST /session/5b869f22-ef53-45fb-afd7-4dedb26e3026/element [8.950167ms] ERR:404 body={"strategy":"-android uiautomator","selector":"new UiSelector().textMatches(\"(?is).*\\QDefinitely N...
14:06:17.128098 POST /session/5b869f22-ef53-45fb-afd7-4dedb26e3026/element [8.507084ms] ERR:404 body={"strategy":"-android uiautomator","selector":"new UiSelector().descriptionMatches(\"(?is).*\\QDefin...
14:06:17.138456 POST /session/5b869f22-ef53-45fb-afd7-4dedb26e3026/element [10.297791ms] ERR:404 body={"strategy":"-android uiautomator","selector":"new UiSelector().textContains(\"Definitely Not Here\"...
14:06:17.146299 POST /session/5b869f22-ef53-45fb-afd7-4dedb26e3026/element [7.793917ms] ERR:404 body={"strategy":"-android uiautomator","selector":"new UiSelector().descriptionContains(\"Definitely Not...
14:06:17.153958 POST /session/5b869f22-ef53-45fb-afd7-4dedb26e3026/element [7.617834ms] ERR:404 body={"strategy":"-android uiautomator","selector":"new UiSelector().textMatches(\"(?is).*\\QDefinitely N...
14:06:17.160583 POST /session/5b869f22-ef53-45fb-afd7-4dedb26e3026/element [6.591959ms] ERR:404 body={"strategy":"-android uiautomator","selector":"new UiSelector().descriptionMatches(\"(?is).*\\QDefin...
14:06:17.165213 POST /session/5b869f22-ef53-45fb-afd7-4dedb26e3026/element [4.597583ms] ERR:404 body={"strategy":"-android uiautomator","selector":"new UiSelector().textContains(\"Definitely Not Here\"...
14:06:17.169585 POST /session/5b869f22-ef53-45fb-afd7-4dedb26e3026/element [4.33825ms] ERR:404 body={"strategy":"-android uiautomator","selector":"new UiSelector().descriptionContains(\"Definitely Not...
14:06:17.174472 POST /session/5b869f22-ef53-45fb-afd7-4dedb26e3026/element [4.848458ms] ERR:404 body={"strategy":"-android uiautomator","selector":"new UiSelector().textMatches(\"(?is).*\\QDefinitely N...
14:06:17.183199 POST /session/5b869f22-ef53-45fb-afd7-4dedb26e3026/element [8.688667ms] ERR:404 body={"strategy":"-android uiautomator","selector":"new UiSelector().descriptionMatches(\"(?is).*\\QDefin...
14:06:17.187604 POST /session/5b869f22-ef53-45fb-afd7-4dedb26e3026/element [4.364083ms] ERR:404 body={"strategy":"-android uiautomator","selector":"new UiSelector().textContains(\"Definitely Not Here\"...
14:06:17.195082 POST /session/5b869f22-ef53-45fb-afd7-4dedb26e3026/element [7.441583ms] ERR:404 body={"strategy":"-android uiautomator","selector":"new UiSelector().descriptionContains(\"Definitely Not...
14:06:17.204291 POST /session/5b869f22-ef53-45fb-afd7-4dedb26e3026/element [9.162584ms] ERR:404 body={"strategy":"-android uiautomator","selector":"new UiSelector().textMatches(\"(?is).*\\QDefinitely N...
14:06:17.209302 POST /session/5b869f22-ef53-45fb-afd7-4dedb26e3026/element [4.967958ms] ERR:404 body={"strategy":"-android uiautomator","selector":"new UiSelector().descriptionMatches(\"(?is).*\\QDefin...
14:06:17.217677 POST /session/5b869f22-ef53-45fb-afd7-4dedb26e3026/element [8.333375ms] ERR:404 body={"strategy":"-android uiautomator","selector":"new UiSelector().textContains(\"Definitely Not Here\"...
14:06:17.224511 POST /session/5b869f22-ef53-45fb-afd7-4dedb26e3026/element [6.796ms] ERR:404 body={"strategy":"-android uiautomator","selector":"new UiSelector().descriptionContains(\"Definitely Not...
14:06:17.229262 POST /session/5b869f22-ef53-45fb-afd7-4dedb26e3026/element [4.714208ms] ERR:404 body={"strategy":"-android uiautomator","selector":"new UiSelector().textMatches(\"(?is).*\\QDefinitely N...
14:06:17.236489 POST /session/5b869f22-ef53-45fb-afd7-4dedb26e3026/element [7.18925ms] ERR:404 body={"strategy":"-android uiautomator","selector":"new UiSelector().descriptionMatches(\"(?is).*\\QDefin...
14:06:17.241475 POST /session/5b869f22-ef53-45fb-afd7-4dedb26e3026/element [4.9455ms] ERR:404 body={"strategy":"-android uiautomator","selector":"new UiSelector().textContains(\"Definitely Not Here\"...
14:06:17.249073 POST /session/5b869f22-ef53-45fb-afd7-4dedb26e3026/element [7.533084ms] ERR:404 body={"strategy":"-android uiautomator","selector":"new UiSelector().descriptionContains(\"Definitely Not...
14:06:17.258278 POST /session/5b869f22-ef53-45fb-afd7-4dedb26e3026/element [9.151333ms] ERR:404 body={"strategy":"-android uiautomator","selector":"new UiSelector().textMatches(\"(?is).*\\QDefinitely N...
14:06:17.267340 POST /session/5b869f22-ef53-45fb-afd7-4dedb26e3026/element [9.012916ms] ERR:404 body={"strategy":"-android uiautomator","selector":"new UiSelector().descriptionMatches(\"(?is).*\\QDefin...
14:06:17.275440 POST /session/5b869f22-ef53-45fb-afd7-4dedb26e3026/element [8.054ms] ERR:404 body={"strategy":"-android uiautomator","selector":"new UiSelector().textContains(\"Definitely Not Here\"...
14:06:17.281475 POST /session/5b869f22-ef53-45fb-afd7-4dedb26e3026/element [5.99325ms] ERR:404 body={"strategy":"-android uiautomator","selector":"new UiSelector().descriptionContains(\"Definitely Not...
14:06:17.291201 POST /session/5b869f22-ef53-45fb-afd7-4dedb26e3026/element [9.666959ms] ERR:404 body={"strategy":"-android uiautomator","selector":"new UiSelector().textMatches(\"(?is).*\\QDefinitely N...
14:06:17.298432 POST /session/5b869f22-ef53-45fb-afd7-4dedb26e3026/element [7.1895ms] ERR:404 body={"strategy":"-android uiautomator","selector":"new UiSelector().descriptionMatches(\"(?is).*\\QDefin...
14:06:17.305258 POST /session/5b869f22-ef53-45fb-afd7-4dedb26e3026/element [6.792208ms] ERR:404 body={"strategy":"-android uiautomator","selector":"new UiSelector().textContains(\"Definitely Not Here\"...
14:06:17.313074 POST /session/5b869f22-ef53-45fb-afd7-4dedb26e3026/element [7.781875ms] ERR:404 body={"strategy":"-android uiautomator","selector":"new UiSelector().descriptionContains(\"Definitely Not...
14:06:17.319857 POST /session/5b869f22-ef53-45fb-afd7-4dedb26e3026/element [6.728708ms] ERR:404 body={"strategy":"-android uiautomator","selector":"new UiSelector().textMatches(\"(?is).*\\QDefinitely N...
14:06:17.326262 POST /session/5b869f22-ef53-45fb-afd7-4dedb26e3026/element [6.361958ms] ERR:404 body={"strategy":"-android uiautomator","selector":"new UiSelector().descriptionMatches(\"(?is).*\\QDefin...
14:06:17.333686 POST /session/5b869f22-ef53-45fb-afd7-4dedb26e3026/element [7.366917ms] ERR:404 body={"strategy":"-android uiautomator","selector":"new UiSelector().textContains(\"Definitely Not Here\"...
14:06:17.338571 POST /session/5b869f22-ef53-45fb-afd7-4dedb26e3026/element [4.850458ms] ERR:404 body={"strategy":"-android uiautomator","selector":"new UiSelector().descriptionContains(\"Definitely Not...
14:06:17.345265 POST /session/5b869f22-ef53-45fb-afd7-4dedb26e3026/element [6.655167ms] ERR:404 body={"strategy":"-android uiautomator","selector":"new UiSelector().textMatches(\"(?is).*\\QDefinitely N...
14:06:17.352499 POST /session/5b869f22-ef53-45fb-afd7-4dedb26e3026/element [7.194667ms] ERR:404 body={"strategy":"-android uiautomator","selector":"new UiSelector().descriptionMatches(\"(?is).*\\QDefin...
14:06:17.359970 POST /session/5b869f22-ef53-45fb-afd7-4dedb26e3026/element [7.427167ms] ERR:404 body={"strategy":"-android uiautomator","selector":"new UiSelector().textContains(\"Definitely Not Here\"...
14:06:17.363964 POST /session/5b869f22-ef53-45fb-afd7-4dedb26e3026/element [3.958917ms] ERR:404 body={"strategy":"-android uiautomator","selector":"new UiSelector().descriptionContains(\"Definitely Not...
14:06:17.371850 POST /session/5b869f22-ef53-45fb-afd7-4dedb26e3026/element [7.855917ms] ERR:404 body={"strategy":"-android uiautomator","selector":"new UiSelector().textMatches(\"(?is).*\\QDefinitely N...
14:06:17.380269 POST /session/5b869f22-ef53-45fb-afd7-4dedb26e3026/element [8.379417ms] ERR:404 body={"strategy":"-android uiautomator","selector":"new UiSelector().descriptionMatches(\"(?is).*\\QDefin...
14:06:17.388738 POST /session/5b869f22-ef53-45fb-afd7-4dedb26e3026/element [8.434708ms] ERR:404 body={"strategy":"-android uiautomator","selector":"new UiSelector().textContains(\"Definitely Not Here\"...
14:06:17.394961 POST /session/5b869f22-ef53-45fb-afd7-4dedb26e3026/element [6.187ms] ERR:404 body={"strategy":"-android uiautomator","selector":"new UiSelector().descriptionContains(\"Definitely Not...
14:06:17.400376 POST /session/5b869f22-ef53-45fb-afd7-4dedb26e3026/element [5.376959ms] ERR:404 body={"strategy":"-android uiautomator","selector":"new UiSelector().textMatches(\"(?is).*\\QDefinitely N...
14:06:17.405280 POST /session/5b869f22-ef53-45fb-afd7-4dedb26e3026/element [4.867291ms] ERR:404 body={"strategy":"-android uiautomator","selector":"new UiSelector().descriptionMatches(\"(?is).*\\QDefin...
14:06:17.413132 POST /session/5b869f22-ef53-45fb-afd7-4dedb26e3026/element [7.820541ms] ERR:404 body={"strategy":"-android uiautomator","selector":"new UiSelector().textContains(\"Definitely Not Here\"...
14:06:17.421084 POST /session/5b869f22-ef53-45fb-afd7-4dedb26e3026/element [7.916708ms] ERR:404 body={"strategy":"-android uiautomator","selector":"new UiSelector().descriptionContains(\"Definitely Not...
14:06:17.427889 POST /session/5b869f22-ef53-45fb-afd7-4dedb26e3026/element [6.7735ms] ERR:404 body={"strategy":"-android uiautomator","selector":"new UiSelector().textMatches(\"(?is).*\\QDefinitely N...
14:06:17.432937 POST /session/5b869f22-ef53-45fb-afd7-4dedb26e3026/element [5.013166ms] ERR:404 body={"strategy":"-android uiautomator","selector":"new UiSelector().descriptionMatches(\"(?is).*\\QDefin...
14:06:17.438218 POST /session/5b869f22-ef53-45fb-afd7-4dedb26e3026/element [5.245542ms] ERR:404 body={"strategy":"-android uiautomator","selector":"new UiSelector().textContains(\"Definitely Not Here\"...
14:06:17.446759 POST /session/5b869f22-ef53-45fb-afd7-4dedb26e3026/element [8.493875ms] ERR:404 body={"strategy":"-android uiautomator","selector":"new UiSelector().descriptionContains(\"Definitely Not...
14:06:17.455841 POST /session/5b869f22-ef53-45fb-afd7-4dedb26e3026/element [9.026125ms] ERR:404 body={"strategy":"-android uiautomator","selector":"new UiSelector().textMatches(\"(?is).*\\QDefinitely N...
14:06:17.464369 POST /session/5b869f22-ef53-45fb-afd7-4dedb26e3026/element [8.479833ms] ERR:404 body={"strategy":"-android uiautomator","selector":"new UiSelector().descriptionMatches(\"(?is).*\\QDefin...
14:06:17.469708 POST /session/5b869f22-ef53-45fb-afd7-4dedb26e3026/element [5.283541ms] ERR:404 body={"strategy":"-android uiautomator","selector":"new UiSelector().textContains(\"Definitely Not Here\"...
14:06:17.479153 POST /session/5b869f22-ef53-45fb-afd7-4dedb26e3026/element [9.397167ms] ERR:404 body={"strategy":"-android uiautomator","selector":"new UiSelector().descriptionContains(\"Definitely Not...
14:06:17.485219 POST /session/5b869f22-ef53-45fb-afd7-4dedb26e3026/element [6.02475ms] ERR:404 body={"strategy":"-android uiautomator","selector":"new UiSelector().textMatches(\"(?is).*\\QDefinitely N...
14:06:17.493191 POST /session/5b869f22-ef53-45fb-afd7-4dedb26e3026/element [7.933875ms] ERR:404 body={"strategy":"-android uiautomator","selector":"new UiSelector().descriptionMatches(\"(?is).*\\QDefin...
14:06:17.500119 POST /session/5b869f22-ef53-45fb-afd7-4dedb26e3026/element [6.890791ms] ERR:404 body={"strategy":"-android uiautomator","selector":"new UiSelector().textContains(\"Definitely Not Here\"...
14:06:17.508874 POST /session/5b869f22-ef53-45fb-afd7-4dedb26e3026/element [8.717792ms] ERR:404 body={"strategy":"-android uiautomator","selector":"new UiSelector().descriptionContains(\"Definitely Not...
14:06:17.515983 POST /session/5b869f22-ef53-45fb-afd7-4dedb26e3026/element [7.075084ms] ERR:404 body={"strategy":"-android uiautomator","selector":"new UiSelector().textMatches(\"(?is).*\\QDefinitely N...
14:06:17.522393 POST /session/5b869f22-ef53-45fb-afd7-4dedb26e3026/element [6.36675ms] ERR:404 body={"strategy":"-android uiautomator","selector":"new UiSelector().descriptionMatches(\"(?is).*\\QDefin...
14:06:17.530808 POST /session/5b869f22-ef53-45fb-afd7-4dedb26e3026/element [8.367459ms] ERR:404 body={"strategy":"-android uiautomator","selector":"new UiSelector().textContains(\"Definitely Not Here\"...
14:06:17.536060 POST /session/5b869f22-ef53-45fb-afd7-4dedb26e3026/element [5.193208ms] ERR:404 body={"strategy":"-android uiautomator","selector":"new UiSelector().descriptionContains(\"Definitely Not...
14:06:17.543382 POST /session/5b869f22-ef53-45fb-afd7-4dedb26e3026/element [7.276292ms] ERR:404 body={"strategy":"-android uiautomator","selector":"new UiSelector().textMatches(\"(?is).*\\QDefinitely N...
14:06:17.551824 POST /session/5b869f22-ef53-45fb-afd7-4dedb26e3026/element [8.393666ms] ERR:404 body={"strategy":"-android uiautomator","selector":"new UiSelector().descriptionMatches(\"(?is).*\\QDefin...
14:06:17.556512 POST /session/5b869f22-ef53-45fb-afd7-4dedb26e3026/element [4.647875ms] ERR:404 body={"strategy":"-android uiautomator","selector":"new UiSelector().textContains(\"Definitely Not Here\"...
14:06:17.562079 POST /session/5b869f22-ef53-45fb-afd7-4dedb26e3026/element [5.539375ms] ERR:404 body={"strategy":"-android uiautomator","selector":"new UiSelector().descriptionContains(\"Definitely Not...
14:06:17.569103 POST /session/5b869f22-ef53-45fb-afd7-4dedb26e3026/element [6.972625ms] ERR:404 body={"strategy":"-android uiautomator","selector":"new UiSelector().textMatches(\"(?is).*\\QDefinitely N...
14:06:17.575675 POST /session/5b869f22-ef53-45fb-afd7-4dedb26e3026/element [6.536667ms] ERR:404 body={"strategy":"-android uiautomator","selector":"new UiSelector().descriptionMatches(\"(?is).*\\QDefin...
14:06:17.580161 POST /session/5b869f22-ef53-45fb-afd7-4dedb26e3026/element [4.448333ms] ERR:404 body={"strategy":"-android uiautomator","selector":"new UiSelector().textContains(\"Definitely Not Here\"...
14:06:17.586799 POST /session/5b869f22-ef53-45fb-afd7-4dedb26e3026/element [6.5815ms] ERR:404 body={"strategy":"-android uiautomator","selector":"new UiSelector().descriptionContains(\"Definitely Not...
14:06:17.591762 POST /session/5b869f22-ef53-45fb-afd7-4dedb26e3026/element [4.936541ms] ERR:404 body={"strategy":"-android uiautomator","selector":"new UiSelector().textMatches(\"(?is).*\\QDefinitely N...
14:06:17.597128 POST /session/5b869f22-ef53-45fb-afd7-4dedb26e3026/element [5.342167ms] ERR:404 body={"strategy":"-android uiautomator","selector":"new UiSelector().descriptionMatches(\"(?is).*\\QDefin...
14:06:17.602889 POST /session/5b869f22-ef53-45fb-afd7-4dedb26e3026/element [5.727375ms] ERR:404 body={"strategy":"-android uiautomator","selector":"new UiSelector().textContains(\"Definitely Not Here\"...
14:06:17.614041 POST /session/5b869f22-ef53-45fb-afd7-4dedb26e3026/element [11.114834ms] ERR:404 body={"strategy":"-android uiautomator","selector":"new UiSelector().descriptionContains(\"Definitely Not...
14:06:17.619622 POST /session/5b869f22-ef53-45fb-afd7-4dedb26e3026/element [5.538333ms] ERR:404 body={"strategy":"-android uiautomator","selector":"new UiSelector().textMatches(\"(?is).*\\QDefinitely N...
14:06:17.627957 POST /session/5b869f22-ef53-45fb-afd7-4dedb26e3026/element [8.295583ms] ERR:404 body={"strategy":"-android uiautomator","selector":"new UiSelector().descriptionMatches(\"(?is).*\\QDefin...
14:06:17.634305 POST /session/5b869f22-ef53-45fb-afd7-4dedb26e3026/element [6.308416ms] ERR:404 body={"strategy":"-android uiautomator","selector":"new UiSelector().textContains(\"Definitely Not Here\"...
14:06:17.640254 POST /session/5b869f22-ef53-45fb-afd7-4dedb26e3026/element [5.904709ms] ERR:404 body={"strategy":"-android uiautomator","selector":"new UiSelector().descriptionContains(\"Definitely Not...
14:06:17.644437 POST /session/5b869f22-ef53-45fb-afd7-4dedb26e3026/element [4.039958ms] ERR:404 body={"strategy":"-android uiautomator","selector":"new UiSelector().textMatches(\"(?is).*\\QDefinitely N...
14:06:17.650337 POST /session/5b869f22-ef53-45fb-afd7-4dedb26e3026/element [5.869542ms] ERR:404 body={"strategy":"-android uiautomator","selector":"new UiSelector().descriptionMatches(\"(?is).*\\QDefin...
14:06:17.655909 POST /session/5b869f22-ef53-45fb-afd7-4dedb26e3026/element [5.532334ms] ERR:404 body={"strategy":"-android uiautomator","selector":"new UiSelector().textContains(\"Definitely Not Here\"...
14:06:17.664170 POST /session/5b869f22-ef53-45fb-afd7-4dedb26e3026/element [8.224375ms] ERR:404 body={"strategy":"-android uiautomator","selector":"new UiSelector().descriptionContains(\"Definitely Not...
14:06:17.671511 POST /session/5b869f22-ef53-45fb-afd7-4dedb26e3026/element [7.297708ms] ERR:404 body={"strategy":"-android uiautomator","selector":"new UiSelector().textMatches(\"(?is).*\\QDefinitely N...
14:06:17.680372 POST /session/5b869f22-ef53-45fb-afd7-4dedb26e3026/element [8.830542ms] ERR:404 body={"strategy":"-android uiautomator","selector":"new UiSelector().descriptionMatches(\"(?is).*\\QDefin...
14:06:17.685464 POST /session/5b869f22-ef53-45fb-afd7-4dedb26e3026/element [5.044167ms] ERR:404 body={"strategy":"-android uiautomator","selector":"new UiSelector().textContains(\"Definitely Not Here\"...
14:06:17.691808 POST /session/5b869f22-ef53-45fb-afd7-4dedb26e3026/element [6.315584ms] ERR:404 body={"strategy":"-android uiautomator","selector":"new UiSelector().descriptionContains(\"Definitely Not...
14:06:17.699323 POST /session/5b869f22-ef53-45fb-afd7-4dedb26e3026/element [7.477417ms] ERR:404 body={"strategy":"-android uiautomator","selector":"new UiSelector().textMatches(\"(?is).*\\QDefinitely N...
14:06:17.706211 POST /session/5b869f22-ef53-45fb-afd7-4dedb26e3026/element [6.857375ms] ERR:404 body={"strategy":"-android uiautomator","selector":"new UiSelector().descriptionMatches(\"(?is).*\\QDefin...
14:06:17.713285 POST /session/5b869f22-ef53-45fb-afd7-4dedb26e3026/element [7.037459ms] ERR:404 body={"strategy":"-android uiautomator","selector":"new UiSelector().textContains(\"Definitely Not Here\"...
14:06:17.718412 POST /session/5b869f22-ef53-45fb-afd7-4dedb26e3026/element [5.092459ms] ERR:404 body={"strategy":"-android uiautomator","selector":"new UiSelector().descriptionContains(\"Definitely Not...
14:06:17.726640 POST /session/5b869f22-ef53-45fb-afd7-4dedb26e3026/element [8.19325ms] ERR:404 body={"strategy":"-android uiautomator","selector":"new UiSelector().textMatches(\"(?is).*\\QDefinitely N...
14:06:17.734416 POST /session/5b869f22-ef53-45fb-afd7-4dedb26e3026/element [7.730833ms] ERR:404 body={"strategy":"-android uiautomator","selector":"new UiSelector().descriptionMatches(\"(?is).*\\QDefin...
14:06:17.742762 POST /session/5b869f22-ef53-45fb-afd7-4dedb26e3026/element [8.307542ms] ERR:404 body={"strategy":"-android uiautomator","selector":"new UiSelector().textContains(\"Definitely Not Here\"...
14:06:17.747746 POST /session/5b869f22-ef53-45fb-afd7-4dedb26e3026/element [4.945417ms] ERR:404 body={"strategy":"-android uiautomator","selector":"new UiSelector().descriptionContains(\"Definitely Not...
14:06:17.755731 POST /session/5b869f22-ef53-45fb-afd7-4dedb26e3026/element [7.946125ms] ERR:404 body={"strategy":"-android uiautomator","selector":"new UiSelector().textMatches(\"(?is).*\\QDefinitely N...
14:06:17.759934 POST /session/5b869f22-ef53-45fb-afd7-4dedb26e3026/element [4.161459ms] ERR:404 body={"strategy":"-android uiautomator","selector":"new UiSelector().descriptionMatches(\"(?is).*\\QDefin...
14:06:17.767194 POST /session/5b869f22-ef53-45fb-afd7-4dedb26e3026/element [7.225042ms] ERR:404 body={"strategy":"-android uiautomator","selector":"new UiSelector().textContains(\"Definitely Not Here\"...
14:06:17.772220 POST /session/5b869f22-ef53-45fb-afd7-4dedb26e3026/element [4.984458ms] ERR:404 body={"strategy":"-android uiautomator","selector":"new UiSelector().descriptionContains(\"Definitely Not...
14:06:17.776347 POST /session/5b869f22-ef53-45fb-afd7-4dedb26e3026/element [4.100417ms] ERR:404 body={"strategy":"-android uiautomator","selector":"new UiSelector().textMatches(\"(?is).*\\QDefinitely N...
14:06:17.783190 POST /session/5b869f22-ef53-45fb-afd7-4dedb26e3026/element [6.812333ms] ERR:404 body={"strategy":"-android uiautomator","selector":"new UiSelector().descriptionMatches(\"(?is).*\\QDefin...
14:06:17.786719 POST /session/5b869f22-ef53-45fb-afd7-4dedb26e3026/element [3.500292ms] ERR:404 body={"strategy":"-android uiautomator","selector":"new UiSelector().textContains(\"Definitely Not Here\"...
14:06:17.792430 POST /session/5b869f22-ef53-45fb-afd7-4dedb26e3026/element [5.683792ms] ERR:404 body={"strategy":"-android uiautomator","selector":"new UiSelector().descriptionContains(\"Definitely Not...
14:06:17.799406 POST /session/5b869f22-ef53-45fb-afd7-4dedb26e3026/element [6.944ms] ERR:404 body={"strategy":"-android uiautomator","selector":"new UiSelector().textMatches(\"(?is).*\\QDefinitely N...
14:06:17.806299 POST /session/5b869f22-ef53-45fb-afd7-4dedb26e3026/element [6.865917ms] ERR:404 body={"strategy":"-android uiautomator","selector":"new UiSelector().descriptionMatches(\"(?is).*\\QDefin...
14:06:17.811209 POST /session/5b869f22-ef53-45fb-afd7-4dedb26e3026/element [4.878208ms] ERR:404 body={"strategy":"-android uiautomator","selector":"new UiSelector().textContains(\"Definitely Not Here\"...
14:06:17.819486 POST /session/5b869f22-ef53-45fb-afd7-4dedb26e3026/element [8.236625ms] ERR:404 body={"strategy":"-android uiautomator","selector":"new UiSelector().descriptionContains(\"Definitely Not...
14:06:17.827101 POST /session/5b869f22-ef53-45fb-afd7-4dedb26e3026/element [7.578458ms] ERR:404 body={"strategy":"-android uiautomator","selector":"new UiSelector().textMatches(\"(?is).*\\QDefinitely N...
14:06:17.833480 POST /session/5b869f22-ef53-45fb-afd7-4dedb26e3026/element [6.349667ms] ERR:404 body={"strategy":"-android uiautomator","selector":"new UiSelector().descriptionMatches(\"(?is).*\\QDefin...
14:06:17.839800 POST /session/5b869f22-ef53-45fb-afd7-4dedb26e3026/element [6.291209ms] ERR:404 body={"strategy":"-android uiautomator","selector":"new UiSelector().textContains(\"Definitely Not Here\"...
14:06:17.847228 POST /session/5b869f22-ef53-45fb-afd7-4dedb26e3026/element [7.395667ms] ERR:404 body={"strategy":"-android uiautomator","selector":"new UiSelector().descriptionContains(\"Definitely Not...
14:06:17.853240 POST /session/5b869f22-ef53-45fb-afd7-4dedb26e3026/element [5.973959ms] ERR:404 body={"strategy":"-android uiautomator","selector":"new UiSelector().textMatches(\"(?is).*\\QDefinitely N...
14:06:17.859235 POST /session/5b869f22-ef53-45fb-afd7-4dedb26e3026/element [5.965708ms] ERR:404 body={"strategy":"-android uiautomator","selector":"new UiSelector().descriptionMatches(\"(?is).*\\QDefin...
14:06:17.865388 POST /session/5b869f22-ef53-45fb-afd7-4dedb26e3026/element [6.126667ms] ERR:404 body={"strategy":"-android uiautomator","selector":"new UiSelector().textContains(\"Definitely Not Here\"...
14:06:17.869144 POST /session/5b869f22-ef53-45fb-afd7-4dedb26e3026/element [3.730833ms] ERR:404 body={"strategy":"-android uiautomator","selector":"new UiSelector().descriptionContains(\"Definitely Not...
14:06:17.873054 POST /session/5b869f22-ef53-45fb-afd7-4dedb26e3026/element [3.867167ms] ERR:404 body={"strategy":"-android uiautomator","selector":"new UiSelector().textMatches(\"(?is).*\\QDefinitely N...
14:06:17.880009 POST /session/5b869f22-ef53-45fb-afd7-4dedb26e3026/element [6.917792ms] ERR:404 body={"strategy":"-android uiautomator","selector":"new UiSelector().descriptionMatches(\"(?is).*\\QDefin...
14:06:17.887294 POST /session/5b869f22-ef53-45fb-afd7-4dedb26e3026/element [7.241167ms] ERR:404 body={"strategy":"-android uiautomator","selector":"new UiSelector().textContains(\"Definitely Not Here\"...
14:06:17.892239 POST /session/5b869f22-ef53-45fb-afd7-4dedb26e3026/element [4.906959ms] ERR:404 body={"strategy":"-android uiautomator","selector":"new UiSelector().descriptionContains(\"Definitely Not...
14:06:17.899455 POST /session/5b869f22-ef53-45fb-afd7-4dedb26e3026/element [7.170041ms] ERR:404 body={"strategy":"-android uiautomator","selector":"new UiSelector().textMatches(\"(?is).*\\QDefinitely N...
14:06:17.905839 POST /session/5b869f22-ef53-45fb-afd7-4dedb26e3026/element [6.342417ms] ERR:404 body={"strategy":"-android uiautomator","selector":"new UiSelector().descriptionMatches(\"(?is).*\\QDefin...
14:06:17.913229 POST /session/5b869f22-ef53-45fb-afd7-4dedb26e3026/element [7.34225ms] ERR:404 body={"strategy":"-android uiautomator","selector":"new UiSelector().textContains(\"Definitely Not Here\"...
14:06:17.921574 POST /session/5b869f22-ef53-45fb-afd7-4dedb26e3026/element [8.296834ms] ERR:404 body={"strategy":"-android uiautomator","selector":"new UiSelector().descriptionContains(\"Definitely Not...
14:06:17.925878 POST /session/5b869f22-ef53-45fb-afd7-4dedb26e3026/element [4.267083ms] ERR:404 body={"strategy":"-android uiautomator","selector":"new UiSelector().textMatches(\"(?is).*\\QDefinitely N...
14:06:17.931401 POST /session/5b869f22-ef53-45fb-afd7-4dedb26e3026/element [5.481666ms] ERR:404 body={"strategy":"-android uiautomator","selector":"new UiSelector().descriptionMatches(\"(?is).*\\QDefin...
14:06:17.938690 POST /session/5b869f22-ef53-45fb-afd7-4dedb26e3026/element [7.246375ms] ERR:404 body={"strategy":"-android uiautomator","selector":"new UiSelector().textContains(\"Definitely Not Here\"...
14:06:17.944218 POST /session/5b869f22-ef53-45fb-afd7-4dedb26e3026/element [5.4895ms] ERR:404 body={"strategy":"-android uiautomator","selector":"new UiSelector().descriptionContains(\"Definitely Not...
14:06:17.951831 POST /session/5b869f22-ef53-45fb-afd7-4dedb26e3026/element [7.58075ms] ERR:404 body={"strategy":"-android uiautomator","selector":"new UiSelector().textMatches(\"(?is).*\\QDefinitely N...
14:06:17.959532 POST /session/5b869f22-ef53-45fb-afd7-4dedb26e3026/element [7.670541ms] ERR:404 body={"strategy":"-android uiautomator","selector":"new UiSelector().descriptionMatches(\"(?is).*\\QDefin...
14:06:17.963520 POST /session/5b869f22-ef53-45fb-afd7-4dedb26e3026/element [3.948625ms] ERR:404 body={"strategy":"-android uiautomator","selector":"new UiSelector().textContains(\"Definitely Not Here\"...
14:06:17.967614 POST /session/5b869f22-ef53-45fb-afd7-4dedb26e3026/element [4.054083ms] ERR:404 body={"strategy":"-android uiautomator","selector":"new UiSelector().descriptionContains(\"Definitely Not...
14:06:17.973307 POST /session/5b869f22-ef53-45fb-afd7-4dedb26e3026/element [5.664541ms] ERR:404 body={"strategy":"-android uiautomator","selector":"new UiSelector().textMatches(\"(?is).*\\QDefinitely N...
14:06:17.979268 POST /session/5b869f22-ef53-45fb-afd7-4dedb26e3026/element [5.932167ms] ERR:404 body={"strategy":"-android uiautomator","selector":"new UiSelector().descriptionMatches(\"(?is).*\\QDefin...
14:06:17.984853 POST /session/5b869f22-ef53-45fb-afd7-4dedb26e3026/element [5.552166ms] ERR:404 body={"strategy":"-android uiautomator","selector":"new UiSelector().textContains(\"Definitely Not Here\"...
14:06:17.993251 POST /session/5b869f22-ef53-45fb-afd7-4dedb26e3026/element [8.359959ms] ERR:404 body={"strategy":"-android uiautomator","selector":"new UiSelector().descriptionContains(\"Definitely Not...
14:06:17.998544 POST /session/5b869f22-ef53-45fb-afd7-4dedb26e3026/element [5.2475ms] ERR:404 body={"strategy":"-android uiautomator","selector":"new UiSelector().textMatches(\"(?is).*\\QDefinitely N...
14:06:18.003208 POST /session/5b869f22-ef53-45fb-afd7-4dedb26e3026/element [4.627042ms] ERR:404 body={"strategy":"-android uiautomator","selector":"new UiSelector().descriptionMatches(\"(?is).*\\QDefin...
14:06:18.009616 POST /session/5b869f22-ef53-45fb-afd7-4dedb26e3026/element [6.369875ms] ERR:404 body={"strategy":"-android uiautomator","selector":"new UiSelector().textContains(\"Definitely Not Here\"...
14:06:18.017304 POST /session/5b869f22-ef53-45fb-afd7-4dedb26e3026/element [7.657417ms] ERR:404 body={"strategy":"-android uiautomator","selector":"new UiSelector().descriptionContains(\"Definitely Not...
14:06:18.021852 POST /session/5b869f22-ef53-45fb-afd7-4dedb26e3026/element [4.512583ms] ERR:404 body={"strategy":"-android uiautomator","selector":"new UiSelector().textMatches(\"(?is).*\\QDefinitely N...
14:06:18.025998 POST /session/5b869f22-ef53-45fb-afd7-4dedb26e3026/element [4.115416ms] ERR:404 body={"strategy":"-android uiautomator","selector":"new UiSelector().descriptionMatches(\"(?is).*\\QDefin...
14:06:18.033193 POST /session/5b869f22-ef53-45fb-afd7-4dedb26e3026/element [7.1615ms] ERR:404 body={"strategy":"-android uiautomator","selector":"new UiSelector().textContains(\"Definitely Not Here\"...
14:06:18.037723 POST /session/5b869f22-ef53-45fb-afd7-4dedb26e3026/element [4.500542ms] ERR:404 body={"strategy":"-android uiautomator","selector":"new UiSelector().descriptionContains(\"Definitely Not...
14:06:18.045194 POST /session/5b869f22-ef53-45fb-afd7-4dedb26e3026/element [7.4395ms] ERR:404 body={"strategy":"-android uiautomator","selector":"new UiSelector().textMatches(\"(?is).*\\QDefinitely N...
14:06:18.053032 POST /session/5b869f22-ef53-45fb-afd7-4dedb26e3026/element [7.809083ms] ERR:404 body={"strategy":"-android uiautomator","selector":"new UiSelector().descriptionMatches(\"(?is).*\\QDefin...
14:06:18.059808 POST /session/5b869f22-ef53-45fb-afd7-4dedb26e3026/element [6.73725ms] ERR:404 body={"strategy":"-android uiautomator","selector":"new UiSelector().textContains(\"Definitely Not Here\"...
14:06:18.066129 POST /session/5b869f22-ef53-45fb-afd7-4dedb26e3026/element [6.288625ms] ERR:404 body={"strategy":"-android uiautomator","selector":"new UiSelector().descriptionContains(\"Definitely Not...
14:06:18.070288 POST /session/5b869f22-ef53-45fb-afd7-4dedb26e3026/element [4.131417ms] ERR:404 body={"strategy":"-android uiautomator","selector":"new UiSelector().textMatches(\"(?is).*\\QDefinitely N...
14:06:18.077680 POST /session/5b869f22-ef53-45fb-afd7-4dedb26e3026/element [7.359959ms] ERR:404 body={"strategy":"-android uiautomator","selector":"new UiSelector().descriptionMatches(\"(?is).*\\QDefin...
14:06:18.084482 POST /session/5b869f22-ef53-45fb-afd7-4dedb26e3026/element [6.77725ms] ERR:404 body={"strategy":"-android uiautomator","selector":"new UiSelector().textContains(\"Definitely Not Here\"...
14:06:18.090941 POST /session/5b869f22-ef53-45fb-afd7-4dedb26e3026/element [6.434084ms] ERR:404 body={"strategy":"-android uiautomator","selector":"new UiSelector().descriptionContains(\"Definitely Not...
14:06:18.097394 POST /session/5b869f22-ef53-45fb-afd7-4dedb26e3026/element [6.412833ms] ERR:404 body={"strategy":"-android uiautomator","selector":"new UiSelector().textMatches(\"(?is).*\\QDefinitely N...
14:06:18.102836 POST /session/5b869f22-ef53-45fb-afd7-4dedb26e3026/element [5.409125ms] ERR:404 body={"strategy":"-android uiautomator","selector":"new UiSelector().descriptionMatches(\"(?is).*\\QDefin...
14:06:18.110871 POST /session/5b869f22-ef53-45fb-afd7-4dedb26e3026/element [7.998042ms] ERR:404 body={"strategy":"-android uiautomator","selector":"new UiSelector().textContains(\"Definitely Not Here\"...
14:06:18.115105 POST /session/5b869f22-ef53-45fb-afd7-4dedb26e3026/element [4.202833ms] ERR:404 body={"strategy":"-android uiautomator","selector":"new UiSelector().descriptionContains(\"Definitely Not...
14:06:18.121244 POST /session/5b869f22-ef53-45fb-afd7-4dedb26e3026/element [6.110583ms] ERR:404 body={"strategy":"-android uiautomator","selector":"new UiSelector().textMatches(\"(?is).*\\QDefinitely N...
14:06:18.129073 POST /session/5b869f22-ef53-45fb-afd7-4dedb26e3026/element [7.796625ms] ERR:404 body={"strategy":"-android uiautomator","selector":"new UiSelector().descriptionMatches(\"(?is).*\\QDefin...
14:06:18.134690 POST /session/5b869f22-ef53-45fb-afd7-4dedb26e3026/element [5.5855ms] ERR:404 body={"strategy":"-android uiautomator","selector":"new UiSelector().textContains(\"Definitely Not Here\"...
14:06:18.140267 POST /session/5b869f22-ef53-45fb-afd7-4dedb26e3026/element [5.541417ms] ERR:404 body={"strategy":"-android uiautomator","selector":"new UiSelector().descriptionContains(\"Definitely Not...
14:06:18.145230 POST /session/5b869f22-ef53-45fb-afd7-4dedb26e3026/element [4.926125ms] ERR:404 body={"strategy":"-android uiautomator","selector":"new UiSelector().textMatches(\"(?is).*\\QDefinitely N...
14:06:18.153315 POST /session/5b869f22-ef53-45fb-afd7-4dedb26e3026/element [8.054667ms] ERR:404 body={"strategy":"-android uiautomator","selector":"new UiSelector().descriptionMatches(\"(?is).*\\QDefin...
14:06:18.160424 POST /session/5b869f22-ef53-45fb-afd7-4dedb26e3026/element [7.075334ms] ERR:404 body={"strategy":"-android uiautomator","selector":"new UiSelector().textContains(\"Definitely Not Here\"...
14:06:18.168359 POST /session/5b869f22-ef53-45fb-afd7-4dedb26e3026/element [7.899542ms] ERR:404 body={"strategy":"-android uiautomator","selector":"new UiSelector().descriptionContains(\"Definitely Not...
14:06:18.173323 POST /session/5b869f22-ef53-45fb-afd7-4dedb26e3026/element [4.928583ms] ERR:404 body={"strategy":"-android uiautomator","selector":"new UiSelector().textMatches(\"(?is).*\\QDefinitely N...
14:06:18.178707 POST /session/5b869f22-ef53-45fb-afd7-4dedb26e3026/element [5.345292ms] ERR:404 body={"strategy":"-android uiautomator","selector":"new UiSelector().descriptionMatches(\"(?is).*\\QDefin...
14:06:18.185861 POST /session/5b869f22-ef53-45fb-afd7-4dedb26e3026/element [7.116083ms] ERR:404 body={"strategy":"-android uiautomator","selector":"new UiSelector().textContains(\"Definitely Not Here\"...
14:06:18.192409 POST /session/5b869f22-ef53-45fb-afd7-4dedb26e3026/element [6.517375ms] ERR:404 body={"strategy":"-android uiautomator","selector":"new UiSelector().descriptionContains(\"Definitely Not...
14:06:18.199364 POST /session/5b869f22-ef53-45fb-afd7-4dedb26e3026/element [6.913791ms] ERR:404 body={"strategy":"-android uiautomator","selector":"new UiSelector().textMatches(\"(?is).*\\QDefinitely N...
14:06:18.211767 POST /session/5b869f22-ef53-45fb-afd7-4dedb26e3026/element [12.334042ms] ERR:404 body={"strategy":"-android uiautomator","selector":"new UiSelector().descriptionMatches(\"(?is).*\\QDefin...
14:06:18.218577 POST /session/5b869f22-ef53-45fb-afd7-4dedb26e3026/element [6.754583ms] ERR:404 body={"strategy":"-android uiautomator","selector":"new UiSelector().textContains(\"Definitely Not Here\"...
14:06:18.225461 POST /session/5b869f22-ef53-45fb-afd7-4dedb26e3026/element [6.841625ms] ERR:404 body={"strategy":"-android uiautomator","selector":"new UiSelector().descriptionContains(\"Definitely Not...
14:06:18.231616 POST /session/5b869f22-ef53-45fb-afd7-4dedb26e3026/element [6.115959ms] ERR:404 body={"strategy":"-android uiautomator","selector":"new UiSelector().textMatches(\"(?is).*\\QDefinitely N...
14:06:18.237260 POST /session/5b869f22-ef53-45fb-afd7-4dedb26e3026/element [5.605708ms] ERR:404 body={"strategy":"-android uiautomator","selector":"new UiSelector().descriptionMatches(\"(?is).*\\QDefin...
14:06:18.245685 POST /session/5b869f22-ef53-45fb-afd7-4dedb26e3026/element [8.381833ms] ERR:404 body={"strategy":"-android uiautomator","selector":"new UiSelector().textContains(\"Definitely Not Here\"...
14:06:18.250849 POST /session/5b869f22-ef53-45fb-afd7-4dedb26e3026/element [5.103292ms] ERR:404 body={"strategy":"-android uiautomator","selector":"new UiSelector().descriptionContains(\"Definitely Not...
14:06:18.256199 POST /session/5b869f22-ef53-45fb-afd7-4dedb26e3026/element [5.201667ms] ERR:404 body={"strategy":"-android uiautomator","selector":"new UiSelector().textMatches(\"(?is).*\\QDefinitely N...
14:06:18.264067 POST /session/5b869f22-ef53-45fb-afd7-4dedb26e3026/element [7.809041ms] ERR:404 body={"strategy":"-android uiautomator","selector":"new UiSelector().descriptionMatches(\"(?is).*\\QDefin...
14:06:18.269361 POST /session/5b869f22-ef53-45fb-afd7-4dedb26e3026/element [5.224ms] ERR:404 body={"strategy":"-android uiautomator","selector":"new UiSelector().textContains(\"Definitely Not Here\"...
14:06:18.276837 POST /session/5b869f22-ef53-45fb-afd7-4dedb26e3026/element [7.422291ms] ERR:404 body={"strategy":"-android uiautomator","selector":"new UiSelector().descriptionContains(\"Definitely Not...
14:06:18.284472 POST /session/5b869f22-ef53-45fb-afd7-4dedb26e3026/element [7.588916ms] ERR:404 body={"strategy":"-android uiautomator","selector":"new UiSelector().textMatches(\"(?is).*\\QDefinitely N...
14:06:18.289931 POST /session/5b869f22-ef53-45fb-afd7-4dedb26e3026/element [5.400667ms] ERR:404 body={"strategy":"-android uiautomator","selector":"new UiSelector().descriptionMatches(\"(?is).*\\QDefin...
14:06:18.298916 POST /session/5b869f22-ef53-45fb-afd7-4dedb26e3026/element [8.93125ms] ERR:404 body={"strategy":"-android uiautomator","selector":"new UiSelector().textContains(\"Definitely Not Here\"...
14:06:18.308147 POST /session/5b869f22-ef53-45fb-afd7-4dedb26e3026/element [9.171125ms] ERR:404 body={"strategy":"-android uiautomator","selector":"new UiSelector().descriptionContains(\"Definitely Not...
14:06:18.313746 POST /session/5b869f22-ef53-45fb-afd7-4dedb26e3026/element [5.552333ms] ERR:404 body={"strategy":"-android uiautomator","selector":"new UiSelector().textMatches(\"(?is).*\\QDefinitely N...
14:06:18.322021 POST /session/5b869f22-ef53-45fb-afd7-4dedb26e3026/element [8.229166ms] ERR:404 body={"strategy":"-android uiautomator","selector":"new UiSelector().descriptionMatches(\"(?is).*\\QDefin...
14:06:18.326668 POST /session/5b869f22-ef53-45fb-afd7-4dedb26e3026/element [4.608041ms] ERR:404 body={"strategy":"-android uiautomator","selector":"new UiSelector().textContains(\"Definitely Not Here\"...
14:06:18.334008 POST /session/5b869f22-ef53-45fb-afd7-4dedb26e3026/element [7.300792ms] ERR:404 body={"strategy":"-android uiautomator","selector":"new UiSelector().descriptionContains(\"Definitely Not...
14:06:18.340863 POST /session/5b869f22-ef53-45fb-afd7-4dedb26e3026/element [6.79875ms] ERR:404 body={"strategy":"-android uiautomator","selector":"new UiSelector().textMatches(\"(?is).*\\QDefinitely N...
14:06:18.345531 POST /session/5b869f22-ef53-45fb-afd7-4dedb26e3026/element [4.632208ms] ERR:404 body={"strategy":"-android uiautomator","selector":"new UiSelector().descriptionMatches(\"(?is).*\\QDefin...
14:06:18.350039 POST /session/5b869f22-ef53-45fb-afd7-4dedb26e3026/element [4.470125ms] ERR:404 body={"strategy":"-android uiautomator","selector":"new UiSelector().textContains(\"Definitely Not Here\"...
14:06:18.355691 POST /session/5b869f22-ef53-45fb-afd7-4dedb26e3026/element [5.614208ms] ERR:404 body={"strategy":"-android uiautomator","selector":"new UiSelector().descriptionContains(\"Definitely Not...
14:06:18.362627 POST /session/5b869f22-ef53-45fb-afd7-4dedb26e3026/element [6.894625ms] ERR:404 body={"strategy":"-android uiautomator","selector":"new UiSelector().textMatches(\"(?is).*\\QDefinitely N...
14:06:18.369588 POST /session/5b869f22-ef53-45fb-afd7-4dedb26e3026/element [6.929ms] ERR:404 body={"strategy":"-android uiautomator","selector":"new UiSelector().descriptionMatches(\"(?is).*\\QDefin...
14:06:18.376355 POST /session/5b869f22-ef53-45fb-afd7-4dedb26e3026/element [6.7325ms] ERR:404 body={"strategy":"-android uiautomator","selector":"new UiSelector().textContains(\"Definitely Not Here\"...
14:06:18.383092 POST /session/5b869f22-ef53-45fb-afd7-4dedb26e3026/element [6.693917ms] ERR:404 body={"strategy":"-android uiautomator","selector":"new UiSelector().descriptionContains(\"Definitely Not...
14:06:18.390250 POST /session/5b869f22-ef53-45fb-afd7-4dedb26e3026/element [7.113042ms] ERR:404 body={"strategy":"-android uiautomator","selector":"new UiSelector().textMatches(\"(?is).*\\QDefinitely N...
14:06:18.398066 POST /session/5b869f22-ef53-45fb-afd7-4dedb26e3026/element [7.773417ms] ERR:404 body={"strategy":"-android uiautomator","selector":"new UiSelector().descriptionMatches(\"(?is).*\\QDefin...
14:06:18.406752 POST /session/5b869f22-ef53-45fb-afd7-4dedb26e3026/element [8.639792ms] ERR:404 body={"strategy":"-android uiautomator","selector":"new UiSelector().textContains(\"Definitely Not Here\"...
14:06:18.412713 POST /session/5b869f22-ef53-45fb-afd7-4dedb26e3026/element [5.90375ms] ERR:404 body={"strategy":"-android uiautomator","selector":"new UiSelector().descriptionContains(\"Definitely Not...
14:06:18.421467 POST /session/5b869f22-ef53-45fb-afd7-4dedb26e3026/element [8.708083ms] ERR:404 body={"strategy":"-android uiautomator","selector":"new UiSelector().textMatches(\"(?is).*\\QDefinitely N...
14:06:18.427304 POST /session/5b869f22-ef53-45fb-afd7-4dedb26e3026/element [5.778792ms] ERR:404 body={"strategy":"-android uiautomator","selector":"new UiSelector().descriptionMatches(\"(?is).*\\QDefin...
14:06:18.433570 POST /session/5b869f22-ef53-45fb-afd7-4dedb26e3026/element [6.2295ms] ERR:404 body={"strategy":"-android uiautomator","selector":"new UiSelector().textContains(\"Definitely Not Here\"...
14:06:18.438542 POST /session/5b869f22-ef53-45fb-afd7-4dedb26e3026/element [4.93775ms] ERR:404 body={"strategy":"-android uiautomator","selector":"new UiSelector().descriptionContains(\"Definitely Not...
14:06:18.444881 POST /session/5b869f22-ef53-45fb-afd7-4dedb26e3026/element [6.304625ms] ERR:404 body={"strategy":"-android uiautomator","selector":"new UiSelector().textMatches(\"(?is).*\\QDefinitely N...
14:06:18.452521 POST /session/5b869f22-ef53-45fb-afd7-4dedb26e3026/element [7.603375ms] ERR:404 body={"strategy":"-android uiautomator","selector":"new UiSelector().descriptionMatches(\"(?is).*\\QDefin...
14:06:18.457373 POST /session/5b869f22-ef53-45fb-afd7-4dedb26e3026/element [4.807792ms] ERR:404 body={"strategy":"-android uiautomator","selector":"new UiSelector().textContains(\"Definitely Not Here\"...
14:06:18.464089 POST /session/5b869f22-ef53-45fb-afd7-4dedb26e3026/element [6.682416ms] ERR:404 body={"strategy":"-android uiautomator","selector":"new UiSelector().descriptionContains(\"Definitely Not...
14:06:18.468151 POST /session/5b869f22-ef53-45fb-afd7-4dedb26e3026/element [4.02375ms] ERR:404 body={"strategy":"-android uiautomator","selector":"new UiSelector().textMatches(\"(?is).*\\QDefinitely N...
14:06:18.473745 POST /session/5b869f22-ef53-45fb-afd7-4dedb26e3026/element [5.565875ms] ERR:404 body={"strategy":"-android uiautomator","selector":"new UiSelector().descriptionMatches(\"(?is).*\\QDefin...
14:06:18.478584 POST /session/5b869f22-ef53-45fb-afd7-4dedb26e3026/element [4.814542ms] ERR:404 body={"strategy":"-android uiautomator","selector":"new UiSelector().textContains(\"Definitely Not Here\"...
14:06:18.483261 POST /session/5b869f22-ef53-45fb-afd7-4dedb26e3026/element [4.651333ms] ERR:404 body={"strategy":"-android uiautomator","selector":"new UiSelector().descriptionContains(\"Definitely Not...
14:06:18.490029 POST /session/5b869f22-ef53-45fb-afd7-4dedb26e3026/element [6.727458ms] ERR:404 body={"strategy":"-android uiautomator","selector":"new UiSelector().textMatches(\"(?is).*\\QDefinitely N...
14:06:18.498240 POST /session/5b869f22-ef53-45fb-afd7-4dedb26e3026/element [8.177541ms] ERR:404 body={"strategy":"-android uiautomator","selector":"new UiSelector().descriptionMatches(\"(?is).*\\QDefin...
14:06:18.508046 POST /session/5b869f22-ef53-45fb-afd7-4dedb26e3026/element [9.767792ms] ERR:404 body={"strategy":"-android uiautomator","selector":"new UiSelector().textContains(\"Definitely Not Here\"...
14:06:18.513962 POST /session/5b869f22-ef53-45fb-afd7-4dedb26e3026/element [5.871209ms] ERR:404 body={"strategy":"-android uiautomator","selector":"new UiSelector().descriptionContains(\"Definitely Not...
14:06:18.522437 POST /session/5b869f22-ef53-45fb-afd7-4dedb26e3026/element [8.436875ms] ERR:404 body={"strategy":"-android uiautomator","selector":"new UiSelector().textMatches(\"(?is).*\\QDefinitely N...
14:06:18.530569 POST /session/5b869f22-ef53-45fb-afd7-4dedb26e3026/element [8.087ms] ERR:404 body={"strategy":"-android uiautomator","selector":"new UiSelector().descriptionMatches(\"(?is).*\\QDefin...
14:06:18.538543 POST /session/5b869f22-ef53-45fb-afd7-4dedb26e3026/element [7.92975ms] ERR:404 body={"strategy":"-android uiautomator","selector":"new UiSelector().textContains(\"Definitely Not Here\"...
14:06:18.546446 POST /session/5b869f22-ef53-45fb-afd7-4dedb26e3026/element [7.863625ms] ERR:404 body={"strategy":"-android uiautomator","selector":"new UiSelector().descriptionContains(\"Definitely Not...
14:06:18.555040 POST /session/5b869f22-ef53-45fb-afd7-4dedb26e3026/element [8.551917ms] ERR:404 body={"strategy":"-android uiautomator","selector":"new UiSelector().textMatches(\"(?is).*\\QDefinitely N...
14:06:18.561048 POST /session/5b869f22-ef53-45fb-afd7-4dedb26e3026/element [5.971167ms] ERR:404 body={"strategy":"-android uiautomator","selector":"new UiSelector().descriptionMatches(\"(?is).*\\QDefin...
14:06:18.567407 POST /session/5b869f22-ef53-45fb-afd7-4dedb26e3026/element [6.326375ms] ERR:404 body={"strategy":"-android uiautomator","selector":"new UiSelector().textContains(\"Definitely Not Here\"...
14:06:18.571852 POST /session/5b869f22-ef53-45fb-afd7-4dedb26e3026/element [4.412916ms] ERR:404 body={"strategy":"-android uiautomator","selector":"new UiSelector().descriptionContains(\"Definitely Not...
14:06:18.576662 POST /session/5b869f22-ef53-45fb-afd7-4dedb26e3026/element [4.773458ms] ERR:404 body={"strategy":"-android uiautomator","selector":"new UiSelector().textMatches(\"(?is).*\\QDefinitely N...
14:06:18.582768 POST /session/5b869f22-ef53-45fb-afd7-4dedb26e3026/element [6.075ms] ERR:404 body={"strategy":"-android uiautomator","selector":"new UiSelector().descriptionMatches(\"(?is).*\\QDefin...
14:06:18.589236 POST /session/5b869f22-ef53-45fb-afd7-4dedb26e3026/element [6.435417ms] ERR:404 body={"strategy":"-android uiautomator","selector":"new UiSelector().textContains(\"Definitely Not Here\"...
14:06:18.593921 POST /session/5b869f22-ef53-45fb-afd7-4dedb26e3026/element [4.647875ms] ERR:404 body={"strategy":"-android uiautomator","selector":"new UiSelector().descriptionContains(\"Definitely Not...
14:06:18.598545 POST /session/5b869f22-ef53-45fb-afd7-4dedb26e3026/element [4.5895ms] ERR:404 body={"strategy":"-android uiautomator","selector":"new UiSelector().textMatches(\"(?is).*\\QDefinitely N...
14:06:18.605336 POST /session/5b869f22-ef53-45fb-afd7-4dedb26e3026/element [6.752667ms] ERR:404 body={"strategy":"-android uiautomator","selector":"new UiSelector().descriptionMatches(\"(?is).*\\QDefin...
14:06:18.609564 POST /session/5b869f22-ef53-45fb-afd7-4dedb26e3026/element [4.198083ms] ERR:404 body={"strategy":"-android uiautomator","selector":"new UiSelector().textContains(\"Definitely Not Here\"...
14:06:18.615366 POST /session/5b869f22-ef53-45fb-afd7-4dedb26e3026/element [5.774917ms] ERR:404 body={"strategy":"-android uiautomator","selector":"new UiSelector().descriptionContains(\"Definitely Not...
14:06:18.621722 POST /session/5b869f22-ef53-45fb-afd7-4dedb26e3026/element [6.32375ms] ERR:404 body={"strategy":"-android uiautomator","selector":"new UiSelector().textMatches(\"(?is).*\\QDefinitely N...
14:06:18.628121 POST /session/5b869f22-ef53-45fb-afd7-4dedb26e3026/element [6.370833ms] ERR:404 body={"strategy":"-android uiautomator","selector":"new UiSelector().descriptionMatches(\"(?is).*\\QDefin...
14:06:18.635302 POST /session/5b869f22-ef53-45fb-afd7-4dedb26e3026/element [7.135709ms] ERR:404 body={"strategy":"-android uiautomator","selector":"new UiSelector().textContains(\"Definitely Not Here\"...
14:06:18.641821 POST /session/5b869f22-ef53-45fb-afd7-4dedb26e3026/element [6.480333ms] ERR:404 body={"strategy":"-android uiautomator","selector":"new UiSelector().descriptionContains(\"Definitely Not...
14:06:18.648481 POST /session/5b869f22-ef53-45fb-afd7-4dedb26e3026/element [6.6245ms] ERR:404 body={"strategy":"-android uiautomator","selector":"new UiSelector().textMatches(\"(?is).*\\QDefinitely N...
14:06:18.652647 POST /session/5b869f22-ef53-45fb-afd7-4dedb26e3026/element [4.133875ms] ERR:404 body={"strategy":"-android uiautomator","selector":"new UiSelector().descriptionMatches(\"(?is).*\\QDefin...
14:06:18.657256 POST /session/5b869f22-ef53-45fb-afd7-4dedb26e3026/element [4.577458ms] ERR:404 body={"strategy":"-android uiautomator","selector":"new UiSelector().textContains(\"Definitely Not Here\"...
14:06:18.660785 POST /session/5b869f22-ef53-45fb-afd7-4dedb26e3026/element [3.498166ms] ERR:404 body={"strategy":"-android uiautomator","selector":"new UiSelector().descriptionContains(\"Definitely Not...
14:06:18.668396 POST /session/5b869f22-ef53-45fb-afd7-4dedb26e3026/element [7.585584ms] ERR:404 body={"strategy":"-android uiautomator","selector":"new UiSelector().textMatches(\"(?is).*\\QDefinitely N...
14:06:18.672537 POST /session/5b869f22-ef53-45fb-afd7-4dedb26e3026/element [4.113ms] ERR:404 body={"strategy":"-android uiautomator","selector":"new UiSelector().descriptionMatches(\"(?is).*\\QDefin...
14:06:18.676367 POST /session/5b869f22-ef53-45fb-afd7-4dedb26e3026/element [3.803ms] ERR:404 body={"strategy":"-android uiautomator","selector":"new UiSelector().textContains(\"Definitely Not Here\"...
14:06:18.685107 POST /session/5b869f22-ef53-45fb-afd7-4dedb26e3026/element [8.707375ms] ERR:404 body={"strategy":"-android uiautomator","selector":"new UiSelector().descriptionContains(\"Definitely Not...
14:06:18.693250 POST /session/5b869f22-ef53-45fb-afd7-4dedb26e3026/element [8.097792ms] ERR:404 body={"strategy":"-android uiautomator","selector":"new UiSelector().textMatches(\"(?is).*\\QDefinitely N...
14:06:18.698841 POST /session/5b869f22-ef53-45fb-afd7-4dedb26e3026/element [5.549875ms] ERR:404 body={"strategy":"-android uiautomator","selector":"new UiSelector().descriptionMatches(\"(?is).*\\QDefin...
14:06:18.704016 POST /session/5b869f22-ef53-45fb-afd7-4dedb26e3026/element [5.128333ms] ERR:404 body={"strategy":"-android uiautomator","selector":"new UiSelector().textContains(\"Definitely Not Here\"...
14:06:18.711558 POST /session/5b869f22-ef53-45fb-afd7-4dedb26e3026/element [7.491667ms] ERR:404 body={"strategy":"-android uiautomator","selector":"new UiSelector().descriptionContains(\"Definitely Not...
14:06:18.717201 POST /session/5b869f22-ef53-45fb-afd7-4dedb26e3026/element [5.60325ms] ERR:404 body={"strategy":"-android uiautomator","selector":"new UiSelector().textMatches(\"(?is).*\\QDefinitely N...
14:06:18.722826 POST /session/5b869f22-ef53-45fb-afd7-4dedb26e3026/element [5.577291ms] ERR:404 body={"strategy":"-android uiautomator","selector":"new UiSelector().descriptionMatches(\"(?is).*\\QDefin...
14:06:18.729404 POST /session/5b869f22-ef53-45fb-afd7-4dedb26e3026/element [6.535833ms] ERR:404 body={"strategy":"-android uiautomator","selector":"new UiSelector().textContains(\"Definitely Not Here\"...
14:06:18.734291 POST /session/5b869f22-ef53-45fb-afd7-4dedb26e3026/element [4.852417ms] ERR:404 body={"strategy":"-android uiautomator","selector":"new UiSelector().descriptionContains(\"Definitely Not...
14:06:18.741275 POST /session/5b869f22-ef53-45fb-afd7-4dedb26e3026/element [6.947667ms] ERR:404 body={"strategy":"-android uiautomator","selector":"new UiSelector().textMatches(\"(?is).*\\QDefinitely N...
14:06:18.750872 POST /session/5b869f22-ef53-45fb-afd7-4dedb26e3026/element [9.557791ms] ERR:404 body={"strategy":"-android uiautomator","selector":"new UiSelector().descriptionMatches(\"(?is).*\\QDefin...
14:06:18.758447 POST /session/5b869f22-ef53-45fb-afd7-4dedb26e3026/element [7.528917ms] ERR:404 body={"strategy":"-android uiautomator","selector":"new UiSelector().textContains(\"Definitely Not Here\"...
14:06:18.763258 POST /session/5b869f22-ef53-45fb-afd7-4dedb26e3026/element [4.772292ms] ERR:404 body={"strategy":"-android uiautomator","selector":"new UiSelector().descriptionContains(\"Definitely Not...
14:06:18.767683 POST /session/5b869f22-ef53-45fb-afd7-4dedb26e3026/element [4.388917ms] ERR:404 body={"strategy":"-android uiautomator","selector":"new UiSelector().textMatches(\"(?is).*\\QDefinitely N...
14:06:18.774322 POST /session/5b869f22-ef53-45fb-afd7-4dedb26e3026/element [6.594833ms] ERR:404 body={"strategy":"-android uiautomator","selector":"new UiSelector().descriptionMatches(\"(?is).*\\QDefin...
14:06:18.782205 POST /session/5b869f22-ef53-45fb-afd7-4dedb26e3026/element [7.844ms] ERR:404 body={"strategy":"-android uiautomator","selector":"new UiSelector().textContains(\"Definitely Not Here\"...
14:06:18.787303 POST /session/5b869f22-ef53-45fb-afd7-4dedb26e3026/element [5.055792ms] ERR:404 body={"strategy":"-android uiautomator","selector":"new UiSelector().descriptionContains(\"Definitely Not...
14:06:18.795720 POST /session/5b869f22-ef53-45fb-afd7-4dedb26e3026/element [8.374417ms] ERR:404 body={"strategy":"-android uiautomator","selector":"new UiSelector().textMatches(\"(?is).*\\QDefinitely N...
14:06:18.801714 POST /session/5b869f22-ef53-45fb-afd7-4dedb26e3026/element [5.949334ms] ERR:404 body={"strategy":"-android uiautomator","selector":"new UiSelector().descriptionMatches(\"(?is).*\\QDefin...
14:06:18.806517 POST /session/5b869f22-ef53-45fb-afd7-4dedb26e3026/element [4.757375ms] ERR:404 body={"strategy":"-android uiautomator","selector":"new UiSelector().textContains(\"Definitely Not Here\"...
14:06:18.813934 POST /session/5b869f22-ef53-45fb-afd7-4dedb26e3026/element [7.383833ms] ERR:404 body={"strategy":"-android uiautomator","selector":"new UiSelector().descriptionContains(\"Definitely Not...
14:06:18.818688 POST /session/5b869f22-ef53-45fb-afd7-4dedb26e3026/element [4.715458ms] ERR:404 body={"strategy":"-android uiautomator","selector":"new UiSelector().textMatches(\"(?is).*\\QDefinitely N...
14:06:18.825405 POST /session/5b869f22-ef53-45fb-afd7-4dedb26e3026/element [6.685541ms] ERR:404 body={"strategy":"-android uiautomator","selector":"new UiSelector().descriptionMatches(\"(?is).*\\QDefin...
14:06:18.831635 POST /session/5b869f22-ef53-45fb-afd7-4dedb26e3026/element [6.180417ms] ERR:404 body={"strategy":"-android uiautomator","selector":"new UiSelector().textContains(\"Definitely Not Here\"...
14:06:18.838607 POST /session/5b869f22-ef53-45fb-afd7-4dedb26e3026/element [6.931459ms] ERR:404 body={"strategy":"-android uiautomator","selector":"new UiSelector().descriptionContains(\"Definitely Not...
14:06:18.844450 POST /session/5b869f22-ef53-45fb-afd7-4dedb26e3026/element [5.806083ms] ERR:404 body={"strategy":"-android uiautomator","selector":"new UiSelector().textMatches(\"(?is).*\\QDefinitely N...
14:06:18.849629 POST /session/5b869f22-ef53-45fb-afd7-4dedb26e3026/element [5.00425ms] ERR:404 body={"strategy":"-android uiautomator","selector":"new UiSelector().descriptionMatches(\"(?is).*\\QDefin...
14:06:18.857183 POST /session/5b869f22-ef53-45fb-afd7-4dedb26e3026/element [7.505375ms] ERR:404 body={"strategy":"-android uiautomator","selector":"new UiSelector().textContains(\"Definitely Not Here\"...
14:06:18.863993 POST /session/5b869f22-ef53-45fb-afd7-4dedb26e3026/element [6.769084ms] ERR:404 body={"strategy":"-android uiautomator","selector":"new UiSelector().descriptionContains(\"Definitely Not...
14:06:18.869323 POST /session/5b869f22-ef53-45fb-afd7-4dedb26e3026/element [5.293959ms] ERR:404 body={"strategy":"-android uiautomator","selector":"new UiSelector().textMatches(\"(?is).*\\QDefinitely N...
14:06:18.876331 POST /session/5b869f22-ef53-45fb-afd7-4dedb26e3026/element [6.98ms] ERR:404 body={"strategy":"-android uiautomator","selector":"new UiSelector().descriptionMatches(\"(?is).*\\QDefin...
14:06:18.884162 POST /session/5b869f22-ef53-45fb-afd7-4dedb26e3026/element [7.796958ms] ERR:404 body={"strategy":"-android uiautomator","selector":"new UiSelector().textContains(\"Definitely Not Here\"...
14:06:18.889570 POST /session/5b869f22-ef53-45fb-afd7-4dedb26e3026/element [5.368083ms] ERR:404 body={"strategy":"-android uiautomator","selector":"new UiSelector().descriptionContains(\"Definitely Not...
14:06:18.894265 POST /session/5b869f22-ef53-45fb-afd7-4dedb26e3026/element [4.651792ms] ERR:404 body={"strategy":"-android uiautomator","selector":"new UiSelector().textMatches(\"(?is).*\\QDefinitely N...
14:06:18.899551 POST /session/5b869f22-ef53-45fb-afd7-4dedb26e3026/element [5.255292ms] ERR:404 body={"strategy":"-android uiautomator","selector":"new UiSelector().descriptionMatches(\"(?is).*\\QDefin...
14:06:18.905032 POST /session/5b869f22-ef53-45fb-afd7-4dedb26e3026/element [5.457584ms] ERR:404 body={"strategy":"-android uiautomator","selector":"new UiSelector().textContains(\"Definitely Not Here\"...
14:06:18.911831 POST /session/5b869f22-ef53-45fb-afd7-4dedb26e3026/element [6.77025ms] ERR:404 body={"strategy":"-android uiautomator","selector":"new UiSelector().descriptionContains(\"Definitely Not...
14:06:18.917585 POST /session/5b869f22-ef53-45fb-afd7-4dedb26e3026/element [5.719333ms] ERR:404 body={"strategy":"-android uiautomator","selector":"new UiSelector().textMatches(\"(?is).*\\QDefinitely N...
14:06:18.926155 POST /session/5b869f22-ef53-45fb-afd7-4dedb26e3026/element [8.525208ms] ERR:404 body={"strategy":"-android uiautomator","selector":"new UiSelector().descriptionMatches(\"(?is).*\\QDefin...
14:06:18.935818 POST /session/5b869f22-ef53-45fb-afd7-4dedb26e3026/element [9.619875ms] ERR:404 body={"strategy":"-android uiautomator","selector":"new UiSelector().textContains(\"Definitely Not Here\"...
14:06:18.945065 POST /session/5b869f22-ef53-45fb-afd7-4dedb26e3026/element [9.199041ms] ERR:404 body={"strategy":"-android uiautomator","selector":"new UiSelector().descriptionContains(\"Definitely Not...
14:06:18.951755 POST /session/5b869f22-ef53-45fb-afd7-4dedb26e3026/element [6.642542ms] ERR:404 body={"strategy":"-android uiautomator","selector":"new UiSelector().textMatches(\"(?is).*\\QDefinitely N...
14:06:18.957308 POST /session/5b869f22-ef53-45fb-afd7-4dedb26e3026/element [5.50825ms] ERR:404 body={"strategy":"-android uiautomator","selector":"new UiSelector().descriptionMatches(\"(?is).*\\QDefin...
14:06:18.965455 POST /session/5b869f22-ef53-45fb-afd7-4dedb26e3026/element [8.104084ms] ERR:404 body={"strategy":"-android uiautomator","selector":"new UiSelector().textContains(\"Definitely Not Here\"...
14:06:18.969953 POST /session/5b869f22-ef53-45fb-afd7-4dedb26e3026/element [4.444792ms] ERR:404 body={"strategy":"-android uiautomator","selector":"new UiSelector().descriptionContains(\"Definitely Not...
14:06:18.975922 POST /session/5b869f22-ef53-45fb-afd7-4dedb26e3026/element [5.935625ms] ERR:404 body={"strategy":"-android uiautomator","selector":"new UiSelector().textMatches(\"(?is).*\\QDefinitely N...
14:06:18.981800 POST /session/5b869f22-ef53-45fb-afd7-4dedb26e3026/element [5.839459ms] ERR:404 body={"strategy":"-android uiautomator","selector":"new UiSelector().descriptionMatches(\"(?is).*\\QDefin...
14:06:18.988891 POST /session/5b869f22-ef53-45fb-afd7-4dedb26e3026/element [7.0595ms] ERR:404 body={"strategy":"-android uiautomator","selector":"new UiSelector().textContains(\"Definitely Not Here\"...
14:06:18.993211 POST /session/5b869f22-ef53-45fb-afd7-4dedb26e3026/element [4.284792ms] ERR:404 body={"strategy":"-android uiautomator","selector":"new UiSelector().descriptionContains(\"Definitely Not...
14:06:19.000443 POST /session/5b869f22-ef53-45fb-afd7-4dedb26e3026/element [7.197042ms] ERR:404 body={"strategy":"-android uiautomator","selector":"new UiSelector().textMatches(\"(?is).*\\QDefinitely N...
14:06:19.010115 POST /session/5b869f22-ef53-45fb-afd7-4dedb26e3026/element [9.624958ms] ERR:404 body={"strategy":"-android uiautomator","selector":"new UiSelector().descriptionMatches(\"(?is).*\\QDefin...
14:06:19.018111 POST /session/5b869f22-ef53-45fb-afd7-4dedb26e3026/element [7.949875ms] ERR:404 body={"strategy":"-android uiautomator","selector":"new UiSelector().textContains(\"Definitely Not Here\"...
14:06:19.026342 POST /session/5b869f22-ef53-45fb-afd7-4dedb26e3026/element [8.198417ms] ERR:404 body={"strategy":"-android uiautomator","selector":"new UiSelector().descriptionContains(\"Definitely Not...
14:06:19.030715 POST /session/5b869f22-ef53-45fb-afd7-4dedb26e3026/element [4.338625ms] ERR:404 body={"strategy":"-android uiautomator","selector":"new UiSelector().textMatches(\"(?is).*\\QDefinitely N...
14:06:19.038180 POST /session/5b869f22-ef53-45fb-afd7-4dedb26e3026/element [7.431416ms] ERR:404 body={"strategy":"-android uiautomator","selector":"new UiSelector().descriptionMatches(\"(?is).*\\QDefin...
14:06:19.041908 POST /session/5b869f22-ef53-45fb-afd7-4dedb26e3026/element [3.695167ms] ERR:404 body={"strategy":"-android uiautomator","selector":"new UiSelector().textContains(\"Definitely Not Here\"...
14:06:19.048100 POST /session/5b869f22-ef53-45fb-afd7-4dedb26e3026/element [6.159791ms] ERR:404 body={"strategy":"-android uiautomator","selector":"new UiSelector().descriptionContains(\"Definitely Not...
14:06:19.055234 POST /session/5b869f22-ef53-45fb-afd7-4dedb26e3026/element [7.102541ms] ERR:404 body={"strategy":"-android uiautomator","selector":"new UiSelector().textMatches(\"(?is).*\\QDefinitely N...
14:06:19.059788 POST /session/5b869f22-ef53-45fb-afd7-4dedb26e3026/element [4.525833ms] ERR:404 body={"strategy":"-android uiautomator","selector":"new UiSelector().descriptionMatches(\"(?is).*\\QDefin...
14:06:19.067081 POST /session/5b869f22-ef53-45fb-afd7-4dedb26e3026/element [7.261416ms] ERR:404 body={"strategy":"-android uiautomator","selector":"new UiSelector().textContains(\"Definitely Not Here\"...
14:06:19.074163 POST /session/5b869f22-ef53-45fb-afd7-4dedb26e3026/element [7.053792ms] ERR:404 body={"strategy":"-android uiautomator","selector":"new UiSelector().descriptionContains(\"Definitely Not...
14:06:19.081557 POST /session/5b869f22-ef53-45fb-afd7-4dedb26e3026/element [7.361042ms] ERR:404 body={"strategy":"-android uiautomator","selector":"new UiSelector().textMatches(\"(?is).*\\QDefinitely N...
14:06:19.088704 POST /session/5b869f22-ef53-45fb-afd7-4dedb26e3026/element [7.123917ms] ERR:404 body={"strategy":"-android uiautomator","selector":"new UiSelector().descriptionMatches(\"(?is).*\\QDefin...
14:06:19.095233 POST /session/5b869f22-ef53-45fb-afd7-4dedb26e3026/element [6.507083ms] ERR:404 body={"strategy":"-android uiautomator","selector":"new UiSelector().textContains(\"Definitely Not Here\"...
14:06:19.101741 POST /session/5b869f22-ef53-45fb-afd7-4dedb26e3026/element [6.479375ms] ERR:404 body={"strategy":"-android uiautomator","selector":"new UiSelector().descriptionContains(\"Definitely Not...
14:06:19.109361 POST /session/5b869f22-ef53-45fb-afd7-4dedb26e3026/element [7.584125ms] ERR:404 body={"strategy":"-android uiautomator","selector":"new UiSelector().textMatches(\"(?is).*\\QDefinitely N...
14:06:19.113095 POST /session/5b869f22-ef53-45fb-afd7-4dedb26e3026/element [3.704958ms] ERR:404 body={"strategy":"-android uiautomator","selector":"new UiSelector().descriptionMatches(\"(?is).*\\QDefin...
14:06:19.119672 POST /session/5b869f22-ef53-45fb-afd7-4dedb26e3026/element [6.547209ms] ERR:404 body={"strategy":"-android uiautomator","selector":"new UiSelector().textContains(\"Definitely Not Here\"...
14:06:19.126317 POST /session/5b869f22-ef53-45fb-afd7-4dedb26e3026/element [6.615333ms] ERR:404 body={"strategy":"-android uiautomator","selector":"new UiSelector().descriptionContains(\"Definitely Not...
14:06:19.131566 POST /session/5b869f22-ef53-45fb-afd7-4dedb26e3026/element [5.22075ms] ERR:404 body={"strategy":"-android uiautomator","selector":"new UiSelector().textMatches(\"(?is).*\\QDefinitely N...
14:06:19.139206 POST /session/5b869f22-ef53-45fb-afd7-4dedb26e3026/element [7.601ms] ERR:404 body={"strategy":"-android uiautomator","selector":"new UiSelector().descriptionMatches(\"(?is).*\\QDefin...
14:06:19.145505 POST /session/5b869f22-ef53-45fb-afd7-4dedb26e3026/element [6.2575ms] ERR:404 body={"strategy":"-android uiautomator","selector":"new UiSelector().textContains(\"Definitely Not Here\"...
14:06:19.154607 POST /session/5b869f22-ef53-45fb-afd7-4dedb26e3026/element [9.059333ms] ERR:404 body={"strategy":"-android uiautomator","selector":"new UiSelector().descriptionContains(\"Definitely Not...
14:06:19.161934 POST /session/5b869f22-ef53-45fb-afd7-4dedb26e3026/element [7.276333ms] ERR:404 body={"strategy":"-android uiautomator","selector":"new UiSelector().textMatches(\"(?is).*\\QDefinitely N...
14:06:19.167320 POST /session/5b869f22-ef53-45fb-afd7-4dedb26e3026/element [5.345041ms] ERR:404 body={"strategy":"-android uiautomator","selector":"new UiSelector().descriptionMatches(\"(?is).*\\QDefin...
14:06:19.171264 POST /session/5b869f22-ef53-45fb-afd7-4dedb26e3026/element [3.909625ms] ERR:404 body={"strategy":"-android uiautomator","selector":"new UiSelector().textContains(\"Definitely Not Here\"...
14:06:19.176912 POST /session/5b869f22-ef53-45fb-afd7-4dedb26e3026/element [5.614666ms] ERR:404 body={"strategy":"-android uiautomator","selector":"new UiSelector().descriptionContains(\"Definitely Not...
14:06:19.183728 POST /session/5b869f22-ef53-45fb-afd7-4dedb26e3026/element [6.783625ms] ERR:404 body={"strategy":"-android uiautomator","selector":"new UiSelector().textMatches(\"(?is).*\\QDefinitely N...
14:06:19.189202 POST /session/5b869f22-ef53-45fb-afd7-4dedb26e3026/element [5.446542ms] ERR:404 body={"strategy":"-android uiautomator","selector":"new UiSelector().descriptionMatches(\"(?is).*\\QDefin...
14:06:19.196695 POST /session/5b869f22-ef53-45fb-afd7-4dedb26e3026/element [7.458083ms] ERR:404 body={"strategy":"-android uiautomator","selector":"new UiSelector().textContains(\"Definitely Not Here\"...
14:06:19.203343 POST /session/5b869f22-ef53-45fb-afd7-4dedb26e3026/element [6.614625ms] ERR:404 body={"strategy":"-android uiautomator","selector":"new UiSelector().descriptionContains(\"Definitely Not...
14:06:19.210903 POST /session/5b869f22-ef53-45fb-afd7-4dedb26e3026/element [7.526208ms] ERR:404 body={"strategy":"-android uiautomator","selector":"new UiSelector().textMatches(\"(?is).*\\QDefinitely N...
14:06:19.216419 POST /session/5b869f22-ef53-45fb-afd7-4dedb26e3026/element [5.461333ms] ERR:404 body={"strategy":"-android uiautomator","selector":"new UiSelector().descriptionMatches(\"(?is).*\\QDefin...
14:06:19.222964 POST /session/5b869f22-ef53-45fb-afd7-4dedb26e3026/element [6.515208ms] ERR:404 body={"strategy":"-android uiautomator","selector":"new UiSelector().textContains(\"Definitely Not Here\"...
14:06:19.227793 POST /session/5b869f22-ef53-45fb-afd7-4dedb26e3026/element [4.79925ms] ERR:404 body={"strategy":"-android uiautomator","selector":"new UiSelector().descriptionContains(\"Definitely Not...
14:06:19.235640 POST /session/5b869f22-ef53-45fb-afd7-4dedb26e3026/element [7.808084ms] ERR:404 body={"strategy":"-android uiautomator","selector":"new UiSelector().textMatches(\"(?is).*\\QDefinitely N...
14:06:19.241053 POST /session/5b869f22-ef53-45fb-afd7-4dedb26e3026/element [5.3775ms] ERR:404 body={"strategy":"-android uiautomator","selector":"new UiSelector().descriptionMatches(\"(?is).*\\QDefin...
14:06:19.247902 POST /session/5b869f22-ef53-45fb-afd7-4dedb26e3026/element [6.809834ms] ERR:404 body={"strategy":"-android uiautomator","selector":"new UiSelector().textContains(\"Definitely Not Here\"...
14:06:19.254158 POST /session/5b869f22-ef53-45fb-afd7-4dedb26e3026/element [6.19175ms] ERR:404 body={"strategy":"-android uiautomator","selector":"new UiSelector().descriptionContains(\"Definitely Not...
14:06:19.258693 POST /session/5b869f22-ef53-45fb-afd7-4dedb26e3026/element [4.484417ms] ERR:404 body={"strategy":"-android uiautomator","selector":"new UiSelector().textMatches(\"(?is).*\\QDefinitely N...
14:06:19.264148 POST /session/5b869f22-ef53-45fb-afd7-4dedb26e3026/element [5.408292ms] ERR:404 body={"strategy":"-android uiautomator","selector":"new UiSelector().descriptionMatches(\"(?is).*\\QDefin...
14:06:19.270628 POST /session/5b869f22-ef53-45fb-afd7-4dedb26e3026/element [6.446875ms] ERR:404 body={"strategy":"-android uiautomator","selector":"new UiSelector().textContains(\"Definitely Not Here\"...
14:06:19.278014 POST /session/5b869f22-ef53-45fb-afd7-4dedb26e3026/element [7.349875ms] ERR:404 body={"strategy":"-android uiautomator","selector":"new UiSelector().descriptionContains(\"Definitely Not...
14:06:19.286553 POST /session/5b869f22-ef53-45fb-afd7-4dedb26e3026/element [8.484333ms] ERR:404 body={"strategy":"-android uiautomator","selector":"new UiSelector().textMatches(\"(?is).*\\QDefinitely N...
14:06:19.292894 POST /session/5b869f22-ef53-45fb-afd7-4dedb26e3026/element [6.3035ms] ERR:404 body={"strategy":"-android uiautomator","selector":"new UiSelector().descriptionMatches(\"(?is).*\\QDefin...
14:06:19.298986 POST /session/5b869f22-ef53-45fb-afd7-4dedb26e3026/element [6.062166ms] ERR:404 body={"strategy":"-android uiautomator","selector":"new UiSelector().textContains(\"Definitely Not Here\"...
14:06:19.305781 POST /session/5b869f22-ef53-45fb-afd7-4dedb26e3026/element [6.759709ms] ERR:404 body={"strategy":"-android uiautomator","selector":"new UiSelector().descriptionContains(\"Definitely Not...
14:06:19.314645 POST /session/5b869f22-ef53-45fb-afd7-4dedb26e3026/element [8.811958ms] ERR:404 body={"strategy":"-android uiautomator","selector":"new UiSelector().textMatches(\"(?is).*\\QDefinitely N...
14:06:19.324665 POST /session/5b869f22-ef53-45fb-afd7-4dedb26e3026/element [9.969291ms] ERR:404 body={"strategy":"-android uiautomator","selector":"new UiSelector().descriptionMatches(\"(?is).*\\QDefin...
14:06:19.331911 POST /session/5b869f22-ef53-45fb-afd7-4dedb26e3026/element [7.182959ms] ERR:404 body={"strategy":"-android uiautomator","selector":"new UiSelector().textContains(\"Definitely Not Here\"...
14:06:19.338532 POST /session/5b869f22-ef53-45fb-afd7-4dedb26e3026/element [6.561375ms] ERR:404 body={"strategy":"-android uiautomator","selector":"new UiSelector().descriptionContains(\"Definitely Not...
14:06:19.344666 POST /session/5b869f22-ef53-45fb-afd7-4dedb26e3026/element [6.095041ms] ERR:404 body={"strategy":"-android uiautomator","selector":"new UiSelector().textMatches(\"(?is).*\\QDefinitely N...
14:06:19.352998 POST /session/5b869f22-ef53-45fb-afd7-4dedb26e3026/element [8.301834ms] ERR:404 body={"strategy":"-android uiautomator","selector":"new UiSelector().descriptionMatches(\"(?is).*\\QDefin...
14:06:19.358319 POST /session/5b869f22-ef53-45fb-afd7-4dedb26e3026/element [5.290375ms] ERR:404 body={"strategy":"-android uiautomator","selector":"new UiSelector().textContains(\"Definitely Not Here\"...
14:06:19.364738 POST /session/5b869f22-ef53-45fb-afd7-4dedb26e3026/element [6.382916ms] ERR:404 body={"strategy":"-android uiautomator","selector":"new UiSelector().descriptionContains(\"Definitely Not...
14:06:19.373046 POST /session/5b869f22-ef53-45fb-afd7-4dedb26e3026/element [8.244125ms] ERR:404 body={"strategy":"-android uiautomator","selector":"new UiSelector().textMatches(\"(?is).*\\QDefinitely N...
14:06:19.380115 POST /session/5b869f22-ef53-45fb-afd7-4dedb26e3026/element [7.027916ms] ERR:404 body={"strategy":"-android uiautomator","selector":"new UiSelector().descriptionMatches(\"(?is).*\\QDefin...
14:06:19.387051 POST /session/5b869f22-ef53-45fb-afd7-4dedb26e3026/element [6.885208ms] ERR:404 body={"strategy":"-android uiautomator","selector":"new UiSelector().textContains(\"Definitely Not Here\"...
14:06:19.393848 POST /session/5b869f22-ef53-45fb-afd7-4dedb26e3026/element [6.74975ms] ERR:404 body={"strategy":"-android uiautomator","selector":"new UiSelector().descriptionContains(\"Definitely Not...
14:06:19.400899 POST /session/5b869f22-ef53-45fb-afd7-4dedb26e3026/element [7.013042ms] ERR:404 body={"strategy":"-android uiautomator","selector":"new UiSelector().textMatches(\"(?is).*\\QDefinitely N...
14:06:19.404599 POST /session/5b869f22-ef53-45fb-afd7-4dedb26e3026/element [3.655333ms] ERR:404 body={"strategy":"-android uiautomator","selector":"new UiSelector().descriptionMatches(\"(?is).*\\QDefin...
14:06:19.411124 POST /session/5b869f22-ef53-45fb-afd7-4dedb26e3026/element [6.497167ms] ERR:404 body={"strategy":"-android uiautomator","selector":"new UiSelector().textContains(\"Definitely Not Here\"...
14:06:19.415352 POST /session/5b869f22-ef53-45fb-afd7-4dedb26e3026/element [4.201833ms] ERR:404 body={"strategy":"-android uiautomator","selector":"new UiSelector().descriptionContains(\"Definitely Not...
14:06:19.421567 POST /session/5b869f22-ef53-45fb-afd7-4dedb26e3026/element [6.186709ms] ERR:404 body={"strategy":"-android uiautomator","selector":"new UiSelector().textMatches(\"(?is).*\\QDefinitely N...
14:06:19.427250 POST /session/5b869f22-ef53-45fb-afd7-4dedb26e3026/element [5.652333ms] ERR:404 body={"strategy":"-android uiautomator","selector":"new UiSelector().descriptionMatches(\"(?is).*\\QDefin...
14:06:19.434160 POST /session/5b869f22-ef53-45fb-afd7-4dedb26e3026/element [6.87975ms] ERR:404 body={"strategy":"-android uiautomator","selector":"new UiSelector().textContains(\"Definitely Not Here\"...
14:06:19.437465 POST /session/5b869f22-ef53-45fb-afd7-4dedb26e3026/element [3.28075ms] ERR:404 body={"strategy":"-android uiautomator","selector":"new UiSelector().descriptionContains(\"Definitely Not...
14:06:19.442750 POST /session/5b869f22-ef53-45fb-afd7-4dedb26e3026/element [5.256084ms] ERR:404 body={"strategy":"-android uiautomator","selector":"new UiSelector().textMatches(\"(?is).*\\QDefinitely N...
14:06:19.446782 POST /session/5b869f22-ef53-45fb-afd7-4dedb26e3026/element [3.992166ms] ERR:404 body={"strategy":"-android uiautomator","selector":"new UiSelector().descriptionMatches(\"(?is).*\\QDefin...
14:06:19.457688 POST /session/5b869f22-ef53-45fb-afd7-4dedb26e3026/element [10.8695ms] ERR:404 body={"strategy":"-android uiautomator","selector":"new UiSelector().textContains(\"Definitely Not Here\"...
14:06:19.462298 POST /session/5b869f22-ef53-45fb-afd7-4dedb26e3026/element [4.572667ms] ERR:404 body={"strategy":"-android uiautomator","selector":"new UiSelector().descriptionContains(\"Definitely Not...
14:06:19.468570 POST /session/5b869f22-ef53-45fb-afd7-4dedb26e3026/element [6.239375ms] ERR:404 body={"strategy":"-android uiautomator","selector":"new UiSelector().textMatches(\"(?is).*\\QDefinitely N...
14:06:19.473429 POST /session/5b869f22-ef53-45fb-afd7-4dedb26e3026/element [4.828542ms] ERR:404 body={"strategy":"-android uiautomator","selector":"new UiSelector().descriptionMatches(\"(?is).*\\QDefin...
14:06:19.477675 POST /session/5b869f22-ef53-45fb-afd7-4dedb26e3026/element [4.207125ms] ERR:404 body={"strategy":"-android uiautomator","selector":"new UiSelector().textContains(\"Definitely Not Here\"...
14:06:19.483575 POST /session/5b869f22-ef53-45fb-afd7-4dedb26e3026/element [5.862417ms] ERR:404 body={"strategy":"-android uiautomator","selector":"new UiSelector().descriptionContains(\"Definitely Not...
14:06:19.490293 POST /session/5b869f22-ef53-45fb-afd7-4dedb26e3026/element [6.678208ms] ERR:404 body={"strategy":"-android uiautomator","selector":"new UiSelector().textMatches(\"(?is).*\\QDefinitely N...
14:06:19.494693 POST /session/5b869f22-ef53-45fb-afd7-4dedb26e3026/element [4.360583ms] ERR:404 body={"strategy":"-android uiautomator","selector":"new UiSelector().descriptionMatches(\"(?is).*\\QDefin...
14:06:19.500855 POST /session/5b869f22-ef53-45fb-afd7-4dedb26e3026/element [6.126542ms] ERR:404 body={"strategy":"-android uiautomator","selector":"new UiSelector().textContains(\"Definitely Not Here\"...
14:06:19.510705 POST /session/5b869f22-ef53-45fb-afd7-4dedb26e3026/element [9.81325ms] ERR:404 body={"strategy":"-android uiautomator","selector":"new UiSelector().descriptionContains(\"Definitely Not...
14:06:19.518523 POST /session/5b869f22-ef53-45fb-afd7-4dedb26e3026/element [7.772167ms] ERR:404 body={"strategy":"-android uiautomator","selector":"new UiSelector().textMatches(\"(?is).*\\QDefinitely N...
14:06:19.525910 POST /session/5b869f22-ef53-45fb-afd7-4dedb26e3026/element [7.347708ms] ERR:404 body={"strategy":"-android uiautomator","selector":"new UiSelector().descriptionMatches(\"(?is).*\\QDefin...
14:06:19.531518 POST /session/5b869f22-ef53-45fb-afd7-4dedb26e3026/element [5.578708ms] ERR:404 body={"strategy":"-android uiautomator","selector":"new UiSelector().textContains(\"Definitely Not Here\"...
14:06:19.538202 POST /session/5b869f22-ef53-45fb-afd7-4dedb26e3026/element [6.643667ms] ERR:404 body={"strategy":"-android uiautomator","selector":"new UiSelector().descriptionContains(\"Definitely Not...
14:06:19.542345 POST /session/5b869f22-ef53-45fb-afd7-4dedb26e3026/element [4.114792ms] ERR:404 body={"strategy":"-android uiautomator","selector":"new UiSelector().textMatches(\"(?is).*\\QDefinitely N...
14:06:19.550132 POST /session/5b869f22-ef53-45fb-afd7-4dedb26e3026/element [7.749583ms] ERR:404 body={"strategy":"-android uiautomator","selector":"new UiSelector().descriptionMatches(\"(?is).*\\QDefin...
14:06:19.557254 POST /session/5b869f22-ef53-45fb-afd7-4dedb26e3026/element [7.085833ms] ERR:404 body={"strategy":"-android uiautomator","selector":"new UiSelector().textContains(\"Definitely Not Here\"...
14:06:19.563954 POST /session/5b869f22-ef53-45fb-afd7-4dedb26e3026/element [6.663166ms] ERR:404 body={"strategy":"-android uiautomator","selector":"new UiSelector().descriptionContains(\"Definitely Not...
14:06:19.568887 POST /session/5b869f22-ef53-45fb-afd7-4dedb26e3026/element [4.890708ms] ERR:404 body={"strategy":"-android uiautomator","selector":"new UiSelector().textMatches(\"(?is).*\\QDefinitely N...
14:06:19.574997 POST /session/5b869f22-ef53-45fb-afd7-4dedb26e3026/element [6.070625ms] ERR:404 body={"strategy":"-android uiautomator","selector":"new UiSelector().descriptionMatches(\"(?is).*\\QDefin...
14:06:19.582340 POST /session/5b869f22-ef53-45fb-afd7-4dedb26e3026/element [7.307583ms] ERR:404 body={"strategy":"-android uiautomator","selector":"new UiSelector().textContains(\"Definitely Not Here\"...
14:06:19.588512 POST /session/5b869f22-ef53-45fb-afd7-4dedb26e3026/element [6.132166ms] ERR:404 body={"strategy":"-android uiautomator","selector":"new UiSelector().descriptionContains(\"Definitely Not...
14:06:19.595341 POST /session/5b869f22-ef53-45fb-afd7-4dedb26e3026/element [6.782208ms] ERR:404 body={"strategy":"-android uiautomator","selector":"new UiSelector().textMatches(\"(?is).*\\QDefinitely N...
14:06:19.600103 POST /session/5b869f22-ef53-45fb-afd7-4dedb26e3026/element [4.717166ms] ERR:404 body={"strategy":"-android uiautomator","selector":"new UiSelector().descriptionMatches(\"(?is).*\\QDefin...
14:06:19.608585 POST /session/5b869f22-ef53-45fb-afd7-4dedb26e3026/element [8.449167ms] ERR:404 body={"strategy":"-android uiautomator","selector":"new UiSelector().textContains(\"Definitely Not Here\"...
14:06:19.616072 POST /session/5b869f22-ef53-45fb-afd7-4dedb26e3026/element [7.449333ms] ERR:404 body={"strategy":"-android uiautomator","selector":"new UiSelector().descriptionContains(\"Definitely Not...
14:06:19.623456 POST /session/5b869f22-ef53-45fb-afd7-4dedb26e3026/element [7.3555ms] ERR:404 body={"strategy":"-android uiautomator","selector":"new UiSelector().textMatches(\"(?is).*\\QDefinitely N...
14:06:19.631851 POST /session/5b869f22-ef53-45fb-afd7-4dedb26e3026/element [8.360666ms] ERR:404 body={"strategy":"-android uiautomator","selector":"new UiSelector().descriptionMatches(\"(?is).*\\QDefin...
14:06:19.640865 POST /session/5b869f22-ef53-45fb-afd7-4dedb26e3026/element [8.97ms] ERR:404 body={"strategy":"-android uiautomator","selector":"new UiSelector().textContains(\"Definitely Not Here\"...
14:06:19.645739 POST /session/5b869f22-ef53-45fb-afd7-4dedb26e3026/element [4.828833ms] ERR:404 body={"strategy":"-android uiautomator","selector":"new UiSelector().descriptionContains(\"Definitely Not...
14:06:19.652492 POST /session/5b869f22-ef53-45fb-afd7-4dedb26e3026/element [6.717541ms] ERR:404 body={"strategy":"-android uiautomator","selector":"new UiSelector().textMatches(\"(?is).*\\QDefinitely N...
14:06:19.656820 POST /session/5b869f22-ef53-45fb-afd7-4dedb26e3026/element [4.281917ms] ERR:404 body={"strategy":"-android uiautomator","selector":"new UiSelector().descriptionMatches(\"(?is).*\\QDefin...
14:06:19.663564 POST /session/5b869f22-ef53-45fb-afd7-4dedb26e3026/element [6.702708ms] ERR:404 body={"strategy":"-android uiautomator","selector":"new UiSelector().textContains(\"Definitely Not Here\"...
14:06:19.667632 POST /session/5b869f22-ef53-45fb-afd7-4dedb26e3026/element [4.039084ms] ERR:404 body={"strategy":"-android uiautomator","selector":"new UiSelector().descriptionContains(\"Definitely Not...
14:06:19.673917 POST /session/5b869f22-ef53-45fb-afd7-4dedb26e3026/element [6.2535ms] ERR:404 body={"strategy":"-android uiautomator","selector":"new UiSelector().textMatches(\"(?is).*\\QDefinitely N...
14:06:19.681808 POST /session/5b869f22-ef53-45fb-afd7-4dedb26e3026/element [7.863167ms] ERR:404 body={"strategy":"-android uiautomator","selector":"new UiSelector().descriptionMatches(\"(?is).*\\QDefin...
14:06:19.689967 POST /session/5b869f22-ef53-45fb-afd7-4dedb26e3026/element [8.125625ms] ERR:404 body={"strategy":"-android uiautomator","selector":"new UiSelector().textContains(\"Definitely Not Here\"...
14:06:19.695872 POST /session/5b869f22-ef53-45fb-afd7-4dedb26e3026/element [5.865333ms] ERR:404 body={"strategy":"-android uiautomator","selector":"new UiSelector().descriptionContains(\"Definitely Not...
14:06:19.704033 POST /session/5b869f22-ef53-45fb-afd7-4dedb26e3026/element [8.127959ms] ERR:404 body={"strategy":"-android uiautomator","selector":"new UiSelector().textMatches(\"(?is).*\\QDefinitely N...
14:06:19.708578 POST /session/5b869f22-ef53-45fb-afd7-4dedb26e3026/element [4.51525ms] ERR:404 body={"strategy":"-android uiautomator","selector":"new UiSelector().descriptionMatches(\"(?is).*\\QDefin...
14:06:19.716201 POST /session/5b869f22-ef53-45fb-afd7-4dedb26e3026/element [7.582417ms] ERR:404 body={"strategy":"-android uiautomator","selector":"new UiSelector().textContains(\"Definitely Not Here\"...
14:06:19.722376 POST /session/5b869f22-ef53-45fb-afd7-4dedb26e3026/element [6.130375ms] ERR:404 body={"strategy":"-android uiautomator","selector":"new UiSelector().descriptionContains(\"Definitely Not...
14:06:19.729181 POST /session/5b869f22-ef53-45fb-afd7-4dedb26e3026/element [6.769042ms] ERR:404 body={"strategy":"-android uiautomator","selector":"new UiSelector().textMatches(\"(?is).*\\QDefinitely N...
14:06:19.734049 POST /session/5b869f22-ef53-45fb-afd7-4dedb26e3026/element [4.839542ms] ERR:404 body={"strategy":"-android uiautomator","selector":"new UiSelector().descriptionMatches(\"(?is).*\\QDefin...
14:06:19.743016 POST /session/5b869f22-ef53-45fb-afd7-4dedb26e3026/element [8.903417ms] ERR:404 body={"strategy":"-android uiautomator","selector":"new UiSelector().textContains(\"Definitely Not Here\"...
14:06:19.749250 POST /session/5b869f22-ef53-45fb-afd7-4dedb26e3026/element [6.203ms] ERR:404 body={"strategy":"-android uiautomator","selector":"new UiSelector().descriptionContains(\"Definitely Not...
14:06:19.757147 POST /session/5b869f22-ef53-45fb-afd7-4dedb26e3026/element [7.84825ms] ERR:404 body={"strategy":"-android uiautomator","selector":"new UiSelector().textMatches(\"(?is).*\\QDefinitely N...
14:06:19.766865 POST /session/5b869f22-ef53-45fb-afd7-4dedb26e3026/element [9.676792ms] ERR:404 body={"strategy":"-android uiautomator","selector":"new UiSelector().descriptionMatches(\"(?is).*\\QDefin...
14:06:19.774458 POST /session/5b869f22-ef53-45fb-afd7-4dedb26e3026/element [7.541417ms] ERR:404 body={"strategy":"-android uiautomator","selector":"new UiSelector().textContains(\"Definitely Not Here\"...
14:06:19.782609 POST /session/5b869f22-ef53-45fb-afd7-4dedb26e3026/element [8.100042ms] ERR:404 body={"strategy":"-android uiautomator","selector":"new UiSelector().descriptionContains(\"Definitely Not...
14:06:19.790741 POST /session/5b869f22-ef53-45fb-afd7-4dedb26e3026/element [8.056834ms] ERR:404 body={"strategy":"-android uiautomator","selector":"new UiSelector().textMatches(\"(?is).*\\QDefinitely N...
14:06:19.798546 POST /session/5b869f22-ef53-45fb-afd7-4dedb26e3026/element [7.753375ms] ERR:404 body={"strategy":"-android uiautomator","selector":"new UiSelector().descriptionMatches(\"(?is).*\\QDefin...
14:06:19.805296 POST /session/5b869f22-ef53-45fb-afd7-4dedb26e3026/element [6.705625ms] ERR:404 body={"strategy":"-android uiautomator","selector":"new UiSelector().textContains(\"Definitely Not Here\"...
14:06:19.810346 POST /session/5b869f22-ef53-45fb-afd7-4dedb26e3026/element [5.018125ms] ERR:404 body={"strategy":"-android uiautomator","selector":"new UiSelector().descriptionContains(\"Definitely Not...
14:06:19.818777 POST /session/5b869f22-ef53-45fb-afd7-4dedb26e3026/element [8.38775ms] ERR:404 body={"strategy":"-android uiautomator","selector":"new UiSelector().textMatches(\"(?is).*\\QDefinitely N...
14:06:19.823775 POST /session/5b869f22-ef53-45fb-afd7-4dedb26e3026/element [4.9605ms] ERR:404 body={"strategy":"-android uiautomator","selector":"new UiSelector().descriptionMatches(\"(?is).*\\QDefin...
14:06:19.828141 POST /session/5b869f22-ef53-45fb-afd7-4dedb26e3026/element [4.338625ms] ERR:404 body={"strategy":"-android uiautomator","selector":"new UiSelector().textContains(\"Definitely Not Here\"...
14:06:19.835551 POST /session/5b869f22-ef53-45fb-afd7-4dedb26e3026/element [7.381417ms] ERR:404 body={"strategy":"-android uiautomator","selector":"new UiSelector().descriptionContains(\"Definitely Not...
14:06:19.840071 POST /session/5b869f22-ef53-45fb-afd7-4dedb26e3026/element [4.479417ms] ERR:404 body={"strategy":"-android uiautomator","selector":"new UiSelector().textMatches(\"(?is).*\\QDefinitely N...
14:06:19.845440 POST /session/5b869f22-ef53-45fb-afd7-4dedb26e3026/element [5.336709ms] ERR:404 body={"strategy":"-android uiautomator","selector":"new UiSelector().descriptionMatches(\"(?is).*\\QDefin...
14:06:19.853485 POST /session/5b869f22-ef53-45fb-afd7-4dedb26e3026/element [8.011708ms] ERR:404 body={"strategy":"-android uiautomator","selector":"new UiSelector().textContains(\"Definitely Not Here\"...
14:06:19.858586 POST /session/5b869f22-ef53-45fb-afd7-4dedb26e3026/element [5.066625ms] ERR:404 body={"strategy":"-android uiautomator","selector":"new UiSelector().descriptionContains(\"Definitely Not...
14:06:19.865660 POST /session/5b869f22-ef53-45fb-afd7-4dedb26e3026/element [7.044708ms] ERR:404 body={"strategy":"-android uiautomator","selector":"new UiSelector().textMatches(\"(?is).*\\QDefinitely N...
14:06:19.873576 POST /session/5b869f22-ef53-45fb-afd7-4dedb26e3026/element [7.882ms] ERR:404 body={"strategy":"-android uiautomator","selector":"new UiSelector().descriptionMatches(\"(?is).*\\QDefin...
14:06:19.877885 POST /session/5b869f22-ef53-45fb-afd7-4dedb26e3026/element [4.278625ms] ERR:404 body={"strategy":"-android uiautomator","selector":"new UiSelector().textContains(\"Definitely Not Here\"...
14:06:19.884424 POST /session/5b869f22-ef53-45fb-afd7-4dedb26e3026/element [6.512833ms] ERR:404 body={"strategy":"-android uiautomator","selector":"new UiSelector().descriptionContains(\"Definitely Not...
14:06:19.892614 POST /session/5b869f22-ef53-45fb-afd7-4dedb26e3026/element [8.163583ms] ERR:404 body={"strategy":"-android uiautomator","selector":"new UiSelector().textMatches(\"(?is).*\\QDefinitely N...
14:06:19.899340 POST /session/5b869f22-ef53-45fb-afd7-4dedb26e3026/element [6.683583ms] ERR:404 body={"strategy":"-android uiautomator","selector":"new UiSelector().descriptionMatches(\"(?is).*\\QDefin...
14:06:19.903879 POST /session/5b869f22-ef53-45fb-afd7-4dedb26e3026/element [4.504958ms] ERR:404 body={"strategy":"-android uiautomator","selector":"new UiSelector().textContains(\"Definitely Not Here\"...
14:06:19.910449 POST /session/5b869f22-ef53-45fb-afd7-4dedb26e3026/element [6.535542ms] ERR:404 body={"strategy":"-android uiautomator","selector":"new UiSelector().descriptionContains(\"Definitely Not...
14:06:19.918167 POST /session/5b869f22-ef53-45fb-afd7-4dedb26e3026/element [7.686209ms] ERR:404 body={"strategy":"-android uiautomator","selector":"new UiSelector().textMatches(\"(?is).*\\QDefinitely N...
14:06:19.926149 POST /session/5b869f22-ef53-45fb-afd7-4dedb26e3026/element [7.95275ms] ERR:404 body={"strategy":"-android uiautomator","selector":"new UiSelector().descriptionMatches(\"(?is).*\\QDefin...
14:06:19.930240 POST /session/5b869f22-ef53-45fb-afd7-4dedb26e3026/element [4.049708ms] ERR:404 body={"strategy":"-android uiautomator","selector":"new UiSelector().textContains(\"Definitely Not Here\"...
14:06:19.936592 POST /session/5b869f22-ef53-45fb-afd7-4dedb26e3026/element [6.3125ms] ERR:404 body={"strategy":"-android uiautomator","selector":"new UiSelector().descriptionContains(\"Definitely Not...
14:06:19.944644 POST /session/5b869f22-ef53-45fb-afd7-4dedb26e3026/element [8.008084ms] ERR:404 body={"strategy":"-android uiautomator","selector":"new UiSelector().textMatches(\"(?is).*\\QDefinitely N...
14:06:19.951231 POST /session/5b869f22-ef53-45fb-afd7-4dedb26e3026/element [6.542667ms] ERR:404 body={"strategy":"-android uiautomator","selector":"new UiSelector().descriptionMatches(\"(?is).*\\QDefin...
14:06:19.959691 POST /session/5b869f22-ef53-45fb-afd7-4dedb26e3026/element [8.408667ms] ERR:404 body={"strategy":"-android uiautomator","selector":"new UiSelector().textContains(\"Definitely Not Here\"...
14:06:19.967895 POST /session/5b869f22-ef53-45fb-afd7-4dedb26e3026/element [8.159417ms] ERR:404 body={"strategy":"-android uiautomator","selector":"new UiSelector().descriptionContains(\"Definitely Not...
14:06:19.975564 POST /session/5b869f22-ef53-45fb-afd7-4dedb26e3026/element [7.628625ms] ERR:404 body={"strategy":"-android uiautomator","selector":"new UiSelector().textMatches(\"(?is).*\\QDefinitely N...
14:06:19.980006 POST /session/5b869f22-ef53-45fb-afd7-4dedb26e3026/element [4.405208ms] ERR:404 body={"strategy":"-android uiautomator","selector":"new UiSelector().descriptionMatches(\"(?is).*\\QDefin...
14:06:19.984237 POST /session/5b869f22-ef53-45fb-afd7-4dedb26e3026/element [4.199ms] ERR:404 body={"strategy":"-android uiautomator","selector":"new UiSelector().textContains(\"Definitely Not Here\"...
14:06:19.988387 POST /session/5b869f22-ef53-45fb-afd7-4dedb26e3026/element [4.11725ms] ERR:404 body={"strategy":"-android uiautomator","selector":"new UiSelector().descriptionContains(\"Definitely Not...
14:06:19.996571 POST /session/5b869f22-ef53-45fb-afd7-4dedb26e3026/element [8.150875ms] ERR:404 body={"strategy":"-android uiautomator","selector":"new UiSelector().textMatches(\"(?is).*\\QDefinitely N...
14:06:20.003858 POST /session/5b869f22-ef53-45fb-afd7-4dedb26e3026/element [7.247333ms] ERR:404 body={"strategy":"-android uiautomator","selector":"new UiSelector().descriptionMatches(\"(?is).*\\QDefin...
14:06:20.008107 POST /session/5b869f22-ef53-45fb-afd7-4dedb26e3026/element [4.216041ms] ERR:404 body={"strategy":"-android uiautomator","selector":"new UiSelector().textContains(\"Definitely Not Here\"...
14:06:20.015483 POST /session/5b869f22-ef53-45fb-afd7-4dedb26e3026/element [7.342292ms] ERR:404 body={"strategy":"-android uiautomator","selector":"new UiSelector().descriptionContains(\"Definitely Not...
14:06:20.024316 POST /session/5b869f22-ef53-45fb-afd7-4dedb26e3026/element [8.793375ms] ERR:404 body={"strategy":"-android uiautomator","selector":"new UiSelector().textMatches(\"(?is).*\\QDefinitely N...
14:06:20.029722 POST /session/5b869f22-ef53-45fb-afd7-4dedb26e3026/element [5.359ms] ERR:404 body={"strategy":"-android uiautomator","selector":"new UiSelector().descriptionMatches(\"(?is).*\\QDefin...
14:06:20.040223 POST /session/5b869f22-ef53-45fb-afd7-4dedb26e3026/element [10.4525ms] ERR:404 body={"strategy":"-android uiautomator","selector":"new UiSelector().textContains(\"Definitely Not Here\"...
14:06:20.047311 POST /session/5b869f22-ef53-45fb-afd7-4dedb26e3026/element [7.044459ms] ERR:404 body={"strategy":"-android uiautomator","selector":"new UiSelector().descriptionContains(\"Definitely Not...
14:06:20.054688 POST /session/5b869f22-ef53-45fb-afd7-4dedb26e3026/element [7.336208ms] ERR:404 body={"strategy":"-android uiautomator","selector":"new UiSelector().textMatches(\"(?is).*\\QDefinitely N...
14:06:20.058603 POST /session/5b869f22-ef53-45fb-afd7-4dedb26e3026/element [3.878416ms] ERR:404 body={"strategy":"-android uiautomator","selector":"new UiSelector().descriptionMatches(\"(?is).*\\QDefin...
14:06:20.066987 POST /session/5b869f22-ef53-45fb-afd7-4dedb26e3026/element [8.348084ms] ERR:404 body={"strategy":"-android uiautomator","selector":"new UiSelector().textContains(\"Definitely Not Here\"...
14:06:20.075211 POST /session/5b869f22-ef53-45fb-afd7-4dedb26e3026/element [8.181083ms] ERR:404 body={"strategy":"-android uiautomator","selector":"new UiSelector().descriptionContains(\"Definitely Not...
14:06:20.083081 POST /session/5b869f22-ef53-45fb-afd7-4dedb26e3026/element [7.830791ms] ERR:404 body={"strategy":"-android uiautomator","selector":"new UiSelector().textMatches(\"(?is).*\\QDefinitely N...
14:06:20.087238 POST /session/5b869f22-ef53-45fb-afd7-4dedb26e3026/element [4.119333ms] ERR:404 body={"strategy":"-android uiautomator","selector":"new UiSelector().descriptionMatches(\"(?is).*\\QDefin...
14:06:20.092288 POST /session/5b869f22-ef53-45fb-afd7-4dedb26e3026/element [5.009792ms] ERR:404 body={"strategy":"-android uiautomator","selector":"new UiSelector().textContains(\"Definitely Not Here\"...
14:06:20.101706 POST /session/5b869f22-ef53-45fb-afd7-4dedb26e3026/element [9.371917ms] ERR:404 body={"strategy":"-android uiautomator","selector":"new UiSelector().descriptionContains(\"Definitely Not...
14:06:20.108515 POST /session/5b869f22-ef53-45fb-afd7-4dedb26e3026/element [6.754834ms] ERR:404 body={"strategy":"-android uiautomator","selector":"new UiSelector().textMatches(\"(?is).*\\QDefinitely N...
14:06:20.115790 POST /session/5b869f22-ef53-45fb-afd7-4dedb26e3026/element [7.2355ms] ERR:404 body={"strategy":"-android uiautomator","selector":"new UiSelector().descriptionMatches(\"(?is).*\\QDefin...
14:06:20.123991 POST /session/5b869f22-ef53-45fb-afd7-4dedb26e3026/element [8.146625ms] ERR:404 body={"strategy":"-android uiautomator","selector":"new UiSelector().textContains(\"Definitely Not Here\"...
14:06:20.133342 POST /session/5b869f22-ef53-45fb-afd7-4dedb26e3026/element [9.289458ms] ERR:404 body={"strategy":"-android uiautomator","selector":"new UiSelector().descriptionContains(\"Definitely Not...
14:06:20.141293 POST /session/5b869f22-ef53-45fb-afd7-4dedb26e3026/element [7.893959ms] ERR:404 body={"strategy":"-android uiautomator","selector":"new UiSelector().textMatches(\"(?is).*\\QDefinitely N...
14:06:20.148299 POST /session/5b869f22-ef53-45fb-afd7-4dedb26e3026/element [6.959292ms] ERR:404 body={"strategy":"-android uiautomator","selector":"new UiSelector().descriptionMatches(\"(?is).*\\QDefin...
14:06:20.155206 POST /session/5b869f22-ef53-45fb-afd7-4dedb26e3026/element [6.863458ms] ERR:404 body={"strategy":"-android uiautomator","selector":"new UiSelector().textContains(\"Definitely Not Here\"...
14:06:20.162684 POST /session/5b869f22-ef53-45fb-afd7-4dedb26e3026/element [7.434167ms] ERR:404 body={"strategy":"-android uiautomator","selector":"new UiSelector().descriptionContains(\"Definitely Not...
14:06:20.169140 POST /session/5b869f22-ef53-45fb-afd7-4dedb26e3026/element [6.415791ms] ERR:404 body={"strategy":"-android uiautomator","selector":"new UiSelector().textMatches(\"(?is).*\\QDefinitely N...
14:06:20.175038 POST /session/5b869f22-ef53-45fb-afd7-4dedb26e3026/element [5.864417ms] ERR:404 body={"strategy":"-android uiautomator","selector":"new UiSelector().descriptionMatches(\"(?is).*\\QDefin...
14:06:20.181945 POST /session/5b869f22-ef53-45fb-afd7-4dedb26e3026/element [6.87125ms] ERR:404 body={"strategy":"-android uiautomator","selector":"new UiSelector().textContains(\"Definitely Not Here\"...
14:06:20.189668 POST /session/5b869f22-ef53-45fb-afd7-4dedb26e3026/element [7.687667ms] ERR:404 body={"strategy":"-android uiautomator","selector":"new UiSelector().descriptionContains(\"Definitely Not...
14:06:20.197531 POST /session/5b869f22-ef53-45fb-afd7-4dedb26e3026/element [7.828792ms] ERR:404 body={"strategy":"-android uiautomator","selector":"new UiSelector().textMatches(\"(?is).*\\QDefinitely N...
14:06:20.202962 POST /session/5b869f22-ef53-45fb-afd7-4dedb26e3026/element [5.402417ms] ERR:404 body={"strategy":"-android uiautomator","selector":"new UiSelector().descriptionMatches(\"(?is).*\\QDefin...
14:06:20.208071 POST /session/5b869f22-ef53-45fb-afd7-4dedb26e3026/element [5.077792ms] ERR:404 body={"strategy":"-android uiautomator","selector":"new UiSelector().textContains(\"Definitely Not Here\"...
14:06:20.212807 POST /session/5b869f22-ef53-45fb-afd7-4dedb26e3026/element [4.702625ms] ERR:404 body={"strategy":"-android uiautomator","selector":"new UiSelector().descriptionContains(\"Definitely Not...
14:06:20.219509 POST /session/5b869f22-ef53-45fb-afd7-4dedb26e3026/element [6.677625ms] ERR:404 body={"strategy":"-android uiautomator","selector":"new UiSelector().textMatches(\"(?is).*\\QDefinitely N...
14:06:20.225788 POST /session/5b869f22-ef53-45fb-afd7-4dedb26e3026/element [6.249167ms] ERR:404 body={"strategy":"-android uiautomator","selector":"new UiSelector().descriptionMatches(\"(?is).*\\QDefin...
14:06:20.231632 POST /session/5b869f22-ef53-45fb-afd7-4dedb26e3026/element [5.810083ms] ERR:404 body={"strategy":"-android uiautomator","selector":"new UiSelector().textContains(\"Definitely Not Here\"...
14:06:20.237383 POST /session/5b869f22-ef53-45fb-afd7-4dedb26e3026/element [5.720459ms] ERR:404 body={"strategy":"-android uiautomator","selector":"new UiSelector().descriptionContains(\"Definitely Not...
14:06:20.241632 POST /session/5b869f22-ef53-45fb-afd7-4dedb26e3026/element [4.22225ms] ERR:404 body={"strategy":"-android uiautomator","selector":"new UiSelector().textMatches(\"(?is).*\\QDefinitely N...
14:06:20.246374 POST /session/5b869f22-ef53-45fb-afd7-4dedb26e3026/element [4.709834ms] ERR:404 body={"strategy":"-android uiautomator","selector":"new UiSelector().descriptionMatches(\"(?is).*\\QDefin...
14:06:20.252739 POST /session/5b869f22-ef53-45fb-afd7-4dedb26e3026/element [6.332792ms] ERR:404 body={"strategy":"-android uiautomator","selector":"new UiSelector().textContains(\"Definitely Not Here\"...
14:06:20.258424 POST /session/5b869f22-ef53-45fb-afd7-4dedb26e3026/element [5.655709ms] ERR:404 body={"strategy":"-android uiautomator","selector":"new UiSelector().descriptionContains(\"Definitely Not...
14:06:20.266262 POST /session/5b869f22-ef53-45fb-afd7-4dedb26e3026/element [7.809625ms] ERR:404 body={"strategy":"-android uiautomator","selector":"new UiSelector().textMatches(\"(?is).*\\QDefinitely N...
14:06:20.271293 POST /session/5b869f22-ef53-45fb-afd7-4dedb26e3026/element [5.00225ms] ERR:404 body={"strategy":"-android uiautomator","selector":"new UiSelector().descriptionMatches(\"(?is).*\\QDefin...
14:06:20.275029 POST /session/5b869f22-ef53-45fb-afd7-4dedb26e3026/element [3.553292ms] ERR:404 body={"strategy":"-android uiautomator","selector":"new UiSelector().textContains(\"Definitely Not Here\"...
14:06:20.282309 POST /session/5b869f22-ef53-45fb-afd7-4dedb26e3026/element [7.242959ms] ERR:404 body={"strategy":"-android uiautomator","selector":"new UiSelector().descriptionContains(\"Definitely Not...
14:06:20.287780 POST /session/5b869f22-ef53-45fb-afd7-4dedb26e3026/element [5.430875ms] ERR:404 body={"strategy":"-android uiautomator","selector":"new UiSelector().textMatches(\"(?is).*\\QDefinitely N...
14:06:20.296212 POST /session/5b869f22-ef53-45fb-afd7-4dedb26e3026/element [8.392625ms] ERR:404 body={"strategy":"-android uiautomator","selector":"new UiSelector().descriptionMatches(\"(?is).*\\QDefin...
14:06:20.302220 POST /session/5b869f22-ef53-45fb-afd7-4dedb26e3026/element [5.964584ms] ERR:404 body={"strategy":"-android uiautomator","selector":"new UiSelector().textContains(\"Definitely Not Here\"...
14:06:20.307278 POST /session/5b869f22-ef53-45fb-afd7-4dedb26e3026/element [5.026875ms] ERR:404 body={"strategy":"-android uiautomator","selector":"new UiSelector().descriptionContains(\"Definitely Not...
14:06:20.313568 POST /session/5b869f22-ef53-45fb-afd7-4dedb26e3026/element [6.260541ms] ERR:404 body={"strategy":"-android uiautomator","selector":"new UiSelector().textMatches(\"(?is).*\\QDefinitely N...
14:06:20.320180 POST /session/5b869f22-ef53-45fb-afd7-4dedb26e3026/element [6.564542ms] ERR:404 body={"strategy":"-android uiautomator","selector":"new UiSelector().descriptionMatches(\"(?is).*\\QDefin...
14:06:20.325020 POST /session/5b869f22-ef53-45fb-afd7-4dedb26e3026/element [4.809334ms] ERR:404 body={"strategy":"-android uiautomator","selector":"new UiSelector().textContains(\"Definitely Not Here\"...
14:06:20.333548 POST /session/5b869f22-ef53-45fb-afd7-4dedb26e3026/element [8.491208ms] ERR:404 body={"strategy":"-android uiautomator","selector":"new UiSelector().descriptionContains(\"Definitely Not...
14:06:20.338828 POST /session/5b869f22-ef53-45fb-afd7-4dedb26e3026/element [5.235333ms] ERR:404 body={"strategy":"-android uiautomator","selector":"new UiSelector().textMatches(\"(?is).*\\QDefinitely N...
14:06:20.345939 POST /session/5b869f22-ef53-45fb-afd7-4dedb26e3026/element [7.074084ms] ERR:404 body={"strategy":"-android uiautomator","selector":"new UiSelector().descriptionMatches(\"(?is).*\\QDefin...
14:06:20.354007 POST /session/5b869f22-ef53-45fb-afd7-4dedb26e3026/element [8.001042ms] ERR:404 body={"strategy":"-android uiautomator","selector":"new UiSelector().textContains(\"Definitely Not Here\"...
14:06:20.359101 POST /session/5b869f22-ef53-45fb-afd7-4dedb26e3026/element [5.048792ms] ERR:404 body={"strategy":"-android uiautomator","selector":"new UiSelector().descriptionContains(\"Definitely Not...
14:06:20.364788 POST /session/5b869f22-ef53-45fb-afd7-4dedb26e3026/element [5.642292ms] ERR:404 body={"strategy":"-android uiautomator","selector":"new UiSelector().textMatches(\"(?is).*\\QDefinitely N...
14:06:20.371266 POST /session/5b869f22-ef53-45fb-afd7-4dedb26e3026/element [6.441709ms] ERR:404 body={"strategy":"-android uiautomator","selector":"new UiSelector().descriptionMatches(\"(?is).*\\QDefin...
14:06:20.378259 POST /session/5b869f22-ef53-45fb-afd7-4dedb26e3026/element [6.960542ms] ERR:404 body={"strategy":"-android uiautomator","selector":"new UiSelector().textContains(\"Definitely Not Here\"...
14:06:20.386646 POST /session/5b869f22-ef53-45fb-afd7-4dedb26e3026/element [8.345666ms] ERR:404 body={"strategy":"-android uiautomator","selector":"new UiSelector().descriptionContains(\"Definitely Not...
14:06:20.391081 POST /session/5b869f22-ef53-45fb-afd7-4dedb26e3026/element [4.375083ms] ERR:404 body={"strategy":"-android uiautomator","selector":"new UiSelector().textMatches(\"(?is).*\\QDefinitely N...
14:06:20.397217 POST /session/5b869f22-ef53-45fb-afd7-4dedb26e3026/element [6.104375ms] ERR:404 body={"strategy":"-android uiautomator","selector":"new UiSelector().descriptionMatches(\"(?is).*\\QDefin...
14:06:20.405064 POST /session/5b869f22-ef53-45fb-afd7-4dedb26e3026/element [7.803958ms] ERR:404 body={"strategy":"-android uiautomator","selector":"new UiSelector().textContains(\"Definitely Not Here\"...
14:06:20.412239 POST /session/5b869f22-ef53-45fb-afd7-4dedb26e3026/element [7.132667ms] ERR:404 body={"strategy":"-android uiautomator","selector":"new UiSelector().descriptionContains(\"Definitely Not...
14:06:20.419906 POST /session/5b869f22-ef53-45fb-afd7-4dedb26e3026/element [7.630334ms] ERR:404 body={"strategy":"-android uiautomator","selector":"new UiSelector().textMatches(\"(?is).*\\QDefinitely N...
14:06:20.425118 POST /session/5b869f22-ef53-45fb-afd7-4dedb26e3026/element [5.168417ms] ERR:404 body={"strategy":"-android uiautomator","selector":"new UiSelector().descriptionMatches(\"(?is).*\\QDefin...
14:06:20.429056 POST /session/5b869f22-ef53-45fb-afd7-4dedb26e3026/element [3.906667ms] ERR:404 body={"strategy":"-android uiautomator","selector":"new UiSelector().textContains(\"Definitely Not Here\"...
14:06:20.435435 POST /session/5b869f22-ef53-45fb-afd7-4dedb26e3026/element [6.350708ms] ERR:404 body={"strategy":"-android uiautomator","selector":"new UiSelector().descriptionContains(\"Definitely Not...
14:06:20.441982 POST /session/5b869f22-ef53-45fb-afd7-4dedb26e3026/element [6.517375ms] ERR:404 body={"strategy":"-android uiautomator","selector":"new UiSelector().textMatches(\"(?is).*\\QDefinitely N...
14:06:20.448623 POST /session/5b869f22-ef53-45fb-afd7-4dedb26e3026/element [6.607917ms] ERR:404 body={"strategy":"-android uiautomator","selector":"new UiSelector().descriptionMatches(\"(?is).*\\QDefin...
14:06:20.453524 POST /session/5b869f22-ef53-45fb-afd7-4dedb26e3026/element [4.868042ms] ERR:404 body={"strategy":"-android uiautomator","selector":"new UiSelector().textContains(\"Definitely Not Here\"...
14:06:20.457373 POST /session/5b869f22-ef53-45fb-afd7-4dedb26e3026/element [3.822584ms] ERR:404 body={"strategy":"-android uiautomator","selector":"new UiSelector().descriptionContains(\"Definitely Not...
14:06:20.464992 POST /session/5b869f22-ef53-45fb-afd7-4dedb26e3026/element [7.58625ms] ERR:404 body={"strategy":"-android uiautomator","selector":"new UiSelector().textMatches(\"(?is).*\\QDefinitely N...
14:06:20.471753 POST /session/5b869f22-ef53-45fb-afd7-4dedb26e3026/element [6.715625ms] ERR:404 body={"strategy":"-android uiautomator","selector":"new UiSelector().descriptionMatches(\"(?is).*\\QDefin...
14:06:20.476067 POST /session/5b869f22-ef53-45fb-afd7-4dedb26e3026/element [4.277208ms] ERR:404 body={"strategy":"-android uiautomator","selector":"new UiSelector().textContains(\"Definitely Not Here\"...
14:06:20.482416 POST /session/5b869f22-ef53-45fb-afd7-4dedb26e3026/element [6.306417ms] ERR:404 body={"strategy":"-android uiautomator","selector":"new UiSelector().descriptionContains(\"Definitely Not...
14:06:20.489574 POST /session/5b869f22-ef53-45fb-afd7-4dedb26e3026/element [7.121709ms] ERR:404 body={"strategy":"-android uiautomator","selector":"new UiSelector().textMatches(\"(?is).*\\QDefinitely N...
14:06:20.496131 POST /session/5b869f22-ef53-45fb-afd7-4dedb26e3026/element [6.527875ms] ERR:404 body={"strategy":"-android uiautomator","selector":"new UiSelector().descriptionMatches(\"(?is).*\\QDefin...
14:06:20.503376 POST /session/5b869f22-ef53-45fb-afd7-4dedb26e3026/element [7.21525ms] ERR:404 body={"strategy":"-android uiautomator","selector":"new UiSelector().textContains(\"Definitely Not Here\"...
14:06:20.509361 POST /session/5b869f22-ef53-45fb-afd7-4dedb26e3026/element [5.950083ms] ERR:404 body={"strategy":"-android uiautomator","selector":"new UiSelector().descriptionContains(\"Definitely Not...
14:06:20.516671 POST /session/5b869f22-ef53-45fb-afd7-4dedb26e3026/element [7.281292ms] ERR:404 body={"strategy":"-android uiautomator","selector":"new UiSelector().textMatches(\"(?is).*\\QDefinitely N...
14:06:20.522518 POST /session/5b869f22-ef53-45fb-afd7-4dedb26e3026/element [5.820583ms] ERR:404 body={"strategy":"-android uiautomator","selector":"new UiSelector().descriptionMatches(\"(?is).*\\QDefin...
14:06:20.530218 POST /session/5b869f22-ef53-45fb-afd7-4dedb26e3026/element [7.669375ms] ERR:404 body={"strategy":"-android uiautomator","selector":"new UiSelector().textContains(\"Definitely Not Here\"...
14:06:20.535135 POST /session/5b869f22-ef53-45fb-afd7-4dedb26e3026/element [4.880125ms] ERR:404 body={"strategy":"-android uiautomator","selector":"new UiSelector().descriptionContains(\"Definitely Not...
14:06:20.541394 POST /session/5b869f22-ef53-45fb-afd7-4dedb26e3026/element [6.229542ms] ERR:404 body={"strategy":"-android uiautomator","selector":"new UiSelector().textMatches(\"(?is).*\\QDefinitely N...
14:06:20.546193 POST /session/5b869f22-ef53-45fb-afd7-4dedb26e3026/element [4.766375ms] ERR:404 body={"strategy":"-android uiautomator","selector":"new UiSelector().descriptionMatches(\"(?is).*\\QDefin...
14:06:20.554620 POST /session/5b869f22-ef53-45fb-afd7-4dedb26e3026/element [8.39325ms] ERR:404 body={"strategy":"-android uiautomator","selector":"new UiSelector().textContains(\"Definitely Not Here\"...
14:06:20.559547 POST /session/5b869f22-ef53-45fb-afd7-4dedb26e3026/element [4.890958ms] ERR:404 body={"strategy":"-android uiautomator","selector":"new UiSelector().descriptionContains(\"Definitely Not...
14:06:20.566796 POST /session/5b869f22-ef53-45fb-afd7-4dedb26e3026/element [7.201542ms] ERR:404 body={"strategy":"-android uiautomator","selector":"new UiSelector().textMatches(\"(?is).*\\QDefinitely N...
14:06:20.572599 POST /session/5b869f22-ef53-45fb-afd7-4dedb26e3026/element [5.769375ms] ERR:404 body={"strategy":"-android uiautomator","selector":"new UiSelector().descriptionMatches(\"(?is).*\\QDefin...
14:06:20.578582 POST /session/5b869f22-ef53-45fb-afd7-4dedb26e3026/element [5.953125ms] ERR:404 body={"strategy":"-android uiautomator","selector":"new UiSelector().textContains(\"Definitely Not Here\"...
14:06:20.584868 POST /session/5b869f22-ef53-45fb-afd7-4dedb26e3026/element [6.259208ms] ERR:404 body={"strategy":"-android uiautomator","selector":"new UiSelector().descriptionContains(\"Definitely Not...
14:06:20.588913 POST /session/5b869f22-ef53-45fb-afd7-4dedb26e3026/element [4.013084ms] ERR:404 body={"strategy":"-android uiautomator","selector":"new UiSelector().textMatches(\"(?is).*\\QDefinitely N...
14:06:20.593144 POST /session/5b869f22-ef53-45fb-afd7-4dedb26e3026/element [4.200083ms] ERR:404 body={"strategy":"-android uiautomator","selector":"new UiSelector().descriptionMatches(\"(?is).*\\QDefin...
14:06:20.599848 POST /session/5b869f22-ef53-45fb-afd7-4dedb26e3026/element [6.673ms] ERR:404 body={"strategy":"-android uiautomator","selector":"new UiSelector().textContains(\"Definitely Not Here\"...
14:06:20.604613 POST /session/5b869f22-ef53-45fb-afd7-4dedb26e3026/element [4.728917ms] ERR:404 body={"strategy":"-android uiautomator","selector":"new UiSelector().descriptionContains(\"Definitely Not...
14:06:20.612321 POST /session/5b869f22-ef53-45fb-afd7-4dedb26e3026/element [7.674958ms] ERR:404 body={"strategy":"-android uiautomator","selector":"new UiSelector().textMatches(\"(?is).*\\QDefinitely N...
14:06:20.616442 POST /session/5b869f22-ef53-45fb-afd7-4dedb26e3026/element [4.095042ms] ERR:404 body={"strategy":"-android uiautomator","selector":"new UiSelector().descriptionMatches(\"(?is).*\\QDefin...
14:06:20.621091 POST /session/5b869f22-ef53-45fb-afd7-4dedb26e3026/element [4.61325ms] ERR:404 body={"strategy":"-android uiautomator","selector":"new UiSelector().textContains(\"Definitely Not Here\"...
14:06:20.629076 POST /session/5b869f22-ef53-45fb-afd7-4dedb26e3026/element [7.9565ms] ERR:404 body={"strategy":"-android uiautomator","selector":"new UiSelector().descriptionContains(\"Definitely Not...
14:06:20.635402 POST /session/5b869f22-ef53-45fb-afd7-4dedb26e3026/element [6.296458ms] ERR:404 body={"strategy":"-android uiautomator","selector":"new UiSelector().textMatches(\"(?is).*\\QDefinitely N...
14:06:20.642960 POST /session/5b869f22-ef53-45fb-afd7-4dedb26e3026/element [7.528375ms] ERR:404 body={"strategy":"-android uiautomator","selector":"new UiSelector().descriptionMatches(\"(?is).*\\QDefin...
14:06:20.649286 POST /session/5b869f22-ef53-45fb-afd7-4dedb26e3026/element [6.281375ms] ERR:404 body={"strategy":"-android uiautomator","selector":"new UiSelector().textContains(\"Definitely Not Here\"...
14:06:20.653137 POST /session/5b869f22-ef53-45fb-afd7-4dedb26e3026/element [3.815708ms] ERR:404 body={"strategy":"-android uiautomator","selector":"new UiSelector().descriptionContains(\"Definitely Not...
14:06:20.658190 POST /session/5b869f22-ef53-45fb-afd7-4dedb26e3026/element [5.020916ms] ERR:404 body={"strategy":"-android uiautomator","selector":"new UiSelector().textMatches(\"(?is).*\\QDefinitely N...
14:06:20.665081 POST /session/5b869f22-ef53-45fb-afd7-4dedb26e3026/element [6.863ms] ERR:404 body={"strategy":"-android uiautomator","selector":"new UiSelector().descriptionMatches(\"(?is).*\\QDefin...
14:06:20.669368 POST /session/5b869f22-ef53-45fb-afd7-4dedb26e3026/element [4.252833ms] ERR:404 body={"strategy":"-android uiautomator","selector":"new UiSelector().textContains(\"Definitely Not Here\"...
14:06:20.675252 POST /session/5b869f22-ef53-45fb-afd7-4dedb26e3026/element [5.852458ms] ERR:404 body={"strategy":"-android uiautomator","selector":"new UiSelector().descriptionContains(\"Definitely Not...
14:06:20.684563 POST /session/5b869f22-ef53-45fb-afd7-4dedb26e3026/element [9.274375ms] ERR:404 body={"strategy":"-android uiautomator","selector":"new UiSelector().textMatches(\"(?is).*\\QDefinitely N...
14:06:20.689001 POST /session/5b869f22-ef53-45fb-afd7-4dedb26e3026/element [4.382542ms] ERR:404 body={"strategy":"-android uiautomator","selector":"new UiSelector().descriptionMatches(\"(?is).*\\QDefin...
14:06:20.696083 POST /session/5b869f22-ef53-45fb-afd7-4dedb26e3026/element [7.047542ms] ERR:404 body={"strategy":"-android uiautomator","selector":"new UiSelector().textContains(\"Definitely Not Here\"...
14:06:20.703798 POST /session/5b869f22-ef53-45fb-afd7-4dedb26e3026/element [7.684833ms] ERR:404 body={"strategy":"-android uiautomator","selector":"new UiSelector().descriptionContains(\"Definitely Not...
14:06:20.708169 POST /session/5b869f22-ef53-45fb-afd7-4dedb26e3026/element [4.341333ms] ERR:404 body={"strategy":"-android uiautomator","selector":"new UiSelector().textMatches(\"(?is).*\\QDefinitely N...
14:06:20.715947 POST /session/5b869f22-ef53-45fb-afd7-4dedb26e3026/element [7.745541ms] ERR:404 body={"strategy":"-android uiautomator","selector":"new UiSelector().descriptionMatches(\"(?is).*\\QDefin...
14:06:20.723309 POST /session/5b869f22-ef53-45fb-afd7-4dedb26e3026/element [7.319583ms] ERR:404 body={"strategy":"-android uiautomator","selector":"new UiSelector().textContains(\"Definitely Not Here\"...
14:06:20.727448 POST /session/5b869f22-ef53-45fb-afd7-4dedb26e3026/element [4.105584ms] ERR:404 body={"strategy":"-android uiautomator","selector":"new UiSelector().descriptionContains(\"Definitely Not...
14:06:20.733568 POST /session/5b869f22-ef53-45fb-afd7-4dedb26e3026/element [6.080042ms] ERR:404 body={"strategy":"-android uiautomator","selector":"new UiSelector().textMatches(\"(?is).*\\QDefinitely N...
14:06:20.739803 POST /session/5b869f22-ef53-45fb-afd7-4dedb26e3026/element [6.197458ms] ERR:404 body={"strategy":"-android uiautomator","selector":"new UiSelector().descriptionMatches(\"(?is).*\\QDefin...
14:06:20.747586 POST /session/5b869f22-ef53-45fb-afd7-4dedb26e3026/element [7.750292ms] ERR:404 body={"strategy":"-android uiautomator","selector":"new UiSelector().textContains(\"Definitely Not Here\"...
14:06:20.754783 POST /session/5b869f22-ef53-45fb-afd7-4dedb26e3026/element [7.160916ms] ERR:404 body={"strategy":"-android uiautomator","selector":"new UiSelector().descriptionContains(\"Definitely Not...
14:06:20.761247 POST /session/5b869f22-ef53-45fb-afd7-4dedb26e3026/element [6.426375ms] ERR:404 body={"strategy":"-android uiautomator","selector":"new UiSelector().textMatches(\"(?is).*\\QDefinitely N...
14:06:20.767459 POST /session/5b869f22-ef53-45fb-afd7-4dedb26e3026/element [6.183292ms] ERR:404 body={"strategy":"-android uiautomator","selector":"new UiSelector().descriptionMatches(\"(?is).*\\QDefin...
14:06:20.774290 POST /session/5b869f22-ef53-45fb-afd7-4dedb26e3026/element [6.796708ms] ERR:404 body={"strategy":"-android uiautomator","selector":"new UiSelector().textContains(\"Definitely Not Here\"...
14:06:20.783823 POST /session/5b869f22-ef53-45fb-afd7-4dedb26e3026/element [9.49075ms] ERR:404 body={"strategy":"-android uiautomator","selector":"new UiSelector().descriptionContains(\"Definitely Not...
14:06:20.791830 POST /session/5b869f22-ef53-45fb-afd7-4dedb26e3026/element [7.957667ms] ERR:404 body={"strategy":"-android uiautomator","selector":"new UiSelector().textMatches(\"(?is).*\\QDefinitely N...
14:06:20.797773 POST /session/5b869f22-ef53-45fb-afd7-4dedb26e3026/element [5.910042ms] ERR:404 body={"strategy":"-android uiautomator","selector":"new UiSelector().descriptionMatches(\"(?is).*\\QDefin...
14:06:20.802257 POST /session/5b869f22-ef53-45fb-afd7-4dedb26e3026/element [4.453833ms] ERR:404 body={"strategy":"-android uiautomator","selector":"new UiSelector().textContains(\"Definitely Not Here\"...
14:06:20.808786 POST /session/5b869f22-ef53-45fb-afd7-4dedb26e3026/element [6.497833ms] ERR:404 body={"strategy":"-android uiautomator","selector":"new UiSelector().descriptionContains(\"Definitely Not...
14:06:20.814508 POST /session/5b869f22-ef53-45fb-afd7-4dedb26e3026/element [5.68575ms] ERR:404 body={"strategy":"-android uiautomator","selector":"new UiSelector().textMatches(\"(?is).*\\QDefinitely N...
14:06:20.819737 POST /session/5b869f22-ef53-45fb-afd7-4dedb26e3026/element [5.064291ms] ERR:404 body={"strategy":"-android uiautomator","selector":"new UiSelector().descriptionMatches(\"(?is).*\\QDefin...
14:06:20.827146 POST /session/5b869f22-ef53-45fb-afd7-4dedb26e3026/element [7.370916ms] ERR:404 body={"strategy":"-android uiautomator","selector":"new UiSelector().textContains(\"Definitely Not Here\"...
14:06:20.834236 POST /session/5b869f22-ef53-45fb-afd7-4dedb26e3026/element [7.044709ms] ERR:404 body={"strategy":"-android uiautomator","selector":"new UiSelector().descriptionContains(\"Definitely Not...
14:06:20.839125 POST /session/5b869f22-ef53-45fb-afd7-4dedb26e3026/element [4.854417ms] ERR:404 body={"strategy":"-android uiautomator","selector":"new UiSelector().textMatches(\"(?is).*\\QDefinitely N...
14:06:20.843683 POST /session/5b869f22-ef53-45fb-afd7-4dedb26e3026/element [4.5235ms] ERR:404 body={"strategy":"-android uiautomator","selector":"new UiSelector().descriptionMatches(\"(?is).*\\QDefin...
14:06:20.851028 POST /session/5b869f22-ef53-45fb-afd7-4dedb26e3026/element [7.315542ms] ERR:404 body={"strategy":"-android uiautomator","selector":"new UiSelector().textContains(\"Definitely Not Here\"...
14:06:20.858410 POST /session/5b869f22-ef53-45fb-afd7-4dedb26e3026/element [7.338625ms] ERR:404 body={"strategy":"-android uiautomator","selector":"new UiSelector().descriptionContains(\"Definitely Not...
14:06:20.866305 POST /session/5b869f22-ef53-45fb-afd7-4dedb26e3026/element [7.856584ms] ERR:404 body={"strategy":"-android uiautomator","selector":"new UiSelector().textMatches(\"(?is).*\\QDefinitely N...
14:06:20.872637 POST /session/5b869f22-ef53-45fb-afd7-4dedb26e3026/element [6.299917ms] ERR:404 body={"strategy":"-android uiautomator","selector":"new UiSelector().descriptionMatches(\"(?is).*\\QDefin...
14:06:20.876710 POST /session/5b869f22-ef53-45fb-afd7-4dedb26e3026/element [4.033416ms] ERR:404 body={"strategy":"-android uiautomator","selector":"new UiSelector().textContains(\"Definitely Not Here\"...
14:06:20.881529 POST /session/5b869f22-ef53-45fb-afd7-4dedb26e3026/element [4.789542ms] ERR:404 body={"strategy":"-android uiautomator","selector":"new UiSelector().descriptionContains(\"Definitely Not...
14:06:20.888925 POST /session/5b869f22-ef53-45fb-afd7-4dedb26e3026/element [7.36875ms] ERR:404 body={"strategy":"-android uiautomator","selector":"new UiSelector().textMatches(\"(?is).*\\QDefinitely N...
14:06:20.896315 POST /session/5b869f22-ef53-45fb-afd7-4dedb26e3026/element [7.354417ms] ERR:404 body={"strategy":"-android uiautomator","selector":"new UiSelector().descriptionMatches(\"(?is).*\\QDefin...
14:06:20.901617 POST /session/5b869f22-ef53-45fb-afd7-4dedb26e3026/element [5.270292ms] ERR:404 body={"strategy":"-android uiautomator","selector":"new UiSelector().textContains(\"Definitely Not Here\"...
14:06:20.908884 POST /session/5b869f22-ef53-45fb-afd7-4dedb26e3026/element [7.231333ms] ERR:404 body={"strategy":"-android uiautomator","selector":"new UiSelector().descriptionContains(\"Definitely Not...
14:06:20.913176 POST /session/5b869f22-ef53-45fb-afd7-4dedb26e3026/element [4.255042ms] ERR:404 body={"strategy":"-android uiautomator","selector":"new UiSelector().textMatches(\"(?is).*\\QDefinitely N...
14:06:20.919602 POST /session/5b869f22-ef53-45fb-afd7-4dedb26e3026/element [6.389166ms] ERR:404 body={"strategy":"-android uiautomator","selector":"new UiSelector().descriptionMatches(\"(?is).*\\QDefin...
14:06:20.924194 POST /session/5b869f22-ef53-45fb-afd7-4dedb26e3026/element [4.549333ms] ERR:404 body={"strategy":"-android uiautomator","selector":"new UiSelector().textContains(\"Definitely Not Here\"...
14:06:20.930787 POST /session/5b869f22-ef53-45fb-afd7-4dedb26e3026/element [6.537958ms] ERR:404 body={"strategy":"-android uiautomator","selector":"new UiSelector().descriptionContains(\"Definitely Not...
14:06:20.937443 POST /session/5b869f22-ef53-45fb-afd7-4dedb26e3026/element [6.598ms] ERR:404 body={"strategy":"-android uiautomator","selector":"new UiSelector().textMatches(\"(?is).*\\QDefinitely N...
14:06:20.944128 POST /session/5b869f22-ef53-45fb-afd7-4dedb26e3026/element [6.640375ms] ERR:404 body={"strategy":"-android uiautomator","selector":"new UiSelector().descriptionMatches(\"(?is).*\\QDefin...
14:06:20.951202 POST /session/5b869f22-ef53-45fb-afd7-4dedb26e3026/element [7.028875ms] ERR:404 body={"strategy":"-android uiautomator","selector":"new UiSelector().textContains(\"Definitely Not Here\"...
14:06:20.958570 POST /session/5b869f22-ef53-45fb-afd7-4dedb26e3026/element [7.324459ms] ERR:404 body={"strategy":"-android uiautomator","selector":"new UiSelector().descriptionContains(\"Definitely Not...
14:06:20.965232 POST /session/5b869f22-ef53-45fb-afd7-4dedb26e3026/element [6.630959ms] ERR:404 body={"strategy":"-android uiautomator","selector":"new UiSelector().textMatches(\"(?is).*\\QDefinitely N...
14:06:20.970822 POST /session/5b869f22-ef53-45fb-afd7-4dedb26e3026/element [5.554542ms] ERR:404 body={"strategy":"-android uiautomator","selector":"new UiSelector().descriptionMatches(\"(?is).*\\QDefin...
14:06:20.975475 POST /session/5b869f22-ef53-45fb-afd7-4dedb26e3026/element [4.622125ms] ERR:404 body={"strategy":"-android uiautomator","selector":"new UiSelector().textContains(\"Definitely Not Here\"...
14:06:20.983338 POST /session/5b869f22-ef53-45fb-afd7-4dedb26e3026/element [7.818083ms] ERR:404 body={"strategy":"-android uiautomator","selector":"new UiSelector().descriptionContains(\"Definitely Not...
14:06:20.987510 POST /session/5b869f22-ef53-45fb-afd7-4dedb26e3026/element [4.1315ms] ERR:404 body={"strategy":"-android uiautomator","selector":"new UiSelector().textMatches(\"(?is).*\\QDefinitely N...
14:06:20.992101 POST /session/5b869f22-ef53-45fb-afd7-4dedb26e3026/element [4.55775ms] ERR:404 body={"strategy":"-android uiautomator","selector":"new UiSelector().descriptionMatches(\"(?is).*\\QDefin...
14:06:20.999329 POST /session/5b869f22-ef53-45fb-afd7-4dedb26e3026/element [7.197708ms] ERR:404 body={"strategy":"-android uiautomator","selector":"new UiSelector().textContains(\"Definitely Not Here\"...
14:06:21.003874 POST /session/5b869f22-ef53-45fb-afd7-4dedb26e3026/element [4.514709ms] ERR:404 body={"strategy":"-android uiautomator","selector":"new UiSelector().descriptionContains(\"Definitely Not...
14:06:21.011016 POST /session/5b869f22-ef53-45fb-afd7-4dedb26e3026/element [7.108292ms] ERR:404 body={"strategy":"-android uiautomator","selector":"new UiSelector().textMatches(\"(?is).*\\QDefinitely N...
14:06:21.017886 POST /session/5b869f22-ef53-45fb-afd7-4dedb26e3026/element [6.836709ms] ERR:404 body={"strategy":"-android uiautomator","selector":"new UiSelector().descriptionMatches(\"(?is).*\\QDefin...
14:06:21.031190 POST /session/5b869f22-ef53-45fb-afd7-4dedb26e3026/element [13.271ms] ERR:404 body={"strategy":"-android uiautomator","selector":"new UiSelector().textContains(\"Definitely Not Here\"...
14:06:21.038713 POST /session/5b869f22-ef53-45fb-afd7-4dedb26e3026/element [7.484917ms] ERR:404 body={"strategy":"-android uiautomator","selector":"new UiSelector().descriptionContains(\"Definitely Not...
14:06:21.045401 POST /session/5b869f22-ef53-45fb-afd7-4dedb26e3026/element [6.655583ms] ERR:404 body={"strategy":"-android uiautomator","selector":"new UiSelector().textMatches(\"(?is).*\\QDefinitely N...
14:06:21.052989 POST /session/5b869f22-ef53-45fb-afd7-4dedb26e3026/element [7.554041ms] ERR:404 body={"strategy":"-android uiautomator","selector":"new UiSelector().descriptionMatches(\"(?is).*\\QDefin...
14:06:21.059562 POST /session/5b869f22-ef53-45fb-afd7-4dedb26e3026/element [6.536208ms] ERR:404 body={"strategy":"-android uiautomator","selector":"new UiSelector().textContains(\"Definitely Not Here\"...
14:06:21.067041 POST /session/5b869f22-ef53-45fb-afd7-4dedb26e3026/element [7.446833ms] ERR:404 body={"strategy":"-android uiautomator","selector":"new UiSelector().descriptionContains(\"Definitely Not...
14:06:21.074759 POST /session/5b869f22-ef53-45fb-afd7-4dedb26e3026/element [7.684666ms] ERR:404 body={"strategy":"-android uiautomator","selector":"new UiSelector().textMatches(\"(?is).*\\QDefinitely N...
14:06:21.079813 POST /session/5b869f22-ef53-45fb-afd7-4dedb26e3026/element [5.024584ms] ERR:404 body={"strategy":"-android uiautomator","selector":"new UiSelector().descriptionMatches(\"(?is).*\\QDefin...
14:06:21.086126 POST /session/5b869f22-ef53-45fb-afd7-4dedb26e3026/element [6.281833ms] ERR:404 body={"strategy":"-android uiautomator","selector":"new UiSelector().textContains(\"Definitely Not Here\"...
14:06:21.089878 POST /session/5b869f22-ef53-45fb-afd7-4dedb26e3026/element [3.72125ms] ERR:404 body={"strategy":"-android uiautomator","selector":"new UiSelector().descriptionContains(\"Definitely Not...
14:06:21.096709 POST /session/5b869f22-ef53-45fb-afd7-4dedb26e3026/element [6.799958ms] ERR:404 body={"strategy":"-android uiautomator","selector":"new UiSelector().textMatches(\"(?is).*\\QDefinitely N...
14:06:21.103371 POST /session/5b869f22-ef53-45fb-afd7-4dedb26e3026/element [6.636334ms] ERR:404 body={"strategy":"-android uiautomator","selector":"new UiSelector().descriptionMatches(\"(?is).*\\QDefin...
14:06:21.110827 POST /session/5b869f22-ef53-45fb-afd7-4dedb26e3026/element [7.418209ms] ERR:404 body={"strategy":"-android uiautomator","selector":"new UiSelector().textContains(\"Definitely Not Here\"...
14:06:21.117215 POST /session/5b869f22-ef53-45fb-afd7-4dedb26e3026/element [6.354292ms] ERR:404 body={"strategy":"-android uiautomator","selector":"new UiSelector().descriptionContains(\"Definitely Not...
14:06:21.123853 POST /session/5b869f22-ef53-45fb-afd7-4dedb26e3026/element [6.605875ms] ERR:404 body={"strategy":"-android uiautomator","selector":"new UiSelector().textMatches(\"(?is).*\\QDefinitely N...
14:06:21.127567 POST /session/5b869f22-ef53-45fb-afd7-4dedb26e3026/element [3.676833ms] ERR:404 body={"strategy":"-android uiautomator","selector":"new UiSelector().descriptionMatches(\"(?is).*\\QDefin...
14:06:21.134194 POST /session/5b869f22-ef53-45fb-afd7-4dedb26e3026/element [6.597042ms] ERR:404 body={"strategy":"-android uiautomator","selector":"new UiSelector().textContains(\"Definitely Not Here\"...
14:06:21.140944 POST /session/5b869f22-ef53-45fb-afd7-4dedb26e3026/element [6.712125ms] ERR:404 body={"strategy":"-android uiautomator","selector":"new UiSelector().descriptionContains(\"Definitely Not...
14:06:21.149491 POST /session/5b869f22-ef53-45fb-afd7-4dedb26e3026/element [8.513ms] ERR:404 body={"strategy":"-android uiautomator","selector":"new UiSelector().textMatches(\"(?is).*\\QDefinitely N...
14:06:21.155796 POST /session/5b869f22-ef53-45fb-afd7-4dedb26e3026/element [6.261834ms] ERR:404 body={"strategy":"-android uiautomator","selector":"new UiSelector().descriptionMatches(\"(?is).*\\QDefin...
14:06:21.163236 POST /session/5b869f22-ef53-45fb-afd7-4dedb26e3026/element [7.404458ms] ERR:404 body={"strategy":"-android uiautomator","selector":"new UiSelector().textContains(\"Definitely Not Here\"...
14:06:21.170388 POST /session/5b869f22-ef53-45fb-afd7-4dedb26e3026/element [7.110667ms] ERR:404 body={"strategy":"-android uiautomator","selector":"new UiSelector().descriptionContains(\"Definitely Not...
14:06:21.174820 POST /session/5b869f22-ef53-45fb-afd7-4dedb26e3026/element [4.388625ms] ERR:404 body={"strategy":"-android uiautomator","selector":"new UiSelector().textMatches(\"(?is).*\\QDefinitely N...
14:06:21.179643 POST /session/5b869f22-ef53-45fb-afd7-4dedb26e3026/element [4.787375ms] ERR:404 body={"strategy":"-android uiautomator","selector":"new UiSelector().descriptionMatches(\"(?is).*\\QDefin...
14:06:21.186978 POST /session/5b869f22-ef53-45fb-afd7-4dedb26e3026/element [7.293958ms] ERR:404 body={"strategy":"-android uiautomator","selector":"new UiSelector().textContains(\"Definitely Not Here\"...
14:06:21.191450 POST /session/5b869f22-ef53-45fb-afd7-4dedb26e3026/element [4.425917ms] ERR:404 body={"strategy":"-android uiautomator","selector":"new UiSelector().descriptionContains(\"Definitely Not...
14:06:21.199161 POST /session/5b869f22-ef53-45fb-afd7-4dedb26e3026/element [7.658959ms] ERR:404 body={"strategy":"-android uiautomator","selector":"new UiSelector().textMatches(\"(?is).*\\QDefinitely N...
14:06:21.204130 POST /session/5b869f22-ef53-45fb-afd7-4dedb26e3026/element [4.924583ms] ERR:404 body={"strategy":"-android uiautomator","selector":"new UiSelector().descriptionMatches(\"(?is).*\\QDefin...
14:06:21.209324 POST /session/5b869f22-ef53-45fb-afd7-4dedb26e3026/element [5.157833ms] ERR:404 body={"strategy":"-android uiautomator","selector":"new UiSelector().textContains(\"Definitely Not Here\"...
14:06:21.217086 POST /session/5b869f22-ef53-45fb-afd7-4dedb26e3026/element [7.72325ms] ERR:404 body={"strategy":"-android uiautomator","selector":"new UiSelector().descriptionContains(\"Definitely Not...
14:06:21.221078 POST /session/5b869f22-ef53-45fb-afd7-4dedb26e3026/element [3.945625ms] ERR:404 body={"strategy":"-android uiautomator","selector":"new UiSelector().textMatches(\"(?is).*\\QDefinitely N...
14:06:21.227620 POST /session/5b869f22-ef53-45fb-afd7-4dedb26e3026/element [6.509125ms] ERR:404 body={"strategy":"-android uiautomator","selector":"new UiSelector().descriptionMatches(\"(?is).*\\QDefin...
14:06:21.235369 POST /session/5b869f22-ef53-45fb-afd7-4dedb26e3026/element [7.709083ms] ERR:404 body={"strategy":"-android uiautomator","selector":"new UiSelector().textContains(\"Definitely Not Here\"...
14:06:21.239844 POST /session/5b869f22-ef53-45fb-afd7-4dedb26e3026/element [4.438709ms] ERR:404 body={"strategy":"-android uiautomator","selector":"new UiSelector().descriptionContains(\"Definitely Not...
14:06:21.243876 POST /session/5b869f22-ef53-45fb-afd7-4dedb26e3026/element [3.999875ms] ERR:404 body={"strategy":"-android uiautomator","selector":"new UiSelector().textMatches(\"(?is).*\\QDefinitely N...
14:06:21.248342 POST /session/5b869f22-ef53-45fb-afd7-4dedb26e3026/element [4.435125ms] ERR:404 body={"strategy":"-android uiautomator","selector":"new UiSelector().descriptionMatches(\"(?is).*\\QDefin...
14:06:21.256706 POST /session/5b869f22-ef53-45fb-afd7-4dedb26e3026/element [8.330041ms] ERR:404 body={"strategy":"-android uiautomator","selector":"new UiSelector().textContains(\"Definitely Not Here\"...
14:06:21.264193 POST /session/5b869f22-ef53-45fb-afd7-4dedb26e3026/element [7.439208ms] ERR:404 body={"strategy":"-android uiautomator","selector":"new UiSelector().descriptionContains(\"Definitely Not...
14:06:21.273529 POST /session/5b869f22-ef53-45fb-afd7-4dedb26e3026/element [9.272458ms] ERR:404 body={"strategy":"-android uiautomator","selector":"new UiSelector().textMatches(\"(?is).*\\QDefinitely N...
14:06:21.278005 POST /session/5b869f22-ef53-45fb-afd7-4dedb26e3026/element [4.429125ms] ERR:404 body={"strategy":"-android uiautomator","selector":"new UiSelector().descriptionMatches(\"(?is).*\\QDefin...
14:06:21.288821 POST /session/5b869f22-ef53-45fb-afd7-4dedb26e3026/element [10.759042ms] ERR:404 body={"strategy":"-android uiautomator","selector":"new UiSelector().textContains(\"Definitely Not Here\"...
14:06:21.294170 POST /session/5b869f22-ef53-45fb-afd7-4dedb26e3026/element [5.301875ms] ERR:404 body={"strategy":"-android uiautomator","selector":"new UiSelector().descriptionContains(\"Definitely Not...
14:06:21.302501 POST /session/5b869f22-ef53-45fb-afd7-4dedb26e3026/element [8.283167ms] ERR:404 body={"strategy":"-android uiautomator","selector":"new UiSelector().textMatches(\"(?is).*\\QDefinitely N...
14:06:21.310274 POST /session/5b869f22-ef53-45fb-afd7-4dedb26e3026/element [7.732916ms] ERR:404 body={"strategy":"-android uiautomator","selector":"new UiSelector().descriptionMatches(\"(?is).*\\QDefin...
14:06:21.314807 POST /session/5b869f22-ef53-45fb-afd7-4dedb26e3026/element [4.493084ms] ERR:404 body={"strategy":"-android uiautomator","selector":"new UiSelector().textContains(\"Definitely Not Here\"...
14:06:21.320636 POST /session/5b869f22-ef53-45fb-afd7-4dedb26e3026/element [5.782917ms] ERR:404 body={"strategy":"-android uiautomator","selector":"new UiSelector().descriptionContains(\"Definitely Not...
14:06:21.329554 POST /session/5b869f22-ef53-45fb-afd7-4dedb26e3026/element [8.878292ms] ERR:404 body={"strategy":"-android uiautomator","selector":"new UiSelector().textMatches(\"(?is).*\\QDefinitely N...
14:06:21.335827 POST /session/5b869f22-ef53-45fb-afd7-4dedb26e3026/element [6.224625ms] ERR:404 body={"strategy":"-android uiautomator","selector":"new UiSelector().descriptionMatches(\"(?is).*\\QDefin...
14:06:21.343291 POST /session/5b869f22-ef53-45fb-afd7-4dedb26e3026/element [7.418167ms] ERR:404 body={"strategy":"-android uiautomator","selector":"new UiSelector().textContains(\"Definitely Not Here\"...
14:06:21.352558 POST /session/5b869f22-ef53-45fb-afd7-4dedb26e3026/element [9.215167ms] ERR:404 body={"strategy":"-android uiautomator","selector":"new UiSelector().descriptionContains(\"Definitely Not...
14:06:21.359917 POST /session/5b869f22-ef53-45fb-afd7-4dedb26e3026/element [7.309167ms] ERR:404 body={"strategy":"-android uiautomator","selector":"new UiSelector().textMatches(\"(?is).*\\QDefinitely N...
14:06:21.368166 POST /session/5b869f22-ef53-45fb-afd7-4dedb26e3026/element [8.184375ms] ERR:404 body={"strategy":"-android uiautomator","selector":"new UiSelector().descriptionMatches(\"(?is).*\\QDefin...
14:06:21.375633 POST /session/5b869f22-ef53-45fb-afd7-4dedb26e3026/element [7.41175ms] ERR:404 body={"strategy":"-android uiautomator","selector":"new UiSelector().textContains(\"Definitely Not Here\"...
14:06:21.383481 POST /session/5b869f22-ef53-45fb-afd7-4dedb26e3026/element [7.779166ms] ERR:404 body={"strategy":"-android uiautomator","selector":"new UiSelector().descriptionContains(\"Definitely Not...
14:06:21.392693 POST /session/5b869f22-ef53-45fb-afd7-4dedb26e3026/element [9.160375ms] ERR:404 body={"strategy":"-android uiautomator","selector":"new UiSelector().textMatches(\"(?is).*\\QDefinitely N...
14:06:21.400516 POST /session/5b869f22-ef53-45fb-afd7-4dedb26e3026/element [7.780625ms] ERR:404 body={"strategy":"-android uiautomator","selector":"new UiSelector().descriptionMatches(\"(?is).*\\QDefin...
14:06:21.406830 POST /session/5b869f22-ef53-45fb-afd7-4dedb26e3026/element [6.267ms] ERR:404 body={"strategy":"-android uiautomator","selector":"new UiSelector().textContains(\"Definitely Not Here\"...
14:06:21.411107 POST /session/5b869f22-ef53-45fb-afd7-4dedb26e3026/element [4.239833ms] ERR:404 body={"strategy":"-android uiautomator","selector":"new UiSelector().descriptionContains(\"Definitely Not...
14:06:21.415794 POST /session/5b869f22-ef53-45fb-afd7-4dedb26e3026/element [4.645333ms] ERR:404 body={"strategy":"-android uiautomator","selector":"new UiSelector().textMatches(\"(?is).*\\QDefinitely N...
14:06:21.424430 POST /session/5b869f22-ef53-45fb-afd7-4dedb26e3026/element [8.594ms] ERR:404 body={"strategy":"-android uiautomator","selector":"new UiSelector().descriptionMatches(\"(?is).*\\QDefin...
14:06:21.430293 POST /session/5b869f22-ef53-45fb-afd7-4dedb26e3026/element [5.825416ms] ERR:404 body={"strategy":"-android uiautomator","selector":"new UiSelector().textContains(\"Definitely Not Here\"...
14:06:21.435934 POST /session/5b869f22-ef53-45fb-afd7-4dedb26e3026/element [5.605792ms] ERR:404 body={"strategy":"-android uiautomator","selector":"new UiSelector().descriptionContains(\"Definitely Not...
14:06:21.442475 POST /session/5b869f22-ef53-45fb-afd7-4dedb26e3026/element [6.487708ms] ERR:404 body={"strategy":"-android uiautomator","selector":"new UiSelector().textMatches(\"(?is).*\\QDefinitely N...
14:06:21.449778 POST /session/5b869f22-ef53-45fb-afd7-4dedb26e3026/element [7.268416ms] ERR:404 body={"strategy":"-android uiautomator","selector":"new UiSelector().descriptionMatches(\"(?is).*\\QDefin...
14:06:21.457162 POST /session/5b869f22-ef53-45fb-afd7-4dedb26e3026/element [7.344084ms] ERR:404 body={"strategy":"-android uiautomator","selector":"new UiSelector().textContains(\"Definitely Not Here\"...
14:06:21.462199 POST /session/5b869f22-ef53-45fb-afd7-4dedb26e3026/element [4.997083ms] ERR:404 body={"strategy":"-android uiautomator","selector":"new UiSelector().descriptionContains(\"Definitely Not...
14:06:21.470597 POST /session/5b869f22-ef53-45fb-afd7-4dedb26e3026/element [8.361083ms] ERR:404 body={"strategy":"-android uiautomator","selector":"new UiSelector().textMatches(\"(?is).*\\QDefinitely N...
14:06:21.476757 POST /session/5b869f22-ef53-45fb-afd7-4dedb26e3026/element [6.122833ms] ERR:404 body={"strategy":"-android uiautomator","selector":"new UiSelector().descriptionMatches(\"(?is).*\\QDefin...
14:06:21.483596 POST /session/5b869f22-ef53-45fb-afd7-4dedb26e3026/element [6.805458ms] ERR:404 body={"strategy":"-android uiautomator","selector":"new UiSelector().textContains(\"Definitely Not Here\"...
14:06:21.490339 POST /session/5b869f22-ef53-45fb-afd7-4dedb26e3026/element [6.711417ms] ERR:404 body={"strategy":"-android uiautomator","selector":"new UiSelector().descriptionContains(\"Definitely Not...
14:06:21.497112 POST /session/5b869f22-ef53-45fb-afd7-4dedb26e3026/element [6.730375ms] ERR:404 body={"strategy":"-android uiautomator","selector":"new UiSelector().textMatches(\"(?is).*\\QDefinitely N...
14:06:21.503670 POST /session/5b869f22-ef53-45fb-afd7-4dedb26e3026/element [6.518084ms] ERR:404 body={"strategy":"-android uiautomator","selector":"new UiSelector().descriptionMatches(\"(?is).*\\QDefin...
14:06:21.510103 POST /session/5b869f22-ef53-45fb-afd7-4dedb26e3026/element [6.40025ms] ERR:404 body={"strategy":"-android uiautomator","selector":"new UiSelector().textContains(\"Definitely Not Here\"...
14:06:21.514345 POST /session/5b869f22-ef53-45fb-afd7-4dedb26e3026/element [4.204084ms] ERR:404 body={"strategy":"-android uiautomator","selector":"new UiSelector().descriptionContains(\"Definitely Not...
14:06:21.519039 POST /session/5b869f22-ef53-45fb-afd7-4dedb26e3026/element [4.665583ms] ERR:404 body={"strategy":"-android uiautomator","selector":"new UiSelector().textMatches(\"(?is).*\\QDefinitely N...
14:06:21.525393 POST /session/5b869f22-ef53-45fb-afd7-4dedb26e3026/element [6.317166ms] ERR:404 body={"strategy":"-android uiautomator","selector":"new UiSelector().descriptionMatches(\"(?is).*\\QDefin...
14:06:21.532965 POST /session/5b869f22-ef53-45fb-afd7-4dedb26e3026/element [7.541958ms] ERR:404 body={"strategy":"-android uiautomator","selector":"new UiSelector().textContains(\"Definitely Not Here\"...
14:06:21.541076 POST /session/5b869f22-ef53-45fb-afd7-4dedb26e3026/element [8.076667ms] ERR:404 body={"strategy":"-android uiautomator","selector":"new UiSelector().descriptionContains(\"Definitely Not...
14:06:21.547241 POST /session/5b869f22-ef53-45fb-afd7-4dedb26e3026/element [6.1275ms] ERR:404 body={"strategy":"-android uiautomator","selector":"new UiSelector().textMatches(\"(?is).*\\QDefinitely N...
14:06:21.555048 POST /session/5b869f22-ef53-45fb-afd7-4dedb26e3026/element [7.78175ms] ERR:404 body={"strategy":"-android uiautomator","selector":"new UiSelector().descriptionMatches(\"(?is).*\\QDefin...
14:06:21.561576 POST /session/5b869f22-ef53-45fb-afd7-4dedb26e3026/element [6.480833ms] ERR:404 body={"strategy":"-android uiautomator","selector":"new UiSelector().textContains(\"Definitely Not Here\"...
14:06:21.569199 POST /session/5b869f22-ef53-45fb-afd7-4dedb26e3026/element [7.585875ms] ERR:404 body={"strategy":"-android uiautomator","selector":"new UiSelector().descriptionContains(\"Definitely Not...
14:06:21.576908 POST /session/5b869f22-ef53-45fb-afd7-4dedb26e3026/element [7.678333ms] ERR:404 body={"strategy":"-android uiautomator","selector":"new UiSelector().textMatches(\"(?is).*\\QDefinitely N...
14:06:21.582089 POST /session/5b869f22-ef53-45fb-afd7-4dedb26e3026/element [5.1475ms] ERR:404 body={"strategy":"-android uiautomator","selector":"new UiSelector().descriptionMatches(\"(?is).*\\QDefin...
14:06:21.588207 POST /session/5b869f22-ef53-45fb-afd7-4dedb26e3026/element [6.081083ms] ERR:404 body={"strategy":"-android uiautomator","selector":"new UiSelector().textContains(\"Definitely Not Here\"...
14:06:21.594754 POST /session/5b869f22-ef53-45fb-afd7-4dedb26e3026/element [6.517292ms] ERR:404 body={"strategy":"-android uiautomator","selector":"new UiSelector().descriptionContains(\"Definitely Not...
14:06:21.599713 POST /session/5b869f22-ef53-45fb-afd7-4dedb26e3026/element [4.929375ms] ERR:404 body={"strategy":"-android uiautomator","selector":"new UiSelector().textMatches(\"(?is).*\\QDefinitely N...
14:06:21.609629 POST /session/5b869f22-ef53-45fb-afd7-4dedb26e3026/element [9.876084ms] ERR:404 body={"strategy":"-android uiautomator","selector":"new UiSelector().descriptionMatches(\"(?is).*\\QDefin...
14:06:21.614950 POST /session/5b869f22-ef53-45fb-afd7-4dedb26e3026/element [5.281917ms] ERR:404 body={"strategy":"-android uiautomator","selector":"new UiSelector().textContains(\"Definitely Not Here\"...
14:06:21.619827 POST /session/5b869f22-ef53-45fb-afd7-4dedb26e3026/element [4.845042ms] ERR:404 body={"strategy":"-android uiautomator","selector":"new UiSelector().descriptionContains(\"Definitely Not...
14:06:21.627759 POST /session/5b869f22-ef53-45fb-afd7-4dedb26e3026/element [7.8965ms] ERR:404 body={"strategy":"-android uiautomator","selector":"new UiSelector().textMatches(\"(?is).*\\QDefinitely N...
14:06:21.635796 POST /session/5b869f22-ef53-45fb-afd7-4dedb26e3026/element [8.003875ms] ERR:404 body={"strategy":"-android uiautomator","selector":"new UiSelector().descriptionMatches(\"(?is).*\\QDefin...
14:06:21.643080 POST /session/5b869f22-ef53-45fb-afd7-4dedb26e3026/element [7.237542ms] ERR:404 body={"strategy":"-android uiautomator","selector":"new UiSelector().textContains(\"Definitely Not Here\"...
14:06:21.650939 POST /session/5b869f22-ef53-45fb-afd7-4dedb26e3026/element [7.817625ms] ERR:404 body={"strategy":"-android uiautomator","selector":"new UiSelector().descriptionContains(\"Definitely Not...
14:06:21.655223 POST /session/5b869f22-ef53-45fb-afd7-4dedb26e3026/element [4.245958ms] ERR:404 body={"strategy":"-android uiautomator","selector":"new UiSelector().textMatches(\"(?is).*\\QDefinitely N...
14:06:21.659755 POST /session/5b869f22-ef53-45fb-afd7-4dedb26e3026/element [4.502667ms] ERR:404 body={"strategy":"-android uiautomator","selector":"new UiSelector().descriptionMatches(\"(?is).*\\QDefin...
14:06:21.665769 POST /session/5b869f22-ef53-45fb-afd7-4dedb26e3026/element [5.977292ms] ERR:404 body={"strategy":"-android uiautomator","selector":"new UiSelector().textContains(\"Definitely Not Here\"...
14:06:21.674446 POST /session/5b869f22-ef53-45fb-afd7-4dedb26e3026/element [8.639667ms] ERR:404 body={"strategy":"-android uiautomator","selector":"new UiSelector().descriptionContains(\"Definitely Not...
14:06:21.681566 POST /session/5b869f22-ef53-45fb-afd7-4dedb26e3026/element [7.073167ms] ERR:404 body={"strategy":"-android uiautomator","selector":"new UiSelector().textMatches(\"(?is).*\\QDefinitely N...
14:06:21.689800 POST /session/5b869f22-ef53-45fb-afd7-4dedb26e3026/element [8.157083ms] ERR:404 body={"strategy":"-android uiautomator","selector":"new UiSelector().descriptionMatches(\"(?is).*\\QDefin...
14:06:21.695875 POST /session/5b869f22-ef53-45fb-afd7-4dedb26e3026/element [6.026667ms] ERR:404 body={"strategy":"-android uiautomator","selector":"new UiSelector().textContains(\"Definitely Not Here\"...
14:06:21.702622 POST /session/5b869f22-ef53-45fb-afd7-4dedb26e3026/element [6.698041ms] ERR:404 body={"strategy":"-android uiautomator","selector":"new UiSelector().descriptionContains(\"Definitely Not...
14:06:21.707891 POST /session/5b869f22-ef53-45fb-afd7-4dedb26e3026/element [5.221ms] ERR:404 body={"strategy":"-android uiautomator","selector":"new UiSelector().textMatches(\"(?is).*\\QDefinitely N...
14:06:21.714517 POST /session/5b869f22-ef53-45fb-afd7-4dedb26e3026/element [6.585583ms] ERR:404 body={"strategy":"-android uiautomator","selector":"new UiSelector().descriptionMatches(\"(?is).*\\QDefin...
14:06:21.720600 POST /session/5b869f22-ef53-45fb-afd7-4dedb26e3026/element [6.020458ms] ERR:404 body={"strategy":"-android uiautomator","selector":"new UiSelector().textContains(\"Definitely Not Here\"...
14:06:21.726173 POST /session/5b869f22-ef53-45fb-afd7-4dedb26e3026/element [5.525209ms] ERR:404 body={"strategy":"-android uiautomator","selector":"new UiSelector().descriptionContains(\"Definitely Not...
14:06:21.734230 POST /session/5b869f22-ef53-45fb-afd7-4dedb26e3026/element [7.993ms] ERR:404 body={"strategy":"-android uiautomator","selector":"new UiSelector().textMatches(\"(?is).*\\QDefinitely N...
14:06:21.738689 POST /session/5b869f22-ef53-45fb-afd7-4dedb26e3026/element [4.412708ms] ERR:404 body={"strategy":"-android uiautomator","selector":"new UiSelector().descriptionMatches(\"(?is).*\\QDefin...
14:06:21.744008 POST /session/5b869f22-ef53-45fb-afd7-4dedb26e3026/element [5.277625ms] ERR:404 body={"strategy":"-android uiautomator","selector":"new UiSelector().textContains(\"Definitely Not Here\"...
14:06:21.750157 POST /session/5b869f22-ef53-45fb-afd7-4dedb26e3026/element [6.104083ms] ERR:404 body={"strategy":"-android uiautomator","selector":"new UiSelector().descriptionContains(\"Definitely Not...
14:06:21.757286 POST /session/5b869f22-ef53-45fb-afd7-4dedb26e3026/element [7.087208ms] ERR:404 body={"strategy":"-android uiautomator","selector":"new UiSelector().textMatches(\"(?is).*\\QDefinitely N...
14:06:21.763252 POST /session/5b869f22-ef53-45fb-afd7-4dedb26e3026/element [5.930583ms] ERR:404 body={"strategy":"-android uiautomator","selector":"new UiSelector().descriptionMatches(\"(?is).*\\QDefin...
14:06:21.770658 POST /session/5b869f22-ef53-45fb-afd7-4dedb26e3026/element [7.362792ms] ERR:404 body={"strategy":"-android uiautomator","selector":"new UiSelector().textContains(\"Definitely Not Here\"...
14:06:21.777073 POST /session/5b869f22-ef53-45fb-afd7-4dedb26e3026/element [6.3705ms] ERR:404 body={"strategy":"-android uiautomator","selector":"new UiSelector().descriptionContains(\"Definitely Not...
14:06:21.780859 POST /session/5b869f22-ef53-45fb-afd7-4dedb26e3026/element [3.753791ms] ERR:404 body={"strategy":"-android uiautomator","selector":"new UiSelector().textMatches(\"(?is).*\\QDefinitely N...
14:06:21.785045 POST /session/5b869f22-ef53-45fb-afd7-4dedb26e3026/element [4.1465ms] ERR:404 body={"strategy":"-android uiautomator","selector":"new UiSelector().descriptionMatches(\"(?is).*\\QDefin...
14:06:21.792443 POST /session/5b869f22-ef53-45fb-afd7-4dedb26e3026/element [7.362042ms] ERR:404 body={"strategy":"-android uiautomator","selector":"new UiSelector().textContains(\"Definitely Not Here\"...
14:06:21.802610 POST /session/5b869f22-ef53-45fb-afd7-4dedb26e3026/element [10.119708ms] ERR:404 body={"strategy":"-android uiautomator","selector":"new UiSelector().descriptionContains(\"Definitely Not...
14:06:21.807212 POST /session/5b869f22-ef53-45fb-afd7-4dedb26e3026/element [4.536875ms] ERR:404 body={"strategy":"-android uiautomator","selector":"new UiSelector().textMatches(\"(?is).*\\QDefinitely N...
14:06:21.816036 POST /session/5b869f22-ef53-45fb-afd7-4dedb26e3026/element [8.776333ms] ERR:404 body={"strategy":"-android uiautomator","selector":"new UiSelector().descriptionMatches(\"(?is).*\\QDefin...
14:06:21.821395 POST /session/5b869f22-ef53-45fb-afd7-4dedb26e3026/element [5.312ms] ERR:404 body={"strategy":"-android uiautomator","selector":"new UiSelector().textContains(\"Definitely Not Here\"...
14:06:21.830851 POST /session/5b869f22-ef53-45fb-afd7-4dedb26e3026/element [9.408375ms] ERR:404 body={"strategy":"-android uiautomator","selector":"new UiSelector().descriptionContains(\"Definitely Not...
14:06:21.839406 POST /session/5b869f22-ef53-45fb-afd7-4dedb26e3026/element [8.5055ms] ERR:404 body={"strategy":"-android uiautomator","selector":"new UiSelector().textMatches(\"(?is).*\\QDefinitely N...
14:06:21.845447 POST /session/5b869f22-ef53-45fb-afd7-4dedb26e3026/element [5.995792ms] ERR:404 body={"strategy":"-android uiautomator","selector":"new UiSelector().descriptionMatches(\"(?is).*\\QDefin...
14:06:21.852427 POST /session/5b869f22-ef53-45fb-afd7-4dedb26e3026/element [6.929542ms] ERR:404 body={"strategy":"-android uiautomator","selector":"new UiSelector().textContains(\"Definitely Not Here\"...
14:06:21.860216 POST /session/5b869f22-ef53-45fb-afd7-4dedb26e3026/element [7.738792ms] ERR:404 body={"strategy":"-android uiautomator","selector":"new UiSelector().descriptionContains(\"Definitely Not...
14:06:21.868283 POST /session/5b869f22-ef53-45fb-afd7-4dedb26e3026/element [7.995666ms] ERR:404 body={"strategy":"-android uiautomator","selector":"new UiSelector().textMatches(\"(?is).*\\QDefinitely N...
14:06:21.876029 POST /session/5b869f22-ef53-45fb-afd7-4dedb26e3026/element [7.70275ms] ERR:404 body={"strategy":"-android uiautomator","selector":"new UiSelector().descriptionMatches(\"(?is).*\\QDefin...
14:06:21.883136 POST /session/5b869f22-ef53-45fb-afd7-4dedb26e3026/element [7.075416ms] ERR:404 body={"strategy":"-android uiautomator","selector":"new UiSelector().textContains(\"Definitely Not Here\"...
14:06:21.889412 POST /session/5b869f22-ef53-45fb-afd7-4dedb26e3026/element [6.243625ms] ERR:404 body={"strategy":"-android uiautomator","selector":"new UiSelector().descriptionContains(\"Definitely Not...
14:06:21.895892 POST /session/5b869f22-ef53-45fb-afd7-4dedb26e3026/element [6.441292ms] ERR:404 body={"strategy":"-android uiautomator","selector":"new UiSelector().textMatches(\"(?is).*\\QDefinitely N...
14:06:21.901372 POST /session/5b869f22-ef53-45fb-afd7-4dedb26e3026/element [5.447625ms] ERR:404 body={"strategy":"-android uiautomator","selector":"new UiSelector().descriptionMatches(\"(?is).*\\QDefin...
14:06:21.908240 POST /session/5b869f22-ef53-45fb-afd7-4dedb26e3026/element [6.817291ms] ERR:404 body={"strategy":"-android uiautomator","selector":"new UiSelector().textContains(\"Definitely Not Here\"...
14:06:21.912009 POST /session/5b869f22-ef53-45fb-afd7-4dedb26e3026/element [3.741167ms] ERR:404 body={"strategy":"-android uiautomator","selector":"new UiSelector().descriptionContains(\"Definitely Not...
14:06:21.918063 POST /session/5b869f22-ef53-45fb-afd7-4dedb26e3026/element [6.02975ms] ERR:404 body={"strategy":"-android uiautomator","selector":"new UiSelector().textMatches(\"(?is).*\\QDefinitely N...
14:06:21.924930 POST /session/5b869f22-ef53-45fb-afd7-4dedb26e3026/element [6.831458ms] ERR:404 body={"strategy":"-android uiautomator","selector":"new UiSelector().descriptionMatches(\"(?is).*\\QDefin...
14:06:21.928784 POST /session/5b869f22-ef53-45fb-afd7-4dedb26e3026/element [3.82625ms] ERR:404 body={"strategy":"-android uiautomator","selector":"new UiSelector().textContains(\"Definitely Not Here\"...
14:06:21.933504 POST /session/5b869f22-ef53-45fb-afd7-4dedb26e3026/element [4.690458ms] ERR:404 body={"strategy":"-android uiautomator","selector":"new UiSelector().descriptionContains(\"Definitely Not...
14:06:21.939875 POST /session/5b869f22-ef53-45fb-afd7-4dedb26e3026/element [6.344333ms] ERR:404 body={"strategy":"-android uiautomator","selector":"new UiSelector().textMatches(\"(?is).*\\QDefinitely N...
14:06:21.944080 POST /session/5b869f22-ef53-45fb-afd7-4dedb26e3026/element [4.169833ms] ERR:404 body={"strategy":"-android uiautomator","selector":"new UiSelector().descriptionMatches(\"(?is).*\\QDefin...
14:06:21.948981 POST /session/5b869f22-ef53-45fb-afd7-4dedb26e3026/element [4.861458ms] ERR:404 body={"strategy":"-android uiautomator","selector":"new UiSelector().textContains(\"Definitely Not Here\"...
14:06:21.956002 POST /session/5b869f22-ef53-45fb-afd7-4dedb26e3026/element [6.988208ms] ERR:404 body={"strategy":"-android uiautomator","selector":"new UiSelector().descriptionContains(\"Definitely Not...
14:06:21.961941 POST /session/5b869f22-ef53-45fb-afd7-4dedb26e3026/element [5.908042ms] ERR:404 body={"strategy":"-android uiautomator","selector":"new UiSelector().textMatches(\"(?is).*\\QDefinitely N...
14:06:21.968298 POST /session/5b869f22-ef53-45fb-afd7-4dedb26e3026/element [6.325542ms] ERR:404 body={"strategy":"-android uiautomator","selector":"new UiSelector().descriptionMatches(\"(?is).*\\QDefin...
14:06:21.975104 POST /session/5b869f22-ef53-45fb-afd7-4dedb26e3026/element [6.769583ms] ERR:404 body={"strategy":"-android uiautomator","selector":"new UiSelector().textContains(\"Definitely Not Here\"...
14:06:21.981536 POST /session/5b869f22-ef53-45fb-afd7-4dedb26e3026/element [6.396542ms] ERR:404 body={"strategy":"-android uiautomator","selector":"new UiSelector().descriptionContains(\"Definitely Not...
14:06:21.989185 POST /session/5b869f22-ef53-45fb-afd7-4dedb26e3026/element [7.618833ms] ERR:404 body={"strategy":"-android uiautomator","selector":"new UiSelector().textMatches(\"(?is).*\\QDefinitely N...
14:06:21.996353 POST /session/5b869f22-ef53-45fb-afd7-4dedb26e3026/element [7.134416ms] ERR:404 body={"strategy":"-android uiautomator","selector":"new UiSelector().descriptionMatches(\"(?is).*\\QDefin...
14:06:22.004622 POST /session/5b869f22-ef53-45fb-afd7-4dedb26e3026/element [8.231708ms] ERR:404 body={"strategy":"-android uiautomator","selector":"new UiSelector().textContains(\"Definitely Not Here\"...
14:06:22.010708 POST /session/5b869f22-ef53-45fb-afd7-4dedb26e3026/element [6.037166ms] ERR:404 body={"strategy":"-android uiautomator","selector":"new UiSelector().descriptionContains(\"Definitely Not...
14:06:22.017113 POST /session/5b869f22-ef53-45fb-afd7-4dedb26e3026/element [6.364375ms] ERR:404 body={"strategy":"-android uiautomator","selector":"new UiSelector().textMatches(\"(?is).*\\QDefinitely N...
14:06:22.024627 POST /session/5b869f22-ef53-45fb-afd7-4dedb26e3026/element [7.481417ms] ERR:404 body={"strategy":"-android uiautomator","selector":"new UiSelector().descriptionMatches(\"(?is).*\\QDefin...
14:06:22.032142 POST /session/5b869f22-ef53-45fb-afd7-4dedb26e3026/element [7.48275ms] ERR:404 body={"strategy":"-android uiautomator","selector":"new UiSelector().textContains(\"Definitely Not Here\"...
14:06:22.038207 POST /session/5b869f22-ef53-45fb-afd7-4dedb26e3026/element [6.033792ms] ERR:404 body={"strategy":"-android uiautomator","selector":"new UiSelector().descriptionContains(\"Definitely Not...
14:06:22.044323 POST /session/5b869f22-ef53-45fb-afd7-4dedb26e3026/element [6.085459ms] ERR:404 body={"strategy":"-android uiautomator","selector":"new UiSelector().textMatches(\"(?is).*\\QDefinitely N...
14:06:22.048613 POST /session/5b869f22-ef53-45fb-afd7-4dedb26e3026/element [4.247709ms] ERR:404 body={"strategy":"-android uiautomator","selector":"new UiSelector().descriptionMatches(\"(?is).*\\QDefin...
14:06:22.057225 POST /session/5b869f22-ef53-45fb-afd7-4dedb26e3026/element [8.569625ms] ERR:404 body={"strategy":"-android uiautomator","selector":"new UiSelector().textContains(\"Definitely Not Here\"...
14:06:22.065782 POST /session/5b869f22-ef53-45fb-afd7-4dedb26e3026/element [8.510208ms] ERR:404 body={"strategy":"-android uiautomator","selector":"new UiSelector().descriptionContains(\"Definitely Not...
14:06:22.073575 POST /session/5b869f22-ef53-45fb-afd7-4dedb26e3026/element [7.747125ms] ERR:404 body={"strategy":"-android uiautomator","selector":"new UiSelector().textMatches(\"(?is).*\\QDefinitely N...
14:06:22.081860 POST /session/5b869f22-ef53-45fb-afd7-4dedb26e3026/element [8.237167ms] ERR:404 body={"strategy":"-android uiautomator","selector":"new UiSelector().descriptionMatches(\"(?is).*\\QDefin...
14:06:22.087025 POST /session/5b869f22-ef53-45fb-afd7-4dedb26e3026/element [5.112833ms] ERR:404 body={"strategy":"-android uiautomator","selector":"new UiSelector().textContains(\"Definitely Not Here\"...
14:06:22.094787 POST /session/5b869f22-ef53-45fb-afd7-4dedb26e3026/element [7.719667ms] ERR:404 body={"strategy":"-android uiautomator","selector":"new UiSelector().descriptionContains(\"Definitely Not...
14:06:22.100328 POST /session/5b869f22-ef53-45fb-afd7-4dedb26e3026/element [5.49075ms] ERR:404 body={"strategy":"-android uiautomator","selector":"new UiSelector().textMatches(\"(?is).*\\QDefinitely N...
14:06:22.106117 POST /session/5b869f22-ef53-45fb-afd7-4dedb26e3026/element [5.739167ms] ERR:404 body={"strategy":"-android uiautomator","selector":"new UiSelector().descriptionMatches(\"(?is).*\\QDefin...
14:06:22.113168 POST /session/5b869f22-ef53-45fb-afd7-4dedb26e3026/element [7.014125ms] ERR:404 body={"strategy":"-android uiautomator","selector":"new UiSelector().textContains(\"Definitely Not Here\"...
14:06:22.119335 POST /session/5b869f22-ef53-45fb-afd7-4dedb26e3026/element [6.130291ms] ERR:404 body={"strategy":"-android uiautomator","selector":"new UiSelector().descriptionContains(\"Definitely Not...
14:06:22.125026 POST /session/5b869f22-ef53-45fb-afd7-4dedb26e3026/element [5.642709ms] ERR:404 body={"strategy":"-android uiautomator","selector":"new UiSelector().textMatches(\"(?is).*\\QDefinitely N...
14:06:22.132355 POST /session/5b869f22-ef53-45fb-afd7-4dedb26e3026/element [7.284417ms] ERR:404 body={"strategy":"-android uiautomator","selector":"new UiSelector().descriptionMatches(\"(?is).*\\QDefin...
14:06:22.139869 POST /session/5b869f22-ef53-45fb-afd7-4dedb26e3026/element [7.45125ms] ERR:404 body={"strategy":"-android uiautomator","selector":"new UiSelector().textContains(\"Definitely Not Here\"...
14:06:22.145639 POST /session/5b869f22-ef53-45fb-afd7-4dedb26e3026/element [5.724125ms] ERR:404 body={"strategy":"-android uiautomator","selector":"new UiSelector().descriptionContains(\"Definitely Not...
14:06:22.154448 POST /session/5b869f22-ef53-45fb-afd7-4dedb26e3026/element [8.754167ms] ERR:404 body={"strategy":"-android uiautomator","selector":"new UiSelector().textMatches(\"(?is).*\\QDefinitely N...
14:06:22.162689 POST /session/5b869f22-ef53-45fb-afd7-4dedb26e3026/element [8.186375ms] ERR:404 body={"strategy":"-android uiautomator","selector":"new UiSelector().descriptionMatches(\"(?is).*\\QDefin...
14:06:22.168737 POST /session/5b869f22-ef53-45fb-afd7-4dedb26e3026/element [5.990458ms] ERR:404 body={"strategy":"-android uiautomator","selector":"new UiSelector().textContains(\"Definitely Not Here\"...
14:06:22.174058 POST /session/5b869f22-ef53-45fb-afd7-4dedb26e3026/element [5.266375ms] ERR:404 body={"strategy":"-android uiautomator","selector":"new UiSelector().descriptionContains(\"Definitely Not...
14:06:22.182999 POST /session/5b869f22-ef53-45fb-afd7-4dedb26e3026/element [8.895458ms] ERR:404 body={"strategy":"-android uiautomator","selector":"new UiSelector().textMatches(\"(?is).*\\QDefinitely N...
14:06:22.191687 POST /session/5b869f22-ef53-45fb-afd7-4dedb26e3026/element [8.6435ms] ERR:404 body={"strategy":"-android uiautomator","selector":"new UiSelector().descriptionMatches(\"(?is).*\\QDefin...
14:06:22.199145 POST /session/5b869f22-ef53-45fb-afd7-4dedb26e3026/element [7.412459ms] ERR:404 body={"strategy":"-android uiautomator","selector":"new UiSelector().textContains(\"Definitely Not Here\"...
14:06:22.206013 POST /session/5b869f22-ef53-45fb-afd7-4dedb26e3026/element [6.829125ms] ERR:404 body={"strategy":"-android uiautomator","selector":"new UiSelector().descriptionContains(\"Definitely Not...
14:06:22.213986 POST /session/5b869f22-ef53-45fb-afd7-4dedb26e3026/element [7.930583ms] ERR:404 body={"strategy":"-android uiautomator","selector":"new UiSelector().textMatches(\"(?is).*\\QDefinitely N...
14:06:22.221205 POST /session/5b869f22-ef53-45fb-afd7-4dedb26e3026/element [7.182792ms] ERR:404 body={"strategy":"-android uiautomator","selector":"new UiSelector().descriptionMatches(\"(?is).*\\QDefin...
14:06:22.233048 POST /session/5b869f22-ef53-45fb-afd7-4dedb26e3026/element [11.800708ms] ERR:404 body={"strategy":"-android uiautomator","selector":"new UiSelector().textContains(\"Definitely Not Here\"...
14:06:22.237774 POST /session/5b869f22-ef53-45fb-afd7-4dedb26e3026/element [4.682416ms] ERR:404 body={"strategy":"-android uiautomator","selector":"new UiSelector().descriptionContains(\"Definitely Not...
14:06:22.245894 POST /session/5b869f22-ef53-45fb-afd7-4dedb26e3026/element [8.07675ms] ERR:404 body={"strategy":"-android uiautomator","selector":"new UiSelector().textMatches(\"(?is).*\\QDefinitely N...
14:06:22.253427 POST /session/5b869f22-ef53-45fb-afd7-4dedb26e3026/element [7.472584ms] ERR:404 body={"strategy":"-android uiautomator","selector":"new UiSelector().descriptionMatches(\"(?is).*\\QDefin...
14:06:22.258337 POST /session/5b869f22-ef53-45fb-afd7-4dedb26e3026/element [4.859917ms] ERR:404 body={"strategy":"-android uiautomator","selector":"new UiSelector().textContains(\"Definitely Not Here\"...
14:06:22.266352 POST /session/5b869f22-ef53-45fb-afd7-4dedb26e3026/element [7.964084ms] ERR:404 body={"strategy":"-android uiautomator","selector":"new UiSelector().descriptionContains(\"Definitely Not...
14:06:22.274305 POST /session/5b869f22-ef53-45fb-afd7-4dedb26e3026/element [7.901375ms] ERR:404 body={"strategy":"-android uiautomator","selector":"new UiSelector().textMatches(\"(?is).*\\QDefinitely N...
14:06:22.284266 POST /session/5b869f22-ef53-45fb-afd7-4dedb26e3026/element [9.913292ms] ERR:404 body={"strategy":"-android uiautomator","selector":"new UiSelector().descriptionMatches(\"(?is).*\\QDefin...
14:06:22.289590 POST /session/5b869f22-ef53-45fb-afd7-4dedb26e3026/element [5.282916ms] ERR:404 body={"strategy":"-android uiautomator","selector":"new UiSelector().textContains(\"Definitely Not Here\"...
14:06:22.294655 POST /session/5b869f22-ef53-45fb-afd7-4dedb26e3026/element [5.027ms] ERR:404 body={"strategy":"-android uiautomator","selector":"new UiSelector().descriptionContains(\"Definitely Not...
14:06:22.303031 POST /session/5b869f22-ef53-45fb-afd7-4dedb26e3026/element [8.331541ms] ERR:404 body={"strategy":"-android uiautomator","selector":"new UiSelector().textMatches(\"(?is).*\\QDefinitely N...
14:06:22.307518 POST /session/5b869f22-ef53-45fb-afd7-4dedb26e3026/element [4.450208ms] ERR:404 body={"strategy":"-android uiautomator","selector":"new UiSelector().descriptionMatches(\"(?is).*\\QDefin...
14:06:22.315425 POST /session/5b869f22-ef53-45fb-afd7-4dedb26e3026/element [7.860417ms] ERR:404 body={"strategy":"-android uiautomator","selector":"new UiSelector().textContains(\"Definitely Not Here\"...
14:06:22.323573 POST /session/5b869f22-ef53-45fb-afd7-4dedb26e3026/element [8.097167ms] ERR:404 body={"strategy":"-android uiautomator","selector":"new UiSelector().descriptionContains(\"Definitely Not...
14:06:22.329249 POST /session/5b869f22-ef53-45fb-afd7-4dedb26e3026/element [5.632459ms] ERR:404 body={"strategy":"-android uiautomator","selector":"new UiSelector().textMatches(\"(?is).*\\QDefinitely N...
14:06:22.339941 POST /session/5b869f22-ef53-45fb-afd7-4dedb26e3026/element [10.644167ms] ERR:404 body={"strategy":"-android uiautomator","selector":"new UiSelector().descriptionMatches(\"(?is).*\\QDefin...
14:06:22.349303 POST /session/5b869f22-ef53-45fb-afd7-4dedb26e3026/element [9.307917ms] ERR:404 body={"strategy":"-android uiautomator","selector":"new UiSelector().textContains(\"Definitely Not Here\"...
14:06:22.357782 POST /session/5b869f22-ef53-45fb-afd7-4dedb26e3026/element [8.421583ms] ERR:404 body={"strategy":"-android uiautomator","selector":"new UiSelector().descriptionContains(\"Definitely Not...
14:06:22.364180 POST /session/5b869f22-ef53-45fb-afd7-4dedb26e3026/element [6.307166ms] ERR:404 body={"strategy":"-android uiautomator","selector":"new UiSelector().textMatches(\"(?is).*\\QDefinitely N...
14:06:22.373304 POST /session/5b869f22-ef53-45fb-afd7-4dedb26e3026/element [9.076167ms] ERR:404 body={"strategy":"-android uiautomator","selector":"new UiSelector().descriptionMatches(\"(?is).*\\QDefin...
14:06:22.380723 POST /session/5b869f22-ef53-45fb-afd7-4dedb26e3026/element [7.372833ms] ERR:404 body={"strategy":"-android uiautomator","selector":"new UiSelector().textContains(\"Definitely Not Here\"...
14:06:22.389258 POST /session/5b869f22-ef53-45fb-afd7-4dedb26e3026/element [8.484041ms] ERR:404 body={"strategy":"-android uiautomator","selector":"new UiSelector().descriptionContains(\"Definitely Not...
14:06:22.398376 POST /session/5b869f22-ef53-45fb-afd7-4dedb26e3026/element [9.059208ms] ERR:404 body={"strategy":"-android uiautomator","selector":"new UiSelector().textMatches(\"(?is).*\\QDefinitely N...
14:06:22.405993 POST /session/5b869f22-ef53-45fb-afd7-4dedb26e3026/element [7.557ms] ERR:404 body={"strategy":"-android uiautomator","selector":"new UiSelector().descriptionMatches(\"(?is).*\\QDefin...
14:06:22.415116 POST /session/5b869f22-ef53-45fb-afd7-4dedb26e3026/element [9.065959ms] ERR:404 body={"strategy":"-android uiautomator","selector":"new UiSelector().textContains(\"Definitely Not Here\"...
14:06:22.423101 POST /session/5b869f22-ef53-45fb-afd7-4dedb26e3026/element [7.923666ms] ERR:404 body={"strategy":"-android uiautomator","selector":"new UiSelector().descriptionContains(\"Definitely Not...
14:06:22.430647 POST /session/5b869f22-ef53-45fb-afd7-4dedb26e3026/element [7.492209ms] ERR:404 body={"strategy":"-android uiautomator","selector":"new UiSelector().textMatches(\"(?is).*\\QDefinitely N...
14:06:22.438156 POST /session/5b869f22-ef53-45fb-afd7-4dedb26e3026/element [7.461833ms] ERR:404 body={"strategy":"-android uiautomator","selector":"new UiSelector().descriptionMatches(\"(?is).*\\QDefin...
14:06:22.446846 POST /session/5b869f22-ef53-45fb-afd7-4dedb26e3026/element [8.6445ms] ERR:404 body={"strategy":"-android uiautomator","selector":"new UiSelector().textContains(\"Definitely Not Here\"...
14:06:22.455746 POST /session/5b869f22-ef53-45fb-afd7-4dedb26e3026/element [8.850625ms] ERR:404 body={"strategy":"-android uiautomator","selector":"new UiSelector().descriptionContains(\"Definitely Not...
14:06:22.465051 POST /session/5b869f22-ef53-45fb-afd7-4dedb26e3026/element [9.260666ms] ERR:404 body={"strategy":"-android uiautomator","selector":"new UiSelector().textMatches(\"(?is).*\\QDefinitely N...
14:06:22.471044 POST /session/5b869f22-ef53-45fb-afd7-4dedb26e3026/element [5.953875ms] ERR:404 body={"strategy":"-android uiautomator","selector":"new UiSelector().descriptionMatches(\"(?is).*\\QDefin...
14:06:22.478598 POST /session/5b869f22-ef53-45fb-afd7-4dedb26e3026/element [7.508125ms] ERR:404 body={"strategy":"-android uiautomator","selector":"new UiSelector().textContains(\"Definitely Not Here\"...
14:06:22.486694 POST /session/5b869f22-ef53-45fb-afd7-4dedb26e3026/element [8.046041ms] ERR:404 body={"strategy":"-android uiautomator","selector":"new UiSelector().descriptionContains(\"Definitely Not...
14:06:22.495230 POST /session/5b869f22-ef53-45fb-afd7-4dedb26e3026/element [8.484875ms] ERR:404 body={"strategy":"-android uiautomator","selector":"new UiSelector().textMatches(\"(?is).*\\QDefinitely N...
14:06:22.500514 POST /session/5b869f22-ef53-45fb-afd7-4dedb26e3026/element [5.2425ms] ERR:404 body={"strategy":"-android uiautomator","selector":"new UiSelector().descriptionMatches(\"(?is).*\\QDefin...
14:06:22.509369 POST /session/5b869f22-ef53-45fb-afd7-4dedb26e3026/element [8.814375ms] ERR:404 body={"strategy":"-android uiautomator","selector":"new UiSelector().textContains(\"Definitely Not Here\"...
14:06:22.518798 POST /session/5b869f22-ef53-45fb-afd7-4dedb26e3026/element [9.381875ms] ERR:404 body={"strategy":"-android uiautomator","selector":"new UiSelector().descriptionContains(\"Definitely Not...
14:06:22.528139 POST /session/5b869f22-ef53-45fb-afd7-4dedb26e3026/element [9.290708ms] ERR:404 body={"strategy":"-android uiautomator","selector":"new UiSelector().textMatches(\"(?is).*\\QDefinitely N...
14:06:22.536352 POST /session/5b869f22-ef53-45fb-afd7-4dedb26e3026/element [8.165167ms] ERR:404 body={"strategy":"-android uiautomator","selector":"new UiSelector().descriptionMatches(\"(?is).*\\QDefin...
14:06:22.543537 POST /session/5b869f22-ef53-45fb-afd7-4dedb26e3026/element [7.125084ms] ERR:404 body={"strategy":"-android uiautomator","selector":"new UiSelector().textContains(\"Definitely Not Here\"...
14:06:22.551387 POST /session/5b869f22-ef53-45fb-afd7-4dedb26e3026/element [7.806042ms] ERR:404 body={"strategy":"-android uiautomator","selector":"new UiSelector().descriptionContains(\"Definitely Not...
14:06:22.556755 POST /session/5b869f22-ef53-45fb-afd7-4dedb26e3026/element [5.327375ms] ERR:404 body={"strategy":"-android uiautomator","selector":"new UiSelector().textMatches(\"(?is).*\\QDefinitely N...
14:06:22.564135 POST /session/5b869f22-ef53-45fb-afd7-4dedb26e3026/element [7.336875ms] ERR:404 body={"strategy":"-android uiautomator","selector":"new UiSelector().descriptionMatches(\"(?is).*\\QDefin...
14:06:22.571546 POST /session/5b869f22-ef53-45fb-afd7-4dedb26e3026/element [7.368917ms] ERR:404 body={"strategy":"-android uiautomator","selector":"new UiSelector().textContains(\"Definitely Not Here\"...
14:06:22.578945 POST /session/5b869f22-ef53-45fb-afd7-4dedb26e3026/element [7.353125ms] ERR:404 body={"strategy":"-android uiautomator","selector":"new UiSelector().descriptionContains(\"Definitely Not...
14:06:22.587328 POST /session/5b869f22-ef53-45fb-afd7-4dedb26e3026/element [8.311875ms] ERR:404 body={"strategy":"-android uiautomator","selector":"new UiSelector().textMatches(\"(?is).*\\QDefinitely N...
14:06:22.592231 POST /session/5b869f22-ef53-45fb-afd7-4dedb26e3026/element [4.857333ms] ERR:404 body={"strategy":"-android uiautomator","selector":"new UiSelector().descriptionMatches(\"(?is).*\\QDefin...
14:06:22.600011 POST /session/5b869f22-ef53-45fb-afd7-4dedb26e3026/element [7.743417ms] ERR:404 body={"strategy":"-android uiautomator","selector":"new UiSelector().textContains(\"Definitely Not Here\"...
14:06:22.607324 POST /session/5b869f22-ef53-45fb-afd7-4dedb26e3026/element [7.278333ms] ERR:404 body={"strategy":"-android uiautomator","selector":"new UiSelector().descriptionContains(\"Definitely Not...
14:06:22.614706 POST /session/5b869f22-ef53-45fb-afd7-4dedb26e3026/element [7.332125ms] ERR:404 body={"strategy":"-android uiautomator","selector":"new UiSelector().textMatches(\"(?is).*\\QDefinitely N...
14:06:22.620953 POST /session/5b869f22-ef53-45fb-afd7-4dedb26e3026/element [6.199709ms] ERR:404 body={"strategy":"-android uiautomator","selector":"new UiSelector().descriptionMatches(\"(?is).*\\QDefin...
14:06:22.627823 POST /session/5b869f22-ef53-45fb-afd7-4dedb26e3026/element [6.832333ms] ERR:404 body={"strategy":"-android uiautomator","selector":"new UiSelector().textContains(\"Definitely Not Here\"...
14:06:22.632556 POST /session/5b869f22-ef53-45fb-afd7-4dedb26e3026/element [4.697167ms] ERR:404 body={"strategy":"-android uiautomator","selector":"new UiSelector().descriptionContains(\"Definitely Not...
14:06:22.636829 POST /session/5b869f22-ef53-45fb-afd7-4dedb26e3026/element [4.238458ms] ERR:404 body={"strategy":"-android uiautomator","selector":"new UiSelector().textMatches(\"(?is).*\\QDefinitely N...
14:06:22.644389 POST /session/5b869f22-ef53-45fb-afd7-4dedb26e3026/element [7.519167ms] ERR:404 body={"strategy":"-android uiautomator","selector":"new UiSelector().descriptionMatches(\"(?is).*\\QDefin...
14:06:22.653533 POST /session/5b869f22-ef53-45fb-afd7-4dedb26e3026/element [9.098917ms] ERR:404 body={"strategy":"-android uiautomator","selector":"new UiSelector().textContains(\"Definitely Not Here\"...
14:06:22.657625 POST /session/5b869f22-ef53-45fb-afd7-4dedb26e3026/element [4.038125ms] ERR:404 body={"strategy":"-android uiautomator","selector":"new UiSelector().descriptionContains(\"Definitely Not...
14:06:22.664301 POST /session/5b869f22-ef53-45fb-afd7-4dedb26e3026/element [6.639083ms] ERR:404 body={"strategy":"-android uiautomator","selector":"new UiSelector().textMatches(\"(?is).*\\QDefinitely N...
14:06:22.671505 POST /session/5b869f22-ef53-45fb-afd7-4dedb26e3026/element [7.154334ms] ERR:404 body={"strategy":"-android uiautomator","selector":"new UiSelector().descriptionMatches(\"(?is).*\\QDefin...
14:06:22.677335 POST /session/5b869f22-ef53-45fb-afd7-4dedb26e3026/element [5.755792ms] ERR:404 body={"strategy":"-android uiautomator","selector":"new UiSelector().textContains(\"Definitely Not Here\"...
14:06:22.682195 POST /session/5b869f22-ef53-45fb-afd7-4dedb26e3026/element [4.821167ms] ERR:404 body={"strategy":"-android uiautomator","selector":"new UiSelector().descriptionContains(\"Definitely Not...
14:06:22.691604 POST /session/5b869f22-ef53-45fb-afd7-4dedb26e3026/element [9.3685ms] ERR:404 body={"strategy":"-android uiautomator","selector":"new UiSelector().textMatches(\"(?is).*\\QDefinitely N...
14:06:22.699289 POST /session/5b869f22-ef53-45fb-afd7-4dedb26e3026/element [7.641666ms] ERR:404 body={"strategy":"-android uiautomator","selector":"new UiSelector().descriptionMatches(\"(?is).*\\QDefin...
14:06:22.707341 POST /session/5b869f22-ef53-45fb-afd7-4dedb26e3026/element [8.005958ms] ERR:404 body={"strategy":"-android uiautomator","selector":"new UiSelector().textContains(\"Definitely Not Here\"...
14:06:22.714903 POST /session/5b869f22-ef53-45fb-afd7-4dedb26e3026/element [7.522334ms] ERR:404 body={"strategy":"-android uiautomator","selector":"new UiSelector().descriptionContains(\"Definitely Not...
14:06:22.721273 POST /session/5b869f22-ef53-45fb-afd7-4dedb26e3026/element [6.3385ms] ERR:404 body={"strategy":"-android uiautomator","selector":"new UiSelector().textMatches(\"(?is).*\\QDefinitely N...
14:06:22.730381 POST /session/5b869f22-ef53-45fb-afd7-4dedb26e3026/element [9.077875ms] ERR:404 body={"strategy":"-android uiautomator","selector":"new UiSelector().descriptionMatches(\"(?is).*\\QDefin...
14:06:22.737088 POST /session/5b869f22-ef53-45fb-afd7-4dedb26e3026/element [6.669292ms] ERR:404 body={"strategy":"-android uiautomator","selector":"new UiSelector().textContains(\"Definitely Not Here\"...
14:06:22.743172 POST /session/5b869f22-ef53-45fb-afd7-4dedb26e3026/element [6.056ms] ERR:404 body={"strategy":"-android uiautomator","selector":"new UiSelector().descriptionContains(\"Definitely Not...
14:06:22.747242 POST /session/5b869f22-ef53-45fb-afd7-4dedb26e3026/element [4.041958ms] ERR:404 body={"strategy":"-android uiautomator","selector":"new UiSelector().textMatches(\"(?is).*\\QDefinitely N...
14:06:22.751420 POST /session/5b869f22-ef53-45fb-afd7-4dedb26e3026/element [4.144667ms] ERR:404 body={"strategy":"-android uiautomator","selector":"new UiSelector().descriptionMatches(\"(?is).*\\QDefin...
14:06:22.755123 POST /session/5b869f22-ef53-45fb-afd7-4dedb26e3026/element [3.675792ms] ERR:404 body={"strategy":"-android uiautomator","selector":"new UiSelector().textContains(\"Definitely Not Here\"...
14:06:22.761495 POST /session/5b869f22-ef53-45fb-afd7-4dedb26e3026/element [6.343417ms] ERR:404 body={"strategy":"-android uiautomator","selector":"new UiSelector().descriptionContains(\"Definitely Not...
14:06:22.767964 POST /session/5b869f22-ef53-45fb-afd7-4dedb26e3026/element [6.442292ms] ERR:404 body={"strategy":"-android uiautomator","selector":"new UiSelector().textMatches(\"(?is).*\\QDefinitely N...
14:06:22.773230 POST /session/5b869f22-ef53-45fb-afd7-4dedb26e3026/element [5.236625ms] ERR:404 body={"strategy":"-android uiautomator","selector":"new UiSelector().descriptionMatches(\"(?is).*\\QDefin...
14:06:22.780217 POST /session/5b869f22-ef53-45fb-afd7-4dedb26e3026/element [6.9565ms] ERR:404 body={"strategy":"-android uiautomator","selector":"new UiSelector().textContains(\"Definitely Not Here\"...
14:06:22.787565 POST /session/5b869f22-ef53-45fb-afd7-4dedb26e3026/element [7.315084ms] ERR:404 body={"strategy":"-android uiautomator","selector":"new UiSelector().descriptionContains(\"Definitely Not...
14:06:22.791533 POST /session/5b869f22-ef53-45fb-afd7-4dedb26e3026/element [3.927ms] ERR:404 body={"strategy":"-android uiautomator","selector":"new UiSelector().textMatches(\"(?is).*\\QDefinitely N...
14:06:22.797998 POST /session/5b869f22-ef53-45fb-afd7-4dedb26e3026/element [6.434875ms] ERR:404 body={"strategy":"-android uiautomator","selector":"new UiSelector().descriptionMatches(\"(?is).*\\QDefin...
14:06:22.804403 POST /session/5b869f22-ef53-45fb-afd7-4dedb26e3026/element [6.370041ms] ERR:404 body={"strategy":"-android uiautomator","selector":"new UiSelector().textContains(\"Definitely Not Here\"...
14:06:22.811620 POST /session/5b869f22-ef53-45fb-afd7-4dedb26e3026/element [7.182875ms] ERR:404 body={"strategy":"-android uiautomator","selector":"new UiSelector().descriptionContains(\"Definitely Not...
14:06:22.818187 POST /session/5b869f22-ef53-45fb-afd7-4dedb26e3026/element [6.531083ms] ERR:404 body={"strategy":"-android uiautomator","selector":"new UiSelector().textMatches(\"(?is).*\\QDefinitely N...
14:06:22.824780 POST /session/5b869f22-ef53-45fb-afd7-4dedb26e3026/element [6.551792ms] ERR:404 body={"strategy":"-android uiautomator","selector":"new UiSelector().descriptionMatches(\"(?is).*\\QDefin...
14:06:22.829446 POST /session/5b869f22-ef53-45fb-afd7-4dedb26e3026/element [4.631583ms] ERR:404 body={"strategy":"-android uiautomator","selector":"new UiSelector().textContains(\"Definitely Not Here\"...
14:06:22.836728 POST /session/5b869f22-ef53-45fb-afd7-4dedb26e3026/element [7.249375ms] ERR:404 body={"strategy":"-android uiautomator","selector":"new UiSelector().descriptionContains(\"Definitely Not...
14:06:22.841161 POST /session/5b869f22-ef53-45fb-afd7-4dedb26e3026/element [4.395417ms] ERR:404 body={"strategy":"-android uiautomator","selector":"new UiSelector().textMatches(\"(?is).*\\QDefinitely N...
14:06:22.845763 POST /session/5b869f22-ef53-45fb-afd7-4dedb26e3026/element [4.572292ms] ERR:404 body={"strategy":"-android uiautomator","selector":"new UiSelector().descriptionMatches(\"(?is).*\\QDefin...
14:06:22.850021 POST /session/5b869f22-ef53-45fb-afd7-4dedb26e3026/element [4.222833ms] ERR:404 body={"strategy":"-android uiautomator","selector":"new UiSelector().textContains(\"Definitely Not Here\"...
14:06:22.854094 POST /session/5b869f22-ef53-45fb-afd7-4dedb26e3026/element [4.038959ms] ERR:404 body={"strategy":"-android uiautomator","selector":"new UiSelector().descriptionContains(\"Definitely Not...
14:06:22.858318 POST /session/5b869f22-ef53-45fb-afd7-4dedb26e3026/element [4.196625ms] ERR:404 body={"strategy":"-android uiautomator","selector":"new UiSelector().textMatches(\"(?is).*\\QDefinitely N...
14:06:22.865313 POST /session/5b869f22-ef53-45fb-afd7-4dedb26e3026/element [6.958792ms] ERR:404 body={"strategy":"-android uiautomator","selector":"new UiSelector().descriptionMatches(\"(?is).*\\QDefin...
14:06:22.870706 POST /session/5b869f22-ef53-45fb-afd7-4dedb26e3026/element [5.344542ms] ERR:404 body={"strategy":"-android uiautomator","selector":"new UiSelector().textContains(\"Definitely Not Here\"...
14:06:22.879312 POST /session/5b869f22-ef53-45fb-afd7-4dedb26e3026/element [8.571708ms] ERR:404 body={"strategy":"-android uiautomator","selector":"new UiSelector().descriptionContains(\"Definitely Not...
14:06:22.885909 POST /session/5b869f22-ef53-45fb-afd7-4dedb26e3026/element [6.556208ms] ERR:404 body={"strategy":"-android uiautomator","selector":"new UiSelector().textMatches(\"(?is).*\\QDefinitely N...
14:06:22.890291 POST /session/5b869f22-ef53-45fb-afd7-4dedb26e3026/element [4.323916ms] ERR:404 body={"strategy":"-android uiautomator","selector":"new UiSelector().descriptionMatches(\"(?is).*\\QDefin...
14:06:22.894281 POST /session/5b869f22-ef53-45fb-afd7-4dedb26e3026/element [3.9505ms] ERR:404 body={"strategy":"-android uiautomator","selector":"new UiSelector().textContains(\"Definitely Not Here\"...
14:06:22.899196 POST /session/5b869f22-ef53-45fb-afd7-4dedb26e3026/element [4.883834ms] ERR:404 body={"strategy":"-android uiautomator","selector":"new UiSelector().descriptionContains(\"Definitely Not...
14:06:22.905524 POST /session/5b869f22-ef53-45fb-afd7-4dedb26e3026/element [6.296458ms] ERR:404 body={"strategy":"-android uiautomator","selector":"new UiSelector().textMatches(\"(?is).*\\QDefinitely N...
14:06:22.910508 POST /session/5b869f22-ef53-45fb-afd7-4dedb26e3026/element [4.953542ms] ERR:404 body={"strategy":"-android uiautomator","selector":"new UiSelector().descriptionMatches(\"(?is).*\\QDefin...
14:06:22.918435 POST /session/5b869f22-ef53-45fb-afd7-4dedb26e3026/element [7.891375ms] ERR:404 body={"strategy":"-android uiautomator","selector":"new UiSelector().textContains(\"Definitely Not Here\"...
14:06:22.926576 POST /session/5b869f22-ef53-45fb-afd7-4dedb26e3026/element [8.10525ms] ERR:404 body={"strategy":"-android uiautomator","selector":"new UiSelector().descriptionContains(\"Definitely Not...
14:06:22.934201 POST /session/5b869f22-ef53-45fb-afd7-4dedb26e3026/element [7.582709ms] ERR:404 body={"strategy":"-android uiautomator","selector":"new UiSelector().textMatches(\"(?is).*\\QDefinitely N...
14:06:22.938167 POST /session/5b869f22-ef53-45fb-afd7-4dedb26e3026/element [3.933958ms] ERR:404 body={"strategy":"-android uiautomator","selector":"new UiSelector().descriptionMatches(\"(?is).*\\QDefin...
14:06:22.943021 POST /session/5b869f22-ef53-45fb-afd7-4dedb26e3026/element [4.81675ms] ERR:404 body={"strategy":"-android uiautomator","selector":"new UiSelector().textContains(\"Definitely Not Here\"...
14:06:22.948645 POST /session/5b869f22-ef53-45fb-afd7-4dedb26e3026/element [5.574333ms] ERR:404 body={"strategy":"-android uiautomator","selector":"new UiSelector().descriptionContains(\"Definitely Not...
14:06:22.954295 POST /session/5b869f22-ef53-45fb-afd7-4dedb26e3026/element [5.612834ms] ERR:404 body={"strategy":"-android uiautomator","selector":"new UiSelector().textMatches(\"(?is).*\\QDefinitely N...
14:06:22.961747 POST /session/5b869f22-ef53-45fb-afd7-4dedb26e3026/element [7.404875ms] ERR:404 body={"strategy":"-android uiautomator","selector":"new UiSelector().descriptionMatches(\"(?is).*\\QDefin...
14:06:22.969895 POST /session/5b869f22-ef53-45fb-afd7-4dedb26e3026/element [8.105667ms] ERR:404 body={"strategy":"-android uiautomator","selector":"new UiSelector().textContains(\"Definitely Not Here\"...
14:06:22.978254 POST /session/5b869f22-ef53-45fb-afd7-4dedb26e3026/element [8.315958ms] ERR:404 body={"strategy":"-android uiautomator","selector":"new UiSelector().descriptionContains(\"Definitely Not...
14:06:22.983170 POST /session/5b869f22-ef53-45fb-afd7-4dedb26e3026/element [4.863166ms] ERR:404 body={"strategy":"-android uiautomator","selector":"new UiSelector().textMatches(\"(?is).*\\QDefinitely N...
14:06:22.989100 POST /session/5b869f22-ef53-45fb-afd7-4dedb26e3026/element [5.872083ms] ERR:404 body={"strategy":"-android uiautomator","selector":"new UiSelector().descriptionMatches(\"(?is).*\\QDefin...
14:06:22.998425 POST /session/5b869f22-ef53-45fb-afd7-4dedb26e3026/element [9.281125ms] ERR:404 body={"strategy":"-android uiautomator","selector":"new UiSelector().textContains(\"Definitely Not Here\"...
14:06:23.006540 POST /session/5b869f22-ef53-45fb-afd7-4dedb26e3026/element [8.058625ms] ERR:404 body={"strategy":"-android uiautomator","selector":"new UiSelector().descriptionContains(\"Definitely Not...
14:06:23.015335 POST /session/5b869f22-ef53-45fb-afd7-4dedb26e3026/element [8.743333ms] ERR:404 body={"strategy":"-android uiautomator","selector":"new UiSelector().textMatches(\"(?is).*\\QDefinitely N...
14:06:23.022948 POST /session/5b869f22-ef53-45fb-afd7-4dedb26e3026/element [7.547ms] ERR:404 body={"strategy":"-android uiautomator","selector":"new UiSelector().descriptionMatches(\"(?is).*\\QDefin...
14:06:23.031608 POST /session/5b869f22-ef53-45fb-afd7-4dedb26e3026/element [8.602667ms] ERR:404 body={"strategy":"-android uiautomator","selector":"new UiSelector().textContains(\"Definitely Not Here\"...
14:06:23.037647 POST /session/5b869f22-ef53-45fb-afd7-4dedb26e3026/element [5.99575ms] ERR:404 body={"strategy":"-android uiautomator","selector":"new UiSelector().descriptionContains(\"Definitely Not...
14:06:23.043051 POST /session/5b869f22-ef53-45fb-afd7-4dedb26e3026/element [5.372041ms] ERR:404 body={"strategy":"-android uiautomator","selector":"new UiSelector().textMatches(\"(?is).*\\QDefinitely N...
14:06:23.050250 POST /session/5b869f22-ef53-45fb-afd7-4dedb26e3026/element [7.156209ms] ERR:404 body={"strategy":"-android uiautomator","selector":"new UiSelector().descriptionMatches(\"(?is).*\\QDefin...
14:06:23.066356 POST /session/5b869f22-ef53-45fb-afd7-4dedb26e3026/element [16.05275ms] ERR:404 body={"strategy":"-android uiautomator","selector":"new UiSelector().textContains(\"Definitely Not Here\"...
14:06:23.072313 POST /session/5b869f22-ef53-45fb-afd7-4dedb26e3026/element [5.8695ms] ERR:404 body={"strategy":"-android uiautomator","selector":"new UiSelector().descriptionContains(\"Definitely Not...
14:06:23.080003 POST /session/5b869f22-ef53-45fb-afd7-4dedb26e3026/element [7.651041ms] ERR:404 body={"strategy":"-android uiautomator","selector":"new UiSelector().textMatches(\"(?is).*\\QDefinitely N...
14:06:23.088548 POST /session/5b869f22-ef53-45fb-afd7-4dedb26e3026/element [8.50225ms] ERR:404 body={"strategy":"-android uiautomator","selector":"new UiSelector().descriptionMatches(\"(?is).*\\QDefin...
14:06:23.096536 POST /session/5b869f22-ef53-45fb-afd7-4dedb26e3026/element [7.939708ms] ERR:404 body={"strategy":"-android uiautomator","selector":"new UiSelector().textContains(\"Definitely Not Here\"...
14:06:23.104475 POST /session/5b869f22-ef53-45fb-afd7-4dedb26e3026/element [7.884833ms] ERR:404 body={"strategy":"-android uiautomator","selector":"new UiSelector().descriptionContains(\"Definitely Not...
14:06:23.113381 POST /session/5b869f22-ef53-45fb-afd7-4dedb26e3026/element [8.850375ms] ERR:404 body={"strategy":"-android uiautomator","selector":"new UiSelector().textMatches(\"(?is).*\\QDefinitely N...
14:06:23.119312 POST /session/5b869f22-ef53-45fb-afd7-4dedb26e3026/element [5.884292ms] ERR:404 body={"strategy":"-android uiautomator","selector":"new UiSelector().descriptionMatches(\"(?is).*\\QDefin...
14:06:23.127404 POST /session/5b869f22-ef53-45fb-afd7-4dedb26e3026/element [8.032458ms] ERR:404 body={"strategy":"-android uiautomator","selector":"new UiSelector().textContains(\"Definitely Not Here\"...
14:06:23.134707 POST /session/5b869f22-ef53-45fb-afd7-4dedb26e3026/element [7.228083ms] ERR:404 body={"strategy":"-android uiautomator","selector":"new UiSelector().descriptionContains(\"Definitely Not...
14:06:23.142489 POST /session/5b869f22-ef53-45fb-afd7-4dedb26e3026/element [7.735958ms] ERR:404 body={"strategy":"-android uiautomator","selector":"new UiSelector().textMatches(\"(?is).*\\QDefinitely N...
14:06:23.150504 POST /session/5b869f22-ef53-45fb-afd7-4dedb26e3026/element [7.965917ms] ERR:404 body={"strategy":"-android uiautomator","selector":"new UiSelector().descriptionMatches(\"(?is).*\\QDefin...
14:06:23.156968 POST /session/5b869f22-ef53-45fb-afd7-4dedb26e3026/element [6.411959ms] ERR:404 body={"strategy":"-android uiautomator","selector":"new UiSelector().textContains(\"Definitely Not Here\"...
14:06:23.167766 POST /session/5b869f22-ef53-45fb-afd7-4dedb26e3026/element [10.751625ms] ERR:404 body={"strategy":"-android uiautomator","selector":"new UiSelector().descriptionContains(\"Definitely Not...
14:06:23.177251 POST /session/5b869f22-ef53-45fb-afd7-4dedb26e3026/element [9.438708ms] ERR:404 body={"strategy":"-android uiautomator","selector":"new UiSelector().textMatches(\"(?is).*\\QDefinitely N...
14:06:23.185845 POST /session/5b869f22-ef53-45fb-afd7-4dedb26e3026/element [8.551833ms] ERR:404 body={"strategy":"-android uiautomator","selector":"new UiSelector().descriptionMatches(\"(?is).*\\QDefin...
14:06:23.193038 POST /session/5b869f22-ef53-45fb-afd7-4dedb26e3026/element [7.154792ms] ERR:404 body={"strategy":"-android uiautomator","selector":"new UiSelector().textContains(\"Definitely Not Here\"...
14:06:23.198739 POST /session/5b869f22-ef53-45fb-afd7-4dedb26e3026/element [5.6575ms] ERR:404 body={"strategy":"-android uiautomator","selector":"new UiSelector().descriptionContains(\"Definitely Not...
14:06:23.209901 POST /session/5b869f22-ef53-45fb-afd7-4dedb26e3026/element [11.111541ms] ERR:404 body={"strategy":"-android uiautomator","selector":"new UiSelector().textMatches(\"(?is).*\\QDefinitely N...
14:06:23.215753 POST /session/5b869f22-ef53-45fb-afd7-4dedb26e3026/element [5.801792ms] ERR:404 body={"strategy":"-android uiautomator","selector":"new UiSelector().descriptionMatches(\"(?is).*\\QDefin...
14:06:23.221079 POST /session/5b869f22-ef53-45fb-afd7-4dedb26e3026/element [5.261583ms] ERR:404 body={"strategy":"-android uiautomator","selector":"new UiSelector().textContains(\"Definitely Not Here\"...
14:06:23.230856 POST /session/5b869f22-ef53-45fb-afd7-4dedb26e3026/element [9.719416ms] ERR:404 body={"strategy":"-android uiautomator","selector":"new UiSelector().descriptionContains(\"Definitely Not...
14:06:23.239276 POST /session/5b869f22-ef53-45fb-afd7-4dedb26e3026/element [8.369917ms] ERR:404 body={"strategy":"-android uiautomator","selector":"new UiSelector().textMatches(\"(?is).*\\QDefinitely N...
14:06:23.247852 POST /session/5b869f22-ef53-45fb-afd7-4dedb26e3026/element [8.522334ms] ERR:404 body={"strategy":"-android uiautomator","selector":"new UiSelector().descriptionMatches(\"(?is).*\\QDefin...
14:06:23.259845 POST /session/5b869f22-ef53-45fb-afd7-4dedb26e3026/element [11.896625ms] ERR:404 body={"strategy":"-android uiautomator","selector":"new UiSelector().textContains(\"Definitely Not Here\"...
14:06:23.270459 POST /session/5b869f22-ef53-45fb-afd7-4dedb26e3026/element [10.550125ms] ERR:404 body={"strategy":"-android uiautomator","selector":"new UiSelector().descriptionContains(\"Definitely Not...
14:06:23.275594 POST /session/5b869f22-ef53-45fb-afd7-4dedb26e3026/element [5.075208ms] ERR:404 body={"strategy":"-android uiautomator","selector":"new UiSelector().textMatches(\"(?is).*\\QDefinitely N...
14:06:23.283313 POST /session/5b869f22-ef53-45fb-afd7-4dedb26e3026/element [7.64875ms] ERR:404 body={"strategy":"-android uiautomator","selector":"new UiSelector().descriptionMatches(\"(?is).*\\QDefin...
14:06:23.289997 POST /session/5b869f22-ef53-45fb-afd7-4dedb26e3026/element [6.627125ms] ERR:404 body={"strategy":"-android uiautomator","selector":"new UiSelector().textContains(\"Definitely Not Here\"...
14:06:23.297922 POST /session/5b869f22-ef53-45fb-afd7-4dedb26e3026/element [7.812709ms] ERR:404 body={"strategy":"-android uiautomator","selector":"new UiSelector().descriptionContains(\"Definitely Not...
14:06:23.307709 POST /session/5b869f22-ef53-45fb-afd7-4dedb26e3026/element [9.735459ms] ERR:404 body={"strategy":"-android uiautomator","selector":"new UiSelector().textMatches(\"(?is).*\\QDefinitely N...
14:06:23.315046 POST /session/5b869f22-ef53-45fb-afd7-4dedb26e3026/element [7.283958ms] ERR:404 body={"strategy":"-android uiautomator","selector":"new UiSelector().descriptionMatches(\"(?is).*\\QDefin...
14:06:23.323254 POST /session/5b869f22-ef53-45fb-afd7-4dedb26e3026/element [8.157792ms] ERR:404 body={"strategy":"-android uiautomator","selector":"new UiSelector().textContains(\"Definitely Not Here\"...
14:06:23.332412 POST /session/5b869f22-ef53-45fb-afd7-4dedb26e3026/element [9.108417ms] ERR:404 body={"strategy":"-android uiautomator","selector":"new UiSelector().descriptionContains(\"Definitely Not...
14:06:23.338849 POST /session/5b869f22-ef53-45fb-afd7-4dedb26e3026/element [6.384917ms] ERR:404 body={"strategy":"-android uiautomator","selector":"new UiSelector().textMatches(\"(?is).*\\QDefinitely N...
14:06:23.344942 POST /session/5b869f22-ef53-45fb-afd7-4dedb26e3026/element [6.043791ms] ERR:404 body={"strategy":"-android uiautomator","selector":"new UiSelector().descriptionMatches(\"(?is).*\\QDefin...
14:06:23.351625 POST /session/5b869f22-ef53-45fb-afd7-4dedb26e3026/element [6.631833ms] ERR:404 body={"strategy":"-android uiautomator","selector":"new UiSelector().textContains(\"Definitely Not Here\"...
14:06:23.359856 POST /session/5b869f22-ef53-45fb-afd7-4dedb26e3026/element [8.178ms] ERR:404 body={"strategy":"-android uiautomator","selector":"new UiSelector().descriptionContains(\"Definitely Not...
14:06:23.366851 POST /session/5b869f22-ef53-45fb-afd7-4dedb26e3026/element [6.940166ms] ERR:404 body={"strategy":"-android uiautomator","selector":"new UiSelector().textMatches(\"(?is).*\\QDefinitely N...
14:06:23.375377 POST /session/5b869f22-ef53-45fb-afd7-4dedb26e3026/element [8.478ms] ERR:404 body={"strategy":"-android uiautomator","selector":"new UiSelector().descriptionMatches(\"(?is).*\\QDefin...
14:06:23.384130 POST /session/5b869f22-ef53-45fb-afd7-4dedb26e3026/element [8.705417ms] ERR:404 body={"strategy":"-android uiautomator","selector":"new UiSelector().textContains(\"Definitely Not Here\"...
14:06:23.390628 POST /session/5b869f22-ef53-45fb-afd7-4dedb26e3026/element [6.448542ms] ERR:404 body={"strategy":"-android uiautomator","selector":"new UiSelector().descriptionContains(\"Definitely Not...
14:06:23.396660 POST /session/5b869f22-ef53-45fb-afd7-4dedb26e3026/element [5.97825ms] ERR:404 body={"strategy":"-android uiautomator","selector":"new UiSelector().textMatches(\"(?is).*\\QDefinitely N...
14:06:23.402200 POST /session/5b869f22-ef53-45fb-afd7-4dedb26e3026/element [5.488375ms] ERR:404 body={"strategy":"-android uiautomator","selector":"new UiSelector().descriptionMatches(\"(?is).*\\QDefin...
14:06:23.406334 POST /session/5b869f22-ef53-45fb-afd7-4dedb26e3026/element [4.097208ms] ERR:404 body={"strategy":"-android uiautomator","selector":"new UiSelector().textContains(\"Definitely Not Here\"...
14:06:23.413967 POST /session/5b869f22-ef53-45fb-afd7-4dedb26e3026/element [7.581542ms] ERR:404 body={"strategy":"-android uiautomator","selector":"new UiSelector().descriptionContains(\"Definitely Not...
14:06:23.419355 POST /session/5b869f22-ef53-45fb-afd7-4dedb26e3026/element [5.336208ms] ERR:404 body={"strategy":"-android uiautomator","selector":"new UiSelector().textMatches(\"(?is).*\\QDefinitely N...
14:06:23.424924 POST /session/5b869f22-ef53-45fb-afd7-4dedb26e3026/element [5.525417ms] ERR:404 body={"strategy":"-android uiautomator","selector":"new UiSelector().descriptionMatches(\"(?is).*\\QDefin...
14:06:23.434688 POST /session/5b869f22-ef53-45fb-afd7-4dedb26e3026/element [9.694208ms] ERR:404 body={"strategy":"-android uiautomator","selector":"new UiSelector().textContains(\"Definitely Not Here\"...
14:06:23.444218 POST /session/5b869f22-ef53-45fb-afd7-4dedb26e3026/element [9.460333ms] ERR:404 body={"strategy":"-android uiautomator","selector":"new UiSelector().descriptionContains(\"Definitely Not...
14:06:23.452187 POST /session/5b869f22-ef53-45fb-afd7-4dedb26e3026/element [7.902125ms] ERR:404 body={"strategy":"-android uiautomator","selector":"new UiSelector().textMatches(\"(?is).*\\QDefinitely N...
14:06:23.473288 POST /session/5b869f22-ef53-45fb-afd7-4dedb26e3026/element [21.015167ms] ERR:404 body={"strategy":"-android uiautomator","selector":"new UiSelector().descriptionMatches(\"(?is).*\\QDefin...
14:06:23.480673 POST /session/5b869f22-ef53-45fb-afd7-4dedb26e3026/element [7.282875ms] ERR:404 body={"strategy":"-android uiautomator","selector":"new UiSelector().textContains(\"Definitely Not Here\"...
14:06:23.490503 POST /session/5b869f22-ef53-45fb-afd7-4dedb26e3026/element [9.725541ms] ERR:404 body={"strategy":"-android uiautomator","selector":"new UiSelector().descriptionContains(\"Definitely Not...
14:06:23.499693 POST /session/5b869f22-ef53-45fb-afd7-4dedb26e3026/element [9.071292ms] ERR:404 body={"strategy":"-android uiautomator","selector":"new UiSelector().textMatches(\"(?is).*\\QDefinitely N...
14:06:23.510102 POST /session/5b869f22-ef53-45fb-afd7-4dedb26e3026/element [10.301334ms] ERR:404 body={"strategy":"-android uiautomator","selector":"new UiSelector().descriptionMatches(\"(?is).*\\QDefin...
14:06:23.515981 POST /session/5b869f22-ef53-45fb-afd7-4dedb26e3026/element [5.82225ms] ERR:404 body={"strategy":"-android uiautomator","selector":"new UiSelector().textContains(\"Definitely Not Here\"...
14:06:23.523624 POST /session/5b869f22-ef53-45fb-afd7-4dedb26e3026/element [7.592042ms] ERR:404 body={"strategy":"-android uiautomator","selector":"new UiSelector().descriptionContains(\"Definitely Not...
14:06:23.534875 POST /session/5b869f22-ef53-45fb-afd7-4dedb26e3026/element [11.200375ms] ERR:404 body={"strategy":"-android uiautomator","selector":"new UiSelector().textMatches(\"(?is).*\\QDefinitely N...
14:06:23.543650 POST /session/5b869f22-ef53-45fb-afd7-4dedb26e3026/element [8.724167ms] ERR:404 body={"strategy":"-android uiautomator","selector":"new UiSelector().descriptionMatches(\"(?is).*\\QDefin...
14:06:23.551722 POST /session/5b869f22-ef53-45fb-afd7-4dedb26e3026/element [8.02475ms] ERR:404 body={"strategy":"-android uiautomator","selector":"new UiSelector().textContains(\"Definitely Not Here\"...
14:06:23.558712 POST /session/5b869f22-ef53-45fb-afd7-4dedb26e3026/element [6.949625ms] ERR:404 body={"strategy":"-android uiautomator","selector":"new UiSelector().descriptionContains(\"Definitely Not...
14:06:23.567078 POST /session/5b869f22-ef53-45fb-afd7-4dedb26e3026/element [8.314584ms] ERR:404 body={"strategy":"-android uiautomator","selector":"new UiSelector().textMatches(\"(?is).*\\QDefinitely N...
14:06:23.572644 POST /session/5b869f22-ef53-45fb-afd7-4dedb26e3026/element [5.521125ms] ERR:404 body={"strategy":"-android uiautomator","selector":"new UiSelector().descriptionMatches(\"(?is).*\\QDefin...
14:06:23.590356 GET /session/5b869f22-ef53-45fb-afd7-4dedb26e3026/source [17.618625ms] OK body=
14:06:23.712444 GET /session/5b869f22-ef53-45fb-afd7-4dedb26e3026/screenshot [120.914458ms] OK body=
14:06:23.727821 GET /session/5b869f22-ef53-45fb-afd7-4dedb26e3026/source [14.954375ms] OK body=
14:06:23.733148 DELETE /session/5b869f22-ef53-45fb-afd7-4dedb26e3026 [1.393959ms] OK body=
