14:01:48.546843 POST /session [7.583333ms] OK body={"capabilities":{"platformName":"Android","deviceName":"sdk_gphone64_arm64"}}
14:01:48.550562 POST /session/cc80999b-dcbf-4f99-a0c4-70cb7631f41c/appium/settings [3.615ms] OK body={"settings":{"enableMultiWindows":true,"waitForIdleTimeout":200}}
14:01:48.552606 POST /session/cc80999b-dcbf-4f99-a0c4-70cb7631f41c/appium/settings [2.012042ms] OK body={"settings":{"implicitWait":100}}
14:01:48.599787 GET /session/cc80999b-dcbf-4f99-a0c4-70cb7631f41c/appium/device/info [21.421209ms] OK body=
14:01:48.606493 POST /session/cc80999b-dcbf-4f99-a0c4-70cb7631f41c/appium/settings [5.037083ms] OK body={"settings":{"waitForIdleTimeout":200}}
14:01:49.327349 POST /session/cc80999b-dcbf-4f99-a0c4-70cb7631f41c/appium/device/launch_app [9.997791ms] OK body={"appId":"com.kylebrowning.landmarks"}
14:01:51.978402 POST /session/cc80999b-dcbf-4f99-a0c4-70cb7631f41c/element [152.331458ms] ERR:404 body={"strategy":"-android uiautomator","selector":"new UiSelector().textContains(\"Landmark 30\")"}
14:01:52.533745 POST /session/cc80999b-dcbf-4f99-a0c4-70cb7631f41c/element [555.13525ms] ERR:404 body={"strategy":"-android uiautomator","selector":"new UiSelector().descriptionContains(\"Landmark 30\")...
14:01:52.563992 POST /session/cc80999b-dcbf-4f99-a0c4-70cb7631f41c/element [30.134625ms] ERR:404 body={"strategy":"-android uiautomator","selector":"new UiSelector().textMatches(\"(?is).*\\QLandmark 30\...
14:01:52.593093 POST /session/cc80999b-dcbf-4f99-a0c4-70cb7631f41c/element [28.979417ms] ERR:404 body={"strategy":"-android uiautomator","selector":"new UiSelector().descriptionMatches(\"(?is).*\\QLandm...
14:01:52.622316 POST /session/cc80999b-dcbf-4f99-a0c4-70cb7631f41c/element [29.127875ms] ERR:404 body={"strategy":"-android uiautomator","selector":"new UiSelector().textContains(\"Landmark 30\")"}
14:01:52.668678 POST /session/cc80999b-dcbf-4f99-a0c4-70cb7631f41c/element [46.261209ms] ERR:404 body={"strategy":"-android uiautomator","selector":"new UiSelector().descriptionContains(\"Landmark 30\")...
14:01:52.696655 POST /session/cc80999b-dcbf-4f99-a0c4-70cb7631f41c/element [27.84725ms] ERR:404 body={"strategy":"-android uiautomator","selector":"new UiSelector().textMatches(\"(?is).*\\QLandmark 30\...
14:01:52.723362 POST /session/cc80999b-dcbf-4f99-a0c4-70cb7631f41c/element [26.4145ms] ERR:404 body={"strategy":"-android uiautomator","selector":"new UiSelector().descriptionMatches(\"(?is).*\\QLandm...
14:01:52.749453 POST /session/cc80999b-dcbf-4f99-a0c4-70cb7631f41c/element [25.967667ms] ERR:404 body={"strategy":"-android uiautomator","selector":"new UiSelector().textContains(\"Landmark 30\")"}
14:01:52.774293 POST /session/cc80999b-dcbf-4f99-a0c4-70cb7631f41c/element [24.72125ms] ERR:404 body={"strategy":"-android uiautomator","selector":"new UiSelector().descriptionContains(\"Landmark 30\")...
14:01:52.798533 POST /session/cc80999b-dcbf-4f99-a0c4-70cb7631f41c/element [24.154917ms] ERR:404 body={"strategy":"-android uiautomator","selector":"new UiSelector().textMatches(\"(?is).*\\QLandmark 30\...
14:01:52.823816 POST /session/cc80999b-dcbf-4f99-a0c4-70cb7631f41c/element [25.182834ms] ERR:404 body={"strategy":"-android uiautomator","selector":"new UiSelector().descriptionMatches(\"(?is).*\\QLandm...
14:01:52.853457 POST /session/cc80999b-dcbf-4f99-a0c4-70cb7631f41c/element [29.531ms] ERR:404 body={"strategy":"-android uiautomator","selector":"new UiSelector().textContains(\"Landmark 30\")"}
14:01:52.880745 POST /session/cc80999b-dcbf-4f99-a0c4-70cb7631f41c/element [27.15175ms] ERR:404 body={"strategy":"-android uiautomator","selector":"new UiSelector().descriptionContains(\"Landmark 30\")...
14:01:52.901962 POST /session/cc80999b-dcbf-4f99-a0c4-70cb7631f41c/element [21.116875ms] ERR:404 body={"strategy":"-android uiautomator","selector":"new UiSelector().textMatches(\"(?is).*\\QLandmark 30\...
14:01:52.923914 POST /session/cc80999b-dcbf-4f99-a0c4-70cb7631f41c/element [21.832709ms] ERR:404 body={"strategy":"-android uiautomator","selector":"new UiSelector().descriptionMatches(\"(?is).*\\QLandm...
14:01:52.983903 GET /session/cc80999b-dcbf-4f99-a0c4-70cb7631f41c/source [59.683916ms] OK body=
14:01:53.013352 POST /session/cc80999b-dcbf-4f99-a0c4-70cb7631f41c/element [28.206208ms] ERR:404 body={"strategy":"-android uiautomator","selector":"new UiSelector().textContains(\"Landmark 30\")"}
14:01:53.033133 POST /session/cc80999b-dcbf-4f99-a0c4-70cb7631f41c/element [19.665542ms] ERR:404 body={"strategy":"-android uiautomator","selector":"new UiSelector().descriptionContains(\"Landmark 30\")...
14:01:53.056898 POST /session/cc80999b-dcbf-4f99-a0c4-70cb7631f41c/element [23.679792ms] ERR:404 body={"strategy":"-android uiautomator","selector":"new UiSelector().textMatches(\"(?is).*\\QLandmark 30\...
14:01:53.078244 POST /session/cc80999b-dcbf-4f99-a0c4-70cb7631f41c/element [21.262875ms] ERR:404 body={"strategy":"-android uiautomator","selector":"new UiSelector().descriptionMatches(\"(?is).*\\QLandm...
14:01:53.100186 POST /session/cc80999b-dcbf-4f99-a0c4-70cb7631f41c/element [21.832875ms] ERR:404 body={"strategy":"-android uiautomator","selector":"new UiSelector().textContains(\"Landmark 30\")"}
14:01:53.127604 POST /session/cc80999b-dcbf-4f99-a0c4-70cb7631f41c/element [27.314875ms] ERR:404 body={"strategy":"-android uiautomator","selector":"new UiSelector().descriptionContains(\"Landmark 30\")...
14:01:53.171647 POST /session/cc80999b-dcbf-4f99-a0c4-70cb7631f41c/element [43.937334ms] ERR:404 body={"strategy":"-android uiautomator","selector":"new UiSelector().textMatches(\"(?is).*\\QLandmark 30\...
14:01:53.212236 POST /session/cc80999b-dcbf-4f99-a0c4-70cb7631f41c/element [40.45525ms] ERR:404 body={"strategy":"-android uiautomator","selector":"new UiSelector().descriptionMatches(\"(?is).*\\QLandm...
14:01:53.241922 POST /session/cc80999b-dcbf-4f99-a0c4-70cb7631f41c/element [29.583583ms] ERR:404 body={"strategy":"-android uiautomator","selector":"new UiSelector().textContains(\"Landmark 30\")"}
14:01:53.266918 POST /session/cc80999b-dcbf-4f99-a0c4-70cb7631f41c/element [24.901ms] ERR:404 body={"strategy":"-android uiautomator","selector":"new UiSelector().descriptionContains(\"Landmark 30\")...
14:01:53.278171 POST /session/cc80999b-dcbf-4f99-a0c4-70cb7631f41c/element [11.16ms] ERR:404 body={"strategy":"-android uiautomator","selector":"new UiSelector().textMatches(\"(?is).*\\QLandmark 30\...
14:01:53.304126 POST /session/cc80999b-dcbf-4f99-a0c4-70cb7631f41c/element [25.850583ms] ERR:404 body={"strategy":"-android uiautomator","selector":"new UiSelector().descriptionMatches(\"(?is).*\\QLandm...
14:01:53.325621 POST /session/cc80999b-dcbf-4f99-a0c4-70cb7631f41c/element [21.396166ms] ERR:404 body={"strategy":"-android uiautomator","selector":"new UiSelector().textContains(\"Landmark 30\")"}
14:01:53.348604 POST /session/cc80999b-dcbf-4f99-a0c4-70cb7631f41c/element [22.880375ms] ERR:404 body={"strategy":"-android uiautomator","selector":"new UiSelector().descriptionContains(\"Landmark 30\")...
14:01:53.371052 POST /session/cc80999b-dcbf-4f99-a0c4-70cb7631f41c/element [22.36ms] ERR:404 body={"strategy":"-android uiautomator","selector":"new UiSelector().textMatches(\"(?is).*\\QLandmark 30\...
14:01:53.395502 POST /session/cc80999b-dcbf-4f99-a0c4-70cb7631f41c/element [24.370083ms] ERR:404 body={"strategy":"-android uiautomator","selector":"new UiSelector().descriptionMatches(\"(?is).*\\QLandm...
14:01:53.418889 POST /session/cc80999b-dcbf-4f99-a0c4-70cb7631f41c/element [23.312459ms] ERR:404 body={"strategy":"-android uiautomator","selector":"new UiSelector().textContains(\"Landmark 30\")"}
14:01:53.440161 POST /session/cc80999b-dcbf-4f99-a0c4-70cb7631f41c/element [21.182375ms] ERR:404 body={"strategy":"-android uiautomator","selector":"new UiSelector().descriptionContains(\"Landmark 30\")...
14:01:53.466368 POST /session/cc80999b-dcbf-4f99-a0c4-70cb7631f41c/element [26.104209ms] ERR:404 body={"strategy":"-android uiautomator","selector":"new UiSelector().textMatches(\"(?is).*\\QLandmark 30\...
14:01:53.489220 POST /session/cc80999b-dcbf-4f99-a0c4-70cb7631f41c/element [22.721792ms] ERR:404 body={"strategy":"-android uiautomator","selector":"new UiSelector().descriptionMatches(\"(?is).*\\QLandm...
14:01:53.509896 POST /session/cc80999b-dcbf-4f99-a0c4-70cb7631f41c/element [20.555417ms] ERR:404 body={"strategy":"-android uiautomator","selector":"new UiSelector().textContains(\"Landmark 30\")"}
14:01:53.532308 POST /session/cc80999b-dcbf-4f99-a0c4-70cb7631f41c/element [22.318916ms] ERR:404 body={"strategy":"-android uiautomator","selector":"new UiSelector().descriptionContains(\"Landmark 30\")...
14:01:53.554283 POST /session/cc80999b-dcbf-4f99-a0c4-70cb7631f41c/element [21.877959ms] ERR:404 body={"strategy":"-android uiautomator","selector":"new UiSelector().textMatches(\"(?is).*\\QLandmark 30\...
14:01:53.573919 POST /session/cc80999b-dcbf-4f99-a0c4-70cb7631f41c/element [19.550791ms] ERR:404 body={"strategy":"-android uiautomator","selector":"new UiSelector().descriptionMatches(\"(?is).*\\QLandm...
14:01:53.583661 POST /session/cc80999b-dcbf-4f99-a0c4-70cb7631f41c/element [9.652ms] ERR:404 body={"strategy":"-android uiautomator","selector":"new UiSelector().textContains(\"Landmark 30\")"}
14:01:53.604279 POST /session/cc80999b-dcbf-4f99-a0c4-70cb7631f41c/element [20.51625ms] ERR:404 body={"strategy":"-android uiautomator","selector":"new UiSelector().descriptionContains(\"Landmark 30\")...
14:01:53.628744 POST /session/cc80999b-dcbf-4f99-a0c4-70cb7631f41c/element [24.363209ms] ERR:404 body={"strategy":"-android uiautomator","selector":"new UiSelector().textMatches(\"(?is).*\\QLandmark 30\...
14:01:53.652533 POST /session/cc80999b-dcbf-4f99-a0c4-70cb7631f41c/element [23.692791ms] ERR:404 body={"strategy":"-android uiautomator","selector":"new UiSelector().descriptionMatches(\"(?is).*\\QLandm...
14:01:53.671821 POST /session/cc80999b-dcbf-4f99-a0c4-70cb7631f41c/element [19.207084ms] ERR:404 body={"strategy":"-android uiautomator","selector":"new UiSelector().textContains(\"Landmark 30\")"}
14:01:53.697473 POST /session/cc80999b-dcbf-4f99-a0c4-70cb7631f41c/element [25.534792ms] ERR:404 body={"strategy":"-android uiautomator","selector":"new UiSelector().descriptionContains(\"Landmark 30\")...
14:01:53.717839 POST /session/cc80999b-dcbf-4f99-a0c4-70cb7631f41c/element [20.270458ms] ERR:404 body={"strategy":"-android uiautomator","selector":"new UiSelector().textMatches(\"(?is).*\\QLandmark 30\...
14:01:53.741338 POST /session/cc80999b-dcbf-4f99-a0c4-70cb7631f41c/element [23.383541ms] ERR:404 body={"strategy":"-android uiautomator","selector":"new UiSelector().descriptionMatches(\"(?is).*\\QLandm...
14:01:53.762799 POST /session/cc80999b-dcbf-4f99-a0c4-70cb7631f41c/element [21.109292ms] ERR:404 body={"strategy":"-android uiautomator","selector":"new UiSelector().textContains(\"Landmark 30\")"}
14:01:53.797405 POST /session/cc80999b-dcbf-4f99-a0c4-70cb7631f41c/element [34.487791ms] ERR:404 body={"strategy":"-android uiautomator","selector":"new UiSelector().descriptionContains(\"Landmark 30\")...
14:01:53.832226 POST /session/cc80999b-dcbf-4f99-a0c4-70cb7631f41c/element [34.546958ms] ERR:404 body={"strategy":"-android uiautomator","selector":"new UiSelector().textMatches(\"(?is).*\\QLandmark 30\...
14:01:53.853719 POST /session/cc80999b-dcbf-4f99-a0c4-70cb7631f41c/element [21.234375ms] ERR:404 body={"strategy":"-android uiautomator","selector":"new UiSelector().descriptionMatches(\"(?is).*\\QLandm...
14:01:53.905563 POST /session/cc80999b-dcbf-4f99-a0c4-70cb7631f41c/element [51.529917ms] ERR:404 body={"strategy":"-android uiautomator","selector":"new UiSelector().textContains(\"Landmark 30\")"}
14:01:53.935188 POST /session/cc80999b-dcbf-4f99-a0c4-70cb7631f41c/element [29.518625ms] ERR:404 body={"strategy":"-android uiautomator","selector":"new UiSelector().descriptionContains(\"Landmark 30\")...
14:01:53.956326 POST /session/cc80999b-dcbf-4f99-a0c4-70cb7631f41c/element [21.047375ms] ERR:404 body={"strategy":"-android uiautomator","selector":"new UiSelector().textMatches(\"(?is).*\\QLandmark 30\...
14:01:53.977298 POST /session/cc80999b-dcbf-4f99-a0c4-70cb7631f41c/element [20.873458ms] ERR:404 body={"strategy":"-android uiautomator","selector":"new UiSelector().descriptionMatches(\"(?is).*\\QLandm...
14:01:54.000031 POST /session/cc80999b-dcbf-4f99-a0c4-70cb7631f41c/element [22.609542ms] ERR:404 body={"strategy":"-android uiautomator","selector":"new UiSelector().textContains(\"Landmark 30\")"}
14:01:54.035068 POST /session/cc80999b-dcbf-4f99-a0c4-70cb7631f41c/element [34.953333ms] ERR:404 body={"strategy":"-android uiautomator","selector":"new UiSelector().descriptionContains(\"Landmark 30\")...
14:01:54.056304 POST /session/cc80999b-dcbf-4f99-a0c4-70cb7631f41c/element [21.138916ms] ERR:404 body={"strategy":"-android uiautomator","selector":"new UiSelector().textMatches(\"(?is).*\\QLandmark 30\...
14:01:54.079819 POST /session/cc80999b-dcbf-4f99-a0c4-70cb7631f41c/element [23.404958ms] ERR:404 body={"strategy":"-android uiautomator","selector":"new UiSelector().descriptionMatches(\"(?is).*\\QLandm...
14:01:54.120033 GET /session/cc80999b-dcbf-4f99-a0c4-70cb7631f41c/source [39.828459ms] OK body=
14:01:54.141730 POST /session/cc80999b-dcbf-4f99-a0c4-70cb7631f41c/element [20.803125ms] ERR:404 body={"strategy":"-android uiautomator","selector":"new UiSelector().textContains(\"Landmark 30\")"}
14:01:54.188516 POST /session/cc80999b-dcbf-4f99-a0c4-70cb7631f41c/element [46.646042ms] ERR:404 body={"strategy":"-android uiautomator","selector":"new UiSelector().descriptionContains(\"Landmark 30\")...
14:01:54.220608 POST /session/cc80999b-dcbf-4f99-a0c4-70cb7631f41c/element [31.992917ms] ERR:404 body={"strategy":"-android uiautomator","selector":"new UiSelector().textMatches(\"(?is).*\\QLandmark 30\...
14:01:54.238175 POST /session/cc80999b-dcbf-4f99-a0c4-70cb7631f41c/element [17.454292ms] ERR:404 body={"strategy":"-android uiautomator","selector":"new UiSelector().descriptionMatches(\"(?is).*\\QLandm...
14:01:54.270812 POST /session/cc80999b-dcbf-4f99-a0c4-70cb7631f41c/element [32.477ms] ERR:404 body={"strategy":"-android uiautomator","selector":"new UiSelector().textContains(\"Landmark 30\")"}
14:01:54.291248 POST /session/cc80999b-dcbf-4f99-a0c4-70cb7631f41c/element [20.349875ms] ERR:404 body={"strategy":"-android uiautomator","selector":"new UiSelector().descriptionContains(\"Landmark 30\")...
14:01:54.315024 POST /session/cc80999b-dcbf-4f99-a0c4-70cb7631f41c/element [23.689459ms] ERR:404 body={"strategy":"-android uiautomator","selector":"new UiSelector().textMatches(\"(?is).*\\QLandmark 30\...
14:01:54.366737 POST /session/cc80999b-dcbf-4f99-a0c4-70cb7631f41c/element [51.620167ms] ERR:404 body={"strategy":"-android uiautomator","selector":"new UiSelector().descriptionMatches(\"(?is).*\\QLandm...
14:01:54.397895 POST /session/cc80999b-dcbf-4f99-a0c4-70cb7631f41c/element [31.049208ms] ERR:404 body={"strategy":"-android uiautomator","selector":"new UiSelector().textContains(\"Landmark 30\")"}
14:01:54.418945 POST /session/cc80999b-dcbf-4f99-a0c4-70cb7631f41c/element [20.941375ms] ERR:404 body={"strategy":"-android uiautomator","selector":"new UiSelector().descriptionContains(\"Landmark 30\")...
14:01:54.450869 POST /session/cc80999b-dcbf-4f99-a0c4-70cb7631f41c/element [31.817417ms] ERR:404 body={"strategy":"-android uiautomator","selector":"new UiSelector().textMatches(\"(?is).*\\QLandmark 30\...
14:01:54.476621 POST /session/cc80999b-dcbf-4f99-a0c4-70cb7631f41c/element [25.652666ms] ERR:404 body={"strategy":"-android uiautomator","selector":"new UiSelector().descriptionMatches(\"(?is).*\\QLandm...
14:01:54.504511 POST /session/cc80999b-dcbf-4f99-a0c4-70cb7631f41c/element [27.770834ms] ERR:404 body={"strategy":"-android uiautomator","selector":"new UiSelector().textContains(\"Landmark 30\")"}
14:01:54.531425 POST /session/cc80999b-dcbf-4f99-a0c4-70cb7631f41c/element [26.814875ms] ERR:404 body={"strategy":"-android uiautomator","selector":"new UiSelector().descriptionContains(\"Landmark 30\")...
14:01:54.563751 POST /session/cc80999b-dcbf-4f99-a0c4-70cb7631f41c/element [32.211333ms] ERR:404 body={"strategy":"-android uiautomator","selector":"new UiSelector().textMatches(\"(?is).*\\QLandmark 30\...
14:01:54.581681 POST /session/cc80999b-dcbf-4f99-a0c4-70cb7631f41c/element [17.809959ms] ERR:404 body={"strategy":"-android uiautomator","selector":"new UiSelector().descriptionMatches(\"(?is).*\\QLandm...
14:01:54.599280 POST /session/cc80999b-dcbf-4f99-a0c4-70cb7631f41c/element [17.386917ms] ERR:404 body={"strategy":"-android uiautomator","selector":"new UiSelector().textContains(\"Landmark 30\")"}
14:01:54.617717 POST /session/cc80999b-dcbf-4f99-a0c4-70cb7631f41c/element [18.32675ms] ERR:404 body={"strategy":"-android uiautomator","selector":"new UiSelector().descriptionContains(\"Landmark 30\")...
14:01:54.642834 POST /session/cc80999b-dcbf-4f99-a0c4-70cb7631f41c/element [25.033ms] ERR:404 body={"strategy":"-android uiautomator","selector":"new UiSelector().textMatches(\"(?is).*\\QLandmark 30\...
14:01:54.670392 POST /session/cc80999b-dcbf-4f99-a0c4-70cb7631f41c/element [27.450458ms] ERR:404 body={"strategy":"-android uiautomator","selector":"new UiSelector().descriptionMatches(\"(?is).*\\QLandm...
14:01:54.694554 POST /session/cc80999b-dcbf-4f99-a0c4-70cb7631f41c/element [24.05225ms] ERR:404 body={"strategy":"-android uiautomator","selector":"new UiSelector().textContains(\"Landmark 30\")"}
14:01:54.720234 POST /session/cc80999b-dcbf-4f99-a0c4-70cb7631f41c/element [25.537459ms] ERR:404 body={"strategy":"-android uiautomator","selector":"new UiSelector().descriptionContains(\"Landmark 30\")...
14:01:54.747926 POST /session/cc80999b-dcbf-4f99-a0c4-70cb7631f41c/element [27.565417ms] ERR:404 body={"strategy":"-android uiautomator","selector":"new UiSelector().textMatches(\"(?is).*\\QLandmark 30\...
14:01:54.775826 POST /session/cc80999b-dcbf-4f99-a0c4-70cb7631f41c/element [27.80625ms] ERR:404 body={"strategy":"-android uiautomator","selector":"new UiSelector().descriptionMatches(\"(?is).*\\QLandm...
14:01:54.799498 POST /session/cc80999b-dcbf-4f99-a0c4-70cb7631f41c/element [23.574292ms] ERR:404 body={"strategy":"-android uiautomator","selector":"new UiSelector().textContains(\"Landmark 30\")"}
14:01:54.824912 POST /session/cc80999b-dcbf-4f99-a0c4-70cb7631f41c/element [25.295167ms] ERR:404 body={"strategy":"-android uiautomator","selector":"new UiSelector().descriptionContains(\"Landmark 30\")...
14:01:54.858215 POST /session/cc80999b-dcbf-4f99-a0c4-70cb7631f41c/element [33.129834ms] ERR:404 body={"strategy":"-android uiautomator","selector":"new UiSelector().textMatches(\"(?is).*\\QLandmark 30\...
14:01:54.875795 POST /session/cc80999b-dcbf-4f99-a0c4-70cb7631f41c/element [17.448333ms] ERR:404 body={"strategy":"-android uiautomator","selector":"new UiSelector().descriptionMatches(\"(?is).*\\QLandm...
14:01:54.907476 POST /session/cc80999b-dcbf-4f99-a0c4-70cb7631f41c/element [31.574792ms] ERR:404 body={"strategy":"-android uiautomator","selector":"new UiSelector().textContains(\"Landmark 30\")"}
14:01:54.938410 POST /session/cc80999b-dcbf-4f99-a0c4-70cb7631f41c/element [30.838834ms] ERR:404 body={"strategy":"-android uiautomator","selector":"new UiSelector().descriptionContains(\"Landmark 30\")...
14:01:54.962137 POST /session/cc80999b-dcbf-4f99-a0c4-70cb7631f41c/element [23.62075ms] ERR:404 body={"strategy":"-android uiautomator","selector":"new UiSelector().textMatches(\"(?is).*\\QLandmark 30\...
14:01:54.984431 POST /session/cc80999b-dcbf-4f99-a0c4-70cb7631f41c/element [22.20425ms] ERR:404 body={"strategy":"-android uiautomator","selector":"new UiSelector().descriptionMatches(\"(?is).*\\QLandm...
14:01:55.014877 POST /session/cc80999b-dcbf-4f99-a0c4-70cb7631f41c/element [30.219541ms] ERR:404 body={"strategy":"-android uiautomator","selector":"new UiSelector().textContains(\"Landmark 30\")"}
14:01:55.047622 POST /session/cc80999b-dcbf-4f99-a0c4-70cb7631f41c/element [32.584ms] ERR:404 body={"strategy":"-android uiautomator","selector":"new UiSelector().descriptionContains(\"Landmark 30\")...
14:01:55.071224 POST /session/cc80999b-dcbf-4f99-a0c4-70cb7631f41c/element [23.499042ms] ERR:404 body={"strategy":"-android uiautomator","selector":"new UiSelector().textMatches(\"(?is).*\\QLandmark 30\...
14:01:55.087231 POST /session/cc80999b-dcbf-4f99-a0c4-70cb7631f41c/element [15.908ms] ERR:404 body={"strategy":"-android uiautomator","selector":"new UiSelector().descriptionMatches(\"(?is).*\\QLandm...
14:01:55.107227 POST /session/cc80999b-dcbf-4f99-a0c4-70cb7631f41c/element [19.86975ms] ERR:404 body={"strategy":"-android uiautomator","selector":"new UiSelector().textContains(\"Landmark 30\")"}
14:01:55.131524 POST /session/cc80999b-dcbf-4f99-a0c4-70cb7631f41c/element [24.179709ms] ERR:404 body={"strategy":"-android uiautomator","selector":"new UiSelector().descriptionContains(\"Landmark 30\")...
14:01:55.157910 POST /session/cc80999b-dcbf-4f99-a0c4-70cb7631f41c/element [26.25325ms] ERR:404 body={"strategy":"-android uiautomator","selector":"new UiSelector().textMatches(\"(?is).*\\QLandmark 30\...
14:01:55.170950 POST /session/cc80999b-dcbf-4f99-a0c4-70cb7631f41c/element [12.947584ms] ERR:404 body={"strategy":"-android uiautomator","selector":"new UiSelector().descriptionMatches(\"(?is).*\\QLandm...
14:01:55.202265 GET /session/cc80999b-dcbf-4f99-a0c4-70cb7631f41c/source [31.085042ms] OK body=
14:01:55.219126 POST /session/cc80999b-dcbf-4f99-a0c4-70cb7631f41c/element [15.447958ms] ERR:404 body={"strategy":"-android uiautomator","selector":"new UiSelector().textContains(\"Landmark 30\")"}
14:01:55.240448 POST /session/cc80999b-dcbf-4f99-a0c4-70cb7631f41c/element [21.137625ms] ERR:404 body={"strategy":"-android uiautomator","selector":"new UiSelector().descriptionContains(\"Landmark 30\")...
14:01:55.271189 POST /session/cc80999b-dcbf-4f99-a0c4-70cb7631f41c/element [30.597916ms] ERR:404 body={"strategy":"-android uiautomator","selector":"new UiSelector().textMatches(\"(?is).*\\QLandmark 30\...
14:01:55.286270 POST /session/cc80999b-dcbf-4f99-a0c4-70cb7631f41c/element [14.978208ms] ERR:404 body={"strategy":"-android uiautomator","selector":"new UiSelector().descriptionMatches(\"(?is).*\\QLandm...
14:01:55.298184 POST /session/cc80999b-dcbf-4f99-a0c4-70cb7631f41c/element [11.74425ms] ERR:404 body={"strategy":"-android uiautomator","selector":"new UiSelector().textContains(\"Landmark 30\")"}
14:01:55.313117 POST /session/cc80999b-dcbf-4f99-a0c4-70cb7631f41c/element [14.851834ms] ERR:404 body={"strategy":"-android uiautomator","selector":"new UiSelector().descriptionContains(\"Landmark 30\")...
14:01:55.412978 POST /session/cc80999b-dcbf-4f99-a0c4-70cb7631f41c/element [99.735625ms] ERR:404 body={"strategy":"-android uiautomator","selector":"new UiSelector().textMatches(\"(?is).*\\QLandmark 30\...
14:01:55.435587 POST /session/cc80999b-dcbf-4f99-a0c4-70cb7631f41c/element [22.532166ms] ERR:404 body={"strategy":"-android uiautomator","selector":"new UiSelector().descriptionMatches(\"(?is).*\\QLandm...
14:01:55.485930 POST /session/cc80999b-dcbf-4f99-a0c4-70cb7631f41c/element [50.238042ms] ERR:404 body={"strategy":"-android uiautomator","selector":"new UiSelector().textContains(\"Landmark 30\")"}
14:01:55.512616 POST /session/cc80999b-dcbf-4f99-a0c4-70cb7631f41c/element [26.475ms] ERR:404 body={"strategy":"-android uiautomator","selector":"new UiSelector().descriptionContains(\"Landmark 30\")...
14:01:55.529766 POST /session/cc80999b-dcbf-4f99-a0c4-70cb7631f41c/element [16.834917ms] ERR:404 body={"strategy":"-android uiautomator","selector":"new UiSelector().textMatches(\"(?is).*\\QLandmark 30\...
14:01:55.570654 POST /session/cc80999b-dcbf-4f99-a0c4-70cb7631f41c/element [40.739458ms] ERR:404 body={"strategy":"-android uiautomator","selector":"new UiSelector().descriptionMatches(\"(?is).*\\QLandm...
14:01:55.589846 POST /session/cc80999b-dcbf-4f99-a0c4-70cb7631f41c/element [19.080375ms] ERR:404 body={"strategy":"-android uiautomator","selector":"new UiSelector().textContains(\"Landmark 30\")"}
14:01:55.616008 POST /session/cc80999b-dcbf-4f99-a0c4-70cb7631f41c/element [25.999459ms] ERR:404 body={"strategy":"-android uiautomator","selector":"new UiSelector().descriptionContains(\"Landmark 30\")...
14:01:55.639527 POST /session/cc80999b-dcbf-4f99-a0c4-70cb7631f41c/element [23.406375ms] ERR:404 body={"strategy":"-android uiautomator","selector":"new UiSelector().textMatches(\"(?is).*\\QLandmark 30\...
14:01:55.668193 POST /session/cc80999b-dcbf-4f99-a0c4-70cb7631f41c/element [28.565292ms] ERR:404 body={"strategy":"-android uiautomator","selector":"new UiSelector().descriptionMatches(\"(?is).*\\QLandm...
14:01:55.678603 POST /session/cc80999b-dcbf-4f99-a0c4-70cb7631f41c/element [10.317375ms] ERR:404 body={"strategy":"-android uiautomator","selector":"new UiSelector().textContains(\"Landmark 30\")"}
14:01:55.700682 POST /session/cc80999b-dcbf-4f99-a0c4-70cb7631f41c/element [21.984584ms] ERR:404 body={"strategy":"-android uiautomator","selector":"new UiSelector().descriptionContains(\"Landmark 30\")...
14:01:55.725983 POST /session/cc80999b-dcbf-4f99-a0c4-70cb7631f41c/element [25.180708ms] ERR:404 body={"strategy":"-android uiautomator","selector":"new UiSelector().textMatches(\"(?is).*\\QLandmark 30\...
14:01:55.752042 POST /session/cc80999b-dcbf-4f99-a0c4-70cb7631f41c/element [25.973416ms] ERR:404 body={"strategy":"-android uiautomator","selector":"new UiSelector().descriptionMatches(\"(?is).*\\QLandm...
14:01:55.775493 POST /session/cc80999b-dcbf-4f99-a0c4-70cb7631f41c/element [23.346833ms] ERR:404 body={"strategy":"-android uiautomator","selector":"new UiSelector().textContains(\"Landmark 30\")"}
14:01:55.797719 POST /session/cc80999b-dcbf-4f99-a0c4-70cb7631f41c/element [22.139458ms] ERR:404 body={"strategy":"-android uiautomator","selector":"new UiSelector().descriptionContains(\"Landmark 30\")...
14:01:55.822174 POST /session/cc80999b-dcbf-4f99-a0c4-70cb7631f41c/element [24.367541ms] ERR:404 body={"strategy":"-android uiautomator","selector":"new UiSelector().textMatches(\"(?is).*\\QLandmark 30\...
14:01:55.843130 POST /session/cc80999b-dcbf-4f99-a0c4-70cb7631f41c/element [20.860084ms] ERR:404 body={"strategy":"-android uiautomator","selector":"new UiSelector().descriptionMatches(\"(?is).*\\QLandm...
14:01:55.870262 POST /session/cc80999b-dcbf-4f99-a0c4-70cb7631f41c/element [27.050958ms] ERR:404 body={"strategy":"-android uiautomator","selector":"new UiSelector().textContains(\"Landmark 30\")"}
14:01:55.885444 POST /session/cc80999b-dcbf-4f99-a0c4-70cb7631f41c/element [14.749167ms] ERR:404 body={"strategy":"-android uiautomator","selector":"new UiSelector().descriptionContains(\"Landmark 30\")...
14:01:55.917365 POST /session/cc80999b-dcbf-4f99-a0c4-70cb7631f41c/element [31.819209ms] ERR:404 body={"strategy":"-android uiautomator","selector":"new UiSelector().textMatches(\"(?is).*\\QLandmark 30\...
14:01:55.940656 POST /session/cc80999b-dcbf-4f99-a0c4-70cb7631f41c/element [23.197958ms] ERR:404 body={"strategy":"-android uiautomator","selector":"new UiSelector().descriptionMatches(\"(?is).*\\QLandm...
14:01:55.959598 POST /session/cc80999b-dcbf-4f99-a0c4-70cb7631f41c/element [18.79775ms] ERR:404 body={"strategy":"-android uiautomator","selector":"new UiSelector().textContains(\"Landmark 30\")"}
14:01:55.979769 POST /session/cc80999b-dcbf-4f99-a0c4-70cb7631f41c/element [20.056041ms] ERR:404 body={"strategy":"-android uiautomator","selector":"new UiSelector().descriptionContains(\"Landmark 30\")...
14:01:56.003208 POST /session/cc80999b-dcbf-4f99-a0c4-70cb7631f41c/element [23.321791ms] ERR:404 body={"strategy":"-android uiautomator","selector":"new UiSelector().textMatches(\"(?is).*\\QLandmark 30\...
14:01:56.022872 POST /session/cc80999b-dcbf-4f99-a0c4-70cb7631f41c/element [19.492375ms] ERR:404 body={"strategy":"-android uiautomator","selector":"new UiSelector().descriptionMatches(\"(?is).*\\QLandm...
14:01:56.043420 POST /session/cc80999b-dcbf-4f99-a0c4-70cb7631f41c/element [20.410917ms] ERR:404 body={"strategy":"-android uiautomator","selector":"new UiSelector().textContains(\"Landmark 30\")"}
14:01:56.063686 POST /session/cc80999b-dcbf-4f99-a0c4-70cb7631f41c/element [20.173708ms] ERR:404 body={"strategy":"-android uiautomator","selector":"new UiSelector().descriptionContains(\"Landmark 30\")...
14:01:56.083822 POST /session/cc80999b-dcbf-4f99-a0c4-70cb7631f41c/element [20.014333ms] ERR:404 body={"strategy":"-android uiautomator","selector":"new UiSelector().textMatches(\"(?is).*\\QLandmark 30\...
14:01:56.095618 POST /session/cc80999b-dcbf-4f99-a0c4-70cb7631f41c/element [11.704958ms] ERR:404 body={"strategy":"-android uiautomator","selector":"new UiSelector().descriptionMatches(\"(?is).*\\QLandm...
14:01:56.119115 POST /session/cc80999b-dcbf-4f99-a0c4-70cb7631f41c/element [23.367625ms] ERR:404 body={"strategy":"-android uiautomator","selector":"new UiSelector().textContains(\"Landmark 30\")"}
14:01:56.139163 POST /session/cc80999b-dcbf-4f99-a0c4-70cb7631f41c/element [19.950375ms] ERR:404 body={"strategy":"-android uiautomator","selector":"new UiSelector().descriptionContains(\"Landmark 30\")...
14:01:56.162574 POST /session/cc80999b-dcbf-4f99-a0c4-70cb7631f41c/element [23.306291ms] ERR:404 body={"strategy":"-android uiautomator","selector":"new UiSelector().textMatches(\"(?is).*\\QLandmark 30\...
14:01:56.185144 POST /session/cc80999b-dcbf-4f99-a0c4-70cb7631f41c/element [22.459ms] ERR:404 body={"strategy":"-android uiautomator","selector":"new UiSelector().descriptionMatches(\"(?is).*\\QLandm...
14:01:56.212400 POST /session/cc80999b-dcbf-4f99-a0c4-70cb7631f41c/element [27.163291ms] ERR:404 body={"strategy":"-android uiautomator","selector":"new UiSelector().textContains(\"Landmark 30\")"}
14:01:56.234544 POST /session/cc80999b-dcbf-4f99-a0c4-70cb7631f41c/element [22.045041ms] ERR:404 body={"strategy":"-android uiautomator","selector":"new UiSelector().descriptionContains(\"Landmark 30\")...
14:01:56.272293 POST /session/cc80999b-dcbf-4f99-a0c4-70cb7631f41c/element [37.61875ms] ERR:404 body={"strategy":"-android uiautomator","selector":"new UiSelector().textMatches(\"(?is).*\\QLandmark 30\...
14:01:56.289142 POST /session/cc80999b-dcbf-4f99-a0c4-70cb7631f41c/element [16.735208ms] ERR:404 body={"strategy":"-android uiautomator","selector":"new UiSelector().descriptionMatches(\"(?is).*\\QLandm...
14:01:56.316282 GET /session/cc80999b-dcbf-4f99-a0c4-70cb7631f41c/source [26.932625ms] OK body=
14:01:56.329988 POST /session/cc80999b-dcbf-4f99-a0c4-70cb7631f41c/element [12.804709ms] ERR:404 body={"strategy":"-android uiautomator","selector":"new UiSelector().textContains(\"Landmark 30\")"}
14:01:56.346654 POST /session/cc80999b-dcbf-4f99-a0c4-70cb7631f41c/element [16.565791ms] ERR:404 body={"strategy":"-android uiautomator","selector":"new UiSelector().descriptionContains(\"Landmark 30\")...
14:01:56.366339 POST /session/cc80999b-dcbf-4f99-a0c4-70cb7631f41c/element [19.597791ms] ERR:404 body={"strategy":"-android uiautomator","selector":"new UiSelector().textMatches(\"(?is).*\\QLandmark 30\...
14:01:56.374610 POST /session/cc80999b-dcbf-4f99-a0c4-70cb7631f41c/element [8.146ms] ERR:404 body={"strategy":"-android uiautomator","selector":"new UiSelector().descriptionMatches(\"(?is).*\\QLandm...
14:01:56.397571 POST /session/cc80999b-dcbf-4f99-a0c4-70cb7631f41c/element [22.4165ms] ERR:404 body={"strategy":"-android uiautomator","selector":"new UiSelector().textContains(\"Landmark 30\")"}
14:01:56.418673 POST /session/cc80999b-dcbf-4f99-a0c4-70cb7631f41c/element [20.894208ms] ERR:404 body={"strategy":"-android uiautomator","selector":"new UiSelector().descriptionContains(\"Landmark 30\")...
14:01:56.473146 POST /session/cc80999b-dcbf-4f99-a0c4-70cb7631f41c/element [54.3205ms] ERR:404 body={"strategy":"-android uiautomator","selector":"new UiSelector().textMatches(\"(?is).*\\QLandmark 30\...
14:01:56.522330 POST /session/cc80999b-dcbf-4f99-a0c4-70cb7631f41c/element [48.93075ms] ERR:404 body={"strategy":"-android uiautomator","selector":"new UiSelector().descriptionMatches(\"(?is).*\\QLandm...
14:01:56.593734 POST /session/cc80999b-dcbf-4f99-a0c4-70cb7631f41c/element [71.247458ms] ERR:404 body={"strategy":"-android uiautomator","selector":"new UiSelector().textContains(\"Landmark 30\")"}
14:01:57.059502 POST /session/cc80999b-dcbf-4f99-a0c4-70cb7631f41c/element [465.607166ms] ERR:404 body={"strategy":"-android uiautomator","selector":"new UiSelector().descriptionContains(\"Landmark 30\")...
14:01:57.105014 POST /session/cc80999b-dcbf-4f99-a0c4-70cb7631f41c/element [45.374792ms] ERR:404 body={"strategy":"-android uiautomator","selector":"new UiSelector().textMatches(\"(?is).*\\QLandmark 30\...
14:01:57.135336 POST /session/cc80999b-dcbf-4f99-a0c4-70cb7631f41c/element [30.236166ms] ERR:404 body={"strategy":"-android uiautomator","selector":"new UiSelector().descriptionMatches(\"(?is).*\\QLandm...
14:01:57.159780 POST /session/cc80999b-dcbf-4f99-a0c4-70cb7631f41c/element [23.448584ms] ERR:404 body={"strategy":"-android uiautomator","selector":"new UiSelector().textContains(\"Landmark 30\")"}
14:01:57.173276 POST /session/cc80999b-dcbf-4f99-a0c4-70cb7631f41c/element [13.392ms] ERR:404 body={"strategy":"-android uiautomator","selector":"new UiSelector().descriptionContains(\"Landmark 30\")...
14:01:57.198997 POST /session/cc80999b-dcbf-4f99-a0c4-70cb7631f41c/element [25.613625ms] ERR:404 body={"strategy":"-android uiautomator","selector":"new UiSelector().textMatches(\"(?is).*\\QLandmark 30\...
14:01:57.209306 POST /session/cc80999b-dcbf-4f99-a0c4-70cb7631f41c/element [10.219833ms] ERR:404 body={"strategy":"-android uiautomator","selector":"new UiSelector().descriptionMatches(\"(?is).*\\QLandm...
14:01:57.238507 POST /session/cc80999b-dcbf-4f99-a0c4-70cb7631f41c/element [29.111875ms] ERR:404 body={"strategy":"-android uiautomator","selector":"new UiSelector().textContains(\"Landmark 30\")"}
14:01:57.269503 POST /session/cc80999b-dcbf-4f99-a0c4-70cb7631f41c/element [30.913875ms] ERR:404 body={"strategy":"-android uiautomator","selector":"new UiSelector().descriptionContains(\"Landmark 30\")...
14:01:57.287055 POST /session/cc80999b-dcbf-4f99-a0c4-70cb7631f41c/element [17.478208ms] ERR:404 body={"strategy":"-android uiautomator","selector":"new UiSelector().textMatches(\"(?is).*\\QLandmark 30\...
14:01:57.303697 POST /session/cc80999b-dcbf-4f99-a0c4-70cb7631f41c/element [16.485125ms] ERR:404 body={"strategy":"-android uiautomator","selector":"new UiSelector().descriptionMatches(\"(?is).*\\QLandm...
14:01:57.334896 POST /session/cc80999b-dcbf-4f99-a0c4-70cb7631f41c/element [31.10475ms] ERR:404 body={"strategy":"-android uiautomator","selector":"new UiSelector().textContains(\"Landmark 30\")"}
14:01:57.354107 POST /session/cc80999b-dcbf-4f99-a0c4-70cb7631f41c/element [19.116916ms] ERR:404 body={"strategy":"-android uiautomator","selector":"new UiSelector().descriptionContains(\"Landmark 30\")...
14:01:57.369427 POST /session/cc80999b-dcbf-4f99-a0c4-70cb7631f41c/element [15.199625ms] ERR:404 body={"strategy":"-android uiautomator","selector":"new UiSelector().textMatches(\"(?is).*\\QLandmark 30\...
14:01:57.391095 POST /session/cc80999b-dcbf-4f99-a0c4-70cb7631f41c/element [21.551167ms] ERR:404 body={"strategy":"-android uiautomator","selector":"new UiSelector().descriptionMatches(\"(?is).*\\QLandm...
14:01:57.417378 GET /session/cc80999b-dcbf-4f99-a0c4-70cb7631f41c/source [26.001083ms] OK body=
14:01:57.439400 POST /session/cc80999b-dcbf-4f99-a0c4-70cb7631f41c/element [20.588ms] ERR:404 body={"strategy":"-android uiautomator","selector":"new UiSelector().textContains(\"Landmark 30\")"}
14:01:57.459906 POST /session/cc80999b-dcbf-4f99-a0c4-70cb7631f41c/element [20.381542ms] ERR:404 body={"strategy":"-android uiautomator","selector":"new UiSelector().descriptionContains(\"Landmark 30\")...
14:01:57.478750 POST /session/cc80999b-dcbf-4f99-a0c4-70cb7631f41c/element [18.662583ms] ERR:404 body={"strategy":"-android uiautomator","selector":"new UiSelector().textMatches(\"(?is).*\\QLandmark 30\...
14:01:57.505106 POST /session/cc80999b-dcbf-4f99-a0c4-70cb7631f41c/element [26.210875ms] ERR:404 body={"strategy":"-android uiautomator","selector":"new UiSelector().descriptionMatches(\"(?is).*\\QLandm...
14:01:57.530599 POST /session/cc80999b-dcbf-4f99-a0c4-70cb7631f41c/element [25.324708ms] ERR:404 body={"strategy":"-android uiautomator","selector":"new UiSelector().textContains(\"Landmark 30\")"}
14:01:57.551859 POST /session/cc80999b-dcbf-4f99-a0c4-70cb7631f41c/element [21.083333ms] ERR:404 body={"strategy":"-android uiautomator","selector":"new UiSelector().descriptionContains(\"Landmark 30\")...
14:01:57.571488 POST /session/cc80999b-dcbf-4f99-a0c4-70cb7631f41c/element [19.443375ms] ERR:404 body={"strategy":"-android uiautomator","selector":"new UiSelector().textMatches(\"(?is).*\\QLandmark 30\...
14:01:57.596610 POST /session/cc80999b-dcbf-4f99-a0c4-70cb7631f41c/element [24.978ms] ERR:404 body={"strategy":"-android uiautomator","selector":"new UiSelector().descriptionMatches(\"(?is).*\\QLandm...
14:01:57.608604 POST /session/cc80999b-dcbf-4f99-a0c4-70cb7631f41c/element [11.884667ms] ERR:404 body={"strategy":"-android uiautomator","selector":"new UiSelector().textContains(\"Landmark 30\")"}
14:01:57.628058 POST /session/cc80999b-dcbf-4f99-a0c4-70cb7631f41c/element [19.331333ms] ERR:404 body={"strategy":"-android uiautomator","selector":"new UiSelector().descriptionContains(\"Landmark 30\")...
14:01:57.643940 POST /session/cc80999b-dcbf-4f99-a0c4-70cb7631f41c/element [15.732ms] ERR:404 body={"strategy":"-android uiautomator","selector":"new UiSelector().textMatches(\"(?is).*\\QLandmark 30\...
14:01:57.651722 POST /session/cc80999b-dcbf-4f99-a0c4-70cb7631f41c/element [7.668541ms] ERR:404 body={"strategy":"-android uiautomator","selector":"new UiSelector().descriptionMatches(\"(?is).*\\QLandm...
14:01:57.680389 POST /session/cc80999b-dcbf-4f99-a0c4-70cb7631f41c/element [28.493292ms] ERR:404 body={"strategy":"-android uiautomator","selector":"new UiSelector().textContains(\"Landmark 30\")"}
14:01:57.696914 POST /session/cc80999b-dcbf-4f99-a0c4-70cb7631f41c/element [16.278875ms] ERR:404 body={"strategy":"-android uiautomator","selector":"new UiSelector().descriptionContains(\"Landmark 30\")...
14:01:57.720946 POST /session/cc80999b-dcbf-4f99-a0c4-70cb7631f41c/element [23.865833ms] ERR:404 body={"strategy":"-android uiautomator","selector":"new UiSelector().textMatches(\"(?is).*\\QLandmark 30\...
14:01:57.743981 POST /session/cc80999b-dcbf-4f99-a0c4-70cb7631f41c/element [22.922417ms] ERR:404 body={"strategy":"-android uiautomator","selector":"new UiSelector().descriptionMatches(\"(?is).*\\QLandm...
14:01:57.759871 POST /session/cc80999b-dcbf-4f99-a0c4-70cb7631f41c/element [15.727959ms] ERR:404 body={"strategy":"-android uiautomator","selector":"new UiSelector().textContains(\"Landmark 30\")"}
14:01:57.773522 POST /session/cc80999b-dcbf-4f99-a0c4-70cb7631f41c/element [13.480291ms] ERR:404 body={"strategy":"-android uiautomator","selector":"new UiSelector().descriptionContains(\"Landmark 30\")...
14:01:57.824948 POST /session/cc80999b-dcbf-4f99-a0c4-70cb7631f41c/element [51.313125ms] ERR:404 body={"strategy":"-android uiautomator","selector":"new UiSelector().textMatches(\"(?is).*\\QLandmark 30\...
14:01:57.889564 POST /session/cc80999b-dcbf-4f99-a0c4-70cb7631f41c/element [64.515625ms] ERR:404 body={"strategy":"-android uiautomator","selector":"new UiSelector().descriptionMatches(\"(?is).*\\QLandm...
14:01:57.953805 POST /session/cc80999b-dcbf-4f99-a0c4-70cb7631f41c/element [64.132125ms] ERR:404 body={"strategy":"-android uiautomator","selector":"new UiSelector().textContains(\"Landmark 30\")"}
14:01:57.964642 POST /session/cc80999b-dcbf-4f99-a0c4-70cb7631f41c/element [10.617917ms] ERR:404 body={"strategy":"-android uiautomator","selector":"new UiSelector().descriptionContains(\"Landmark 30\")...
14:01:57.980962 POST /session/cc80999b-dcbf-4f99-a0c4-70cb7631f41c/element [16.214958ms] ERR:404 body={"strategy":"-android uiautomator","selector":"new UiSelector().textMatches(\"(?is).*\\QLandmark 30\...
14:01:58.000760 POST /session/cc80999b-dcbf-4f99-a0c4-70cb7631f41c/element [19.645375ms] ERR:404 body={"strategy":"-android uiautomator","selector":"new UiSelector().descriptionMatches(\"(?is).*\\QLandm...
14:01:58.014571 POST /session/cc80999b-dcbf-4f99-a0c4-70cb7631f41c/element [13.684792ms] ERR:404 body={"strategy":"-android uiautomator","selector":"new UiSelector().textContains(\"Landmark 30\")"}
14:01:58.035793 POST /session/cc80999b-dcbf-4f99-a0c4-70cb7631f41c/element [21.07775ms] ERR:404 body={"strategy":"-android uiautomator","selector":"new UiSelector().descriptionContains(\"Landmark 30\")...
14:01:58.054709 POST /session/cc80999b-dcbf-4f99-a0c4-70cb7631f41c/element [18.811292ms] ERR:404 body={"strategy":"-android uiautomator","selector":"new UiSelector().textMatches(\"(?is).*\\QLandmark 30\...
14:01:58.086744 POST /session/cc80999b-dcbf-4f99-a0c4-70cb7631f41c/element [31.879041ms] ERR:404 body={"strategy":"-android uiautomator","selector":"new UiSelector().descriptionMatches(\"(?is).*\\QLandm...
14:01:58.106603 POST /session/cc80999b-dcbf-4f99-a0c4-70cb7631f41c/element [19.655625ms] ERR:404 body={"strategy":"-android uiautomator","selector":"new UiSelector().textContains(\"Landmark 30\")"}
14:01:58.119970 POST /session/cc80999b-dcbf-4f99-a0c4-70cb7631f41c/element [13.211542ms] ERR:404 body={"strategy":"-android uiautomator","selector":"new UiSelector().descriptionContains(\"Landmark 30\")...
14:01:58.170648 POST /session/cc80999b-dcbf-4f99-a0c4-70cb7631f41c/element [50.568917ms] ERR:404 body={"strategy":"-android uiautomator","selector":"new UiSelector().textMatches(\"(?is).*\\QLandmark 30\...
14:01:58.180723 POST /session/cc80999b-dcbf-4f99-a0c4-70cb7631f41c/element [9.962833ms] ERR:404 body={"strategy":"-android uiautomator","selector":"new UiSelector().descriptionMatches(\"(?is).*\\QLandm...
14:01:58.204389 POST /session/cc80999b-dcbf-4f99-a0c4-70cb7631f41c/element [23.562833ms] ERR:404 body={"strategy":"-android uiautomator","selector":"new UiSelector().textContains(\"Landmark 30\")"}
14:01:58.241096 POST /session/cc80999b-dcbf-4f99-a0c4-70cb7631f41c/element [36.524333ms] ERR:404 body={"strategy":"-android uiautomator","selector":"new UiSelector().descriptionContains(\"Landmark 30\")...
14:01:58.298450 POST /session/cc80999b-dcbf-4f99-a0c4-70cb7631f41c/element [57.23075ms] ERR:404 body={"strategy":"-android uiautomator","selector":"new UiSelector().textMatches(\"(?is).*\\QLandmark 30\...
14:01:58.314842 POST /session/cc80999b-dcbf-4f99-a0c4-70cb7631f41c/element [16.268083ms] ERR:404 body={"strategy":"-android uiautomator","selector":"new UiSelector().descriptionMatches(\"(?is).*\\QLandm...
14:01:58.332821 POST /session/cc80999b-dcbf-4f99-a0c4-70cb7631f41c/element [17.751917ms] ERR:404 body={"strategy":"-android uiautomator","selector":"new UiSelector().textContains(\"Landmark 30\")"}
14:01:58.363392 POST /session/cc80999b-dcbf-4f99-a0c4-70cb7631f41c/element [30.406375ms] ERR:404 body={"strategy":"-android uiautomator","selector":"new UiSelector().descriptionContains(\"Landmark 30\")...
14:01:58.390072 POST /session/cc80999b-dcbf-4f99-a0c4-70cb7631f41c/element [26.5925ms] ERR:404 body={"strategy":"-android uiautomator","selector":"new UiSelector().textMatches(\"(?is).*\\QLandmark 30\...
14:01:58.415479 POST /session/cc80999b-dcbf-4f99-a0c4-70cb7631f41c/element [25.309459ms] ERR:404 body={"strategy":"-android uiautomator","selector":"new UiSelector().descriptionMatches(\"(?is).*\\QLandm...
14:01:58.427728 POST /session/cc80999b-dcbf-4f99-a0c4-70cb7631f41c/element [12.165375ms] ERR:404 body={"strategy":"-android uiautomator","selector":"new UiSelector().textContains(\"Landmark 30\")"}
14:01:58.453601 POST /session/cc80999b-dcbf-4f99-a0c4-70cb7631f41c/element [25.784417ms] ERR:404 body={"strategy":"-android uiautomator","selector":"new UiSelector().descriptionContains(\"Landmark 30\")...
14:01:58.487268 POST /session/cc80999b-dcbf-4f99-a0c4-70cb7631f41c/element [33.539542ms] ERR:404 body={"strategy":"-android uiautomator","selector":"new UiSelector().textMatches(\"(?is).*\\QLandmark 30\...
14:01:58.521083 POST /session/cc80999b-dcbf-4f99-a0c4-70cb7631f41c/element [33.685042ms] ERR:404 body={"strategy":"-android uiautomator","selector":"new UiSelector().descriptionMatches(\"(?is).*\\QLandm...
14:01:58.555494 GET /session/cc80999b-dcbf-4f99-a0c4-70cb7631f41c/source [34.149167ms] OK body=
14:01:58.574590 POST /session/cc80999b-dcbf-4f99-a0c4-70cb7631f41c/element [17.544375ms] ERR:404 body={"strategy":"-android uiautomator","selector":"new UiSelector().textContains(\"Landmark 30\")"}
14:01:58.597622 POST /session/cc80999b-dcbf-4f99-a0c4-70cb7631f41c/element [22.924292ms] ERR:404 body={"strategy":"-android uiautomator","selector":"new UiSelector().descriptionContains(\"Landmark 30\")...
14:01:58.620695 POST /session/cc80999b-dcbf-4f99-a0c4-70cb7631f41c/element [22.950375ms] ERR:404 body={"strategy":"-android uiautomator","selector":"new UiSelector().textMatches(\"(?is).*\\QLandmark 30\...
14:01:58.642069 POST /session/cc80999b-dcbf-4f99-a0c4-70cb7631f41c/element [21.1345ms] ERR:404 body={"strategy":"-android uiautomator","selector":"new UiSelector().descriptionMatches(\"(?is).*\\QLandm...
14:01:58.652335 POST /session/cc80999b-dcbf-4f99-a0c4-70cb7631f41c/element [10.152708ms] ERR:404 body={"strategy":"-android uiautomator","selector":"new UiSelector().textContains(\"Landmark 30\")"}
14:01:58.667663 POST /session/cc80999b-dcbf-4f99-a0c4-70cb7631f41c/element [15.209417ms] ERR:404 body={"strategy":"-android uiautomator","selector":"new UiSelector().descriptionContains(\"Landmark 30\")...
14:01:58.683883 POST /session/cc80999b-dcbf-4f99-a0c4-70cb7631f41c/element [16.125625ms] ERR:404 body={"strategy":"-android uiautomator","selector":"new UiSelector().textMatches(\"(?is).*\\QLandmark 30\...
14:01:58.708736 POST /session/cc80999b-dcbf-4f99-a0c4-70cb7631f41c/element [24.328709ms] ERR:404 body={"strategy":"-android uiautomator","selector":"new UiSelector().descriptionMatches(\"(?is).*\\QLandm...
14:01:58.740632 POST /session/cc80999b-dcbf-4f99-a0c4-70cb7631f41c/element [31.738875ms] ERR:404 body={"strategy":"-android uiautomator","selector":"new UiSelector().textContains(\"Landmark 30\")"}
14:01:58.758276 POST /session/cc80999b-dcbf-4f99-a0c4-70cb7631f41c/element [17.42825ms] ERR:404 body={"strategy":"-android uiautomator","selector":"new UiSelector().descriptionContains(\"Landmark 30\")...
14:01:58.788285 POST /session/cc80999b-dcbf-4f99-a0c4-70cb7631f41c/element [29.821208ms] ERR:404 body={"strategy":"-android uiautomator","selector":"new UiSelector().textMatches(\"(?is).*\\QLandmark 30\...
14:01:58.805105 POST /session/cc80999b-dcbf-4f99-a0c4-70cb7631f41c/element [16.694416ms] ERR:404 body={"strategy":"-android uiautomator","selector":"new UiSelector().descriptionMatches(\"(?is).*\\QLandm...
14:01:58.835075 POST /session/cc80999b-dcbf-4f99-a0c4-70cb7631f41c/element [29.874458ms] ERR:404 body={"strategy":"-android uiautomator","selector":"new UiSelector().textContains(\"Landmark 30\")"}
14:01:58.858058 POST /session/cc80999b-dcbf-4f99-a0c4-70cb7631f41c/element [22.867916ms] ERR:404 body={"strategy":"-android uiautomator","selector":"new UiSelector().descriptionContains(\"Landmark 30\")...
14:01:58.885155 POST /session/cc80999b-dcbf-4f99-a0c4-70cb7631f41c/element [26.967958ms] ERR:404 body={"strategy":"-android uiautomator","selector":"new UiSelector().textMatches(\"(?is).*\\QLandmark 30\...
14:01:58.900601 POST /session/cc80999b-dcbf-4f99-a0c4-70cb7631f41c/element [15.260917ms] ERR:404 body={"strategy":"-android uiautomator","selector":"new UiSelector().descriptionMatches(\"(?is).*\\QLandm...
14:01:58.916338 POST /session/cc80999b-dcbf-4f99-a0c4-70cb7631f41c/element [15.604333ms] ERR:404 body={"strategy":"-android uiautomator","selector":"new UiSelector().textContains(\"Landmark 30\")"}
14:01:58.925338 POST /session/cc80999b-dcbf-4f99-a0c4-70cb7631f41c/element [8.885375ms] ERR:404 body={"strategy":"-android uiautomator","selector":"new UiSelector().descriptionContains(\"Landmark 30\")...
14:01:58.950628 POST /session/cc80999b-dcbf-4f99-a0c4-70cb7631f41c/element [25.214791ms] ERR:404 body={"strategy":"-android uiautomator","selector":"new UiSelector().textMatches(\"(?is).*\\QLandmark 30\...
14:01:58.971419 POST /session/cc80999b-dcbf-4f99-a0c4-70cb7631f41c/element [20.675125ms] ERR:404 body={"strategy":"-android uiautomator","selector":"new UiSelector().descriptionMatches(\"(?is).*\\QLandm...
14:01:58.987815 POST /session/cc80999b-dcbf-4f99-a0c4-70cb7631f41c/element [16.269542ms] ERR:404 body={"strategy":"-android uiautomator","selector":"new UiSelector().textContains(\"Landmark 30\")"}
14:01:59.000816 POST /session/cc80999b-dcbf-4f99-a0c4-70cb7631f41c/element [12.890209ms] ERR:404 body={"strategy":"-android uiautomator","selector":"new UiSelector().descriptionContains(\"Landmark 30\")...
14:01:59.025067 POST /session/cc80999b-dcbf-4f99-a0c4-70cb7631f41c/element [24.133542ms] ERR:404 body={"strategy":"-android uiautomator","selector":"new UiSelector().textMatches(\"(?is).*\\QLandmark 30\...
14:01:59.043800 POST /session/cc80999b-dcbf-4f99-a0c4-70cb7631f41c/element [18.629708ms] ERR:404 body={"strategy":"-android uiautomator","selector":"new UiSelector().descriptionMatches(\"(?is).*\\QLandm...
14:01:59.073954 POST /session/cc80999b-dcbf-4f99-a0c4-70cb7631f41c/element [30.060125ms] ERR:404 body={"strategy":"-android uiautomator","selector":"new UiSelector().textContains(\"Landmark 30\")"}
14:01:59.097145 POST /session/cc80999b-dcbf-4f99-a0c4-70cb7631f41c/element [23.083375ms] ERR:404 body={"strategy":"-android uiautomator","selector":"new UiSelector().descriptionContains(\"Landmark 30\")...
14:01:59.116113 POST /session/cc80999b-dcbf-4f99-a0c4-70cb7631f41c/element [18.906042ms] ERR:404 body={"strategy":"-android uiautomator","selector":"new UiSelector().textMatches(\"(?is).*\\QLandmark 30\...
14:01:59.137587 POST /session/cc80999b-dcbf-4f99-a0c4-70cb7631f41c/element [21.366125ms] ERR:404 body={"strategy":"-android uiautomator","selector":"new UiSelector().descriptionMatches(\"(?is).*\\QLandm...
14:01:59.171212 POST /session/cc80999b-dcbf-4f99-a0c4-70cb7631f41c/element [33.54125ms] ERR:404 body={"strategy":"-android uiautomator","selector":"new UiSelector().textContains(\"Landmark 30\")"}
14:01:59.190631 POST /session/cc80999b-dcbf-4f99-a0c4-70cb7631f41c/element [19.279041ms] ERR:404 body={"strategy":"-android uiautomator","selector":"new UiSelector().descriptionContains(\"Landmark 30\")...
14:01:59.209465 POST /session/cc80999b-dcbf-4f99-a0c4-70cb7631f41c/element [18.699833ms] ERR:404 body={"strategy":"-android uiautomator","selector":"new UiSelector().textMatches(\"(?is).*\\QLandmark 30\...
14:01:59.228608 POST /session/cc80999b-dcbf-4f99-a0c4-70cb7631f41c/element [19.031292ms] ERR:404 body={"strategy":"-android uiautomator","selector":"new UiSelector().descriptionMatches(\"(?is).*\\QLandm...
14:01:59.237074 POST /session/cc80999b-dcbf-4f99-a0c4-70cb7631f41c/element [8.342125ms] ERR:404 body={"strategy":"-android uiautomator","selector":"new UiSelector().textContains(\"Landmark 30\")"}
14:01:59.255029 POST /session/cc80999b-dcbf-4f99-a0c4-70cb7631f41c/element [17.866292ms] ERR:404 body={"strategy":"-android uiautomator","selector":"new UiSelector().descriptionContains(\"Landmark 30\")...
14:01:59.269026 POST /session/cc80999b-dcbf-4f99-a0c4-70cb7631f41c/element [13.839541ms] ERR:404 body={"strategy":"-android uiautomator","selector":"new UiSelector().textMatches(\"(?is).*\\QLandmark 30\...
14:01:59.294990 POST /session/cc80999b-dcbf-4f99-a0c4-70cb7631f41c/element [25.781583ms] ERR:404 body={"strategy":"-android uiautomator","selector":"new UiSelector().descriptionMatches(\"(?is).*\\QLandm...
14:01:59.315286 POST /session/cc80999b-dcbf-4f99-a0c4-70cb7631f41c/element [20.169041ms] ERR:404 body={"strategy":"-android uiautomator","selector":"new UiSelector().textContains(\"Landmark 30\")"}
14:01:59.352732 POST /session/cc80999b-dcbf-4f99-a0c4-70cb7631f41c/element [37.321958ms] ERR:404 body={"strategy":"-android uiautomator","selector":"new UiSelector().descriptionContains(\"Landmark 30\")...
14:01:59.389508 POST /session/cc80999b-dcbf-4f99-a0c4-70cb7631f41c/element [36.672875ms] ERR:404 body={"strategy":"-android uiautomator","selector":"new UiSelector().textMatches(\"(?is).*\\QLandmark 30\...
14:01:59.412257 POST /session/cc80999b-dcbf-4f99-a0c4-70cb7631f41c/element [22.618333ms] ERR:404 body={"strategy":"-android uiautomator","selector":"new UiSelector().descriptionMatches(\"(?is).*\\QLandm...
14:01:59.435233 POST /session/cc80999b-dcbf-4f99-a0c4-70cb7631f41c/element [22.863958ms] ERR:404 body={"strategy":"-android uiautomator","selector":"new UiSelector().textContains(\"Landmark 30\")"}
14:01:59.496812 POST /session/cc80999b-dcbf-4f99-a0c4-70cb7631f41c/element [61.470833ms] ERR:404 body={"strategy":"-android uiautomator","selector":"new UiSelector().descriptionContains(\"Landmark 30\")...
14:01:59.519006 POST /session/cc80999b-dcbf-4f99-a0c4-70cb7631f41c/element [22.076291ms] ERR:404 body={"strategy":"-android uiautomator","selector":"new UiSelector().textMatches(\"(?is).*\\QLandmark 30\...
14:01:59.543732 POST /session/cc80999b-dcbf-4f99-a0c4-70cb7631f41c/element [24.574083ms] ERR:404 body={"strategy":"-android uiautomator","selector":"new UiSelector().descriptionMatches(\"(?is).*\\QLandm...
14:01:59.555595 POST /session/cc80999b-dcbf-4f99-a0c4-70cb7631f41c/element [11.057083ms] ERR:404 body={"strategy":"-android uiautomator","selector":"new UiSelector().textContains(\"Landmark 30\")"}
14:01:59.579084 POST /session/cc80999b-dcbf-4f99-a0c4-70cb7631f41c/element [23.387459ms] ERR:404 body={"strategy":"-android uiautomator","selector":"new UiSelector().descriptionContains(\"Landmark 30\")...
14:01:59.603746 POST /session/cc80999b-dcbf-4f99-a0c4-70cb7631f41c/element [24.4055ms] ERR:404 body={"strategy":"-android uiautomator","selector":"new UiSelector().textMatches(\"(?is).*\\QLandmark 30\...
14:01:59.615617 POST /session/cc80999b-dcbf-4f99-a0c4-70cb7631f41c/element [11.3785ms] ERR:404 body={"strategy":"-android uiautomator","selector":"new UiSelector().descriptionMatches(\"(?is).*\\QLandm...
14:01:59.644408 GET /session/cc80999b-dcbf-4f99-a0c4-70cb7631f41c/source [28.481167ms] OK body=
14:01:59.664131 POST /session/cc80999b-dcbf-4f99-a0c4-70cb7631f41c/element [18.27775ms] ERR:404 body={"strategy":"-android uiautomator","selector":"new UiSelector().textContains(\"Landmark 30\")"}
14:01:59.674002 POST /session/cc80999b-dcbf-4f99-a0c4-70cb7631f41c/element [9.738584ms] ERR:404 body={"strategy":"-android uiautomator","selector":"new UiSelector().descriptionContains(\"Landmark 30\")...
14:01:59.694128 POST /session/cc80999b-dcbf-4f99-a0c4-70cb7631f41c/element [20.022791ms] ERR:404 body={"strategy":"-android uiautomator","selector":"new UiSelector().textMatches(\"(?is).*\\QLandmark 30\...
14:01:59.708834 POST /session/cc80999b-dcbf-4f99-a0c4-70cb7631f41c/element [14.568916ms] ERR:404 body={"strategy":"-android uiautomator","selector":"new UiSelector().descriptionMatches(\"(?is).*\\QLandm...
14:01:59.730421 POST /session/cc80999b-dcbf-4f99-a0c4-70cb7631f41c/element [21.484833ms] ERR:404 body={"strategy":"-android uiautomator","selector":"new UiSelector().textContains(\"Landmark 30\")"}
14:01:59.740409 POST /session/cc80999b-dcbf-4f99-a0c4-70cb7631f41c/element [9.439625ms] ERR:404 body={"strategy":"-android uiautomator","selector":"new UiSelector().descriptionContains(\"Landmark 30\")...
14:01:59.753208 POST /session/cc80999b-dcbf-4f99-a0c4-70cb7631f41c/element [12.623292ms] ERR:404 body={"strategy":"-android uiautomator","selector":"new UiSelector().textMatches(\"(?is).*\\QLandmark 30\...
14:01:59.773257 POST /session/cc80999b-dcbf-4f99-a0c4-70cb7631f41c/element [19.945084ms] ERR:404 body={"strategy":"-android uiautomator","selector":"new UiSelector().descriptionMatches(\"(?is).*\\QLandm...
14:01:59.784646 POST /session/cc80999b-dcbf-4f99-a0c4-70cb7631f41c/element [11.297792ms] ERR:404 body={"strategy":"-android uiautomator","selector":"new UiSelector().textContains(\"Landmark 30\")"}
14:01:59.807824 POST /session/cc80999b-dcbf-4f99-a0c4-70cb7631f41c/element [23.065333ms] ERR:404 body={"strategy":"-android uiautomator","selector":"new UiSelector().descriptionContains(\"Landmark 30\")...
14:01:59.829891 POST /session/cc80999b-dcbf-4f99-a0c4-70cb7631f41c/element [21.967625ms] ERR:404 body={"strategy":"-android uiautomator","selector":"new UiSelector().textMatches(\"(?is).*\\QLandmark 30\...
14:01:59.840553 POST /session/cc80999b-dcbf-4f99-a0c4-70cb7631f41c/element [10.572333ms] ERR:404 body={"strategy":"-android uiautomator","selector":"new UiSelector().descriptionMatches(\"(?is).*\\QLandm...
14:01:59.850987 POST /session/cc80999b-dcbf-4f99-a0c4-70cb7631f41c/element [9.960208ms] ERR:404 body={"strategy":"-android uiautomator","selector":"new UiSelector().textContains(\"Landmark 30\")"}
14:01:59.872130 POST /session/cc80999b-dcbf-4f99-a0c4-70cb7631f41c/element [21.037625ms] ERR:404 body={"strategy":"-android uiautomator","selector":"new UiSelector().descriptionContains(\"Landmark 30\")...
14:01:59.890870 POST /session/cc80999b-dcbf-4f99-a0c4-70cb7631f41c/element [18.631416ms] ERR:404 body={"strategy":"-android uiautomator","selector":"new UiSelector().textMatches(\"(?is).*\\QLandmark 30\...
14:01:59.913159 POST /session/cc80999b-dcbf-4f99-a0c4-70cb7631f41c/element [22.185042ms] ERR:404 body={"strategy":"-android uiautomator","selector":"new UiSelector().descriptionMatches(\"(?is).*\\QLandm...
14:01:59.924273 POST /session/cc80999b-dcbf-4f99-a0c4-70cb7631f41c/element [11.041833ms] ERR:404 body={"strategy":"-android uiautomator","selector":"new UiSelector().textContains(\"Landmark 30\")"}
14:01:59.943106 POST /session/cc80999b-dcbf-4f99-a0c4-70cb7631f41c/element [18.699ms] ERR:404 body={"strategy":"-android uiautomator","selector":"new UiSelector().descriptionContains(\"Landmark 30\")...
14:01:59.962984 POST /session/cc80999b-dcbf-4f99-a0c4-70cb7631f41c/element [19.745583ms] ERR:404 body={"strategy":"-android uiautomator","selector":"new UiSelector().textMatches(\"(?is).*\\QLandmark 30\...
14:01:59.986945 POST /session/cc80999b-dcbf-4f99-a0c4-70cb7631f41c/element [23.820542ms] ERR:404 body={"strategy":"-android uiautomator","selector":"new UiSelector().descriptionMatches(\"(?is).*\\QLandm...
14:02:00.003986 POST /session/cc80999b-dcbf-4f99-a0c4-70cb7631f41c/element [16.809459ms] ERR:404 body={"strategy":"-android uiautomator","selector":"new UiSelector().textContains(\"Landmark 30\")"}
14:02:00.045387 POST /session/cc80999b-dcbf-4f99-a0c4-70cb7631f41c/element [41.193208ms] ERR:404 body={"strategy":"-android uiautomator","selector":"new UiSelector().descriptionContains(\"Landmark 30\")...
14:02:00.059952 POST /session/cc80999b-dcbf-4f99-a0c4-70cb7631f41c/element [14.486291ms] ERR:404 body={"strategy":"-android uiautomator","selector":"new UiSelector().textMatches(\"(?is).*\\QLandmark 30\...
14:02:00.069051 POST /session/cc80999b-dcbf-4f99-a0c4-70cb7631f41c/element [8.957042ms] ERR:404 body={"strategy":"-android uiautomator","selector":"new UiSelector().descriptionMatches(\"(?is).*\\QLandm...
14:02:00.089438 POST /session/cc80999b-dcbf-4f99-a0c4-70cb7631f41c/element [20.299125ms] ERR:404 body={"strategy":"-android uiautomator","selector":"new UiSelector().textContains(\"Landmark 30\")"}
14:02:00.106996 POST /session/cc80999b-dcbf-4f99-a0c4-70cb7631f41c/element [17.47825ms] ERR:404 body={"strategy":"-android uiautomator","selector":"new UiSelector().descriptionContains(\"Landmark 30\")...
14:02:00.117996 POST /session/cc80999b-dcbf-4f99-a0c4-70cb7631f41c/element [10.89875ms] ERR:404 body={"strategy":"-android uiautomator","selector":"new UiSelector().textMatches(\"(?is).*\\QLandmark 30\...
14:02:00.135061 POST /session/cc80999b-dcbf-4f99-a0c4-70cb7631f41c/element [16.935541ms] ERR:404 body={"strategy":"-android uiautomator","selector":"new UiSelector().descriptionMatches(\"(?is).*\\QLandm...
14:02:00.153986 POST /session/cc80999b-dcbf-4f99-a0c4-70cb7631f41c/element [18.819709ms] ERR:404 body={"strategy":"-android uiautomator","selector":"new UiSelector().textContains(\"Landmark 30\")"}
14:02:00.179274 POST /session/cc80999b-dcbf-4f99-a0c4-70cb7631f41c/element [25.184417ms] ERR:404 body={"strategy":"-android uiautomator","selector":"new UiSelector().descriptionContains(\"Landmark 30\")...
14:02:00.205454 POST /session/cc80999b-dcbf-4f99-a0c4-70cb7631f41c/element [26.095333ms] ERR:404 body={"strategy":"-android uiautomator","selector":"new UiSelector().textMatches(\"(?is).*\\QLandmark 30\...
14:02:00.218688 POST /session/cc80999b-dcbf-4f99-a0c4-70cb7631f41c/element [13.125542ms] ERR:404 body={"strategy":"-android uiautomator","selector":"new UiSelector().descriptionMatches(\"(?is).*\\QLandm...
14:02:00.236818 POST /session/cc80999b-dcbf-4f99-a0c4-70cb7631f41c/element [18.030834ms] ERR:404 body={"strategy":"-android uiautomator","selector":"new UiSelector().textContains(\"Landmark 30\")"}
14:02:00.264416 POST /session/cc80999b-dcbf-4f99-a0c4-70cb7631f41c/element [27.485917ms] ERR:404 body={"strategy":"-android uiautomator","selector":"new UiSelector().descriptionContains(\"Landmark 30\")...
14:02:00.291824 POST /session/cc80999b-dcbf-4f99-a0c4-70cb7631f41c/element [27.312542ms] ERR:404 body={"strategy":"-android uiautomator","selector":"new UiSelector().textMatches(\"(?is).*\\QLandmark 30\...
14:02:00.308213 POST /session/cc80999b-dcbf-4f99-a0c4-70cb7631f41c/element [16.263458ms] ERR:404 body={"strategy":"-android uiautomator","selector":"new UiSelector().descriptionMatches(\"(?is).*\\QLandm...
14:02:00.334187 POST /session/cc80999b-dcbf-4f99-a0c4-70cb7631f41c/element [25.888458ms] ERR:404 body={"strategy":"-android uiautomator","selector":"new UiSelector().textContains(\"Landmark 30\")"}
14:02:00.356477 POST /session/cc80999b-dcbf-4f99-a0c4-70cb7631f41c/element [22.171875ms] ERR:404 body={"strategy":"-android uiautomator","selector":"new UiSelector().descriptionContains(\"Landmark 30\")...
14:02:00.382670 POST /session/cc80999b-dcbf-4f99-a0c4-70cb7631f41c/element [26.087125ms] ERR:404 body={"strategy":"-android uiautomator","selector":"new UiSelector().textMatches(\"(?is).*\\QLandmark 30\...
14:02:00.392265 POST /session/cc80999b-dcbf-4f99-a0c4-70cb7631f41c/element [9.418459ms] ERR:404 body={"strategy":"-android uiautomator","selector":"new UiSelector().descriptionMatches(\"(?is).*\\QLandm...
14:02:00.408320 POST /session/cc80999b-dcbf-4f99-a0c4-70cb7631f41c/element [15.225625ms] ERR:404 body={"strategy":"-android uiautomator","selector":"new UiSelector().textContains(\"Landmark 30\")"}
14:02:00.426994 POST /session/cc80999b-dcbf-4f99-a0c4-70cb7631f41c/element [18.580958ms] ERR:404 body={"strategy":"-android uiautomator","selector":"new UiSelector().descriptionContains(\"Landmark 30\")...
14:02:00.457957 POST /session/cc80999b-dcbf-4f99-a0c4-70cb7631f41c/element [30.853708ms] ERR:404 body={"strategy":"-android uiautomator","selector":"new UiSelector().textMatches(\"(?is).*\\QLandmark 30\...
14:02:00.544145 POST /session/cc80999b-dcbf-4f99-a0c4-70cb7631f41c/element [86.081875ms] ERR:404 body={"strategy":"-android uiautomator","selector":"new UiSelector().descriptionMatches(\"(?is).*\\QLandm...
14:02:00.556041 POST /session/cc80999b-dcbf-4f99-a0c4-70cb7631f41c/element [11.769834ms] ERR:404 body={"strategy":"-android uiautomator","selector":"new UiSelector().textContains(\"Landmark 30\")"}
14:02:00.586840 POST /session/cc80999b-dcbf-4f99-a0c4-70cb7631f41c/element [30.637875ms] ERR:404 body={"strategy":"-android uiautomator","selector":"new UiSelector().descriptionContains(\"Landmark 30\")...
14:02:00.602265 POST /session/cc80999b-dcbf-4f99-a0c4-70cb7631f41c/element [15.331792ms] ERR:404 body={"strategy":"-android uiautomator","selector":"new UiSelector().textMatches(\"(?is).*\\QLandmark 30\...
14:02:00.619829 POST /session/cc80999b-dcbf-4f99-a0c4-70cb7631f41c/element [17.458917ms] ERR:404 body={"strategy":"-android uiautomator","selector":"new UiSelector().descriptionMatches(\"(?is).*\\QLandm...
14:02:00.635262 POST /session/cc80999b-dcbf-4f99-a0c4-70cb7631f41c/element [15.343125ms] ERR:404 body={"strategy":"-android uiautomator","selector":"new UiSelector().textContains(\"Landmark 30\")"}
14:02:00.644231 POST /session/cc80999b-dcbf-4f99-a0c4-70cb7631f41c/element [8.859334ms] ERR:404 body={"strategy":"-android uiautomator","selector":"new UiSelector().descriptionContains(\"Landmark 30\")...
14:02:00.664208 POST /session/cc80999b-dcbf-4f99-a0c4-70cb7631f41c/element [19.862958ms] ERR:404 body={"strategy":"-android uiautomator","selector":"new UiSelector().textMatches(\"(?is).*\\QLandmark 30\...
14:02:00.678702 POST /session/cc80999b-dcbf-4f99-a0c4-70cb7631f41c/element [14.39025ms] ERR:404 body={"strategy":"-android uiautomator","selector":"new UiSelector().descriptionMatches(\"(?is).*\\QLandm...
14:02:00.705872 GET /session/cc80999b-dcbf-4f99-a0c4-70cb7631f41c/source [26.251375ms] OK body=
14:02:00.715582 POST /session/cc80999b-dcbf-4f99-a0c4-70cb7631f41c/element [8.876208ms] ERR:404 body={"strategy":"-android uiautomator","selector":"new UiSelector().textContains(\"Landmark 30\")"}
14:02:00.733094 POST /session/cc80999b-dcbf-4f99-a0c4-70cb7631f41c/element [17.41925ms] ERR:404 body={"strategy":"-android uiautomator","selector":"new UiSelector().descriptionContains(\"Landmark 30\")...
14:02:00.747431 POST /session/cc80999b-dcbf-4f99-a0c4-70cb7631f41c/element [14.217166ms] ERR:404 body={"strategy":"-android uiautomator","selector":"new UiSelector().textMatches(\"(?is).*\\QLandmark 30\...
14:02:00.765838 POST /session/cc80999b-dcbf-4f99-a0c4-70cb7631f41c/element [18.292791ms] ERR:404 body={"strategy":"-android uiautomator","selector":"new UiSelector().descriptionMatches(\"(?is).*\\QLandm...
14:02:00.781449 POST /session/cc80999b-dcbf-4f99-a0c4-70cb7631f41c/element [15.520083ms] ERR:404 body={"strategy":"-android uiautomator","selector":"new UiSelector().textContains(\"Landmark 30\")"}
14:02:00.809472 POST /session/cc80999b-dcbf-4f99-a0c4-70cb7631f41c/element [27.935917ms] ERR:404 body={"strategy":"-android uiautomator","selector":"new UiSelector().descriptionContains(\"Landmark 30\")...
14:02:00.819997 POST /session/cc80999b-dcbf-4f99-a0c4-70cb7631f41c/element [10.451209ms] ERR:404 body={"strategy":"-android uiautomator","selector":"new UiSelector().textMatches(\"(?is).*\\QLandmark 30\...
14:02:00.838819 POST /session/cc80999b-dcbf-4f99-a0c4-70cb7631f41c/element [18.716875ms] ERR:404 body={"strategy":"-android uiautomator","selector":"new UiSelector().descriptionMatches(\"(?is).*\\QLandm...
14:02:00.856560 POST /session/cc80999b-dcbf-4f99-a0c4-70cb7631f41c/element [17.648666ms] ERR:404 body={"strategy":"-android uiautomator","selector":"new UiSelector().textContains(\"Landmark 30\")"}
14:02:00.870390 POST /session/cc80999b-dcbf-4f99-a0c4-70cb7631f41c/element [13.752542ms] ERR:404 body={"strategy":"-android uiautomator","selector":"new UiSelector().descriptionContains(\"Landmark 30\")...
14:02:00.883704 POST /session/cc80999b-dcbf-4f99-a0c4-70cb7631f41c/element [13.227333ms] ERR:404 body={"strategy":"-android uiautomator","selector":"new UiSelector().textMatches(\"(?is).*\\QLandmark 30\...
14:02:00.901312 POST /session/cc80999b-dcbf-4f99-a0c4-70cb7631f41c/element [17.508958ms] ERR:404 body={"strategy":"-android uiautomator","selector":"new UiSelector().descriptionMatches(\"(?is).*\\QLandm...
14:02:00.916502 POST /session/cc80999b-dcbf-4f99-a0c4-70cb7631f41c/element [15.106875ms] ERR:404 body={"strategy":"-android uiautomator","selector":"new UiSelector().textContains(\"Landmark 30\")"}
14:02:00.923899 POST /session/cc80999b-dcbf-4f99-a0c4-70cb7631f41c/element [7.284375ms] ERR:404 body={"strategy":"-android uiautomator","selector":"new UiSelector().descriptionContains(\"Landmark 30\")...
14:02:00.938585 POST /session/cc80999b-dcbf-4f99-a0c4-70cb7631f41c/element [14.614791ms] ERR:404 body={"strategy":"-android uiautomator","selector":"new UiSelector().textMatches(\"(?is).*\\QLandmark 30\...
14:02:00.947604 POST /session/cc80999b-dcbf-4f99-a0c4-70cb7631f41c/element [8.894709ms] ERR:404 body={"strategy":"-android uiautomator","selector":"new UiSelector().descriptionMatches(\"(?is).*\\QLandm...
14:02:00.963783 POST /session/cc80999b-dcbf-4f99-a0c4-70cb7631f41c/element [16.020417ms] ERR:404 body={"strategy":"-android uiautomator","selector":"new UiSelector().textContains(\"Landmark 30\")"}
14:02:00.982610 POST /session/cc80999b-dcbf-4f99-a0c4-70cb7631f41c/element [18.732625ms] ERR:404 body={"strategy":"-android uiautomator","selector":"new UiSelector().descriptionContains(\"Landmark 30\")...
14:02:01.012615 POST /session/cc80999b-dcbf-4f99-a0c4-70cb7631f41c/element [29.467083ms] ERR:404 body={"strategy":"-android uiautomator","selector":"new UiSelector().textMatches(\"(?is).*\\QLandmark 30\...
14:02:01.047151 POST /session/cc80999b-dcbf-4f99-a0c4-70cb7631f41c/element [34.162625ms] ERR:404 body={"strategy":"-android uiautomator","selector":"new UiSelector().descriptionMatches(\"(?is).*\\QLandm...
14:02:01.060627 POST /session/cc80999b-dcbf-4f99-a0c4-70cb7631f41c/element [13.374583ms] ERR:404 body={"strategy":"-android uiautomator","selector":"new UiSelector().textContains(\"Landmark 30\")"}
14:02:01.080455 POST /session/cc80999b-dcbf-4f99-a0c4-70cb7631f41c/element [19.683709ms] ERR:404 body={"strategy":"-android uiautomator","selector":"new UiSelector().descriptionContains(\"Landmark 30\")...
14:02:01.120327 POST /session/cc80999b-dcbf-4f99-a0c4-70cb7631f41c/element [39.367292ms] ERR:404 body={"strategy":"-android uiautomator","selector":"new UiSelector().textMatches(\"(?is).*\\QLandmark 30\...
14:02:01.139838 POST /session/cc80999b-dcbf-4f99-a0c4-70cb7631f41c/element [19.397583ms] ERR:404 body={"strategy":"-android uiautomator","selector":"new UiSelector().descriptionMatches(\"(?is).*\\QLandm...
14:02:01.162395 POST /session/cc80999b-dcbf-4f99-a0c4-70cb7631f41c/element [22.455292ms] ERR:404 body={"strategy":"-android uiautomator","selector":"new UiSelector().textContains(\"Landmark 30\")"}
14:02:01.171685 POST /session/cc80999b-dcbf-4f99-a0c4-70cb7631f41c/element [9.164417ms] ERR:404 body={"strategy":"-android uiautomator","selector":"new UiSelector().descriptionContains(\"Landmark 30\")...
14:02:01.194203 POST /session/cc80999b-dcbf-4f99-a0c4-70cb7631f41c/element [22.371792ms] ERR:404 body={"strategy":"-android uiautomator","selector":"new UiSelector().textMatches(\"(?is).*\\QLandmark 30\...
14:02:01.210051 POST /session/cc80999b-dcbf-4f99-a0c4-70cb7631f41c/element [15.753417ms] ERR:404 body={"strategy":"-android uiautomator","selector":"new UiSelector().descriptionMatches(\"(?is).*\\QLandm...
14:02:01.220719 POST /session/cc80999b-dcbf-4f99-a0c4-70cb7631f41c/element [10.57375ms] ERR:404 body={"strategy":"-android uiautomator","selector":"new UiSelector().textContains(\"Landmark 30\")"}
14:02:01.238418 POST /session/cc80999b-dcbf-4f99-a0c4-70cb7631f41c/element [17.620583ms] ERR:404 body={"strategy":"-android uiautomator","selector":"new UiSelector().descriptionContains(\"Landmark 30\")...
14:02:01.250282 POST /session/cc80999b-dcbf-4f99-a0c4-70cb7631f41c/element [11.760333ms] ERR:404 body={"strategy":"-android uiautomator","selector":"new UiSelector().textMatches(\"(?is).*\\QLandmark 30\...
14:02:01.272124 POST /session/cc80999b-dcbf-4f99-a0c4-70cb7631f41c/element [21.737917ms] ERR:404 body={"strategy":"-android uiautomator","selector":"new UiSelector().descriptionMatches(\"(?is).*\\QLandm...
14:02:01.298400 POST /session/cc80999b-dcbf-4f99-a0c4-70cb7631f41c/element [26.179792ms] ERR:404 body={"strategy":"-android uiautomator","selector":"new UiSelector().textContains(\"Landmark 30\")"}
14:02:01.326812 POST /session/cc80999b-dcbf-4f99-a0c4-70cb7631f41c/element [28.309125ms] ERR:404 body={"strategy":"-android uiautomator","selector":"new UiSelector().descriptionContains(\"Landmark 30\")...
14:02:01.340940 POST /session/cc80999b-dcbf-4f99-a0c4-70cb7631f41c/element [14.019083ms] ERR:404 body={"strategy":"-android uiautomator","selector":"new UiSelector().textMatches(\"(?is).*\\QLandmark 30\...
14:02:01.375303 POST /session/cc80999b-dcbf-4f99-a0c4-70cb7631f41c/element [34.080792ms] ERR:404 body={"strategy":"-android uiautomator","selector":"new UiSelector().descriptionMatches(\"(?is).*\\QLandm...
14:02:01.392476 POST /session/cc80999b-dcbf-4f99-a0c4-70cb7631f41c/element [17.054375ms] ERR:404 body={"strategy":"-android uiautomator","selector":"new UiSelector().textContains(\"Landmark 30\")"}
14:02:01.409570 POST /session/cc80999b-dcbf-4f99-a0c4-70cb7631f41c/element [16.987625ms] ERR:404 body={"strategy":"-android uiautomator","selector":"new UiSelector().descriptionContains(\"Landmark 30\")...
14:02:01.425652 POST /session/cc80999b-dcbf-4f99-a0c4-70cb7631f41c/element [15.971209ms] ERR:404 body={"strategy":"-android uiautomator","selector":"new UiSelector().textMatches(\"(?is).*\\QLandmark 30\...
14:02:01.438127 POST /session/cc80999b-dcbf-4f99-a0c4-70cb7631f41c/element [12.379ms] ERR:404 body={"strategy":"-android uiautomator","selector":"new UiSelector().descriptionMatches(\"(?is).*\\QLandm...
14:02:01.461632 POST /session/cc80999b-dcbf-4f99-a0c4-70cb7631f41c/element [23.395375ms] ERR:404 body={"strategy":"-android uiautomator","selector":"new UiSelector().textContains(\"Landmark 30\")"}
14:02:01.517336 POST /session/cc80999b-dcbf-4f99-a0c4-70cb7631f41c/element [55.583375ms] ERR:404 body={"strategy":"-android uiautomator","selector":"new UiSelector().descriptionContains(\"Landmark 30\")...
14:02:01.530447 POST /session/cc80999b-dcbf-4f99-a0c4-70cb7631f41c/element [13.019417ms] ERR:404 body={"strategy":"-android uiautomator","selector":"new UiSelector().textMatches(\"(?is).*\\QLandmark 30\...
14:02:01.554229 POST /session/cc80999b-dcbf-4f99-a0c4-70cb7631f41c/element [23.683792ms] ERR:404 body={"strategy":"-android uiautomator","selector":"new UiSelector().descriptionMatches(\"(?is).*\\QLandm...
14:02:01.582583 POST /session/cc80999b-dcbf-4f99-a0c4-70cb7631f41c/element [28.231958ms] ERR:404 body={"strategy":"-android uiautomator","selector":"new UiSelector().textContains(\"Landmark 30\")"}
14:02:01.600286 POST /session/cc80999b-dcbf-4f99-a0c4-70cb7631f41c/element [17.604833ms] ERR:404 body={"strategy":"-android uiautomator","selector":"new UiSelector().descriptionContains(\"Landmark 30\")...
14:02:01.619853 POST /session/cc80999b-dcbf-4f99-a0c4-70cb7631f41c/element [19.441792ms] ERR:404 body={"strategy":"-android uiautomator","selector":"new UiSelector().textMatches(\"(?is).*\\QLandmark 30\...
14:02:01.632452 POST /session/cc80999b-dcbf-4f99-a0c4-70cb7631f41c/element [12.445958ms] ERR:404 body={"strategy":"-android uiautomator","selector":"new UiSelector().descriptionMatches(\"(?is).*\\QLandm...
14:02:01.647318 POST /session/cc80999b-dcbf-4f99-a0c4-70cb7631f41c/element [14.766375ms] ERR:404 body={"strategy":"-android uiautomator","selector":"new UiSelector().textContains(\"Landmark 30\")"}
14:02:01.660037 POST /session/cc80999b-dcbf-4f99-a0c4-70cb7631f41c/element [12.635417ms] ERR:404 body={"strategy":"-android uiautomator","selector":"new UiSelector().descriptionContains(\"Landmark 30\")...
14:02:01.675780 POST /session/cc80999b-dcbf-4f99-a0c4-70cb7631f41c/element [15.648792ms] ERR:404 body={"strategy":"-android uiautomator","selector":"new UiSelector().textMatches(\"(?is).*\\QLandmark 30\...
14:02:01.684049 POST /session/cc80999b-dcbf-4f99-a0c4-70cb7631f41c/element [8.17125ms] ERR:404 body={"strategy":"-android uiautomator","selector":"new UiSelector().descriptionMatches(\"(?is).*\\QLandm...
14:02:01.701842 POST /session/cc80999b-dcbf-4f99-a0c4-70cb7631f41c/element [17.718625ms] ERR:404 body={"strategy":"-android uiautomator","selector":"new UiSelector().textContains(\"Landmark 30\")"}
14:02:01.719055 POST /session/cc80999b-dcbf-4f99-a0c4-70cb7631f41c/element [17.095417ms] ERR:404 body={"strategy":"-android uiautomator","selector":"new UiSelector().descriptionContains(\"Landmark 30\")...
14:02:01.747893 POST /session/cc80999b-dcbf-4f99-a0c4-70cb7631f41c/element [28.720708ms] ERR:404 body={"strategy":"-android uiautomator","selector":"new UiSelector().textMatches(\"(?is).*\\QLandmark 30\...
14:02:01.764414 POST /session/cc80999b-dcbf-4f99-a0c4-70cb7631f41c/element [16.417459ms] ERR:404 body={"strategy":"-android uiautomator","selector":"new UiSelector().descriptionMatches(\"(?is).*\\QLandm...
14:02:01.798111 GET /session/cc80999b-dcbf-4f99-a0c4-70cb7631f41c/source [32.563167ms] OK body=
14:02:01.816512 POST /session/cc80999b-dcbf-4f99-a0c4-70cb7631f41c/element [17.321042ms] ERR:404 body={"strategy":"-android uiautomator","selector":"new UiSelector().textContains(\"Landmark 30\")"}
14:02:01.832755 POST /session/cc80999b-dcbf-4f99-a0c4-70cb7631f41c/element [16.12625ms] ERR:404 body={"strategy":"-android uiautomator","selector":"new UiSelector().descriptionContains(\"Landmark 30\")...
14:02:01.849742 POST /session/cc80999b-dcbf-4f99-a0c4-70cb7631f41c/element [16.875834ms] ERR:404 body={"strategy":"-android uiautomator","selector":"new UiSelector().textMatches(\"(?is).*\\QLandmark 30\...
14:02:01.864034 POST /session/cc80999b-dcbf-4f99-a0c4-70cb7631f41c/element [14.187833ms] ERR:404 body={"strategy":"-android uiautomator","selector":"new UiSelector().descriptionMatches(\"(?is).*\\QLandm...
14:02:01.881346 POST /session/cc80999b-dcbf-4f99-a0c4-70cb7631f41c/element [17.244084ms] ERR:404 body={"strategy":"-android uiautomator","selector":"new UiSelector().textContains(\"Landmark 30\")"}
14:02:01.896192 POST /session/cc80999b-dcbf-4f99-a0c4-70cb7631f41c/element [14.757625ms] ERR:404 body={"strategy":"-android uiautomator","selector":"new UiSelector().descriptionContains(\"Landmark 30\")...
14:02:01.914238 POST /session/cc80999b-dcbf-4f99-a0c4-70cb7631f41c/element [17.94825ms] ERR:404 body={"strategy":"-android uiautomator","selector":"new UiSelector().textMatches(\"(?is).*\\QLandmark 30\...
14:02:01.931024 POST /session/cc80999b-dcbf-4f99-a0c4-70cb7631f41c/element [16.702166ms] ERR:404 body={"strategy":"-android uiautomator","selector":"new UiSelector().descriptionMatches(\"(?is).*\\QLandm...
14:02:01.947280 POST /session/cc80999b-dcbf-4f99-a0c4-70cb7631f41c/element [16.044625ms] ERR:404 body={"strategy":"-android uiautomator","selector":"new UiSelector().textContains(\"Landmark 30\")"}
14:02:01.963565 POST /session/cc80999b-dcbf-4f99-a0c4-70cb7631f41c/element [16.054666ms] ERR:404 body={"strategy":"-android uiautomator","selector":"new UiSelector().descriptionContains(\"Landmark 30\")...
14:02:01.970901 POST /session/cc80999b-dcbf-4f99-a0c4-70cb7631f41c/element [7.219417ms] ERR:404 body={"strategy":"-android uiautomator","selector":"new UiSelector().textMatches(\"(?is).*\\QLandmark 30\...
14:02:01.987262 POST /session/cc80999b-dcbf-4f99-a0c4-70cb7631f41c/element [16.260416ms] ERR:404 body={"strategy":"-android uiautomator","selector":"new UiSelector().descriptionMatches(\"(?is).*\\QLandm...
14:02:02.004286 POST /session/cc80999b-dcbf-4f99-a0c4-70cb7631f41c/element [16.88725ms] ERR:404 body={"strategy":"-android uiautomator","selector":"new UiSelector().textContains(\"Landmark 30\")"}
14:02:02.025714 POST /session/cc80999b-dcbf-4f99-a0c4-70cb7631f41c/element [21.339917ms] ERR:404 body={"strategy":"-android uiautomator","selector":"new UiSelector().descriptionContains(\"Landmark 30\")...
14:02:02.042649 POST /session/cc80999b-dcbf-4f99-a0c4-70cb7631f41c/element [16.835125ms] ERR:404 body={"strategy":"-android uiautomator","selector":"new UiSelector().textMatches(\"(?is).*\\QLandmark 30\...
14:02:02.058493 POST /session/cc80999b-dcbf-4f99-a0c4-70cb7631f41c/element [15.762958ms] ERR:404 body={"strategy":"-android uiautomator","selector":"new UiSelector().descriptionMatches(\"(?is).*\\QLandm...
14:02:02.077094 POST /session/cc80999b-dcbf-4f99-a0c4-70cb7631f41c/element [18.494666ms] ERR:404 body={"strategy":"-android uiautomator","selector":"new UiSelector().textContains(\"Landmark 30\")"}
14:02:02.098862 POST /session/cc80999b-dcbf-4f99-a0c4-70cb7631f41c/element [21.656625ms] ERR:404 body={"strategy":"-android uiautomator","selector":"new UiSelector().descriptionContains(\"Landmark 30\")...
14:02:02.110214 POST /session/cc80999b-dcbf-4f99-a0c4-70cb7631f41c/element [10.745417ms] ERR:404 body={"strategy":"-android uiautomator","selector":"new UiSelector().textMatches(\"(?is).*\\QLandmark 30\...
14:02:02.125012 POST /session/cc80999b-dcbf-4f99-a0c4-70cb7631f41c/element [14.720833ms] ERR:404 body={"strategy":"-android uiautomator","selector":"new UiSelector().descriptionMatches(\"(?is).*\\QLandm...
14:02:02.135790 POST /session/cc80999b-dcbf-4f99-a0c4-70cb7631f41c/element [10.688375ms] ERR:404 body={"strategy":"-android uiautomator","selector":"new UiSelector().textContains(\"Landmark 30\")"}
14:02:02.153922 POST /session/cc80999b-dcbf-4f99-a0c4-70cb7631f41c/element [18.054709ms] ERR:404 body={"strategy":"-android uiautomator","selector":"new UiSelector().descriptionContains(\"Landmark 30\")...
14:02:02.160380 POST /session/cc80999b-dcbf-4f99-a0c4-70cb7631f41c/element [6.392709ms] ERR:404 body={"strategy":"-android uiautomator","selector":"new UiSelector().textMatches(\"(?is).*\\QLandmark 30\...
14:02:02.168923 POST /session/cc80999b-dcbf-4f99-a0c4-70cb7631f41c/element [8.471084ms] ERR:404 body={"strategy":"-android uiautomator","selector":"new UiSelector().descriptionMatches(\"(?is).*\\QLandm...
14:02:02.178239 POST /session/cc80999b-dcbf-4f99-a0c4-70cb7631f41c/element [9.194791ms] ERR:404 body={"strategy":"-android uiautomator","selector":"new UiSelector().textContains(\"Landmark 30\")"}
14:02:02.191092 POST /session/cc80999b-dcbf-4f99-a0c4-70cb7631f41c/element [12.755208ms] ERR:404 body={"strategy":"-android uiautomator","selector":"new UiSelector().descriptionContains(\"Landmark 30\")...
14:02:02.198895 POST /session/cc80999b-dcbf-4f99-a0c4-70cb7631f41c/element [6.264792ms] ERR:404 body={"strategy":"-android uiautomator","selector":"new UiSelector().textMatches(\"(?is).*\\QLandmark 30\...
14:02:02.204397 POST /session/cc80999b-dcbf-4f99-a0c4-70cb7631f41c/element [5.416958ms] ERR:404 body={"strategy":"-android uiautomator","selector":"new UiSelector().descriptionMatches(\"(?is).*\\QLandm...
14:02:02.220762 POST /session/cc80999b-dcbf-4f99-a0c4-70cb7631f41c/element [16.26625ms] ERR:404 body={"strategy":"-android uiautomator","selector":"new UiSelector().textContains(\"Landmark 30\")"}
14:02:02.241726 POST /session/cc80999b-dcbf-4f99-a0c4-70cb7631f41c/element [20.758958ms] ERR:404 body={"strategy":"-android uiautomator","selector":"new UiSelector().descriptionContains(\"Landmark 30\")...
14:02:02.258221 POST /session/cc80999b-dcbf-4f99-a0c4-70cb7631f41c/element [16.351875ms] ERR:404 body={"strategy":"-android uiautomator","selector":"new UiSelector().textMatches(\"(?is).*\\QLandmark 30\...
14:02:02.268372 POST /session/cc80999b-dcbf-4f99-a0c4-70cb7631f41c/element [10.038ms] ERR:404 body={"strategy":"-android uiautomator","selector":"new UiSelector().descriptionMatches(\"(?is).*\\QLandm...
14:02:02.286033 POST /session/cc80999b-dcbf-4f99-a0c4-70cb7631f41c/element [17.571958ms] ERR:404 body={"strategy":"-android uiautomator","selector":"new UiSelector().textContains(\"Landmark 30\")"}
14:02:02.298732 POST /session/cc80999b-dcbf-4f99-a0c4-70cb7631f41c/element [12.564042ms] ERR:404 body={"strategy":"-android uiautomator","selector":"new UiSelector().descriptionContains(\"Landmark 30\")...
14:02:02.312371 POST /session/cc80999b-dcbf-4f99-a0c4-70cb7631f41c/element [13.533375ms] ERR:404 body={"strategy":"-android uiautomator","selector":"new UiSelector().textMatches(\"(?is).*\\QLandmark 30\...
14:02:02.328367 POST /session/cc80999b-dcbf-4f99-a0c4-70cb7631f41c/element [15.843583ms] ERR:404 body={"strategy":"-android uiautomator","selector":"new UiSelector().descriptionMatches(\"(?is).*\\QLandm...
14:02:02.336195 POST /session/cc80999b-dcbf-4f99-a0c4-70cb7631f41c/element [7.718125ms] ERR:404 body={"strategy":"-android uiautomator","selector":"new UiSelector().textContains(\"Landmark 30\")"}
14:02:02.351972 POST /session/cc80999b-dcbf-4f99-a0c4-70cb7631f41c/element [15.67925ms] ERR:404 body={"strategy":"-android uiautomator","selector":"new UiSelector().descriptionContains(\"Landmark 30\")...
14:02:02.358956 POST /session/cc80999b-dcbf-4f99-a0c4-70cb7631f41c/element [6.903916ms] ERR:404 body={"strategy":"-android uiautomator","selector":"new UiSelector().textMatches(\"(?is).*\\QLandmark 30\...
14:02:02.377165 POST /session/cc80999b-dcbf-4f99-a0c4-70cb7631f41c/element [18.140375ms] ERR:404 body={"strategy":"-android uiautomator","selector":"new UiSelector().descriptionMatches(\"(?is).*\\QLandm...
14:02:02.386236 POST /session/cc80999b-dcbf-4f99-a0c4-70cb7631f41c/element [8.958292ms] ERR:404 body={"strategy":"-android uiautomator","selector":"new UiSelector().textContains(\"Landmark 30\")"}
14:02:02.399570 POST /session/cc80999b-dcbf-4f99-a0c4-70cb7631f41c/element [12.912958ms] ERR:404 body={"strategy":"-android uiautomator","selector":"new UiSelector().descriptionContains(\"Landmark 30\")...
14:02:02.407953 POST /session/cc80999b-dcbf-4f99-a0c4-70cb7631f41c/element [8.264ms] ERR:404 body={"strategy":"-android uiautomator","selector":"new UiSelector().textMatches(\"(?is).*\\QLandmark 30\...
14:02:02.432823 POST /session/cc80999b-dcbf-4f99-a0c4-70cb7631f41c/element [24.785917ms] ERR:404 body={"strategy":"-android uiautomator","selector":"new UiSelector().descriptionMatches(\"(?is).*\\QLandm...
14:02:02.441624 POST /session/cc80999b-dcbf-4f99-a0c4-70cb7631f41c/element [8.720041ms] ERR:404 body={"strategy":"-android uiautomator","selector":"new UiSelector().textContains(\"Landmark 30\")"}
14:02:02.458091 POST /session/cc80999b-dcbf-4f99-a0c4-70cb7631f41c/element [16.380083ms] ERR:404 body={"strategy":"-android uiautomator","selector":"new UiSelector().descriptionContains(\"Landmark 30\")...
14:02:02.475423 POST /session/cc80999b-dcbf-4f99-a0c4-70cb7631f41c/element [17.250834ms] ERR:404 body={"strategy":"-android uiautomator","selector":"new UiSelector().textMatches(\"(?is).*\\QLandmark 30\...
14:02:02.490876 POST /session/cc80999b-dcbf-4f99-a0c4-70cb7631f41c/element [15.365958ms] ERR:404 body={"strategy":"-android uiautomator","selector":"new UiSelector().descriptionMatches(\"(?is).*\\QLandm...
14:02:02.508303 POST /session/cc80999b-dcbf-4f99-a0c4-70cb7631f41c/element [17.244125ms] ERR:404 body={"strategy":"-android uiautomator","selector":"new UiSelector().textContains(\"Landmark 30\")"}
14:02:02.515695 POST /session/cc80999b-dcbf-4f99-a0c4-70cb7631f41c/element [7.266708ms] ERR:404 body={"strategy":"-android uiautomator","selector":"new UiSelector().descriptionContains(\"Landmark 30\")...
14:02:02.527057 POST /session/cc80999b-dcbf-4f99-a0c4-70cb7631f41c/element [11.257542ms] ERR:404 body={"strategy":"-android uiautomator","selector":"new UiSelector().textMatches(\"(?is).*\\QLandmark 30\...
14:02:02.547467 POST /session/cc80999b-dcbf-4f99-a0c4-70cb7631f41c/element [18.2935ms] ERR:404 body={"strategy":"-android uiautomator","selector":"new UiSelector().descriptionMatches(\"(?is).*\\QLandm...
14:02:02.565580 POST /session/cc80999b-dcbf-4f99-a0c4-70cb7631f41c/element [18.014416ms] ERR:404 body={"strategy":"-android uiautomator","selector":"new UiSelector().textContains(\"Landmark 30\")"}
14:02:02.579828 POST /session/cc80999b-dcbf-4f99-a0c4-70cb7631f41c/element [14.142334ms] ERR:404 body={"strategy":"-android uiautomator","selector":"new UiSelector().descriptionContains(\"Landmark 30\")...
14:02:02.597219 POST /session/cc80999b-dcbf-4f99-a0c4-70cb7631f41c/element [17.284083ms] ERR:404 body={"strategy":"-android uiautomator","selector":"new UiSelector().textMatches(\"(?is).*\\QLandmark 30\...
14:02:02.614415 POST /session/cc80999b-dcbf-4f99-a0c4-70cb7631f41c/element [17.030291ms] ERR:404 body={"strategy":"-android uiautomator","selector":"new UiSelector().descriptionMatches(\"(?is).*\\QLandm...
14:02:02.631926 POST /session/cc80999b-dcbf-4f99-a0c4-70cb7631f41c/element [17.405458ms] ERR:404 body={"strategy":"-android uiautomator","selector":"new UiSelector().textContains(\"Landmark 30\")"}
14:02:02.640082 POST /session/cc80999b-dcbf-4f99-a0c4-70cb7631f41c/element [8.051792ms] ERR:404 body={"strategy":"-android uiautomator","selector":"new UiSelector().descriptionContains(\"Landmark 30\")...
14:02:02.648139 POST /session/cc80999b-dcbf-4f99-a0c4-70cb7631f41c/element [7.976209ms] ERR:404 body={"strategy":"-android uiautomator","selector":"new UiSelector().textMatches(\"(?is).*\\QLandmark 30\...
14:02:02.665861 POST /session/cc80999b-dcbf-4f99-a0c4-70cb7631f41c/element [17.612625ms] ERR:404 body={"strategy":"-android uiautomator","selector":"new UiSelector().descriptionMatches(\"(?is).*\\QLandm...
14:02:02.686225 POST /session/cc80999b-dcbf-4f99-a0c4-70cb7631f41c/element [20.238208ms] ERR:404 body={"strategy":"-android uiautomator","selector":"new UiSelector().textContains(\"Landmark 30\")"}
14:02:02.694521 POST /session/cc80999b-dcbf-4f99-a0c4-70cb7631f41c/element [8.212208ms] ERR:404 body={"strategy":"-android uiautomator","selector":"new UiSelector().descriptionContains(\"Landmark 30\")...
14:02:02.704325 POST /session/cc80999b-dcbf-4f99-a0c4-70cb7631f41c/element [9.7275ms] ERR:404 body={"strategy":"-android uiautomator","selector":"new UiSelector().textMatches(\"(?is).*\\QLandmark 30\...
14:02:02.721233 POST /session/cc80999b-dcbf-4f99-a0c4-70cb7631f41c/element [16.802667ms] ERR:404 body={"strategy":"-android uiautomator","selector":"new UiSelector().descriptionMatches(\"(?is).*\\QLandm...
14:02:02.730841 POST /session/cc80999b-dcbf-4f99-a0c4-70cb7631f41c/element [9.497667ms] ERR:404 body={"strategy":"-android uiautomator","selector":"new UiSelector().textContains(\"Landmark 30\")"}
14:02:02.750513 POST /session/cc80999b-dcbf-4f99-a0c4-70cb7631f41c/element [19.583917ms] ERR:404 body={"strategy":"-android uiautomator","selector":"new UiSelector().descriptionContains(\"Landmark 30\")...
14:02:02.758983 POST /session/cc80999b-dcbf-4f99-a0c4-70cb7631f41c/element [8.39175ms] ERR:404 body={"strategy":"-android uiautomator","selector":"new UiSelector().textMatches(\"(?is).*\\QLandmark 30\...
14:02:02.773562 POST /session/cc80999b-dcbf-4f99-a0c4-70cb7631f41c/element [14.480166ms] ERR:404 body={"strategy":"-android uiautomator","selector":"new UiSelector().descriptionMatches(\"(?is).*\\QLandm...
14:02:02.790990 POST /session/cc80999b-dcbf-4f99-a0c4-70cb7631f41c/element [17.265333ms] ERR:404 body={"strategy":"-android uiautomator","selector":"new UiSelector().textContains(\"Landmark 30\")"}
14:02:02.798844 POST /session/cc80999b-dcbf-4f99-a0c4-70cb7631f41c/element [7.768ms] ERR:404 body={"strategy":"-android uiautomator","selector":"new UiSelector().descriptionContains(\"Landmark 30\")...
14:02:02.811962 POST /session/cc80999b-dcbf-4f99-a0c4-70cb7631f41c/element [13.041666ms] ERR:404 body={"strategy":"-android uiautomator","selector":"new UiSelector().textMatches(\"(?is).*\\QLandmark 30\...
14:02:02.843283 POST /session/cc80999b-dcbf-4f99-a0c4-70cb7631f41c/element [31.205708ms] ERR:404 body={"strategy":"-android uiautomator","selector":"new UiSelector().descriptionMatches(\"(?is).*\\QLandm...
14:02:02.866807 GET /session/cc80999b-dcbf-4f99-a0c4-70cb7631f41c/source [23.296083ms] OK body=
14:02:02.888199 POST /session/cc80999b-dcbf-4f99-a0c4-70cb7631f41c/element [20.502875ms] ERR:404 body={"strategy":"-android uiautomator","selector":"new UiSelector().textContains(\"Landmark 30\")"}
14:02:02.902088 POST /session/cc80999b-dcbf-4f99-a0c4-70cb7631f41c/element [13.782875ms] ERR:404 body={"strategy":"-android uiautomator","selector":"new UiSelector().descriptionContains(\"Landmark 30\")...
14:02:02.922285 POST /session/cc80999b-dcbf-4f99-a0c4-70cb7631f41c/element [20.074833ms] ERR:404 body={"strategy":"-android uiautomator","selector":"new UiSelector().textMatches(\"(?is).*\\QLandmark 30\...
14:02:02.943518 POST /session/cc80999b-dcbf-4f99-a0c4-70cb7631f41c/element [21.110458ms] ERR:404 body={"strategy":"-android uiautomator","selector":"new UiSelector().descriptionMatches(\"(?is).*\\QLandm...
14:02:02.963129 POST /session/cc80999b-dcbf-4f99-a0c4-70cb7631f41c/element [19.51525ms] ERR:404 body={"strategy":"-android uiautomator","selector":"new UiSelector().textContains(\"Landmark 30\")"}
14:02:02.983738 POST /session/cc80999b-dcbf-4f99-a0c4-70cb7631f41c/element [20.522709ms] ERR:404 body={"strategy":"-android uiautomator","selector":"new UiSelector().descriptionContains(\"Landmark 30\")...
14:02:02.999244 POST /session/cc80999b-dcbf-4f99-a0c4-70cb7631f41c/element [15.403084ms] ERR:404 body={"strategy":"-android uiautomator","selector":"new UiSelector().textMatches(\"(?is).*\\QLandmark 30\...
14:02:03.032574 POST /session/cc80999b-dcbf-4f99-a0c4-70cb7631f41c/element [33.228958ms] ERR:404 body={"strategy":"-android uiautomator","selector":"new UiSelector().descriptionMatches(\"(?is).*\\QLandm...
14:02:03.061545 POST /session/cc80999b-dcbf-4f99-a0c4-70cb7631f41c/element [28.84525ms] ERR:404 body={"strategy":"-android uiautomator","selector":"new UiSelector().textContains(\"Landmark 30\")"}
14:02:03.080464 POST /session/cc80999b-dcbf-4f99-a0c4-70cb7631f41c/element [18.742375ms] ERR:404 body={"strategy":"-android uiautomator","selector":"new UiSelector().descriptionContains(\"Landmark 30\")...
14:02:03.102327 POST /session/cc80999b-dcbf-4f99-a0c4-70cb7631f41c/element [21.711667ms] ERR:404 body={"strategy":"-android uiautomator","selector":"new UiSelector().textMatches(\"(?is).*\\QLandmark 30\...
14:02:03.140107 POST /session/cc80999b-dcbf-4f99-a0c4-70cb7631f41c/element [37.692792ms] ERR:404 body={"strategy":"-android uiautomator","selector":"new UiSelector().descriptionMatches(\"(?is).*\\QLandm...
14:02:03.150105 POST /session/cc80999b-dcbf-4f99-a0c4-70cb7631f41c/element [9.855375ms] ERR:404 body={"strategy":"-android uiautomator","selector":"new UiSelector().textContains(\"Landmark 30\")"}
14:02:03.165932 POST /session/cc80999b-dcbf-4f99-a0c4-70cb7631f41c/element [15.72375ms] ERR:404 body={"strategy":"-android uiautomator","selector":"new UiSelector().descriptionContains(\"Landmark 30\")...
14:02:03.190794 POST /session/cc80999b-dcbf-4f99-a0c4-70cb7631f41c/element [24.750458ms] ERR:404 body={"strategy":"-android uiautomator","selector":"new UiSelector().textMatches(\"(?is).*\\QLandmark 30\...
14:02:03.209561 POST /session/cc80999b-dcbf-4f99-a0c4-70cb7631f41c/element [18.36375ms] ERR:404 body={"strategy":"-android uiautomator","selector":"new UiSelector().descriptionMatches(\"(?is).*\\QLandm...
14:02:03.235184 POST /session/cc80999b-dcbf-4f99-a0c4-70cb7631f41c/element [25.47ms] ERR:404 body={"strategy":"-android uiautomator","selector":"new UiSelector().textContains(\"Landmark 30\")"}
14:02:03.281543 POST /session/cc80999b-dcbf-4f99-a0c4-70cb7631f41c/element [46.203417ms] ERR:404 body={"strategy":"-android uiautomator","selector":"new UiSelector().descriptionContains(\"Landmark 30\")...
14:02:03.303241 POST /session/cc80999b-dcbf-4f99-a0c4-70cb7631f41c/element [21.600125ms] ERR:404 body={"strategy":"-android uiautomator","selector":"new UiSelector().textMatches(\"(?is).*\\QLandmark 30\...
14:02:03.322614 POST /session/cc80999b-dcbf-4f99-a0c4-70cb7631f41c/element [19.277792ms] ERR:404 body={"strategy":"-android uiautomator","selector":"new UiSelector().descriptionMatches(\"(?is).*\\QLandm...
14:02:03.340874 POST /session/cc80999b-dcbf-4f99-a0c4-70cb7631f41c/element [18.142209ms] ERR:404 body={"strategy":"-android uiautomator","selector":"new UiSelector().textContains(\"Landmark 30\")"}
14:02:03.363423 POST /session/cc80999b-dcbf-4f99-a0c4-70cb7631f41c/element [22.451417ms] ERR:404 body={"strategy":"-android uiautomator","selector":"new UiSelector().descriptionContains(\"Landmark 30\")...
14:02:03.385102 POST /session/cc80999b-dcbf-4f99-a0c4-70cb7631f41c/element [21.545125ms] ERR:404 body={"strategy":"-android uiautomator","selector":"new UiSelector().textMatches(\"(?is).*\\QLandmark 30\...
14:02:03.404854 POST /session/cc80999b-dcbf-4f99-a0c4-70cb7631f41c/element [19.632959ms] ERR:404 body={"strategy":"-android uiautomator","selector":"new UiSelector().descriptionMatches(\"(?is).*\\QLandm...
14:02:03.423233 POST /session/cc80999b-dcbf-4f99-a0c4-70cb7631f41c/element [18.245625ms] ERR:404 body={"strategy":"-android uiautomator","selector":"new UiSelector().textContains(\"Landmark 30\")"}
14:02:03.431986 POST /session/cc80999b-dcbf-4f99-a0c4-70cb7631f41c/element [8.661333ms] ERR:404 body={"strategy":"-android uiautomator","selector":"new UiSelector().descriptionContains(\"Landmark 30\")...
14:02:03.442936 POST /session/cc80999b-dcbf-4f99-a0c4-70cb7631f41c/element [10.861625ms] ERR:404 body={"strategy":"-android uiautomator","selector":"new UiSelector().textMatches(\"(?is).*\\QLandmark 30\...
14:02:03.451595 POST /session/cc80999b-dcbf-4f99-a0c4-70cb7631f41c/element [8.566167ms] ERR:404 body={"strategy":"-android uiautomator","selector":"new UiSelector().descriptionMatches(\"(?is).*\\QLandm...
14:02:03.473463 POST /session/cc80999b-dcbf-4f99-a0c4-70cb7631f41c/element [21.777875ms] ERR:404 body={"strategy":"-android uiautomator","selector":"new UiSelector().textContains(\"Landmark 30\")"}
14:02:03.485415 POST /session/cc80999b-dcbf-4f99-a0c4-70cb7631f41c/element [11.847291ms] ERR:404 body={"strategy":"-android uiautomator","selector":"new UiSelector().descriptionContains(\"Landmark 30\")...
14:02:03.501377 POST /session/cc80999b-dcbf-4f99-a0c4-70cb7631f41c/element [15.8665ms] ERR:404 body={"strategy":"-android uiautomator","selector":"new UiSelector().textMatches(\"(?is).*\\QLandmark 30\...
14:02:03.518572 POST /session/cc80999b-dcbf-4f99-a0c4-70cb7631f41c/element [17.093209ms] ERR:404 body={"strategy":"-android uiautomator","selector":"new UiSelector().descriptionMatches(\"(?is).*\\QLandm...
14:02:03.527547 POST /session/cc80999b-dcbf-4f99-a0c4-70cb7631f41c/element [8.392125ms] ERR:404 body={"strategy":"-android uiautomator","selector":"new UiSelector().textContains(\"Landmark 30\")"}
14:02:03.543298 POST /session/cc80999b-dcbf-4f99-a0c4-70cb7631f41c/element [14.474458ms] ERR:404 body={"strategy":"-android uiautomator","selector":"new UiSelector().descriptionContains(\"Landmark 30\")...
14:02:03.562659 POST /session/cc80999b-dcbf-4f99-a0c4-70cb7631f41c/element [19.251416ms] ERR:404 body={"strategy":"-android uiautomator","selector":"new UiSelector().textMatches(\"(?is).*\\QLandmark 30\...
14:02:03.583119 POST /session/cc80999b-dcbf-4f99-a0c4-70cb7631f41c/element [20.28425ms] ERR:404 body={"strategy":"-android uiautomator","selector":"new UiSelector().descriptionMatches(\"(?is).*\\QLandm...
14:02:03.604148 POST /session/cc80999b-dcbf-4f99-a0c4-70cb7631f41c/element [20.919666ms] ERR:404 body={"strategy":"-android uiautomator","selector":"new UiSelector().textContains(\"Landmark 30\")"}
14:02:03.625923 POST /session/cc80999b-dcbf-4f99-a0c4-70cb7631f41c/element [21.6325ms] ERR:404 body={"strategy":"-android uiautomator","selector":"new UiSelector().descriptionContains(\"Landmark 30\")...
14:02:03.634100 POST /session/cc80999b-dcbf-4f99-a0c4-70cb7631f41c/element [8.053209ms] ERR:404 body={"strategy":"-android uiautomator","selector":"new UiSelector().textMatches(\"(?is).*\\QLandmark 30\...
14:02:03.651322 POST /session/cc80999b-dcbf-4f99-a0c4-70cb7631f41c/element [17.106292ms] ERR:404 body={"strategy":"-android uiautomator","selector":"new UiSelector().descriptionMatches(\"(?is).*\\QLandm...
14:02:03.676884 POST /session/cc80999b-dcbf-4f99-a0c4-70cb7631f41c/element [25.41ms] ERR:404 body={"strategy":"-android uiautomator","selector":"new UiSelector().textContains(\"Landmark 30\")"}
14:02:03.693575 POST /session/cc80999b-dcbf-4f99-a0c4-70cb7631f41c/element [16.58575ms] ERR:404 body={"strategy":"-android uiautomator","selector":"new UiSelector().descriptionContains(\"Landmark 30\")...
14:02:03.702663 POST /session/cc80999b-dcbf-4f99-a0c4-70cb7631f41c/element [8.91875ms] ERR:404 body={"strategy":"-android uiautomator","selector":"new UiSelector().textMatches(\"(?is).*\\QLandmark 30\...
14:02:03.721101 POST /session/cc80999b-dcbf-4f99-a0c4-70cb7631f41c/element [18.35325ms] ERR:404 body={"strategy":"-android uiautomator","selector":"new UiSelector().descriptionMatches(\"(?is).*\\QLandm...
14:02:03.728803 POST /session/cc80999b-dcbf-4f99-a0c4-70cb7631f41c/element [7.602166ms] ERR:404 body={"strategy":"-android uiautomator","selector":"new UiSelector().textContains(\"Landmark 30\")"}
14:02:03.743413 POST /session/cc80999b-dcbf-4f99-a0c4-70cb7631f41c/element [14.488416ms] ERR:404 body={"strategy":"-android uiautomator","selector":"new UiSelector().descriptionContains(\"Landmark 30\")...
14:02:03.774589 POST /session/cc80999b-dcbf-4f99-a0c4-70cb7631f41c/element [31.055125ms] ERR:404 body={"strategy":"-android uiautomator","selector":"new UiSelector().textMatches(\"(?is).*\\QLandmark 30\...
14:02:03.782142 POST /session/cc80999b-dcbf-4f99-a0c4-70cb7631f41c/element [7.423791ms] ERR:404 body={"strategy":"-android uiautomator","selector":"new UiSelector().descriptionMatches(\"(?is).*\\QLandm...
14:02:03.798358 POST /session/cc80999b-dcbf-4f99-a0c4-70cb7631f41c/element [16.051958ms] ERR:404 body={"strategy":"-android uiautomator","selector":"new UiSelector().textContains(\"Landmark 30\")"}
14:02:03.812752 POST /session/cc80999b-dcbf-4f99-a0c4-70cb7631f41c/element [14.004708ms] ERR:404 body={"strategy":"-android uiautomator","selector":"new UiSelector().descriptionContains(\"Landmark 30\")...
14:02:03.823716 POST /session/cc80999b-dcbf-4f99-a0c4-70cb7631f41c/element [10.716ms] ERR:404 body={"strategy":"-android uiautomator","selector":"new UiSelector().textMatches(\"(?is).*\\QLandmark 30\...
14:02:03.840645 POST /session/cc80999b-dcbf-4f99-a0c4-70cb7631f41c/element [16.838917ms] ERR:404 body={"strategy":"-android uiautomator","selector":"new UiSelector().descriptionMatches(\"(?is).*\\QLandm...
14:02:03.859145 POST /session/cc80999b-dcbf-4f99-a0c4-70cb7631f41c/element [18.38775ms] ERR:404 body={"strategy":"-android uiautomator","selector":"new UiSelector().textContains(\"Landmark 30\")"}
14:02:03.873162 POST /session/cc80999b-dcbf-4f99-a0c4-70cb7631f41c/element [13.913833ms] ERR:404 body={"strategy":"-android uiautomator","selector":"new UiSelector().descriptionContains(\"Landmark 30\")...
14:02:03.890735 POST /session/cc80999b-dcbf-4f99-a0c4-70cb7631f41c/element [17.449833ms] ERR:404 body={"strategy":"-android uiautomator","selector":"new UiSelector().textMatches(\"(?is).*\\QLandmark 30\...
14:02:03.899159 POST /session/cc80999b-dcbf-4f99-a0c4-70cb7631f41c/element [7.998625ms] ERR:404 body={"strategy":"-android uiautomator","selector":"new UiSelector().descriptionMatches(\"(?is).*\\QLandm...
14:02:03.920296 GET /session/cc80999b-dcbf-4f99-a0c4-70cb7631f41c/source [20.887875ms] OK body=
14:02:03.932459 POST /session/cc80999b-dcbf-4f99-a0c4-70cb7631f41c/element [11.237541ms] ERR:404 body={"strategy":"-android uiautomator","selector":"new UiSelector().textContains(\"Landmark 30\")"}
14:02:03.947316 POST /session/cc80999b-dcbf-4f99-a0c4-70cb7631f41c/element [14.754708ms] ERR:404 body={"strategy":"-android uiautomator","selector":"new UiSelector().descriptionContains(\"Landmark 30\")...
14:02:03.965569 POST /session/cc80999b-dcbf-4f99-a0c4-70cb7631f41c/element [18.122416ms] ERR:404 body={"strategy":"-android uiautomator","selector":"new UiSelector().textMatches(\"(?is).*\\QLandmark 30\...
14:02:03.979335 POST /session/cc80999b-dcbf-4f99-a0c4-70cb7631f41c/element [13.646375ms] ERR:404 body={"strategy":"-android uiautomator","selector":"new UiSelector().descriptionMatches(\"(?is).*\\QLandm...
14:02:03.991743 POST /session/cc80999b-dcbf-4f99-a0c4-70cb7631f41c/element [12.30775ms] ERR:404 body={"strategy":"-android uiautomator","selector":"new UiSelector().textContains(\"Landmark 30\")"}
14:02:04.008900 POST /session/cc80999b-dcbf-4f99-a0c4-70cb7631f41c/element [16.999958ms] ERR:404 body={"strategy":"-android uiautomator","selector":"new UiSelector().descriptionContains(\"Landmark 30\")...
14:02:04.023450 POST /session/cc80999b-dcbf-4f99-a0c4-70cb7631f41c/element [14.422625ms] ERR:404 body={"strategy":"-android uiautomator","selector":"new UiSelector().textMatches(\"(?is).*\\QLandmark 30\...
14:02:04.041466 POST /session/cc80999b-dcbf-4f99-a0c4-70cb7631f41c/element [17.878334ms] ERR:404 body={"strategy":"-android uiautomator","selector":"new UiSelector().descriptionMatches(\"(?is).*\\QLandm...
14:02:04.054068 POST /session/cc80999b-dcbf-4f99-a0c4-70cb7631f41c/element [12.488333ms] ERR:404 body={"strategy":"-android uiautomator","selector":"new UiSelector().textContains(\"Landmark 30\")"}
14:02:04.067120 POST /session/cc80999b-dcbf-4f99-a0c4-70cb7631f41c/element [12.918459ms] ERR:404 body={"strategy":"-android uiautomator","selector":"new UiSelector().descriptionContains(\"Landmark 30\")...
14:02:04.078198 POST /session/cc80999b-dcbf-4f99-a0c4-70cb7631f41c/element [10.997375ms] ERR:404 body={"strategy":"-android uiautomator","selector":"new UiSelector().textMatches(\"(?is).*\\QLandmark 30\...
14:02:04.086886 POST /session/cc80999b-dcbf-4f99-a0c4-70cb7631f41c/element [8.583125ms] ERR:404 body={"strategy":"-android uiautomator","selector":"new UiSelector().descriptionMatches(\"(?is).*\\QLandm...
14:02:04.105083 POST /session/cc80999b-dcbf-4f99-a0c4-70cb7631f41c/element [18.109708ms] ERR:404 body={"strategy":"-android uiautomator","selector":"new UiSelector().textContains(\"Landmark 30\")"}
14:02:04.129897 POST /session/cc80999b-dcbf-4f99-a0c4-70cb7631f41c/element [18.107875ms] ERR:404 body={"strategy":"-android uiautomator","selector":"new UiSelector().descriptionContains(\"Landmark 30\")...
14:02:04.144097 POST /session/cc80999b-dcbf-4f99-a0c4-70cb7631f41c/element [14.081458ms] ERR:404 body={"strategy":"-android uiautomator","selector":"new UiSelector().textMatches(\"(?is).*\\QLandmark 30\...
14:02:04.159153 POST /session/cc80999b-dcbf-4f99-a0c4-70cb7631f41c/element [14.939292ms] ERR:404 body={"strategy":"-android uiautomator","selector":"new UiSelector().descriptionMatches(\"(?is).*\\QLandm...
14:02:04.180590 POST /session/cc80999b-dcbf-4f99-a0c4-70cb7631f41c/element [21.349666ms] ERR:404 body={"strategy":"-android uiautomator","selector":"new UiSelector().textContains(\"Landmark 30\")"}
14:02:04.192582 POST /session/cc80999b-dcbf-4f99-a0c4-70cb7631f41c/element [11.888375ms] ERR:404 body={"strategy":"-android uiautomator","selector":"new UiSelector().descriptionContains(\"Landmark 30\")...
14:02:04.202571 POST /session/cc80999b-dcbf-4f99-a0c4-70cb7631f41c/element [9.525833ms] ERR:404 body={"strategy":"-android uiautomator","selector":"new UiSelector().textMatches(\"(?is).*\\QLandmark 30\...
14:02:04.228784 POST /session/cc80999b-dcbf-4f99-a0c4-70cb7631f41c/element [26.102541ms] ERR:404 body={"strategy":"-android uiautomator","selector":"new UiSelector().descriptionMatches(\"(?is).*\\QLandm...
14:02:04.246718 POST /session/cc80999b-dcbf-4f99-a0c4-70cb7631f41c/element [17.742583ms] ERR:404 body={"strategy":"-android uiautomator","selector":"new UiSelector().textContains(\"Landmark 30\")"}
14:02:04.264990 POST /session/cc80999b-dcbf-4f99-a0c4-70cb7631f41c/element [18.182417ms] ERR:404 body={"strategy":"-android uiautomator","selector":"new UiSelector().descriptionContains(\"Landmark 30\")...
14:02:04.272076 POST /session/cc80999b-dcbf-4f99-a0c4-70cb7631f41c/element [6.963334ms] ERR:404 body={"strategy":"-android uiautomator","selector":"new UiSelector().textMatches(\"(?is).*\\QLandmark 30\...
14:02:04.286572 POST /session/cc80999b-dcbf-4f99-a0c4-70cb7631f41c/element [14.37925ms] ERR:404 body={"strategy":"-android uiautomator","selector":"new UiSelector().descriptionMatches(\"(?is).*\\QLandm...
14:02:04.306679 POST /session/cc80999b-dcbf-4f99-a0c4-70cb7631f41c/element [20.022375ms] ERR:404 body={"strategy":"-android uiautomator","selector":"new UiSelector().textContains(\"Landmark 30\")"}
14:02:04.326566 POST /session/cc80999b-dcbf-4f99-a0c4-70cb7631f41c/element [19.804958ms] ERR:404 body={"strategy":"-android uiautomator","selector":"new UiSelector().descriptionContains(\"Landmark 30\")...
14:02:04.344775 POST /session/cc80999b-dcbf-4f99-a0c4-70cb7631f41c/element [18.077417ms] ERR:404 body={"strategy":"-android uiautomator","selector":"new UiSelector().textMatches(\"(?is).*\\QLandmark 30\...
14:02:04.362456 POST /session/cc80999b-dcbf-4f99-a0c4-70cb7631f41c/element [17.596792ms] ERR:404 body={"strategy":"-android uiautomator","selector":"new UiSelector().descriptionMatches(\"(?is).*\\QLandm...
14:02:04.377418 POST /session/cc80999b-dcbf-4f99-a0c4-70cb7631f41c/element [14.802541ms] ERR:404 body={"strategy":"-android uiautomator","selector":"new UiSelector().textContains(\"Landmark 30\")"}
14:02:04.405763 POST /session/cc80999b-dcbf-4f99-a0c4-70cb7631f41c/element [28.2605ms] ERR:404 body={"strategy":"-android uiautomator","selector":"new UiSelector().descriptionContains(\"Landmark 30\")...
14:02:04.418755 POST /session/cc80999b-dcbf-4f99-a0c4-70cb7631f41c/element [12.91225ms] ERR:404 body={"strategy":"-android uiautomator","selector":"new UiSelector().textMatches(\"(?is).*\\QLandmark 30\...
14:02:04.434158 POST /session/cc80999b-dcbf-4f99-a0c4-70cb7631f41c/element [15.325125ms] ERR:404 body={"strategy":"-android uiautomator","selector":"new UiSelector().descriptionMatches(\"(?is).*\\QLandm...
14:02:04.441810 POST /session/cc80999b-dcbf-4f99-a0c4-70cb7631f41c/element [6.99125ms] ERR:404 body={"strategy":"-android uiautomator","selector":"new UiSelector().textContains(\"Landmark 30\")"}
14:02:04.459949 POST /session/cc80999b-dcbf-4f99-a0c4-70cb7631f41c/element [18.022833ms] ERR:404 body={"strategy":"-android uiautomator","selector":"new UiSelector().descriptionContains(\"Landmark 30\")...
14:02:04.474372 POST /session/cc80999b-dcbf-4f99-a0c4-70cb7631f41c/element [14.334ms] ERR:404 body={"strategy":"-android uiautomator","selector":"new UiSelector().textMatches(\"(?is).*\\QLandmark 30\...
14:02:04.490589 POST /session/cc80999b-dcbf-4f99-a0c4-70cb7631f41c/element [16.136209ms] ERR:404 body={"strategy":"-android uiautomator","selector":"new UiSelector().descriptionMatches(\"(?is).*\\QLandm...
14:02:04.508543 POST /session/cc80999b-dcbf-4f99-a0c4-70cb7631f41c/element [17.853916ms] ERR:404 body={"strategy":"-android uiautomator","selector":"new UiSelector().textContains(\"Landmark 30\")"}
14:02:04.516296 POST /session/cc80999b-dcbf-4f99-a0c4-70cb7631f41c/element [7.658458ms] ERR:404 body={"strategy":"-android uiautomator","selector":"new UiSelector().descriptionContains(\"Landmark 30\")...
14:02:04.540455 POST /session/cc80999b-dcbf-4f99-a0c4-70cb7631f41c/element [24.021958ms] ERR:404 body={"strategy":"-android uiautomator","selector":"new UiSelector().textMatches(\"(?is).*\\QLandmark 30\...
14:02:04.554385 POST /session/cc80999b-dcbf-4f99-a0c4-70cb7631f41c/element [13.671458ms] ERR:404 body={"strategy":"-android uiautomator","selector":"new UiSelector().descriptionMatches(\"(?is).*\\QLandm...
14:02:04.568047 POST /session/cc80999b-dcbf-4f99-a0c4-70cb7631f41c/element [13.537875ms] ERR:404 body={"strategy":"-android uiautomator","selector":"new UiSelector().textContains(\"Landmark 30\")"}
14:02:04.578844 POST /session/cc80999b-dcbf-4f99-a0c4-70cb7631f41c/element [10.702291ms] ERR:404 body={"strategy":"-android uiautomator","selector":"new UiSelector().descriptionContains(\"Landmark 30\")...
14:02:04.590596 POST /session/cc80999b-dcbf-4f99-a0c4-70cb7631f41c/element [11.639542ms] ERR:404 body={"strategy":"-android uiautomator","selector":"new UiSelector().textMatches(\"(?is).*\\QLandmark 30\...
14:02:04.611008 POST /session/cc80999b-dcbf-4f99-a0c4-70cb7631f41c/element [20.331583ms] ERR:404 body={"strategy":"-android uiautomator","selector":"new UiSelector().descriptionMatches(\"(?is).*\\QLandm...
14:02:04.622443 POST /session/cc80999b-dcbf-4f99-a0c4-70cb7631f41c/element [11.365167ms] ERR:404 body={"strategy":"-android uiautomator","selector":"new UiSelector().textContains(\"Landmark 30\")"}
14:02:04.647431 POST /session/cc80999b-dcbf-4f99-a0c4-70cb7631f41c/element [24.903625ms] ERR:404 body={"strategy":"-android uiautomator","selector":"new UiSelector().descriptionContains(\"Landmark 30\")...
14:02:04.662837 POST /session/cc80999b-dcbf-4f99-a0c4-70cb7631f41c/element [15.328875ms] ERR:404 body={"strategy":"-android uiautomator","selector":"new UiSelector().textMatches(\"(?is).*\\QLandmark 30\...
14:02:04.674870 POST /session/cc80999b-dcbf-4f99-a0c4-70cb7631f41c/element [11.942708ms] ERR:404 body={"strategy":"-android uiautomator","selector":"new UiSelector().descriptionMatches(\"(?is).*\\QLandm...
14:02:04.692933 POST /session/cc80999b-dcbf-4f99-a0c4-70cb7631f41c/element [17.97225ms] ERR:404 body={"strategy":"-android uiautomator","selector":"new UiSelector().textContains(\"Landmark 30\")"}
14:02:04.710828 POST /session/cc80999b-dcbf-4f99-a0c4-70cb7631f41c/element [17.800625ms] ERR:404 body={"strategy":"-android uiautomator","selector":"new UiSelector().descriptionContains(\"Landmark 30\")...
14:02:04.736779 POST /session/cc80999b-dcbf-4f99-a0c4-70cb7631f41c/element [25.791917ms] ERR:404 body={"strategy":"-android uiautomator","selector":"new UiSelector().textMatches(\"(?is).*\\QLandmark 30\...
14:02:04.763822 POST /session/cc80999b-dcbf-4f99-a0c4-70cb7631f41c/element [26.942958ms] ERR:404 body={"strategy":"-android uiautomator","selector":"new UiSelector().descriptionMatches(\"(?is).*\\QLandm...
14:02:04.788440 POST /session/cc80999b-dcbf-4f99-a0c4-70cb7631f41c/element [24.532917ms] ERR:404 body={"strategy":"-android uiautomator","selector":"new UiSelector().textContains(\"Landmark 30\")"}
14:02:04.800784 POST /session/cc80999b-dcbf-4f99-a0c4-70cb7631f41c/element [12.24325ms] ERR:404 body={"strategy":"-android uiautomator","selector":"new UiSelector().descriptionContains(\"Landmark 30\")...
14:02:04.816178 POST /session/cc80999b-dcbf-4f99-a0c4-70cb7631f41c/element [15.27825ms] ERR:404 body={"strategy":"-android uiautomator","selector":"new UiSelector().textMatches(\"(?is).*\\QLandmark 30\...
14:02:04.833159 POST /session/cc80999b-dcbf-4f99-a0c4-70cb7631f41c/element [16.868833ms] ERR:404 body={"strategy":"-android uiautomator","selector":"new UiSelector().descriptionMatches(\"(?is).*\\QLandm...
14:02:04.852786 POST /session/cc80999b-dcbf-4f99-a0c4-70cb7631f41c/element [19.519417ms] ERR:404 body={"strategy":"-android uiautomator","selector":"new UiSelector().textContains(\"Landmark 30\")"}
14:02:04.871930 POST /session/cc80999b-dcbf-4f99-a0c4-70cb7631f41c/element [19.012042ms] ERR:404 body={"strategy":"-android uiautomator","selector":"new UiSelector().descriptionContains(\"Landmark 30\")...
14:02:04.889406 POST /session/cc80999b-dcbf-4f99-a0c4-70cb7631f41c/element [17.36025ms] ERR:404 body={"strategy":"-android uiautomator","selector":"new UiSelector().textMatches(\"(?is).*\\QLandmark 30\...
14:02:04.913960 POST /session/cc80999b-dcbf-4f99-a0c4-70cb7631f41c/element [24.225083ms] ERR:404 body={"strategy":"-android uiautomator","selector":"new UiSelector().descriptionMatches(\"(?is).*\\QLandm...
14:02:04.931663 POST /session/cc80999b-dcbf-4f99-a0c4-70cb7631f41c/element [17.55025ms] ERR:404 body={"strategy":"-android uiautomator","selector":"new UiSelector().textContains(\"Landmark 30\")"}
14:02:04.946311 POST /session/cc80999b-dcbf-4f99-a0c4-70cb7631f41c/element [14.55725ms] ERR:404 body={"strategy":"-android uiautomator","selector":"new UiSelector().descriptionContains(\"Landmark 30\")...
14:02:04.958430 POST /session/cc80999b-dcbf-4f99-a0c4-70cb7631f41c/element [11.973625ms] ERR:404 body={"strategy":"-android uiautomator","selector":"new UiSelector().textMatches(\"(?is).*\\QLandmark 30\...
14:02:04.973565 POST /session/cc80999b-dcbf-4f99-a0c4-70cb7631f41c/element [15.016708ms] ERR:404 body={"strategy":"-android uiautomator","selector":"new UiSelector().descriptionMatches(\"(?is).*\\QLandm...
14:02:04.997352 GET /session/cc80999b-dcbf-4f99-a0c4-70cb7631f41c/source [23.542458ms] OK body=
14:02:05.019638 POST /session/cc80999b-dcbf-4f99-a0c4-70cb7631f41c/element [21.394042ms] ERR:404 body={"strategy":"-android uiautomator","selector":"new UiSelector().textContains(\"Landmark 30\")"}
14:02:05.037413 POST /session/cc80999b-dcbf-4f99-a0c4-70cb7631f41c/element [17.660542ms] ERR:404 body={"strategy":"-android uiautomator","selector":"new UiSelector().descriptionContains(\"Landmark 30\")...
14:02:05.059005 POST /session/cc80999b-dcbf-4f99-a0c4-70cb7631f41c/element [21.488208ms] ERR:404 body={"strategy":"-android uiautomator","selector":"new UiSelector().textMatches(\"(?is).*\\QLandmark 30\...
14:02:05.066155 POST /session/cc80999b-dcbf-4f99-a0c4-70cb7631f41c/element [7.058333ms] ERR:404 body={"strategy":"-android uiautomator","selector":"new UiSelector().descriptionMatches(\"(?is).*\\QLandm...
14:02:05.073114 POST /session/cc80999b-dcbf-4f99-a0c4-70cb7631f41c/element [6.866292ms] ERR:404 body={"strategy":"-android uiautomator","selector":"new UiSelector().textContains(\"Landmark 30\")"}
14:02:05.086373 POST /session/cc80999b-dcbf-4f99-a0c4-70cb7631f41c/element [13.178917ms] ERR:404 body={"strategy":"-android uiautomator","selector":"new UiSelector().descriptionContains(\"Landmark 30\")...
14:02:05.097911 POST /session/cc80999b-dcbf-4f99-a0c4-70cb7631f41c/element [11.4475ms] ERR:404 body={"strategy":"-android uiautomator","selector":"new UiSelector().textMatches(\"(?is).*\\QLandmark 30\...
14:02:05.106816 POST /session/cc80999b-dcbf-4f99-a0c4-70cb7631f41c/element [8.802792ms] ERR:404 body={"strategy":"-android uiautomator","selector":"new UiSelector().descriptionMatches(\"(?is).*\\QLandm...
14:02:05.124856 POST /session/cc80999b-dcbf-4f99-a0c4-70cb7631f41c/element [17.934333ms] ERR:404 body={"strategy":"-android uiautomator","selector":"new UiSelector().textContains(\"Landmark 30\")"}
14:02:05.143437 POST /session/cc80999b-dcbf-4f99-a0c4-70cb7631f41c/element [18.45ms] ERR:404 body={"strategy":"-android uiautomator","selector":"new UiSelector().descriptionContains(\"Landmark 30\")...
14:02:05.151381 POST /session/cc80999b-dcbf-4f99-a0c4-70cb7631f41c/element [7.778917ms] ERR:404 body={"strategy":"-android uiautomator","selector":"new UiSelector().textMatches(\"(?is).*\\QLandmark 30\...
14:02:05.167259 POST /session/cc80999b-dcbf-4f99-a0c4-70cb7631f41c/element [15.767625ms] ERR:404 body={"strategy":"-android uiautomator","selector":"new UiSelector().descriptionMatches(\"(?is).*\\QLandm...
14:02:05.197533 POST /session/cc80999b-dcbf-4f99-a0c4-70cb7631f41c/element [26.154792ms] ERR:404 body={"strategy":"-android uiautomator","selector":"new UiSelector().textContains(\"Landmark 30\")"}
14:02:05.215045 POST /session/cc80999b-dcbf-4f99-a0c4-70cb7631f41c/element [17.078958ms] ERR:404 body={"strategy":"-android uiautomator","selector":"new UiSelector().descriptionContains(\"Landmark 30\")...
14:02:05.237506 POST /session/cc80999b-dcbf-4f99-a0c4-70cb7631f41c/element [22.217ms] ERR:404 body={"strategy":"-android uiautomator","selector":"new UiSelector().textMatches(\"(?is).*\\QLandmark 30\...
14:02:05.258971 POST /session/cc80999b-dcbf-4f99-a0c4-70cb7631f41c/element [21.2765ms] ERR:404 body={"strategy":"-android uiautomator","selector":"new UiSelector().descriptionMatches(\"(?is).*\\QLandm...
14:02:05.267035 POST /session/cc80999b-dcbf-4f99-a0c4-70cb7631f41c/element [7.991958ms] ERR:404 body={"strategy":"-android uiautomator","selector":"new UiSelector().textContains(\"Landmark 30\")"}
14:02:05.280469 POST /session/cc80999b-dcbf-4f99-a0c4-70cb7631f41c/element [13.327417ms] ERR:404 body={"strategy":"-android uiautomator","selector":"new UiSelector().descriptionContains(\"Landmark 30\")...
14:02:05.288243 POST /session/cc80999b-dcbf-4f99-a0c4-70cb7631f41c/element [7.650208ms] ERR:404 body={"strategy":"-android uiautomator","selector":"new UiSelector().textMatches(\"(?is).*\\QLandmark 30\...
14:02:05.307197 POST /session/cc80999b-dcbf-4f99-a0c4-70cb7631f41c/element [18.871ms] ERR:404 body={"strategy":"-android uiautomator","selector":"new UiSelector().descriptionMatches(\"(?is).*\\QLandm...
14:02:05.322113 POST /session/cc80999b-dcbf-4f99-a0c4-70cb7631f41c/element [14.796917ms] ERR:404 body={"strategy":"-android uiautomator","selector":"new UiSelector().textContains(\"Landmark 30\")"}
14:02:05.346762 POST /session/cc80999b-dcbf-4f99-a0c4-70cb7631f41c/element [24.537458ms] ERR:404 body={"strategy":"-android uiautomator","selector":"new UiSelector().descriptionContains(\"Landmark 30\")...
14:02:05.368373 POST /session/cc80999b-dcbf-4f99-a0c4-70cb7631f41c/element [21.517375ms] ERR:404 body={"strategy":"-android uiautomator","selector":"new UiSelector().textMatches(\"(?is).*\\QLandmark 30\...
14:02:05.382575 POST /session/cc80999b-dcbf-4f99-a0c4-70cb7631f41c/element [14.01775ms] ERR:404 body={"strategy":"-android uiautomator","selector":"new UiSelector().descriptionMatches(\"(?is).*\\QLandm...
14:02:05.395116 POST /session/cc80999b-dcbf-4f99-a0c4-70cb7631f41c/element [12.377084ms] ERR:404 body={"strategy":"-android uiautomator","selector":"new UiSelector().textContains(\"Landmark 30\")"}
14:02:05.414131 POST /session/cc80999b-dcbf-4f99-a0c4-70cb7631f41c/element [18.928709ms] ERR:404 body={"strategy":"-android uiautomator","selector":"new UiSelector().descriptionContains(\"Landmark 30\")...
14:02:05.430837 POST /session/cc80999b-dcbf-4f99-a0c4-70cb7631f41c/element [16.601125ms] ERR:404 body={"strategy":"-android uiautomator","selector":"new UiSelector().textMatches(\"(?is).*\\QLandmark 30\...
14:02:05.444271 POST /session/cc80999b-dcbf-4f99-a0c4-70cb7631f41c/element [13.34725ms] ERR:404 body={"strategy":"-android uiautomator","selector":"new UiSelector().descriptionMatches(\"(?is).*\\QLandm...
14:02:05.461897 POST /session/cc80999b-dcbf-4f99-a0c4-70cb7631f41c/element [17.526ms] ERR:404 body={"strategy":"-android uiautomator","selector":"new UiSelector().textContains(\"Landmark 30\")"}
14:02:05.481281 POST /session/cc80999b-dcbf-4f99-a0c4-70cb7631f41c/element [19.28625ms] ERR:404 body={"strategy":"-android uiautomator","selector":"new UiSelector().descriptionContains(\"Landmark 30\")...
14:02:05.490753 POST /session/cc80999b-dcbf-4f99-a0c4-70cb7631f41c/element [9.386625ms] ERR:404 body={"strategy":"-android uiautomator","selector":"new UiSelector().textMatches(\"(?is).*\\QLandmark 30\...
14:02:05.506025 POST /session/cc80999b-dcbf-4f99-a0c4-70cb7631f41c/element [15.120875ms] ERR:404 body={"strategy":"-android uiautomator","selector":"new UiSelector().descriptionMatches(\"(?is).*\\QLandm...
14:02:05.523446 POST /session/cc80999b-dcbf-4f99-a0c4-70cb7631f41c/element [17.320833ms] ERR:404 body={"strategy":"-android uiautomator","selector":"new UiSelector().textContains(\"Landmark 30\")"}
14:02:05.537531 POST /session/cc80999b-dcbf-4f99-a0c4-70cb7631f41c/element [13.990875ms] ERR:404 body={"strategy":"-android uiautomator","selector":"new UiSelector().descriptionContains(\"Landmark 30\")...
14:02:05.545144 POST /session/cc80999b-dcbf-4f99-a0c4-70cb7631f41c/element [7.395459ms] ERR:404 body={"strategy":"-android uiautomator","selector":"new UiSelector().textMatches(\"(?is).*\\QLandmark 30\...
14:02:05.557571 POST /session/cc80999b-dcbf-4f99-a0c4-70cb7631f41c/element [12.329334ms] ERR:404 body={"strategy":"-android uiautomator","selector":"new UiSelector().descriptionMatches(\"(?is).*\\QLandm...
14:02:05.576803 POST /session/cc80999b-dcbf-4f99-a0c4-70cb7631f41c/element [19.127834ms] ERR:404 body={"strategy":"-android uiautomator","selector":"new UiSelector().textContains(\"Landmark 30\")"}
14:02:05.589567 POST /session/cc80999b-dcbf-4f99-a0c4-70cb7631f41c/element [12.670917ms] ERR:404 body={"strategy":"-android uiautomator","selector":"new UiSelector().descriptionContains(\"Landmark 30\")...
14:02:05.602991 POST /session/cc80999b-dcbf-4f99-a0c4-70cb7631f41c/element [13.31925ms] ERR:404 body={"strategy":"-android uiautomator","selector":"new UiSelector().textMatches(\"(?is).*\\QLandmark 30\...
14:02:05.618811 POST /session/cc80999b-dcbf-4f99-a0c4-70cb7631f41c/element [15.721083ms] ERR:404 body={"strategy":"-android uiautomator","selector":"new UiSelector().descriptionMatches(\"(?is).*\\QLandm...
14:02:05.638138 POST /session/cc80999b-dcbf-4f99-a0c4-70cb7631f41c/element [19.239ms] ERR:404 body={"strategy":"-android uiautomator","selector":"new UiSelector().textContains(\"Landmark 30\")"}
14:02:05.654280 POST /session/cc80999b-dcbf-4f99-a0c4-70cb7631f41c/element [16.024667ms] ERR:404 body={"strategy":"-android uiautomator","selector":"new UiSelector().descriptionContains(\"Landmark 30\")...
14:02:05.671631 POST /session/cc80999b-dcbf-4f99-a0c4-70cb7631f41c/element [17.233125ms] ERR:404 body={"strategy":"-android uiautomator","selector":"new UiSelector().textMatches(\"(?is).*\\QLandmark 30\...
14:02:05.680879 POST /session/cc80999b-dcbf-4f99-a0c4-70cb7631f41c/element [9.088625ms] ERR:404 body={"strategy":"-android uiautomator","selector":"new UiSelector().descriptionMatches(\"(?is).*\\QLandm...
14:02:05.702271 POST /session/cc80999b-dcbf-4f99-a0c4-70cb7631f41c/element [21.296084ms] ERR:404 body={"strategy":"-android uiautomator","selector":"new UiSelector().textContains(\"Landmark 30\")"}
14:02:05.719584 POST /session/cc80999b-dcbf-4f99-a0c4-70cb7631f41c/element [17.164ms] ERR:404 body={"strategy":"-android uiautomator","selector":"new UiSelector().descriptionContains(\"Landmark 30\")...
14:02:05.734060 POST /session/cc80999b-dcbf-4f99-a0c4-70cb7631f41c/element [14.384083ms] ERR:404 body={"strategy":"-android uiautomator","selector":"new UiSelector().textMatches(\"(?is).*\\QLandmark 30\...
14:02:05.757684 POST /session/cc80999b-dcbf-4f99-a0c4-70cb7631f41c/element [23.520542ms] ERR:404 body={"strategy":"-android uiautomator","selector":"new UiSelector().descriptionMatches(\"(?is).*\\QLandm...
14:02:05.774379 POST /session/cc80999b-dcbf-4f99-a0c4-70cb7631f41c/element [16.560041ms] ERR:404 body={"strategy":"-android uiautomator","selector":"new UiSelector().textContains(\"Landmark 30\")"}
14:02:05.792561 POST /session/cc80999b-dcbf-4f99-a0c4-70cb7631f41c/element [18.089375ms] ERR:404 body={"strategy":"-android uiautomator","selector":"new UiSelector().descriptionContains(\"Landmark 30\")...
14:02:05.810210 POST /session/cc80999b-dcbf-4f99-a0c4-70cb7631f41c/element [17.523125ms] ERR:404 body={"strategy":"-android uiautomator","selector":"new UiSelector().textMatches(\"(?is).*\\QLandmark 30\...
14:02:05.823764 POST /session/cc80999b-dcbf-4f99-a0c4-70cb7631f41c/element [13.445708ms] ERR:404 body={"strategy":"-android uiautomator","selector":"new UiSelector().descriptionMatches(\"(?is).*\\QLandm...
14:02:05.830241 POST /session/cc80999b-dcbf-4f99-a0c4-70cb7631f41c/element [6.391875ms] ERR:404 body={"strategy":"-android uiautomator","selector":"new UiSelector().textContains(\"Landmark 30\")"}
14:02:05.836107 POST /session/cc80999b-dcbf-4f99-a0c4-70cb7631f41c/element [5.772875ms] ERR:404 body={"strategy":"-android uiautomator","selector":"new UiSelector().descriptionContains(\"Landmark 30\")...
14:02:05.849509 POST /session/cc80999b-dcbf-4f99-a0c4-70cb7631f41c/element [13.316ms] ERR:404 body={"strategy":"-android uiautomator","selector":"new UiSelector().textMatches(\"(?is).*\\QLandmark 30\...
14:02:05.860586 POST /session/cc80999b-dcbf-4f99-a0c4-70cb7631f41c/element [10.948708ms] ERR:404 body={"strategy":"-android uiautomator","selector":"new UiSelector().descriptionMatches(\"(?is).*\\QLandm...
14:02:05.876364 POST /session/cc80999b-dcbf-4f99-a0c4-70cb7631f41c/element [15.693042ms] ERR:404 body={"strategy":"-android uiautomator","selector":"new UiSelector().textContains(\"Landmark 30\")"}
14:02:05.883356 POST /session/cc80999b-dcbf-4f99-a0c4-70cb7631f41c/element [6.814292ms] ERR:404 body={"strategy":"-android uiautomator","selector":"new UiSelector().descriptionContains(\"Landmark 30\")...
14:02:05.906442 POST /session/cc80999b-dcbf-4f99-a0c4-70cb7631f41c/element [22.976625ms] ERR:404 body={"strategy":"-android uiautomator","selector":"new UiSelector().textMatches(\"(?is).*\\QLandmark 30\...
14:02:05.924497 POST /session/cc80999b-dcbf-4f99-a0c4-70cb7631f41c/element [17.945542ms] ERR:404 body={"strategy":"-android uiautomator","selector":"new UiSelector().descriptionMatches(\"(?is).*\\QLandm...
14:02:05.946045 POST /session/cc80999b-dcbf-4f99-a0c4-70cb7631f41c/element [21.455208ms] ERR:404 body={"strategy":"-android uiautomator","selector":"new UiSelector().textContains(\"Landmark 30\")"}
14:02:05.961909 POST /session/cc80999b-dcbf-4f99-a0c4-70cb7631f41c/element [15.749375ms] ERR:404 body={"strategy":"-android uiautomator","selector":"new UiSelector().descriptionContains(\"Landmark 30\")...
14:02:05.978133 POST /session/cc80999b-dcbf-4f99-a0c4-70cb7631f41c/element [16.086792ms] ERR:404 body={"strategy":"-android uiautomator","selector":"new UiSelector().textMatches(\"(?is).*\\QLandmark 30\...
14:02:05.995448 POST /session/cc80999b-dcbf-4f99-a0c4-70cb7631f41c/element [16.391333ms] ERR:404 body={"strategy":"-android uiautomator","selector":"new UiSelector().descriptionMatches(\"(?is).*\\QLandm...
14:02:06.013312 POST /session/cc80999b-dcbf-4f99-a0c4-70cb7631f41c/element [17.503334ms] ERR:404 body={"strategy":"-android uiautomator","selector":"new UiSelector().textContains(\"Landmark 30\")"}
14:02:06.028461 POST /session/cc80999b-dcbf-4f99-a0c4-70cb7631f41c/element [15.062709ms] ERR:404 body={"strategy":"-android uiautomator","selector":"new UiSelector().descriptionContains(\"Landmark 30\")...
14:02:06.045715 POST /session/cc80999b-dcbf-4f99-a0c4-70cb7631f41c/element [17.158417ms] ERR:404 body={"strategy":"-android uiautomator","selector":"new UiSelector().textMatches(\"(?is).*\\QLandmark 30\...
14:02:06.062666 POST /session/cc80999b-dcbf-4f99-a0c4-70cb7631f41c/element [16.834458ms] ERR:404 body={"strategy":"-android uiautomator","selector":"new UiSelector().descriptionMatches(\"(?is).*\\QLandm...
14:02:06.086699 GET /session/cc80999b-dcbf-4f99-a0c4-70cb7631f41c/source [23.802875ms] OK body=
14:02:06.105297 POST /session/cc80999b-dcbf-4f99-a0c4-70cb7631f41c/element [17.733125ms] ERR:404 body={"strategy":"-android uiautomator","selector":"new UiSelector().textContains(\"Landmark 30\")"}
14:02:06.120720 POST /session/cc80999b-dcbf-4f99-a0c4-70cb7631f41c/element [15.308417ms] ERR:404 body={"strategy":"-android uiautomator","selector":"new UiSelector().descriptionContains(\"Landmark 30\")...
14:02:06.136749 POST /session/cc80999b-dcbf-4f99-a0c4-70cb7631f41c/element [15.940417ms] ERR:404 body={"strategy":"-android uiautomator","selector":"new UiSelector().textMatches(\"(?is).*\\QLandmark 30\...
14:02:06.152332 POST /session/cc80999b-dcbf-4f99-a0c4-70cb7631f41c/element [15.493292ms] ERR:404 body={"strategy":"-android uiautomator","selector":"new UiSelector().descriptionMatches(\"(?is).*\\QLandm...
14:02:06.165694 POST /session/cc80999b-dcbf-4f99-a0c4-70cb7631f41c/element [13.26ms] ERR:404 body={"strategy":"-android uiautomator","selector":"new UiSelector().textContains(\"Landmark 30\")"}
14:02:06.179238 POST /session/cc80999b-dcbf-4f99-a0c4-70cb7631f41c/element [13.413667ms] ERR:404 body={"strategy":"-android uiautomator","selector":"new UiSelector().descriptionContains(\"Landmark 30\")...
14:02:06.193762 POST /session/cc80999b-dcbf-4f99-a0c4-70cb7631f41c/element [14.394083ms] ERR:404 body={"strategy":"-android uiautomator","selector":"new UiSelector().textMatches(\"(?is).*\\QLandmark 30\...
14:02:06.207514 POST /session/cc80999b-dcbf-4f99-a0c4-70cb7631f41c/element [13.655083ms] ERR:404 body={"strategy":"-android uiautomator","selector":"new UiSelector().descriptionMatches(\"(?is).*\\QLandm...
14:02:06.225994 POST /session/cc80999b-dcbf-4f99-a0c4-70cb7631f41c/element [18.398125ms] ERR:404 body={"strategy":"-android uiautomator","selector":"new UiSelector().textContains(\"Landmark 30\")"}
14:02:06.241396 POST /session/cc80999b-dcbf-4f99-a0c4-70cb7631f41c/element [15.268917ms] ERR:404 body={"strategy":"-android uiautomator","selector":"new UiSelector().descriptionContains(\"Landmark 30\")...
14:02:06.262395 POST /session/cc80999b-dcbf-4f99-a0c4-70cb7631f41c/element [20.903375ms] ERR:404 body={"strategy":"-android uiautomator","selector":"new UiSelector().textMatches(\"(?is).*\\QLandmark 30\...
14:02:06.286982 POST /session/cc80999b-dcbf-4f99-a0c4-70cb7631f41c/element [24.490375ms] ERR:404 body={"strategy":"-android uiautomator","selector":"new UiSelector().descriptionMatches(\"(?is).*\\QLandm...
14:02:06.301954 POST /session/cc80999b-dcbf-4f99-a0c4-70cb7631f41c/element [14.861ms] ERR:404 body={"strategy":"-android uiautomator","selector":"new UiSelector().textContains(\"Landmark 30\")"}
14:02:06.317862 POST /session/cc80999b-dcbf-4f99-a0c4-70cb7631f41c/element [15.835583ms] ERR:404 body={"strategy":"-android uiautomator","selector":"new UiSelector().descriptionContains(\"Landmark 30\")...
14:02:06.334336 POST /session/cc80999b-dcbf-4f99-a0c4-70cb7631f41c/element [16.351875ms] ERR:404 body={"strategy":"-android uiautomator","selector":"new UiSelector().textMatches(\"(?is).*\\QLandmark 30\...
14:02:06.343662 POST /session/cc80999b-dcbf-4f99-a0c4-70cb7631f41c/element [9.081917ms] ERR:404 body={"strategy":"-android uiautomator","selector":"new UiSelector().descriptionMatches(\"(?is).*\\QLandm...
14:02:06.354762 POST /session/cc80999b-dcbf-4f99-a0c4-70cb7631f41c/element [10.980375ms] ERR:404 body={"strategy":"-android uiautomator","selector":"new UiSelector().textContains(\"Landmark 30\")"}
14:02:06.366609 POST /session/cc80999b-dcbf-4f99-a0c4-70cb7631f41c/element [11.716916ms] ERR:404 body={"strategy":"-android uiautomator","selector":"new UiSelector().descriptionContains(\"Landmark 30\")...
14:02:06.386882 POST /session/cc80999b-dcbf-4f99-a0c4-70cb7631f41c/element [20.153959ms] ERR:404 body={"strategy":"-android uiautomator","selector":"new UiSelector().textMatches(\"(?is).*\\QLandmark 30\...
14:02:06.399909 POST /session/cc80999b-dcbf-4f99-a0c4-70cb7631f41c/element [12.926166ms] ERR:404 body={"strategy":"-android uiautomator","selector":"new UiSelector().descriptionMatches(\"(?is).*\\QLandm...
14:02:06.412828 POST /session/cc80999b-dcbf-4f99-a0c4-70cb7631f41c/element [12.813208ms] ERR:404 body={"strategy":"-android uiautomator","selector":"new UiSelector().textContains(\"Landmark 30\")"}
14:02:06.424422 POST /session/cc80999b-dcbf-4f99-a0c4-70cb7631f41c/element [11.523375ms] ERR:404 body={"strategy":"-android uiautomator","selector":"new UiSelector().descriptionContains(\"Landmark 30\")...
14:02:06.438663 POST /session/cc80999b-dcbf-4f99-a0c4-70cb7631f41c/element [14.085792ms] ERR:404 body={"strategy":"-android uiautomator","selector":"new UiSelector().textMatches(\"(?is).*\\QLandmark 30\...
14:02:06.448827 POST /session/cc80999b-dcbf-4f99-a0c4-70cb7631f41c/element [10.042291ms] ERR:404 body={"strategy":"-android uiautomator","selector":"new UiSelector().descriptionMatches(\"(?is).*\\QLandm...
14:02:06.465200 POST /session/cc80999b-dcbf-4f99-a0c4-70cb7631f41c/element [16.273959ms] ERR:404 body={"strategy":"-android uiautomator","selector":"new UiSelector().textContains(\"Landmark 30\")"}
14:02:06.481298 POST /session/cc80999b-dcbf-4f99-a0c4-70cb7631f41c/element [15.98775ms] ERR:404 body={"strategy":"-android uiautomator","selector":"new UiSelector().descriptionContains(\"Landmark 30\")...
14:02:06.498819 POST /session/cc80999b-dcbf-4f99-a0c4-70cb7631f41c/element [17.415833ms] ERR:404 body={"strategy":"-android uiautomator","selector":"new UiSelector().textMatches(\"(?is).*\\QLandmark 30\...
14:02:06.521114 POST /session/cc80999b-dcbf-4f99-a0c4-70cb7631f41c/element [22.19025ms] ERR:404 body={"strategy":"-android uiautomator","selector":"new UiSelector().descriptionMatches(\"(?is).*\\QLandm...
14:02:06.530302 POST /session/cc80999b-dcbf-4f99-a0c4-70cb7631f41c/element [9.096125ms] ERR:404 body={"strategy":"-android uiautomator","selector":"new UiSelector().textContains(\"Landmark 30\")"}
14:02:06.542407 POST /session/cc80999b-dcbf-4f99-a0c4-70cb7631f41c/element [12.003208ms] ERR:404 body={"strategy":"-android uiautomator","selector":"new UiSelector().descriptionContains(\"Landmark 30\")...
14:02:06.557714 POST /session/cc80999b-dcbf-4f99-a0c4-70cb7631f41c/element [15.1905ms] ERR:404 body={"strategy":"-android uiautomator","selector":"new UiSelector().textMatches(\"(?is).*\\QLandmark 30\...
14:02:06.572647 POST /session/cc80999b-dcbf-4f99-a0c4-70cb7631f41c/element [14.861709ms] ERR:404 body={"strategy":"-android uiautomator","selector":"new UiSelector().descriptionMatches(\"(?is).*\\QLandm...
14:02:06.585321 POST /session/cc80999b-dcbf-4f99-a0c4-70cb7631f41c/element [12.561917ms] ERR:404 body={"strategy":"-android uiautomator","selector":"new UiSelector().textContains(\"Landmark 30\")"}
14:02:06.599421 POST /session/cc80999b-dcbf-4f99-a0c4-70cb7631f41c/element [14.007125ms] ERR:404 body={"strategy":"-android uiautomator","selector":"new UiSelector().descriptionContains(\"Landmark 30\")...
14:02:06.612728 POST /session/cc80999b-dcbf-4f99-a0c4-70cb7631f41c/element [13.221292ms] ERR:404 body={"strategy":"-android uiautomator","selector":"new UiSelector().textMatches(\"(?is).*\\QLandmark 30\...
14:02:06.620989 POST /session/cc80999b-dcbf-4f99-a0c4-70cb7631f41c/element [8.152291ms] ERR:404 body={"strategy":"-android uiautomator","selector":"new UiSelector().descriptionMatches(\"(?is).*\\QLandm...
14:02:06.635340 POST /session/cc80999b-dcbf-4f99-a0c4-70cb7631f41c/element [14.256833ms] ERR:404 body={"strategy":"-android uiautomator","selector":"new UiSelector().textContains(\"Landmark 30\")"}
14:02:06.642476 POST /session/cc80999b-dcbf-4f99-a0c4-70cb7631f41c/element [7.0665ms] ERR:404 body={"strategy":"-android uiautomator","selector":"new UiSelector().descriptionContains(\"Landmark 30\")...
14:02:06.650950 POST /session/cc80999b-dcbf-4f99-a0c4-70cb7631f41c/element [8.385417ms] ERR:404 body={"strategy":"-android uiautomator","selector":"new UiSelector().textMatches(\"(?is).*\\QLandmark 30\...
14:02:06.663562 POST /session/cc80999b-dcbf-4f99-a0c4-70cb7631f41c/element [12.539542ms] ERR:404 body={"strategy":"-android uiautomator","selector":"new UiSelector().descriptionMatches(\"(?is).*\\QLandm...
14:02:06.676552 POST /session/cc80999b-dcbf-4f99-a0c4-70cb7631f41c/element [12.899416ms] ERR:404 body={"strategy":"-android uiautomator","selector":"new UiSelector().textContains(\"Landmark 30\")"}
14:02:06.684137 POST /session/cc80999b-dcbf-4f99-a0c4-70cb7631f41c/element [7.481083ms] ERR:404 body={"strategy":"-android uiautomator","selector":"new UiSelector().descriptionContains(\"Landmark 30\")...
14:02:06.689520 POST /session/cc80999b-dcbf-4f99-a0c4-70cb7631f41c/element [5.274541ms] ERR:404 body={"strategy":"-android uiautomator","selector":"new UiSelector().textMatches(\"(?is).*\\QLandmark 30\...
14:02:06.706217 POST /session/cc80999b-dcbf-4f99-a0c4-70cb7631f41c/element [16.625709ms] ERR:404 body={"strategy":"-android uiautomator","selector":"new UiSelector().descriptionMatches(\"(?is).*\\QLandm...
14:02:06.711968 POST /session/cc80999b-dcbf-4f99-a0c4-70cb7631f41c/element [5.645959ms] ERR:404 body={"strategy":"-android uiautomator","selector":"new UiSelector().textContains(\"Landmark 30\")"}
14:02:06.723306 POST /session/cc80999b-dcbf-4f99-a0c4-70cb7631f41c/element [11.260041ms] ERR:404 body={"strategy":"-android uiautomator","selector":"new UiSelector().descriptionContains(\"Landmark 30\")...
14:02:06.739676 POST /session/cc80999b-dcbf-4f99-a0c4-70cb7631f41c/element [16.226166ms] ERR:404 body={"strategy":"-android uiautomator","selector":"new UiSelector().textMatches(\"(?is).*\\QLandmark 30\...
14:02:06.748569 POST /session/cc80999b-dcbf-4f99-a0c4-70cb7631f41c/element [8.787333ms] ERR:404 body={"strategy":"-android uiautomator","selector":"new UiSelector().descriptionMatches(\"(?is).*\\QLandm...
14:02:06.754848 POST /session/cc80999b-dcbf-4f99-a0c4-70cb7631f41c/element [6.1595ms] ERR:404 body={"strategy":"-android uiautomator","selector":"new UiSelector().textContains(\"Landmark 30\")"}
14:02:06.769084 POST /session/cc80999b-dcbf-4f99-a0c4-70cb7631f41c/element [14.162125ms] ERR:404 body={"strategy":"-android uiautomator","selector":"new UiSelector().descriptionContains(\"Landmark 30\")...
14:02:06.774879 POST /session/cc80999b-dcbf-4f99-a0c4-70cb7631f41c/element [5.659041ms] ERR:404 body={"strategy":"-android uiautomator","selector":"new UiSelector().textMatches(\"(?is).*\\QLandmark 30\...
14:02:06.791484 POST /session/cc80999b-dcbf-4f99-a0c4-70cb7631f41c/element [16.50125ms] ERR:404 body={"strategy":"-android uiautomator","selector":"new UiSelector().descriptionMatches(\"(?is).*\\QLandm...
14:02:06.798286 POST /session/cc80999b-dcbf-4f99-a0c4-70cb7631f41c/element [6.714208ms] ERR:404 body={"strategy":"-android uiautomator","selector":"new UiSelector().textContains(\"Landmark 30\")"}
14:02:06.811613 POST /session/cc80999b-dcbf-4f99-a0c4-70cb7631f41c/element [13.229ms] ERR:404 body={"strategy":"-android uiautomator","selector":"new UiSelector().descriptionContains(\"Landmark 30\")...
14:02:06.826978 POST /session/cc80999b-dcbf-4f99-a0c4-70cb7631f41c/element [15.263958ms] ERR:404 body={"strategy":"-android uiautomator","selector":"new UiSelector().textMatches(\"(?is).*\\QLandmark 30\...
14:02:06.847253 POST /session/cc80999b-dcbf-4f99-a0c4-70cb7631f41c/element [20.175625ms] ERR:404 body={"strategy":"-android uiautomator","selector":"new UiSelector().descriptionMatches(\"(?is).*\\QLandm...
14:02:06.862385 POST /session/cc80999b-dcbf-4f99-a0c4-70cb7631f41c/element [15.048583ms] ERR:404 body={"strategy":"-android uiautomator","selector":"new UiSelector().textContains(\"Landmark 30\")"}
14:02:06.873739 POST /session/cc80999b-dcbf-4f99-a0c4-70cb7631f41c/element [11.252416ms] ERR:404 body={"strategy":"-android uiautomator","selector":"new UiSelector().descriptionContains(\"Landmark 30\")...
14:02:06.885752 POST /session/cc80999b-dcbf-4f99-a0c4-70cb7631f41c/element [11.702792ms] ERR:404 body={"strategy":"-android uiautomator","selector":"new UiSelector().textMatches(\"(?is).*\\QLandmark 30\...
14:02:06.891857 POST /session/cc80999b-dcbf-4f99-a0c4-70cb7631f41c/element [6.022583ms] ERR:404 body={"strategy":"-android uiautomator","selector":"new UiSelector().descriptionMatches(\"(?is).*\\QLandm...
14:02:06.907384 POST /session/cc80999b-dcbf-4f99-a0c4-70cb7631f41c/element [15.408542ms] ERR:404 body={"strategy":"-android uiautomator","selector":"new UiSelector().textContains(\"Landmark 30\")"}
14:02:06.916481 POST /session/cc80999b-dcbf-4f99-a0c4-70cb7631f41c/element [9.015125ms] ERR:404 body={"strategy":"-android uiautomator","selector":"new UiSelector().descriptionContains(\"Landmark 30\")...
14:02:06.931525 POST /session/cc80999b-dcbf-4f99-a0c4-70cb7631f41c/element [14.943125ms] ERR:404 body={"strategy":"-android uiautomator","selector":"new UiSelector().textMatches(\"(?is).*\\QLandmark 30\...
14:02:06.940117 POST /session/cc80999b-dcbf-4f99-a0c4-70cb7631f41c/element [8.481625ms] ERR:404 body={"strategy":"-android uiautomator","selector":"new UiSelector().descriptionMatches(\"(?is).*\\QLandm...
14:02:06.953187 POST /session/cc80999b-dcbf-4f99-a0c4-70cb7631f41c/element [12.97475ms] ERR:404 body={"strategy":"-android uiautomator","selector":"new UiSelector().textContains(\"Landmark 30\")"}
14:02:06.967545 POST /session/cc80999b-dcbf-4f99-a0c4-70cb7631f41c/element [14.251083ms] ERR:404 body={"strategy":"-android uiautomator","selector":"new UiSelector().descriptionContains(\"Landmark 30\")...
14:02:06.981728 POST /session/cc80999b-dcbf-4f99-a0c4-70cb7631f41c/element [14.089542ms] ERR:404 body={"strategy":"-android uiautomator","selector":"new UiSelector().textMatches(\"(?is).*\\QLandmark 30\...
14:02:06.996862 POST /session/cc80999b-dcbf-4f99-a0c4-70cb7631f41c/element [15.035417ms] ERR:404 body={"strategy":"-android uiautomator","selector":"new UiSelector().descriptionMatches(\"(?is).*\\QLandm...
14:02:07.013478 POST /session/cc80999b-dcbf-4f99-a0c4-70cb7631f41c/element [16.519042ms] ERR:404 body={"strategy":"-android uiautomator","selector":"new UiSelector().textContains(\"Landmark 30\")"}
14:02:07.026883 POST /session/cc80999b-dcbf-4f99-a0c4-70cb7631f41c/element [13.325209ms] ERR:404 body={"strategy":"-android uiautomator","selector":"new UiSelector().descriptionContains(\"Landmark 30\")...
14:02:07.036961 POST /session/cc80999b-dcbf-4f99-a0c4-70cb7631f41c/element [9.97725ms] ERR:404 body={"strategy":"-android uiautomator","selector":"new UiSelector().textMatches(\"(?is).*\\QLandmark 30\...
14:02:07.051882 POST /session/cc80999b-dcbf-4f99-a0c4-70cb7631f41c/element [14.835667ms] ERR:404 body={"strategy":"-android uiautomator","selector":"new UiSelector().descriptionMatches(\"(?is).*\\QLandm...
14:02:07.064570 POST /session/cc80999b-dcbf-4f99-a0c4-70cb7631f41c/element [12.5735ms] ERR:404 body={"strategy":"-android uiautomator","selector":"new UiSelector().textContains(\"Landmark 30\")"}
14:02:07.077889 POST /session/cc80999b-dcbf-4f99-a0c4-70cb7631f41c/element [13.234042ms] ERR:404 body={"strategy":"-android uiautomator","selector":"new UiSelector().descriptionContains(\"Landmark 30\")...
14:02:07.092710 POST /session/cc80999b-dcbf-4f99-a0c4-70cb7631f41c/element [14.727625ms] ERR:404 body={"strategy":"-android uiautomator","selector":"new UiSelector().textMatches(\"(?is).*\\QLandmark 30\...
14:02:07.099981 POST /session/cc80999b-dcbf-4f99-a0c4-70cb7631f41c/element [7.107917ms] ERR:404 body={"strategy":"-android uiautomator","selector":"new UiSelector().descriptionMatches(\"(?is).*\\QLandm...
14:02:07.119564 GET /session/cc80999b-dcbf-4f99-a0c4-70cb7631f41c/source [19.307583ms] OK body=
14:02:07.133090 POST /session/cc80999b-dcbf-4f99-a0c4-70cb7631f41c/element [12.636ms] ERR:404 body={"strategy":"-android uiautomator","selector":"new UiSelector().textContains(\"Landmark 30\")"}
14:02:07.150360 POST /session/cc80999b-dcbf-4f99-a0c4-70cb7631f41c/element [17.174666ms] ERR:404 body={"strategy":"-android uiautomator","selector":"new UiSelector().descriptionContains(\"Landmark 30\")...
14:02:07.168257 POST /session/cc80999b-dcbf-4f99-a0c4-70cb7631f41c/element [17.791709ms] ERR:404 body={"strategy":"-android uiautomator","selector":"new UiSelector().textMatches(\"(?is).*\\QLandmark 30\...
14:02:07.180729 POST /session/cc80999b-dcbf-4f99-a0c4-70cb7631f41c/element [12.380167ms] ERR:404 body={"strategy":"-android uiautomator","selector":"new UiSelector().descriptionMatches(\"(?is).*\\QLandm...
14:02:07.195281 POST /session/cc80999b-dcbf-4f99-a0c4-70cb7631f41c/element [14.436333ms] ERR:404 body={"strategy":"-android uiautomator","selector":"new UiSelector().textContains(\"Landmark 30\")"}
14:02:07.202181 POST /session/cc80999b-dcbf-4f99-a0c4-70cb7631f41c/element [6.817375ms] ERR:404 body={"strategy":"-android uiautomator","selector":"new UiSelector().descriptionContains(\"Landmark 30\")...
14:02:07.208117 POST /session/cc80999b-dcbf-4f99-a0c4-70cb7631f41c/element [5.859667ms] ERR:404 body={"strategy":"-android uiautomator","selector":"new UiSelector().textMatches(\"(?is).*\\QLandmark 30\...
14:02:07.224641 POST /session/cc80999b-dcbf-4f99-a0c4-70cb7631f41c/element [16.4245ms] ERR:404 body={"strategy":"-android uiautomator","selector":"new UiSelector().descriptionMatches(\"(?is).*\\QLandm...
14:02:07.233166 POST /session/cc80999b-dcbf-4f99-a0c4-70cb7631f41c/element [8.417084ms] ERR:404 body={"strategy":"-android uiautomator","selector":"new UiSelector().textContains(\"Landmark 30\")"}
14:02:07.250433 POST /session/cc80999b-dcbf-4f99-a0c4-70cb7631f41c/element [16.992042ms] ERR:404 body={"strategy":"-android uiautomator","selector":"new UiSelector().descriptionContains(\"Landmark 30\")...
14:02:07.265424 POST /session/cc80999b-dcbf-4f99-a0c4-70cb7631f41c/element [14.865833ms] ERR:404 body={"strategy":"-android uiautomator","selector":"new UiSelector().textMatches(\"(?is).*\\QLandmark 30\...
14:02:07.281340 POST /session/cc80999b-dcbf-4f99-a0c4-70cb7631f41c/element [15.795167ms] ERR:404 body={"strategy":"-android uiautomator","selector":"new UiSelector().descriptionMatches(\"(?is).*\\QLandm...
14:02:07.295631 POST /session/cc80999b-dcbf-4f99-a0c4-70cb7631f41c/element [14.204084ms] ERR:404 body={"strategy":"-android uiautomator","selector":"new UiSelector().textContains(\"Landmark 30\")"}
14:02:07.303832 POST /session/cc80999b-dcbf-4f99-a0c4-70cb7631f41c/element [8.097458ms] ERR:404 body={"strategy":"-android uiautomator","selector":"new UiSelector().descriptionContains(\"Landmark 30\")...
14:02:07.317948 POST /session/cc80999b-dcbf-4f99-a0c4-70cb7631f41c/element [14.035042ms] ERR:404 body={"strategy":"-android uiautomator","selector":"new UiSelector().textMatches(\"(?is).*\\QLandmark 30\...
14:02:07.332944 POST /session/cc80999b-dcbf-4f99-a0c4-70cb7631f41c/element [14.912584ms] ERR:404 body={"strategy":"-android uiautomator","selector":"new UiSelector().descriptionMatches(\"(?is).*\\QLandm...
14:02:07.346117 POST /session/cc80999b-dcbf-4f99-a0c4-70cb7631f41c/element [13.092416ms] ERR:404 body={"strategy":"-android uiautomator","selector":"new UiSelector().textContains(\"Landmark 30\")"}
14:02:07.361362 POST /session/cc80999b-dcbf-4f99-a0c4-70cb7631f41c/element [15.14475ms] ERR:404 body={"strategy":"-android uiautomator","selector":"new UiSelector().descriptionContains(\"Landmark 30\")...
14:02:07.380847 POST /session/cc80999b-dcbf-4f99-a0c4-70cb7631f41c/element [19.389667ms] ERR:404 body={"strategy":"-android uiautomator","selector":"new UiSelector().textMatches(\"(?is).*\\QLandmark 30\...
14:02:07.394955 POST /session/cc80999b-dcbf-4f99-a0c4-70cb7631f41c/element [14.008541ms] ERR:404 body={"strategy":"-android uiautomator","selector":"new UiSelector().descriptionMatches(\"(?is).*\\QLandm...
14:02:07.402415 POST /session/cc80999b-dcbf-4f99-a0c4-70cb7631f41c/element [7.34825ms] ERR:404 body={"strategy":"-android uiautomator","selector":"new UiSelector().textContains(\"Landmark 30\")"}
14:02:07.412455 POST /session/cc80999b-dcbf-4f99-a0c4-70cb7631f41c/element [9.952708ms] ERR:404 body={"strategy":"-android uiautomator","selector":"new UiSelector().descriptionContains(\"Landmark 30\")...
14:02:07.425641 POST /session/cc80999b-dcbf-4f99-a0c4-70cb7631f41c/element [13.098083ms] ERR:404 body={"strategy":"-android uiautomator","selector":"new UiSelector().textMatches(\"(?is).*\\QLandmark 30\...
14:02:07.440578 POST /session/cc80999b-dcbf-4f99-a0c4-70cb7631f41c/element [14.854833ms] ERR:404 body={"strategy":"-android uiautomator","selector":"new UiSelector().descriptionMatches(\"(?is).*\\QLandm...
14:02:07.448118 POST /session/cc80999b-dcbf-4f99-a0c4-70cb7631f41c/element [7.446792ms] ERR:404 body={"strategy":"-android uiautomator","selector":"new UiSelector().textContains(\"Landmark 30\")"}
14:02:07.466495 POST /session/cc80999b-dcbf-4f99-a0c4-70cb7631f41c/element [18.255791ms] ERR:404 body={"strategy":"-android uiautomator","selector":"new UiSelector().descriptionContains(\"Landmark 30\")...
14:02:07.479367 POST /session/cc80999b-dcbf-4f99-a0c4-70cb7631f41c/element [12.767334ms] ERR:404 body={"strategy":"-android uiautomator","selector":"new UiSelector().textMatches(\"(?is).*\\QLandmark 30\...
14:02:07.495053 POST /session/cc80999b-dcbf-4f99-a0c4-70cb7631f41c/element [15.57575ms] ERR:404 body={"strategy":"-android uiautomator","selector":"new UiSelector().descriptionMatches(\"(?is).*\\QLandm...
14:02:07.513420 POST /session/cc80999b-dcbf-4f99-a0c4-70cb7631f41c/element [18.272625ms] ERR:404 body={"strategy":"-android uiautomator","selector":"new UiSelector().textContains(\"Landmark 30\")"}
14:02:07.558323 POST /session/cc80999b-dcbf-4f99-a0c4-70cb7631f41c/element [44.809709ms] ERR:404 body={"strategy":"-android uiautomator","selector":"new UiSelector().descriptionContains(\"Landmark 30\")...
14:02:07.570385 POST /session/cc80999b-dcbf-4f99-a0c4-70cb7631f41c/element [11.991708ms] ERR:404 body={"strategy":"-android uiautomator","selector":"new UiSelector().textMatches(\"(?is).*\\QLandmark 30\...
14:02:07.610592 POST /session/cc80999b-dcbf-4f99-a0c4-70cb7631f41c/element [40.082875ms] ERR:404 body={"strategy":"-android uiautomator","selector":"new UiSelector().descriptionMatches(\"(?is).*\\QLandm...
14:02:07.641551 POST /session/cc80999b-dcbf-4f99-a0c4-70cb7631f41c/element [30.76275ms] ERR:404 body={"strategy":"-android uiautomator","selector":"new UiSelector().textContains(\"Landmark 30\")"}
14:02:07.666081 POST /session/cc80999b-dcbf-4f99-a0c4-70cb7631f41c/element [24.364ms] ERR:404 body={"strategy":"-android uiautomator","selector":"new UiSelector().descriptionContains(\"Landmark 30\")...
14:02:07.693007 POST /session/cc80999b-dcbf-4f99-a0c4-70cb7631f41c/element [26.773459ms] ERR:404 body={"strategy":"-android uiautomator","selector":"new UiSelector().textMatches(\"(?is).*\\QLandmark 30\...
14:02:07.735857 POST /session/cc80999b-dcbf-4f99-a0c4-70cb7631f41c/element [42.750375ms] ERR:404 body={"strategy":"-android uiautomator","selector":"new UiSelector().descriptionMatches(\"(?is).*\\QLandm...
14:02:07.766350 POST /session/cc80999b-dcbf-4f99-a0c4-70cb7631f41c/element [30.40075ms] ERR:404 body={"strategy":"-android uiautomator","selector":"new UiSelector().textContains(\"Landmark 30\")"}
14:02:07.781309 POST /session/cc80999b-dcbf-4f99-a0c4-70cb7631f41c/element [14.797166ms] ERR:404 body={"strategy":"-android uiautomator","selector":"new UiSelector().descriptionContains(\"Landmark 30\")...
14:02:07.821361 POST /session/cc80999b-dcbf-4f99-a0c4-70cb7631f41c/element [39.713542ms] ERR:404 body={"strategy":"-android uiautomator","selector":"new UiSelector().textMatches(\"(?is).*\\QLandmark 30\...
14:02:07.852468 POST /session/cc80999b-dcbf-4f99-a0c4-70cb7631f41c/element [31.017875ms] ERR:404 body={"strategy":"-android uiautomator","selector":"new UiSelector().descriptionMatches(\"(?is).*\\QLandm...
14:02:07.883604 POST /session/cc80999b-dcbf-4f99-a0c4-70cb7631f41c/element [31.003667ms] ERR:404 body={"strategy":"-android uiautomator","selector":"new UiSelector().textContains(\"Landmark 30\")"}
14:02:07.928674 POST /session/cc80999b-dcbf-4f99-a0c4-70cb7631f41c/element [44.917959ms] ERR:404 body={"strategy":"-android uiautomator","selector":"new UiSelector().descriptionContains(\"Landmark 30\")...
14:02:07.942825 POST /session/cc80999b-dcbf-4f99-a0c4-70cb7631f41c/element [14.010208ms] ERR:404 body={"strategy":"-android uiautomator","selector":"new UiSelector().textMatches(\"(?is).*\\QLandmark 30\...
14:02:07.990200 POST /session/cc80999b-dcbf-4f99-a0c4-70cb7631f41c/element [47.231667ms] ERR:404 body={"strategy":"-android uiautomator","selector":"new UiSelector().descriptionMatches(\"(?is).*\\QLandm...
14:02:08.009882 POST /session/cc80999b-dcbf-4f99-a0c4-70cb7631f41c/element [19.548834ms] ERR:404 body={"strategy":"-android uiautomator","selector":"new UiSelector().textContains(\"Landmark 30\")"}
14:02:08.031282 POST /session/cc80999b-dcbf-4f99-a0c4-70cb7631f41c/element [21.330958ms] ERR:404 body={"strategy":"-android uiautomator","selector":"new UiSelector().descriptionContains(\"Landmark 30\")...
14:02:08.047225 POST /session/cc80999b-dcbf-4f99-a0c4-70cb7631f41c/element [15.84975ms] ERR:404 body={"strategy":"-android uiautomator","selector":"new UiSelector().textMatches(\"(?is).*\\QLandmark 30\...
14:02:08.069968 POST /session/cc80999b-dcbf-4f99-a0c4-70cb7631f41c/element [22.60375ms] ERR:404 body={"strategy":"-android uiautomator","selector":"new UiSelector().descriptionMatches(\"(?is).*\\QLandm...
14:02:08.087324 POST /session/cc80999b-dcbf-4f99-a0c4-70cb7631f41c/element [17.2525ms] ERR:404 body={"strategy":"-android uiautomator","selector":"new UiSelector().textContains(\"Landmark 30\")"}
14:02:08.099947 POST /session/cc80999b-dcbf-4f99-a0c4-70cb7631f41c/element [12.510333ms] ERR:404 body={"strategy":"-android uiautomator","selector":"new UiSelector().descriptionContains(\"Landmark 30\")...
14:02:08.117671 POST /session/cc80999b-dcbf-4f99-a0c4-70cb7631f41c/element [17.633041ms] ERR:404 body={"strategy":"-android uiautomator","selector":"new UiSelector().textMatches(\"(?is).*\\QLandmark 30\...
14:02:08.130358 POST /session/cc80999b-dcbf-4f99-a0c4-70cb7631f41c/element [12.595167ms] ERR:404 body={"strategy":"-android uiautomator","selector":"new UiSelector().descriptionMatches(\"(?is).*\\QLandm...
14:02:08.155545 GET /session/cc80999b-dcbf-4f99-a0c4-70cb7631f41c/source [24.686125ms] OK body=
14:02:08.168768 POST /session/cc80999b-dcbf-4f99-a0c4-70cb7631f41c/element [12.099959ms] ERR:404 body={"strategy":"-android uiautomator","selector":"new UiSelector().textContains(\"Landmark 30\")"}
14:02:08.179450 POST /session/cc80999b-dcbf-4f99-a0c4-70cb7631f41c/element [10.588875ms] ERR:404 body={"strategy":"-android uiautomator","selector":"new UiSelector().descriptionContains(\"Landmark 30\")...
14:02:08.194388 POST /session/cc80999b-dcbf-4f99-a0c4-70cb7631f41c/element [14.813667ms] ERR:404 body={"strategy":"-android uiautomator","selector":"new UiSelector().textMatches(\"(?is).*\\QLandmark 30\...
14:02:08.206607 POST /session/cc80999b-dcbf-4f99-a0c4-70cb7631f41c/element [12.138042ms] ERR:404 body={"strategy":"-android uiautomator","selector":"new UiSelector().descriptionMatches(\"(?is).*\\QLandm...
14:02:08.218355 POST /session/cc80999b-dcbf-4f99-a0c4-70cb7631f41c/element [11.652042ms] ERR:404 body={"strategy":"-android uiautomator","selector":"new UiSelector().textContains(\"Landmark 30\")"}
14:02:08.230012 POST /session/cc80999b-dcbf-4f99-a0c4-70cb7631f41c/element [11.568917ms] ERR:404 body={"strategy":"-android uiautomator","selector":"new UiSelector().descriptionContains(\"Landmark 30\")...
14:02:08.246928 POST /session/cc80999b-dcbf-4f99-a0c4-70cb7631f41c/element [16.821917ms] ERR:404 body={"strategy":"-android uiautomator","selector":"new UiSelector().textMatches(\"(?is).*\\QLandmark 30\...
14:02:08.269189 POST /session/cc80999b-dcbf-4f99-a0c4-70cb7631f41c/element [22.15025ms] ERR:404 body={"strategy":"-android uiautomator","selector":"new UiSelector().descriptionMatches(\"(?is).*\\QLandm...
14:02:08.286441 POST /session/cc80999b-dcbf-4f99-a0c4-70cb7631f41c/element [17.150541ms] ERR:404 body={"strategy":"-android uiautomator","selector":"new UiSelector().textContains(\"Landmark 30\")"}
14:02:08.298601 POST /session/cc80999b-dcbf-4f99-a0c4-70cb7631f41c/element [12.062208ms] ERR:404 body={"strategy":"-android uiautomator","selector":"new UiSelector().descriptionContains(\"Landmark 30\")...
14:02:08.313991 POST /session/cc80999b-dcbf-4f99-a0c4-70cb7631f41c/element [15.214041ms] ERR:404 body={"strategy":"-android uiautomator","selector":"new UiSelector().textMatches(\"(?is).*\\QLandmark 30\...
14:02:08.327158 POST /session/cc80999b-dcbf-4f99-a0c4-70cb7631f41c/element [13.089292ms] ERR:404 body={"strategy":"-android uiautomator","selector":"new UiSelector().descriptionMatches(\"(?is).*\\QLandm...
14:02:08.344071 POST /session/cc80999b-dcbf-4f99-a0c4-70cb7631f41c/element [16.833416ms] ERR:404 body={"strategy":"-android uiautomator","selector":"new UiSelector().textContains(\"Landmark 30\")"}
14:02:08.358893 POST /session/cc80999b-dcbf-4f99-a0c4-70cb7631f41c/element [14.743416ms] ERR:404 body={"strategy":"-android uiautomator","selector":"new UiSelector().descriptionContains(\"Landmark 30\")...
14:02:08.373104 POST /session/cc80999b-dcbf-4f99-a0c4-70cb7631f41c/element [14.06375ms] ERR:404 body={"strategy":"-android uiautomator","selector":"new UiSelector().textMatches(\"(?is).*\\QLandmark 30\...
14:02:08.390322 POST /session/cc80999b-dcbf-4f99-a0c4-70cb7631f41c/element [17.096917ms] ERR:404 body={"strategy":"-android uiautomator","selector":"new UiSelector().descriptionMatches(\"(?is).*\\QLandm...
14:02:08.402915 POST /session/cc80999b-dcbf-4f99-a0c4-70cb7631f41c/element [12.40025ms] ERR:404 body={"strategy":"-android uiautomator","selector":"new UiSelector().textContains(\"Landmark 30\")"}
14:02:08.415766 POST /session/cc80999b-dcbf-4f99-a0c4-70cb7631f41c/element [12.749084ms] ERR:404 body={"strategy":"-android uiautomator","selector":"new UiSelector().descriptionContains(\"Landmark 30\")...
14:02:08.429531 POST /session/cc80999b-dcbf-4f99-a0c4-70cb7631f41c/element [13.682416ms] ERR:404 body={"strategy":"-android uiautomator","selector":"new UiSelector().textMatches(\"(?is).*\\QLandmark 30\...
14:02:08.443759 POST /session/cc80999b-dcbf-4f99-a0c4-70cb7631f41c/element [14.095958ms] ERR:404 body={"strategy":"-android uiautomator","selector":"new UiSelector().descriptionMatches(\"(?is).*\\QLandm...
14:02:08.458112 POST /session/cc80999b-dcbf-4f99-a0c4-70cb7631f41c/element [14.225375ms] ERR:404 body={"strategy":"-android uiautomator","selector":"new UiSelector().textContains(\"Landmark 30\")"}
14:02:08.466513 POST /session/cc80999b-dcbf-4f99-a0c4-70cb7631f41c/element [8.284625ms] ERR:404 body={"strategy":"-android uiautomator","selector":"new UiSelector().descriptionContains(\"Landmark 30\")...
14:02:08.477971 POST /session/cc80999b-dcbf-4f99-a0c4-70cb7631f41c/element [11.353833ms] ERR:404 body={"strategy":"-android uiautomator","selector":"new UiSelector().textMatches(\"(?is).*\\QLandmark 30\...
14:02:08.491926 POST /session/cc80999b-dcbf-4f99-a0c4-70cb7631f41c/element [13.849209ms] ERR:404 body={"strategy":"-android uiautomator","selector":"new UiSelector().descriptionMatches(\"(?is).*\\QLandm...
14:02:08.508708 POST /session/cc80999b-dcbf-4f99-a0c4-70cb7631f41c/element [16.678209ms] ERR:404 body={"strategy":"-android uiautomator","selector":"new UiSelector().textContains(\"Landmark 30\")"}
14:02:08.526211 POST /session/cc80999b-dcbf-4f99-a0c4-70cb7631f41c/element [17.420791ms] ERR:404 body={"strategy":"-android uiautomator","selector":"new UiSelector().descriptionContains(\"Landmark 30\")...
14:02:08.537298 POST /session/cc80999b-dcbf-4f99-a0c4-70cb7631f41c/element [10.983375ms] ERR:404 body={"strategy":"-android uiautomator","selector":"new UiSelector().textMatches(\"(?is).*\\QLandmark 30\...
14:02:08.553202 POST /session/cc80999b-dcbf-4f99-a0c4-70cb7631f41c/element [15.807542ms] ERR:404 body={"strategy":"-android uiautomator","selector":"new UiSelector().descriptionMatches(\"(?is).*\\QLandm...
14:02:08.575132 POST /session/cc80999b-dcbf-4f99-a0c4-70cb7631f41c/element [21.816042ms] ERR:404 body={"strategy":"-android uiautomator","selector":"new UiSelector().textContains(\"Landmark 30\")"}
14:02:08.583039 POST /session/cc80999b-dcbf-4f99-a0c4-70cb7631f41c/element [7.770542ms] ERR:404 body={"strategy":"-android uiautomator","selector":"new UiSelector().descriptionContains(\"Landmark 30\")...
14:02:08.602580 POST /session/cc80999b-dcbf-4f99-a0c4-70cb7631f41c/element [19.438959ms] ERR:404 body={"strategy":"-android uiautomator","selector":"new UiSelector().textMatches(\"(?is).*\\QLandmark 30\...
14:02:08.619158 POST /session/cc80999b-dcbf-4f99-a0c4-70cb7631f41c/element [16.453291ms] ERR:404 body={"strategy":"-android uiautomator","selector":"new UiSelector().descriptionMatches(\"(?is).*\\QLandm...
14:02:08.644487 POST /session/cc80999b-dcbf-4f99-a0c4-70cb7631f41c/element [25.216ms] ERR:404 body={"strategy":"-android uiautomator","selector":"new UiSelector().textContains(\"Landmark 30\")"}
14:02:08.673612 POST /session/cc80999b-dcbf-4f99-a0c4-70cb7631f41c/element [28.9625ms] ERR:404 body={"strategy":"-android uiautomator","selector":"new UiSelector().descriptionContains(\"Landmark 30\")...
14:02:08.696160 POST /session/cc80999b-dcbf-4f99-a0c4-70cb7631f41c/element [22.4275ms] ERR:404 body={"strategy":"-android uiautomator","selector":"new UiSelector().textMatches(\"(?is).*\\QLandmark 30\...
14:02:08.714503 POST /session/cc80999b-dcbf-4f99-a0c4-70cb7631f41c/element [18.216583ms] ERR:404 body={"strategy":"-android uiautomator","selector":"new UiSelector().descriptionMatches(\"(?is).*\\QLandm...
14:02:08.737539 POST /session/cc80999b-dcbf-4f99-a0c4-70cb7631f41c/element [22.910958ms] ERR:404 body={"strategy":"-android uiautomator","selector":"new UiSelector().textContains(\"Landmark 30\")"}
14:02:08.746263 POST /session/cc80999b-dcbf-4f99-a0c4-70cb7631f41c/element [8.6415ms] ERR:404 body={"strategy":"-android uiautomator","selector":"new UiSelector().descriptionContains(\"Landmark 30\")...
14:02:08.779344 POST /session/cc80999b-dcbf-4f99-a0c4-70cb7631f41c/element [32.875958ms] ERR:404 body={"strategy":"-android uiautomator","selector":"new UiSelector().textMatches(\"(?is).*\\QLandmark 30\...
14:02:08.797443 POST /session/cc80999b-dcbf-4f99-a0c4-70cb7631f41c/element [17.983625ms] ERR:404 body={"strategy":"-android uiautomator","selector":"new UiSelector().descriptionMatches(\"(?is).*\\QLandm...
14:02:08.819373 POST /session/cc80999b-dcbf-4f99-a0c4-70cb7631f41c/element [21.823875ms] ERR:404 body={"strategy":"-android uiautomator","selector":"new UiSelector().textContains(\"Landmark 30\")"}
14:02:08.831829 POST /session/cc80999b-dcbf-4f99-a0c4-70cb7631f41c/element [12.279208ms] ERR:404 body={"strategy":"-android uiautomator","selector":"new UiSelector().descriptionContains(\"Landmark 30\")...
14:02:08.839985 POST /session/cc80999b-dcbf-4f99-a0c4-70cb7631f41c/element [8.059833ms] ERR:404 body={"strategy":"-android uiautomator","selector":"new UiSelector().textMatches(\"(?is).*\\QLandmark 30\...
14:02:08.861608 POST /session/cc80999b-dcbf-4f99-a0c4-70cb7631f41c/element [21.535042ms] ERR:404 body={"strategy":"-android uiautomator","selector":"new UiSelector().descriptionMatches(\"(?is).*\\QLandm...
14:02:08.880881 POST /session/cc80999b-dcbf-4f99-a0c4-70cb7631f41c/element [19.167708ms] ERR:404 body={"strategy":"-android uiautomator","selector":"new UiSelector().textContains(\"Landmark 30\")"}
14:02:08.899647 POST /session/cc80999b-dcbf-4f99-a0c4-70cb7631f41c/element [18.62925ms] ERR:404 body={"strategy":"-android uiautomator","selector":"new UiSelector().descriptionContains(\"Landmark 30\")...
14:02:08.910728 POST /session/cc80999b-dcbf-4f99-a0c4-70cb7631f41c/element [11.000708ms] ERR:404 body={"strategy":"-android uiautomator","selector":"new UiSelector().textMatches(\"(?is).*\\QLandmark 30\...
14:02:08.923921 POST /session/cc80999b-dcbf-4f99-a0c4-70cb7631f41c/element [13.11625ms] ERR:404 body={"strategy":"-android uiautomator","selector":"new UiSelector().descriptionMatches(\"(?is).*\\QLandm...
14:02:08.974205 POST /session/cc80999b-dcbf-4f99-a0c4-70cb7631f41c/element [50.22075ms] ERR:404 body={"strategy":"-android uiautomator","selector":"new UiSelector().textContains(\"Landmark 30\")"}
14:02:08.991211 POST /session/cc80999b-dcbf-4f99-a0c4-70cb7631f41c/element [16.851875ms] ERR:404 body={"strategy":"-android uiautomator","selector":"new UiSelector().descriptionContains(\"Landmark 30\")...
14:02:09.006239 POST /session/cc80999b-dcbf-4f99-a0c4-70cb7631f41c/element [14.754042ms] ERR:404 body={"strategy":"-android uiautomator","selector":"new UiSelector().textMatches(\"(?is).*\\QLandmark 30\...
14:02:09.020865 POST /session/cc80999b-dcbf-4f99-a0c4-70cb7631f41c/element [14.550958ms] ERR:404 body={"strategy":"-android uiautomator","selector":"new UiSelector().descriptionMatches(\"(?is).*\\QLandm...
14:02:09.047355 POST /session/cc80999b-dcbf-4f99-a0c4-70cb7631f41c/element [26.426208ms] ERR:404 body={"strategy":"-android uiautomator","selector":"new UiSelector().textContains(\"Landmark 30\")"}
14:02:09.061356 POST /session/cc80999b-dcbf-4f99-a0c4-70cb7631f41c/element [13.943083ms] ERR:404 body={"strategy":"-android uiautomator","selector":"new UiSelector().descriptionContains(\"Landmark 30\")...
14:02:09.080764 POST /session/cc80999b-dcbf-4f99-a0c4-70cb7631f41c/element [19.305583ms] ERR:404 body={"strategy":"-android uiautomator","selector":"new UiSelector().textMatches(\"(?is).*\\QLandmark 30\...
14:02:09.099356 POST /session/cc80999b-dcbf-4f99-a0c4-70cb7631f41c/element [18.526459ms] ERR:404 body={"strategy":"-android uiautomator","selector":"new UiSelector().descriptionMatches(\"(?is).*\\QLandm...
14:02:09.114425 POST /session/cc80999b-dcbf-4f99-a0c4-70cb7631f41c/element [15.007375ms] ERR:404 body={"strategy":"-android uiautomator","selector":"new UiSelector().textContains(\"Landmark 30\")"}
14:02:09.131163 POST /session/cc80999b-dcbf-4f99-a0c4-70cb7631f41c/element [15.763667ms] ERR:404 body={"strategy":"-android uiautomator","selector":"new UiSelector().descriptionContains(\"Landmark 30\")...
14:02:09.145834 POST /session/cc80999b-dcbf-4f99-a0c4-70cb7631f41c/element [14.60025ms] ERR:404 body={"strategy":"-android uiautomator","selector":"new UiSelector().textMatches(\"(?is).*\\QLandmark 30\...
14:02:09.161817 POST /session/cc80999b-dcbf-4f99-a0c4-70cb7631f41c/element [15.920708ms] ERR:404 body={"strategy":"-android uiautomator","selector":"new UiSelector().descriptionMatches(\"(?is).*\\QLandm...
14:02:09.186866 GET /session/cc80999b-dcbf-4f99-a0c4-70cb7631f41c/source [24.56825ms] OK body=
14:02:09.347319 GET /session/cc80999b-dcbf-4f99-a0c4-70cb7631f41c/screenshot [159.011209ms] OK body=
14:02:09.370912 GET /session/cc80999b-dcbf-4f99-a0c4-70cb7631f41c/source [22.910541ms] OK body=
14:02:09.375497 DELETE /session/cc80999b-dcbf-4f99-a0c4-70cb7631f41c [1.440292ms] OK body=
