14:05:36.036878 POST /session [8.376083ms] OK body={"capabilities":{"platformName":"Android","deviceName":"sdk_gphone64_arm64"}}
14:05:36.041191 POST /session/7367f8b0-dd8c-4fc3-a42e-6565b2318bab/appium/settings [4.205959ms] OK body={"settings":{"enableMultiWindows":true,"waitForIdleTimeout":200}}
14:05:36.043695 POST /session/7367f8b0-dd8c-4fc3-a42e-6565b2318bab/appium/settings [2.450625ms] OK body={"settings":{"implicitWait":100}}
14:05:36.097724 GET /session/7367f8b0-dd8c-4fc3-a42e-6565b2318bab/appium/device/info [28.681625ms] OK body=
14:05:36.106274 POST /session/7367f8b0-dd8c-4fc3-a42e-6565b2318bab/appium/settings [6.382083ms] OK body={"settings":{"waitForIdleTimeout":200}}
14:05:36.258700 GET /session/7367f8b0-dd8c-4fc3-a42e-6565b2318bab/screenshot [151.50025ms] OK body=
14:05:37.074003 POST /session/7367f8b0-dd8c-4fc3-a42e-6565b2318bab/appium/device/launch_app [12.974959ms] OK body={"appId":"com.kylebrowning.landmarks"}
14:05:38.252571 GET /session/7367f8b0-dd8c-4fc3-a42e-6565b2318bab/screenshot [176.166375ms] OK body=
14:05:38.648442 GET /session/7367f8b0-dd8c-4fc3-a42e-6565b2318bab/source [395.214542ms] OK body=
14:05:38.777202 GET /session/7367f8b0-dd8c-4fc3-a42e-6565b2318bab/screenshot [127.639417ms] OK body=
14:05:39.293787 POST /session/7367f8b0-dd8c-4fc3-a42e-6565b2318bab/element [515.95ms] ERR:404 body={"strategy":"-android uiautomator","selector":"new UiSelector().textContains(\"Golden Gate Bridge\")...
14:05:39.330548 POST /session/7367f8b0-dd8c-4fc3-a42e-6565b2318bab/element [36.603125ms] ERR:404 body={"strategy":"-android uiautomator","selector":"new UiSelector().descriptionContains(\"Golden Gate Br...
14:05:39.345338 POST /session/7367f8b0-dd8c-4fc3-a42e-6565b2318bab/element [14.67775ms] OK body={"strategy":"-android uiautomator","selector":"new UiSelector().textContains(\"Golden Gate Bridge\")...
14:05:39.488248 GET /session/7367f8b0-dd8c-4fc3-a42e-6565b2318bab/source [142.436291ms] OK body=
14:05:39.578441 POST /session/7367f8b0-dd8c-4fc3-a42e-6565b2318bab/appium/gestures/click [88.468833ms] OK body={"offset":{"x":540,"y":519}}
14:05:39.784997 GET /session/7367f8b0-dd8c-4fc3-a42e-6565b2318bab/screenshot [157.872292ms] OK body=
14:05:40.216202 GET /session/7367f8b0-dd8c-4fc3-a42e-6565b2318bab/source [430.458417ms] OK body=
14:05:40.354185 GET /session/7367f8b0-dd8c-4fc3-a42e-6565b2318bab/screenshot [136.735ms] OK body=
14:05:40.360238 POST /session/7367f8b0-dd8c-4fc3-a42e-6565b2318bab/element [5.648417ms] OK body={"strategy":"-android uiautomator","selector":"new UiSelector().textContains(\"San Francisco, CA\")"...
14:05:40.487979 GET /session/7367f8b0-dd8c-4fc3-a42e-6565b2318bab/screenshot [127.40975ms] OK body=
14:05:40.517942 GET /session/7367f8b0-dd8c-4fc3-a42e-6565b2318bab/source [29.5155ms] OK body=
14:05:40.642506 GET /session/7367f8b0-dd8c-4fc3-a42e-6565b2318bab/screenshot [123.5165ms] OK body=
14:05:40.659873 POST /session/7367f8b0-dd8c-4fc3-a42e-6565b2318bab/element [16.796833ms] ERR:404 body={"strategy":"-android uiautomator","selector":"new UiSelector().textContains(\"Definitely Not Here\"...
14:05:40.672699 POST /session/7367f8b0-dd8c-4fc3-a42e-6565b2318bab/element [12.742791ms] ERR:404 body={"strategy":"-android uiautomator","selector":"new UiSelector().descriptionContains(\"Definitely Not...
14:05:40.685929 POST /session/7367f8b0-dd8c-4fc3-a42e-6565b2318bab/element [13.16225ms] ERR:404 body={"strategy":"-android uiautomator","selector":"new UiSelector().textMatches(\"(?is).*\\QDefinitely N...
14:05:40.699877 POST /session/7367f8b0-dd8c-4fc3-a42e-6565b2318bab/element [13.889417ms] ERR:404 body={"strategy":"-android uiautomator","selector":"new UiSelector().descriptionMatches(\"(?is).*\\QDefin...
14:05:40.712959 POST /session/7367f8b0-dd8c-4fc3-a42e-6565b2318bab/element [13.022083ms] ERR:404 body={"strategy":"-android uiautomator","selector":"new UiSelector().textContains(\"Definitely Not Here\"...
14:05:40.727477 POST /session/7367f8b0-dd8c-4fc3-a42e-6565b2318bab/element [14.463583ms] ERR:404 body={"strategy":"-android uiautomator","selector":"new UiSelector().descriptionContains(\"Definitely Not...
14:05:40.741280 POST /session/7367f8b0-dd8c-4fc3-a42e-6565b2318bab/element [13.731166ms] ERR:404 body={"strategy":"-android uiautomator","selector":"new UiSelector().textMatches(\"(?is).*\\QDefinitely N...
14:05:40.755955 POST /session/7367f8b0-dd8c-4fc3-a42e-6565b2318bab/element [14.614041ms] ERR:404 body={"strategy":"-android uiautomator","selector":"new UiSelector().descriptionMatches(\"(?is).*\\QDefin...
14:05:40.768495 POST /session/7367f8b0-dd8c-4fc3-a42e-6565b2318bab/element [12.48275ms] ERR:404 body={"strategy":"-android uiautomator","selector":"new UiSelector().textContains(\"Definitely Not Here\"...
14:05:40.780717 POST /session/7367f8b0-dd8c-4fc3-a42e-6565b2318bab/element [12.163584ms] ERR:404 body={"strategy":"-android uiautomator","selector":"new UiSelector().descriptionContains(\"Definitely Not...
14:05:40.793152 POST /session/7367f8b0-dd8c-4fc3-a42e-6565b2318bab/element [12.381708ms] ERR:404 body={"strategy":"-android uiautomator","selector":"new UiSelector().textMatches(\"(?is).*\\QDefinitely N...
14:05:40.804251 POST /session/7367f8b0-dd8c-4fc3-a42e-6565b2318bab/element [11.040542ms] ERR:404 body={"strategy":"-android uiautomator","selector":"new UiSelector().descriptionMatches(\"(?is).*\\QDefin...
14:05:40.816617 POST /session/7367f8b0-dd8c-4fc3-a42e-6565b2318bab/element [12.307917ms] ERR:404 body={"strategy":"-android uiautomator","selector":"new UiSelector().textContains(\"Definitely Not Here\"...
14:05:40.830535 POST /session/7367f8b0-dd8c-4fc3-a42e-6565b2318bab/element [13.867792ms] ERR:404 body={"strategy":"-android uiautomator","selector":"new UiSelector().descriptionContains(\"Definitely Not...
14:05:40.843578 POST /session/7367f8b0-dd8c-4fc3-a42e-6565b2318bab/element [12.996333ms] ERR:404 body={"strategy":"-android uiautomator","selector":"new UiSelector().textMatches(\"(?is).*\\QDefinitely N...
14:05:40.858528 POST /session/7367f8b0-dd8c-4fc3-a42e-6565b2318bab/element [14.888417ms] ERR:404 body={"strategy":"-android uiautomator","selector":"new UiSelector().descriptionMatches(\"(?is).*\\QDefin...
14:05:40.871775 POST /session/7367f8b0-dd8c-4fc3-a42e-6565b2318bab/element [13.202875ms] ERR:404 body={"strategy":"-android uiautomator","selector":"new UiSelector().textContains(\"Definitely Not Here\"...
14:05:40.883778 POST /session/7367f8b0-dd8c-4fc3-a42e-6565b2318bab/element [11.951917ms] ERR:404 body={"strategy":"-android uiautomator","selector":"new UiSelector().descriptionContains(\"Definitely Not...
14:05:40.895560 POST /session/7367f8b0-dd8c-4fc3-a42e-6565b2318bab/element [11.719584ms] ERR:404 body={"strategy":"-android uiautomator","selector":"new UiSelector().textMatches(\"(?is).*\\QDefinitely N...
14:05:40.906544 POST /session/7367f8b0-dd8c-4fc3-a42e-6565b2318bab/element [10.929334ms] ERR:404 body={"strategy":"-android uiautomator","selector":"new UiSelector().descriptionMatches(\"(?is).*\\QDefin...
14:05:40.918415 POST /session/7367f8b0-dd8c-4fc3-a42e-6565b2318bab/element [11.819583ms] ERR:404 body={"strategy":"-android uiautomator","selector":"new UiSelector().textContains(\"Definitely Not Here\"...
14:05:40.931141 POST /session/7367f8b0-dd8c-4fc3-a42e-6565b2318bab/element [12.665208ms] ERR:404 body={"strategy":"-android uiautomator","selector":"new UiSelector().descriptionContains(\"Definitely Not...
14:05:40.945103 POST /session/7367f8b0-dd8c-4fc3-a42e-6565b2318bab/element [13.900416ms] ERR:404 body={"strategy":"-android uiautomator","selector":"new UiSelector().textMatches(\"(?is).*\\QDefinitely N...
14:05:40.958284 POST /session/7367f8b0-dd8c-4fc3-a42e-6565b2318bab/element [13.130625ms] ERR:404 body={"strategy":"-android uiautomator","selector":"new UiSelector().descriptionMatches(\"(?is).*\\QDefin...
14:05:40.971892 POST /session/7367f8b0-dd8c-4fc3-a42e-6565b2318bab/element [13.555875ms] ERR:404 body={"strategy":"-android uiautomator","selector":"new UiSelector().textContains(\"Definitely Not Here\"...
14:05:40.986582 POST /session/7367f8b0-dd8c-4fc3-a42e-6565b2318bab/element [14.631ms] ERR:404 body={"strategy":"-android uiautomator","selector":"new UiSelector().descriptionContains(\"Definitely Not...
14:05:41.003262 POST /session/7367f8b0-dd8c-4fc3-a42e-6565b2318bab/element [16.606875ms] ERR:404 body={"strategy":"-android uiautomator","selector":"new UiSelector().textMatches(\"(?is).*\\QDefinitely N...
14:05:41.016201 POST /session/7367f8b0-dd8c-4fc3-a42e-6565b2318bab/element [12.882917ms] ERR:404 body={"strategy":"-android uiautomator","selector":"new UiSelector().descriptionMatches(\"(?is).*\\QDefin...
14:05:41.028175 POST /session/7367f8b0-dd8c-4fc3-a42e-6565b2318bab/element [11.925375ms] ERR:404 body={"strategy":"-android uiautomator","selector":"new UiSelector().textContains(\"Definitely Not Here\"...
14:05:41.039675 POST /session/7367f8b0-dd8c-4fc3-a42e-6565b2318bab/element [11.44ms] ERR:404 body={"strategy":"-android uiautomator","selector":"new UiSelector().descriptionContains(\"Definitely Not...
14:05:41.055899 POST /session/7367f8b0-dd8c-4fc3-a42e-6565b2318bab/element [16.158667ms] ERR:404 body={"strategy":"-android uiautomator","selector":"new UiSelector().textMatches(\"(?is).*\\QDefinitely N...
14:05:41.068468 POST /session/7367f8b0-dd8c-4fc3-a42e-6565b2318bab/element [12.504041ms] ERR:404 body={"strategy":"-android uiautomator","selector":"new UiSelector().descriptionMatches(\"(?is).*\\QDefin...
14:05:41.085867 POST /session/7367f8b0-dd8c-4fc3-a42e-6565b2318bab/element [17.335625ms] ERR:404 body={"strategy":"-android uiautomator","selector":"new UiSelector().textContains(\"Definitely Not Here\"...
14:05:41.104811 POST /session/7367f8b0-dd8c-4fc3-a42e-6565b2318bab/element [18.889625ms] ERR:404 body={"strategy":"-android uiautomator","selector":"new UiSelector().descriptionContains(\"Definitely Not...
14:05:41.120668 POST /session/7367f8b0-dd8c-4fc3-a42e-6565b2318bab/element [15.791125ms] ERR:404 body={"strategy":"-android uiautomator","selector":"new UiSelector().textMatches(\"(?is).*\\QDefinitely N...
14:05:41.136953 POST /session/7367f8b0-dd8c-4fc3-a42e-6565b2318bab/element [16.226167ms] ERR:404 body={"strategy":"-android uiautomator","selector":"new UiSelector().descriptionMatches(\"(?is).*\\QDefin...
14:05:41.154838 POST /session/7367f8b0-dd8c-4fc3-a42e-6565b2318bab/element [17.764958ms] ERR:404 body={"strategy":"-android uiautomator","selector":"new UiSelector().textContains(\"Definitely Not Here\"...
14:05:41.175308 POST /session/7367f8b0-dd8c-4fc3-a42e-6565b2318bab/element [20.403209ms] ERR:404 body={"strategy":"-android uiautomator","selector":"new UiSelector().descriptionContains(\"Definitely Not...
14:05:41.200545 POST /session/7367f8b0-dd8c-4fc3-a42e-6565b2318bab/element [25.170209ms] ERR:404 body={"strategy":"-android uiautomator","selector":"new UiSelector().textMatches(\"(?is).*\\QDefinitely N...
14:05:41.237297 POST /session/7367f8b0-dd8c-4fc3-a42e-6565b2318bab/element [36.695791ms] ERR:404 body={"strategy":"-android uiautomator","selector":"new UiSelector().descriptionMatches(\"(?is).*\\QDefin...
14:05:41.256909 POST /session/7367f8b0-dd8c-4fc3-a42e-6565b2318bab/element [19.549083ms] ERR:404 body={"strategy":"-android uiautomator","selector":"new UiSelector().textContains(\"Definitely Not Here\"...
14:05:41.273955 POST /session/7367f8b0-dd8c-4fc3-a42e-6565b2318bab/element [16.979792ms] ERR:404 body={"strategy":"-android uiautomator","selector":"new UiSelector().descriptionContains(\"Definitely Not...
14:05:41.292860 POST /session/7367f8b0-dd8c-4fc3-a42e-6565b2318bab/element [18.840458ms] ERR:404 body={"strategy":"-android uiautomator","selector":"new UiSelector().textMatches(\"(?is).*\\QDefinitely N...
14:05:41.321113 POST /session/7367f8b0-dd8c-4fc3-a42e-6565b2318bab/element [28.175583ms] ERR:404 body={"strategy":"-android uiautomator","selector":"new UiSelector().descriptionMatches(\"(?is).*\\QDefin...
14:05:41.342810 POST /session/7367f8b0-dd8c-4fc3-a42e-6565b2318bab/element [21.605334ms] ERR:404 body={"strategy":"-android uiautomator","selector":"new UiSelector().textContains(\"Definitely Not Here\"...
14:05:41.360828 POST /session/7367f8b0-dd8c-4fc3-a42e-6565b2318bab/element [16.628958ms] ERR:404 body={"strategy":"-android uiautomator","selector":"new UiSelector().descriptionContains(\"Definitely Not...
14:05:41.377923 POST /session/7367f8b0-dd8c-4fc3-a42e-6565b2318bab/element [17.013ms] ERR:404 body={"strategy":"-android uiautomator","selector":"new UiSelector().textMatches(\"(?is).*\\QDefinitely N...
14:05:41.393616 POST /session/7367f8b0-dd8c-4fc3-a42e-6565b2318bab/element [15.254041ms] ERR:404 body={"strategy":"-android uiautomator","selector":"new UiSelector().descriptionMatches(\"(?is).*\\QDefin...
14:05:41.407701 POST /session/7367f8b0-dd8c-4fc3-a42e-6565b2318bab/element [14.027834ms] ERR:404 body={"strategy":"-android uiautomator","selector":"new UiSelector().textContains(\"Definitely Not Here\"...
14:05:41.424866 POST /session/7367f8b0-dd8c-4fc3-a42e-6565b2318bab/element [17.115584ms] ERR:404 body={"strategy":"-android uiautomator","selector":"new UiSelector().descriptionContains(\"Definitely Not...
14:05:41.438602 POST /session/7367f8b0-dd8c-4fc3-a42e-6565b2318bab/element [13.670375ms] ERR:404 body={"strategy":"-android uiautomator","selector":"new UiSelector().textMatches(\"(?is).*\\QDefinitely N...
14:05:41.450655 POST /session/7367f8b0-dd8c-4fc3-a42e-6565b2318bab/element [11.988458ms] ERR:404 body={"strategy":"-android uiautomator","selector":"new UiSelector().descriptionMatches(\"(?is).*\\QDefin...
14:05:41.463625 POST /session/7367f8b0-dd8c-4fc3-a42e-6565b2318bab/element [12.896959ms] ERR:404 body={"strategy":"-android uiautomator","selector":"new UiSelector().textContains(\"Definitely Not Here\"...
14:05:41.477641 POST /session/7367f8b0-dd8c-4fc3-a42e-6565b2318bab/element [13.928125ms] ERR:404 body={"strategy":"-android uiautomator","selector":"new UiSelector().descriptionContains(\"Definitely Not...
14:05:41.490784 POST /session/7367f8b0-dd8c-4fc3-a42e-6565b2318bab/element [13.078583ms] ERR:404 body={"strategy":"-android uiautomator","selector":"new UiSelector().textMatches(\"(?is).*\\QDefinitely N...
14:05:41.509565 POST /session/7367f8b0-dd8c-4fc3-a42e-6565b2318bab/element [18.71625ms] ERR:404 body={"strategy":"-android uiautomator","selector":"new UiSelector().descriptionMatches(\"(?is).*\\QDefin...
14:05:41.524743 POST /session/7367f8b0-dd8c-4fc3-a42e-6565b2318bab/element [15.114833ms] ERR:404 body={"strategy":"-android uiautomator","selector":"new UiSelector().textContains(\"Definitely Not Here\"...
14:05:41.537554 POST /session/7367f8b0-dd8c-4fc3-a42e-6565b2318bab/element [12.755166ms] ERR:404 body={"strategy":"-android uiautomator","selector":"new UiSelector().descriptionContains(\"Definitely Not...
14:05:41.549528 POST /session/7367f8b0-dd8c-4fc3-a42e-6565b2318bab/element [11.913333ms] ERR:404 body={"strategy":"-android uiautomator","selector":"new UiSelector().textMatches(\"(?is).*\\QDefinitely N...
14:05:41.562594 POST /session/7367f8b0-dd8c-4fc3-a42e-6565b2318bab/element [13.012458ms] ERR:404 body={"strategy":"-android uiautomator","selector":"new UiSelector().descriptionMatches(\"(?is).*\\QDefin...
14:05:41.574085 POST /session/7367f8b0-dd8c-4fc3-a42e-6565b2318bab/element [11.435791ms] ERR:404 body={"strategy":"-android uiautomator","selector":"new UiSelector().textContains(\"Definitely Not Here\"...
14:05:41.586268 POST /session/7367f8b0-dd8c-4fc3-a42e-6565b2318bab/element [12.123625ms] ERR:404 body={"strategy":"-android uiautomator","selector":"new UiSelector().descriptionContains(\"Definitely Not...
14:05:41.597222 POST /session/7367f8b0-dd8c-4fc3-a42e-6565b2318bab/element [10.899042ms] ERR:404 body={"strategy":"-android uiautomator","selector":"new UiSelector().textMatches(\"(?is).*\\QDefinitely N...
14:05:41.608889 POST /session/7367f8b0-dd8c-4fc3-a42e-6565b2318bab/element [11.609458ms] ERR:404 body={"strategy":"-android uiautomator","selector":"new UiSelector().descriptionMatches(\"(?is).*\\QDefin...
14:05:41.619483 POST /session/7367f8b0-dd8c-4fc3-a42e-6565b2318bab/element [10.537917ms] ERR:404 body={"strategy":"-android uiautomator","selector":"new UiSelector().textContains(\"Definitely Not Here\"...
14:05:41.631334 POST /session/7367f8b0-dd8c-4fc3-a42e-6565b2318bab/element [11.037291ms] ERR:404 body={"strategy":"-android uiautomator","selector":"new UiSelector().descriptionContains(\"Definitely Not...
14:05:41.642050 POST /session/7367f8b0-dd8c-4fc3-a42e-6565b2318bab/element [10.642584ms] ERR:404 body={"strategy":"-android uiautomator","selector":"new UiSelector().textMatches(\"(?is).*\\QDefinitely N...
14:05:41.653378 POST /session/7367f8b0-dd8c-4fc3-a42e-6565b2318bab/element [11.273542ms] ERR:404 body={"strategy":"-android uiautomator","selector":"new UiSelector().descriptionMatches(\"(?is).*\\QDefin...
14:05:41.664946 POST /session/7367f8b0-dd8c-4fc3-a42e-6565b2318bab/element [11.502708ms] ERR:404 body={"strategy":"-android uiautomator","selector":"new UiSelector().textContains(\"Definitely Not Here\"...
14:05:41.676309 POST /session/7367f8b0-dd8c-4fc3-a42e-6565b2318bab/element [11.315042ms] ERR:404 body={"strategy":"-android uiautomator","selector":"new UiSelector().descriptionContains(\"Definitely Not...
14:05:41.687987 POST /session/7367f8b0-dd8c-4fc3-a42e-6565b2318bab/element [11.632ms] ERR:404 body={"strategy":"-android uiautomator","selector":"new UiSelector().textMatches(\"(?is).*\\QDefinitely N...
14:05:41.698957 POST /session/7367f8b0-dd8c-4fc3-a42e-6565b2318bab/element [10.910875ms] ERR:404 body={"strategy":"-android uiautomator","selector":"new UiSelector().descriptionMatches(\"(?is).*\\QDefin...
14:05:41.709733 POST /session/7367f8b0-dd8c-4fc3-a42e-6565b2318bab/element [10.723959ms] ERR:404 body={"strategy":"-android uiautomator","selector":"new UiSelector().textContains(\"Definitely Not Here\"...
14:05:41.721416 POST /session/7367f8b0-dd8c-4fc3-a42e-6565b2318bab/element [11.631084ms] ERR:404 body={"strategy":"-android uiautomator","selector":"new UiSelector().descriptionContains(\"Definitely Not...
14:05:41.732594 POST /session/7367f8b0-dd8c-4fc3-a42e-6565b2318bab/element [11.120208ms] ERR:404 body={"strategy":"-android uiautomator","selector":"new UiSelector().textMatches(\"(?is).*\\QDefinitely N...
14:05:41.744475 POST /session/7367f8b0-dd8c-4fc3-a42e-6565b2318bab/element [11.825125ms] ERR:404 body={"strategy":"-android uiautomator","selector":"new UiSelector().descriptionMatches(\"(?is).*\\QDefin...
14:05:41.756567 POST /session/7367f8b0-dd8c-4fc3-a42e-6565b2318bab/element [12.037ms] ERR:404 body={"strategy":"-android uiautomator","selector":"new UiSelector().textContains(\"Definitely Not Here\"...
14:05:41.767475 POST /session/7367f8b0-dd8c-4fc3-a42e-6565b2318bab/element [10.846583ms] ERR:404 body={"strategy":"-android uiautomator","selector":"new UiSelector().descriptionContains(\"Definitely Not...
14:05:41.778621 POST /session/7367f8b0-dd8c-4fc3-a42e-6565b2318bab/element [11.087458ms] ERR:404 body={"strategy":"-android uiautomator","selector":"new UiSelector().textMatches(\"(?is).*\\QDefinitely N...
14:05:41.791705 POST /session/7367f8b0-dd8c-4fc3-a42e-6565b2318bab/element [13.018ms] ERR:404 body={"strategy":"-android uiautomator","selector":"new UiSelector().descriptionMatches(\"(?is).*\\QDefin...
14:05:41.805145 POST /session/7367f8b0-dd8c-4fc3-a42e-6565b2318bab/element [13.262875ms] ERR:404 body={"strategy":"-android uiautomator","selector":"new UiSelector().textContains(\"Definitely Not Here\"...
14:05:41.821655 POST /session/7367f8b0-dd8c-4fc3-a42e-6565b2318bab/element [16.445167ms] ERR:404 body={"strategy":"-android uiautomator","selector":"new UiSelector().descriptionContains(\"Definitely Not...
14:05:41.834021 POST /session/7367f8b0-dd8c-4fc3-a42e-6565b2318bab/element [12.302709ms] ERR:404 body={"strategy":"-android uiautomator","selector":"new UiSelector().textMatches(\"(?is).*\\QDefinitely N...
14:05:41.845365 POST /session/7367f8b0-dd8c-4fc3-a42e-6565b2318bab/element [11.280417ms] ERR:404 body={"strategy":"-android uiautomator","selector":"new UiSelector().descriptionMatches(\"(?is).*\\QDefin...
14:05:41.857972 POST /session/7367f8b0-dd8c-4fc3-a42e-6565b2318bab/element [12.542167ms] ERR:404 body={"strategy":"-android uiautomator","selector":"new UiSelector().textContains(\"Definitely Not Here\"...
14:05:41.871411 POST /session/7367f8b0-dd8c-4fc3-a42e-6565b2318bab/element [13.376375ms] ERR:404 body={"strategy":"-android uiautomator","selector":"new UiSelector().descriptionContains(\"Definitely Not...
14:05:41.883720 POST /session/7367f8b0-dd8c-4fc3-a42e-6565b2318bab/element [12.232458ms] ERR:404 body={"strategy":"-android uiautomator","selector":"new UiSelector().textMatches(\"(?is).*\\QDefinitely N...
14:05:41.895817 POST /session/7367f8b0-dd8c-4fc3-a42e-6565b2318bab/element [12.038667ms] ERR:404 body={"strategy":"-android uiautomator","selector":"new UiSelector().descriptionMatches(\"(?is).*\\QDefin...
14:05:41.907380 POST /session/7367f8b0-dd8c-4fc3-a42e-6565b2318bab/element [11.489209ms] ERR:404 body={"strategy":"-android uiautomator","selector":"new UiSelector().textContains(\"Definitely Not Here\"...
14:05:41.919461 POST /session/7367f8b0-dd8c-4fc3-a42e-6565b2318bab/element [12.033042ms] ERR:404 body={"strategy":"-android uiautomator","selector":"new UiSelector().descriptionContains(\"Definitely Not...
14:05:41.931016 POST /session/7367f8b0-dd8c-4fc3-a42e-6565b2318bab/element [11.503042ms] ERR:404 body={"strategy":"-android uiautomator","selector":"new UiSelector().textMatches(\"(?is).*\\QDefinitely N...
14:05:41.944120 POST /session/7367f8b0-dd8c-4fc3-a42e-6565b2318bab/element [13.039625ms] ERR:404 body={"strategy":"-android uiautomator","selector":"new UiSelector().descriptionMatches(\"(?is).*\\QDefin...
14:05:41.956997 POST /session/7367f8b0-dd8c-4fc3-a42e-6565b2318bab/element [12.8235ms] ERR:404 body={"strategy":"-android uiautomator","selector":"new UiSelector().textContains(\"Definitely Not Here\"...
14:05:41.968455 POST /session/7367f8b0-dd8c-4fc3-a42e-6565b2318bab/element [11.401125ms] ERR:404 body={"strategy":"-android uiautomator","selector":"new UiSelector().descriptionContains(\"Definitely Not...
14:05:41.986091 POST /session/7367f8b0-dd8c-4fc3-a42e-6565b2318bab/element [17.576084ms] ERR:404 body={"strategy":"-android uiautomator","selector":"new UiSelector().textMatches(\"(?is).*\\QDefinitely N...
14:05:42.002975 POST /session/7367f8b0-dd8c-4fc3-a42e-6565b2318bab/element [16.81875ms] ERR:404 body={"strategy":"-android uiautomator","selector":"new UiSelector().descriptionMatches(\"(?is).*\\QDefin...
14:05:42.019949 POST /session/7367f8b0-dd8c-4fc3-a42e-6565b2318bab/element [16.850042ms] ERR:404 body={"strategy":"-android uiautomator","selector":"new UiSelector().textContains(\"Definitely Not Here\"...
14:05:42.033011 POST /session/7367f8b0-dd8c-4fc3-a42e-6565b2318bab/element [12.997166ms] ERR:404 body={"strategy":"-android uiautomator","selector":"new UiSelector().descriptionContains(\"Definitely Not...
14:05:42.048121 POST /session/7367f8b0-dd8c-4fc3-a42e-6565b2318bab/element [15.051375ms] ERR:404 body={"strategy":"-android uiautomator","selector":"new UiSelector().textMatches(\"(?is).*\\QDefinitely N...
14:05:42.076489 POST /session/7367f8b0-dd8c-4fc3-a42e-6565b2318bab/element [28.190666ms] ERR:404 body={"strategy":"-android uiautomator","selector":"new UiSelector().descriptionMatches(\"(?is).*\\QDefin...
14:05:42.091544 POST /session/7367f8b0-dd8c-4fc3-a42e-6565b2318bab/element [14.789792ms] ERR:404 body={"strategy":"-android uiautomator","selector":"new UiSelector().textContains(\"Definitely Not Here\"...
14:05:42.108261 POST /session/7367f8b0-dd8c-4fc3-a42e-6565b2318bab/element [16.6525ms] ERR:404 body={"strategy":"-android uiautomator","selector":"new UiSelector().descriptionContains(\"Definitely Not...
14:05:42.121997 POST /session/7367f8b0-dd8c-4fc3-a42e-6565b2318bab/element [13.680875ms] ERR:404 body={"strategy":"-android uiautomator","selector":"new UiSelector().textMatches(\"(?is).*\\QDefinitely N...
14:05:42.142077 POST /session/7367f8b0-dd8c-4fc3-a42e-6565b2318bab/element [20.021666ms] ERR:404 body={"strategy":"-android uiautomator","selector":"new UiSelector().descriptionMatches(\"(?is).*\\QDefin...
14:05:42.157092 POST /session/7367f8b0-dd8c-4fc3-a42e-6565b2318bab/element [14.951375ms] ERR:404 body={"strategy":"-android uiautomator","selector":"new UiSelector().textContains(\"Definitely Not Here\"...
14:05:42.170709 POST /session/7367f8b0-dd8c-4fc3-a42e-6565b2318bab/element [13.549875ms] ERR:404 body={"strategy":"-android uiautomator","selector":"new UiSelector().descriptionContains(\"Definitely Not...
14:05:42.182398 POST /session/7367f8b0-dd8c-4fc3-a42e-6565b2318bab/element [11.624917ms] ERR:404 body={"strategy":"-android uiautomator","selector":"new UiSelector().textMatches(\"(?is).*\\QDefinitely N...
14:05:42.193395 POST /session/7367f8b0-dd8c-4fc3-a42e-6565b2318bab/element [10.940375ms] ERR:404 body={"strategy":"-android uiautomator","selector":"new UiSelector().descriptionMatches(\"(?is).*\\QDefin...
14:05:42.204473 POST /session/7367f8b0-dd8c-4fc3-a42e-6565b2318bab/element [11.015458ms] ERR:404 body={"strategy":"-android uiautomator","selector":"new UiSelector().textContains(\"Definitely Not Here\"...
14:05:42.214953 POST /session/7367f8b0-dd8c-4fc3-a42e-6565b2318bab/element [10.423584ms] ERR:404 body={"strategy":"-android uiautomator","selector":"new UiSelector().descriptionContains(\"Definitely Not...
14:05:42.226522 POST /session/7367f8b0-dd8c-4fc3-a42e-6565b2318bab/element [11.512666ms] ERR:404 body={"strategy":"-android uiautomator","selector":"new UiSelector().textMatches(\"(?is).*\\QDefinitely N...
14:05:42.237843 POST /session/7367f8b0-dd8c-4fc3-a42e-6565b2318bab/element [11.264375ms] ERR:404 body={"strategy":"-android uiautomator","selector":"new UiSelector().descriptionMatches(\"(?is).*\\QDefin...
14:05:42.249507 POST /session/7367f8b0-dd8c-4fc3-a42e-6565b2318bab/element [11.607333ms] ERR:404 body={"strategy":"-android uiautomator","selector":"new UiSelector().textContains(\"Definitely Not Here\"...
14:05:42.262244 POST /session/7367f8b0-dd8c-4fc3-a42e-6565b2318bab/element [12.675959ms] ERR:404 body={"strategy":"-android uiautomator","selector":"new UiSelector().descriptionContains(\"Definitely Not...
14:05:42.272952 POST /session/7367f8b0-dd8c-4fc3-a42e-6565b2318bab/element [10.644ms] ERR:404 body={"strategy":"-android uiautomator","selector":"new UiSelector().textMatches(\"(?is).*\\QDefinitely N...
14:05:42.285070 POST /session/7367f8b0-dd8c-4fc3-a42e-6565b2318bab/element [12.05575ms] ERR:404 body={"strategy":"-android uiautomator","selector":"new UiSelector().descriptionMatches(\"(?is).*\\QDefin...
14:05:42.295561 POST /session/7367f8b0-dd8c-4fc3-a42e-6565b2318bab/element [10.435375ms] ERR:404 body={"strategy":"-android uiautomator","selector":"new UiSelector().textContains(\"Definitely Not Here\"...
14:05:42.307668 POST /session/7367f8b0-dd8c-4fc3-a42e-6565b2318bab/element [12.049084ms] ERR:404 body={"strategy":"-android uiautomator","selector":"new UiSelector().descriptionContains(\"Definitely Not...
14:05:42.318612 POST /session/7367f8b0-dd8c-4fc3-a42e-6565b2318bab/element [10.898666ms] ERR:404 body={"strategy":"-android uiautomator","selector":"new UiSelector().textMatches(\"(?is).*\\QDefinitely N...
14:05:42.329474 POST /session/7367f8b0-dd8c-4fc3-a42e-6565b2318bab/element [10.8105ms] ERR:404 body={"strategy":"-android uiautomator","selector":"new UiSelector().descriptionMatches(\"(?is).*\\QDefin...
14:05:42.338951 POST /session/7367f8b0-dd8c-4fc3-a42e-6565b2318bab/element [9.422916ms] ERR:404 body={"strategy":"-android uiautomator","selector":"new UiSelector().textContains(\"Definitely Not Here\"...
14:05:42.350401 POST /session/7367f8b0-dd8c-4fc3-a42e-6565b2318bab/element [11.39425ms] ERR:404 body={"strategy":"-android uiautomator","selector":"new UiSelector().descriptionContains(\"Definitely Not...
14:05:42.361114 POST /session/7367f8b0-dd8c-4fc3-a42e-6565b2318bab/element [10.661333ms] ERR:404 body={"strategy":"-android uiautomator","selector":"new UiSelector().textMatches(\"(?is).*\\QDefinitely N...
14:05:42.372467 POST /session/7367f8b0-dd8c-4fc3-a42e-6565b2318bab/element [11.300834ms] ERR:404 body={"strategy":"-android uiautomator","selector":"new UiSelector().descriptionMatches(\"(?is).*\\QDefin...
14:05:42.382972 POST /session/7367f8b0-dd8c-4fc3-a42e-6565b2318bab/element [10.456458ms] ERR:404 body={"strategy":"-android uiautomator","selector":"new UiSelector().textContains(\"Definitely Not Here\"...
14:05:42.392611 POST /session/7367f8b0-dd8c-4fc3-a42e-6565b2318bab/element [9.598375ms] ERR:404 body={"strategy":"-android uiautomator","selector":"new UiSelector().descriptionContains(\"Definitely Not...
14:05:42.402589 POST /session/7367f8b0-dd8c-4fc3-a42e-6565b2318bab/element [9.893834ms] ERR:404 body={"strategy":"-android uiautomator","selector":"new UiSelector().textMatches(\"(?is).*\\QDefinitely N...
14:05:42.412310 POST /session/7367f8b0-dd8c-4fc3-a42e-6565b2318bab/element [9.657042ms] ERR:404 body={"strategy":"-android uiautomator","selector":"new UiSelector().descriptionMatches(\"(?is).*\\QDefin...
14:05:42.423446 POST /session/7367f8b0-dd8c-4fc3-a42e-6565b2318bab/element [11.097708ms] ERR:404 body={"strategy":"-android uiautomator","selector":"new UiSelector().textContains(\"Definitely Not Here\"...
14:05:42.435519 POST /session/7367f8b0-dd8c-4fc3-a42e-6565b2318bab/element [12.022542ms] ERR:404 body={"strategy":"-android uiautomator","selector":"new UiSelector().descriptionContains(\"Definitely Not...
14:05:42.445949 POST /session/7367f8b0-dd8c-4fc3-a42e-6565b2318bab/element [10.375833ms] ERR:404 body={"strategy":"-android uiautomator","selector":"new UiSelector().textMatches(\"(?is).*\\QDefinitely N...
14:05:42.456105 POST /session/7367f8b0-dd8c-4fc3-a42e-6565b2318bab/element [10.102625ms] ERR:404 body={"strategy":"-android uiautomator","selector":"new UiSelector().descriptionMatches(\"(?is).*\\QDefin...
14:05:42.467008 POST /session/7367f8b0-dd8c-4fc3-a42e-6565b2318bab/element [10.854375ms] ERR:404 body={"strategy":"-android uiautomator","selector":"new UiSelector().textContains(\"Definitely Not Here\"...
14:05:42.477124 POST /session/7367f8b0-dd8c-4fc3-a42e-6565b2318bab/element [10.079875ms] ERR:404 body={"strategy":"-android uiautomator","selector":"new UiSelector().descriptionContains(\"Definitely Not...
14:05:42.488135 POST /session/7367f8b0-dd8c-4fc3-a42e-6565b2318bab/element [10.973209ms] ERR:404 body={"strategy":"-android uiautomator","selector":"new UiSelector().textMatches(\"(?is).*\\QDefinitely N...
14:05:42.500214 POST /session/7367f8b0-dd8c-4fc3-a42e-6565b2318bab/element [12.018ms] ERR:404 body={"strategy":"-android uiautomator","selector":"new UiSelector().descriptionMatches(\"(?is).*\\QDefin...
14:05:42.513220 POST /session/7367f8b0-dd8c-4fc3-a42e-6565b2318bab/element [12.939208ms] ERR:404 body={"strategy":"-android uiautomator","selector":"new UiSelector().textContains(\"Definitely Not Here\"...
14:05:42.525791 POST /session/7367f8b0-dd8c-4fc3-a42e-6565b2318bab/element [12.491666ms] ERR:404 body={"strategy":"-android uiautomator","selector":"new UiSelector().descriptionContains(\"Definitely Not...
14:05:42.535565 POST /session/7367f8b0-dd8c-4fc3-a42e-6565b2318bab/element [9.72175ms] ERR:404 body={"strategy":"-android uiautomator","selector":"new UiSelector().textMatches(\"(?is).*\\QDefinitely N...
14:05:42.545141 POST /session/7367f8b0-dd8c-4fc3-a42e-6565b2318bab/element [9.51725ms] ERR:404 body={"strategy":"-android uiautomator","selector":"new UiSelector().descriptionMatches(\"(?is).*\\QDefin...
14:05:42.555764 POST /session/7367f8b0-dd8c-4fc3-a42e-6565b2318bab/element [10.565792ms] ERR:404 body={"strategy":"-android uiautomator","selector":"new UiSelector().textContains(\"Definitely Not Here\"...
14:05:42.566334 POST /session/7367f8b0-dd8c-4fc3-a42e-6565b2318bab/element [10.513875ms] ERR:404 body={"strategy":"-android uiautomator","selector":"new UiSelector().descriptionContains(\"Definitely Not...
14:05:42.576627 POST /session/7367f8b0-dd8c-4fc3-a42e-6565b2318bab/element [10.244958ms] ERR:404 body={"strategy":"-android uiautomator","selector":"new UiSelector().textMatches(\"(?is).*\\QDefinitely N...
14:05:42.587898 POST /session/7367f8b0-dd8c-4fc3-a42e-6565b2318bab/element [11.224917ms] ERR:404 body={"strategy":"-android uiautomator","selector":"new UiSelector().descriptionMatches(\"(?is).*\\QDefin...
14:05:42.599419 POST /session/7367f8b0-dd8c-4fc3-a42e-6565b2318bab/element [11.458ms] ERR:404 body={"strategy":"-android uiautomator","selector":"new UiSelector().textContains(\"Definitely Not Here\"...
14:05:42.611351 POST /session/7367f8b0-dd8c-4fc3-a42e-6565b2318bab/element [11.881625ms] ERR:404 body={"strategy":"-android uiautomator","selector":"new UiSelector().descriptionContains(\"Definitely Not...
14:05:42.622911 POST /session/7367f8b0-dd8c-4fc3-a42e-6565b2318bab/element [10.884708ms] ERR:404 body={"strategy":"-android uiautomator","selector":"new UiSelector().textMatches(\"(?is).*\\QDefinitely N...
14:05:42.634768 POST /session/7367f8b0-dd8c-4fc3-a42e-6565b2318bab/element [11.552459ms] ERR:404 body={"strategy":"-android uiautomator","selector":"new UiSelector().descriptionMatches(\"(?is).*\\QDefin...
14:05:42.646744 POST /session/7367f8b0-dd8c-4fc3-a42e-6565b2318bab/element [11.919542ms] ERR:404 body={"strategy":"-android uiautomator","selector":"new UiSelector().textContains(\"Definitely Not Here\"...
14:05:42.657496 POST /session/7367f8b0-dd8c-4fc3-a42e-6565b2318bab/element [10.700875ms] ERR:404 body={"strategy":"-android uiautomator","selector":"new UiSelector().descriptionContains(\"Definitely Not...
14:05:42.668397 POST /session/7367f8b0-dd8c-4fc3-a42e-6565b2318bab/element [10.847667ms] ERR:404 body={"strategy":"-android uiautomator","selector":"new UiSelector().textMatches(\"(?is).*\\QDefinitely N...
14:05:42.678998 POST /session/7367f8b0-dd8c-4fc3-a42e-6565b2318bab/element [10.541792ms] ERR:404 body={"strategy":"-android uiautomator","selector":"new UiSelector().descriptionMatches(\"(?is).*\\QDefin...
14:05:42.689242 POST /session/7367f8b0-dd8c-4fc3-a42e-6565b2318bab/element [10.192084ms] ERR:404 body={"strategy":"-android uiautomator","selector":"new UiSelector().textContains(\"Definitely Not Here\"...
14:05:42.698919 POST /session/7367f8b0-dd8c-4fc3-a42e-6565b2318bab/element [9.627959ms] ERR:404 body={"strategy":"-android uiautomator","selector":"new UiSelector().descriptionContains(\"Definitely Not...
14:05:42.707998 POST /session/7367f8b0-dd8c-4fc3-a42e-6565b2318bab/element [9.039625ms] ERR:404 body={"strategy":"-android uiautomator","selector":"new UiSelector().textMatches(\"(?is).*\\QDefinitely N...
14:05:42.717563 POST /session/7367f8b0-dd8c-4fc3-a42e-6565b2318bab/element [9.534542ms] ERR:404 body={"strategy":"-android uiautomator","selector":"new UiSelector().descriptionMatches(\"(?is).*\\QDefin...
14:05:42.729197 POST /session/7367f8b0-dd8c-4fc3-a42e-6565b2318bab/element [11.592958ms] ERR:404 body={"strategy":"-android uiautomator","selector":"new UiSelector().textContains(\"Definitely Not Here\"...
14:05:42.739942 POST /session/7367f8b0-dd8c-4fc3-a42e-6565b2318bab/element [10.6965ms] ERR:404 body={"strategy":"-android uiautomator","selector":"new UiSelector().descriptionContains(\"Definitely Not...
14:05:42.750692 POST /session/7367f8b0-dd8c-4fc3-a42e-6565b2318bab/element [10.701375ms] ERR:404 body={"strategy":"-android uiautomator","selector":"new UiSelector().textMatches(\"(?is).*\\QDefinitely N...
14:05:42.760112 POST /session/7367f8b0-dd8c-4fc3-a42e-6565b2318bab/element [9.36825ms] ERR:404 body={"strategy":"-android uiautomator","selector":"new UiSelector().descriptionMatches(\"(?is).*\\QDefin...
14:05:42.771117 POST /session/7367f8b0-dd8c-4fc3-a42e-6565b2318bab/element [10.955875ms] ERR:404 body={"strategy":"-android uiautomator","selector":"new UiSelector().textContains(\"Definitely Not Here\"...
14:05:42.781442 POST /session/7367f8b0-dd8c-4fc3-a42e-6565b2318bab/element [10.273084ms] ERR:404 body={"strategy":"-android uiautomator","selector":"new UiSelector().descriptionContains(\"Definitely Not...
14:05:42.790925 POST /session/7367f8b0-dd8c-4fc3-a42e-6565b2318bab/element [9.426667ms] ERR:404 body={"strategy":"-android uiautomator","selector":"new UiSelector().textMatches(\"(?is).*\\QDefinitely N...
14:05:42.801069 POST /session/7367f8b0-dd8c-4fc3-a42e-6565b2318bab/element [10.097959ms] ERR:404 body={"strategy":"-android uiautomator","selector":"new UiSelector().descriptionMatches(\"(?is).*\\QDefin...
14:05:42.811049 POST /session/7367f8b0-dd8c-4fc3-a42e-6565b2318bab/element [9.932875ms] ERR:404 body={"strategy":"-android uiautomator","selector":"new UiSelector().textContains(\"Definitely Not Here\"...
14:05:42.820637 POST /session/7367f8b0-dd8c-4fc3-a42e-6565b2318bab/element [9.556083ms] ERR:404 body={"strategy":"-android uiautomator","selector":"new UiSelector().descriptionContains(\"Definitely Not...
14:05:42.830869 POST /session/7367f8b0-dd8c-4fc3-a42e-6565b2318bab/element [10.178ms] ERR:404 body={"strategy":"-android uiautomator","selector":"new UiSelector().textMatches(\"(?is).*\\QDefinitely N...
14:05:42.841452 POST /session/7367f8b0-dd8c-4fc3-a42e-6565b2318bab/element [10.429792ms] ERR:404 body={"strategy":"-android uiautomator","selector":"new UiSelector().descriptionMatches(\"(?is).*\\QDefin...
14:05:42.852178 POST /session/7367f8b0-dd8c-4fc3-a42e-6565b2318bab/element [10.670334ms] ERR:404 body={"strategy":"-android uiautomator","selector":"new UiSelector().textContains(\"Definitely Not Here\"...
14:05:42.862577 POST /session/7367f8b0-dd8c-4fc3-a42e-6565b2318bab/element [10.344958ms] ERR:404 body={"strategy":"-android uiautomator","selector":"new UiSelector().descriptionContains(\"Definitely Not...
14:05:42.872913 POST /session/7367f8b0-dd8c-4fc3-a42e-6565b2318bab/element [10.288958ms] ERR:404 body={"strategy":"-android uiautomator","selector":"new UiSelector().textMatches(\"(?is).*\\QDefinitely N...
14:05:42.885109 POST /session/7367f8b0-dd8c-4fc3-a42e-6565b2318bab/element [12.143625ms] ERR:404 body={"strategy":"-android uiautomator","selector":"new UiSelector().descriptionMatches(\"(?is).*\\QDefin...
14:05:42.896140 POST /session/7367f8b0-dd8c-4fc3-a42e-6565b2318bab/element [10.9755ms] ERR:404 body={"strategy":"-android uiautomator","selector":"new UiSelector().textContains(\"Definitely Not Here\"...
14:05:42.906253 POST /session/7367f8b0-dd8c-4fc3-a42e-6565b2318bab/element [10.062ms] ERR:404 body={"strategy":"-android uiautomator","selector":"new UiSelector().descriptionContains(\"Definitely Not...
14:05:42.918412 POST /session/7367f8b0-dd8c-4fc3-a42e-6565b2318bab/element [12.1035ms] ERR:404 body={"strategy":"-android uiautomator","selector":"new UiSelector().textMatches(\"(?is).*\\QDefinitely N...
14:05:42.929995 POST /session/7367f8b0-dd8c-4fc3-a42e-6565b2318bab/element [11.522459ms] ERR:404 body={"strategy":"-android uiautomator","selector":"new UiSelector().descriptionMatches(\"(?is).*\\QDefin...
14:05:42.941102 POST /session/7367f8b0-dd8c-4fc3-a42e-6565b2318bab/element [11.050333ms] ERR:404 body={"strategy":"-android uiautomator","selector":"new UiSelector().textContains(\"Definitely Not Here\"...
14:05:42.952563 POST /session/7367f8b0-dd8c-4fc3-a42e-6565b2318bab/element [11.404833ms] ERR:404 body={"strategy":"-android uiautomator","selector":"new UiSelector().descriptionContains(\"Definitely Not...
14:05:42.964178 POST /session/7367f8b0-dd8c-4fc3-a42e-6565b2318bab/element [11.566625ms] ERR:404 body={"strategy":"-android uiautomator","selector":"new UiSelector().textMatches(\"(?is).*\\QDefinitely N...
14:05:42.976009 POST /session/7367f8b0-dd8c-4fc3-a42e-6565b2318bab/element [11.782166ms] ERR:404 body={"strategy":"-android uiautomator","selector":"new UiSelector().descriptionMatches(\"(?is).*\\QDefin...
14:05:42.986867 POST /session/7367f8b0-dd8c-4fc3-a42e-6565b2318bab/element [9.043459ms] ERR:404 body={"strategy":"-android uiautomator","selector":"new UiSelector().textContains(\"Definitely Not Here\"...
14:05:42.998955 POST /session/7367f8b0-dd8c-4fc3-a42e-6565b2318bab/element [12.030791ms] ERR:404 body={"strategy":"-android uiautomator","selector":"new UiSelector().descriptionContains(\"Definitely Not...
14:05:43.010346 POST /session/7367f8b0-dd8c-4fc3-a42e-6565b2318bab/element [11.331958ms] ERR:404 body={"strategy":"-android uiautomator","selector":"new UiSelector().textMatches(\"(?is).*\\QDefinitely N...
14:05:43.021297 POST /session/7367f8b0-dd8c-4fc3-a42e-6565b2318bab/element [10.899417ms] ERR:404 body={"strategy":"-android uiautomator","selector":"new UiSelector().descriptionMatches(\"(?is).*\\QDefin...
14:05:43.030799 POST /session/7367f8b0-dd8c-4fc3-a42e-6565b2318bab/element [9.4435ms] ERR:404 body={"strategy":"-android uiautomator","selector":"new UiSelector().textContains(\"Definitely Not Here\"...
14:05:43.040260 POST /session/7367f8b0-dd8c-4fc3-a42e-6565b2318bab/element [9.418208ms] ERR:404 body={"strategy":"-android uiautomator","selector":"new UiSelector().descriptionContains(\"Definitely Not...
14:05:43.050320 POST /session/7367f8b0-dd8c-4fc3-a42e-6565b2318bab/element [9.996583ms] ERR:404 body={"strategy":"-android uiautomator","selector":"new UiSelector().textMatches(\"(?is).*\\QDefinitely N...
14:05:43.061534 POST /session/7367f8b0-dd8c-4fc3-a42e-6565b2318bab/element [11.154042ms] ERR:404 body={"strategy":"-android uiautomator","selector":"new UiSelector().descriptionMatches(\"(?is).*\\QDefin...
14:05:43.079522 POST /session/7367f8b0-dd8c-4fc3-a42e-6565b2318bab/element [14.368917ms] ERR:404 body={"strategy":"-android uiautomator","selector":"new UiSelector().textContains(\"Definitely Not Here\"...
14:05:43.091996 POST /session/7367f8b0-dd8c-4fc3-a42e-6565b2318bab/element [12.419708ms] ERR:404 body={"strategy":"-android uiautomator","selector":"new UiSelector().descriptionContains(\"Definitely Not...
14:05:43.102335 POST /session/7367f8b0-dd8c-4fc3-a42e-6565b2318bab/element [10.281917ms] ERR:404 body={"strategy":"-android uiautomator","selector":"new UiSelector().textMatches(\"(?is).*\\QDefinitely N...
14:05:43.113067 POST /session/7367f8b0-dd8c-4fc3-a42e-6565b2318bab/element [10.677833ms] ERR:404 body={"strategy":"-android uiautomator","selector":"new UiSelector().descriptionMatches(\"(?is).*\\QDefin...
14:05:43.121774 POST /session/7367f8b0-dd8c-4fc3-a42e-6565b2318bab/element [8.651375ms] ERR:404 body={"strategy":"-android uiautomator","selector":"new UiSelector().textContains(\"Definitely Not Here\"...
14:05:43.130876 POST /session/7367f8b0-dd8c-4fc3-a42e-6565b2318bab/element [9.048916ms] ERR:404 body={"strategy":"-android uiautomator","selector":"new UiSelector().descriptionContains(\"Definitely Not...
14:05:43.142351 POST /session/7367f8b0-dd8c-4fc3-a42e-6565b2318bab/element [11.424208ms] ERR:404 body={"strategy":"-android uiautomator","selector":"new UiSelector().textMatches(\"(?is).*\\QDefinitely N...
14:05:43.153602 POST /session/7367f8b0-dd8c-4fc3-a42e-6565b2318bab/element [11.204041ms] ERR:404 body={"strategy":"-android uiautomator","selector":"new UiSelector().descriptionMatches(\"(?is).*\\QDefin...
14:05:43.163893 POST /session/7367f8b0-dd8c-4fc3-a42e-6565b2318bab/element [10.251584ms] ERR:404 body={"strategy":"-android uiautomator","selector":"new UiSelector().textContains(\"Definitely Not Here\"...
14:05:43.174651 POST /session/7367f8b0-dd8c-4fc3-a42e-6565b2318bab/element [10.721709ms] ERR:404 body={"strategy":"-android uiautomator","selector":"new UiSelector().descriptionContains(\"Definitely Not...
14:05:43.185185 POST /session/7367f8b0-dd8c-4fc3-a42e-6565b2318bab/element [10.474125ms] ERR:404 body={"strategy":"-android uiautomator","selector":"new UiSelector().textMatches(\"(?is).*\\QDefinitely N...
14:05:43.194577 POST /session/7367f8b0-dd8c-4fc3-a42e-6565b2318bab/element [9.335125ms] ERR:404 body={"strategy":"-android uiautomator","selector":"new UiSelector().descriptionMatches(\"(?is).*\\QDefin...
14:05:43.205235 POST /session/7367f8b0-dd8c-4fc3-a42e-6565b2318bab/element [10.600875ms] ERR:404 body={"strategy":"-android uiautomator","selector":"new UiSelector().textContains(\"Definitely Not Here\"...
14:05:43.217357 POST /session/7367f8b0-dd8c-4fc3-a42e-6565b2318bab/element [12.06225ms] ERR:404 body={"strategy":"-android uiautomator","selector":"new UiSelector().descriptionContains(\"Definitely Not...
14:05:43.229039 POST /session/7367f8b0-dd8c-4fc3-a42e-6565b2318bab/element [11.630625ms] ERR:404 body={"strategy":"-android uiautomator","selector":"new UiSelector().textMatches(\"(?is).*\\QDefinitely N...
14:05:43.241898 POST /session/7367f8b0-dd8c-4fc3-a42e-6565b2318bab/element [12.804791ms] ERR:404 body={"strategy":"-android uiautomator","selector":"new UiSelector().descriptionMatches(\"(?is).*\\QDefin...
14:05:43.252334 POST /session/7367f8b0-dd8c-4fc3-a42e-6565b2318bab/element [10.382042ms] ERR:404 body={"strategy":"-android uiautomator","selector":"new UiSelector().textContains(\"Definitely Not Here\"...
14:05:43.264615 POST /session/7367f8b0-dd8c-4fc3-a42e-6565b2318bab/element [12.221167ms] ERR:404 body={"strategy":"-android uiautomator","selector":"new UiSelector().descriptionContains(\"Definitely Not...
14:05:43.276675 POST /session/7367f8b0-dd8c-4fc3-a42e-6565b2318bab/element [11.990292ms] ERR:404 body={"strategy":"-android uiautomator","selector":"new UiSelector().textMatches(\"(?is).*\\QDefinitely N...
14:05:43.287985 POST /session/7367f8b0-dd8c-4fc3-a42e-6565b2318bab/element [11.242583ms] ERR:404 body={"strategy":"-android uiautomator","selector":"new UiSelector().descriptionMatches(\"(?is).*\\QDefin...
14:05:43.299813 POST /session/7367f8b0-dd8c-4fc3-a42e-6565b2318bab/element [11.77225ms] ERR:404 body={"strategy":"-android uiautomator","selector":"new UiSelector().textContains(\"Definitely Not Here\"...
14:05:43.311514 POST /session/7367f8b0-dd8c-4fc3-a42e-6565b2318bab/element [11.636125ms] ERR:404 body={"strategy":"-android uiautomator","selector":"new UiSelector().descriptionContains(\"Definitely Not...
14:05:43.322894 POST /session/7367f8b0-dd8c-4fc3-a42e-6565b2318bab/element [11.320417ms] ERR:404 body={"strategy":"-android uiautomator","selector":"new UiSelector().textMatches(\"(?is).*\\QDefinitely N...
14:05:43.334544 POST /session/7367f8b0-dd8c-4fc3-a42e-6565b2318bab/element [11.559833ms] ERR:404 body={"strategy":"-android uiautomator","selector":"new UiSelector().descriptionMatches(\"(?is).*\\QDefin...
14:05:43.346986 POST /session/7367f8b0-dd8c-4fc3-a42e-6565b2318bab/element [12.383ms] ERR:404 body={"strategy":"-android uiautomator","selector":"new UiSelector().textContains(\"Definitely Not Here\"...
14:05:43.358594 POST /session/7367f8b0-dd8c-4fc3-a42e-6565b2318bab/element [11.556959ms] ERR:404 body={"strategy":"-android uiautomator","selector":"new UiSelector().descriptionContains(\"Definitely Not...
14:05:43.369929 POST /session/7367f8b0-dd8c-4fc3-a42e-6565b2318bab/element [11.280791ms] ERR:404 body={"strategy":"-android uiautomator","selector":"new UiSelector().textMatches(\"(?is).*\\QDefinitely N...
14:05:43.381687 POST /session/7367f8b0-dd8c-4fc3-a42e-6565b2318bab/element [11.692ms] ERR:404 body={"strategy":"-android uiautomator","selector":"new UiSelector().descriptionMatches(\"(?is).*\\QDefin...
14:05:43.392614 POST /session/7367f8b0-dd8c-4fc3-a42e-6565b2318bab/element [10.8705ms] ERR:404 body={"strategy":"-android uiautomator","selector":"new UiSelector().textContains(\"Definitely Not Here\"...
14:05:43.404201 POST /session/7367f8b0-dd8c-4fc3-a42e-6565b2318bab/element [11.533209ms] ERR:404 body={"strategy":"-android uiautomator","selector":"new UiSelector().descriptionContains(\"Definitely Not...
14:05:43.414275 POST /session/7367f8b0-dd8c-4fc3-a42e-6565b2318bab/element [10.015667ms] ERR:404 body={"strategy":"-android uiautomator","selector":"new UiSelector().textMatches(\"(?is).*\\QDefinitely N...
14:05:43.427169 POST /session/7367f8b0-dd8c-4fc3-a42e-6565b2318bab/element [12.84525ms] ERR:404 body={"strategy":"-android uiautomator","selector":"new UiSelector().descriptionMatches(\"(?is).*\\QDefin...
14:05:43.436401 POST /session/7367f8b0-dd8c-4fc3-a42e-6565b2318bab/element [9.171708ms] ERR:404 body={"strategy":"-android uiautomator","selector":"new UiSelector().textContains(\"Definitely Not Here\"...
14:05:43.446131 POST /session/7367f8b0-dd8c-4fc3-a42e-6565b2318bab/element [9.675125ms] ERR:404 body={"strategy":"-android uiautomator","selector":"new UiSelector().descriptionContains(\"Definitely Not...
14:05:43.457788 POST /session/7367f8b0-dd8c-4fc3-a42e-6565b2318bab/element [11.598875ms] ERR:404 body={"strategy":"-android uiautomator","selector":"new UiSelector().textMatches(\"(?is).*\\QDefinitely N...
14:05:43.468520 POST /session/7367f8b0-dd8c-4fc3-a42e-6565b2318bab/element [10.665958ms] ERR:404 body={"strategy":"-android uiautomator","selector":"new UiSelector().descriptionMatches(\"(?is).*\\QDefin...
14:05:43.479158 POST /session/7367f8b0-dd8c-4fc3-a42e-6565b2318bab/element [10.578541ms] ERR:404 body={"strategy":"-android uiautomator","selector":"new UiSelector().textContains(\"Definitely Not Here\"...
14:05:43.490406 POST /session/7367f8b0-dd8c-4fc3-a42e-6565b2318bab/element [11.195459ms] ERR:404 body={"strategy":"-android uiautomator","selector":"new UiSelector().descriptionContains(\"Definitely Not...
14:05:43.500421 POST /session/7367f8b0-dd8c-4fc3-a42e-6565b2318bab/element [9.968ms] ERR:404 body={"strategy":"-android uiautomator","selector":"new UiSelector().textMatches(\"(?is).*\\QDefinitely N...
14:05:43.511766 POST /session/7367f8b0-dd8c-4fc3-a42e-6565b2318bab/element [11.303ms] ERR:404 body={"strategy":"-android uiautomator","selector":"new UiSelector().descriptionMatches(\"(?is).*\\QDefin...
14:05:43.521962 POST /session/7367f8b0-dd8c-4fc3-a42e-6565b2318bab/element [10.142417ms] ERR:404 body={"strategy":"-android uiautomator","selector":"new UiSelector().textContains(\"Definitely Not Here\"...
14:05:43.532504 POST /session/7367f8b0-dd8c-4fc3-a42e-6565b2318bab/element [10.495708ms] ERR:404 body={"strategy":"-android uiautomator","selector":"new UiSelector().descriptionContains(\"Definitely Not...
14:05:43.542299 POST /session/7367f8b0-dd8c-4fc3-a42e-6565b2318bab/element [9.750042ms] ERR:404 body={"strategy":"-android uiautomator","selector":"new UiSelector().textMatches(\"(?is).*\\QDefinitely N...
14:05:43.551649 POST /session/7367f8b0-dd8c-4fc3-a42e-6565b2318bab/element [9.29475ms] ERR:404 body={"strategy":"-android uiautomator","selector":"new UiSelector().descriptionMatches(\"(?is).*\\QDefin...
14:05:43.563605 POST /session/7367f8b0-dd8c-4fc3-a42e-6565b2318bab/element [11.894584ms] ERR:404 body={"strategy":"-android uiautomator","selector":"new UiSelector().textContains(\"Definitely Not Here\"...
14:05:43.575278 POST /session/7367f8b0-dd8c-4fc3-a42e-6565b2318bab/element [11.602333ms] ERR:404 body={"strategy":"-android uiautomator","selector":"new UiSelector().descriptionContains(\"Definitely Not...
14:05:43.583902 POST /session/7367f8b0-dd8c-4fc3-a42e-6565b2318bab/element [8.560625ms] ERR:404 body={"strategy":"-android uiautomator","selector":"new UiSelector().textMatches(\"(?is).*\\QDefinitely N...
14:05:43.592916 POST /session/7367f8b0-dd8c-4fc3-a42e-6565b2318bab/element [8.912166ms] ERR:404 body={"strategy":"-android uiautomator","selector":"new UiSelector().descriptionMatches(\"(?is).*\\QDefin...
14:05:43.605177 POST /session/7367f8b0-dd8c-4fc3-a42e-6565b2318bab/element [12.196708ms] ERR:404 body={"strategy":"-android uiautomator","selector":"new UiSelector().textContains(\"Definitely Not Here\"...
14:05:43.615452 POST /session/7367f8b0-dd8c-4fc3-a42e-6565b2318bab/element [10.224917ms] ERR:404 body={"strategy":"-android uiautomator","selector":"new UiSelector().descriptionContains(\"Definitely Not...
14:05:43.625040 POST /session/7367f8b0-dd8c-4fc3-a42e-6565b2318bab/element [9.543708ms] ERR:404 body={"strategy":"-android uiautomator","selector":"new UiSelector().textMatches(\"(?is).*\\QDefinitely N...
14:05:43.636692 POST /session/7367f8b0-dd8c-4fc3-a42e-6565b2318bab/element [11.595542ms] ERR:404 body={"strategy":"-android uiautomator","selector":"new UiSelector().descriptionMatches(\"(?is).*\\QDefin...
14:05:43.646308 POST /session/7367f8b0-dd8c-4fc3-a42e-6565b2318bab/element [9.568083ms] ERR:404 body={"strategy":"-android uiautomator","selector":"new UiSelector().textContains(\"Definitely Not Here\"...
14:05:43.658326 POST /session/7367f8b0-dd8c-4fc3-a42e-6565b2318bab/element [11.964292ms] ERR:404 body={"strategy":"-android uiautomator","selector":"new UiSelector().descriptionContains(\"Definitely Not...
14:05:43.670596 POST /session/7367f8b0-dd8c-4fc3-a42e-6565b2318bab/element [12.218958ms] ERR:404 body={"strategy":"-android uiautomator","selector":"new UiSelector().textMatches(\"(?is).*\\QDefinitely N...
14:05:43.681138 POST /session/7367f8b0-dd8c-4fc3-a42e-6565b2318bab/element [10.485666ms] ERR:404 body={"strategy":"-android uiautomator","selector":"new UiSelector().descriptionMatches(\"(?is).*\\QDefin...
14:05:43.690548 POST /session/7367f8b0-dd8c-4fc3-a42e-6565b2318bab/element [9.351833ms] ERR:404 body={"strategy":"-android uiautomator","selector":"new UiSelector().textContains(\"Definitely Not Here\"...
14:05:43.699620 POST /session/7367f8b0-dd8c-4fc3-a42e-6565b2318bab/element [9.0315ms] ERR:404 body={"strategy":"-android uiautomator","selector":"new UiSelector().descriptionContains(\"Definitely Not...
14:05:43.711424 POST /session/7367f8b0-dd8c-4fc3-a42e-6565b2318bab/element [11.751583ms] ERR:404 body={"strategy":"-android uiautomator","selector":"new UiSelector().textMatches(\"(?is).*\\QDefinitely N...
14:05:43.722509 POST /session/7367f8b0-dd8c-4fc3-a42e-6565b2318bab/element [11.02775ms] ERR:404 body={"strategy":"-android uiautomator","selector":"new UiSelector().descriptionMatches(\"(?is).*\\QDefin...
14:05:43.735902 POST /session/7367f8b0-dd8c-4fc3-a42e-6565b2318bab/element [13.344417ms] ERR:404 body={"strategy":"-android uiautomator","selector":"new UiSelector().textContains(\"Definitely Not Here\"...
14:05:43.753200 POST /session/7367f8b0-dd8c-4fc3-a42e-6565b2318bab/element [17.181084ms] ERR:404 body={"strategy":"-android uiautomator","selector":"new UiSelector().descriptionContains(\"Definitely Not...
14:05:43.767243 POST /session/7367f8b0-dd8c-4fc3-a42e-6565b2318bab/element [13.985084ms] ERR:404 body={"strategy":"-android uiautomator","selector":"new UiSelector().textMatches(\"(?is).*\\QDefinitely N...
14:05:43.777511 POST /session/7367f8b0-dd8c-4fc3-a42e-6565b2318bab/element [10.1885ms] ERR:404 body={"strategy":"-android uiautomator","selector":"new UiSelector().descriptionMatches(\"(?is).*\\QDefin...
14:05:43.788354 POST /session/7367f8b0-dd8c-4fc3-a42e-6565b2318bab/element [10.769625ms] ERR:404 body={"strategy":"-android uiautomator","selector":"new UiSelector().textContains(\"Definitely Not Here\"...
14:05:43.800630 POST /session/7367f8b0-dd8c-4fc3-a42e-6565b2318bab/element [12.215833ms] ERR:404 body={"strategy":"-android uiautomator","selector":"new UiSelector().descriptionContains(\"Definitely Not...
14:05:43.814230 POST /session/7367f8b0-dd8c-4fc3-a42e-6565b2318bab/element [13.531541ms] ERR:404 body={"strategy":"-android uiautomator","selector":"new UiSelector().textMatches(\"(?is).*\\QDefinitely N...
14:05:43.825829 POST /session/7367f8b0-dd8c-4fc3-a42e-6565b2318bab/element [11.508375ms] ERR:404 body={"strategy":"-android uiautomator","selector":"new UiSelector().descriptionMatches(\"(?is).*\\QDefin...
14:05:43.835970 POST /session/7367f8b0-dd8c-4fc3-a42e-6565b2318bab/element [10.080916ms] ERR:404 body={"strategy":"-android uiautomator","selector":"new UiSelector().textContains(\"Definitely Not Here\"...
14:05:43.844721 POST /session/7367f8b0-dd8c-4fc3-a42e-6565b2318bab/element [8.6795ms] ERR:404 body={"strategy":"-android uiautomator","selector":"new UiSelector().descriptionContains(\"Definitely Not...
14:05:43.855670 POST /session/7367f8b0-dd8c-4fc3-a42e-6565b2318bab/element [10.879459ms] ERR:404 body={"strategy":"-android uiautomator","selector":"new UiSelector().textMatches(\"(?is).*\\QDefinitely N...
14:05:43.864964 POST /session/7367f8b0-dd8c-4fc3-a42e-6565b2318bab/element [9.242208ms] ERR:404 body={"strategy":"-android uiautomator","selector":"new UiSelector().descriptionMatches(\"(?is).*\\QDefin...
14:05:43.875156 POST /session/7367f8b0-dd8c-4fc3-a42e-6565b2318bab/element [10.139917ms] ERR:404 body={"strategy":"-android uiautomator","selector":"new UiSelector().textContains(\"Definitely Not Here\"...
14:05:43.884491 POST /session/7367f8b0-dd8c-4fc3-a42e-6565b2318bab/element [9.273834ms] ERR:404 body={"strategy":"-android uiautomator","selector":"new UiSelector().descriptionContains(\"Definitely Not...
14:05:43.893701 POST /session/7367f8b0-dd8c-4fc3-a42e-6565b2318bab/element [9.14825ms] ERR:404 body={"strategy":"-android uiautomator","selector":"new UiSelector().textMatches(\"(?is).*\\QDefinitely N...
14:05:43.905638 POST /session/7367f8b0-dd8c-4fc3-a42e-6565b2318bab/element [11.889458ms] ERR:404 body={"strategy":"-android uiautomator","selector":"new UiSelector().descriptionMatches(\"(?is).*\\QDefin...
14:05:43.917245 POST /session/7367f8b0-dd8c-4fc3-a42e-6565b2318bab/element [11.555708ms] ERR:404 body={"strategy":"-android uiautomator","selector":"new UiSelector().textContains(\"Definitely Not Here\"...
14:05:43.926838 POST /session/7367f8b0-dd8c-4fc3-a42e-6565b2318bab/element [9.406125ms] ERR:404 body={"strategy":"-android uiautomator","selector":"new UiSelector().descriptionContains(\"Definitely Not...
14:05:43.937162 POST /session/7367f8b0-dd8c-4fc3-a42e-6565b2318bab/element [10.267709ms] ERR:404 body={"strategy":"-android uiautomator","selector":"new UiSelector().textMatches(\"(?is).*\\QDefinitely N...
14:05:43.947678 POST /session/7367f8b0-dd8c-4fc3-a42e-6565b2318bab/element [10.463833ms] ERR:404 body={"strategy":"-android uiautomator","selector":"new UiSelector().descriptionMatches(\"(?is).*\\QDefin...
14:05:43.958900 POST /session/7367f8b0-dd8c-4fc3-a42e-6565b2318bab/element [11.170833ms] ERR:404 body={"strategy":"-android uiautomator","selector":"new UiSelector().textContains(\"Definitely Not Here\"...
14:05:43.967845 POST /session/7367f8b0-dd8c-4fc3-a42e-6565b2318bab/element [8.896375ms] ERR:404 body={"strategy":"-android uiautomator","selector":"new UiSelector().descriptionContains(\"Definitely Not...
14:05:43.977278 POST /session/7367f8b0-dd8c-4fc3-a42e-6565b2318bab/element [9.386125ms] ERR:404 body={"strategy":"-android uiautomator","selector":"new UiSelector().textMatches(\"(?is).*\\QDefinitely N...
14:05:43.986764 POST /session/7367f8b0-dd8c-4fc3-a42e-6565b2318bab/element [9.415667ms] ERR:404 body={"strategy":"-android uiautomator","selector":"new UiSelector().descriptionMatches(\"(?is).*\\QDefin...
14:05:43.995559 POST /session/7367f8b0-dd8c-4fc3-a42e-6565b2318bab/element [8.7495ms] ERR:404 body={"strategy":"-android uiautomator","selector":"new UiSelector().textContains(\"Definitely Not Here\"...
14:05:44.000398 POST /session/7367f8b0-dd8c-4fc3-a42e-6565b2318bab/element [4.797292ms] ERR:404 body={"strategy":"-android uiautomator","selector":"new UiSelector().descriptionContains(\"Definitely Not...
14:05:44.009361 POST /session/7367f8b0-dd8c-4fc3-a42e-6565b2318bab/element [8.9155ms] ERR:404 body={"strategy":"-android uiautomator","selector":"new UiSelector().textMatches(\"(?is).*\\QDefinitely N...
14:05:44.019234 POST /session/7367f8b0-dd8c-4fc3-a42e-6565b2318bab/element [9.838125ms] ERR:404 body={"strategy":"-android uiautomator","selector":"new UiSelector().descriptionMatches(\"(?is).*\\QDefin...
14:05:44.028319 POST /session/7367f8b0-dd8c-4fc3-a42e-6565b2318bab/element [9.020041ms] ERR:404 body={"strategy":"-android uiautomator","selector":"new UiSelector().textContains(\"Definitely Not Here\"...
14:05:44.037615 POST /session/7367f8b0-dd8c-4fc3-a42e-6565b2318bab/element [9.251417ms] ERR:404 body={"strategy":"-android uiautomator","selector":"new UiSelector().descriptionContains(\"Definitely Not...
14:05:44.047734 POST /session/7367f8b0-dd8c-4fc3-a42e-6565b2318bab/element [10.067458ms] ERR:404 body={"strategy":"-android uiautomator","selector":"new UiSelector().textMatches(\"(?is).*\\QDefinitely N...
14:05:44.055429 POST /session/7367f8b0-dd8c-4fc3-a42e-6565b2318bab/element [7.623708ms] ERR:404 body={"strategy":"-android uiautomator","selector":"new UiSelector().descriptionMatches(\"(?is).*\\QDefin...
14:05:44.064813 POST /session/7367f8b0-dd8c-4fc3-a42e-6565b2318bab/element [9.333416ms] ERR:404 body={"strategy":"-android uiautomator","selector":"new UiSelector().textContains(\"Definitely Not Here\"...
14:05:44.073167 POST /session/7367f8b0-dd8c-4fc3-a42e-6565b2318bab/element [8.309959ms] ERR:404 body={"strategy":"-android uiautomator","selector":"new UiSelector().descriptionContains(\"Definitely Not...
14:05:44.082149 POST /session/7367f8b0-dd8c-4fc3-a42e-6565b2318bab/element [8.935958ms] ERR:404 body={"strategy":"-android uiautomator","selector":"new UiSelector().textMatches(\"(?is).*\\QDefinitely N...
14:05:44.092333 POST /session/7367f8b0-dd8c-4fc3-a42e-6565b2318bab/element [10.128208ms] ERR:404 body={"strategy":"-android uiautomator","selector":"new UiSelector().descriptionMatches(\"(?is).*\\QDefin...
14:05:44.101263 POST /session/7367f8b0-dd8c-4fc3-a42e-6565b2318bab/element [8.876708ms] ERR:404 body={"strategy":"-android uiautomator","selector":"new UiSelector().textContains(\"Definitely Not Here\"...
14:05:44.109778 POST /session/7367f8b0-dd8c-4fc3-a42e-6565b2318bab/element [8.454625ms] ERR:404 body={"strategy":"-android uiautomator","selector":"new UiSelector().descriptionContains(\"Definitely Not...
14:05:44.120920 POST /session/7367f8b0-dd8c-4fc3-a42e-6565b2318bab/element [11.078875ms] ERR:404 body={"strategy":"-android uiautomator","selector":"new UiSelector().textMatches(\"(?is).*\\QDefinitely N...
14:05:44.130565 POST /session/7367f8b0-dd8c-4fc3-a42e-6565b2318bab/element [9.575333ms] ERR:404 body={"strategy":"-android uiautomator","selector":"new UiSelector().descriptionMatches(\"(?is).*\\QDefin...
14:05:44.143321 POST /session/7367f8b0-dd8c-4fc3-a42e-6565b2318bab/element [12.6755ms] ERR:404 body={"strategy":"-android uiautomator","selector":"new UiSelector().textContains(\"Definitely Not Here\"...
14:05:44.156139 POST /session/7367f8b0-dd8c-4fc3-a42e-6565b2318bab/element [12.755ms] ERR:404 body={"strategy":"-android uiautomator","selector":"new UiSelector().descriptionContains(\"Definitely Not...
14:05:44.166661 POST /session/7367f8b0-dd8c-4fc3-a42e-6565b2318bab/element [10.466042ms] ERR:404 body={"strategy":"-android uiautomator","selector":"new UiSelector().textMatches(\"(?is).*\\QDefinitely N...
14:05:44.174621 POST /session/7367f8b0-dd8c-4fc3-a42e-6565b2318bab/element [7.910041ms] ERR:404 body={"strategy":"-android uiautomator","selector":"new UiSelector().descriptionMatches(\"(?is).*\\QDefin...
14:05:44.181891 POST /session/7367f8b0-dd8c-4fc3-a42e-6565b2318bab/element [7.215792ms] ERR:404 body={"strategy":"-android uiautomator","selector":"new UiSelector().textContains(\"Definitely Not Here\"...
14:05:44.192445 POST /session/7367f8b0-dd8c-4fc3-a42e-6565b2318bab/element [10.488ms] ERR:404 body={"strategy":"-android uiautomator","selector":"new UiSelector().descriptionContains(\"Definitely Not...
14:05:44.205390 POST /session/7367f8b0-dd8c-4fc3-a42e-6565b2318bab/element [12.879667ms] ERR:404 body={"strategy":"-android uiautomator","selector":"new UiSelector().textMatches(\"(?is).*\\QDefinitely N...
14:05:44.215533 POST /session/7367f8b0-dd8c-4fc3-a42e-6565b2318bab/element [10.066125ms] ERR:404 body={"strategy":"-android uiautomator","selector":"new UiSelector().descriptionMatches(\"(?is).*\\QDefin...
14:05:44.231971 POST /session/7367f8b0-dd8c-4fc3-a42e-6565b2318bab/element [16.323834ms] ERR:404 body={"strategy":"-android uiautomator","selector":"new UiSelector().textContains(\"Definitely Not Here\"...
14:05:44.241306 POST /session/7367f8b0-dd8c-4fc3-a42e-6565b2318bab/element [9.281167ms] ERR:404 body={"strategy":"-android uiautomator","selector":"new UiSelector().descriptionContains(\"Definitely Not...
14:05:44.251046 POST /session/7367f8b0-dd8c-4fc3-a42e-6565b2318bab/element [9.692416ms] ERR:404 body={"strategy":"-android uiautomator","selector":"new UiSelector().textMatches(\"(?is).*\\QDefinitely N...
14:05:44.260232 POST /session/7367f8b0-dd8c-4fc3-a42e-6565b2318bab/element [9.096167ms] ERR:404 body={"strategy":"-android uiautomator","selector":"new UiSelector().descriptionMatches(\"(?is).*\\QDefin...
14:05:44.270153 POST /session/7367f8b0-dd8c-4fc3-a42e-6565b2318bab/element [9.873708ms] ERR:404 body={"strategy":"-android uiautomator","selector":"new UiSelector().textContains(\"Definitely Not Here\"...
14:05:44.279591 POST /session/7367f8b0-dd8c-4fc3-a42e-6565b2318bab/element [9.385292ms] ERR:404 body={"strategy":"-android uiautomator","selector":"new UiSelector().descriptionContains(\"Definitely Not...
14:05:44.288392 POST /session/7367f8b0-dd8c-4fc3-a42e-6565b2318bab/element [8.753458ms] ERR:404 body={"strategy":"-android uiautomator","selector":"new UiSelector().textMatches(\"(?is).*\\QDefinitely N...
14:05:44.296962 POST /session/7367f8b0-dd8c-4fc3-a42e-6565b2318bab/element [8.519458ms] ERR:404 body={"strategy":"-android uiautomator","selector":"new UiSelector().descriptionMatches(\"(?is).*\\QDefin...
14:05:44.305635 POST /session/7367f8b0-dd8c-4fc3-a42e-6565b2318bab/element [8.628416ms] ERR:404 body={"strategy":"-android uiautomator","selector":"new UiSelector().textContains(\"Definitely Not Here\"...
14:05:44.313711 POST /session/7367f8b0-dd8c-4fc3-a42e-6565b2318bab/element [8.030042ms] ERR:404 body={"strategy":"-android uiautomator","selector":"new UiSelector().descriptionContains(\"Definitely Not...
14:05:44.323595 POST /session/7367f8b0-dd8c-4fc3-a42e-6565b2318bab/element [9.831042ms] ERR:404 body={"strategy":"-android uiautomator","selector":"new UiSelector().textMatches(\"(?is).*\\QDefinitely N...
14:05:44.333153 POST /session/7367f8b0-dd8c-4fc3-a42e-6565b2318bab/element [9.507042ms] ERR:404 body={"strategy":"-android uiautomator","selector":"new UiSelector().descriptionMatches(\"(?is).*\\QDefin...
14:05:44.342402 POST /session/7367f8b0-dd8c-4fc3-a42e-6565b2318bab/element [9.198042ms] ERR:404 body={"strategy":"-android uiautomator","selector":"new UiSelector().textContains(\"Definitely Not Here\"...
14:05:44.351996 POST /session/7367f8b0-dd8c-4fc3-a42e-6565b2318bab/element [9.537083ms] ERR:404 body={"strategy":"-android uiautomator","selector":"new UiSelector().descriptionContains(\"Definitely Not...
14:05:44.361043 POST /session/7367f8b0-dd8c-4fc3-a42e-6565b2318bab/element [8.996583ms] ERR:404 body={"strategy":"-android uiautomator","selector":"new UiSelector().textMatches(\"(?is).*\\QDefinitely N...
14:05:44.368971 POST /session/7367f8b0-dd8c-4fc3-a42e-6565b2318bab/element [7.858ms] ERR:404 body={"strategy":"-android uiautomator","selector":"new UiSelector().descriptionMatches(\"(?is).*\\QDefin...
14:05:44.381684 POST /session/7367f8b0-dd8c-4fc3-a42e-6565b2318bab/element [12.651958ms] ERR:404 body={"strategy":"-android uiautomator","selector":"new UiSelector().textContains(\"Definitely Not Here\"...
14:05:44.393250 POST /session/7367f8b0-dd8c-4fc3-a42e-6565b2318bab/element [11.509791ms] ERR:404 body={"strategy":"-android uiautomator","selector":"new UiSelector().descriptionContains(\"Definitely Not...
14:05:44.402475 POST /session/7367f8b0-dd8c-4fc3-a42e-6565b2318bab/element [9.175292ms] ERR:404 body={"strategy":"-android uiautomator","selector":"new UiSelector().textMatches(\"(?is).*\\QDefinitely N...
14:05:44.412660 POST /session/7367f8b0-dd8c-4fc3-a42e-6565b2318bab/element [10.122875ms] ERR:404 body={"strategy":"-android uiautomator","selector":"new UiSelector().descriptionMatches(\"(?is).*\\QDefin...
14:05:44.423724 POST /session/7367f8b0-dd8c-4fc3-a42e-6565b2318bab/element [11.01475ms] ERR:404 body={"strategy":"-android uiautomator","selector":"new UiSelector().textContains(\"Definitely Not Here\"...
14:05:44.433193 POST /session/7367f8b0-dd8c-4fc3-a42e-6565b2318bab/element [9.427291ms] ERR:404 body={"strategy":"-android uiautomator","selector":"new UiSelector().descriptionContains(\"Definitely Not...
14:05:44.442556 POST /session/7367f8b0-dd8c-4fc3-a42e-6565b2318bab/element [9.318875ms] ERR:404 body={"strategy":"-android uiautomator","selector":"new UiSelector().textMatches(\"(?is).*\\QDefinitely N...
14:05:44.453407 POST /session/7367f8b0-dd8c-4fc3-a42e-6565b2318bab/element [10.8095ms] ERR:404 body={"strategy":"-android uiautomator","selector":"new UiSelector().descriptionMatches(\"(?is).*\\QDefin...
14:05:44.464873 POST /session/7367f8b0-dd8c-4fc3-a42e-6565b2318bab/element [11.418334ms] ERR:404 body={"strategy":"-android uiautomator","selector":"new UiSelector().textContains(\"Definitely Not Here\"...
14:05:44.476021 POST /session/7367f8b0-dd8c-4fc3-a42e-6565b2318bab/element [11.103ms] ERR:404 body={"strategy":"-android uiautomator","selector":"new UiSelector().descriptionContains(\"Definitely Not...
14:05:44.486305 POST /session/7367f8b0-dd8c-4fc3-a42e-6565b2318bab/element [10.234667ms] ERR:404 body={"strategy":"-android uiautomator","selector":"new UiSelector().textMatches(\"(?is).*\\QDefinitely N...
14:05:44.497078 POST /session/7367f8b0-dd8c-4fc3-a42e-6565b2318bab/element [10.723583ms] ERR:404 body={"strategy":"-android uiautomator","selector":"new UiSelector().descriptionMatches(\"(?is).*\\QDefin...
14:05:44.502164 POST /session/7367f8b0-dd8c-4fc3-a42e-6565b2318bab/element [5.03675ms] ERR:404 body={"strategy":"-android uiautomator","selector":"new UiSelector().textContains(\"Definitely Not Here\"...
14:05:44.511297 POST /session/7367f8b0-dd8c-4fc3-a42e-6565b2318bab/element [9.049334ms] ERR:404 body={"strategy":"-android uiautomator","selector":"new UiSelector().descriptionContains(\"Definitely Not...
14:05:44.524697 POST /session/7367f8b0-dd8c-4fc3-a42e-6565b2318bab/element [13.334375ms] ERR:404 body={"strategy":"-android uiautomator","selector":"new UiSelector().textMatches(\"(?is).*\\QDefinitely N...
14:05:44.535010 POST /session/7367f8b0-dd8c-4fc3-a42e-6565b2318bab/element [10.261417ms] ERR:404 body={"strategy":"-android uiautomator","selector":"new UiSelector().descriptionMatches(\"(?is).*\\QDefin...
14:05:44.545510 POST /session/7367f8b0-dd8c-4fc3-a42e-6565b2318bab/element [10.44575ms] ERR:404 body={"strategy":"-android uiautomator","selector":"new UiSelector().textContains(\"Definitely Not Here\"...
14:05:44.556960 POST /session/7367f8b0-dd8c-4fc3-a42e-6565b2318bab/element [11.404334ms] ERR:404 body={"strategy":"-android uiautomator","selector":"new UiSelector().descriptionContains(\"Definitely Not...
14:05:44.567598 POST /session/7367f8b0-dd8c-4fc3-a42e-6565b2318bab/element [10.594792ms] ERR:404 body={"strategy":"-android uiautomator","selector":"new UiSelector().textMatches(\"(?is).*\\QDefinitely N...
14:05:44.579672 POST /session/7367f8b0-dd8c-4fc3-a42e-6565b2318bab/element [12.027583ms] ERR:404 body={"strategy":"-android uiautomator","selector":"new UiSelector().descriptionMatches(\"(?is).*\\QDefin...
14:05:44.594090 POST /session/7367f8b0-dd8c-4fc3-a42e-6565b2318bab/element [14.362917ms] ERR:404 body={"strategy":"-android uiautomator","selector":"new UiSelector().textContains(\"Definitely Not Here\"...
14:05:44.603558 POST /session/7367f8b0-dd8c-4fc3-a42e-6565b2318bab/element [9.395916ms] ERR:404 body={"strategy":"-android uiautomator","selector":"new UiSelector().descriptionContains(\"Definitely Not...
14:05:44.617347 POST /session/7367f8b0-dd8c-4fc3-a42e-6565b2318bab/element [13.748333ms] ERR:404 body={"strategy":"-android uiautomator","selector":"new UiSelector().textMatches(\"(?is).*\\QDefinitely N...
14:05:44.631282 POST /session/7367f8b0-dd8c-4fc3-a42e-6565b2318bab/element [13.890375ms] ERR:404 body={"strategy":"-android uiautomator","selector":"new UiSelector().descriptionMatches(\"(?is).*\\QDefin...
14:05:44.641358 POST /session/7367f8b0-dd8c-4fc3-a42e-6565b2318bab/element [10.018291ms] ERR:404 body={"strategy":"-android uiautomator","selector":"new UiSelector().textContains(\"Definitely Not Here\"...
14:05:44.651123 POST /session/7367f8b0-dd8c-4fc3-a42e-6565b2318bab/element [9.720458ms] ERR:404 body={"strategy":"-android uiautomator","selector":"new UiSelector().descriptionContains(\"Definitely Not...
14:05:44.659234 POST /session/7367f8b0-dd8c-4fc3-a42e-6565b2318bab/element [8.066208ms] ERR:404 body={"strategy":"-android uiautomator","selector":"new UiSelector().textMatches(\"(?is).*\\QDefinitely N...
14:05:44.668947 POST /session/7367f8b0-dd8c-4fc3-a42e-6565b2318bab/element [9.672375ms] ERR:404 body={"strategy":"-android uiautomator","selector":"new UiSelector().descriptionMatches(\"(?is).*\\QDefin...
14:05:44.677882 POST /session/7367f8b0-dd8c-4fc3-a42e-6565b2318bab/element [8.894625ms] ERR:404 body={"strategy":"-android uiautomator","selector":"new UiSelector().textContains(\"Definitely Not Here\"...
14:05:44.686508 POST /session/7367f8b0-dd8c-4fc3-a42e-6565b2318bab/element [8.579167ms] ERR:404 body={"strategy":"-android uiautomator","selector":"new UiSelector().descriptionContains(\"Definitely Not...
14:05:44.695583 POST /session/7367f8b0-dd8c-4fc3-a42e-6565b2318bab/element [9.030583ms] ERR:404 body={"strategy":"-android uiautomator","selector":"new UiSelector().textMatches(\"(?is).*\\QDefinitely N...
14:05:44.702092 POST /session/7367f8b0-dd8c-4fc3-a42e-6565b2318bab/element [6.470375ms] ERR:404 body={"strategy":"-android uiautomator","selector":"new UiSelector().descriptionMatches(\"(?is).*\\QDefin...
14:05:44.714200 POST /session/7367f8b0-dd8c-4fc3-a42e-6565b2318bab/element [12.065ms] ERR:404 body={"strategy":"-android uiautomator","selector":"new UiSelector().textContains(\"Definitely Not Here\"...
14:05:44.725425 POST /session/7367f8b0-dd8c-4fc3-a42e-6565b2318bab/element [11.178917ms] ERR:404 body={"strategy":"-android uiautomator","selector":"new UiSelector().descriptionContains(\"Definitely Not...
14:05:44.734606 POST /session/7367f8b0-dd8c-4fc3-a42e-6565b2318bab/element [9.141875ms] ERR:404 body={"strategy":"-android uiautomator","selector":"new UiSelector().textMatches(\"(?is).*\\QDefinitely N...
14:05:44.745152 POST /session/7367f8b0-dd8c-4fc3-a42e-6565b2318bab/element [10.435375ms] ERR:404 body={"strategy":"-android uiautomator","selector":"new UiSelector().descriptionMatches(\"(?is).*\\QDefin...
14:05:44.754765 POST /session/7367f8b0-dd8c-4fc3-a42e-6565b2318bab/element [9.55475ms] ERR:404 body={"strategy":"-android uiautomator","selector":"new UiSelector().textContains(\"Definitely Not Here\"...
14:05:44.766364 POST /session/7367f8b0-dd8c-4fc3-a42e-6565b2318bab/element [11.551916ms] ERR:404 body={"strategy":"-android uiautomator","selector":"new UiSelector().descriptionContains(\"Definitely Not...
14:05:44.775912 POST /session/7367f8b0-dd8c-4fc3-a42e-6565b2318bab/element [9.493834ms] ERR:404 body={"strategy":"-android uiautomator","selector":"new UiSelector().textMatches(\"(?is).*\\QDefinitely N...
14:05:44.785960 POST /session/7367f8b0-dd8c-4fc3-a42e-6565b2318bab/element [9.999375ms] ERR:404 body={"strategy":"-android uiautomator","selector":"new UiSelector().descriptionMatches(\"(?is).*\\QDefin...
14:05:44.797397 POST /session/7367f8b0-dd8c-4fc3-a42e-6565b2318bab/element [11.389959ms] ERR:404 body={"strategy":"-android uiautomator","selector":"new UiSelector().textContains(\"Definitely Not Here\"...
14:05:44.807272 POST /session/7367f8b0-dd8c-4fc3-a42e-6565b2318bab/element [9.813625ms] ERR:404 body={"strategy":"-android uiautomator","selector":"new UiSelector().descriptionContains(\"Definitely Not...
14:05:44.821966 POST /session/7367f8b0-dd8c-4fc3-a42e-6565b2318bab/element [14.64475ms] ERR:404 body={"strategy":"-android uiautomator","selector":"new UiSelector().textMatches(\"(?is).*\\QDefinitely N...
14:05:44.833852 POST /session/7367f8b0-dd8c-4fc3-a42e-6565b2318bab/element [11.826417ms] ERR:404 body={"strategy":"-android uiautomator","selector":"new UiSelector().descriptionMatches(\"(?is).*\\QDefin...
14:05:44.845776 POST /session/7367f8b0-dd8c-4fc3-a42e-6565b2318bab/element [11.6425ms] ERR:404 body={"strategy":"-android uiautomator","selector":"new UiSelector().textContains(\"Definitely Not Here\"...
14:05:44.859196 POST /session/7367f8b0-dd8c-4fc3-a42e-6565b2318bab/element [13.301792ms] ERR:404 body={"strategy":"-android uiautomator","selector":"new UiSelector().descriptionContains(\"Definitely Not...
14:05:44.869535 POST /session/7367f8b0-dd8c-4fc3-a42e-6565b2318bab/element [10.277541ms] ERR:404 body={"strategy":"-android uiautomator","selector":"new UiSelector().textMatches(\"(?is).*\\QDefinitely N...
14:05:44.881702 POST /session/7367f8b0-dd8c-4fc3-a42e-6565b2318bab/element [12.110416ms] ERR:404 body={"strategy":"-android uiautomator","selector":"new UiSelector().descriptionMatches(\"(?is).*\\QDefin...
14:05:44.892262 POST /session/7367f8b0-dd8c-4fc3-a42e-6565b2318bab/element [10.506583ms] ERR:404 body={"strategy":"-android uiautomator","selector":"new UiSelector().textContains(\"Definitely Not Here\"...
14:05:44.901404 POST /session/7367f8b0-dd8c-4fc3-a42e-6565b2318bab/element [9.059292ms] ERR:404 body={"strategy":"-android uiautomator","selector":"new UiSelector().descriptionContains(\"Definitely Not...
14:05:44.916695 POST /session/7367f8b0-dd8c-4fc3-a42e-6565b2318bab/element [15.242333ms] ERR:404 body={"strategy":"-android uiautomator","selector":"new UiSelector().textMatches(\"(?is).*\\QDefinitely N...
14:05:44.926823 POST /session/7367f8b0-dd8c-4fc3-a42e-6565b2318bab/element [10.070792ms] ERR:404 body={"strategy":"-android uiautomator","selector":"new UiSelector().descriptionMatches(\"(?is).*\\QDefin...
14:05:44.936982 POST /session/7367f8b0-dd8c-4fc3-a42e-6565b2318bab/element [10.090375ms] ERR:404 body={"strategy":"-android uiautomator","selector":"new UiSelector().textContains(\"Definitely Not Here\"...
14:05:44.948211 POST /session/7367f8b0-dd8c-4fc3-a42e-6565b2318bab/element [11.178083ms] ERR:404 body={"strategy":"-android uiautomator","selector":"new UiSelector().descriptionContains(\"Definitely Not...
14:05:44.960608 POST /session/7367f8b0-dd8c-4fc3-a42e-6565b2318bab/element [12.342958ms] ERR:404 body={"strategy":"-android uiautomator","selector":"new UiSelector().textMatches(\"(?is).*\\QDefinitely N...
14:05:44.972021 POST /session/7367f8b0-dd8c-4fc3-a42e-6565b2318bab/element [11.362417ms] ERR:404 body={"strategy":"-android uiautomator","selector":"new UiSelector().descriptionMatches(\"(?is).*\\QDefin...
14:05:44.984227 POST /session/7367f8b0-dd8c-4fc3-a42e-6565b2318bab/element [12.147875ms] ERR:404 body={"strategy":"-android uiautomator","selector":"new UiSelector().textContains(\"Definitely Not Here\"...
14:05:44.995622 POST /session/7367f8b0-dd8c-4fc3-a42e-6565b2318bab/element [11.339ms] ERR:404 body={"strategy":"-android uiautomator","selector":"new UiSelector().descriptionContains(\"Definitely Not...
14:05:45.008760 POST /session/7367f8b0-dd8c-4fc3-a42e-6565b2318bab/element [13.090917ms] ERR:404 body={"strategy":"-android uiautomator","selector":"new UiSelector().textMatches(\"(?is).*\\QDefinitely N...
14:05:45.018338 POST /session/7367f8b0-dd8c-4fc3-a42e-6565b2318bab/element [9.525416ms] ERR:404 body={"strategy":"-android uiautomator","selector":"new UiSelector().descriptionMatches(\"(?is).*\\QDefin...
14:05:45.030695 POST /session/7367f8b0-dd8c-4fc3-a42e-6565b2318bab/element [12.304ms] ERR:404 body={"strategy":"-android uiautomator","selector":"new UiSelector().textContains(\"Definitely Not Here\"...
14:05:45.041639 POST /session/7367f8b0-dd8c-4fc3-a42e-6565b2318bab/element [10.888584ms] ERR:404 body={"strategy":"-android uiautomator","selector":"new UiSelector().descriptionContains(\"Definitely Not...
14:05:45.051307 POST /session/7367f8b0-dd8c-4fc3-a42e-6565b2318bab/element [9.603583ms] ERR:404 body={"strategy":"-android uiautomator","selector":"new UiSelector().textMatches(\"(?is).*\\QDefinitely N...
14:05:45.060572 POST /session/7367f8b0-dd8c-4fc3-a42e-6565b2318bab/element [9.210542ms] ERR:404 body={"strategy":"-android uiautomator","selector":"new UiSelector().descriptionMatches(\"(?is).*\\QDefin...
14:05:45.071358 POST /session/7367f8b0-dd8c-4fc3-a42e-6565b2318bab/element [10.711875ms] ERR:404 body={"strategy":"-android uiautomator","selector":"new UiSelector().textContains(\"Definitely Not Here\"...
14:05:45.079067 POST /session/7367f8b0-dd8c-4fc3-a42e-6565b2318bab/element [7.659541ms] ERR:404 body={"strategy":"-android uiautomator","selector":"new UiSelector().descriptionContains(\"Definitely Not...
14:05:45.090701 POST /session/7367f8b0-dd8c-4fc3-a42e-6565b2318bab/element [11.583708ms] ERR:404 body={"strategy":"-android uiautomator","selector":"new UiSelector().textMatches(\"(?is).*\\QDefinitely N...
14:05:45.100300 POST /session/7367f8b0-dd8c-4fc3-a42e-6565b2318bab/element [9.545292ms] ERR:404 body={"strategy":"-android uiautomator","selector":"new UiSelector().descriptionMatches(\"(?is).*\\QDefin...
14:05:45.109256 POST /session/7367f8b0-dd8c-4fc3-a42e-6565b2318bab/element [8.904084ms] ERR:404 body={"strategy":"-android uiautomator","selector":"new UiSelector().textContains(\"Definitely Not Here\"...
14:05:45.119007 POST /session/7367f8b0-dd8c-4fc3-a42e-6565b2318bab/element [9.697625ms] ERR:404 body={"strategy":"-android uiautomator","selector":"new UiSelector().descriptionContains(\"Definitely Not...
14:05:45.130067 POST /session/7367f8b0-dd8c-4fc3-a42e-6565b2318bab/element [11.004083ms] ERR:404 body={"strategy":"-android uiautomator","selector":"new UiSelector().textMatches(\"(?is).*\\QDefinitely N...
14:05:45.138402 POST /session/7367f8b0-dd8c-4fc3-a42e-6565b2318bab/element [8.254875ms] ERR:404 body={"strategy":"-android uiautomator","selector":"new UiSelector().descriptionMatches(\"(?is).*\\QDefin...
14:05:45.149200 POST /session/7367f8b0-dd8c-4fc3-a42e-6565b2318bab/element [10.71425ms] ERR:404 body={"strategy":"-android uiautomator","selector":"new UiSelector().textContains(\"Definitely Not Here\"...
14:05:45.157547 POST /session/7367f8b0-dd8c-4fc3-a42e-6565b2318bab/element [8.277917ms] ERR:404 body={"strategy":"-android uiautomator","selector":"new UiSelector().descriptionContains(\"Definitely Not...
14:05:45.167885 POST /session/7367f8b0-dd8c-4fc3-a42e-6565b2318bab/element [10.293334ms] ERR:404 body={"strategy":"-android uiautomator","selector":"new UiSelector().textMatches(\"(?is).*\\QDefinitely N...
14:05:45.179393 POST /session/7367f8b0-dd8c-4fc3-a42e-6565b2318bab/element [11.459042ms] ERR:404 body={"strategy":"-android uiautomator","selector":"new UiSelector().descriptionMatches(\"(?is).*\\QDefin...
14:05:45.188827 POST /session/7367f8b0-dd8c-4fc3-a42e-6565b2318bab/element [9.37575ms] ERR:404 body={"strategy":"-android uiautomator","selector":"new UiSelector().textContains(\"Definitely Not Here\"...
14:05:45.198892 POST /session/7367f8b0-dd8c-4fc3-a42e-6565b2318bab/element [9.988292ms] ERR:404 body={"strategy":"-android uiautomator","selector":"new UiSelector().descriptionContains(\"Definitely Not...
14:05:45.211083 POST /session/7367f8b0-dd8c-4fc3-a42e-6565b2318bab/element [12.120292ms] ERR:404 body={"strategy":"-android uiautomator","selector":"new UiSelector().textMatches(\"(?is).*\\QDefinitely N...
14:05:45.223538 POST /session/7367f8b0-dd8c-4fc3-a42e-6565b2318bab/element [12.386041ms] ERR:404 body={"strategy":"-android uiautomator","selector":"new UiSelector().descriptionMatches(\"(?is).*\\QDefin...
14:05:45.231748 POST /session/7367f8b0-dd8c-4fc3-a42e-6565b2318bab/element [8.106417ms] ERR:404 body={"strategy":"-android uiautomator","selector":"new UiSelector().textContains(\"Definitely Not Here\"...
14:05:45.239835 POST /session/7367f8b0-dd8c-4fc3-a42e-6565b2318bab/element [8.030875ms] ERR:404 body={"strategy":"-android uiautomator","selector":"new UiSelector().descriptionContains(\"Definitely Not...
14:05:45.250796 POST /session/7367f8b0-dd8c-4fc3-a42e-6565b2318bab/element [10.909792ms] ERR:404 body={"strategy":"-android uiautomator","selector":"new UiSelector().textMatches(\"(?is).*\\QDefinitely N...
14:05:45.257993 POST /session/7367f8b0-dd8c-4fc3-a42e-6565b2318bab/element [7.133416ms] ERR:404 body={"strategy":"-android uiautomator","selector":"new UiSelector().descriptionMatches(\"(?is).*\\QDefin...
14:05:45.271421 POST /session/7367f8b0-dd8c-4fc3-a42e-6565b2318bab/element [13.376125ms] ERR:404 body={"strategy":"-android uiautomator","selector":"new UiSelector().textContains(\"Definitely Not Here\"...
14:05:45.283185 POST /session/7367f8b0-dd8c-4fc3-a42e-6565b2318bab/element [11.711334ms] ERR:404 body={"strategy":"-android uiautomator","selector":"new UiSelector().descriptionContains(\"Definitely Not...
14:05:45.293830 POST /session/7367f8b0-dd8c-4fc3-a42e-6565b2318bab/element [10.587917ms] ERR:404 body={"strategy":"-android uiautomator","selector":"new UiSelector().textMatches(\"(?is).*\\QDefinitely N...
14:05:45.306602 POST /session/7367f8b0-dd8c-4fc3-a42e-6565b2318bab/element [11.975292ms] ERR:404 body={"strategy":"-android uiautomator","selector":"new UiSelector().descriptionMatches(\"(?is).*\\QDefin...
14:05:45.315269 POST /session/7367f8b0-dd8c-4fc3-a42e-6565b2318bab/element [8.615417ms] ERR:404 body={"strategy":"-android uiautomator","selector":"new UiSelector().textContains(\"Definitely Not Here\"...
14:05:45.331812 POST /session/7367f8b0-dd8c-4fc3-a42e-6565b2318bab/element [16.485791ms] ERR:404 body={"strategy":"-android uiautomator","selector":"new UiSelector().descriptionContains(\"Definitely Not...
14:05:45.343195 POST /session/7367f8b0-dd8c-4fc3-a42e-6565b2318bab/element [11.308416ms] ERR:404 body={"strategy":"-android uiautomator","selector":"new UiSelector().textMatches(\"(?is).*\\QDefinitely N...
14:05:45.352035 POST /session/7367f8b0-dd8c-4fc3-a42e-6565b2318bab/element [8.784833ms] ERR:404 body={"strategy":"-android uiautomator","selector":"new UiSelector().descriptionMatches(\"(?is).*\\QDefin...
14:05:45.361860 POST /session/7367f8b0-dd8c-4fc3-a42e-6565b2318bab/element [9.75575ms] ERR:404 body={"strategy":"-android uiautomator","selector":"new UiSelector().textContains(\"Definitely Not Here\"...
14:05:45.373201 POST /session/7367f8b0-dd8c-4fc3-a42e-6565b2318bab/element [11.283083ms] ERR:404 body={"strategy":"-android uiautomator","selector":"new UiSelector().descriptionContains(\"Definitely Not...
14:05:45.383801 POST /session/7367f8b0-dd8c-4fc3-a42e-6565b2318bab/element [10.543875ms] ERR:404 body={"strategy":"-android uiautomator","selector":"new UiSelector().textMatches(\"(?is).*\\QDefinitely N...
14:05:45.397326 POST /session/7367f8b0-dd8c-4fc3-a42e-6565b2318bab/element [13.467292ms] ERR:404 body={"strategy":"-android uiautomator","selector":"new UiSelector().descriptionMatches(\"(?is).*\\QDefin...
14:05:45.408563 POST /session/7367f8b0-dd8c-4fc3-a42e-6565b2318bab/element [11.167583ms] ERR:404 body={"strategy":"-android uiautomator","selector":"new UiSelector().textContains(\"Definitely Not Here\"...
14:05:45.419077 POST /session/7367f8b0-dd8c-4fc3-a42e-6565b2318bab/element [10.43575ms] ERR:404 body={"strategy":"-android uiautomator","selector":"new UiSelector().descriptionContains(\"Definitely Not...
14:05:45.435566 POST /session/7367f8b0-dd8c-4fc3-a42e-6565b2318bab/element [16.382917ms] ERR:404 body={"strategy":"-android uiautomator","selector":"new UiSelector().textMatches(\"(?is).*\\QDefinitely N...
14:05:45.453647 POST /session/7367f8b0-dd8c-4fc3-a42e-6565b2318bab/element [18.001833ms] ERR:404 body={"strategy":"-android uiautomator","selector":"new UiSelector().descriptionMatches(\"(?is).*\\QDefin...
14:05:45.465324 POST /session/7367f8b0-dd8c-4fc3-a42e-6565b2318bab/element [11.596916ms] ERR:404 body={"strategy":"-android uiautomator","selector":"new UiSelector().textContains(\"Definitely Not Here\"...
14:05:45.476224 POST /session/7367f8b0-dd8c-4fc3-a42e-6565b2318bab/element [10.835708ms] ERR:404 body={"strategy":"-android uiautomator","selector":"new UiSelector().descriptionContains(\"Definitely Not...
14:05:45.486276 POST /session/7367f8b0-dd8c-4fc3-a42e-6565b2318bab/element [9.985ms] ERR:404 body={"strategy":"-android uiautomator","selector":"new UiSelector().textMatches(\"(?is).*\\QDefinitely N...
14:05:45.496603 POST /session/7367f8b0-dd8c-4fc3-a42e-6565b2318bab/element [10.269959ms] ERR:404 body={"strategy":"-android uiautomator","selector":"new UiSelector().descriptionMatches(\"(?is).*\\QDefin...
14:05:45.513333 POST /session/7367f8b0-dd8c-4fc3-a42e-6565b2318bab/element [16.662292ms] ERR:404 body={"strategy":"-android uiautomator","selector":"new UiSelector().textContains(\"Definitely Not Here\"...
14:05:45.522961 POST /session/7367f8b0-dd8c-4fc3-a42e-6565b2318bab/element [9.567666ms] ERR:404 body={"strategy":"-android uiautomator","selector":"new UiSelector().descriptionContains(\"Definitely Not...
14:05:45.532926 POST /session/7367f8b0-dd8c-4fc3-a42e-6565b2318bab/element [9.893625ms] ERR:404 body={"strategy":"-android uiautomator","selector":"new UiSelector().textMatches(\"(?is).*\\QDefinitely N...
14:05:45.538623 POST /session/7367f8b0-dd8c-4fc3-a42e-6565b2318bab/element [5.643375ms] ERR:404 body={"strategy":"-android uiautomator","selector":"new UiSelector().descriptionMatches(\"(?is).*\\QDefin...
14:05:45.549619 POST /session/7367f8b0-dd8c-4fc3-a42e-6565b2318bab/element [10.846958ms] ERR:404 body={"strategy":"-android uiautomator","selector":"new UiSelector().textContains(\"Definitely Not Here\"...
14:05:45.565414 POST /session/7367f8b0-dd8c-4fc3-a42e-6565b2318bab/element [15.6835ms] ERR:404 body={"strategy":"-android uiautomator","selector":"new UiSelector().descriptionContains(\"Definitely Not...
14:05:45.575975 POST /session/7367f8b0-dd8c-4fc3-a42e-6565b2318bab/element [10.49575ms] ERR:404 body={"strategy":"-android uiautomator","selector":"new UiSelector().textMatches(\"(?is).*\\QDefinitely N...
14:05:45.584694 POST /session/7367f8b0-dd8c-4fc3-a42e-6565b2318bab/element [8.646167ms] ERR:404 body={"strategy":"-android uiautomator","selector":"new UiSelector().descriptionMatches(\"(?is).*\\QDefin...
14:05:45.595202 POST /session/7367f8b0-dd8c-4fc3-a42e-6565b2318bab/element [10.4185ms] ERR:404 body={"strategy":"-android uiautomator","selector":"new UiSelector().textContains(\"Definitely Not Here\"...
14:05:45.626621 POST /session/7367f8b0-dd8c-4fc3-a42e-6565b2318bab/element [31.361083ms] ERR:404 body={"strategy":"-android uiautomator","selector":"new UiSelector().descriptionContains(\"Definitely Not...
14:05:45.642584 POST /session/7367f8b0-dd8c-4fc3-a42e-6565b2318bab/element [15.894083ms] ERR:404 body={"strategy":"-android uiautomator","selector":"new UiSelector().textMatches(\"(?is).*\\QDefinitely N...
14:05:45.661292 POST /session/7367f8b0-dd8c-4fc3-a42e-6565b2318bab/element [18.633375ms] ERR:404 body={"strategy":"-android uiautomator","selector":"new UiSelector().descriptionMatches(\"(?is).*\\QDefin...
14:05:45.674375 POST /session/7367f8b0-dd8c-4fc3-a42e-6565b2318bab/element [13.022625ms] ERR:404 body={"strategy":"-android uiautomator","selector":"new UiSelector().textContains(\"Definitely Not Here\"...
14:05:45.683554 POST /session/7367f8b0-dd8c-4fc3-a42e-6565b2318bab/element [9.123833ms] ERR:404 body={"strategy":"-android uiautomator","selector":"new UiSelector().descriptionContains(\"Definitely Not...
14:05:45.695873 POST /session/7367f8b0-dd8c-4fc3-a42e-6565b2318bab/element [12.251625ms] ERR:404 body={"strategy":"-android uiautomator","selector":"new UiSelector().textMatches(\"(?is).*\\QDefinitely N...
14:05:45.710404 POST /session/7367f8b0-dd8c-4fc3-a42e-6565b2318bab/element [14.471167ms] ERR:404 body={"strategy":"-android uiautomator","selector":"new UiSelector().descriptionMatches(\"(?is).*\\QDefin...
14:05:45.720050 POST /session/7367f8b0-dd8c-4fc3-a42e-6565b2318bab/element [9.580041ms] ERR:404 body={"strategy":"-android uiautomator","selector":"new UiSelector().textContains(\"Definitely Not Here\"...
14:05:45.737563 POST /session/7367f8b0-dd8c-4fc3-a42e-6565b2318bab/element [17.343708ms] ERR:404 body={"strategy":"-android uiautomator","selector":"new UiSelector().descriptionContains(\"Definitely Not...
14:05:45.749927 POST /session/7367f8b0-dd8c-4fc3-a42e-6565b2318bab/element [12.284916ms] ERR:404 body={"strategy":"-android uiautomator","selector":"new UiSelector().textMatches(\"(?is).*\\QDefinitely N...
14:05:45.762346 POST /session/7367f8b0-dd8c-4fc3-a42e-6565b2318bab/element [12.358542ms] ERR:404 body={"strategy":"-android uiautomator","selector":"new UiSelector().descriptionMatches(\"(?is).*\\QDefin...
14:05:45.784865 POST /session/7367f8b0-dd8c-4fc3-a42e-6565b2318bab/element [22.463542ms] ERR:404 body={"strategy":"-android uiautomator","selector":"new UiSelector().textContains(\"Definitely Not Here\"...
14:05:45.795601 POST /session/7367f8b0-dd8c-4fc3-a42e-6565b2318bab/element [10.676792ms] ERR:404 body={"strategy":"-android uiautomator","selector":"new UiSelector().descriptionContains(\"Definitely Not...
14:05:45.802471 POST /session/7367f8b0-dd8c-4fc3-a42e-6565b2318bab/element [6.81275ms] ERR:404 body={"strategy":"-android uiautomator","selector":"new UiSelector().textMatches(\"(?is).*\\QDefinitely N...
14:05:45.814645 POST /session/7367f8b0-dd8c-4fc3-a42e-6565b2318bab/element [12.10025ms] ERR:404 body={"strategy":"-android uiautomator","selector":"new UiSelector().descriptionMatches(\"(?is).*\\QDefin...
14:05:45.824338 POST /session/7367f8b0-dd8c-4fc3-a42e-6565b2318bab/element [9.638875ms] ERR:404 body={"strategy":"-android uiautomator","selector":"new UiSelector().textContains(\"Definitely Not Here\"...
14:05:45.838802 POST /session/7367f8b0-dd8c-4fc3-a42e-6565b2318bab/element [14.395834ms] ERR:404 body={"strategy":"-android uiautomator","selector":"new UiSelector().descriptionContains(\"Definitely Not...
14:05:45.843322 POST /session/7367f8b0-dd8c-4fc3-a42e-6565b2318bab/element [4.460333ms] ERR:404 body={"strategy":"-android uiautomator","selector":"new UiSelector().textMatches(\"(?is).*\\QDefinitely N...
14:05:45.853565 POST /session/7367f8b0-dd8c-4fc3-a42e-6565b2318bab/element [10.181709ms] ERR:404 body={"strategy":"-android uiautomator","selector":"new UiSelector().descriptionMatches(\"(?is).*\\QDefin...
14:05:45.863278 POST /session/7367f8b0-dd8c-4fc3-a42e-6565b2318bab/element [9.647458ms] ERR:404 body={"strategy":"-android uiautomator","selector":"new UiSelector().textContains(\"Definitely Not Here\"...
14:05:45.877681 POST /session/7367f8b0-dd8c-4fc3-a42e-6565b2318bab/element [14.350916ms] ERR:404 body={"strategy":"-android uiautomator","selector":"new UiSelector().descriptionContains(\"Definitely Not...
14:05:45.889956 POST /session/7367f8b0-dd8c-4fc3-a42e-6565b2318bab/element [12.2135ms] ERR:404 body={"strategy":"-android uiautomator","selector":"new UiSelector().textMatches(\"(?is).*\\QDefinitely N...
14:05:45.898957 POST /session/7367f8b0-dd8c-4fc3-a42e-6565b2318bab/element [8.946ms] ERR:404 body={"strategy":"-android uiautomator","selector":"new UiSelector().descriptionMatches(\"(?is).*\\QDefin...
14:05:45.905883 POST /session/7367f8b0-dd8c-4fc3-a42e-6565b2318bab/element [6.878333ms] ERR:404 body={"strategy":"-android uiautomator","selector":"new UiSelector().textContains(\"Definitely Not Here\"...
14:05:45.914428 POST /session/7367f8b0-dd8c-4fc3-a42e-6565b2318bab/element [8.4945ms] ERR:404 body={"strategy":"-android uiautomator","selector":"new UiSelector().descriptionContains(\"Definitely Not...
14:05:45.922132 POST /session/7367f8b0-dd8c-4fc3-a42e-6565b2318bab/element [7.654ms] ERR:404 body={"strategy":"-android uiautomator","selector":"new UiSelector().textMatches(\"(?is).*\\QDefinitely N...
14:05:45.931515 POST /session/7367f8b0-dd8c-4fc3-a42e-6565b2318bab/element [9.328625ms] ERR:404 body={"strategy":"-android uiautomator","selector":"new UiSelector().descriptionMatches(\"(?is).*\\QDefin...
14:05:45.938454 POST /session/7367f8b0-dd8c-4fc3-a42e-6565b2318bab/element [6.888083ms] ERR:404 body={"strategy":"-android uiautomator","selector":"new UiSelector().textContains(\"Definitely Not Here\"...
14:05:45.947510 POST /session/7367f8b0-dd8c-4fc3-a42e-6565b2318bab/element [8.998375ms] ERR:404 body={"strategy":"-android uiautomator","selector":"new UiSelector().descriptionContains(\"Definitely Not...
14:05:45.953871 POST /session/7367f8b0-dd8c-4fc3-a42e-6565b2318bab/element [6.322666ms] ERR:404 body={"strategy":"-android uiautomator","selector":"new UiSelector().textMatches(\"(?is).*\\QDefinitely N...
14:05:45.962518 POST /session/7367f8b0-dd8c-4fc3-a42e-6565b2318bab/element [8.602584ms] ERR:404 body={"strategy":"-android uiautomator","selector":"new UiSelector().descriptionMatches(\"(?is).*\\QDefin...
14:05:45.969442 POST /session/7367f8b0-dd8c-4fc3-a42e-6565b2318bab/element [6.864708ms] ERR:404 body={"strategy":"-android uiautomator","selector":"new UiSelector().textContains(\"Definitely Not Here\"...
14:05:45.977568 POST /session/7367f8b0-dd8c-4fc3-a42e-6565b2318bab/element [8.061625ms] ERR:404 body={"strategy":"-android uiautomator","selector":"new UiSelector().descriptionContains(\"Definitely Not...
14:05:45.985243 POST /session/7367f8b0-dd8c-4fc3-a42e-6565b2318bab/element [7.62025ms] ERR:404 body={"strategy":"-android uiautomator","selector":"new UiSelector().textMatches(\"(?is).*\\QDefinitely N...
14:05:45.993896 POST /session/7367f8b0-dd8c-4fc3-a42e-6565b2318bab/element [8.605583ms] ERR:404 body={"strategy":"-android uiautomator","selector":"new UiSelector().descriptionMatches(\"(?is).*\\QDefin...
14:05:46.000531 POST /session/7367f8b0-dd8c-4fc3-a42e-6565b2318bab/element [6.57225ms] ERR:404 body={"strategy":"-android uiautomator","selector":"new UiSelector().textContains(\"Definitely Not Here\"...
14:05:46.012605 POST /session/7367f8b0-dd8c-4fc3-a42e-6565b2318bab/element [12.013667ms] ERR:404 body={"strategy":"-android uiautomator","selector":"new UiSelector().descriptionContains(\"Definitely Not...
14:05:46.021830 POST /session/7367f8b0-dd8c-4fc3-a42e-6565b2318bab/element [9.158792ms] ERR:404 body={"strategy":"-android uiautomator","selector":"new UiSelector().textMatches(\"(?is).*\\QDefinitely N...
14:05:46.031654 POST /session/7367f8b0-dd8c-4fc3-a42e-6565b2318bab/element [9.762916ms] ERR:404 body={"strategy":"-android uiautomator","selector":"new UiSelector().descriptionMatches(\"(?is).*\\QDefin...
14:05:46.038779 POST /session/7367f8b0-dd8c-4fc3-a42e-6565b2318bab/element [7.081417ms] ERR:404 body={"strategy":"-android uiautomator","selector":"new UiSelector().textContains(\"Definitely Not Here\"...
14:05:46.046413 POST /session/7367f8b0-dd8c-4fc3-a42e-6565b2318bab/element [7.56925ms] ERR:404 body={"strategy":"-android uiautomator","selector":"new UiSelector().descriptionContains(\"Definitely Not...
14:05:46.054347 POST /session/7367f8b0-dd8c-4fc3-a42e-6565b2318bab/element [7.884ms] ERR:404 body={"strategy":"-android uiautomator","selector":"new UiSelector().textMatches(\"(?is).*\\QDefinitely N...
14:05:46.063360 POST /session/7367f8b0-dd8c-4fc3-a42e-6565b2318bab/element [8.957375ms] ERR:404 body={"strategy":"-android uiautomator","selector":"new UiSelector().descriptionMatches(\"(?is).*\\QDefin...
14:05:46.069337 POST /session/7367f8b0-dd8c-4fc3-a42e-6565b2318bab/element [5.921292ms] ERR:404 body={"strategy":"-android uiautomator","selector":"new UiSelector().textContains(\"Definitely Not Here\"...
14:05:46.078468 POST /session/7367f8b0-dd8c-4fc3-a42e-6565b2318bab/element [9.077583ms] ERR:404 body={"strategy":"-android uiautomator","selector":"new UiSelector().descriptionContains(\"Definitely Not...
14:05:46.087281 POST /session/7367f8b0-dd8c-4fc3-a42e-6565b2318bab/element [8.74675ms] ERR:404 body={"strategy":"-android uiautomator","selector":"new UiSelector().textMatches(\"(?is).*\\QDefinitely N...
14:05:46.096314 POST /session/7367f8b0-dd8c-4fc3-a42e-6565b2318bab/element [8.98075ms] ERR:404 body={"strategy":"-android uiautomator","selector":"new UiSelector().descriptionMatches(\"(?is).*\\QDefin...
14:05:46.104631 POST /session/7367f8b0-dd8c-4fc3-a42e-6565b2318bab/element [8.268333ms] ERR:404 body={"strategy":"-android uiautomator","selector":"new UiSelector().textContains(\"Definitely Not Here\"...
14:05:46.112265 POST /session/7367f8b0-dd8c-4fc3-a42e-6565b2318bab/element [7.577167ms] ERR:404 body={"strategy":"-android uiautomator","selector":"new UiSelector().descriptionContains(\"Definitely Not...
14:05:46.121921 POST /session/7367f8b0-dd8c-4fc3-a42e-6565b2318bab/element [9.606542ms] ERR:404 body={"strategy":"-android uiautomator","selector":"new UiSelector().textMatches(\"(?is).*\\QDefinitely N...
14:05:46.131791 POST /session/7367f8b0-dd8c-4fc3-a42e-6565b2318bab/element [9.824334ms] ERR:404 body={"strategy":"-android uiautomator","selector":"new UiSelector().descriptionMatches(\"(?is).*\\QDefin...
14:05:46.141095 POST /session/7367f8b0-dd8c-4fc3-a42e-6565b2318bab/element [9.253583ms] ERR:404 body={"strategy":"-android uiautomator","selector":"new UiSelector().textContains(\"Definitely Not Here\"...
14:05:46.147765 POST /session/7367f8b0-dd8c-4fc3-a42e-6565b2318bab/element [6.625791ms] ERR:404 body={"strategy":"-android uiautomator","selector":"new UiSelector().descriptionContains(\"Definitely Not...
14:05:46.160029 POST /session/7367f8b0-dd8c-4fc3-a42e-6565b2318bab/element [12.224042ms] ERR:404 body={"strategy":"-android uiautomator","selector":"new UiSelector().textMatches(\"(?is).*\\QDefinitely N...
14:05:46.169232 POST /session/7367f8b0-dd8c-4fc3-a42e-6565b2318bab/element [9.1465ms] ERR:404 body={"strategy":"-android uiautomator","selector":"new UiSelector().descriptionMatches(\"(?is).*\\QDefin...
14:05:46.177156 POST /session/7367f8b0-dd8c-4fc3-a42e-6565b2318bab/element [7.879125ms] ERR:404 body={"strategy":"-android uiautomator","selector":"new UiSelector().textContains(\"Definitely Not Here\"...
14:05:46.184734 POST /session/7367f8b0-dd8c-4fc3-a42e-6565b2318bab/element [7.540208ms] ERR:404 body={"strategy":"-android uiautomator","selector":"new UiSelector().descriptionContains(\"Definitely Not...
14:05:46.197228 POST /session/7367f8b0-dd8c-4fc3-a42e-6565b2318bab/element [12.441167ms] ERR:404 body={"strategy":"-android uiautomator","selector":"new UiSelector().textMatches(\"(?is).*\\QDefinitely N...
14:05:46.204249 POST /session/7367f8b0-dd8c-4fc3-a42e-6565b2318bab/element [6.963625ms] ERR:404 body={"strategy":"-android uiautomator","selector":"new UiSelector().descriptionMatches(\"(?is).*\\QDefin...
14:05:46.213417 POST /session/7367f8b0-dd8c-4fc3-a42e-6565b2318bab/element [9.119333ms] ERR:404 body={"strategy":"-android uiautomator","selector":"new UiSelector().textContains(\"Definitely Not Here\"...
14:05:46.222639 POST /session/7367f8b0-dd8c-4fc3-a42e-6565b2318bab/element [9.177417ms] ERR:404 body={"strategy":"-android uiautomator","selector":"new UiSelector().descriptionContains(\"Definitely Not...
14:05:46.230307 POST /session/7367f8b0-dd8c-4fc3-a42e-6565b2318bab/element [7.62575ms] ERR:404 body={"strategy":"-android uiautomator","selector":"new UiSelector().textMatches(\"(?is).*\\QDefinitely N...
14:05:46.238020 POST /session/7367f8b0-dd8c-4fc3-a42e-6565b2318bab/element [7.659ms] ERR:404 body={"strategy":"-android uiautomator","selector":"new UiSelector().descriptionMatches(\"(?is).*\\QDefin...
14:05:46.244562 POST /session/7367f8b0-dd8c-4fc3-a42e-6565b2318bab/element [6.48175ms] ERR:404 body={"strategy":"-android uiautomator","selector":"new UiSelector().textContains(\"Definitely Not Here\"...
14:05:46.259475 POST /session/7367f8b0-dd8c-4fc3-a42e-6565b2318bab/element [14.860083ms] ERR:404 body={"strategy":"-android uiautomator","selector":"new UiSelector().descriptionContains(\"Definitely Not...
14:05:46.272702 POST /session/7367f8b0-dd8c-4fc3-a42e-6565b2318bab/element [13.168667ms] ERR:404 body={"strategy":"-android uiautomator","selector":"new UiSelector().textMatches(\"(?is).*\\QDefinitely N...
14:05:46.280252 POST /session/7367f8b0-dd8c-4fc3-a42e-6565b2318bab/element [7.496083ms] ERR:404 body={"strategy":"-android uiautomator","selector":"new UiSelector().descriptionMatches(\"(?is).*\\QDefin...
14:05:46.291281 POST /session/7367f8b0-dd8c-4fc3-a42e-6565b2318bab/element [10.967209ms] ERR:404 body={"strategy":"-android uiautomator","selector":"new UiSelector().textContains(\"Definitely Not Here\"...
14:05:46.303260 POST /session/7367f8b0-dd8c-4fc3-a42e-6565b2318bab/element [11.907584ms] ERR:404 body={"strategy":"-android uiautomator","selector":"new UiSelector().descriptionContains(\"Definitely Not...
14:05:46.314731 POST /session/7367f8b0-dd8c-4fc3-a42e-6565b2318bab/element [11.410167ms] ERR:404 body={"strategy":"-android uiautomator","selector":"new UiSelector().textMatches(\"(?is).*\\QDefinitely N...
14:05:46.322812 POST /session/7367f8b0-dd8c-4fc3-a42e-6565b2318bab/element [8.004417ms] ERR:404 body={"strategy":"-android uiautomator","selector":"new UiSelector().descriptionMatches(\"(?is).*\\QDefin...
14:05:46.334037 POST /session/7367f8b0-dd8c-4fc3-a42e-6565b2318bab/element [11.168084ms] ERR:404 body={"strategy":"-android uiautomator","selector":"new UiSelector().textContains(\"Definitely Not Here\"...
14:05:46.344139 POST /session/7367f8b0-dd8c-4fc3-a42e-6565b2318bab/element [10.043708ms] ERR:404 body={"strategy":"-android uiautomator","selector":"new UiSelector().descriptionContains(\"Definitely Not...
14:05:46.354267 POST /session/7367f8b0-dd8c-4fc3-a42e-6565b2318bab/element [10.078209ms] ERR:404 body={"strategy":"-android uiautomator","selector":"new UiSelector().textMatches(\"(?is).*\\QDefinitely N...
14:05:46.364217 POST /session/7367f8b0-dd8c-4fc3-a42e-6565b2318bab/element [9.883875ms] ERR:404 body={"strategy":"-android uiautomator","selector":"new UiSelector().descriptionMatches(\"(?is).*\\QDefin...
14:05:46.374144 POST /session/7367f8b0-dd8c-4fc3-a42e-6565b2318bab/element [9.873ms] ERR:404 body={"strategy":"-android uiautomator","selector":"new UiSelector().textContains(\"Definitely Not Here\"...
14:05:46.385088 POST /session/7367f8b0-dd8c-4fc3-a42e-6565b2318bab/element [10.874541ms] ERR:404 body={"strategy":"-android uiautomator","selector":"new UiSelector().descriptionContains(\"Definitely Not...
14:05:46.392443 POST /session/7367f8b0-dd8c-4fc3-a42e-6565b2318bab/element [7.291834ms] ERR:404 body={"strategy":"-android uiautomator","selector":"new UiSelector().textMatches(\"(?is).*\\QDefinitely N...
14:05:46.403517 POST /session/7367f8b0-dd8c-4fc3-a42e-6565b2318bab/element [11.003666ms] ERR:404 body={"strategy":"-android uiautomator","selector":"new UiSelector().descriptionMatches(\"(?is).*\\QDefin...
14:05:46.412537 POST /session/7367f8b0-dd8c-4fc3-a42e-6565b2318bab/element [8.968125ms] ERR:404 body={"strategy":"-android uiautomator","selector":"new UiSelector().textContains(\"Definitely Not Here\"...
14:05:46.420170 POST /session/7367f8b0-dd8c-4fc3-a42e-6565b2318bab/element [7.570166ms] ERR:404 body={"strategy":"-android uiautomator","selector":"new UiSelector().descriptionContains(\"Definitely Not...
14:05:46.429260 POST /session/7367f8b0-dd8c-4fc3-a42e-6565b2318bab/element [9.02575ms] ERR:404 body={"strategy":"-android uiautomator","selector":"new UiSelector().textMatches(\"(?is).*\\QDefinitely N...
14:05:46.443624 POST /session/7367f8b0-dd8c-4fc3-a42e-6565b2318bab/element [14.306167ms] ERR:404 body={"strategy":"-android uiautomator","selector":"new UiSelector().descriptionMatches(\"(?is).*\\QDefin...
14:05:46.468167 POST /session/7367f8b0-dd8c-4fc3-a42e-6565b2318bab/element [24.427958ms] ERR:404 body={"strategy":"-android uiautomator","selector":"new UiSelector().textContains(\"Definitely Not Here\"...
14:05:46.480626 POST /session/7367f8b0-dd8c-4fc3-a42e-6565b2318bab/element [12.364875ms] ERR:404 body={"strategy":"-android uiautomator","selector":"new UiSelector().descriptionContains(\"Definitely Not...
14:05:46.490839 POST /session/7367f8b0-dd8c-4fc3-a42e-6565b2318bab/element [10.155291ms] ERR:404 body={"strategy":"-android uiautomator","selector":"new UiSelector().textMatches(\"(?is).*\\QDefinitely N...
14:05:46.519383 POST /session/7367f8b0-dd8c-4fc3-a42e-6565b2318bab/element [28.466709ms] ERR:404 body={"strategy":"-android uiautomator","selector":"new UiSelector().descriptionMatches(\"(?is).*\\QDefin...
14:05:46.558386 POST /session/7367f8b0-dd8c-4fc3-a42e-6565b2318bab/element [38.878917ms] ERR:404 body={"strategy":"-android uiautomator","selector":"new UiSelector().textContains(\"Definitely Not Here\"...
14:05:46.581711 POST /session/7367f8b0-dd8c-4fc3-a42e-6565b2318bab/element [23.225208ms] ERR:404 body={"strategy":"-android uiautomator","selector":"new UiSelector().descriptionContains(\"Definitely Not...
14:05:47.092313 POST /session/7367f8b0-dd8c-4fc3-a42e-6565b2318bab/element [510.495708ms] ERR:404 body={"strategy":"-android uiautomator","selector":"new UiSelector().textMatches(\"(?is).*\\QDefinitely N...
14:05:47.101227 POST /session/7367f8b0-dd8c-4fc3-a42e-6565b2318bab/element [8.844875ms] ERR:404 body={"strategy":"-android uiautomator","selector":"new UiSelector().descriptionMatches(\"(?is).*\\QDefin...
14:05:47.115397 POST /session/7367f8b0-dd8c-4fc3-a42e-6565b2318bab/element [14.098584ms] ERR:404 body={"strategy":"-android uiautomator","selector":"new UiSelector().textContains(\"Definitely Not Here\"...
14:05:47.129206 POST /session/7367f8b0-dd8c-4fc3-a42e-6565b2318bab/element [13.718917ms] ERR:404 body={"strategy":"-android uiautomator","selector":"new UiSelector().descriptionContains(\"Definitely Not...
14:05:47.138666 POST /session/7367f8b0-dd8c-4fc3-a42e-6565b2318bab/element [9.394167ms] ERR:404 body={"strategy":"-android uiautomator","selector":"new UiSelector().textMatches(\"(?is).*\\QDefinitely N...
14:05:47.147245 POST /session/7367f8b0-dd8c-4fc3-a42e-6565b2318bab/element [8.520833ms] ERR:404 body={"strategy":"-android uiautomator","selector":"new UiSelector().descriptionMatches(\"(?is).*\\QDefin...
14:05:47.155915 POST /session/7367f8b0-dd8c-4fc3-a42e-6565b2318bab/element [8.604292ms] ERR:404 body={"strategy":"-android uiautomator","selector":"new UiSelector().textContains(\"Definitely Not Here\"...
14:05:47.167040 POST /session/7367f8b0-dd8c-4fc3-a42e-6565b2318bab/element [11.045417ms] ERR:404 body={"strategy":"-android uiautomator","selector":"new UiSelector().descriptionContains(\"Definitely Not...
14:05:47.178274 POST /session/7367f8b0-dd8c-4fc3-a42e-6565b2318bab/element [11.139958ms] ERR:404 body={"strategy":"-android uiautomator","selector":"new UiSelector().textMatches(\"(?is).*\\QDefinitely N...
14:05:47.189301 POST /session/7367f8b0-dd8c-4fc3-a42e-6565b2318bab/element [10.971833ms] ERR:404 body={"strategy":"-android uiautomator","selector":"new UiSelector().descriptionMatches(\"(?is).*\\QDefin...
14:05:47.196258 POST /session/7367f8b0-dd8c-4fc3-a42e-6565b2318bab/element [6.888875ms] ERR:404 body={"strategy":"-android uiautomator","selector":"new UiSelector().textContains(\"Definitely Not Here\"...
14:05:47.205982 POST /session/7367f8b0-dd8c-4fc3-a42e-6565b2318bab/element [9.659458ms] ERR:404 body={"strategy":"-android uiautomator","selector":"new UiSelector().descriptionContains(\"Definitely Not...
14:05:47.215517 POST /session/7367f8b0-dd8c-4fc3-a42e-6565b2318bab/element [9.482167ms] ERR:404 body={"strategy":"-android uiautomator","selector":"new UiSelector().textMatches(\"(?is).*\\QDefinitely N...
14:05:47.225566 POST /session/7367f8b0-dd8c-4fc3-a42e-6565b2318bab/element [9.988542ms] ERR:404 body={"strategy":"-android uiautomator","selector":"new UiSelector().descriptionMatches(\"(?is).*\\QDefin...
14:05:47.237201 POST /session/7367f8b0-dd8c-4fc3-a42e-6565b2318bab/element [11.577291ms] ERR:404 body={"strategy":"-android uiautomator","selector":"new UiSelector().textContains(\"Definitely Not Here\"...
14:05:47.247599 POST /session/7367f8b0-dd8c-4fc3-a42e-6565b2318bab/element [10.334458ms] ERR:404 body={"strategy":"-android uiautomator","selector":"new UiSelector().descriptionContains(\"Definitely Not...
14:05:47.259876 POST /session/7367f8b0-dd8c-4fc3-a42e-6565b2318bab/element [12.225416ms] ERR:404 body={"strategy":"-android uiautomator","selector":"new UiSelector().textMatches(\"(?is).*\\QDefinitely N...
14:05:47.271125 POST /session/7367f8b0-dd8c-4fc3-a42e-6565b2318bab/element [11.185834ms] ERR:404 body={"strategy":"-android uiautomator","selector":"new UiSelector().descriptionMatches(\"(?is).*\\QDefin...
14:05:47.280369 POST /session/7367f8b0-dd8c-4fc3-a42e-6565b2318bab/element [9.182167ms] ERR:404 body={"strategy":"-android uiautomator","selector":"new UiSelector().textContains(\"Definitely Not Here\"...
14:05:47.291663 POST /session/7367f8b0-dd8c-4fc3-a42e-6565b2318bab/element [11.234375ms] ERR:404 body={"strategy":"-android uiautomator","selector":"new UiSelector().descriptionContains(\"Definitely Not...
14:05:47.301593 POST /session/7367f8b0-dd8c-4fc3-a42e-6565b2318bab/element [9.789459ms] ERR:404 body={"strategy":"-android uiautomator","selector":"new UiSelector().textMatches(\"(?is).*\\QDefinitely N...
14:05:47.313080 POST /session/7367f8b0-dd8c-4fc3-a42e-6565b2318bab/element [11.365625ms] ERR:404 body={"strategy":"-android uiautomator","selector":"new UiSelector().descriptionMatches(\"(?is).*\\QDefin...
14:05:47.322889 POST /session/7367f8b0-dd8c-4fc3-a42e-6565b2318bab/element [9.704917ms] ERR:404 body={"strategy":"-android uiautomator","selector":"new UiSelector().textContains(\"Definitely Not Here\"...
14:05:47.331672 POST /session/7367f8b0-dd8c-4fc3-a42e-6565b2318bab/element [8.70375ms] ERR:404 body={"strategy":"-android uiautomator","selector":"new UiSelector().descriptionContains(\"Definitely Not...
14:05:47.342803 POST /session/7367f8b0-dd8c-4fc3-a42e-6565b2318bab/element [11.077ms] ERR:404 body={"strategy":"-android uiautomator","selector":"new UiSelector().textMatches(\"(?is).*\\QDefinitely N...
14:05:47.351883 POST /session/7367f8b0-dd8c-4fc3-a42e-6565b2318bab/element [9.014583ms] ERR:404 body={"strategy":"-android uiautomator","selector":"new UiSelector().descriptionMatches(\"(?is).*\\QDefin...
14:05:47.360353 POST /session/7367f8b0-dd8c-4fc3-a42e-6565b2318bab/element [8.421042ms] ERR:404 body={"strategy":"-android uiautomator","selector":"new UiSelector().textContains(\"Definitely Not Here\"...
14:05:47.366994 POST /session/7367f8b0-dd8c-4fc3-a42e-6565b2318bab/element [6.580208ms] ERR:404 body={"strategy":"-android uiautomator","selector":"new UiSelector().descriptionContains(\"Definitely Not...
14:05:47.375022 POST /session/7367f8b0-dd8c-4fc3-a42e-6565b2318bab/element [7.9525ms] ERR:404 body={"strategy":"-android uiautomator","selector":"new UiSelector().textMatches(\"(?is).*\\QDefinitely N...
14:05:47.381843 POST /session/7367f8b0-dd8c-4fc3-a42e-6565b2318bab/element [6.750708ms] ERR:404 body={"strategy":"-android uiautomator","selector":"new UiSelector().descriptionMatches(\"(?is).*\\QDefin...
14:05:47.388086 POST /session/7367f8b0-dd8c-4fc3-a42e-6565b2318bab/element [6.184209ms] ERR:404 body={"strategy":"-android uiautomator","selector":"new UiSelector().textContains(\"Definitely Not Here\"...
14:05:47.395686 POST /session/7367f8b0-dd8c-4fc3-a42e-6565b2318bab/element [7.542833ms] ERR:404 body={"strategy":"-android uiautomator","selector":"new UiSelector().descriptionContains(\"Definitely Not...
14:05:47.406721 POST /session/7367f8b0-dd8c-4fc3-a42e-6565b2318bab/element [10.978625ms] ERR:404 body={"strategy":"-android uiautomator","selector":"new UiSelector().textMatches(\"(?is).*\\QDefinitely N...
14:05:47.415417 POST /session/7367f8b0-dd8c-4fc3-a42e-6565b2318bab/element [8.631709ms] ERR:404 body={"strategy":"-android uiautomator","selector":"new UiSelector().descriptionMatches(\"(?is).*\\QDefin...
14:05:47.425580 POST /session/7367f8b0-dd8c-4fc3-a42e-6565b2318bab/element [10.114875ms] ERR:404 body={"strategy":"-android uiautomator","selector":"new UiSelector().textContains(\"Definitely Not Here\"...
14:05:47.436448 POST /session/7367f8b0-dd8c-4fc3-a42e-6565b2318bab/element [10.808125ms] ERR:404 body={"strategy":"-android uiautomator","selector":"new UiSelector().descriptionContains(\"Definitely Not...
14:05:47.444906 POST /session/7367f8b0-dd8c-4fc3-a42e-6565b2318bab/element [8.395166ms] ERR:404 body={"strategy":"-android uiautomator","selector":"new UiSelector().textMatches(\"(?is).*\\QDefinitely N...
14:05:47.451305 POST /session/7367f8b0-dd8c-4fc3-a42e-6565b2318bab/element [6.341625ms] ERR:404 body={"strategy":"-android uiautomator","selector":"new UiSelector().descriptionMatches(\"(?is).*\\QDefin...
14:05:47.462086 POST /session/7367f8b0-dd8c-4fc3-a42e-6565b2318bab/element [10.731916ms] ERR:404 body={"strategy":"-android uiautomator","selector":"new UiSelector().textContains(\"Definitely Not Here\"...
14:05:47.472635 POST /session/7367f8b0-dd8c-4fc3-a42e-6565b2318bab/element [10.490875ms] ERR:404 body={"strategy":"-android uiautomator","selector":"new UiSelector().descriptionContains(\"Definitely Not...
14:05:47.483701 POST /session/7367f8b0-dd8c-4fc3-a42e-6565b2318bab/element [10.979625ms] ERR:404 body={"strategy":"-android uiautomator","selector":"new UiSelector().textMatches(\"(?is).*\\QDefinitely N...
14:05:47.494592 POST /session/7367f8b0-dd8c-4fc3-a42e-6565b2318bab/element [10.82ms] ERR:404 body={"strategy":"-android uiautomator","selector":"new UiSelector().descriptionMatches(\"(?is).*\\QDefin...
14:05:47.504655 POST /session/7367f8b0-dd8c-4fc3-a42e-6565b2318bab/element [9.994333ms] ERR:404 body={"strategy":"-android uiautomator","selector":"new UiSelector().textContains(\"Definitely Not Here\"...
14:05:47.512569 POST /session/7367f8b0-dd8c-4fc3-a42e-6565b2318bab/element [7.859375ms] ERR:404 body={"strategy":"-android uiautomator","selector":"new UiSelector().descriptionContains(\"Definitely Not...
14:05:47.526598 POST /session/7367f8b0-dd8c-4fc3-a42e-6565b2318bab/element [13.944167ms] ERR:404 body={"strategy":"-android uiautomator","selector":"new UiSelector().textMatches(\"(?is).*\\QDefinitely N...
14:05:47.536588 POST /session/7367f8b0-dd8c-4fc3-a42e-6565b2318bab/element [9.920625ms] ERR:404 body={"strategy":"-android uiautomator","selector":"new UiSelector().descriptionMatches(\"(?is).*\\QDefin...
14:05:47.547972 POST /session/7367f8b0-dd8c-4fc3-a42e-6565b2318bab/element [11.317833ms] ERR:404 body={"strategy":"-android uiautomator","selector":"new UiSelector().textContains(\"Definitely Not Here\"...
14:05:47.557222 POST /session/7367f8b0-dd8c-4fc3-a42e-6565b2318bab/element [9.194625ms] ERR:404 body={"strategy":"-android uiautomator","selector":"new UiSelector().descriptionContains(\"Definitely Not...
14:05:47.565547 POST /session/7367f8b0-dd8c-4fc3-a42e-6565b2318bab/element [8.254541ms] ERR:404 body={"strategy":"-android uiautomator","selector":"new UiSelector().textMatches(\"(?is).*\\QDefinitely N...
14:05:47.578209 POST /session/7367f8b0-dd8c-4fc3-a42e-6565b2318bab/element [12.547917ms] ERR:404 body={"strategy":"-android uiautomator","selector":"new UiSelector().descriptionMatches(\"(?is).*\\QDefin...
14:05:47.586409 POST /session/7367f8b0-dd8c-4fc3-a42e-6565b2318bab/element [8.139459ms] ERR:404 body={"strategy":"-android uiautomator","selector":"new UiSelector().textContains(\"Definitely Not Here\"...
14:05:47.596742 POST /session/7367f8b0-dd8c-4fc3-a42e-6565b2318bab/element [10.259625ms] ERR:404 body={"strategy":"-android uiautomator","selector":"new UiSelector().descriptionContains(\"Definitely Not...
14:05:47.605304 POST /session/7367f8b0-dd8c-4fc3-a42e-6565b2318bab/element [8.492458ms] ERR:404 body={"strategy":"-android uiautomator","selector":"new UiSelector().textMatches(\"(?is).*\\QDefinitely N...
14:05:47.618784 POST /session/7367f8b0-dd8c-4fc3-a42e-6565b2318bab/element [13.421291ms] ERR:404 body={"strategy":"-android uiautomator","selector":"new UiSelector().descriptionMatches(\"(?is).*\\QDefin...
14:05:47.630261 POST /session/7367f8b0-dd8c-4fc3-a42e-6565b2318bab/element [11.413458ms] ERR:404 body={"strategy":"-android uiautomator","selector":"new UiSelector().textContains(\"Definitely Not Here\"...
14:05:47.639108 POST /session/7367f8b0-dd8c-4fc3-a42e-6565b2318bab/element [8.795625ms] ERR:404 body={"strategy":"-android uiautomator","selector":"new UiSelector().descriptionContains(\"Definitely Not...
14:05:47.649870 POST /session/7367f8b0-dd8c-4fc3-a42e-6565b2318bab/element [10.711541ms] ERR:404 body={"strategy":"-android uiautomator","selector":"new UiSelector().textMatches(\"(?is).*\\QDefinitely N...
14:05:47.663993 POST /session/7367f8b0-dd8c-4fc3-a42e-6565b2318bab/element [14.073458ms] ERR:404 body={"strategy":"-android uiautomator","selector":"new UiSelector().descriptionMatches(\"(?is).*\\QDefin...
14:05:47.672546 POST /session/7367f8b0-dd8c-4fc3-a42e-6565b2318bab/element [8.488292ms] ERR:404 body={"strategy":"-android uiautomator","selector":"new UiSelector().textContains(\"Definitely Not Here\"...
14:05:47.680129 POST /session/7367f8b0-dd8c-4fc3-a42e-6565b2318bab/element [7.521583ms] ERR:404 body={"strategy":"-android uiautomator","selector":"new UiSelector().descriptionContains(\"Definitely Not...
14:05:47.690667 POST /session/7367f8b0-dd8c-4fc3-a42e-6565b2318bab/element [10.477667ms] ERR:404 body={"strategy":"-android uiautomator","selector":"new UiSelector().textMatches(\"(?is).*\\QDefinitely N...
14:05:47.699748 POST /session/7367f8b0-dd8c-4fc3-a42e-6565b2318bab/element [9.012667ms] ERR:404 body={"strategy":"-android uiautomator","selector":"new UiSelector().descriptionMatches(\"(?is).*\\QDefin...
14:05:47.712603 POST /session/7367f8b0-dd8c-4fc3-a42e-6565b2318bab/element [12.784875ms] ERR:404 body={"strategy":"-android uiautomator","selector":"new UiSelector().textContains(\"Definitely Not Here\"...
14:05:47.723519 POST /session/7367f8b0-dd8c-4fc3-a42e-6565b2318bab/element [10.849417ms] ERR:404 body={"strategy":"-android uiautomator","selector":"new UiSelector().descriptionContains(\"Definitely Not...
14:05:47.734554 POST /session/7367f8b0-dd8c-4fc3-a42e-6565b2318bab/element [10.9655ms] ERR:404 body={"strategy":"-android uiautomator","selector":"new UiSelector().textMatches(\"(?is).*\\QDefinitely N...
14:05:47.747614 POST /session/7367f8b0-dd8c-4fc3-a42e-6565b2318bab/element [12.977042ms] ERR:404 body={"strategy":"-android uiautomator","selector":"new UiSelector().descriptionMatches(\"(?is).*\\QDefin...
14:05:47.758263 POST /session/7367f8b0-dd8c-4fc3-a42e-6565b2318bab/element [10.517583ms] ERR:404 body={"strategy":"-android uiautomator","selector":"new UiSelector().textContains(\"Definitely Not Here\"...
14:05:47.770486 POST /session/7367f8b0-dd8c-4fc3-a42e-6565b2318bab/element [12.132625ms] ERR:404 body={"strategy":"-android uiautomator","selector":"new UiSelector().descriptionContains(\"Definitely Not...
14:05:47.785204 POST /session/7367f8b0-dd8c-4fc3-a42e-6565b2318bab/element [14.646916ms] ERR:404 body={"strategy":"-android uiautomator","selector":"new UiSelector().textMatches(\"(?is).*\\QDefinitely N...
14:05:47.792318 POST /session/7367f8b0-dd8c-4fc3-a42e-6565b2318bab/element [7.042542ms] ERR:404 body={"strategy":"-android uiautomator","selector":"new UiSelector().descriptionMatches(\"(?is).*\\QDefin...
14:05:47.800625 POST /session/7367f8b0-dd8c-4fc3-a42e-6565b2318bab/element [8.252333ms] ERR:404 body={"strategy":"-android uiautomator","selector":"new UiSelector().textContains(\"Definitely Not Here\"...
14:05:47.810971 POST /session/7367f8b0-dd8c-4fc3-a42e-6565b2318bab/element [10.304667ms] ERR:404 body={"strategy":"-android uiautomator","selector":"new UiSelector().descriptionContains(\"Definitely Not...
14:05:47.820687 POST /session/7367f8b0-dd8c-4fc3-a42e-6565b2318bab/element [9.665042ms] ERR:404 body={"strategy":"-android uiautomator","selector":"new UiSelector().textMatches(\"(?is).*\\QDefinitely N...
14:05:47.829430 POST /session/7367f8b0-dd8c-4fc3-a42e-6565b2318bab/element [8.7ms] ERR:404 body={"strategy":"-android uiautomator","selector":"new UiSelector().descriptionMatches(\"(?is).*\\QDefin...
14:05:47.836935 POST /session/7367f8b0-dd8c-4fc3-a42e-6565b2318bab/element [7.464875ms] ERR:404 body={"strategy":"-android uiautomator","selector":"new UiSelector().textContains(\"Definitely Not Here\"...
14:05:47.845970 POST /session/7367f8b0-dd8c-4fc3-a42e-6565b2318bab/element [8.99925ms] ERR:404 body={"strategy":"-android uiautomator","selector":"new UiSelector().descriptionContains(\"Definitely Not...
14:05:47.852212 POST /session/7367f8b0-dd8c-4fc3-a42e-6565b2318bab/element [6.194292ms] ERR:404 body={"strategy":"-android uiautomator","selector":"new UiSelector().textMatches(\"(?is).*\\QDefinitely N...
14:05:47.860490 POST /session/7367f8b0-dd8c-4fc3-a42e-6565b2318bab/element [8.221709ms] ERR:404 body={"strategy":"-android uiautomator","selector":"new UiSelector().descriptionMatches(\"(?is).*\\QDefin...
14:05:47.869219 POST /session/7367f8b0-dd8c-4fc3-a42e-6565b2318bab/element [8.689167ms] ERR:404 body={"strategy":"-android uiautomator","selector":"new UiSelector().textContains(\"Definitely Not Here\"...
14:05:47.882623 POST /session/7367f8b0-dd8c-4fc3-a42e-6565b2318bab/element [13.346541ms] ERR:404 body={"strategy":"-android uiautomator","selector":"new UiSelector().descriptionContains(\"Definitely Not...
14:05:47.891484 POST /session/7367f8b0-dd8c-4fc3-a42e-6565b2318bab/element [8.813834ms] ERR:404 body={"strategy":"-android uiautomator","selector":"new UiSelector().textMatches(\"(?is).*\\QDefinitely N...
14:05:47.898687 POST /session/7367f8b0-dd8c-4fc3-a42e-6565b2318bab/element [7.16525ms] ERR:404 body={"strategy":"-android uiautomator","selector":"new UiSelector().descriptionMatches(\"(?is).*\\QDefin...
14:05:47.903442 POST /session/7367f8b0-dd8c-4fc3-a42e-6565b2318bab/element [4.722917ms] ERR:404 body={"strategy":"-android uiautomator","selector":"new UiSelector().textContains(\"Definitely Not Here\"...
14:05:47.910755 POST /session/7367f8b0-dd8c-4fc3-a42e-6565b2318bab/element [7.278667ms] ERR:404 body={"strategy":"-android uiautomator","selector":"new UiSelector().descriptionContains(\"Definitely Not...
14:05:47.919292 POST /session/7367f8b0-dd8c-4fc3-a42e-6565b2318bab/element [8.485583ms] ERR:404 body={"strategy":"-android uiautomator","selector":"new UiSelector().textMatches(\"(?is).*\\QDefinitely N...
14:05:47.928464 POST /session/7367f8b0-dd8c-4fc3-a42e-6565b2318bab/element [9.128666ms] ERR:404 body={"strategy":"-android uiautomator","selector":"new UiSelector().descriptionMatches(\"(?is).*\\QDefin...
14:05:47.936551 POST /session/7367f8b0-dd8c-4fc3-a42e-6565b2318bab/element [8.056292ms] ERR:404 body={"strategy":"-android uiautomator","selector":"new UiSelector().textContains(\"Definitely Not Here\"...
14:05:47.947214 POST /session/7367f8b0-dd8c-4fc3-a42e-6565b2318bab/element [10.623458ms] ERR:404 body={"strategy":"-android uiautomator","selector":"new UiSelector().descriptionContains(\"Definitely Not...
14:05:47.956902 POST /session/7367f8b0-dd8c-4fc3-a42e-6565b2318bab/element [9.6375ms] ERR:404 body={"strategy":"-android uiautomator","selector":"new UiSelector().textMatches(\"(?is).*\\QDefinitely N...
14:05:47.964990 POST /session/7367f8b0-dd8c-4fc3-a42e-6565b2318bab/element [8.03675ms] ERR:404 body={"strategy":"-android uiautomator","selector":"new UiSelector().descriptionMatches(\"(?is).*\\QDefin...
14:05:47.973980 POST /session/7367f8b0-dd8c-4fc3-a42e-6565b2318bab/element [8.947917ms] ERR:404 body={"strategy":"-android uiautomator","selector":"new UiSelector().textContains(\"Definitely Not Here\"...
14:05:47.983792 POST /session/7367f8b0-dd8c-4fc3-a42e-6565b2318bab/element [9.762625ms] ERR:404 body={"strategy":"-android uiautomator","selector":"new UiSelector().descriptionContains(\"Definitely Not...
14:05:47.993153 POST /session/7367f8b0-dd8c-4fc3-a42e-6565b2318bab/element [9.312583ms] ERR:404 body={"strategy":"-android uiautomator","selector":"new UiSelector().textMatches(\"(?is).*\\QDefinitely N...
14:05:48.002057 POST /session/7367f8b0-dd8c-4fc3-a42e-6565b2318bab/element [8.854458ms] ERR:404 body={"strategy":"-android uiautomator","selector":"new UiSelector().descriptionMatches(\"(?is).*\\QDefin...
14:05:48.010333 POST /session/7367f8b0-dd8c-4fc3-a42e-6565b2318bab/element [8.22325ms] ERR:404 body={"strategy":"-android uiautomator","selector":"new UiSelector().textContains(\"Definitely Not Here\"...
14:05:48.016942 POST /session/7367f8b0-dd8c-4fc3-a42e-6565b2318bab/element [6.566375ms] ERR:404 body={"strategy":"-android uiautomator","selector":"new UiSelector().descriptionContains(\"Definitely Not...
14:05:48.022679 POST /session/7367f8b0-dd8c-4fc3-a42e-6565b2318bab/element [5.705792ms] ERR:404 body={"strategy":"-android uiautomator","selector":"new UiSelector().textMatches(\"(?is).*\\QDefinitely N...
14:05:48.028977 POST /session/7367f8b0-dd8c-4fc3-a42e-6565b2318bab/element [6.261666ms] ERR:404 body={"strategy":"-android uiautomator","selector":"new UiSelector().descriptionMatches(\"(?is).*\\QDefin...
14:05:48.037763 POST /session/7367f8b0-dd8c-4fc3-a42e-6565b2318bab/element [8.744666ms] ERR:404 body={"strategy":"-android uiautomator","selector":"new UiSelector().textContains(\"Definitely Not Here\"...
14:05:48.043968 POST /session/7367f8b0-dd8c-4fc3-a42e-6565b2318bab/element [6.168ms] ERR:404 body={"strategy":"-android uiautomator","selector":"new UiSelector().descriptionContains(\"Definitely Not...
14:05:48.051351 POST /session/7367f8b0-dd8c-4fc3-a42e-6565b2318bab/element [7.354708ms] ERR:404 body={"strategy":"-android uiautomator","selector":"new UiSelector().textMatches(\"(?is).*\\QDefinitely N...
14:05:48.059309 POST /session/7367f8b0-dd8c-4fc3-a42e-6565b2318bab/element [7.902583ms] ERR:404 body={"strategy":"-android uiautomator","selector":"new UiSelector().descriptionMatches(\"(?is).*\\QDefin...
14:05:48.067070 POST /session/7367f8b0-dd8c-4fc3-a42e-6565b2318bab/element [7.692709ms] ERR:404 body={"strategy":"-android uiautomator","selector":"new UiSelector().textContains(\"Definitely Not Here\"...
14:05:48.074880 POST /session/7367f8b0-dd8c-4fc3-a42e-6565b2318bab/element [7.772791ms] ERR:404 body={"strategy":"-android uiautomator","selector":"new UiSelector().descriptionContains(\"Definitely Not...
14:05:48.083784 POST /session/7367f8b0-dd8c-4fc3-a42e-6565b2318bab/element [8.852334ms] ERR:404 body={"strategy":"-android uiautomator","selector":"new UiSelector().textMatches(\"(?is).*\\QDefinitely N...
14:05:48.090479 POST /session/7367f8b0-dd8c-4fc3-a42e-6565b2318bab/element [6.653125ms] ERR:404 body={"strategy":"-android uiautomator","selector":"new UiSelector().descriptionMatches(\"(?is).*\\QDefin...
14:05:48.098064 POST /session/7367f8b0-dd8c-4fc3-a42e-6565b2318bab/element [7.543666ms] ERR:404 body={"strategy":"-android uiautomator","selector":"new UiSelector().textContains(\"Definitely Not Here\"...
14:05:48.105815 POST /session/7367f8b0-dd8c-4fc3-a42e-6565b2318bab/element [7.7155ms] ERR:404 body={"strategy":"-android uiautomator","selector":"new UiSelector().descriptionContains(\"Definitely Not...
14:05:48.115427 POST /session/7367f8b0-dd8c-4fc3-a42e-6565b2318bab/element [9.450958ms] ERR:404 body={"strategy":"-android uiautomator","selector":"new UiSelector().textMatches(\"(?is).*\\QDefinitely N...
14:05:48.125427 POST /session/7367f8b0-dd8c-4fc3-a42e-6565b2318bab/element [9.948333ms] ERR:404 body={"strategy":"-android uiautomator","selector":"new UiSelector().descriptionMatches(\"(?is).*\\QDefin...
14:05:48.133417 POST /session/7367f8b0-dd8c-4fc3-a42e-6565b2318bab/element [7.942ms] ERR:404 body={"strategy":"-android uiautomator","selector":"new UiSelector().textContains(\"Definitely Not Here\"...
14:05:48.141394 POST /session/7367f8b0-dd8c-4fc3-a42e-6565b2318bab/element [7.927459ms] ERR:404 body={"strategy":"-android uiautomator","selector":"new UiSelector().descriptionContains(\"Definitely Not...
14:05:48.149918 POST /session/7367f8b0-dd8c-4fc3-a42e-6565b2318bab/element [8.486125ms] ERR:404 body={"strategy":"-android uiautomator","selector":"new UiSelector().textMatches(\"(?is).*\\QDefinitely N...
14:05:48.158554 POST /session/7367f8b0-dd8c-4fc3-a42e-6565b2318bab/element [8.59825ms] ERR:404 body={"strategy":"-android uiautomator","selector":"new UiSelector().descriptionMatches(\"(?is).*\\QDefin...
14:05:48.165612 POST /session/7367f8b0-dd8c-4fc3-a42e-6565b2318bab/element [7.015084ms] ERR:404 body={"strategy":"-android uiautomator","selector":"new UiSelector().textContains(\"Definitely Not Here\"...
14:05:48.173430 POST /session/7367f8b0-dd8c-4fc3-a42e-6565b2318bab/element [7.782208ms] ERR:404 body={"strategy":"-android uiautomator","selector":"new UiSelector().descriptionContains(\"Definitely Not...
14:05:48.180047 POST /session/7367f8b0-dd8c-4fc3-a42e-6565b2318bab/element [6.586167ms] ERR:404 body={"strategy":"-android uiautomator","selector":"new UiSelector().textMatches(\"(?is).*\\QDefinitely N...
14:05:48.189130 POST /session/7367f8b0-dd8c-4fc3-a42e-6565b2318bab/element [9.044459ms] ERR:404 body={"strategy":"-android uiautomator","selector":"new UiSelector().descriptionMatches(\"(?is).*\\QDefin...
14:05:48.197616 POST /session/7367f8b0-dd8c-4fc3-a42e-6565b2318bab/element [8.441333ms] ERR:404 body={"strategy":"-android uiautomator","selector":"new UiSelector().textContains(\"Definitely Not Here\"...
14:05:48.206004 POST /session/7367f8b0-dd8c-4fc3-a42e-6565b2318bab/element [8.3505ms] ERR:404 body={"strategy":"-android uiautomator","selector":"new UiSelector().descriptionContains(\"Definitely Not...
14:05:48.214541 POST /session/7367f8b0-dd8c-4fc3-a42e-6565b2318bab/element [8.500791ms] ERR:404 body={"strategy":"-android uiautomator","selector":"new UiSelector().textMatches(\"(?is).*\\QDefinitely N...
14:05:48.222388 POST /session/7367f8b0-dd8c-4fc3-a42e-6565b2318bab/element [7.8065ms] ERR:404 body={"strategy":"-android uiautomator","selector":"new UiSelector().descriptionMatches(\"(?is).*\\QDefin...
14:05:48.230982 POST /session/7367f8b0-dd8c-4fc3-a42e-6565b2318bab/element [8.560792ms] ERR:404 body={"strategy":"-android uiautomator","selector":"new UiSelector().textContains(\"Definitely Not Here\"...
14:05:48.235570 POST /session/7367f8b0-dd8c-4fc3-a42e-6565b2318bab/element [4.558542ms] ERR:404 body={"strategy":"-android uiautomator","selector":"new UiSelector().descriptionContains(\"Definitely Not...
14:05:48.243328 POST /session/7367f8b0-dd8c-4fc3-a42e-6565b2318bab/element [7.729208ms] ERR:404 body={"strategy":"-android uiautomator","selector":"new UiSelector().textMatches(\"(?is).*\\QDefinitely N...
14:05:48.251082 POST /session/7367f8b0-dd8c-4fc3-a42e-6565b2318bab/element [7.726292ms] ERR:404 body={"strategy":"-android uiautomator","selector":"new UiSelector().descriptionMatches(\"(?is).*\\QDefin...
14:05:48.257355 POST /session/7367f8b0-dd8c-4fc3-a42e-6565b2318bab/element [6.244292ms] ERR:404 body={"strategy":"-android uiautomator","selector":"new UiSelector().textContains(\"Definitely Not Here\"...
14:05:48.264194 POST /session/7367f8b0-dd8c-4fc3-a42e-6565b2318bab/element [6.797959ms] ERR:404 body={"strategy":"-android uiautomator","selector":"new UiSelector().descriptionContains(\"Definitely Not...
14:05:48.273299 POST /session/7367f8b0-dd8c-4fc3-a42e-6565b2318bab/element [9.067667ms] ERR:404 body={"strategy":"-android uiautomator","selector":"new UiSelector().textMatches(\"(?is).*\\QDefinitely N...
14:05:48.281367 POST /session/7367f8b0-dd8c-4fc3-a42e-6565b2318bab/element [8.021ms] ERR:404 body={"strategy":"-android uiautomator","selector":"new UiSelector().descriptionMatches(\"(?is).*\\QDefin...
14:05:48.290264 POST /session/7367f8b0-dd8c-4fc3-a42e-6565b2318bab/element [8.859167ms] ERR:404 body={"strategy":"-android uiautomator","selector":"new UiSelector().textContains(\"Definitely Not Here\"...
14:05:48.297040 POST /session/7367f8b0-dd8c-4fc3-a42e-6565b2318bab/element [6.737709ms] ERR:404 body={"strategy":"-android uiautomator","selector":"new UiSelector().descriptionContains(\"Definitely Not...
14:05:48.304540 POST /session/7367f8b0-dd8c-4fc3-a42e-6565b2318bab/element [7.469458ms] ERR:404 body={"strategy":"-android uiautomator","selector":"new UiSelector().textMatches(\"(?is).*\\QDefinitely N...
14:05:48.311503 POST /session/7367f8b0-dd8c-4fc3-a42e-6565b2318bab/element [6.93275ms] ERR:404 body={"strategy":"-android uiautomator","selector":"new UiSelector().descriptionMatches(\"(?is).*\\QDefin...
14:05:48.318665 POST /session/7367f8b0-dd8c-4fc3-a42e-6565b2318bab/element [7.125375ms] ERR:404 body={"strategy":"-android uiautomator","selector":"new UiSelector().textContains(\"Definitely Not Here\"...
14:05:48.326377 POST /session/7367f8b0-dd8c-4fc3-a42e-6565b2318bab/element [7.669083ms] ERR:404 body={"strategy":"-android uiautomator","selector":"new UiSelector().descriptionContains(\"Definitely Not...
14:05:48.335380 POST /session/7367f8b0-dd8c-4fc3-a42e-6565b2318bab/element [8.957333ms] ERR:404 body={"strategy":"-android uiautomator","selector":"new UiSelector().textMatches(\"(?is).*\\QDefinitely N...
14:05:48.343558 POST /session/7367f8b0-dd8c-4fc3-a42e-6565b2318bab/element [8.121666ms] ERR:404 body={"strategy":"-android uiautomator","selector":"new UiSelector().descriptionMatches(\"(?is).*\\QDefin...
14:05:48.353769 POST /session/7367f8b0-dd8c-4fc3-a42e-6565b2318bab/element [10.161167ms] ERR:404 body={"strategy":"-android uiautomator","selector":"new UiSelector().textContains(\"Definitely Not Here\"...
14:05:48.363653 POST /session/7367f8b0-dd8c-4fc3-a42e-6565b2318bab/element [9.833ms] ERR:404 body={"strategy":"-android uiautomator","selector":"new UiSelector().descriptionContains(\"Definitely Not...
14:05:48.371435 POST /session/7367f8b0-dd8c-4fc3-a42e-6565b2318bab/element [7.729083ms] ERR:404 body={"strategy":"-android uiautomator","selector":"new UiSelector().textMatches(\"(?is).*\\QDefinitely N...
14:05:48.378360 POST /session/7367f8b0-dd8c-4fc3-a42e-6565b2318bab/element [6.880958ms] ERR:404 body={"strategy":"-android uiautomator","selector":"new UiSelector().descriptionMatches(\"(?is).*\\QDefin...
14:05:48.385776 POST /session/7367f8b0-dd8c-4fc3-a42e-6565b2318bab/element [7.367959ms] ERR:404 body={"strategy":"-android uiautomator","selector":"new UiSelector().textContains(\"Definitely Not Here\"...
14:05:48.392946 POST /session/7367f8b0-dd8c-4fc3-a42e-6565b2318bab/element [7.125541ms] ERR:404 body={"strategy":"-android uiautomator","selector":"new UiSelector().descriptionContains(\"Definitely Not...
14:05:48.401684 POST /session/7367f8b0-dd8c-4fc3-a42e-6565b2318bab/element [8.702084ms] ERR:404 body={"strategy":"-android uiautomator","selector":"new UiSelector().textMatches(\"(?is).*\\QDefinitely N...
14:05:48.407895 POST /session/7367f8b0-dd8c-4fc3-a42e-6565b2318bab/element [6.171458ms] ERR:404 body={"strategy":"-android uiautomator","selector":"new UiSelector().descriptionMatches(\"(?is).*\\QDefin...
14:05:48.415889 POST /session/7367f8b0-dd8c-4fc3-a42e-6565b2318bab/element [7.957084ms] ERR:404 body={"strategy":"-android uiautomator","selector":"new UiSelector().textContains(\"Definitely Not Here\"...
14:05:48.421605 POST /session/7367f8b0-dd8c-4fc3-a42e-6565b2318bab/element [5.665042ms] ERR:404 body={"strategy":"-android uiautomator","selector":"new UiSelector().descriptionContains(\"Definitely Not...
14:05:48.429101 POST /session/7367f8b0-dd8c-4fc3-a42e-6565b2318bab/element [7.461916ms] ERR:404 body={"strategy":"-android uiautomator","selector":"new UiSelector().textMatches(\"(?is).*\\QDefinitely N...
14:05:48.434748 POST /session/7367f8b0-dd8c-4fc3-a42e-6565b2318bab/element [5.6105ms] ERR:404 body={"strategy":"-android uiautomator","selector":"new UiSelector().descriptionMatches(\"(?is).*\\QDefin...
14:05:48.441948 POST /session/7367f8b0-dd8c-4fc3-a42e-6565b2318bab/element [7.174458ms] ERR:404 body={"strategy":"-android uiautomator","selector":"new UiSelector().textContains(\"Definitely Not Here\"...
14:05:48.449256 POST /session/7367f8b0-dd8c-4fc3-a42e-6565b2318bab/element [7.278083ms] ERR:404 body={"strategy":"-android uiautomator","selector":"new UiSelector().descriptionContains(\"Definitely Not...
14:05:48.458372 POST /session/7367f8b0-dd8c-4fc3-a42e-6565b2318bab/element [9.072542ms] ERR:404 body={"strategy":"-android uiautomator","selector":"new UiSelector().textMatches(\"(?is).*\\QDefinitely N...
14:05:48.463859 POST /session/7367f8b0-dd8c-4fc3-a42e-6565b2318bab/element [5.454292ms] ERR:404 body={"strategy":"-android uiautomator","selector":"new UiSelector().descriptionMatches(\"(?is).*\\QDefin...
14:05:48.469757 POST /session/7367f8b0-dd8c-4fc3-a42e-6565b2318bab/element [5.8655ms] ERR:404 body={"strategy":"-android uiautomator","selector":"new UiSelector().textContains(\"Definitely Not Here\"...
14:05:48.480956 POST /session/7367f8b0-dd8c-4fc3-a42e-6565b2318bab/element [11.159958ms] ERR:404 body={"strategy":"-android uiautomator","selector":"new UiSelector().descriptionContains(\"Definitely Not...
14:05:48.492635 POST /session/7367f8b0-dd8c-4fc3-a42e-6565b2318bab/element [11.619875ms] ERR:404 body={"strategy":"-android uiautomator","selector":"new UiSelector().textMatches(\"(?is).*\\QDefinitely N...
14:05:48.503682 POST /session/7367f8b0-dd8c-4fc3-a42e-6565b2318bab/element [10.985833ms] ERR:404 body={"strategy":"-android uiautomator","selector":"new UiSelector().descriptionMatches(\"(?is).*\\QDefin...
14:05:48.513877 POST /session/7367f8b0-dd8c-4fc3-a42e-6565b2318bab/element [10.130083ms] ERR:404 body={"strategy":"-android uiautomator","selector":"new UiSelector().textContains(\"Definitely Not Here\"...
14:05:48.521600 POST /session/7367f8b0-dd8c-4fc3-a42e-6565b2318bab/element [7.67275ms] ERR:404 body={"strategy":"-android uiautomator","selector":"new UiSelector().descriptionContains(\"Definitely Not...
14:05:48.527711 POST /session/7367f8b0-dd8c-4fc3-a42e-6565b2318bab/element [6.053125ms] ERR:404 body={"strategy":"-android uiautomator","selector":"new UiSelector().textMatches(\"(?is).*\\QDefinitely N...
14:05:48.536976 POST /session/7367f8b0-dd8c-4fc3-a42e-6565b2318bab/element [9.210583ms] ERR:404 body={"strategy":"-android uiautomator","selector":"new UiSelector().descriptionMatches(\"(?is).*\\QDefin...
14:05:48.546613 POST /session/7367f8b0-dd8c-4fc3-a42e-6565b2318bab/element [9.581125ms] ERR:404 body={"strategy":"-android uiautomator","selector":"new UiSelector().textContains(\"Definitely Not Here\"...
14:05:48.553503 POST /session/7367f8b0-dd8c-4fc3-a42e-6565b2318bab/element [6.825792ms] ERR:404 body={"strategy":"-android uiautomator","selector":"new UiSelector().descriptionContains(\"Definitely Not...
14:05:48.563374 POST /session/7367f8b0-dd8c-4fc3-a42e-6565b2318bab/element [9.799458ms] ERR:404 body={"strategy":"-android uiautomator","selector":"new UiSelector().textMatches(\"(?is).*\\QDefinitely N...
14:05:48.574258 POST /session/7367f8b0-dd8c-4fc3-a42e-6565b2318bab/element [10.810875ms] ERR:404 body={"strategy":"-android uiautomator","selector":"new UiSelector().descriptionMatches(\"(?is).*\\QDefin...
14:05:48.584994 POST /session/7367f8b0-dd8c-4fc3-a42e-6565b2318bab/element [10.675584ms] ERR:404 body={"strategy":"-android uiautomator","selector":"new UiSelector().textContains(\"Definitely Not Here\"...
14:05:48.593794 POST /session/7367f8b0-dd8c-4fc3-a42e-6565b2318bab/element [8.734375ms] ERR:404 body={"strategy":"-android uiautomator","selector":"new UiSelector().descriptionContains(\"Definitely Not...
14:05:48.604000 POST /session/7367f8b0-dd8c-4fc3-a42e-6565b2318bab/element [10.147042ms] ERR:404 body={"strategy":"-android uiautomator","selector":"new UiSelector().textMatches(\"(?is).*\\QDefinitely N...
14:05:48.611228 POST /session/7367f8b0-dd8c-4fc3-a42e-6565b2318bab/element [7.148375ms] ERR:404 body={"strategy":"-android uiautomator","selector":"new UiSelector().descriptionMatches(\"(?is).*\\QDefin...
14:05:48.619176 POST /session/7367f8b0-dd8c-4fc3-a42e-6565b2318bab/element [7.882292ms] ERR:404 body={"strategy":"-android uiautomator","selector":"new UiSelector().textContains(\"Definitely Not Here\"...
14:05:48.626298 POST /session/7367f8b0-dd8c-4fc3-a42e-6565b2318bab/element [7.066041ms] ERR:404 body={"strategy":"-android uiautomator","selector":"new UiSelector().descriptionContains(\"Definitely Not...
14:05:48.637198 POST /session/7367f8b0-dd8c-4fc3-a42e-6565b2318bab/element [10.849458ms] ERR:404 body={"strategy":"-android uiautomator","selector":"new UiSelector().textMatches(\"(?is).*\\QDefinitely N...
14:05:48.649337 POST /session/7367f8b0-dd8c-4fc3-a42e-6565b2318bab/element [11.864666ms] ERR:404 body={"strategy":"-android uiautomator","selector":"new UiSelector().descriptionMatches(\"(?is).*\\QDefin...
14:05:48.658533 POST /session/7367f8b0-dd8c-4fc3-a42e-6565b2318bab/element [9.127292ms] ERR:404 body={"strategy":"-android uiautomator","selector":"new UiSelector().textContains(\"Definitely Not Here\"...
14:05:48.666272 POST /session/7367f8b0-dd8c-4fc3-a42e-6565b2318bab/element [7.6705ms] ERR:404 body={"strategy":"-android uiautomator","selector":"new UiSelector().descriptionContains(\"Definitely Not...
14:05:48.673870 POST /session/7367f8b0-dd8c-4fc3-a42e-6565b2318bab/element [7.544917ms] ERR:404 body={"strategy":"-android uiautomator","selector":"new UiSelector().textMatches(\"(?is).*\\QDefinitely N...
14:05:48.681877 POST /session/7367f8b0-dd8c-4fc3-a42e-6565b2318bab/element [7.950625ms] ERR:404 body={"strategy":"-android uiautomator","selector":"new UiSelector().descriptionMatches(\"(?is).*\\QDefin...
14:05:48.690429 POST /session/7367f8b0-dd8c-4fc3-a42e-6565b2318bab/element [8.344834ms] ERR:404 body={"strategy":"-android uiautomator","selector":"new UiSelector().textContains(\"Definitely Not Here\"...
14:05:48.697613 POST /session/7367f8b0-dd8c-4fc3-a42e-6565b2318bab/element [7.135541ms] ERR:404 body={"strategy":"-android uiautomator","selector":"new UiSelector().descriptionContains(\"Definitely Not...
14:05:48.709329 POST /session/7367f8b0-dd8c-4fc3-a42e-6565b2318bab/element [11.669334ms] ERR:404 body={"strategy":"-android uiautomator","selector":"new UiSelector().textMatches(\"(?is).*\\QDefinitely N...
14:05:48.719782 POST /session/7367f8b0-dd8c-4fc3-a42e-6565b2318bab/element [10.381792ms] ERR:404 body={"strategy":"-android uiautomator","selector":"new UiSelector().descriptionMatches(\"(?is).*\\QDefin...
14:05:48.729731 POST /session/7367f8b0-dd8c-4fc3-a42e-6565b2318bab/element [9.869958ms] ERR:404 body={"strategy":"-android uiautomator","selector":"new UiSelector().textContains(\"Definitely Not Here\"...
14:05:48.736417 POST /session/7367f8b0-dd8c-4fc3-a42e-6565b2318bab/element [6.627625ms] ERR:404 body={"strategy":"-android uiautomator","selector":"new UiSelector().descriptionContains(\"Definitely Not...
14:05:48.741829 POST /session/7367f8b0-dd8c-4fc3-a42e-6565b2318bab/element [5.356459ms] ERR:404 body={"strategy":"-android uiautomator","selector":"new UiSelector().textMatches(\"(?is).*\\QDefinitely N...
14:05:48.749917 POST /session/7367f8b0-dd8c-4fc3-a42e-6565b2318bab/element [8.033292ms] ERR:404 body={"strategy":"-android uiautomator","selector":"new UiSelector().descriptionMatches(\"(?is).*\\QDefin...
14:05:48.760225 POST /session/7367f8b0-dd8c-4fc3-a42e-6565b2318bab/element [10.257041ms] ERR:404 body={"strategy":"-android uiautomator","selector":"new UiSelector().textContains(\"Definitely Not Here\"...
14:05:48.768340 POST /session/7367f8b0-dd8c-4fc3-a42e-6565b2318bab/element [8.064083ms] ERR:404 body={"strategy":"-android uiautomator","selector":"new UiSelector().descriptionContains(\"Definitely Not...
14:05:48.775835 POST /session/7367f8b0-dd8c-4fc3-a42e-6565b2318bab/element [7.436459ms] ERR:404 body={"strategy":"-android uiautomator","selector":"new UiSelector().textMatches(\"(?is).*\\QDefinitely N...
14:05:48.781462 POST /session/7367f8b0-dd8c-4fc3-a42e-6565b2318bab/element [5.582042ms] ERR:404 body={"strategy":"-android uiautomator","selector":"new UiSelector().descriptionMatches(\"(?is).*\\QDefin...
14:05:48.788378 POST /session/7367f8b0-dd8c-4fc3-a42e-6565b2318bab/element [6.870625ms] ERR:404 body={"strategy":"-android uiautomator","selector":"new UiSelector().textContains(\"Definitely Not Here\"...
14:05:48.793092 POST /session/7367f8b0-dd8c-4fc3-a42e-6565b2318bab/element [4.659417ms] ERR:404 body={"strategy":"-android uiautomator","selector":"new UiSelector().descriptionContains(\"Definitely Not...
14:05:48.802856 POST /session/7367f8b0-dd8c-4fc3-a42e-6565b2318bab/element [9.718125ms] ERR:404 body={"strategy":"-android uiautomator","selector":"new UiSelector().textMatches(\"(?is).*\\QDefinitely N...
14:05:48.809971 POST /session/7367f8b0-dd8c-4fc3-a42e-6565b2318bab/element [7.072625ms] ERR:404 body={"strategy":"-android uiautomator","selector":"new UiSelector().descriptionMatches(\"(?is).*\\QDefin...
14:05:48.823623 POST /session/7367f8b0-dd8c-4fc3-a42e-6565b2318bab/element [13.601042ms] ERR:404 body={"strategy":"-android uiautomator","selector":"new UiSelector().textContains(\"Definitely Not Here\"...
14:05:48.830298 POST /session/7367f8b0-dd8c-4fc3-a42e-6565b2318bab/element [6.628417ms] ERR:404 body={"strategy":"-android uiautomator","selector":"new UiSelector().descriptionContains(\"Definitely Not...
14:05:48.838378 POST /session/7367f8b0-dd8c-4fc3-a42e-6565b2318bab/element [8.030666ms] ERR:404 body={"strategy":"-android uiautomator","selector":"new UiSelector().textMatches(\"(?is).*\\QDefinitely N...
14:05:48.845834 POST /session/7367f8b0-dd8c-4fc3-a42e-6565b2318bab/element [7.396041ms] ERR:404 body={"strategy":"-android uiautomator","selector":"new UiSelector().descriptionMatches(\"(?is).*\\QDefin...
14:05:48.854921 POST /session/7367f8b0-dd8c-4fc3-a42e-6565b2318bab/element [9.043125ms] ERR:404 body={"strategy":"-android uiautomator","selector":"new UiSelector().textContains(\"Definitely Not Here\"...
14:05:48.861839 POST /session/7367f8b0-dd8c-4fc3-a42e-6565b2318bab/element [6.859583ms] ERR:404 body={"strategy":"-android uiautomator","selector":"new UiSelector().descriptionContains(\"Definitely Not...
14:05:48.869471 POST /session/7367f8b0-dd8c-4fc3-a42e-6565b2318bab/element [7.589125ms] ERR:404 body={"strategy":"-android uiautomator","selector":"new UiSelector().textMatches(\"(?is).*\\QDefinitely N...
14:05:48.877494 POST /session/7367f8b0-dd8c-4fc3-a42e-6565b2318bab/element [7.967791ms] ERR:404 body={"strategy":"-android uiautomator","selector":"new UiSelector().descriptionMatches(\"(?is).*\\QDefin...
14:05:48.889639 POST /session/7367f8b0-dd8c-4fc3-a42e-6565b2318bab/element [12.024958ms] ERR:404 body={"strategy":"-android uiautomator","selector":"new UiSelector().textContains(\"Definitely Not Here\"...
14:05:48.900393 POST /session/7367f8b0-dd8c-4fc3-a42e-6565b2318bab/element [10.695917ms] ERR:404 body={"strategy":"-android uiautomator","selector":"new UiSelector().descriptionContains(\"Definitely Not...
14:05:48.909268 POST /session/7367f8b0-dd8c-4fc3-a42e-6565b2318bab/element [8.81ms] ERR:404 body={"strategy":"-android uiautomator","selector":"new UiSelector().textMatches(\"(?is).*\\QDefinitely N...
14:05:48.917973 POST /session/7367f8b0-dd8c-4fc3-a42e-6565b2318bab/element [8.577ms] ERR:404 body={"strategy":"-android uiautomator","selector":"new UiSelector().descriptionMatches(\"(?is).*\\QDefin...
14:05:48.926399 POST /session/7367f8b0-dd8c-4fc3-a42e-6565b2318bab/element [8.376917ms] ERR:404 body={"strategy":"-android uiautomator","selector":"new UiSelector().textContains(\"Definitely Not Here\"...
14:05:48.932676 POST /session/7367f8b0-dd8c-4fc3-a42e-6565b2318bab/element [6.230084ms] ERR:404 body={"strategy":"-android uiautomator","selector":"new UiSelector().descriptionContains(\"Definitely Not...
14:05:48.940524 POST /session/7367f8b0-dd8c-4fc3-a42e-6565b2318bab/element [7.794875ms] ERR:404 body={"strategy":"-android uiautomator","selector":"new UiSelector().textMatches(\"(?is).*\\QDefinitely N...
14:05:48.950340 POST /session/7367f8b0-dd8c-4fc3-a42e-6565b2318bab/element [9.761958ms] ERR:404 body={"strategy":"-android uiautomator","selector":"new UiSelector().descriptionMatches(\"(?is).*\\QDefin...
14:05:48.957113 POST /session/7367f8b0-dd8c-4fc3-a42e-6565b2318bab/element [6.718459ms] ERR:404 body={"strategy":"-android uiautomator","selector":"new UiSelector().textContains(\"Definitely Not Here\"...
14:05:48.961700 POST /session/7367f8b0-dd8c-4fc3-a42e-6565b2318bab/element [4.527583ms] ERR:404 body={"strategy":"-android uiautomator","selector":"new UiSelector().descriptionContains(\"Definitely Not...
14:05:48.967119 POST /session/7367f8b0-dd8c-4fc3-a42e-6565b2318bab/element [5.375917ms] ERR:404 body={"strategy":"-android uiautomator","selector":"new UiSelector().textMatches(\"(?is).*\\QDefinitely N...
14:05:48.973954 POST /session/7367f8b0-dd8c-4fc3-a42e-6565b2318bab/element [6.797333ms] ERR:404 body={"strategy":"-android uiautomator","selector":"new UiSelector().descriptionMatches(\"(?is).*\\QDefin...
14:05:48.980632 POST /session/7367f8b0-dd8c-4fc3-a42e-6565b2318bab/element [6.626ms] ERR:404 body={"strategy":"-android uiautomator","selector":"new UiSelector().textContains(\"Definitely Not Here\"...
14:05:48.988316 POST /session/7367f8b0-dd8c-4fc3-a42e-6565b2318bab/element [7.644ms] ERR:404 body={"strategy":"-android uiautomator","selector":"new UiSelector().descriptionContains(\"Definitely Not...
14:05:48.995225 POST /session/7367f8b0-dd8c-4fc3-a42e-6565b2318bab/element [6.869875ms] ERR:404 body={"strategy":"-android uiautomator","selector":"new UiSelector().textMatches(\"(?is).*\\QDefinitely N...
14:05:49.002274 POST /session/7367f8b0-dd8c-4fc3-a42e-6565b2318bab/element [6.844666ms] ERR:404 body={"strategy":"-android uiautomator","selector":"new UiSelector().descriptionMatches(\"(?is).*\\QDefin...
14:05:49.009082 POST /session/7367f8b0-dd8c-4fc3-a42e-6565b2318bab/element [6.762041ms] ERR:404 body={"strategy":"-android uiautomator","selector":"new UiSelector().textContains(\"Definitely Not Here\"...
14:05:49.016538 POST /session/7367f8b0-dd8c-4fc3-a42e-6565b2318bab/element [7.407ms] ERR:404 body={"strategy":"-android uiautomator","selector":"new UiSelector().descriptionContains(\"Definitely Not...
14:05:49.024454 POST /session/7367f8b0-dd8c-4fc3-a42e-6565b2318bab/element [7.871125ms] ERR:404 body={"strategy":"-android uiautomator","selector":"new UiSelector().textMatches(\"(?is).*\\QDefinitely N...
14:05:49.029968 POST /session/7367f8b0-dd8c-4fc3-a42e-6565b2318bab/element [5.462542ms] ERR:404 body={"strategy":"-android uiautomator","selector":"new UiSelector().descriptionMatches(\"(?is).*\\QDefin...
14:05:49.036870 POST /session/7367f8b0-dd8c-4fc3-a42e-6565b2318bab/element [6.852041ms] ERR:404 body={"strategy":"-android uiautomator","selector":"new UiSelector().textContains(\"Definitely Not Here\"...
14:05:49.045305 POST /session/7367f8b0-dd8c-4fc3-a42e-6565b2318bab/element [8.393917ms] ERR:404 body={"strategy":"-android uiautomator","selector":"new UiSelector().descriptionContains(\"Definitely Not...
14:05:49.052555 POST /session/7367f8b0-dd8c-4fc3-a42e-6565b2318bab/element [7.196375ms] ERR:404 body={"strategy":"-android uiautomator","selector":"new UiSelector().textMatches(\"(?is).*\\QDefinitely N...
14:05:49.060359 POST /session/7367f8b0-dd8c-4fc3-a42e-6565b2318bab/element [7.75075ms] ERR:404 body={"strategy":"-android uiautomator","selector":"new UiSelector().descriptionMatches(\"(?is).*\\QDefin...
14:05:49.065676 POST /session/7367f8b0-dd8c-4fc3-a42e-6565b2318bab/element [5.2625ms] ERR:404 body={"strategy":"-android uiautomator","selector":"new UiSelector().textContains(\"Definitely Not Here\"...
14:05:49.072926 POST /session/7367f8b0-dd8c-4fc3-a42e-6565b2318bab/element [7.203458ms] ERR:404 body={"strategy":"-android uiautomator","selector":"new UiSelector().descriptionContains(\"Definitely Not...
14:05:49.080900 POST /session/7367f8b0-dd8c-4fc3-a42e-6565b2318bab/element [7.91625ms] ERR:404 body={"strategy":"-android uiautomator","selector":"new UiSelector().textMatches(\"(?is).*\\QDefinitely N...
14:05:49.089836 POST /session/7367f8b0-dd8c-4fc3-a42e-6565b2318bab/element [8.890666ms] ERR:404 body={"strategy":"-android uiautomator","selector":"new UiSelector().descriptionMatches(\"(?is).*\\QDefin...
14:05:49.097495 POST /session/7367f8b0-dd8c-4fc3-a42e-6565b2318bab/element [7.612209ms] ERR:404 body={"strategy":"-android uiautomator","selector":"new UiSelector().textContains(\"Definitely Not Here\"...
14:05:49.105115 POST /session/7367f8b0-dd8c-4fc3-a42e-6565b2318bab/element [7.577208ms] ERR:404 body={"strategy":"-android uiautomator","selector":"new UiSelector().descriptionContains(\"Definitely Not...
14:05:49.113701 POST /session/7367f8b0-dd8c-4fc3-a42e-6565b2318bab/element [8.527083ms] ERR:404 body={"strategy":"-android uiautomator","selector":"new UiSelector().textMatches(\"(?is).*\\QDefinitely N...
14:05:49.126807 POST /session/7367f8b0-dd8c-4fc3-a42e-6565b2318bab/element [13.056333ms] ERR:404 body={"strategy":"-android uiautomator","selector":"new UiSelector().descriptionMatches(\"(?is).*\\QDefin...
14:05:49.133607 POST /session/7367f8b0-dd8c-4fc3-a42e-6565b2318bab/element [6.729375ms] ERR:404 body={"strategy":"-android uiautomator","selector":"new UiSelector().textContains(\"Definitely Not Here\"...
14:05:49.140814 POST /session/7367f8b0-dd8c-4fc3-a42e-6565b2318bab/element [7.162125ms] ERR:404 body={"strategy":"-android uiautomator","selector":"new UiSelector().descriptionContains(\"Definitely Not...
14:05:49.147325 POST /session/7367f8b0-dd8c-4fc3-a42e-6565b2318bab/element [6.467708ms] ERR:404 body={"strategy":"-android uiautomator","selector":"new UiSelector().textMatches(\"(?is).*\\QDefinitely N...
14:05:49.154498 POST /session/7367f8b0-dd8c-4fc3-a42e-6565b2318bab/element [7.124541ms] ERR:404 body={"strategy":"-android uiautomator","selector":"new UiSelector().descriptionMatches(\"(?is).*\\QDefin...
14:05:49.164355 POST /session/7367f8b0-dd8c-4fc3-a42e-6565b2318bab/element [9.811666ms] ERR:404 body={"strategy":"-android uiautomator","selector":"new UiSelector().textContains(\"Definitely Not Here\"...
14:05:49.172528 POST /session/7367f8b0-dd8c-4fc3-a42e-6565b2318bab/element [8.120584ms] ERR:404 body={"strategy":"-android uiautomator","selector":"new UiSelector().descriptionContains(\"Definitely Not...
14:05:49.179266 POST /session/7367f8b0-dd8c-4fc3-a42e-6565b2318bab/element [6.673ms] ERR:404 body={"strategy":"-android uiautomator","selector":"new UiSelector().textMatches(\"(?is).*\\QDefinitely N...
14:05:49.187449 POST /session/7367f8b0-dd8c-4fc3-a42e-6565b2318bab/element [8.13825ms] ERR:404 body={"strategy":"-android uiautomator","selector":"new UiSelector().descriptionMatches(\"(?is).*\\QDefin...
14:05:49.196426 POST /session/7367f8b0-dd8c-4fc3-a42e-6565b2318bab/element [8.927417ms] ERR:404 body={"strategy":"-android uiautomator","selector":"new UiSelector().textContains(\"Definitely Not Here\"...
14:05:49.204927 POST /session/7367f8b0-dd8c-4fc3-a42e-6565b2318bab/element [8.451958ms] ERR:404 body={"strategy":"-android uiautomator","selector":"new UiSelector().descriptionContains(\"Definitely Not...
14:05:49.211027 POST /session/7367f8b0-dd8c-4fc3-a42e-6565b2318bab/element [6.045ms] ERR:404 body={"strategy":"-android uiautomator","selector":"new UiSelector().textMatches(\"(?is).*\\QDefinitely N...
14:05:49.217931 POST /session/7367f8b0-dd8c-4fc3-a42e-6565b2318bab/element [6.850667ms] ERR:404 body={"strategy":"-android uiautomator","selector":"new UiSelector().descriptionMatches(\"(?is).*\\QDefin...
14:05:49.225086 POST /session/7367f8b0-dd8c-4fc3-a42e-6565b2318bab/element [7.104375ms] ERR:404 body={"strategy":"-android uiautomator","selector":"new UiSelector().textContains(\"Definitely Not Here\"...
14:05:49.231748 POST /session/7367f8b0-dd8c-4fc3-a42e-6565b2318bab/element [6.60675ms] ERR:404 body={"strategy":"-android uiautomator","selector":"new UiSelector().descriptionContains(\"Definitely Not...
14:05:49.240006 POST /session/7367f8b0-dd8c-4fc3-a42e-6565b2318bab/element [8.215917ms] ERR:404 body={"strategy":"-android uiautomator","selector":"new UiSelector().textMatches(\"(?is).*\\QDefinitely N...
14:05:49.248623 POST /session/7367f8b0-dd8c-4fc3-a42e-6565b2318bab/element [8.568417ms] ERR:404 body={"strategy":"-android uiautomator","selector":"new UiSelector().descriptionMatches(\"(?is).*\\QDefin...
14:05:49.257849 POST /session/7367f8b0-dd8c-4fc3-a42e-6565b2318bab/element [9.1755ms] ERR:404 body={"strategy":"-android uiautomator","selector":"new UiSelector().textContains(\"Definitely Not Here\"...
14:05:49.266477 POST /session/7367f8b0-dd8c-4fc3-a42e-6565b2318bab/element [8.567ms] ERR:404 body={"strategy":"-android uiautomator","selector":"new UiSelector().descriptionContains(\"Definitely Not...
14:05:49.274101 POST /session/7367f8b0-dd8c-4fc3-a42e-6565b2318bab/element [7.567ms] ERR:404 body={"strategy":"-android uiautomator","selector":"new UiSelector().textMatches(\"(?is).*\\QDefinitely N...
14:05:49.281968 POST /session/7367f8b0-dd8c-4fc3-a42e-6565b2318bab/element [7.806459ms] ERR:404 body={"strategy":"-android uiautomator","selector":"new UiSelector().descriptionMatches(\"(?is).*\\QDefin...
14:05:49.290301 POST /session/7367f8b0-dd8c-4fc3-a42e-6565b2318bab/element [8.266ms] ERR:404 body={"strategy":"-android uiautomator","selector":"new UiSelector().textContains(\"Definitely Not Here\"...
14:05:49.298239 POST /session/7367f8b0-dd8c-4fc3-a42e-6565b2318bab/element [7.887333ms] ERR:404 body={"strategy":"-android uiautomator","selector":"new UiSelector().descriptionContains(\"Definitely Not...
14:05:49.307570 POST /session/7367f8b0-dd8c-4fc3-a42e-6565b2318bab/element [9.282709ms] ERR:404 body={"strategy":"-android uiautomator","selector":"new UiSelector().textMatches(\"(?is).*\\QDefinitely N...
14:05:49.314536 POST /session/7367f8b0-dd8c-4fc3-a42e-6565b2318bab/element [6.903166ms] ERR:404 body={"strategy":"-android uiautomator","selector":"new UiSelector().descriptionMatches(\"(?is).*\\QDefin...
14:05:49.324546 POST /session/7367f8b0-dd8c-4fc3-a42e-6565b2318bab/element [9.949708ms] ERR:404 body={"strategy":"-android uiautomator","selector":"new UiSelector().textContains(\"Definitely Not Here\"...
14:05:49.332494 POST /session/7367f8b0-dd8c-4fc3-a42e-6565b2318bab/element [7.886416ms] ERR:404 body={"strategy":"-android uiautomator","selector":"new UiSelector().descriptionContains(\"Definitely Not...
14:05:49.340471 POST /session/7367f8b0-dd8c-4fc3-a42e-6565b2318bab/element [7.930375ms] ERR:404 body={"strategy":"-android uiautomator","selector":"new UiSelector().textMatches(\"(?is).*\\QDefinitely N...
14:05:49.348760 POST /session/7367f8b0-dd8c-4fc3-a42e-6565b2318bab/element [8.246458ms] ERR:404 body={"strategy":"-android uiautomator","selector":"new UiSelector().descriptionMatches(\"(?is).*\\QDefin...
14:05:49.355943 POST /session/7367f8b0-dd8c-4fc3-a42e-6565b2318bab/element [7.147041ms] ERR:404 body={"strategy":"-android uiautomator","selector":"new UiSelector().textContains(\"Definitely Not Here\"...
14:05:49.362671 POST /session/7367f8b0-dd8c-4fc3-a42e-6565b2318bab/element [6.696042ms] ERR:404 body={"strategy":"-android uiautomator","selector":"new UiSelector().descriptionContains(\"Definitely Not...
14:05:49.369228 POST /session/7367f8b0-dd8c-4fc3-a42e-6565b2318bab/element [6.517417ms] ERR:404 body={"strategy":"-android uiautomator","selector":"new UiSelector().textMatches(\"(?is).*\\QDefinitely N...
14:05:49.374909 POST /session/7367f8b0-dd8c-4fc3-a42e-6565b2318bab/element [5.647459ms] ERR:404 body={"strategy":"-android uiautomator","selector":"new UiSelector().descriptionMatches(\"(?is).*\\QDefin...
14:05:49.381192 POST /session/7367f8b0-dd8c-4fc3-a42e-6565b2318bab/element [6.251083ms] ERR:404 body={"strategy":"-android uiautomator","selector":"new UiSelector().textContains(\"Definitely Not Here\"...
14:05:49.388518 POST /session/7367f8b0-dd8c-4fc3-a42e-6565b2318bab/element [7.275375ms] ERR:404 body={"strategy":"-android uiautomator","selector":"new UiSelector().descriptionContains(\"Definitely Not...
14:05:49.395785 POST /session/7367f8b0-dd8c-4fc3-a42e-6565b2318bab/element [7.201166ms] ERR:404 body={"strategy":"-android uiautomator","selector":"new UiSelector().textMatches(\"(?is).*\\QDefinitely N...
14:05:49.404938 POST /session/7367f8b0-dd8c-4fc3-a42e-6565b2318bab/element [9.0945ms] ERR:404 body={"strategy":"-android uiautomator","selector":"new UiSelector().descriptionMatches(\"(?is).*\\QDefin...
14:05:49.414840 POST /session/7367f8b0-dd8c-4fc3-a42e-6565b2318bab/element [9.826541ms] ERR:404 body={"strategy":"-android uiautomator","selector":"new UiSelector().textContains(\"Definitely Not Here\"...
14:05:49.424265 POST /session/7367f8b0-dd8c-4fc3-a42e-6565b2318bab/element [9.358167ms] ERR:404 body={"strategy":"-android uiautomator","selector":"new UiSelector().descriptionContains(\"Definitely Not...
14:05:49.434470 POST /session/7367f8b0-dd8c-4fc3-a42e-6565b2318bab/element [10.126042ms] ERR:404 body={"strategy":"-android uiautomator","selector":"new UiSelector().textMatches(\"(?is).*\\QDefinitely N...
14:05:49.443459 POST /session/7367f8b0-dd8c-4fc3-a42e-6565b2318bab/element [8.836959ms] ERR:404 body={"strategy":"-android uiautomator","selector":"new UiSelector().descriptionMatches(\"(?is).*\\QDefin...
14:05:49.453199 POST /session/7367f8b0-dd8c-4fc3-a42e-6565b2318bab/element [9.66075ms] ERR:404 body={"strategy":"-android uiautomator","selector":"new UiSelector().textContains(\"Definitely Not Here\"...
14:05:49.460287 POST /session/7367f8b0-dd8c-4fc3-a42e-6565b2318bab/element [7.017459ms] ERR:404 body={"strategy":"-android uiautomator","selector":"new UiSelector().descriptionContains(\"Definitely Not...
14:05:49.470105 POST /session/7367f8b0-dd8c-4fc3-a42e-6565b2318bab/element [9.755375ms] ERR:404 body={"strategy":"-android uiautomator","selector":"new UiSelector().textMatches(\"(?is).*\\QDefinitely N...
14:05:49.481373 POST /session/7367f8b0-dd8c-4fc3-a42e-6565b2318bab/element [11.198416ms] ERR:404 body={"strategy":"-android uiautomator","selector":"new UiSelector().descriptionMatches(\"(?is).*\\QDefin...
14:05:49.492897 POST /session/7367f8b0-dd8c-4fc3-a42e-6565b2318bab/element [11.473875ms] ERR:404 body={"strategy":"-android uiautomator","selector":"new UiSelector().textContains(\"Definitely Not Here\"...
14:05:49.504434 POST /session/7367f8b0-dd8c-4fc3-a42e-6565b2318bab/element [11.474083ms] ERR:404 body={"strategy":"-android uiautomator","selector":"new UiSelector().descriptionContains(\"Definitely Not...
14:05:49.516878 POST /session/7367f8b0-dd8c-4fc3-a42e-6565b2318bab/element [12.376ms] ERR:404 body={"strategy":"-android uiautomator","selector":"new UiSelector().textMatches(\"(?is).*\\QDefinitely N...
14:05:49.526234 POST /session/7367f8b0-dd8c-4fc3-a42e-6565b2318bab/element [9.294209ms] ERR:404 body={"strategy":"-android uiautomator","selector":"new UiSelector().descriptionMatches(\"(?is).*\\QDefin...
14:05:49.534535 POST /session/7367f8b0-dd8c-4fc3-a42e-6565b2318bab/element [8.240833ms] ERR:404 body={"strategy":"-android uiautomator","selector":"new UiSelector().textContains(\"Definitely Not Here\"...
14:05:49.543784 POST /session/7367f8b0-dd8c-4fc3-a42e-6565b2318bab/element [9.196792ms] ERR:404 body={"strategy":"-android uiautomator","selector":"new UiSelector().descriptionContains(\"Definitely Not...
14:05:49.550656 POST /session/7367f8b0-dd8c-4fc3-a42e-6565b2318bab/element [6.778458ms] ERR:404 body={"strategy":"-android uiautomator","selector":"new UiSelector().textMatches(\"(?is).*\\QDefinitely N...
14:05:49.557905 POST /session/7367f8b0-dd8c-4fc3-a42e-6565b2318bab/element [7.187667ms] ERR:404 body={"strategy":"-android uiautomator","selector":"new UiSelector().descriptionMatches(\"(?is).*\\QDefin...
14:05:49.566382 POST /session/7367f8b0-dd8c-4fc3-a42e-6565b2318bab/element [8.412417ms] ERR:404 body={"strategy":"-android uiautomator","selector":"new UiSelector().textContains(\"Definitely Not Here\"...
14:05:49.573327 POST /session/7367f8b0-dd8c-4fc3-a42e-6565b2318bab/element [6.887167ms] ERR:404 body={"strategy":"-android uiautomator","selector":"new UiSelector().descriptionContains(\"Definitely Not...
14:05:49.581782 POST /session/7367f8b0-dd8c-4fc3-a42e-6565b2318bab/element [8.397834ms] ERR:404 body={"strategy":"-android uiautomator","selector":"new UiSelector().textMatches(\"(?is).*\\QDefinitely N...
14:05:49.593303 POST /session/7367f8b0-dd8c-4fc3-a42e-6565b2318bab/element [11.474958ms] ERR:404 body={"strategy":"-android uiautomator","selector":"new UiSelector().descriptionMatches(\"(?is).*\\QDefin...
14:05:49.603207 POST /session/7367f8b0-dd8c-4fc3-a42e-6565b2318bab/element [9.838292ms] ERR:404 body={"strategy":"-android uiautomator","selector":"new UiSelector().textContains(\"Definitely Not Here\"...
14:05:49.612132 POST /session/7367f8b0-dd8c-4fc3-a42e-6565b2318bab/element [8.863083ms] ERR:404 body={"strategy":"-android uiautomator","selector":"new UiSelector().descriptionContains(\"Definitely Not...
14:05:49.622383 POST /session/7367f8b0-dd8c-4fc3-a42e-6565b2318bab/element [10.195125ms] ERR:404 body={"strategy":"-android uiautomator","selector":"new UiSelector().textMatches(\"(?is).*\\QDefinitely N...
14:05:49.631469 POST /session/7367f8b0-dd8c-4fc3-a42e-6565b2318bab/element [9.025875ms] ERR:404 body={"strategy":"-android uiautomator","selector":"new UiSelector().descriptionMatches(\"(?is).*\\QDefin...
14:05:49.639473 POST /session/7367f8b0-dd8c-4fc3-a42e-6565b2318bab/element [7.950417ms] ERR:404 body={"strategy":"-android uiautomator","selector":"new UiSelector().textContains(\"Definitely Not Here\"...
14:05:49.648890 POST /session/7367f8b0-dd8c-4fc3-a42e-6565b2318bab/element [9.35575ms] ERR:404 body={"strategy":"-android uiautomator","selector":"new UiSelector().descriptionContains(\"Definitely Not...
14:05:49.658414 POST /session/7367f8b0-dd8c-4fc3-a42e-6565b2318bab/element [9.460875ms] ERR:404 body={"strategy":"-android uiautomator","selector":"new UiSelector().textMatches(\"(?is).*\\QDefinitely N...
14:05:49.670510 POST /session/7367f8b0-dd8c-4fc3-a42e-6565b2318bab/element [12.041167ms] ERR:404 body={"strategy":"-android uiautomator","selector":"new UiSelector().descriptionMatches(\"(?is).*\\QDefin...
14:05:49.678992 POST /session/7367f8b0-dd8c-4fc3-a42e-6565b2318bab/element [8.321ms] ERR:404 body={"strategy":"-android uiautomator","selector":"new UiSelector().textContains(\"Definitely Not Here\"...
14:05:49.686030 POST /session/7367f8b0-dd8c-4fc3-a42e-6565b2318bab/element [6.978584ms] ERR:404 body={"strategy":"-android uiautomator","selector":"new UiSelector().descriptionContains(\"Definitely Not...
14:05:49.693787 POST /session/7367f8b0-dd8c-4fc3-a42e-6565b2318bab/element [7.695084ms] ERR:404 body={"strategy":"-android uiautomator","selector":"new UiSelector().textMatches(\"(?is).*\\QDefinitely N...
14:05:49.702117 POST /session/7367f8b0-dd8c-4fc3-a42e-6565b2318bab/element [8.276ms] ERR:404 body={"strategy":"-android uiautomator","selector":"new UiSelector().descriptionMatches(\"(?is).*\\QDefin...
14:05:49.711253 POST /session/7367f8b0-dd8c-4fc3-a42e-6565b2318bab/element [9.073875ms] ERR:404 body={"strategy":"-android uiautomator","selector":"new UiSelector().textContains(\"Definitely Not Here\"...
14:05:49.720042 POST /session/7367f8b0-dd8c-4fc3-a42e-6565b2318bab/element [8.730666ms] ERR:404 body={"strategy":"-android uiautomator","selector":"new UiSelector().descriptionContains(\"Definitely Not...
14:05:49.728987 POST /session/7367f8b0-dd8c-4fc3-a42e-6565b2318bab/element [8.886042ms] ERR:404 body={"strategy":"-android uiautomator","selector":"new UiSelector().textMatches(\"(?is).*\\QDefinitely N...
14:05:49.736125 POST /session/7367f8b0-dd8c-4fc3-a42e-6565b2318bab/element [7.084625ms] ERR:404 body={"strategy":"-android uiautomator","selector":"new UiSelector().descriptionMatches(\"(?is).*\\QDefin...
14:05:49.746520 POST /session/7367f8b0-dd8c-4fc3-a42e-6565b2318bab/element [10.322875ms] ERR:404 body={"strategy":"-android uiautomator","selector":"new UiSelector().textContains(\"Definitely Not Here\"...
14:05:49.755558 POST /session/7367f8b0-dd8c-4fc3-a42e-6565b2318bab/element [8.98075ms] ERR:404 body={"strategy":"-android uiautomator","selector":"new UiSelector().descriptionContains(\"Definitely Not...
14:05:49.765974 POST /session/7367f8b0-dd8c-4fc3-a42e-6565b2318bab/element [10.3595ms] ERR:404 body={"strategy":"-android uiautomator","selector":"new UiSelector().textMatches(\"(?is).*\\QDefinitely N...
14:05:49.774774 POST /session/7367f8b0-dd8c-4fc3-a42e-6565b2318bab/element [8.737625ms] ERR:404 body={"strategy":"-android uiautomator","selector":"new UiSelector().descriptionMatches(\"(?is).*\\QDefin...
14:05:49.782553 POST /session/7367f8b0-dd8c-4fc3-a42e-6565b2318bab/element [7.713833ms] ERR:404 body={"strategy":"-android uiautomator","selector":"new UiSelector().textContains(\"Definitely Not Here\"...
14:05:49.795275 POST /session/7367f8b0-dd8c-4fc3-a42e-6565b2318bab/element [12.662625ms] ERR:404 body={"strategy":"-android uiautomator","selector":"new UiSelector().descriptionContains(\"Definitely Not...
14:05:49.806408 POST /session/7367f8b0-dd8c-4fc3-a42e-6565b2318bab/element [11.080125ms] ERR:404 body={"strategy":"-android uiautomator","selector":"new UiSelector().textMatches(\"(?is).*\\QDefinitely N...
14:05:49.813578 POST /session/7367f8b0-dd8c-4fc3-a42e-6565b2318bab/element [7.118083ms] ERR:404 body={"strategy":"-android uiautomator","selector":"new UiSelector().descriptionMatches(\"(?is).*\\QDefin...
14:05:49.821325 POST /session/7367f8b0-dd8c-4fc3-a42e-6565b2318bab/element [7.699917ms] ERR:404 body={"strategy":"-android uiautomator","selector":"new UiSelector().textContains(\"Definitely Not Here\"...
14:05:49.829972 POST /session/7367f8b0-dd8c-4fc3-a42e-6565b2318bab/element [8.585417ms] ERR:404 body={"strategy":"-android uiautomator","selector":"new UiSelector().descriptionContains(\"Definitely Not...
14:05:49.836706 POST /session/7367f8b0-dd8c-4fc3-a42e-6565b2318bab/element [6.677875ms] ERR:404 body={"strategy":"-android uiautomator","selector":"new UiSelector().textMatches(\"(?is).*\\QDefinitely N...
14:05:49.845182 POST /session/7367f8b0-dd8c-4fc3-a42e-6565b2318bab/element [8.42675ms] ERR:404 body={"strategy":"-android uiautomator","selector":"new UiSelector().descriptionMatches(\"(?is).*\\QDefin...
14:05:49.851812 POST /session/7367f8b0-dd8c-4fc3-a42e-6565b2318bab/element [6.582625ms] ERR:404 body={"strategy":"-android uiautomator","selector":"new UiSelector().textContains(\"Definitely Not Here\"...
14:05:49.858654 POST /session/7367f8b0-dd8c-4fc3-a42e-6565b2318bab/element [6.786ms] ERR:404 body={"strategy":"-android uiautomator","selector":"new UiSelector().descriptionContains(\"Definitely Not...
14:05:49.867457 POST /session/7367f8b0-dd8c-4fc3-a42e-6565b2318bab/element [8.746667ms] ERR:404 body={"strategy":"-android uiautomator","selector":"new UiSelector().textMatches(\"(?is).*\\QDefinitely N...
14:05:49.875539 POST /session/7367f8b0-dd8c-4fc3-a42e-6565b2318bab/element [8.008792ms] ERR:404 body={"strategy":"-android uiautomator","selector":"new UiSelector().descriptionMatches(\"(?is).*\\QDefin...
14:05:49.881658 POST /session/7367f8b0-dd8c-4fc3-a42e-6565b2318bab/element [6.057834ms] ERR:404 body={"strategy":"-android uiautomator","selector":"new UiSelector().textContains(\"Definitely Not Here\"...
14:05:49.888237 POST /session/7367f8b0-dd8c-4fc3-a42e-6565b2318bab/element [6.51875ms] ERR:404 body={"strategy":"-android uiautomator","selector":"new UiSelector().descriptionContains(\"Definitely Not...
14:05:49.896818 POST /session/7367f8b0-dd8c-4fc3-a42e-6565b2318bab/element [8.519416ms] ERR:404 body={"strategy":"-android uiautomator","selector":"new UiSelector().textMatches(\"(?is).*\\QDefinitely N...
14:05:49.903321 POST /session/7367f8b0-dd8c-4fc3-a42e-6565b2318bab/element [6.454291ms] ERR:404 body={"strategy":"-android uiautomator","selector":"new UiSelector().descriptionMatches(\"(?is).*\\QDefin...
14:05:49.910821 POST /session/7367f8b0-dd8c-4fc3-a42e-6565b2318bab/element [7.443667ms] ERR:404 body={"strategy":"-android uiautomator","selector":"new UiSelector().textContains(\"Definitely Not Here\"...
14:05:49.916069 POST /session/7367f8b0-dd8c-4fc3-a42e-6565b2318bab/element [5.201042ms] ERR:404 body={"strategy":"-android uiautomator","selector":"new UiSelector().descriptionContains(\"Definitely Not...
14:05:49.923489 POST /session/7367f8b0-dd8c-4fc3-a42e-6565b2318bab/element [7.368167ms] ERR:404 body={"strategy":"-android uiautomator","selector":"new UiSelector().textMatches(\"(?is).*\\QDefinitely N...
14:05:49.931038 POST /session/7367f8b0-dd8c-4fc3-a42e-6565b2318bab/element [7.499041ms] ERR:404 body={"strategy":"-android uiautomator","selector":"new UiSelector().descriptionMatches(\"(?is).*\\QDefin...
14:05:49.937696 POST /session/7367f8b0-dd8c-4fc3-a42e-6565b2318bab/element [6.618209ms] ERR:404 body={"strategy":"-android uiautomator","selector":"new UiSelector().textContains(\"Definitely Not Here\"...
14:05:49.945149 POST /session/7367f8b0-dd8c-4fc3-a42e-6565b2318bab/element [7.398833ms] ERR:404 body={"strategy":"-android uiautomator","selector":"new UiSelector().descriptionContains(\"Definitely Not...
14:05:49.950901 POST /session/7367f8b0-dd8c-4fc3-a42e-6565b2318bab/element [5.696417ms] ERR:404 body={"strategy":"-android uiautomator","selector":"new UiSelector().textMatches(\"(?is).*\\QDefinitely N...
14:05:49.957977 POST /session/7367f8b0-dd8c-4fc3-a42e-6565b2318bab/element [7.008167ms] ERR:404 body={"strategy":"-android uiautomator","selector":"new UiSelector().descriptionMatches(\"(?is).*\\QDefin...
14:05:49.965722 POST /session/7367f8b0-dd8c-4fc3-a42e-6565b2318bab/element [7.68225ms] ERR:404 body={"strategy":"-android uiautomator","selector":"new UiSelector().textContains(\"Definitely Not Here\"...
14:05:49.971998 POST /session/7367f8b0-dd8c-4fc3-a42e-6565b2318bab/element [6.22925ms] ERR:404 body={"strategy":"-android uiautomator","selector":"new UiSelector().descriptionContains(\"Definitely Not...
14:05:49.978922 POST /session/7367f8b0-dd8c-4fc3-a42e-6565b2318bab/element [6.866041ms] ERR:404 body={"strategy":"-android uiautomator","selector":"new UiSelector().textMatches(\"(?is).*\\QDefinitely N...
14:05:49.985310 POST /session/7367f8b0-dd8c-4fc3-a42e-6565b2318bab/element [6.347417ms] ERR:404 body={"strategy":"-android uiautomator","selector":"new UiSelector().descriptionMatches(\"(?is).*\\QDefin...
14:05:49.993693 POST /session/7367f8b0-dd8c-4fc3-a42e-6565b2318bab/element [8.33725ms] ERR:404 body={"strategy":"-android uiautomator","selector":"new UiSelector().textContains(\"Definitely Not Here\"...
14:05:50.001426 POST /session/7367f8b0-dd8c-4fc3-a42e-6565b2318bab/element [7.683042ms] ERR:404 body={"strategy":"-android uiautomator","selector":"new UiSelector().descriptionContains(\"Definitely Not...
14:05:50.010408 POST /session/7367f8b0-dd8c-4fc3-a42e-6565b2318bab/element [8.932208ms] ERR:404 body={"strategy":"-android uiautomator","selector":"new UiSelector().textMatches(\"(?is).*\\QDefinitely N...
14:05:50.017530 POST /session/7367f8b0-dd8c-4fc3-a42e-6565b2318bab/element [7.067292ms] ERR:404 body={"strategy":"-android uiautomator","selector":"new UiSelector().descriptionMatches(\"(?is).*\\QDefin...
14:05:50.024793 POST /session/7367f8b0-dd8c-4fc3-a42e-6565b2318bab/element [7.211166ms] ERR:404 body={"strategy":"-android uiautomator","selector":"new UiSelector().textContains(\"Definitely Not Here\"...
14:05:50.032536 POST /session/7367f8b0-dd8c-4fc3-a42e-6565b2318bab/element [7.681875ms] ERR:404 body={"strategy":"-android uiautomator","selector":"new UiSelector().descriptionContains(\"Definitely Not...
14:05:50.039972 POST /session/7367f8b0-dd8c-4fc3-a42e-6565b2318bab/element [7.389625ms] ERR:404 body={"strategy":"-android uiautomator","selector":"new UiSelector().textMatches(\"(?is).*\\QDefinitely N...
14:05:50.051675 POST /session/7367f8b0-dd8c-4fc3-a42e-6565b2318bab/element [11.653834ms] ERR:404 body={"strategy":"-android uiautomator","selector":"new UiSelector().descriptionMatches(\"(?is).*\\QDefin...
14:05:50.061926 POST /session/7367f8b0-dd8c-4fc3-a42e-6565b2318bab/element [10.206917ms] ERR:404 body={"strategy":"-android uiautomator","selector":"new UiSelector().textContains(\"Definitely Not Here\"...
14:05:50.069613 POST /session/7367f8b0-dd8c-4fc3-a42e-6565b2318bab/element [7.642083ms] ERR:404 body={"strategy":"-android uiautomator","selector":"new UiSelector().descriptionContains(\"Definitely Not...
14:05:50.075467 POST /session/7367f8b0-dd8c-4fc3-a42e-6565b2318bab/element [5.799083ms] ERR:404 body={"strategy":"-android uiautomator","selector":"new UiSelector().textMatches(\"(?is).*\\QDefinitely N...
14:05:50.083971 POST /session/7367f8b0-dd8c-4fc3-a42e-6565b2318bab/element [8.448667ms] ERR:404 body={"strategy":"-android uiautomator","selector":"new UiSelector().descriptionMatches(\"(?is).*\\QDefin...
14:05:50.094676 POST /session/7367f8b0-dd8c-4fc3-a42e-6565b2318bab/element [10.6405ms] ERR:404 body={"strategy":"-android uiautomator","selector":"new UiSelector().textContains(\"Definitely Not Here\"...
14:05:50.102402 POST /session/7367f8b0-dd8c-4fc3-a42e-6565b2318bab/element [7.678458ms] ERR:404 body={"strategy":"-android uiautomator","selector":"new UiSelector().descriptionContains(\"Definitely Not...
14:05:50.111598 POST /session/7367f8b0-dd8c-4fc3-a42e-6565b2318bab/element [9.147042ms] ERR:404 body={"strategy":"-android uiautomator","selector":"new UiSelector().textMatches(\"(?is).*\\QDefinitely N...
14:05:50.120219 POST /session/7367f8b0-dd8c-4fc3-a42e-6565b2318bab/element [8.567791ms] ERR:404 body={"strategy":"-android uiautomator","selector":"new UiSelector().descriptionMatches(\"(?is).*\\QDefin...
14:05:50.129573 POST /session/7367f8b0-dd8c-4fc3-a42e-6565b2318bab/element [9.299792ms] ERR:404 body={"strategy":"-android uiautomator","selector":"new UiSelector().textContains(\"Definitely Not Here\"...
14:05:50.136267 POST /session/7367f8b0-dd8c-4fc3-a42e-6565b2318bab/element [6.650083ms] ERR:404 body={"strategy":"-android uiautomator","selector":"new UiSelector().descriptionContains(\"Definitely Not...
14:05:50.142951 POST /session/7367f8b0-dd8c-4fc3-a42e-6565b2318bab/element [6.634792ms] ERR:404 body={"strategy":"-android uiautomator","selector":"new UiSelector().textMatches(\"(?is).*\\QDefinitely N...
14:05:50.150690 POST /session/7367f8b0-dd8c-4fc3-a42e-6565b2318bab/element [7.689792ms] ERR:404 body={"strategy":"-android uiautomator","selector":"new UiSelector().descriptionMatches(\"(?is).*\\QDefin...
14:05:50.159618 POST /session/7367f8b0-dd8c-4fc3-a42e-6565b2318bab/element [8.878791ms] ERR:404 body={"strategy":"-android uiautomator","selector":"new UiSelector().textContains(\"Definitely Not Here\"...
14:05:50.166493 POST /session/7367f8b0-dd8c-4fc3-a42e-6565b2318bab/element [6.816042ms] ERR:404 body={"strategy":"-android uiautomator","selector":"new UiSelector().descriptionContains(\"Definitely Not...
14:05:50.175063 POST /session/7367f8b0-dd8c-4fc3-a42e-6565b2318bab/element [8.52975ms] ERR:404 body={"strategy":"-android uiautomator","selector":"new UiSelector().textMatches(\"(?is).*\\QDefinitely N...
14:05:50.181180 POST /session/7367f8b0-dd8c-4fc3-a42e-6565b2318bab/element [6.0685ms] ERR:404 body={"strategy":"-android uiautomator","selector":"new UiSelector().descriptionMatches(\"(?is).*\\QDefin...
14:05:50.187723 POST /session/7367f8b0-dd8c-4fc3-a42e-6565b2318bab/element [6.504042ms] ERR:404 body={"strategy":"-android uiautomator","selector":"new UiSelector().textContains(\"Definitely Not Here\"...
14:05:50.195931 POST /session/7367f8b0-dd8c-4fc3-a42e-6565b2318bab/element [8.151958ms] ERR:404 body={"strategy":"-android uiautomator","selector":"new UiSelector().descriptionContains(\"Definitely Not...
14:05:50.204723 POST /session/7367f8b0-dd8c-4fc3-a42e-6565b2318bab/element [8.749041ms] ERR:404 body={"strategy":"-android uiautomator","selector":"new UiSelector().textMatches(\"(?is).*\\QDefinitely N...
14:05:50.212597 POST /session/7367f8b0-dd8c-4fc3-a42e-6565b2318bab/element [7.828083ms] ERR:404 body={"strategy":"-android uiautomator","selector":"new UiSelector().descriptionMatches(\"(?is).*\\QDefin...
14:05:50.219482 POST /session/7367f8b0-dd8c-4fc3-a42e-6565b2318bab/element [6.843916ms] ERR:404 body={"strategy":"-android uiautomator","selector":"new UiSelector().textContains(\"Definitely Not Here\"...
14:05:50.226954 POST /session/7367f8b0-dd8c-4fc3-a42e-6565b2318bab/element [7.415917ms] ERR:404 body={"strategy":"-android uiautomator","selector":"new UiSelector().descriptionContains(\"Definitely Not...
14:05:50.233829 POST /session/7367f8b0-dd8c-4fc3-a42e-6565b2318bab/element [6.824959ms] ERR:404 body={"strategy":"-android uiautomator","selector":"new UiSelector().textMatches(\"(?is).*\\QDefinitely N...
14:05:50.239213 POST /session/7367f8b0-dd8c-4fc3-a42e-6565b2318bab/element [5.351ms] ERR:404 body={"strategy":"-android uiautomator","selector":"new UiSelector().descriptionMatches(\"(?is).*\\QDefin...
14:05:50.247049 POST /session/7367f8b0-dd8c-4fc3-a42e-6565b2318bab/element [7.79825ms] ERR:404 body={"strategy":"-android uiautomator","selector":"new UiSelector().textContains(\"Definitely Not Here\"...
14:05:50.254260 POST /session/7367f8b0-dd8c-4fc3-a42e-6565b2318bab/element [7.159125ms] ERR:404 body={"strategy":"-android uiautomator","selector":"new UiSelector().descriptionContains(\"Definitely Not...
14:05:50.260612 POST /session/7367f8b0-dd8c-4fc3-a42e-6565b2318bab/element [6.296167ms] ERR:404 body={"strategy":"-android uiautomator","selector":"new UiSelector().textMatches(\"(?is).*\\QDefinitely N...
14:05:50.266596 POST /session/7367f8b0-dd8c-4fc3-a42e-6565b2318bab/element [5.943083ms] ERR:404 body={"strategy":"-android uiautomator","selector":"new UiSelector().descriptionMatches(\"(?is).*\\QDefin...
14:05:50.272684 POST /session/7367f8b0-dd8c-4fc3-a42e-6565b2318bab/element [6.033459ms] ERR:404 body={"strategy":"-android uiautomator","selector":"new UiSelector().textContains(\"Definitely Not Here\"...
14:05:50.281630 POST /session/7367f8b0-dd8c-4fc3-a42e-6565b2318bab/element [8.901333ms] ERR:404 body={"strategy":"-android uiautomator","selector":"new UiSelector().descriptionContains(\"Definitely Not...
14:05:50.290365 POST /session/7367f8b0-dd8c-4fc3-a42e-6565b2318bab/element [8.69625ms] ERR:404 body={"strategy":"-android uiautomator","selector":"new UiSelector().textMatches(\"(?is).*\\QDefinitely N...
14:05:50.299101 POST /session/7367f8b0-dd8c-4fc3-a42e-6565b2318bab/element [8.675875ms] ERR:404 body={"strategy":"-android uiautomator","selector":"new UiSelector().descriptionMatches(\"(?is).*\\QDefin...
14:05:50.305330 POST /session/7367f8b0-dd8c-4fc3-a42e-6565b2318bab/element [6.179583ms] ERR:404 body={"strategy":"-android uiautomator","selector":"new UiSelector().textContains(\"Definitely Not Here\"...
14:05:50.311821 POST /session/7367f8b0-dd8c-4fc3-a42e-6565b2318bab/element [6.433834ms] ERR:404 body={"strategy":"-android uiautomator","selector":"new UiSelector().descriptionContains(\"Definitely Not...
14:05:50.316292 POST /session/7367f8b0-dd8c-4fc3-a42e-6565b2318bab/element [4.436ms] ERR:404 body={"strategy":"-android uiautomator","selector":"new UiSelector().textMatches(\"(?is).*\\QDefinitely N...
14:05:50.322848 POST /session/7367f8b0-dd8c-4fc3-a42e-6565b2318bab/element [6.517375ms] ERR:404 body={"strategy":"-android uiautomator","selector":"new UiSelector().descriptionMatches(\"(?is).*\\QDefin...
14:05:50.328514 POST /session/7367f8b0-dd8c-4fc3-a42e-6565b2318bab/element [5.6185ms] ERR:404 body={"strategy":"-android uiautomator","selector":"new UiSelector().textContains(\"Definitely Not Here\"...
14:05:50.334833 POST /session/7367f8b0-dd8c-4fc3-a42e-6565b2318bab/element [6.280083ms] ERR:404 body={"strategy":"-android uiautomator","selector":"new UiSelector().descriptionContains(\"Definitely Not...
14:05:50.341183 POST /session/7367f8b0-dd8c-4fc3-a42e-6565b2318bab/element [6.3025ms] ERR:404 body={"strategy":"-android uiautomator","selector":"new UiSelector().textMatches(\"(?is).*\\QDefinitely N...
14:05:50.348201 POST /session/7367f8b0-dd8c-4fc3-a42e-6565b2318bab/element [6.986041ms] ERR:404 body={"strategy":"-android uiautomator","selector":"new UiSelector().descriptionMatches(\"(?is).*\\QDefin...
14:05:50.355315 POST /session/7367f8b0-dd8c-4fc3-a42e-6565b2318bab/element [7.062292ms] ERR:404 body={"strategy":"-android uiautomator","selector":"new UiSelector().textContains(\"Definitely Not Here\"...
14:05:50.361204 POST /session/7367f8b0-dd8c-4fc3-a42e-6565b2318bab/element [5.834917ms] ERR:404 body={"strategy":"-android uiautomator","selector":"new UiSelector().descriptionContains(\"Definitely Not...
14:05:50.366992 POST /session/7367f8b0-dd8c-4fc3-a42e-6565b2318bab/element [5.750291ms] ERR:404 body={"strategy":"-android uiautomator","selector":"new UiSelector().textMatches(\"(?is).*\\QDefinitely N...
14:05:50.379136 POST /session/7367f8b0-dd8c-4fc3-a42e-6565b2318bab/element [12.095875ms] ERR:404 body={"strategy":"-android uiautomator","selector":"new UiSelector().descriptionMatches(\"(?is).*\\QDefin...
14:05:50.389810 POST /session/7367f8b0-dd8c-4fc3-a42e-6565b2318bab/element [10.631458ms] ERR:404 body={"strategy":"-android uiautomator","selector":"new UiSelector().textContains(\"Definitely Not Here\"...
14:05:50.400426 POST /session/7367f8b0-dd8c-4fc3-a42e-6565b2318bab/element [10.546416ms] ERR:404 body={"strategy":"-android uiautomator","selector":"new UiSelector().descriptionContains(\"Definitely Not...
14:05:50.410189 POST /session/7367f8b0-dd8c-4fc3-a42e-6565b2318bab/element [9.70275ms] ERR:404 body={"strategy":"-android uiautomator","selector":"new UiSelector().textMatches(\"(?is).*\\QDefinitely N...
14:05:50.419923 POST /session/7367f8b0-dd8c-4fc3-a42e-6565b2318bab/element [9.677667ms] ERR:404 body={"strategy":"-android uiautomator","selector":"new UiSelector().descriptionMatches(\"(?is).*\\QDefin...
14:05:50.428557 POST /session/7367f8b0-dd8c-4fc3-a42e-6565b2318bab/element [8.576417ms] ERR:404 body={"strategy":"-android uiautomator","selector":"new UiSelector().textContains(\"Definitely Not Here\"...
14:05:50.433760 POST /session/7367f8b0-dd8c-4fc3-a42e-6565b2318bab/element [5.1565ms] ERR:404 body={"strategy":"-android uiautomator","selector":"new UiSelector().descriptionContains(\"Definitely Not...
14:05:50.440120 POST /session/7367f8b0-dd8c-4fc3-a42e-6565b2318bab/element [6.3205ms] ERR:404 body={"strategy":"-android uiautomator","selector":"new UiSelector().textMatches(\"(?is).*\\QDefinitely N...
14:05:50.446868 POST /session/7367f8b0-dd8c-4fc3-a42e-6565b2318bab/element [6.594125ms] ERR:404 body={"strategy":"-android uiautomator","selector":"new UiSelector().descriptionMatches(\"(?is).*\\QDefin...
14:05:50.453186 POST /session/7367f8b0-dd8c-4fc3-a42e-6565b2318bab/element [6.263583ms] ERR:404 body={"strategy":"-android uiautomator","selector":"new UiSelector().textContains(\"Definitely Not Here\"...
14:05:50.460360 POST /session/7367f8b0-dd8c-4fc3-a42e-6565b2318bab/element [7.124583ms] ERR:404 body={"strategy":"-android uiautomator","selector":"new UiSelector().descriptionContains(\"Definitely Not...
14:05:50.465872 POST /session/7367f8b0-dd8c-4fc3-a42e-6565b2318bab/element [5.471083ms] ERR:404 body={"strategy":"-android uiautomator","selector":"new UiSelector().textMatches(\"(?is).*\\QDefinitely N...
14:05:50.472266 POST /session/7367f8b0-dd8c-4fc3-a42e-6565b2318bab/element [6.352083ms] ERR:404 body={"strategy":"-android uiautomator","selector":"new UiSelector().descriptionMatches(\"(?is).*\\QDefin...
14:05:50.478407 POST /session/7367f8b0-dd8c-4fc3-a42e-6565b2318bab/element [6.083416ms] ERR:404 body={"strategy":"-android uiautomator","selector":"new UiSelector().textContains(\"Definitely Not Here\"...
14:05:50.484750 POST /session/7367f8b0-dd8c-4fc3-a42e-6565b2318bab/element [6.297333ms] ERR:404 body={"strategy":"-android uiautomator","selector":"new UiSelector().descriptionContains(\"Definitely Not...
14:05:50.489427 POST /session/7367f8b0-dd8c-4fc3-a42e-6565b2318bab/element [4.6225ms] ERR:404 body={"strategy":"-android uiautomator","selector":"new UiSelector().textMatches(\"(?is).*\\QDefinitely N...
14:05:50.495143 POST /session/7367f8b0-dd8c-4fc3-a42e-6565b2318bab/element [5.663625ms] ERR:404 body={"strategy":"-android uiautomator","selector":"new UiSelector().descriptionMatches(\"(?is).*\\QDefin...
14:05:50.499616 POST /session/7367f8b0-dd8c-4fc3-a42e-6565b2318bab/element [4.430208ms] ERR:404 body={"strategy":"-android uiautomator","selector":"new UiSelector().textContains(\"Definitely Not Here\"...
14:05:50.507606 POST /session/7367f8b0-dd8c-4fc3-a42e-6565b2318bab/element [7.942542ms] ERR:404 body={"strategy":"-android uiautomator","selector":"new UiSelector().descriptionContains(\"Definitely Not...
14:05:50.515234 POST /session/7367f8b0-dd8c-4fc3-a42e-6565b2318bab/element [7.5595ms] ERR:404 body={"strategy":"-android uiautomator","selector":"new UiSelector().textMatches(\"(?is).*\\QDefinitely N...
14:05:50.522589 POST /session/7367f8b0-dd8c-4fc3-a42e-6565b2318bab/element [7.307583ms] ERR:404 body={"strategy":"-android uiautomator","selector":"new UiSelector().descriptionMatches(\"(?is).*\\QDefin...
14:05:50.532965 POST /session/7367f8b0-dd8c-4fc3-a42e-6565b2318bab/element [10.324125ms] ERR:404 body={"strategy":"-android uiautomator","selector":"new UiSelector().textContains(\"Definitely Not Here\"...
14:05:50.541449 POST /session/7367f8b0-dd8c-4fc3-a42e-6565b2318bab/element [8.414875ms] ERR:404 body={"strategy":"-android uiautomator","selector":"new UiSelector().descriptionContains(\"Definitely Not...
14:05:50.550135 POST /session/7367f8b0-dd8c-4fc3-a42e-6565b2318bab/element [8.633084ms] ERR:404 body={"strategy":"-android uiautomator","selector":"new UiSelector().textMatches(\"(?is).*\\QDefinitely N...
14:05:50.559122 POST /session/7367f8b0-dd8c-4fc3-a42e-6565b2318bab/element [8.932417ms] ERR:404 body={"strategy":"-android uiautomator","selector":"new UiSelector().descriptionMatches(\"(?is).*\\QDefin...
14:05:50.566196 POST /session/7367f8b0-dd8c-4fc3-a42e-6565b2318bab/element [7.014792ms] ERR:404 body={"strategy":"-android uiautomator","selector":"new UiSelector().textContains(\"Definitely Not Here\"...
14:05:50.574157 POST /session/7367f8b0-dd8c-4fc3-a42e-6565b2318bab/element [7.896334ms] ERR:404 body={"strategy":"-android uiautomator","selector":"new UiSelector().descriptionContains(\"Definitely Not...
14:05:50.581588 POST /session/7367f8b0-dd8c-4fc3-a42e-6565b2318bab/element [7.376042ms] ERR:404 body={"strategy":"-android uiautomator","selector":"new UiSelector().textMatches(\"(?is).*\\QDefinitely N...
14:05:50.588552 POST /session/7367f8b0-dd8c-4fc3-a42e-6565b2318bab/element [6.914292ms] ERR:404 body={"strategy":"-android uiautomator","selector":"new UiSelector().descriptionMatches(\"(?is).*\\QDefin...
14:05:50.595244 POST /session/7367f8b0-dd8c-4fc3-a42e-6565b2318bab/element [6.638083ms] ERR:404 body={"strategy":"-android uiautomator","selector":"new UiSelector().textContains(\"Definitely Not Here\"...
14:05:50.601378 POST /session/7367f8b0-dd8c-4fc3-a42e-6565b2318bab/element [6.086917ms] ERR:404 body={"strategy":"-android uiautomator","selector":"new UiSelector().descriptionContains(\"Definitely Not...
14:05:50.607375 POST /session/7367f8b0-dd8c-4fc3-a42e-6565b2318bab/element [5.947125ms] ERR:404 body={"strategy":"-android uiautomator","selector":"new UiSelector().textMatches(\"(?is).*\\QDefinitely N...
14:05:50.614889 POST /session/7367f8b0-dd8c-4fc3-a42e-6565b2318bab/element [7.458209ms] ERR:404 body={"strategy":"-android uiautomator","selector":"new UiSelector().descriptionMatches(\"(?is).*\\QDefin...
14:05:50.622849 POST /session/7367f8b0-dd8c-4fc3-a42e-6565b2318bab/element [7.906917ms] ERR:404 body={"strategy":"-android uiautomator","selector":"new UiSelector().textContains(\"Definitely Not Here\"...
14:05:50.629780 POST /session/7367f8b0-dd8c-4fc3-a42e-6565b2318bab/element [6.879667ms] ERR:404 body={"strategy":"-android uiautomator","selector":"new UiSelector().descriptionContains(\"Definitely Not...
14:05:50.636606 POST /session/7367f8b0-dd8c-4fc3-a42e-6565b2318bab/element [6.77925ms] ERR:404 body={"strategy":"-android uiautomator","selector":"new UiSelector().textMatches(\"(?is).*\\QDefinitely N...
14:05:50.643030 POST /session/7367f8b0-dd8c-4fc3-a42e-6565b2318bab/element [6.3695ms] ERR:404 body={"strategy":"-android uiautomator","selector":"new UiSelector().descriptionMatches(\"(?is).*\\QDefin...
14:05:50.648248 POST /session/7367f8b0-dd8c-4fc3-a42e-6565b2318bab/element [5.166709ms] ERR:404 body={"strategy":"-android uiautomator","selector":"new UiSelector().textContains(\"Definitely Not Here\"...
14:05:50.658098 POST /session/7367f8b0-dd8c-4fc3-a42e-6565b2318bab/element [9.794792ms] ERR:404 body={"strategy":"-android uiautomator","selector":"new UiSelector().descriptionContains(\"Definitely Not...
14:05:50.664973 POST /session/7367f8b0-dd8c-4fc3-a42e-6565b2318bab/element [6.813959ms] ERR:404 body={"strategy":"-android uiautomator","selector":"new UiSelector().textMatches(\"(?is).*\\QDefinitely N...
14:05:50.674424 POST /session/7367f8b0-dd8c-4fc3-a42e-6565b2318bab/element [9.392ms] ERR:404 body={"strategy":"-android uiautomator","selector":"new UiSelector().descriptionMatches(\"(?is).*\\QDefin...
14:05:50.682371 POST /session/7367f8b0-dd8c-4fc3-a42e-6565b2318bab/element [7.885291ms] ERR:404 body={"strategy":"-android uiautomator","selector":"new UiSelector().textContains(\"Definitely Not Here\"...
14:05:50.689396 POST /session/7367f8b0-dd8c-4fc3-a42e-6565b2318bab/element [6.975958ms] ERR:404 body={"strategy":"-android uiautomator","selector":"new UiSelector().descriptionContains(\"Definitely Not...
14:05:50.694764 POST /session/7367f8b0-dd8c-4fc3-a42e-6565b2318bab/element [5.322334ms] ERR:404 body={"strategy":"-android uiautomator","selector":"new UiSelector().textMatches(\"(?is).*\\QDefinitely N...
14:05:50.699611 POST /session/7367f8b0-dd8c-4fc3-a42e-6565b2318bab/element [4.793166ms] ERR:404 body={"strategy":"-android uiautomator","selector":"new UiSelector().descriptionMatches(\"(?is).*\\QDefin...
14:05:50.707242 POST /session/7367f8b0-dd8c-4fc3-a42e-6565b2318bab/element [7.583125ms] ERR:404 body={"strategy":"-android uiautomator","selector":"new UiSelector().textContains(\"Definitely Not Here\"...
14:05:50.713236 POST /session/7367f8b0-dd8c-4fc3-a42e-6565b2318bab/element [5.947541ms] ERR:404 body={"strategy":"-android uiautomator","selector":"new UiSelector().descriptionContains(\"Definitely Not...
14:05:50.718359 POST /session/7367f8b0-dd8c-4fc3-a42e-6565b2318bab/element [5.081958ms] ERR:404 body={"strategy":"-android uiautomator","selector":"new UiSelector().textMatches(\"(?is).*\\QDefinitely N...
14:05:50.724200 POST /session/7367f8b0-dd8c-4fc3-a42e-6565b2318bab/element [5.809042ms] ERR:404 body={"strategy":"-android uiautomator","selector":"new UiSelector().descriptionMatches(\"(?is).*\\QDefin...
14:05:50.731865 POST /session/7367f8b0-dd8c-4fc3-a42e-6565b2318bab/element [7.626209ms] ERR:404 body={"strategy":"-android uiautomator","selector":"new UiSelector().textContains(\"Definitely Not Here\"...
14:05:50.735912 POST /session/7367f8b0-dd8c-4fc3-a42e-6565b2318bab/element [4.007291ms] ERR:404 body={"strategy":"-android uiautomator","selector":"new UiSelector().descriptionContains(\"Definitely Not...
14:05:50.742680 POST /session/7367f8b0-dd8c-4fc3-a42e-6565b2318bab/element [6.728625ms] ERR:404 body={"strategy":"-android uiautomator","selector":"new UiSelector().textMatches(\"(?is).*\\QDefinitely N...
14:05:50.749776 POST /session/7367f8b0-dd8c-4fc3-a42e-6565b2318bab/element [7.055375ms] ERR:404 body={"strategy":"-android uiautomator","selector":"new UiSelector().descriptionMatches(\"(?is).*\\QDefin...
14:05:50.755174 POST /session/7367f8b0-dd8c-4fc3-a42e-6565b2318bab/element [5.358166ms] ERR:404 body={"strategy":"-android uiautomator","selector":"new UiSelector().textContains(\"Definitely Not Here\"...
14:05:50.766256 POST /session/7367f8b0-dd8c-4fc3-a42e-6565b2318bab/element [11.029042ms] ERR:404 body={"strategy":"-android uiautomator","selector":"new UiSelector().descriptionContains(\"Definitely Not...
14:05:50.773125 POST /session/7367f8b0-dd8c-4fc3-a42e-6565b2318bab/element [6.798792ms] ERR:404 body={"strategy":"-android uiautomator","selector":"new UiSelector().textMatches(\"(?is).*\\QDefinitely N...
14:05:50.778813 POST /session/7367f8b0-dd8c-4fc3-a42e-6565b2318bab/element [5.626209ms] ERR:404 body={"strategy":"-android uiautomator","selector":"new UiSelector().descriptionMatches(\"(?is).*\\QDefin...
14:05:50.784768 POST /session/7367f8b0-dd8c-4fc3-a42e-6565b2318bab/element [5.910417ms] ERR:404 body={"strategy":"-android uiautomator","selector":"new UiSelector().textContains(\"Definitely Not Here\"...
14:05:50.789904 POST /session/7367f8b0-dd8c-4fc3-a42e-6565b2318bab/element [5.083833ms] ERR:404 body={"strategy":"-android uiautomator","selector":"new UiSelector().descriptionContains(\"Definitely Not...
14:05:50.796650 POST /session/7367f8b0-dd8c-4fc3-a42e-6565b2318bab/element [6.69375ms] ERR:404 body={"strategy":"-android uiautomator","selector":"new UiSelector().textMatches(\"(?is).*\\QDefinitely N...
14:05:50.802866 POST /session/7367f8b0-dd8c-4fc3-a42e-6565b2318bab/element [6.165ms] ERR:404 body={"strategy":"-android uiautomator","selector":"new UiSelector().descriptionMatches(\"(?is).*\\QDefin...
14:05:50.808005 POST /session/7367f8b0-dd8c-4fc3-a42e-6565b2318bab/element [5.088125ms] ERR:404 body={"strategy":"-android uiautomator","selector":"new UiSelector().textContains(\"Definitely Not Here\"...
14:05:50.816489 POST /session/7367f8b0-dd8c-4fc3-a42e-6565b2318bab/element [8.421958ms] ERR:404 body={"strategy":"-android uiautomator","selector":"new UiSelector().descriptionContains(\"Definitely Not...
14:05:50.824111 POST /session/7367f8b0-dd8c-4fc3-a42e-6565b2318bab/element [7.567667ms] ERR:404 body={"strategy":"-android uiautomator","selector":"new UiSelector().textMatches(\"(?is).*\\QDefinitely N...
14:05:50.831162 POST /session/7367f8b0-dd8c-4fc3-a42e-6565b2318bab/element [6.998167ms] ERR:404 body={"strategy":"-android uiautomator","selector":"new UiSelector().descriptionMatches(\"(?is).*\\QDefin...
14:05:50.837559 POST /session/7367f8b0-dd8c-4fc3-a42e-6565b2318bab/element [6.342917ms] ERR:404 body={"strategy":"-android uiautomator","selector":"new UiSelector().textContains(\"Definitely Not Here\"...
14:05:50.843709 POST /session/7367f8b0-dd8c-4fc3-a42e-6565b2318bab/element [6.110084ms] ERR:404 body={"strategy":"-android uiautomator","selector":"new UiSelector().descriptionContains(\"Definitely Not...
14:05:50.850347 POST /session/7367f8b0-dd8c-4fc3-a42e-6565b2318bab/element [6.594666ms] ERR:404 body={"strategy":"-android uiautomator","selector":"new UiSelector().textMatches(\"(?is).*\\QDefinitely N...
14:05:50.854135 POST /session/7367f8b0-dd8c-4fc3-a42e-6565b2318bab/element [3.74325ms] ERR:404 body={"strategy":"-android uiautomator","selector":"new UiSelector().descriptionMatches(\"(?is).*\\QDefin...
14:05:50.859720 POST /session/7367f8b0-dd8c-4fc3-a42e-6565b2318bab/element [5.546667ms] ERR:404 body={"strategy":"-android uiautomator","selector":"new UiSelector().textContains(\"Definitely Not Here\"...
14:05:50.867060 POST /session/7367f8b0-dd8c-4fc3-a42e-6565b2318bab/element [7.290833ms] ERR:404 body={"strategy":"-android uiautomator","selector":"new UiSelector().descriptionContains(\"Definitely Not...
14:05:50.874742 POST /session/7367f8b0-dd8c-4fc3-a42e-6565b2318bab/element [7.631583ms] ERR:404 body={"strategy":"-android uiautomator","selector":"new UiSelector().textMatches(\"(?is).*\\QDefinitely N...
14:05:50.880865 POST /session/7367f8b0-dd8c-4fc3-a42e-6565b2318bab/element [6.071792ms] ERR:404 body={"strategy":"-android uiautomator","selector":"new UiSelector().descriptionMatches(\"(?is).*\\QDefin...
14:05:50.885763 POST /session/7367f8b0-dd8c-4fc3-a42e-6565b2318bab/element [4.852959ms] ERR:404 body={"strategy":"-android uiautomator","selector":"new UiSelector().textContains(\"Definitely Not Here\"...
14:05:50.893182 POST /session/7367f8b0-dd8c-4fc3-a42e-6565b2318bab/element [7.377417ms] ERR:404 body={"strategy":"-android uiautomator","selector":"new UiSelector().descriptionContains(\"Definitely Not...
14:05:50.900156 POST /session/7367f8b0-dd8c-4fc3-a42e-6565b2318bab/element [6.920334ms] ERR:404 body={"strategy":"-android uiautomator","selector":"new UiSelector().textMatches(\"(?is).*\\QDefinitely N...
14:05:50.907848 POST /session/7367f8b0-dd8c-4fc3-a42e-6565b2318bab/element [7.634291ms] ERR:404 body={"strategy":"-android uiautomator","selector":"new UiSelector().descriptionMatches(\"(?is).*\\QDefin...
14:05:50.913949 POST /session/7367f8b0-dd8c-4fc3-a42e-6565b2318bab/element [6.045ms] ERR:404 body={"strategy":"-android uiautomator","selector":"new UiSelector().textContains(\"Definitely Not Here\"...
14:05:50.920441 POST /session/7367f8b0-dd8c-4fc3-a42e-6565b2318bab/element [6.435667ms] ERR:404 body={"strategy":"-android uiautomator","selector":"new UiSelector().descriptionContains(\"Definitely Not...
14:05:50.927072 POST /session/7367f8b0-dd8c-4fc3-a42e-6565b2318bab/element [6.567459ms] ERR:404 body={"strategy":"-android uiautomator","selector":"new UiSelector().textMatches(\"(?is).*\\QDefinitely N...
14:05:50.934641 POST /session/7367f8b0-dd8c-4fc3-a42e-6565b2318bab/element [7.513792ms] ERR:404 body={"strategy":"-android uiautomator","selector":"new UiSelector().descriptionMatches(\"(?is).*\\QDefin...
14:05:50.942876 POST /session/7367f8b0-dd8c-4fc3-a42e-6565b2318bab/element [8.181333ms] ERR:404 body={"strategy":"-android uiautomator","selector":"new UiSelector().textContains(\"Definitely Not Here\"...
14:05:50.950975 POST /session/7367f8b0-dd8c-4fc3-a42e-6565b2318bab/element [8.049458ms] ERR:404 body={"strategy":"-android uiautomator","selector":"new UiSelector().descriptionContains(\"Definitely Not...
14:05:50.958549 POST /session/7367f8b0-dd8c-4fc3-a42e-6565b2318bab/element [7.525666ms] ERR:404 body={"strategy":"-android uiautomator","selector":"new UiSelector().textMatches(\"(?is).*\\QDefinitely N...
14:05:50.965962 POST /session/7367f8b0-dd8c-4fc3-a42e-6565b2318bab/element [7.365417ms] ERR:404 body={"strategy":"-android uiautomator","selector":"new UiSelector().descriptionMatches(\"(?is).*\\QDefin...
14:05:50.972326 POST /session/7367f8b0-dd8c-4fc3-a42e-6565b2318bab/element [6.318583ms] ERR:404 body={"strategy":"-android uiautomator","selector":"new UiSelector().textContains(\"Definitely Not Here\"...
14:05:50.978502 POST /session/7367f8b0-dd8c-4fc3-a42e-6565b2318bab/element [6.13875ms] ERR:404 body={"strategy":"-android uiautomator","selector":"new UiSelector().descriptionContains(\"Definitely Not...
14:05:50.984415 POST /session/7367f8b0-dd8c-4fc3-a42e-6565b2318bab/element [5.874792ms] ERR:404 body={"strategy":"-android uiautomator","selector":"new UiSelector().textMatches(\"(?is).*\\QDefinitely N...
14:05:50.990638 POST /session/7367f8b0-dd8c-4fc3-a42e-6565b2318bab/element [6.179208ms] ERR:404 body={"strategy":"-android uiautomator","selector":"new UiSelector().descriptionMatches(\"(?is).*\\QDefin...
14:05:50.998129 POST /session/7367f8b0-dd8c-4fc3-a42e-6565b2318bab/element [7.440959ms] ERR:404 body={"strategy":"-android uiautomator","selector":"new UiSelector().textContains(\"Definitely Not Here\"...
14:05:51.004509 POST /session/7367f8b0-dd8c-4fc3-a42e-6565b2318bab/element [6.33025ms] ERR:404 body={"strategy":"-android uiautomator","selector":"new UiSelector().descriptionContains(\"Definitely Not...
14:05:51.012047 POST /session/7367f8b0-dd8c-4fc3-a42e-6565b2318bab/element [7.487083ms] ERR:404 body={"strategy":"-android uiautomator","selector":"new UiSelector().textMatches(\"(?is).*\\QDefinitely N...
14:05:51.021309 POST /session/7367f8b0-dd8c-4fc3-a42e-6565b2318bab/element [9.214333ms] ERR:404 body={"strategy":"-android uiautomator","selector":"new UiSelector().descriptionMatches(\"(?is).*\\QDefin...
14:05:51.029532 POST /session/7367f8b0-dd8c-4fc3-a42e-6565b2318bab/element [8.163625ms] ERR:404 body={"strategy":"-android uiautomator","selector":"new UiSelector().textContains(\"Definitely Not Here\"...
14:05:51.036607 POST /session/7367f8b0-dd8c-4fc3-a42e-6565b2318bab/element [7.015792ms] ERR:404 body={"strategy":"-android uiautomator","selector":"new UiSelector().descriptionContains(\"Definitely Not...
14:05:51.042190 POST /session/7367f8b0-dd8c-4fc3-a42e-6565b2318bab/element [5.535208ms] ERR:404 body={"strategy":"-android uiautomator","selector":"new UiSelector().textMatches(\"(?is).*\\QDefinitely N...
14:05:51.047040 POST /session/7367f8b0-dd8c-4fc3-a42e-6565b2318bab/element [4.804959ms] ERR:404 body={"strategy":"-android uiautomator","selector":"new UiSelector().descriptionMatches(\"(?is).*\\QDefin...
14:05:51.053355 POST /session/7367f8b0-dd8c-4fc3-a42e-6565b2318bab/element [6.269459ms] ERR:404 body={"strategy":"-android uiautomator","selector":"new UiSelector().textContains(\"Definitely Not Here\"...
14:05:51.059660 POST /session/7367f8b0-dd8c-4fc3-a42e-6565b2318bab/element [6.260333ms] ERR:404 body={"strategy":"-android uiautomator","selector":"new UiSelector().descriptionContains(\"Definitely Not...
14:05:51.066124 POST /session/7367f8b0-dd8c-4fc3-a42e-6565b2318bab/element [6.424875ms] ERR:404 body={"strategy":"-android uiautomator","selector":"new UiSelector().textMatches(\"(?is).*\\QDefinitely N...
14:05:51.071439 POST /session/7367f8b0-dd8c-4fc3-a42e-6565b2318bab/element [5.276709ms] ERR:404 body={"strategy":"-android uiautomator","selector":"new UiSelector().descriptionMatches(\"(?is).*\\QDefin...
14:05:51.076564 POST /session/7367f8b0-dd8c-4fc3-a42e-6565b2318bab/element [5.082791ms] ERR:404 body={"strategy":"-android uiautomator","selector":"new UiSelector().textContains(\"Definitely Not Here\"...
14:05:51.082127 POST /session/7367f8b0-dd8c-4fc3-a42e-6565b2318bab/element [5.525542ms] ERR:404 body={"strategy":"-android uiautomator","selector":"new UiSelector().descriptionContains(\"Definitely Not...
14:05:51.086802 POST /session/7367f8b0-dd8c-4fc3-a42e-6565b2318bab/element [4.631334ms] ERR:404 body={"strategy":"-android uiautomator","selector":"new UiSelector().textMatches(\"(?is).*\\QDefinitely N...
14:05:51.095950 POST /session/7367f8b0-dd8c-4fc3-a42e-6565b2318bab/element [9.104333ms] ERR:404 body={"strategy":"-android uiautomator","selector":"new UiSelector().descriptionMatches(\"(?is).*\\QDefin...
14:05:51.102089 POST /session/7367f8b0-dd8c-4fc3-a42e-6565b2318bab/element [6.082209ms] ERR:404 body={"strategy":"-android uiautomator","selector":"new UiSelector().textContains(\"Definitely Not Here\"...
14:05:51.110083 POST /session/7367f8b0-dd8c-4fc3-a42e-6565b2318bab/element [7.944916ms] ERR:404 body={"strategy":"-android uiautomator","selector":"new UiSelector().descriptionContains(\"Definitely Not...
14:05:51.118355 POST /session/7367f8b0-dd8c-4fc3-a42e-6565b2318bab/element [8.21475ms] ERR:404 body={"strategy":"-android uiautomator","selector":"new UiSelector().textMatches(\"(?is).*\\QDefinitely N...
14:05:51.126367 POST /session/7367f8b0-dd8c-4fc3-a42e-6565b2318bab/element [7.96025ms] ERR:404 body={"strategy":"-android uiautomator","selector":"new UiSelector().descriptionMatches(\"(?is).*\\QDefin...
14:05:51.134383 POST /session/7367f8b0-dd8c-4fc3-a42e-6565b2318bab/element [7.968459ms] ERR:404 body={"strategy":"-android uiautomator","selector":"new UiSelector().textContains(\"Definitely Not Here\"...
14:05:51.138923 POST /session/7367f8b0-dd8c-4fc3-a42e-6565b2318bab/element [4.487166ms] ERR:404 body={"strategy":"-android uiautomator","selector":"new UiSelector().descriptionContains(\"Definitely Not...
14:05:51.146440 POST /session/7367f8b0-dd8c-4fc3-a42e-6565b2318bab/element [7.460833ms] ERR:404 body={"strategy":"-android uiautomator","selector":"new UiSelector().textMatches(\"(?is).*\\QDefinitely N...
14:05:51.152750 POST /session/7367f8b0-dd8c-4fc3-a42e-6565b2318bab/element [6.246667ms] ERR:404 body={"strategy":"-android uiautomator","selector":"new UiSelector().descriptionMatches(\"(?is).*\\QDefin...
14:05:51.160473 POST /session/7367f8b0-dd8c-4fc3-a42e-6565b2318bab/element [7.67ms] ERR:404 body={"strategy":"-android uiautomator","selector":"new UiSelector().textContains(\"Definitely Not Here\"...
14:05:51.167514 POST /session/7367f8b0-dd8c-4fc3-a42e-6565b2318bab/element [6.969625ms] ERR:404 body={"strategy":"-android uiautomator","selector":"new UiSelector().descriptionContains(\"Definitely Not...
14:05:51.172947 POST /session/7367f8b0-dd8c-4fc3-a42e-6565b2318bab/element [5.385666ms] ERR:404 body={"strategy":"-android uiautomator","selector":"new UiSelector().textMatches(\"(?is).*\\QDefinitely N...
14:05:51.179954 POST /session/7367f8b0-dd8c-4fc3-a42e-6565b2318bab/element [6.9665ms] ERR:404 body={"strategy":"-android uiautomator","selector":"new UiSelector().descriptionMatches(\"(?is).*\\QDefin...
14:05:51.187078 POST /session/7367f8b0-dd8c-4fc3-a42e-6565b2318bab/element [7.087417ms] ERR:404 body={"strategy":"-android uiautomator","selector":"new UiSelector().textContains(\"Definitely Not Here\"...
14:05:51.194272 POST /session/7367f8b0-dd8c-4fc3-a42e-6565b2318bab/element [7.143584ms] ERR:404 body={"strategy":"-android uiautomator","selector":"new UiSelector().descriptionContains(\"Definitely Not...
14:05:51.201273 POST /session/7367f8b0-dd8c-4fc3-a42e-6565b2318bab/element [6.952ms] ERR:404 body={"strategy":"-android uiautomator","selector":"new UiSelector().textMatches(\"(?is).*\\QDefinitely N...
14:05:51.206295 POST /session/7367f8b0-dd8c-4fc3-a42e-6565b2318bab/element [4.981375ms] ERR:404 body={"strategy":"-android uiautomator","selector":"new UiSelector().descriptionMatches(\"(?is).*\\QDefin...
14:05:51.214055 POST /session/7367f8b0-dd8c-4fc3-a42e-6565b2318bab/element [7.697666ms] ERR:404 body={"strategy":"-android uiautomator","selector":"new UiSelector().textContains(\"Definitely Not Here\"...
14:05:51.219833 POST /session/7367f8b0-dd8c-4fc3-a42e-6565b2318bab/element [5.727916ms] ERR:404 body={"strategy":"-android uiautomator","selector":"new UiSelector().descriptionContains(\"Definitely Not...
14:05:51.226774 POST /session/7367f8b0-dd8c-4fc3-a42e-6565b2318bab/element [6.898834ms] ERR:404 body={"strategy":"-android uiautomator","selector":"new UiSelector().textMatches(\"(?is).*\\QDefinitely N...
14:05:51.230629 POST /session/7367f8b0-dd8c-4fc3-a42e-6565b2318bab/element [3.820833ms] ERR:404 body={"strategy":"-android uiautomator","selector":"new UiSelector().descriptionMatches(\"(?is).*\\QDefin...
14:05:51.236960 POST /session/7367f8b0-dd8c-4fc3-a42e-6565b2318bab/element [6.279333ms] ERR:404 body={"strategy":"-android uiautomator","selector":"new UiSelector().textContains(\"Definitely Not Here\"...
14:05:51.245415 POST /session/7367f8b0-dd8c-4fc3-a42e-6565b2318bab/element [8.412917ms] ERR:404 body={"strategy":"-android uiautomator","selector":"new UiSelector().descriptionContains(\"Definitely Not...
14:05:51.250547 POST /session/7367f8b0-dd8c-4fc3-a42e-6565b2318bab/element [5.080333ms] ERR:404 body={"strategy":"-android uiautomator","selector":"new UiSelector().textMatches(\"(?is).*\\QDefinitely N...
14:05:51.256101 POST /session/7367f8b0-dd8c-4fc3-a42e-6565b2318bab/element [5.509417ms] ERR:404 body={"strategy":"-android uiautomator","selector":"new UiSelector().descriptionMatches(\"(?is).*\\QDefin...
14:05:51.261955 POST /session/7367f8b0-dd8c-4fc3-a42e-6565b2318bab/element [5.807417ms] ERR:404 body={"strategy":"-android uiautomator","selector":"new UiSelector().textContains(\"Definitely Not Here\"...
14:05:51.268307 POST /session/7367f8b0-dd8c-4fc3-a42e-6565b2318bab/element [6.319625ms] ERR:404 body={"strategy":"-android uiautomator","selector":"new UiSelector().descriptionContains(\"Definitely Not...
14:05:51.277127 POST /session/7367f8b0-dd8c-4fc3-a42e-6565b2318bab/element [8.786583ms] ERR:404 body={"strategy":"-android uiautomator","selector":"new UiSelector().textMatches(\"(?is).*\\QDefinitely N...
14:05:51.284826 POST /session/7367f8b0-dd8c-4fc3-a42e-6565b2318bab/element [7.644041ms] ERR:404 body={"strategy":"-android uiautomator","selector":"new UiSelector().descriptionMatches(\"(?is).*\\QDefin...
14:05:51.291564 POST /session/7367f8b0-dd8c-4fc3-a42e-6565b2318bab/element [6.690625ms] ERR:404 body={"strategy":"-android uiautomator","selector":"new UiSelector().textContains(\"Definitely Not Here\"...
14:05:51.298096 POST /session/7367f8b0-dd8c-4fc3-a42e-6565b2318bab/element [6.49475ms] ERR:404 body={"strategy":"-android uiautomator","selector":"new UiSelector().descriptionContains(\"Definitely Not...
14:05:51.303465 POST /session/7367f8b0-dd8c-4fc3-a42e-6565b2318bab/element [5.33ms] ERR:404 body={"strategy":"-android uiautomator","selector":"new UiSelector().textMatches(\"(?is).*\\QDefinitely N...
14:05:51.309303 POST /session/7367f8b0-dd8c-4fc3-a42e-6565b2318bab/element [5.799166ms] ERR:404 body={"strategy":"-android uiautomator","selector":"new UiSelector().descriptionMatches(\"(?is).*\\QDefin...
14:05:51.313903 POST /session/7367f8b0-dd8c-4fc3-a42e-6565b2318bab/element [4.579875ms] ERR:404 body={"strategy":"-android uiautomator","selector":"new UiSelector().textContains(\"Definitely Not Here\"...
14:05:51.320114 POST /session/7367f8b0-dd8c-4fc3-a42e-6565b2318bab/element [6.184916ms] ERR:404 body={"strategy":"-android uiautomator","selector":"new UiSelector().descriptionContains(\"Definitely Not...
14:05:51.325606 POST /session/7367f8b0-dd8c-4fc3-a42e-6565b2318bab/element [5.438208ms] ERR:404 body={"strategy":"-android uiautomator","selector":"new UiSelector().textMatches(\"(?is).*\\QDefinitely N...
14:05:51.331976 POST /session/7367f8b0-dd8c-4fc3-a42e-6565b2318bab/element [6.317375ms] ERR:404 body={"strategy":"-android uiautomator","selector":"new UiSelector().descriptionMatches(\"(?is).*\\QDefin...
14:05:51.339845 POST /session/7367f8b0-dd8c-4fc3-a42e-6565b2318bab/element [7.816ms] ERR:404 body={"strategy":"-android uiautomator","selector":"new UiSelector().textContains(\"Definitely Not Here\"...
14:05:51.346323 POST /session/7367f8b0-dd8c-4fc3-a42e-6565b2318bab/element [6.436333ms] ERR:404 body={"strategy":"-android uiautomator","selector":"new UiSelector().descriptionContains(\"Definitely Not...
14:05:51.353990 POST /session/7367f8b0-dd8c-4fc3-a42e-6565b2318bab/element [7.620083ms] ERR:404 body={"strategy":"-android uiautomator","selector":"new UiSelector().textMatches(\"(?is).*\\QDefinitely N...
14:05:51.362577 POST /session/7367f8b0-dd8c-4fc3-a42e-6565b2318bab/element [8.528667ms] ERR:404 body={"strategy":"-android uiautomator","selector":"new UiSelector().descriptionMatches(\"(?is).*\\QDefin...
14:05:51.369892 POST /session/7367f8b0-dd8c-4fc3-a42e-6565b2318bab/element [7.257792ms] ERR:404 body={"strategy":"-android uiautomator","selector":"new UiSelector().textContains(\"Definitely Not Here\"...
14:05:51.379304 POST /session/7367f8b0-dd8c-4fc3-a42e-6565b2318bab/element [9.34425ms] ERR:404 body={"strategy":"-android uiautomator","selector":"new UiSelector().descriptionContains(\"Definitely Not...
14:05:51.385617 POST /session/7367f8b0-dd8c-4fc3-a42e-6565b2318bab/element [6.26125ms] ERR:404 body={"strategy":"-android uiautomator","selector":"new UiSelector().textMatches(\"(?is).*\\QDefinitely N...
14:05:51.392557 POST /session/7367f8b0-dd8c-4fc3-a42e-6565b2318bab/element [6.898916ms] ERR:404 body={"strategy":"-android uiautomator","selector":"new UiSelector().descriptionMatches(\"(?is).*\\QDefin...
14:05:51.400269 POST /session/7367f8b0-dd8c-4fc3-a42e-6565b2318bab/element [7.66325ms] ERR:404 body={"strategy":"-android uiautomator","selector":"new UiSelector().textContains(\"Definitely Not Here\"...
14:05:51.406970 POST /session/7367f8b0-dd8c-4fc3-a42e-6565b2318bab/element [6.650166ms] ERR:404 body={"strategy":"-android uiautomator","selector":"new UiSelector().descriptionContains(\"Definitely Not...
14:05:51.413251 POST /session/7367f8b0-dd8c-4fc3-a42e-6565b2318bab/element [6.236125ms] ERR:404 body={"strategy":"-android uiautomator","selector":"new UiSelector().textMatches(\"(?is).*\\QDefinitely N...
14:05:51.419167 POST /session/7367f8b0-dd8c-4fc3-a42e-6565b2318bab/element [5.875667ms] ERR:404 body={"strategy":"-android uiautomator","selector":"new UiSelector().descriptionMatches(\"(?is).*\\QDefin...
14:05:51.428944 POST /session/7367f8b0-dd8c-4fc3-a42e-6565b2318bab/element [9.732833ms] ERR:404 body={"strategy":"-android uiautomator","selector":"new UiSelector().textContains(\"Definitely Not Here\"...
14:05:51.437459 POST /session/7367f8b0-dd8c-4fc3-a42e-6565b2318bab/element [8.452208ms] ERR:404 body={"strategy":"-android uiautomator","selector":"new UiSelector().descriptionContains(\"Definitely Not...
14:05:51.443761 POST /session/7367f8b0-dd8c-4fc3-a42e-6565b2318bab/element [6.251583ms] ERR:404 body={"strategy":"-android uiautomator","selector":"new UiSelector().textMatches(\"(?is).*\\QDefinitely N...
14:05:51.453596 POST /session/7367f8b0-dd8c-4fc3-a42e-6565b2318bab/element [9.787125ms] ERR:404 body={"strategy":"-android uiautomator","selector":"new UiSelector().descriptionMatches(\"(?is).*\\QDefin...
14:05:51.458318 POST /session/7367f8b0-dd8c-4fc3-a42e-6565b2318bab/element [4.667667ms] ERR:404 body={"strategy":"-android uiautomator","selector":"new UiSelector().textContains(\"Definitely Not Here\"...
14:05:51.462789 POST /session/7367f8b0-dd8c-4fc3-a42e-6565b2318bab/element [4.416917ms] ERR:404 body={"strategy":"-android uiautomator","selector":"new UiSelector().descriptionContains(\"Definitely Not...
14:05:51.467122 POST /session/7367f8b0-dd8c-4fc3-a42e-6565b2318bab/element [4.286667ms] ERR:404 body={"strategy":"-android uiautomator","selector":"new UiSelector().textMatches(\"(?is).*\\QDefinitely N...
14:05:51.473356 POST /session/7367f8b0-dd8c-4fc3-a42e-6565b2318bab/element [6.201458ms] ERR:404 body={"strategy":"-android uiautomator","selector":"new UiSelector().descriptionMatches(\"(?is).*\\QDefin...
14:05:51.479921 POST /session/7367f8b0-dd8c-4fc3-a42e-6565b2318bab/element [6.526083ms] ERR:404 body={"strategy":"-android uiautomator","selector":"new UiSelector().textContains(\"Definitely Not Here\"...
14:05:51.485068 POST /session/7367f8b0-dd8c-4fc3-a42e-6565b2318bab/element [5.1ms] ERR:404 body={"strategy":"-android uiautomator","selector":"new UiSelector().descriptionContains(\"Definitely Not...
14:05:51.492528 POST /session/7367f8b0-dd8c-4fc3-a42e-6565b2318bab/element [7.408959ms] ERR:404 body={"strategy":"-android uiautomator","selector":"new UiSelector().textMatches(\"(?is).*\\QDefinitely N...
14:05:51.498749 POST /session/7367f8b0-dd8c-4fc3-a42e-6565b2318bab/element [6.168625ms] ERR:404 body={"strategy":"-android uiautomator","selector":"new UiSelector().descriptionMatches(\"(?is).*\\QDefin...
14:05:51.505119 POST /session/7367f8b0-dd8c-4fc3-a42e-6565b2318bab/element [6.319458ms] ERR:404 body={"strategy":"-android uiautomator","selector":"new UiSelector().textContains(\"Definitely Not Here\"...
14:05:51.511940 POST /session/7367f8b0-dd8c-4fc3-a42e-6565b2318bab/element [6.760708ms] ERR:404 body={"strategy":"-android uiautomator","selector":"new UiSelector().descriptionContains(\"Definitely Not...
14:05:51.518449 POST /session/7367f8b0-dd8c-4fc3-a42e-6565b2318bab/element [6.456541ms] ERR:404 body={"strategy":"-android uiautomator","selector":"new UiSelector().textMatches(\"(?is).*\\QDefinitely N...
14:05:51.527761 POST /session/7367f8b0-dd8c-4fc3-a42e-6565b2318bab/element [9.262833ms] ERR:404 body={"strategy":"-android uiautomator","selector":"new UiSelector().descriptionMatches(\"(?is).*\\QDefin...
14:05:51.534643 POST /session/7367f8b0-dd8c-4fc3-a42e-6565b2318bab/element [6.821917ms] ERR:404 body={"strategy":"-android uiautomator","selector":"new UiSelector().textContains(\"Definitely Not Here\"...
14:05:51.541668 POST /session/7367f8b0-dd8c-4fc3-a42e-6565b2318bab/element [6.982667ms] ERR:404 body={"strategy":"-android uiautomator","selector":"new UiSelector().descriptionContains(\"Definitely Not...
14:05:51.548977 POST /session/7367f8b0-dd8c-4fc3-a42e-6565b2318bab/element [7.267167ms] ERR:404 body={"strategy":"-android uiautomator","selector":"new UiSelector().textMatches(\"(?is).*\\QDefinitely N...
14:05:51.557218 POST /session/7367f8b0-dd8c-4fc3-a42e-6565b2318bab/element [8.21025ms] ERR:404 body={"strategy":"-android uiautomator","selector":"new UiSelector().descriptionMatches(\"(?is).*\\QDefin...
14:05:51.564937 POST /session/7367f8b0-dd8c-4fc3-a42e-6565b2318bab/element [7.666625ms] ERR:404 body={"strategy":"-android uiautomator","selector":"new UiSelector().textContains(\"Definitely Not Here\"...
14:05:51.574942 POST /session/7367f8b0-dd8c-4fc3-a42e-6565b2318bab/element [9.959958ms] ERR:404 body={"strategy":"-android uiautomator","selector":"new UiSelector().descriptionContains(\"Definitely Not...
14:05:51.581759 POST /session/7367f8b0-dd8c-4fc3-a42e-6565b2318bab/element [6.756209ms] ERR:404 body={"strategy":"-android uiautomator","selector":"new UiSelector().textMatches(\"(?is).*\\QDefinitely N...
14:05:51.588659 POST /session/7367f8b0-dd8c-4fc3-a42e-6565b2318bab/element [6.841542ms] ERR:404 body={"strategy":"-android uiautomator","selector":"new UiSelector().descriptionMatches(\"(?is).*\\QDefin...
14:05:51.595804 POST /session/7367f8b0-dd8c-4fc3-a42e-6565b2318bab/element [7.103584ms] ERR:404 body={"strategy":"-android uiautomator","selector":"new UiSelector().textContains(\"Definitely Not Here\"...
14:05:51.601269 POST /session/7367f8b0-dd8c-4fc3-a42e-6565b2318bab/element [5.410125ms] ERR:404 body={"strategy":"-android uiautomator","selector":"new UiSelector().descriptionContains(\"Definitely Not...
14:05:51.610773 POST /session/7367f8b0-dd8c-4fc3-a42e-6565b2318bab/element [9.452833ms] ERR:404 body={"strategy":"-android uiautomator","selector":"new UiSelector().textMatches(\"(?is).*\\QDefinitely N...
14:05:51.618731 POST /session/7367f8b0-dd8c-4fc3-a42e-6565b2318bab/element [7.894042ms] ERR:404 body={"strategy":"-android uiautomator","selector":"new UiSelector().descriptionMatches(\"(?is).*\\QDefin...
14:05:51.626713 POST /session/7367f8b0-dd8c-4fc3-a42e-6565b2318bab/element [7.918958ms] ERR:404 body={"strategy":"-android uiautomator","selector":"new UiSelector().textContains(\"Definitely Not Here\"...
14:05:51.635233 POST /session/7367f8b0-dd8c-4fc3-a42e-6565b2318bab/element [8.46825ms] ERR:404 body={"strategy":"-android uiautomator","selector":"new UiSelector().descriptionContains(\"Definitely Not...
14:05:51.641587 POST /session/7367f8b0-dd8c-4fc3-a42e-6565b2318bab/element [6.304667ms] ERR:404 body={"strategy":"-android uiautomator","selector":"new UiSelector().textMatches(\"(?is).*\\QDefinitely N...
14:05:51.647633 POST /session/7367f8b0-dd8c-4fc3-a42e-6565b2318bab/element [6.00775ms] ERR:404 body={"strategy":"-android uiautomator","selector":"new UiSelector().descriptionMatches(\"(?is).*\\QDefin...
14:05:51.654124 POST /session/7367f8b0-dd8c-4fc3-a42e-6565b2318bab/element [6.452708ms] ERR:404 body={"strategy":"-android uiautomator","selector":"new UiSelector().textContains(\"Definitely Not Here\"...
14:05:51.658319 POST /session/7367f8b0-dd8c-4fc3-a42e-6565b2318bab/element [4.149458ms] ERR:404 body={"strategy":"-android uiautomator","selector":"new UiSelector().descriptionContains(\"Definitely Not...
14:05:51.664981 POST /session/7367f8b0-dd8c-4fc3-a42e-6565b2318bab/element [6.62125ms] ERR:404 body={"strategy":"-android uiautomator","selector":"new UiSelector().textMatches(\"(?is).*\\QDefinitely N...
14:05:51.670712 POST /session/7367f8b0-dd8c-4fc3-a42e-6565b2318bab/element [5.694917ms] ERR:404 body={"strategy":"-android uiautomator","selector":"new UiSelector().descriptionMatches(\"(?is).*\\QDefin...
14:05:51.676829 POST /session/7367f8b0-dd8c-4fc3-a42e-6565b2318bab/element [6.079792ms] ERR:404 body={"strategy":"-android uiautomator","selector":"new UiSelector().textContains(\"Definitely Not Here\"...
14:05:51.683720 POST /session/7367f8b0-dd8c-4fc3-a42e-6565b2318bab/element [6.844333ms] ERR:404 body={"strategy":"-android uiautomator","selector":"new UiSelector().descriptionContains(\"Definitely Not...
14:05:51.690883 POST /session/7367f8b0-dd8c-4fc3-a42e-6565b2318bab/element [7.118083ms] ERR:404 body={"strategy":"-android uiautomator","selector":"new UiSelector().textMatches(\"(?is).*\\QDefinitely N...
14:05:51.697296 POST /session/7367f8b0-dd8c-4fc3-a42e-6565b2318bab/element [6.363417ms] ERR:404 body={"strategy":"-android uiautomator","selector":"new UiSelector().descriptionMatches(\"(?is).*\\QDefin...
14:05:51.704064 POST /session/7367f8b0-dd8c-4fc3-a42e-6565b2318bab/element [6.716667ms] ERR:404 body={"strategy":"-android uiautomator","selector":"new UiSelector().textContains(\"Definitely Not Here\"...
14:05:51.712304 POST /session/7367f8b0-dd8c-4fc3-a42e-6565b2318bab/element [8.087792ms] ERR:404 body={"strategy":"-android uiautomator","selector":"new UiSelector().descriptionContains(\"Definitely Not...
14:05:51.718378 POST /session/7367f8b0-dd8c-4fc3-a42e-6565b2318bab/element [6.018625ms] ERR:404 body={"strategy":"-android uiautomator","selector":"new UiSelector().textMatches(\"(?is).*\\QDefinitely N...
14:05:51.724368 POST /session/7367f8b0-dd8c-4fc3-a42e-6565b2318bab/element [5.934083ms] ERR:404 body={"strategy":"-android uiautomator","selector":"new UiSelector().descriptionMatches(\"(?is).*\\QDefin...
14:05:51.735596 POST /session/7367f8b0-dd8c-4fc3-a42e-6565b2318bab/element [11.17525ms] ERR:404 body={"strategy":"-android uiautomator","selector":"new UiSelector().textContains(\"Definitely Not Here\"...
14:05:51.742945 POST /session/7367f8b0-dd8c-4fc3-a42e-6565b2318bab/element [7.29225ms] ERR:404 body={"strategy":"-android uiautomator","selector":"new UiSelector().descriptionContains(\"Definitely Not...
14:05:51.749382 POST /session/7367f8b0-dd8c-4fc3-a42e-6565b2318bab/element [6.386417ms] ERR:404 body={"strategy":"-android uiautomator","selector":"new UiSelector().textMatches(\"(?is).*\\QDefinitely N...
14:05:51.756440 POST /session/7367f8b0-dd8c-4fc3-a42e-6565b2318bab/element [7.008917ms] ERR:404 body={"strategy":"-android uiautomator","selector":"new UiSelector().descriptionMatches(\"(?is).*\\QDefin...
14:05:51.767781 POST /session/7367f8b0-dd8c-4fc3-a42e-6565b2318bab/element [11.291625ms] ERR:404 body={"strategy":"-android uiautomator","selector":"new UiSelector().textContains(\"Definitely Not Here\"...
14:05:51.775101 POST /session/7367f8b0-dd8c-4fc3-a42e-6565b2318bab/element [7.25375ms] ERR:404 body={"strategy":"-android uiautomator","selector":"new UiSelector().descriptionContains(\"Definitely Not...
14:05:51.780258 POST /session/7367f8b0-dd8c-4fc3-a42e-6565b2318bab/element [5.109292ms] ERR:404 body={"strategy":"-android uiautomator","selector":"new UiSelector().textMatches(\"(?is).*\\QDefinitely N...
14:05:51.787078 POST /session/7367f8b0-dd8c-4fc3-a42e-6565b2318bab/element [6.780375ms] ERR:404 body={"strategy":"-android uiautomator","selector":"new UiSelector().descriptionMatches(\"(?is).*\\QDefin...
14:05:51.794750 POST /session/7367f8b0-dd8c-4fc3-a42e-6565b2318bab/element [7.619458ms] ERR:404 body={"strategy":"-android uiautomator","selector":"new UiSelector().textContains(\"Definitely Not Here\"...
14:05:51.804137 POST /session/7367f8b0-dd8c-4fc3-a42e-6565b2318bab/element [9.310416ms] ERR:404 body={"strategy":"-android uiautomator","selector":"new UiSelector().descriptionContains(\"Definitely Not...
14:05:51.812007 POST /session/7367f8b0-dd8c-4fc3-a42e-6565b2318bab/element [7.812709ms] ERR:404 body={"strategy":"-android uiautomator","selector":"new UiSelector().textMatches(\"(?is).*\\QDefinitely N...
14:05:51.818576 POST /session/7367f8b0-dd8c-4fc3-a42e-6565b2318bab/element [6.516292ms] ERR:404 body={"strategy":"-android uiautomator","selector":"new UiSelector().descriptionMatches(\"(?is).*\\QDefin...
14:05:51.827818 POST /session/7367f8b0-dd8c-4fc3-a42e-6565b2318bab/element [9.182167ms] ERR:404 body={"strategy":"-android uiautomator","selector":"new UiSelector().textContains(\"Definitely Not Here\"...
14:05:51.836610 POST /session/7367f8b0-dd8c-4fc3-a42e-6565b2318bab/element [8.729166ms] ERR:404 body={"strategy":"-android uiautomator","selector":"new UiSelector().descriptionContains(\"Definitely Not...
14:05:51.845527 POST /session/7367f8b0-dd8c-4fc3-a42e-6565b2318bab/element [8.854375ms] ERR:404 body={"strategy":"-android uiautomator","selector":"new UiSelector().textMatches(\"(?is).*\\QDefinitely N...
14:05:51.853873 POST /session/7367f8b0-dd8c-4fc3-a42e-6565b2318bab/element [8.282959ms] ERR:404 body={"strategy":"-android uiautomator","selector":"new UiSelector().descriptionMatches(\"(?is).*\\QDefin...
14:05:51.860985 POST /session/7367f8b0-dd8c-4fc3-a42e-6565b2318bab/element [7.035875ms] ERR:404 body={"strategy":"-android uiautomator","selector":"new UiSelector().textContains(\"Definitely Not Here\"...
14:05:51.866871 POST /session/7367f8b0-dd8c-4fc3-a42e-6565b2318bab/element [5.820958ms] ERR:404 body={"strategy":"-android uiautomator","selector":"new UiSelector().descriptionContains(\"Definitely Not...
14:05:51.871505 POST /session/7367f8b0-dd8c-4fc3-a42e-6565b2318bab/element [4.591333ms] ERR:404 body={"strategy":"-android uiautomator","selector":"new UiSelector().textMatches(\"(?is).*\\QDefinitely N...
14:05:51.877794 POST /session/7367f8b0-dd8c-4fc3-a42e-6565b2318bab/element [6.243166ms] ERR:404 body={"strategy":"-android uiautomator","selector":"new UiSelector().descriptionMatches(\"(?is).*\\QDefin...
14:05:51.883578 POST /session/7367f8b0-dd8c-4fc3-a42e-6565b2318bab/element [5.734709ms] ERR:404 body={"strategy":"-android uiautomator","selector":"new UiSelector().textContains(\"Definitely Not Here\"...
14:05:51.889477 POST /session/7367f8b0-dd8c-4fc3-a42e-6565b2318bab/element [5.842875ms] ERR:404 body={"strategy":"-android uiautomator","selector":"new UiSelector().descriptionContains(\"Definitely Not...
14:05:51.897371 POST /session/7367f8b0-dd8c-4fc3-a42e-6565b2318bab/element [7.841125ms] ERR:404 body={"strategy":"-android uiautomator","selector":"new UiSelector().textMatches(\"(?is).*\\QDefinitely N...
14:05:51.903768 POST /session/7367f8b0-dd8c-4fc3-a42e-6565b2318bab/element [6.356292ms] ERR:404 body={"strategy":"-android uiautomator","selector":"new UiSelector().descriptionMatches(\"(?is).*\\QDefin...
14:05:51.909285 POST /session/7367f8b0-dd8c-4fc3-a42e-6565b2318bab/element [5.474833ms] ERR:404 body={"strategy":"-android uiautomator","selector":"new UiSelector().textContains(\"Definitely Not Here\"...
14:05:51.915124 POST /session/7367f8b0-dd8c-4fc3-a42e-6565b2318bab/element [5.788583ms] ERR:404 body={"strategy":"-android uiautomator","selector":"new UiSelector().descriptionContains(\"Definitely Not...
14:05:51.920041 POST /session/7367f8b0-dd8c-4fc3-a42e-6565b2318bab/element [4.860292ms] ERR:404 body={"strategy":"-android uiautomator","selector":"new UiSelector().textMatches(\"(?is).*\\QDefinitely N...
14:05:51.927358 POST /session/7367f8b0-dd8c-4fc3-a42e-6565b2318bab/element [7.271334ms] ERR:404 body={"strategy":"-android uiautomator","selector":"new UiSelector().descriptionMatches(\"(?is).*\\QDefin...
14:05:51.934709 POST /session/7367f8b0-dd8c-4fc3-a42e-6565b2318bab/element [7.301417ms] ERR:404 body={"strategy":"-android uiautomator","selector":"new UiSelector().textContains(\"Definitely Not Here\"...
14:05:51.942342 POST /session/7367f8b0-dd8c-4fc3-a42e-6565b2318bab/element [7.58375ms] ERR:404 body={"strategy":"-android uiautomator","selector":"new UiSelector().descriptionContains(\"Definitely Not...
14:05:51.948417 POST /session/7367f8b0-dd8c-4fc3-a42e-6565b2318bab/element [6.029417ms] ERR:404 body={"strategy":"-android uiautomator","selector":"new UiSelector().textMatches(\"(?is).*\\QDefinitely N...
14:05:51.954720 POST /session/7367f8b0-dd8c-4fc3-a42e-6565b2318bab/element [6.255041ms] ERR:404 body={"strategy":"-android uiautomator","selector":"new UiSelector().descriptionMatches(\"(?is).*\\QDefin...
14:05:51.962361 POST /session/7367f8b0-dd8c-4fc3-a42e-6565b2318bab/element [7.584666ms] ERR:404 body={"strategy":"-android uiautomator","selector":"new UiSelector().textContains(\"Definitely Not Here\"...
14:05:51.970000 POST /session/7367f8b0-dd8c-4fc3-a42e-6565b2318bab/element [7.589208ms] ERR:404 body={"strategy":"-android uiautomator","selector":"new UiSelector().descriptionContains(\"Definitely Not...
14:05:51.974032 POST /session/7367f8b0-dd8c-4fc3-a42e-6565b2318bab/element [3.987875ms] ERR:404 body={"strategy":"-android uiautomator","selector":"new UiSelector().textMatches(\"(?is).*\\QDefinitely N...
14:05:51.980575 POST /session/7367f8b0-dd8c-4fc3-a42e-6565b2318bab/element [6.493667ms] ERR:404 body={"strategy":"-android uiautomator","selector":"new UiSelector().descriptionMatches(\"(?is).*\\QDefin...
14:05:51.985801 POST /session/7367f8b0-dd8c-4fc3-a42e-6565b2318bab/element [5.174875ms] ERR:404 body={"strategy":"-android uiautomator","selector":"new UiSelector().textContains(\"Definitely Not Here\"...
14:05:51.992873 POST /session/7367f8b0-dd8c-4fc3-a42e-6565b2318bab/element [7.035292ms] ERR:404 body={"strategy":"-android uiautomator","selector":"new UiSelector().descriptionContains(\"Definitely Not...
14:05:51.999249 POST /session/7367f8b0-dd8c-4fc3-a42e-6565b2318bab/element [6.319792ms] ERR:404 body={"strategy":"-android uiautomator","selector":"new UiSelector().textMatches(\"(?is).*\\QDefinitely N...
14:05:52.006475 POST /session/7367f8b0-dd8c-4fc3-a42e-6565b2318bab/element [7.179ms] ERR:404 body={"strategy":"-android uiautomator","selector":"new UiSelector().descriptionMatches(\"(?is).*\\QDefin...
14:05:52.013142 POST /session/7367f8b0-dd8c-4fc3-a42e-6565b2318bab/element [6.627833ms] ERR:404 body={"strategy":"-android uiautomator","selector":"new UiSelector().textContains(\"Definitely Not Here\"...
14:05:52.019978 POST /session/7367f8b0-dd8c-4fc3-a42e-6565b2318bab/element [6.781083ms] ERR:404 body={"strategy":"-android uiautomator","selector":"new UiSelector().descriptionContains(\"Definitely Not...
14:05:52.026647 POST /session/7367f8b0-dd8c-4fc3-a42e-6565b2318bab/element [6.630625ms] ERR:404 body={"strategy":"-android uiautomator","selector":"new UiSelector().textMatches(\"(?is).*\\QDefinitely N...
14:05:52.031751 POST /session/7367f8b0-dd8c-4fc3-a42e-6565b2318bab/element [5.066916ms] ERR:404 body={"strategy":"-android uiautomator","selector":"new UiSelector().descriptionMatches(\"(?is).*\\QDefin...
14:05:52.038344 POST /session/7367f8b0-dd8c-4fc3-a42e-6565b2318bab/element [6.552667ms] ERR:404 body={"strategy":"-android uiautomator","selector":"new UiSelector().textContains(\"Definitely Not Here\"...
14:05:52.045102 POST /session/7367f8b0-dd8c-4fc3-a42e-6565b2318bab/element [6.71775ms] ERR:404 body={"strategy":"-android uiautomator","selector":"new UiSelector().descriptionContains(\"Definitely Not...
14:05:52.052620 POST /session/7367f8b0-dd8c-4fc3-a42e-6565b2318bab/element [7.463709ms] ERR:404 body={"strategy":"-android uiautomator","selector":"new UiSelector().textMatches(\"(?is).*\\QDefinitely N...
14:05:52.061551 POST /session/7367f8b0-dd8c-4fc3-a42e-6565b2318bab/element [8.887041ms] ERR:404 body={"strategy":"-android uiautomator","selector":"new UiSelector().descriptionMatches(\"(?is).*\\QDefin...
14:05:52.067449 POST /session/7367f8b0-dd8c-4fc3-a42e-6565b2318bab/element [5.84875ms] ERR:404 body={"strategy":"-android uiautomator","selector":"new UiSelector().textContains(\"Definitely Not Here\"...
14:05:52.073456 POST /session/7367f8b0-dd8c-4fc3-a42e-6565b2318bab/element [5.951042ms] ERR:404 body={"strategy":"-android uiautomator","selector":"new UiSelector().descriptionContains(\"Definitely Not...
14:05:52.078517 POST /session/7367f8b0-dd8c-4fc3-a42e-6565b2318bab/element [4.997917ms] ERR:404 body={"strategy":"-android uiautomator","selector":"new UiSelector().textMatches(\"(?is).*\\QDefinitely N...
14:05:52.086827 POST /session/7367f8b0-dd8c-4fc3-a42e-6565b2318bab/element [8.24875ms] ERR:404 body={"strategy":"-android uiautomator","selector":"new UiSelector().descriptionMatches(\"(?is).*\\QDefin...
14:05:52.097157 POST /session/7367f8b0-dd8c-4fc3-a42e-6565b2318bab/element [10.26825ms] ERR:404 body={"strategy":"-android uiautomator","selector":"new UiSelector().textContains(\"Definitely Not Here\"...
14:05:52.105125 POST /session/7367f8b0-dd8c-4fc3-a42e-6565b2318bab/element [7.903833ms] ERR:404 body={"strategy":"-android uiautomator","selector":"new UiSelector().descriptionContains(\"Definitely Not...
14:05:52.116336 POST /session/7367f8b0-dd8c-4fc3-a42e-6565b2318bab/element [11.15175ms] ERR:404 body={"strategy":"-android uiautomator","selector":"new UiSelector().textMatches(\"(?is).*\\QDefinitely N...
14:05:52.123778 POST /session/7367f8b0-dd8c-4fc3-a42e-6565b2318bab/element [7.381625ms] ERR:404 body={"strategy":"-android uiautomator","selector":"new UiSelector().descriptionMatches(\"(?is).*\\QDefin...
14:05:52.128409 POST /session/7367f8b0-dd8c-4fc3-a42e-6565b2318bab/element [4.580584ms] ERR:404 body={"strategy":"-android uiautomator","selector":"new UiSelector().textContains(\"Definitely Not Here\"...
14:05:52.133149 POST /session/7367f8b0-dd8c-4fc3-a42e-6565b2318bab/element [4.692208ms] ERR:404 body={"strategy":"-android uiautomator","selector":"new UiSelector().descriptionContains(\"Definitely Not...
14:05:52.137601 POST /session/7367f8b0-dd8c-4fc3-a42e-6565b2318bab/element [4.411292ms] ERR:404 body={"strategy":"-android uiautomator","selector":"new UiSelector().textMatches(\"(?is).*\\QDefinitely N...
14:05:52.143772 POST /session/7367f8b0-dd8c-4fc3-a42e-6565b2318bab/element [6.130125ms] ERR:404 body={"strategy":"-android uiautomator","selector":"new UiSelector().descriptionMatches(\"(?is).*\\QDefin...
14:05:52.152006 POST /session/7367f8b0-dd8c-4fc3-a42e-6565b2318bab/element [8.190417ms] ERR:404 body={"strategy":"-android uiautomator","selector":"new UiSelector().textContains(\"Definitely Not Here\"...
14:05:52.158025 POST /session/7367f8b0-dd8c-4fc3-a42e-6565b2318bab/element [5.964208ms] ERR:404 body={"strategy":"-android uiautomator","selector":"new UiSelector().descriptionContains(\"Definitely Not...
14:05:52.163038 POST /session/7367f8b0-dd8c-4fc3-a42e-6565b2318bab/element [4.96475ms] ERR:404 body={"strategy":"-android uiautomator","selector":"new UiSelector().textMatches(\"(?is).*\\QDefinitely N...
14:05:52.170891 POST /session/7367f8b0-dd8c-4fc3-a42e-6565b2318bab/element [7.812208ms] ERR:404 body={"strategy":"-android uiautomator","selector":"new UiSelector().descriptionMatches(\"(?is).*\\QDefin...
14:05:52.177408 POST /session/7367f8b0-dd8c-4fc3-a42e-6565b2318bab/element [6.474667ms] ERR:404 body={"strategy":"-android uiautomator","selector":"new UiSelector().textContains(\"Definitely Not Here\"...
14:05:52.185314 POST /session/7367f8b0-dd8c-4fc3-a42e-6565b2318bab/element [7.853625ms] ERR:404 body={"strategy":"-android uiautomator","selector":"new UiSelector().descriptionContains(\"Definitely Not...
14:05:52.192321 POST /session/7367f8b0-dd8c-4fc3-a42e-6565b2318bab/element [6.953459ms] ERR:404 body={"strategy":"-android uiautomator","selector":"new UiSelector().textMatches(\"(?is).*\\QDefinitely N...
14:05:52.198238 POST /session/7367f8b0-dd8c-4fc3-a42e-6565b2318bab/element [5.863542ms] ERR:404 body={"strategy":"-android uiautomator","selector":"new UiSelector().descriptionMatches(\"(?is).*\\QDefin...
14:05:52.203909 POST /session/7367f8b0-dd8c-4fc3-a42e-6565b2318bab/element [5.626583ms] ERR:404 body={"strategy":"-android uiautomator","selector":"new UiSelector().textContains(\"Definitely Not Here\"...
14:05:52.209601 POST /session/7367f8b0-dd8c-4fc3-a42e-6565b2318bab/element [5.642334ms] ERR:404 body={"strategy":"-android uiautomator","selector":"new UiSelector().descriptionContains(\"Definitely Not...
14:05:52.216155 POST /session/7367f8b0-dd8c-4fc3-a42e-6565b2318bab/element [6.496167ms] ERR:404 body={"strategy":"-android uiautomator","selector":"new UiSelector().textMatches(\"(?is).*\\QDefinitely N...
14:05:52.224044 POST /session/7367f8b0-dd8c-4fc3-a42e-6565b2318bab/element [7.81875ms] ERR:404 body={"strategy":"-android uiautomator","selector":"new UiSelector().descriptionMatches(\"(?is).*\\QDefin...
14:05:52.233424 POST /session/7367f8b0-dd8c-4fc3-a42e-6565b2318bab/element [9.303917ms] ERR:404 body={"strategy":"-android uiautomator","selector":"new UiSelector().textContains(\"Definitely Not Here\"...
14:05:52.239028 POST /session/7367f8b0-dd8c-4fc3-a42e-6565b2318bab/element [5.537875ms] ERR:404 body={"strategy":"-android uiautomator","selector":"new UiSelector().descriptionContains(\"Definitely Not...
14:05:52.245686 POST /session/7367f8b0-dd8c-4fc3-a42e-6565b2318bab/element [6.591667ms] ERR:404 body={"strategy":"-android uiautomator","selector":"new UiSelector().textMatches(\"(?is).*\\QDefinitely N...
14:05:52.254300 POST /session/7367f8b0-dd8c-4fc3-a42e-6565b2318bab/element [8.553375ms] ERR:404 body={"strategy":"-android uiautomator","selector":"new UiSelector().descriptionMatches(\"(?is).*\\QDefin...
14:05:52.261915 POST /session/7367f8b0-dd8c-4fc3-a42e-6565b2318bab/element [7.548708ms] ERR:404 body={"strategy":"-android uiautomator","selector":"new UiSelector().textContains(\"Definitely Not Here\"...
14:05:52.270174 POST /session/7367f8b0-dd8c-4fc3-a42e-6565b2318bab/element [8.209ms] ERR:404 body={"strategy":"-android uiautomator","selector":"new UiSelector().descriptionContains(\"Definitely Not...
14:05:52.277615 POST /session/7367f8b0-dd8c-4fc3-a42e-6565b2318bab/element [7.388875ms] ERR:404 body={"strategy":"-android uiautomator","selector":"new UiSelector().textMatches(\"(?is).*\\QDefinitely N...
14:05:52.289968 POST /session/7367f8b0-dd8c-4fc3-a42e-6565b2318bab/element [12.308292ms] ERR:404 body={"strategy":"-android uiautomator","selector":"new UiSelector().descriptionMatches(\"(?is).*\\QDefin...
14:05:52.296375 POST /session/7367f8b0-dd8c-4fc3-a42e-6565b2318bab/element [6.359083ms] ERR:404 body={"strategy":"-android uiautomator","selector":"new UiSelector().textContains(\"Definitely Not Here\"...
14:05:52.301828 POST /session/7367f8b0-dd8c-4fc3-a42e-6565b2318bab/element [5.403833ms] ERR:404 body={"strategy":"-android uiautomator","selector":"new UiSelector().descriptionContains(\"Definitely Not...
14:05:52.308128 POST /session/7367f8b0-dd8c-4fc3-a42e-6565b2318bab/element [6.257167ms] ERR:404 body={"strategy":"-android uiautomator","selector":"new UiSelector().textMatches(\"(?is).*\\QDefinitely N...
14:05:52.312904 POST /session/7367f8b0-dd8c-4fc3-a42e-6565b2318bab/element [4.744ms] ERR:404 body={"strategy":"-android uiautomator","selector":"new UiSelector().descriptionMatches(\"(?is).*\\QDefin...
14:05:52.318892 POST /session/7367f8b0-dd8c-4fc3-a42e-6565b2318bab/element [5.949292ms] ERR:404 body={"strategy":"-android uiautomator","selector":"new UiSelector().textContains(\"Definitely Not Here\"...
14:05:52.324666 POST /session/7367f8b0-dd8c-4fc3-a42e-6565b2318bab/element [5.730666ms] ERR:404 body={"strategy":"-android uiautomator","selector":"new UiSelector().descriptionContains(\"Definitely Not...
14:05:52.330076 POST /session/7367f8b0-dd8c-4fc3-a42e-6565b2318bab/element [5.373ms] ERR:404 body={"strategy":"-android uiautomator","selector":"new UiSelector().textMatches(\"(?is).*\\QDefinitely N...
14:05:52.335751 POST /session/7367f8b0-dd8c-4fc3-a42e-6565b2318bab/element [5.632417ms] ERR:404 body={"strategy":"-android uiautomator","selector":"new UiSelector().descriptionMatches(\"(?is).*\\QDefin...
14:05:52.341013 POST /session/7367f8b0-dd8c-4fc3-a42e-6565b2318bab/element [5.220792ms] ERR:404 body={"strategy":"-android uiautomator","selector":"new UiSelector().textContains(\"Definitely Not Here\"...
14:05:52.345311 POST /session/7367f8b0-dd8c-4fc3-a42e-6565b2318bab/element [4.269792ms] ERR:404 body={"strategy":"-android uiautomator","selector":"new UiSelector().descriptionContains(\"Definitely Not...
14:05:52.351737 POST /session/7367f8b0-dd8c-4fc3-a42e-6565b2318bab/element [6.394666ms] ERR:404 body={"strategy":"-android uiautomator","selector":"new UiSelector().textMatches(\"(?is).*\\QDefinitely N...
14:05:52.357925 POST /session/7367f8b0-dd8c-4fc3-a42e-6565b2318bab/element [6.147542ms] ERR:404 body={"strategy":"-android uiautomator","selector":"new UiSelector().descriptionMatches(\"(?is).*\\QDefin...
14:05:52.363721 POST /session/7367f8b0-dd8c-4fc3-a42e-6565b2318bab/element [5.764792ms] ERR:404 body={"strategy":"-android uiautomator","selector":"new UiSelector().textContains(\"Definitely Not Here\"...
14:05:52.369035 POST /session/7367f8b0-dd8c-4fc3-a42e-6565b2318bab/element [5.282041ms] ERR:404 body={"strategy":"-android uiautomator","selector":"new UiSelector().descriptionContains(\"Definitely Not...
14:05:52.375359 POST /session/7367f8b0-dd8c-4fc3-a42e-6565b2318bab/element [6.250625ms] ERR:404 body={"strategy":"-android uiautomator","selector":"new UiSelector().textMatches(\"(?is).*\\QDefinitely N...
14:05:52.381816 POST /session/7367f8b0-dd8c-4fc3-a42e-6565b2318bab/element [6.408375ms] ERR:404 body={"strategy":"-android uiautomator","selector":"new UiSelector().descriptionMatches(\"(?is).*\\QDefin...
14:05:52.388835 POST /session/7367f8b0-dd8c-4fc3-a42e-6565b2318bab/element [6.964333ms] ERR:404 body={"strategy":"-android uiautomator","selector":"new UiSelector().textContains(\"Definitely Not Here\"...
14:05:52.394889 POST /session/7367f8b0-dd8c-4fc3-a42e-6565b2318bab/element [6.0075ms] ERR:404 body={"strategy":"-android uiautomator","selector":"new UiSelector().descriptionContains(\"Definitely Not...
14:05:52.400965 POST /session/7367f8b0-dd8c-4fc3-a42e-6565b2318bab/element [6.03425ms] ERR:404 body={"strategy":"-android uiautomator","selector":"new UiSelector().textMatches(\"(?is).*\\QDefinitely N...
14:05:52.407313 POST /session/7367f8b0-dd8c-4fc3-a42e-6565b2318bab/element [6.294792ms] ERR:404 body={"strategy":"-android uiautomator","selector":"new UiSelector().descriptionMatches(\"(?is).*\\QDefin...
14:05:52.413007 POST /session/7367f8b0-dd8c-4fc3-a42e-6565b2318bab/element [5.642083ms] ERR:404 body={"strategy":"-android uiautomator","selector":"new UiSelector().textContains(\"Definitely Not Here\"...
14:05:52.420748 POST /session/7367f8b0-dd8c-4fc3-a42e-6565b2318bab/element [7.622958ms] ERR:404 body={"strategy":"-android uiautomator","selector":"new UiSelector().descriptionContains(\"Definitely Not...
14:05:52.430453 POST /session/7367f8b0-dd8c-4fc3-a42e-6565b2318bab/element [9.651083ms] ERR:404 body={"strategy":"-android uiautomator","selector":"new UiSelector().textMatches(\"(?is).*\\QDefinitely N...
14:05:52.436412 POST /session/7367f8b0-dd8c-4fc3-a42e-6565b2318bab/element [5.887458ms] ERR:404 body={"strategy":"-android uiautomator","selector":"new UiSelector().descriptionMatches(\"(?is).*\\QDefin...
14:05:52.444009 POST /session/7367f8b0-dd8c-4fc3-a42e-6565b2318bab/element [7.532333ms] ERR:404 body={"strategy":"-android uiautomator","selector":"new UiSelector().textContains(\"Definitely Not Here\"...
14:05:52.450687 POST /session/7367f8b0-dd8c-4fc3-a42e-6565b2318bab/element [6.606709ms] ERR:404 body={"strategy":"-android uiautomator","selector":"new UiSelector().descriptionContains(\"Definitely Not...
14:05:52.458799 POST /session/7367f8b0-dd8c-4fc3-a42e-6565b2318bab/element [8.056416ms] ERR:404 body={"strategy":"-android uiautomator","selector":"new UiSelector().textMatches(\"(?is).*\\QDefinitely N...
14:05:52.466151 POST /session/7367f8b0-dd8c-4fc3-a42e-6565b2318bab/element [7.292292ms] ERR:404 body={"strategy":"-android uiautomator","selector":"new UiSelector().descriptionMatches(\"(?is).*\\QDefin...
14:05:52.475722 POST /session/7367f8b0-dd8c-4fc3-a42e-6565b2318bab/element [9.498333ms] ERR:404 body={"strategy":"-android uiautomator","selector":"new UiSelector().textContains(\"Definitely Not Here\"...
14:05:52.483687 POST /session/7367f8b0-dd8c-4fc3-a42e-6565b2318bab/element [7.914125ms] ERR:404 body={"strategy":"-android uiautomator","selector":"new UiSelector().descriptionContains(\"Definitely Not...
14:05:52.489980 POST /session/7367f8b0-dd8c-4fc3-a42e-6565b2318bab/element [6.247666ms] ERR:404 body={"strategy":"-android uiautomator","selector":"new UiSelector().textMatches(\"(?is).*\\QDefinitely N...
14:05:52.496529 POST /session/7367f8b0-dd8c-4fc3-a42e-6565b2318bab/element [6.497542ms] ERR:404 body={"strategy":"-android uiautomator","selector":"new UiSelector().descriptionMatches(\"(?is).*\\QDefin...
14:05:52.505407 POST /session/7367f8b0-dd8c-4fc3-a42e-6565b2318bab/element [8.8305ms] ERR:404 body={"strategy":"-android uiautomator","selector":"new UiSelector().textContains(\"Definitely Not Here\"...
14:05:52.510277 POST /session/7367f8b0-dd8c-4fc3-a42e-6565b2318bab/element [4.817708ms] ERR:404 body={"strategy":"-android uiautomator","selector":"new UiSelector().descriptionContains(\"Definitely Not...
14:05:52.514904 POST /session/7367f8b0-dd8c-4fc3-a42e-6565b2318bab/element [4.584208ms] ERR:404 body={"strategy":"-android uiautomator","selector":"new UiSelector().textMatches(\"(?is).*\\QDefinitely N...
14:05:52.519726 POST /session/7367f8b0-dd8c-4fc3-a42e-6565b2318bab/element [4.773541ms] ERR:404 body={"strategy":"-android uiautomator","selector":"new UiSelector().descriptionMatches(\"(?is).*\\QDefin...
14:05:52.524982 POST /session/7367f8b0-dd8c-4fc3-a42e-6565b2318bab/element [5.212125ms] ERR:404 body={"strategy":"-android uiautomator","selector":"new UiSelector().textContains(\"Definitely Not Here\"...
14:05:52.531860 POST /session/7367f8b0-dd8c-4fc3-a42e-6565b2318bab/element [6.823ms] ERR:404 body={"strategy":"-android uiautomator","selector":"new UiSelector().descriptionContains(\"Definitely Not...
14:05:52.537887 POST /session/7367f8b0-dd8c-4fc3-a42e-6565b2318bab/element [5.965041ms] ERR:404 body={"strategy":"-android uiautomator","selector":"new UiSelector().textMatches(\"(?is).*\\QDefinitely N...
14:05:52.545382 POST /session/7367f8b0-dd8c-4fc3-a42e-6565b2318bab/element [7.431959ms] ERR:404 body={"strategy":"-android uiautomator","selector":"new UiSelector().descriptionMatches(\"(?is).*\\QDefin...
14:05:52.550880 POST /session/7367f8b0-dd8c-4fc3-a42e-6565b2318bab/element [5.443208ms] ERR:404 body={"strategy":"-android uiautomator","selector":"new UiSelector().textContains(\"Definitely Not Here\"...
14:05:52.559241 POST /session/7367f8b0-dd8c-4fc3-a42e-6565b2318bab/element [8.306083ms] ERR:404 body={"strategy":"-android uiautomator","selector":"new UiSelector().descriptionContains(\"Definitely Not...
14:05:52.564694 POST /session/7367f8b0-dd8c-4fc3-a42e-6565b2318bab/element [5.392166ms] ERR:404 body={"strategy":"-android uiautomator","selector":"new UiSelector().textMatches(\"(?is).*\\QDefinitely N...
14:05:52.585889 POST /session/7367f8b0-dd8c-4fc3-a42e-6565b2318bab/element [21.129792ms] ERR:404 body={"strategy":"-android uiautomator","selector":"new UiSelector().descriptionMatches(\"(?is).*\\QDefin...
14:05:52.594378 POST /session/7367f8b0-dd8c-4fc3-a42e-6565b2318bab/element [7.85525ms] ERR:404 body={"strategy":"-android uiautomator","selector":"new UiSelector().textContains(\"Definitely Not Here\"...
14:05:52.601709 POST /session/7367f8b0-dd8c-4fc3-a42e-6565b2318bab/element [7.273084ms] ERR:404 body={"strategy":"-android uiautomator","selector":"new UiSelector().descriptionContains(\"Definitely Not...
14:05:52.607169 POST /session/7367f8b0-dd8c-4fc3-a42e-6565b2318bab/element [5.395042ms] ERR:404 body={"strategy":"-android uiautomator","selector":"new UiSelector().textMatches(\"(?is).*\\QDefinitely N...
14:05:52.614680 POST /session/7367f8b0-dd8c-4fc3-a42e-6565b2318bab/element [7.45525ms] ERR:404 body={"strategy":"-android uiautomator","selector":"new UiSelector().descriptionMatches(\"(?is).*\\QDefin...
14:05:52.621294 POST /session/7367f8b0-dd8c-4fc3-a42e-6565b2318bab/element [6.552667ms] ERR:404 body={"strategy":"-android uiautomator","selector":"new UiSelector().textContains(\"Definitely Not Here\"...
14:05:52.628608 POST /session/7367f8b0-dd8c-4fc3-a42e-6565b2318bab/element [7.258708ms] ERR:404 body={"strategy":"-android uiautomator","selector":"new UiSelector().descriptionContains(\"Definitely Not...
14:05:52.634298 POST /session/7367f8b0-dd8c-4fc3-a42e-6565b2318bab/element [5.645625ms] ERR:404 body={"strategy":"-android uiautomator","selector":"new UiSelector().textMatches(\"(?is).*\\QDefinitely N...
14:05:52.641168 POST /session/7367f8b0-dd8c-4fc3-a42e-6565b2318bab/element [6.811583ms] ERR:404 body={"strategy":"-android uiautomator","selector":"new UiSelector().descriptionMatches(\"(?is).*\\QDefin...
14:05:52.647847 POST /session/7367f8b0-dd8c-4fc3-a42e-6565b2318bab/element [6.635292ms] ERR:404 body={"strategy":"-android uiautomator","selector":"new UiSelector().textContains(\"Definitely Not Here\"...
14:05:52.656444 POST /session/7367f8b0-dd8c-4fc3-a42e-6565b2318bab/element [8.551917ms] ERR:404 body={"strategy":"-android uiautomator","selector":"new UiSelector().descriptionContains(\"Definitely Not...
14:05:52.660347 POST /session/7367f8b0-dd8c-4fc3-a42e-6565b2318bab/element [3.845417ms] ERR:404 body={"strategy":"-android uiautomator","selector":"new UiSelector().textMatches(\"(?is).*\\QDefinitely N...
14:05:52.666327 POST /session/7367f8b0-dd8c-4fc3-a42e-6565b2318bab/element [5.931375ms] ERR:404 body={"strategy":"-android uiautomator","selector":"new UiSelector().descriptionMatches(\"(?is).*\\QDefin...
14:05:52.673248 POST /session/7367f8b0-dd8c-4fc3-a42e-6565b2318bab/element [6.867583ms] ERR:404 body={"strategy":"-android uiautomator","selector":"new UiSelector().textContains(\"Definitely Not Here\"...
14:05:52.682625 POST /session/7367f8b0-dd8c-4fc3-a42e-6565b2318bab/element [9.3295ms] ERR:404 body={"strategy":"-android uiautomator","selector":"new UiSelector().descriptionContains(\"Definitely Not...
14:05:52.692014 POST /session/7367f8b0-dd8c-4fc3-a42e-6565b2318bab/element [9.338791ms] ERR:404 body={"strategy":"-android uiautomator","selector":"new UiSelector().textMatches(\"(?is).*\\QDefinitely N...
14:05:52.699364 POST /session/7367f8b0-dd8c-4fc3-a42e-6565b2318bab/element [7.294209ms] ERR:404 body={"strategy":"-android uiautomator","selector":"new UiSelector().descriptionMatches(\"(?is).*\\QDefin...
14:05:52.705962 POST /session/7367f8b0-dd8c-4fc3-a42e-6565b2318bab/element [6.546459ms] ERR:404 body={"strategy":"-android uiautomator","selector":"new UiSelector().textContains(\"Definitely Not Here\"...
14:05:52.715063 POST /session/7367f8b0-dd8c-4fc3-a42e-6565b2318bab/element [9.056125ms] ERR:404 body={"strategy":"-android uiautomator","selector":"new UiSelector().descriptionContains(\"Definitely Not...
14:05:52.726457 POST /session/7367f8b0-dd8c-4fc3-a42e-6565b2318bab/element [11.343875ms] ERR:404 body={"strategy":"-android uiautomator","selector":"new UiSelector().textMatches(\"(?is).*\\QDefinitely N...
14:05:52.740524 POST /session/7367f8b0-dd8c-4fc3-a42e-6565b2318bab/element [13.975833ms] ERR:404 body={"strategy":"-android uiautomator","selector":"new UiSelector().descriptionMatches(\"(?is).*\\QDefin...
14:05:52.757831 POST /session/7367f8b0-dd8c-4fc3-a42e-6565b2318bab/element [17.244ms] ERR:404 body={"strategy":"-android uiautomator","selector":"new UiSelector().textContains(\"Definitely Not Here\"...
14:05:52.768796 POST /session/7367f8b0-dd8c-4fc3-a42e-6565b2318bab/element [10.89875ms] ERR:404 body={"strategy":"-android uiautomator","selector":"new UiSelector().descriptionContains(\"Definitely Not...
14:05:52.779293 POST /session/7367f8b0-dd8c-4fc3-a42e-6565b2318bab/element [10.423375ms] ERR:404 body={"strategy":"-android uiautomator","selector":"new UiSelector().textMatches(\"(?is).*\\QDefinitely N...
14:05:52.789469 POST /session/7367f8b0-dd8c-4fc3-a42e-6565b2318bab/element [10.112958ms] ERR:404 body={"strategy":"-android uiautomator","selector":"new UiSelector().descriptionMatches(\"(?is).*\\QDefin...
14:05:52.818033 POST /session/7367f8b0-dd8c-4fc3-a42e-6565b2318bab/element [28.499625ms] ERR:404 body={"strategy":"-android uiautomator","selector":"new UiSelector().textContains(\"Definitely Not Here\"...
14:05:52.833304 POST /session/7367f8b0-dd8c-4fc3-a42e-6565b2318bab/element [15.181709ms] ERR:404 body={"strategy":"-android uiautomator","selector":"new UiSelector().descriptionContains(\"Definitely Not...
14:05:52.844513 POST /session/7367f8b0-dd8c-4fc3-a42e-6565b2318bab/element [11.149875ms] ERR:404 body={"strategy":"-android uiautomator","selector":"new UiSelector().textMatches(\"(?is).*\\QDefinitely N...
14:05:52.852550 POST /session/7367f8b0-dd8c-4fc3-a42e-6565b2318bab/element [7.918917ms] ERR:404 body={"strategy":"-android uiautomator","selector":"new UiSelector().descriptionMatches(\"(?is).*\\QDefin...
14:05:52.862102 POST /session/7367f8b0-dd8c-4fc3-a42e-6565b2318bab/element [9.49025ms] ERR:404 body={"strategy":"-android uiautomator","selector":"new UiSelector().textContains(\"Definitely Not Here\"...
14:05:52.868062 POST /session/7367f8b0-dd8c-4fc3-a42e-6565b2318bab/element [5.891792ms] ERR:404 body={"strategy":"-android uiautomator","selector":"new UiSelector().descriptionContains(\"Definitely Not...
14:05:52.875921 POST /session/7367f8b0-dd8c-4fc3-a42e-6565b2318bab/element [7.803292ms] ERR:404 body={"strategy":"-android uiautomator","selector":"new UiSelector().textMatches(\"(?is).*\\QDefinitely N...
14:05:52.886506 POST /session/7367f8b0-dd8c-4fc3-a42e-6565b2318bab/element [10.508375ms] ERR:404 body={"strategy":"-android uiautomator","selector":"new UiSelector().descriptionMatches(\"(?is).*\\QDefin...
14:05:52.895503 POST /session/7367f8b0-dd8c-4fc3-a42e-6565b2318bab/element [8.873166ms] ERR:404 body={"strategy":"-android uiautomator","selector":"new UiSelector().textContains(\"Definitely Not Here\"...
14:05:52.903587 POST /session/7367f8b0-dd8c-4fc3-a42e-6565b2318bab/element [8.02275ms] ERR:404 body={"strategy":"-android uiautomator","selector":"new UiSelector().descriptionContains(\"Definitely Not...
14:05:52.915973 POST /session/7367f8b0-dd8c-4fc3-a42e-6565b2318bab/element [12.32025ms] ERR:404 body={"strategy":"-android uiautomator","selector":"new UiSelector().textMatches(\"(?is).*\\QDefinitely N...
14:05:52.921840 POST /session/7367f8b0-dd8c-4fc3-a42e-6565b2318bab/element [5.795875ms] ERR:404 body={"strategy":"-android uiautomator","selector":"new UiSelector().descriptionMatches(\"(?is).*\\QDefin...
14:05:52.931246 POST /session/7367f8b0-dd8c-4fc3-a42e-6565b2318bab/element [9.354333ms] ERR:404 body={"strategy":"-android uiautomator","selector":"new UiSelector().textContains(\"Definitely Not Here\"...
14:05:52.938461 POST /session/7367f8b0-dd8c-4fc3-a42e-6565b2318bab/element [7.163459ms] ERR:404 body={"strategy":"-android uiautomator","selector":"new UiSelector().descriptionContains(\"Definitely Not...
14:05:52.943007 POST /session/7367f8b0-dd8c-4fc3-a42e-6565b2318bab/element [4.505167ms] ERR:404 body={"strategy":"-android uiautomator","selector":"new UiSelector().textMatches(\"(?is).*\\QDefinitely N...
14:05:52.949451 POST /session/7367f8b0-dd8c-4fc3-a42e-6565b2318bab/element [6.404875ms] ERR:404 body={"strategy":"-android uiautomator","selector":"new UiSelector().descriptionMatches(\"(?is).*\\QDefin...
14:05:52.954683 POST /session/7367f8b0-dd8c-4fc3-a42e-6565b2318bab/element [5.186833ms] ERR:404 body={"strategy":"-android uiautomator","selector":"new UiSelector().textContains(\"Definitely Not Here\"...
14:05:52.963119 POST /session/7367f8b0-dd8c-4fc3-a42e-6565b2318bab/element [8.389084ms] ERR:404 body={"strategy":"-android uiautomator","selector":"new UiSelector().descriptionContains(\"Definitely Not...
14:05:52.968282 POST /session/7367f8b0-dd8c-4fc3-a42e-6565b2318bab/element [5.11675ms] ERR:404 body={"strategy":"-android uiautomator","selector":"new UiSelector().textMatches(\"(?is).*\\QDefinitely N...
14:05:52.975335 POST /session/7367f8b0-dd8c-4fc3-a42e-6565b2318bab/element [7.008125ms] ERR:404 body={"strategy":"-android uiautomator","selector":"new UiSelector().descriptionMatches(\"(?is).*\\QDefin...
14:05:52.982640 POST /session/7367f8b0-dd8c-4fc3-a42e-6565b2318bab/element [7.254166ms] ERR:404 body={"strategy":"-android uiautomator","selector":"new UiSelector().textContains(\"Definitely Not Here\"...
14:05:52.987781 POST /session/7367f8b0-dd8c-4fc3-a42e-6565b2318bab/element [5.087584ms] ERR:404 body={"strategy":"-android uiautomator","selector":"new UiSelector().descriptionContains(\"Definitely Not...
14:05:52.995183 POST /session/7367f8b0-dd8c-4fc3-a42e-6565b2318bab/element [7.354875ms] ERR:404 body={"strategy":"-android uiautomator","selector":"new UiSelector().textMatches(\"(?is).*\\QDefinitely N...
14:05:53.002809 POST /session/7367f8b0-dd8c-4fc3-a42e-6565b2318bab/element [7.583292ms] ERR:404 body={"strategy":"-android uiautomator","selector":"new UiSelector().descriptionMatches(\"(?is).*\\QDefin...
14:05:53.008513 POST /session/7367f8b0-dd8c-4fc3-a42e-6565b2318bab/element [5.637666ms] ERR:404 body={"strategy":"-android uiautomator","selector":"new UiSelector().textContains(\"Definitely Not Here\"...
14:05:53.017097 POST /session/7367f8b0-dd8c-4fc3-a42e-6565b2318bab/element [8.515583ms] ERR:404 body={"strategy":"-android uiautomator","selector":"new UiSelector().descriptionContains(\"Definitely Not...
14:05:53.023684 POST /session/7367f8b0-dd8c-4fc3-a42e-6565b2318bab/element [6.522333ms] ERR:404 body={"strategy":"-android uiautomator","selector":"new UiSelector().textMatches(\"(?is).*\\QDefinitely N...
14:05:53.030122 POST /session/7367f8b0-dd8c-4fc3-a42e-6565b2318bab/element [6.38825ms] ERR:404 body={"strategy":"-android uiautomator","selector":"new UiSelector().descriptionMatches(\"(?is).*\\QDefin...
14:05:53.037610 POST /session/7367f8b0-dd8c-4fc3-a42e-6565b2318bab/element [7.431166ms] ERR:404 body={"strategy":"-android uiautomator","selector":"new UiSelector().textContains(\"Definitely Not Here\"...
14:05:53.044830 POST /session/7367f8b0-dd8c-4fc3-a42e-6565b2318bab/element [7.165166ms] ERR:404 body={"strategy":"-android uiautomator","selector":"new UiSelector().descriptionContains(\"Definitely Not...
14:05:53.051769 POST /session/7367f8b0-dd8c-4fc3-a42e-6565b2318bab/element [6.872917ms] ERR:404 body={"strategy":"-android uiautomator","selector":"new UiSelector().textMatches(\"(?is).*\\QDefinitely N...
14:05:53.060961 POST /session/7367f8b0-dd8c-4fc3-a42e-6565b2318bab/element [9.137291ms] ERR:404 body={"strategy":"-android uiautomator","selector":"new UiSelector().descriptionMatches(\"(?is).*\\QDefin...
14:05:53.067125 POST /session/7367f8b0-dd8c-4fc3-a42e-6565b2318bab/element [6.111458ms] ERR:404 body={"strategy":"-android uiautomator","selector":"new UiSelector().textContains(\"Definitely Not Here\"...
14:05:53.073737 POST /session/7367f8b0-dd8c-4fc3-a42e-6565b2318bab/element [6.561958ms] ERR:404 body={"strategy":"-android uiautomator","selector":"new UiSelector().descriptionContains(\"Definitely Not...
14:05:53.078164 POST /session/7367f8b0-dd8c-4fc3-a42e-6565b2318bab/element [4.381042ms] ERR:404 body={"strategy":"-android uiautomator","selector":"new UiSelector().textMatches(\"(?is).*\\QDefinitely N...
14:05:53.083603 POST /session/7367f8b0-dd8c-4fc3-a42e-6565b2318bab/element [5.403833ms] ERR:404 body={"strategy":"-android uiautomator","selector":"new UiSelector().descriptionMatches(\"(?is).*\\QDefin...
14:05:53.091021 POST /session/7367f8b0-dd8c-4fc3-a42e-6565b2318bab/element [7.379583ms] ERR:404 body={"strategy":"-android uiautomator","selector":"new UiSelector().textContains(\"Definitely Not Here\"...
14:05:53.095666 POST /session/7367f8b0-dd8c-4fc3-a42e-6565b2318bab/element [4.588791ms] ERR:404 body={"strategy":"-android uiautomator","selector":"new UiSelector().descriptionContains(\"Definitely Not...
14:05:53.102506 POST /session/7367f8b0-dd8c-4fc3-a42e-6565b2318bab/element [6.795208ms] ERR:404 body={"strategy":"-android uiautomator","selector":"new UiSelector().textMatches(\"(?is).*\\QDefinitely N...
14:05:53.109009 POST /session/7367f8b0-dd8c-4fc3-a42e-6565b2318bab/element [6.453416ms] ERR:404 body={"strategy":"-android uiautomator","selector":"new UiSelector().descriptionMatches(\"(?is).*\\QDefin...
14:05:53.116332 POST /session/7367f8b0-dd8c-4fc3-a42e-6565b2318bab/element [7.285708ms] ERR:404 body={"strategy":"-android uiautomator","selector":"new UiSelector().textContains(\"Definitely Not Here\"...
14:05:53.121984 POST /session/7367f8b0-dd8c-4fc3-a42e-6565b2318bab/element [5.593417ms] ERR:404 body={"strategy":"-android uiautomator","selector":"new UiSelector().descriptionContains(\"Definitely Not...
14:05:53.127517 POST /session/7367f8b0-dd8c-4fc3-a42e-6565b2318bab/element [5.486541ms] ERR:404 body={"strategy":"-android uiautomator","selector":"new UiSelector().textMatches(\"(?is).*\\QDefinitely N...
14:05:53.134803 POST /session/7367f8b0-dd8c-4fc3-a42e-6565b2318bab/element [7.23825ms] ERR:404 body={"strategy":"-android uiautomator","selector":"new UiSelector().descriptionMatches(\"(?is).*\\QDefin...
14:05:53.142217 POST /session/7367f8b0-dd8c-4fc3-a42e-6565b2318bab/element [7.356375ms] ERR:404 body={"strategy":"-android uiautomator","selector":"new UiSelector().textContains(\"Definitely Not Here\"...
14:05:53.146640 POST /session/7367f8b0-dd8c-4fc3-a42e-6565b2318bab/element [4.375625ms] ERR:404 body={"strategy":"-android uiautomator","selector":"new UiSelector().descriptionContains(\"Definitely Not...
14:05:53.154053 POST /session/7367f8b0-dd8c-4fc3-a42e-6565b2318bab/element [7.371333ms] ERR:404 body={"strategy":"-android uiautomator","selector":"new UiSelector().textMatches(\"(?is).*\\QDefinitely N...
14:05:53.158346 POST /session/7367f8b0-dd8c-4fc3-a42e-6565b2318bab/element [4.255542ms] ERR:404 body={"strategy":"-android uiautomator","selector":"new UiSelector().descriptionMatches(\"(?is).*\\QDefin...
14:05:53.165860 POST /session/7367f8b0-dd8c-4fc3-a42e-6565b2318bab/element [7.480084ms] ERR:404 body={"strategy":"-android uiautomator","selector":"new UiSelector().textContains(\"Definitely Not Here\"...
14:05:53.174688 POST /session/7367f8b0-dd8c-4fc3-a42e-6565b2318bab/element [8.772125ms] ERR:404 body={"strategy":"-android uiautomator","selector":"new UiSelector().descriptionContains(\"Definitely Not...
14:05:53.188093 POST /session/7367f8b0-dd8c-4fc3-a42e-6565b2318bab/element [13.354708ms] ERR:404 body={"strategy":"-android uiautomator","selector":"new UiSelector().textMatches(\"(?is).*\\QDefinitely N...
14:05:53.198427 POST /session/7367f8b0-dd8c-4fc3-a42e-6565b2318bab/element [10.287292ms] ERR:404 body={"strategy":"-android uiautomator","selector":"new UiSelector().descriptionMatches(\"(?is).*\\QDefin...
14:05:53.206333 POST /session/7367f8b0-dd8c-4fc3-a42e-6565b2318bab/element [7.855375ms] ERR:404 body={"strategy":"-android uiautomator","selector":"new UiSelector().textContains(\"Definitely Not Here\"...
14:05:53.214359 POST /session/7367f8b0-dd8c-4fc3-a42e-6565b2318bab/element [7.983041ms] ERR:404 body={"strategy":"-android uiautomator","selector":"new UiSelector().descriptionContains(\"Definitely Not...
14:05:53.220092 POST /session/7367f8b0-dd8c-4fc3-a42e-6565b2318bab/element [5.693041ms] ERR:404 body={"strategy":"-android uiautomator","selector":"new UiSelector().textMatches(\"(?is).*\\QDefinitely N...
14:05:53.228928 POST /session/7367f8b0-dd8c-4fc3-a42e-6565b2318bab/element [8.778083ms] ERR:404 body={"strategy":"-android uiautomator","selector":"new UiSelector().descriptionMatches(\"(?is).*\\QDefin...
14:05:53.240574 POST /session/7367f8b0-dd8c-4fc3-a42e-6565b2318bab/element [11.501ms] ERR:404 body={"strategy":"-android uiautomator","selector":"new UiSelector().textContains(\"Definitely Not Here\"...
14:05:53.247856 POST /session/7367f8b0-dd8c-4fc3-a42e-6565b2318bab/element [7.215ms] ERR:404 body={"strategy":"-android uiautomator","selector":"new UiSelector().descriptionContains(\"Definitely Not...
14:05:53.256067 POST /session/7367f8b0-dd8c-4fc3-a42e-6565b2318bab/element [8.16275ms] ERR:404 body={"strategy":"-android uiautomator","selector":"new UiSelector().textMatches(\"(?is).*\\QDefinitely N...
14:05:53.261338 POST /session/7367f8b0-dd8c-4fc3-a42e-6565b2318bab/element [5.223125ms] ERR:404 body={"strategy":"-android uiautomator","selector":"new UiSelector().descriptionMatches(\"(?is).*\\QDefin...
14:05:53.270235 POST /session/7367f8b0-dd8c-4fc3-a42e-6565b2318bab/element [8.851084ms] ERR:404 body={"strategy":"-android uiautomator","selector":"new UiSelector().textContains(\"Definitely Not Here\"...
14:05:53.278137 POST /session/7367f8b0-dd8c-4fc3-a42e-6565b2318bab/element [7.841708ms] ERR:404 body={"strategy":"-android uiautomator","selector":"new UiSelector().descriptionContains(\"Definitely Not...
14:05:53.282761 POST /session/7367f8b0-dd8c-4fc3-a42e-6565b2318bab/element [4.565291ms] ERR:404 body={"strategy":"-android uiautomator","selector":"new UiSelector().textMatches(\"(?is).*\\QDefinitely N...
14:05:53.291666 POST /session/7367f8b0-dd8c-4fc3-a42e-6565b2318bab/element [8.85325ms] ERR:404 body={"strategy":"-android uiautomator","selector":"new UiSelector().descriptionMatches(\"(?is).*\\QDefin...
14:05:53.297393 POST /session/7367f8b0-dd8c-4fc3-a42e-6565b2318bab/element [5.677917ms] ERR:404 body={"strategy":"-android uiautomator","selector":"new UiSelector().textContains(\"Definitely Not Here\"...
14:05:53.302106 POST /session/7367f8b0-dd8c-4fc3-a42e-6565b2318bab/element [4.66075ms] ERR:404 body={"strategy":"-android uiautomator","selector":"new UiSelector().descriptionContains(\"Definitely Not...
14:05:53.306612 POST /session/7367f8b0-dd8c-4fc3-a42e-6565b2318bab/element [4.456291ms] ERR:404 body={"strategy":"-android uiautomator","selector":"new UiSelector().textMatches(\"(?is).*\\QDefinitely N...
14:05:53.316050 POST /session/7367f8b0-dd8c-4fc3-a42e-6565b2318bab/element [9.386833ms] ERR:404 body={"strategy":"-android uiautomator","selector":"new UiSelector().descriptionMatches(\"(?is).*\\QDefin...
14:05:53.328457 POST /session/7367f8b0-dd8c-4fc3-a42e-6565b2318bab/element [12.353ms] ERR:404 body={"strategy":"-android uiautomator","selector":"new UiSelector().textContains(\"Definitely Not Here\"...
14:05:53.336681 POST /session/7367f8b0-dd8c-4fc3-a42e-6565b2318bab/element [8.160958ms] ERR:404 body={"strategy":"-android uiautomator","selector":"new UiSelector().descriptionContains(\"Definitely Not...
14:05:53.345498 POST /session/7367f8b0-dd8c-4fc3-a42e-6565b2318bab/element [8.751042ms] ERR:404 body={"strategy":"-android uiautomator","selector":"new UiSelector().textMatches(\"(?is).*\\QDefinitely N...
14:05:53.351808 POST /session/7367f8b0-dd8c-4fc3-a42e-6565b2318bab/element [6.249083ms] ERR:404 body={"strategy":"-android uiautomator","selector":"new UiSelector().descriptionMatches(\"(?is).*\\QDefin...
14:05:53.359998 POST /session/7367f8b0-dd8c-4fc3-a42e-6565b2318bab/element [8.137917ms] ERR:404 body={"strategy":"-android uiautomator","selector":"new UiSelector().textContains(\"Definitely Not Here\"...
14:05:53.366597 POST /session/7367f8b0-dd8c-4fc3-a42e-6565b2318bab/element [6.546583ms] ERR:404 body={"strategy":"-android uiautomator","selector":"new UiSelector().descriptionContains(\"Definitely Not...
14:05:53.375773 POST /session/7367f8b0-dd8c-4fc3-a42e-6565b2318bab/element [9.120625ms] ERR:404 body={"strategy":"-android uiautomator","selector":"new UiSelector().textMatches(\"(?is).*\\QDefinitely N...
14:05:53.382090 POST /session/7367f8b0-dd8c-4fc3-a42e-6565b2318bab/element [6.259834ms] ERR:404 body={"strategy":"-android uiautomator","selector":"new UiSelector().descriptionMatches(\"(?is).*\\QDefin...
14:05:53.388785 POST /session/7367f8b0-dd8c-4fc3-a42e-6565b2318bab/element [6.647958ms] ERR:404 body={"strategy":"-android uiautomator","selector":"new UiSelector().textContains(\"Definitely Not Here\"...
14:05:53.394771 POST /session/7367f8b0-dd8c-4fc3-a42e-6565b2318bab/element [5.927166ms] ERR:404 body={"strategy":"-android uiautomator","selector":"new UiSelector().descriptionContains(\"Definitely Not...
14:05:53.401655 POST /session/7367f8b0-dd8c-4fc3-a42e-6565b2318bab/element [6.828625ms] ERR:404 body={"strategy":"-android uiautomator","selector":"new UiSelector().textMatches(\"(?is).*\\QDefinitely N...
14:05:53.409812 POST /session/7367f8b0-dd8c-4fc3-a42e-6565b2318bab/element [8.099167ms] ERR:404 body={"strategy":"-android uiautomator","selector":"new UiSelector().descriptionMatches(\"(?is).*\\QDefin...
14:05:53.418871 POST /session/7367f8b0-dd8c-4fc3-a42e-6565b2318bab/element [8.999166ms] ERR:404 body={"strategy":"-android uiautomator","selector":"new UiSelector().textContains(\"Definitely Not Here\"...
14:05:53.425453 POST /session/7367f8b0-dd8c-4fc3-a42e-6565b2318bab/element [6.526584ms] ERR:404 body={"strategy":"-android uiautomator","selector":"new UiSelector().descriptionContains(\"Definitely Not...
14:05:53.430396 POST /session/7367f8b0-dd8c-4fc3-a42e-6565b2318bab/element [4.89525ms] ERR:404 body={"strategy":"-android uiautomator","selector":"new UiSelector().textMatches(\"(?is).*\\QDefinitely N...
14:05:53.439631 POST /session/7367f8b0-dd8c-4fc3-a42e-6565b2318bab/element [9.176167ms] ERR:404 body={"strategy":"-android uiautomator","selector":"new UiSelector().descriptionMatches(\"(?is).*\\QDefin...
14:05:53.446967 POST /session/7367f8b0-dd8c-4fc3-a42e-6565b2318bab/element [7.270208ms] ERR:404 body={"strategy":"-android uiautomator","selector":"new UiSelector().textContains(\"Definitely Not Here\"...
14:05:53.454133 POST /session/7367f8b0-dd8c-4fc3-a42e-6565b2318bab/element [7.103375ms] ERR:404 body={"strategy":"-android uiautomator","selector":"new UiSelector().descriptionContains(\"Definitely Not...
14:05:53.461488 POST /session/7367f8b0-dd8c-4fc3-a42e-6565b2318bab/element [7.294542ms] ERR:404 body={"strategy":"-android uiautomator","selector":"new UiSelector().textMatches(\"(?is).*\\QDefinitely N...
14:05:53.468501 POST /session/7367f8b0-dd8c-4fc3-a42e-6565b2318bab/element [6.95925ms] ERR:404 body={"strategy":"-android uiautomator","selector":"new UiSelector().descriptionMatches(\"(?is).*\\QDefin...
14:05:53.483004 POST /session/7367f8b0-dd8c-4fc3-a42e-6565b2318bab/element [14.449084ms] ERR:404 body={"strategy":"-android uiautomator","selector":"new UiSelector().textContains(\"Definitely Not Here\"...
14:05:53.492213 POST /session/7367f8b0-dd8c-4fc3-a42e-6565b2318bab/element [9.149417ms] ERR:404 body={"strategy":"-android uiautomator","selector":"new UiSelector().descriptionContains(\"Definitely Not...
14:05:53.501059 POST /session/7367f8b0-dd8c-4fc3-a42e-6565b2318bab/element [8.791042ms] ERR:404 body={"strategy":"-android uiautomator","selector":"new UiSelector().textMatches(\"(?is).*\\QDefinitely N...
14:05:53.508823 POST /session/7367f8b0-dd8c-4fc3-a42e-6565b2318bab/element [7.707875ms] ERR:404 body={"strategy":"-android uiautomator","selector":"new UiSelector().descriptionMatches(\"(?is).*\\QDefin...
14:05:53.515002 POST /session/7367f8b0-dd8c-4fc3-a42e-6565b2318bab/element [6.119041ms] ERR:404 body={"strategy":"-android uiautomator","selector":"new UiSelector().textContains(\"Definitely Not Here\"...
14:05:53.521758 POST /session/7367f8b0-dd8c-4fc3-a42e-6565b2318bab/element [6.702791ms] ERR:404 body={"strategy":"-android uiautomator","selector":"new UiSelector().descriptionContains(\"Definitely Not...
14:05:53.525528 POST /session/7367f8b0-dd8c-4fc3-a42e-6565b2318bab/element [3.721958ms] ERR:404 body={"strategy":"-android uiautomator","selector":"new UiSelector().textMatches(\"(?is).*\\QDefinitely N...
14:05:53.529325 POST /session/7367f8b0-dd8c-4fc3-a42e-6565b2318bab/element [3.760833ms] ERR:404 body={"strategy":"-android uiautomator","selector":"new UiSelector().descriptionMatches(\"(?is).*\\QDefin...
14:05:53.538333 POST /session/7367f8b0-dd8c-4fc3-a42e-6565b2318bab/element [8.962375ms] ERR:404 body={"strategy":"-android uiautomator","selector":"new UiSelector().textContains(\"Definitely Not Here\"...
14:05:53.543974 POST /session/7367f8b0-dd8c-4fc3-a42e-6565b2318bab/element [5.57325ms] ERR:404 body={"strategy":"-android uiautomator","selector":"new UiSelector().descriptionContains(\"Definitely Not...
14:05:53.551561 POST /session/7367f8b0-dd8c-4fc3-a42e-6565b2318bab/element [7.534584ms] ERR:404 body={"strategy":"-android uiautomator","selector":"new UiSelector().textMatches(\"(?is).*\\QDefinitely N...
14:05:53.558679 POST /session/7367f8b0-dd8c-4fc3-a42e-6565b2318bab/element [7.060875ms] ERR:404 body={"strategy":"-android uiautomator","selector":"new UiSelector().descriptionMatches(\"(?is).*\\QDefin...
14:05:53.566027 POST /session/7367f8b0-dd8c-4fc3-a42e-6565b2318bab/element [7.268041ms] ERR:404 body={"strategy":"-android uiautomator","selector":"new UiSelector().textContains(\"Definitely Not Here\"...
14:05:53.577186 POST /session/7367f8b0-dd8c-4fc3-a42e-6565b2318bab/element [11.108542ms] ERR:404 body={"strategy":"-android uiautomator","selector":"new UiSelector().descriptionContains(\"Definitely Not...
14:05:53.584302 POST /session/7367f8b0-dd8c-4fc3-a42e-6565b2318bab/element [7.056917ms] ERR:404 body={"strategy":"-android uiautomator","selector":"new UiSelector().textMatches(\"(?is).*\\QDefinitely N...
14:05:53.592321 POST /session/7367f8b0-dd8c-4fc3-a42e-6565b2318bab/element [7.984583ms] ERR:404 body={"strategy":"-android uiautomator","selector":"new UiSelector().descriptionMatches(\"(?is).*\\QDefin...
14:05:53.599230 POST /session/7367f8b0-dd8c-4fc3-a42e-6565b2318bab/element [6.866167ms] ERR:404 body={"strategy":"-android uiautomator","selector":"new UiSelector().textContains(\"Definitely Not Here\"...
14:05:53.605263 POST /session/7367f8b0-dd8c-4fc3-a42e-6565b2318bab/element [5.987167ms] ERR:404 body={"strategy":"-android uiautomator","selector":"new UiSelector().descriptionContains(\"Definitely Not...
14:05:53.611020 POST /session/7367f8b0-dd8c-4fc3-a42e-6565b2318bab/element [5.719416ms] ERR:404 body={"strategy":"-android uiautomator","selector":"new UiSelector().textMatches(\"(?is).*\\QDefinitely N...
14:05:53.621418 POST /session/7367f8b0-dd8c-4fc3-a42e-6565b2318bab/element [10.354875ms] ERR:404 body={"strategy":"-android uiautomator","selector":"new UiSelector().descriptionMatches(\"(?is).*\\QDefin...
14:05:53.628435 POST /session/7367f8b0-dd8c-4fc3-a42e-6565b2318bab/element [6.953042ms] ERR:404 body={"strategy":"-android uiautomator","selector":"new UiSelector().textContains(\"Definitely Not Here\"...
14:05:53.638015 POST /session/7367f8b0-dd8c-4fc3-a42e-6565b2318bab/element [9.486959ms] ERR:404 body={"strategy":"-android uiautomator","selector":"new UiSelector().descriptionContains(\"Definitely Not...
14:05:53.643600 POST /session/7367f8b0-dd8c-4fc3-a42e-6565b2318bab/element [5.533125ms] ERR:404 body={"strategy":"-android uiautomator","selector":"new UiSelector().textMatches(\"(?is).*\\QDefinitely N...
14:05:53.653630 POST /session/7367f8b0-dd8c-4fc3-a42e-6565b2318bab/element [9.966ms] ERR:404 body={"strategy":"-android uiautomator","selector":"new UiSelector().descriptionMatches(\"(?is).*\\QDefin...
14:05:53.662489 POST /session/7367f8b0-dd8c-4fc3-a42e-6565b2318bab/element [8.784333ms] ERR:404 body={"strategy":"-android uiautomator","selector":"new UiSelector().textContains(\"Definitely Not Here\"...
14:05:53.669526 POST /session/7367f8b0-dd8c-4fc3-a42e-6565b2318bab/element [6.934ms] ERR:404 body={"strategy":"-android uiautomator","selector":"new UiSelector().descriptionContains(\"Definitely Not...
14:05:53.677277 POST /session/7367f8b0-dd8c-4fc3-a42e-6565b2318bab/element [7.676875ms] ERR:404 body={"strategy":"-android uiautomator","selector":"new UiSelector().textMatches(\"(?is).*\\QDefinitely N...
14:05:53.685646 POST /session/7367f8b0-dd8c-4fc3-a42e-6565b2318bab/element [8.314958ms] ERR:404 body={"strategy":"-android uiautomator","selector":"new UiSelector().descriptionMatches(\"(?is).*\\QDefin...
14:05:53.698299 POST /session/7367f8b0-dd8c-4fc3-a42e-6565b2318bab/element [12.59975ms] ERR:404 body={"strategy":"-android uiautomator","selector":"new UiSelector().textContains(\"Definitely Not Here\"...
14:05:53.708149 POST /session/7367f8b0-dd8c-4fc3-a42e-6565b2318bab/element [9.792333ms] ERR:404 body={"strategy":"-android uiautomator","selector":"new UiSelector().descriptionContains(\"Definitely Not...
14:05:53.717323 POST /session/7367f8b0-dd8c-4fc3-a42e-6565b2318bab/element [9.124709ms] ERR:404 body={"strategy":"-android uiautomator","selector":"new UiSelector().textMatches(\"(?is).*\\QDefinitely N...
14:05:53.725567 POST /session/7367f8b0-dd8c-4fc3-a42e-6565b2318bab/element [8.181959ms] ERR:404 body={"strategy":"-android uiautomator","selector":"new UiSelector().descriptionMatches(\"(?is).*\\QDefin...
14:05:53.733234 POST /session/7367f8b0-dd8c-4fc3-a42e-6565b2318bab/element [7.616125ms] ERR:404 body={"strategy":"-android uiautomator","selector":"new UiSelector().textContains(\"Definitely Not Here\"...
14:05:53.737200 POST /session/7367f8b0-dd8c-4fc3-a42e-6565b2318bab/element [3.917458ms] ERR:404 body={"strategy":"-android uiautomator","selector":"new UiSelector().descriptionContains(\"Definitely Not...
14:05:53.742856 POST /session/7367f8b0-dd8c-4fc3-a42e-6565b2318bab/element [5.613458ms] ERR:404 body={"strategy":"-android uiautomator","selector":"new UiSelector().textMatches(\"(?is).*\\QDefinitely N...
14:05:53.747257 POST /session/7367f8b0-dd8c-4fc3-a42e-6565b2318bab/element [4.36825ms] ERR:404 body={"strategy":"-android uiautomator","selector":"new UiSelector().descriptionMatches(\"(?is).*\\QDefin...
14:05:53.757003 POST /session/7367f8b0-dd8c-4fc3-a42e-6565b2318bab/element [9.690875ms] ERR:404 body={"strategy":"-android uiautomator","selector":"new UiSelector().textContains(\"Definitely Not Here\"...
14:05:53.764083 POST /session/7367f8b0-dd8c-4fc3-a42e-6565b2318bab/element [7.027166ms] ERR:404 body={"strategy":"-android uiautomator","selector":"new UiSelector().descriptionContains(\"Definitely Not...
14:05:53.770877 POST /session/7367f8b0-dd8c-4fc3-a42e-6565b2318bab/element [6.754375ms] ERR:404 body={"strategy":"-android uiautomator","selector":"new UiSelector().textMatches(\"(?is).*\\QDefinitely N...
14:05:53.781444 POST /session/7367f8b0-dd8c-4fc3-a42e-6565b2318bab/element [10.520166ms] ERR:404 body={"strategy":"-android uiautomator","selector":"new UiSelector().descriptionMatches(\"(?is).*\\QDefin...
14:05:53.787924 POST /session/7367f8b0-dd8c-4fc3-a42e-6565b2318bab/element [6.429125ms] ERR:404 body={"strategy":"-android uiautomator","selector":"new UiSelector().textContains(\"Definitely Not Here\"...
14:05:53.794713 POST /session/7367f8b0-dd8c-4fc3-a42e-6565b2318bab/element [6.756333ms] ERR:404 body={"strategy":"-android uiautomator","selector":"new UiSelector().descriptionContains(\"Definitely Not...
14:05:53.804485 POST /session/7367f8b0-dd8c-4fc3-a42e-6565b2318bab/element [9.728ms] ERR:404 body={"strategy":"-android uiautomator","selector":"new UiSelector().textMatches(\"(?is).*\\QDefinitely N...
14:05:53.809897 POST /session/7367f8b0-dd8c-4fc3-a42e-6565b2318bab/element [5.351334ms] ERR:404 body={"strategy":"-android uiautomator","selector":"new UiSelector().descriptionMatches(\"(?is).*\\QDefin...
14:05:53.820586 POST /session/7367f8b0-dd8c-4fc3-a42e-6565b2318bab/element [7.419917ms] ERR:404 body={"strategy":"-android uiautomator","selector":"new UiSelector().textContains(\"Definitely Not Here\"...
14:05:53.827122 POST /session/7367f8b0-dd8c-4fc3-a42e-6565b2318bab/element [6.4805ms] ERR:404 body={"strategy":"-android uiautomator","selector":"new UiSelector().descriptionContains(\"Definitely Not...
14:05:53.835125 POST /session/7367f8b0-dd8c-4fc3-a42e-6565b2318bab/element [7.948875ms] ERR:404 body={"strategy":"-android uiautomator","selector":"new UiSelector().textMatches(\"(?is).*\\QDefinitely N...
14:05:53.843546 POST /session/7367f8b0-dd8c-4fc3-a42e-6565b2318bab/element [8.363042ms] ERR:404 body={"strategy":"-android uiautomator","selector":"new UiSelector().descriptionMatches(\"(?is).*\\QDefin...
14:05:53.853357 POST /session/7367f8b0-dd8c-4fc3-a42e-6565b2318bab/element [9.741541ms] ERR:404 body={"strategy":"-android uiautomator","selector":"new UiSelector().textContains(\"Definitely Not Here\"...
14:05:53.864049 POST /session/7367f8b0-dd8c-4fc3-a42e-6565b2318bab/element [10.607333ms] ERR:404 body={"strategy":"-android uiautomator","selector":"new UiSelector().descriptionContains(\"Definitely Not...
14:05:53.872317 POST /session/7367f8b0-dd8c-4fc3-a42e-6565b2318bab/element [8.2025ms] ERR:404 body={"strategy":"-android uiautomator","selector":"new UiSelector().textMatches(\"(?is).*\\QDefinitely N...
14:05:53.880522 POST /session/7367f8b0-dd8c-4fc3-a42e-6565b2318bab/element [8.153125ms] ERR:404 body={"strategy":"-android uiautomator","selector":"new UiSelector().descriptionMatches(\"(?is).*\\QDefin...
14:05:53.885211 POST /session/7367f8b0-dd8c-4fc3-a42e-6565b2318bab/element [4.637ms] ERR:404 body={"strategy":"-android uiautomator","selector":"new UiSelector().textContains(\"Definitely Not Here\"...
14:05:53.889078 POST /session/7367f8b0-dd8c-4fc3-a42e-6565b2318bab/element [3.827833ms] ERR:404 body={"strategy":"-android uiautomator","selector":"new UiSelector().descriptionContains(\"Definitely Not...
14:05:53.895692 POST /session/7367f8b0-dd8c-4fc3-a42e-6565b2318bab/element [6.575042ms] ERR:404 body={"strategy":"-android uiautomator","selector":"new UiSelector().textMatches(\"(?is).*\\QDefinitely N...
14:05:53.903046 POST /session/7367f8b0-dd8c-4fc3-a42e-6565b2318bab/element [7.300583ms] ERR:404 body={"strategy":"-android uiautomator","selector":"new UiSelector().descriptionMatches(\"(?is).*\\QDefin...
14:05:53.907020 POST /session/7367f8b0-dd8c-4fc3-a42e-6565b2318bab/element [3.932625ms] ERR:404 body={"strategy":"-android uiautomator","selector":"new UiSelector().textContains(\"Definitely Not Here\"...
14:05:53.919267 POST /session/7367f8b0-dd8c-4fc3-a42e-6565b2318bab/element [12.204125ms] ERR:404 body={"strategy":"-android uiautomator","selector":"new UiSelector().descriptionContains(\"Definitely Not...
14:05:53.925442 POST /session/7367f8b0-dd8c-4fc3-a42e-6565b2318bab/element [6.1235ms] ERR:404 body={"strategy":"-android uiautomator","selector":"new UiSelector().textMatches(\"(?is).*\\QDefinitely N...
14:05:53.934093 POST /session/7367f8b0-dd8c-4fc3-a42e-6565b2318bab/element [8.583792ms] ERR:404 body={"strategy":"-android uiautomator","selector":"new UiSelector().descriptionMatches(\"(?is).*\\QDefin...
14:05:53.942314 POST /session/7367f8b0-dd8c-4fc3-a42e-6565b2318bab/element [8.163417ms] ERR:404 body={"strategy":"-android uiautomator","selector":"new UiSelector().textContains(\"Definitely Not Here\"...
14:05:53.951531 POST /session/7367f8b0-dd8c-4fc3-a42e-6565b2318bab/element [9.160917ms] ERR:404 body={"strategy":"-android uiautomator","selector":"new UiSelector().descriptionContains(\"Definitely Not...
14:05:53.962117 POST /session/7367f8b0-dd8c-4fc3-a42e-6565b2318bab/element [10.521291ms] ERR:404 body={"strategy":"-android uiautomator","selector":"new UiSelector().textMatches(\"(?is).*\\QDefinitely N...
14:05:53.970759 POST /session/7367f8b0-dd8c-4fc3-a42e-6565b2318bab/element [8.592084ms] ERR:404 body={"strategy":"-android uiautomator","selector":"new UiSelector().descriptionMatches(\"(?is).*\\QDefin...
14:05:53.977593 POST /session/7367f8b0-dd8c-4fc3-a42e-6565b2318bab/element [6.763375ms] ERR:404 body={"strategy":"-android uiautomator","selector":"new UiSelector().textContains(\"Definitely Not Here\"...
14:05:53.986118 POST /session/7367f8b0-dd8c-4fc3-a42e-6565b2318bab/element [8.464084ms] ERR:404 body={"strategy":"-android uiautomator","selector":"new UiSelector().descriptionContains(\"Definitely Not...
14:05:53.999682 POST /session/7367f8b0-dd8c-4fc3-a42e-6565b2318bab/element [13.509ms] ERR:404 body={"strategy":"-android uiautomator","selector":"new UiSelector().textMatches(\"(?is).*\\QDefinitely N...
14:05:54.008816 POST /session/7367f8b0-dd8c-4fc3-a42e-6565b2318bab/element [9.076542ms] ERR:404 body={"strategy":"-android uiautomator","selector":"new UiSelector().descriptionMatches(\"(?is).*\\QDefin...
14:05:54.016110 POST /session/7367f8b0-dd8c-4fc3-a42e-6565b2318bab/element [7.242125ms] ERR:404 body={"strategy":"-android uiautomator","selector":"new UiSelector().textContains(\"Definitely Not Here\"...
14:05:54.022572 POST /session/7367f8b0-dd8c-4fc3-a42e-6565b2318bab/element [6.407042ms] ERR:404 body={"strategy":"-android uiautomator","selector":"new UiSelector().descriptionContains(\"Definitely Not...
14:05:54.031667 POST /session/7367f8b0-dd8c-4fc3-a42e-6565b2318bab/element [9.016625ms] ERR:404 body={"strategy":"-android uiautomator","selector":"new UiSelector().textMatches(\"(?is).*\\QDefinitely N...
14:05:54.040758 POST /session/7367f8b0-dd8c-4fc3-a42e-6565b2318bab/element [8.96425ms] ERR:404 body={"strategy":"-android uiautomator","selector":"new UiSelector().descriptionMatches(\"(?is).*\\QDefin...
14:05:54.047500 POST /session/7367f8b0-dd8c-4fc3-a42e-6565b2318bab/element [6.671209ms] ERR:404 body={"strategy":"-android uiautomator","selector":"new UiSelector().textContains(\"Definitely Not Here\"...
14:05:54.056662 POST /session/7367f8b0-dd8c-4fc3-a42e-6565b2318bab/element [9.1165ms] ERR:404 body={"strategy":"-android uiautomator","selector":"new UiSelector().descriptionContains(\"Definitely Not...
14:05:54.065442 POST /session/7367f8b0-dd8c-4fc3-a42e-6565b2318bab/element [8.7275ms] ERR:404 body={"strategy":"-android uiautomator","selector":"new UiSelector().textMatches(\"(?is).*\\QDefinitely N...
14:05:54.075486 POST /session/7367f8b0-dd8c-4fc3-a42e-6565b2318bab/element [9.834125ms] ERR:404 body={"strategy":"-android uiautomator","selector":"new UiSelector().descriptionMatches(\"(?is).*\\QDefin...
14:05:54.084547 POST /session/7367f8b0-dd8c-4fc3-a42e-6565b2318bab/element [9.000834ms] ERR:404 body={"strategy":"-android uiautomator","selector":"new UiSelector().textContains(\"Definitely Not Here\"...
14:05:54.094530 POST /session/7367f8b0-dd8c-4fc3-a42e-6565b2318bab/element [9.927041ms] ERR:404 body={"strategy":"-android uiautomator","selector":"new UiSelector().descriptionContains(\"Definitely Not...
14:05:54.106505 POST /session/7367f8b0-dd8c-4fc3-a42e-6565b2318bab/element [11.918667ms] ERR:404 body={"strategy":"-android uiautomator","selector":"new UiSelector().textMatches(\"(?is).*\\QDefinitely N...
14:05:54.113977 POST /session/7367f8b0-dd8c-4fc3-a42e-6565b2318bab/element [7.4225ms] ERR:404 body={"strategy":"-android uiautomator","selector":"new UiSelector().descriptionMatches(\"(?is).*\\QDefin...
14:05:54.124495 POST /session/7367f8b0-dd8c-4fc3-a42e-6565b2318bab/element [10.462542ms] ERR:404 body={"strategy":"-android uiautomator","selector":"new UiSelector().textContains(\"Definitely Not Here\"...
14:05:54.136574 POST /session/7367f8b0-dd8c-4fc3-a42e-6565b2318bab/element [12.020125ms] ERR:404 body={"strategy":"-android uiautomator","selector":"new UiSelector().descriptionContains(\"Definitely Not...
14:05:54.143505 POST /session/7367f8b0-dd8c-4fc3-a42e-6565b2318bab/element [6.874375ms] ERR:404 body={"strategy":"-android uiautomator","selector":"new UiSelector().textMatches(\"(?is).*\\QDefinitely N...
14:05:54.152676 POST /session/7367f8b0-dd8c-4fc3-a42e-6565b2318bab/element [9.109417ms] ERR:404 body={"strategy":"-android uiautomator","selector":"new UiSelector().descriptionMatches(\"(?is).*\\QDefin...
14:05:54.159543 POST /session/7367f8b0-dd8c-4fc3-a42e-6565b2318bab/element [6.8075ms] ERR:404 body={"strategy":"-android uiautomator","selector":"new UiSelector().textContains(\"Definitely Not Here\"...
14:05:54.169954 POST /session/7367f8b0-dd8c-4fc3-a42e-6565b2318bab/element [10.348042ms] ERR:404 body={"strategy":"-android uiautomator","selector":"new UiSelector().descriptionContains(\"Definitely Not...
14:05:54.179931 POST /session/7367f8b0-dd8c-4fc3-a42e-6565b2318bab/element [9.918792ms] ERR:404 body={"strategy":"-android uiautomator","selector":"new UiSelector().textMatches(\"(?is).*\\QDefinitely N...
14:05:54.190357 POST /session/7367f8b0-dd8c-4fc3-a42e-6565b2318bab/element [10.358ms] ERR:404 body={"strategy":"-android uiautomator","selector":"new UiSelector().descriptionMatches(\"(?is).*\\QDefin...
14:05:54.199554 POST /session/7367f8b0-dd8c-4fc3-a42e-6565b2318bab/element [9.093709ms] ERR:404 body={"strategy":"-android uiautomator","selector":"new UiSelector().textContains(\"Definitely Not Here\"...
14:05:54.208642 POST /session/7367f8b0-dd8c-4fc3-a42e-6565b2318bab/element [9.023833ms] ERR:404 body={"strategy":"-android uiautomator","selector":"new UiSelector().descriptionContains(\"Definitely Not...
14:05:54.227371 POST /session/7367f8b0-dd8c-4fc3-a42e-6565b2318bab/element [18.661ms] ERR:404 body={"strategy":"-android uiautomator","selector":"new UiSelector().textMatches(\"(?is).*\\QDefinitely N...
14:05:54.237179 POST /session/7367f8b0-dd8c-4fc3-a42e-6565b2318bab/element [9.751542ms] ERR:404 body={"strategy":"-android uiautomator","selector":"new UiSelector().descriptionMatches(\"(?is).*\\QDefin...
14:05:54.244084 POST /session/7367f8b0-dd8c-4fc3-a42e-6565b2318bab/element [6.850917ms] ERR:404 body={"strategy":"-android uiautomator","selector":"new UiSelector().textContains(\"Definitely Not Here\"...
14:05:54.250838 POST /session/7367f8b0-dd8c-4fc3-a42e-6565b2318bab/element [6.701333ms] ERR:404 body={"strategy":"-android uiautomator","selector":"new UiSelector().descriptionContains(\"Definitely Not...
14:05:54.256666 POST /session/7367f8b0-dd8c-4fc3-a42e-6565b2318bab/element [5.776ms] ERR:404 body={"strategy":"-android uiautomator","selector":"new UiSelector().textMatches(\"(?is).*\\QDefinitely N...
14:05:54.265860 POST /session/7367f8b0-dd8c-4fc3-a42e-6565b2318bab/element [9.137708ms] ERR:404 body={"strategy":"-android uiautomator","selector":"new UiSelector().descriptionMatches(\"(?is).*\\QDefin...
14:05:54.283636 POST /session/7367f8b0-dd8c-4fc3-a42e-6565b2318bab/element [17.717125ms] ERR:404 body={"strategy":"-android uiautomator","selector":"new UiSelector().textContains(\"Definitely Not Here\"...
14:05:54.290155 POST /session/7367f8b0-dd8c-4fc3-a42e-6565b2318bab/element [6.453292ms] ERR:404 body={"strategy":"-android uiautomator","selector":"new UiSelector().descriptionContains(\"Definitely Not...
14:05:54.299068 POST /session/7367f8b0-dd8c-4fc3-a42e-6565b2318bab/element [8.854417ms] ERR:404 body={"strategy":"-android uiautomator","selector":"new UiSelector().textMatches(\"(?is).*\\QDefinitely N...
14:05:54.312425 POST /session/7367f8b0-dd8c-4fc3-a42e-6565b2318bab/element [13.239334ms] ERR:404 body={"strategy":"-android uiautomator","selector":"new UiSelector().descriptionMatches(\"(?is).*\\QDefin...
14:05:54.325680 POST /session/7367f8b0-dd8c-4fc3-a42e-6565b2318bab/element [13.190625ms] ERR:404 body={"strategy":"-android uiautomator","selector":"new UiSelector().textContains(\"Definitely Not Here\"...
14:05:54.336070 POST /session/7367f8b0-dd8c-4fc3-a42e-6565b2318bab/element [10.33175ms] ERR:404 body={"strategy":"-android uiautomator","selector":"new UiSelector().descriptionContains(\"Definitely Not...
14:05:54.342585 POST /session/7367f8b0-dd8c-4fc3-a42e-6565b2318bab/element [6.46125ms] ERR:404 body={"strategy":"-android uiautomator","selector":"new UiSelector().textMatches(\"(?is).*\\QDefinitely N...
14:05:54.351759 POST /session/7367f8b0-dd8c-4fc3-a42e-6565b2318bab/element [9.117542ms] ERR:404 body={"strategy":"-android uiautomator","selector":"new UiSelector().descriptionMatches(\"(?is).*\\QDefin...
14:05:54.361291 POST /session/7367f8b0-dd8c-4fc3-a42e-6565b2318bab/element [9.450583ms] ERR:404 body={"strategy":"-android uiautomator","selector":"new UiSelector().textContains(\"Definitely Not Here\"...
14:05:54.370298 POST /session/7367f8b0-dd8c-4fc3-a42e-6565b2318bab/element [8.95375ms] ERR:404 body={"strategy":"-android uiautomator","selector":"new UiSelector().descriptionContains(\"Definitely Not...
14:05:54.380591 POST /session/7367f8b0-dd8c-4fc3-a42e-6565b2318bab/element [10.24ms] ERR:404 body={"strategy":"-android uiautomator","selector":"new UiSelector().textMatches(\"(?is).*\\QDefinitely N...
14:05:54.387537 POST /session/7367f8b0-dd8c-4fc3-a42e-6565b2318bab/element [6.891042ms] ERR:404 body={"strategy":"-android uiautomator","selector":"new UiSelector().descriptionMatches(\"(?is).*\\QDefin...
14:05:54.393755 POST /session/7367f8b0-dd8c-4fc3-a42e-6565b2318bab/element [6.167791ms] ERR:404 body={"strategy":"-android uiautomator","selector":"new UiSelector().textContains(\"Definitely Not Here\"...
14:05:54.401880 POST /session/7367f8b0-dd8c-4fc3-a42e-6565b2318bab/element [8.059792ms] ERR:404 body={"strategy":"-android uiautomator","selector":"new UiSelector().descriptionContains(\"Definitely Not...
14:05:54.409236 POST /session/7367f8b0-dd8c-4fc3-a42e-6565b2318bab/element [7.304958ms] ERR:404 body={"strategy":"-android uiautomator","selector":"new UiSelector().textMatches(\"(?is).*\\QDefinitely N...
14:05:54.415197 POST /session/7367f8b0-dd8c-4fc3-a42e-6565b2318bab/element [5.920208ms] ERR:404 body={"strategy":"-android uiautomator","selector":"new UiSelector().descriptionMatches(\"(?is).*\\QDefin...
14:05:54.420029 POST /session/7367f8b0-dd8c-4fc3-a42e-6565b2318bab/element [4.787917ms] ERR:404 body={"strategy":"-android uiautomator","selector":"new UiSelector().textContains(\"Definitely Not Here\"...
14:05:54.425523 POST /session/7367f8b0-dd8c-4fc3-a42e-6565b2318bab/element [5.459291ms] ERR:404 body={"strategy":"-android uiautomator","selector":"new UiSelector().descriptionContains(\"Definitely Not...
14:05:54.433108 POST /session/7367f8b0-dd8c-4fc3-a42e-6565b2318bab/element [7.536958ms] ERR:404 body={"strategy":"-android uiautomator","selector":"new UiSelector().textMatches(\"(?is).*\\QDefinitely N...
14:05:54.440029 POST /session/7367f8b0-dd8c-4fc3-a42e-6565b2318bab/element [6.868917ms] ERR:404 body={"strategy":"-android uiautomator","selector":"new UiSelector().descriptionMatches(\"(?is).*\\QDefin...
14:05:54.446856 POST /session/7367f8b0-dd8c-4fc3-a42e-6565b2318bab/element [6.777459ms] ERR:404 body={"strategy":"-android uiautomator","selector":"new UiSelector().textContains(\"Definitely Not Here\"...
14:05:54.453854 POST /session/7367f8b0-dd8c-4fc3-a42e-6565b2318bab/element [6.937625ms] ERR:404 body={"strategy":"-android uiautomator","selector":"new UiSelector().descriptionContains(\"Definitely Not...
14:05:54.462349 POST /session/7367f8b0-dd8c-4fc3-a42e-6565b2318bab/element [8.446917ms] ERR:404 body={"strategy":"-android uiautomator","selector":"new UiSelector().textMatches(\"(?is).*\\QDefinitely N...
14:05:54.471003 POST /session/7367f8b0-dd8c-4fc3-a42e-6565b2318bab/element [8.597209ms] ERR:404 body={"strategy":"-android uiautomator","selector":"new UiSelector().descriptionMatches(\"(?is).*\\QDefin...
14:05:54.479481 POST /session/7367f8b0-dd8c-4fc3-a42e-6565b2318bab/element [8.421625ms] ERR:404 body={"strategy":"-android uiautomator","selector":"new UiSelector().textContains(\"Definitely Not Here\"...
14:05:54.487178 POST /session/7367f8b0-dd8c-4fc3-a42e-6565b2318bab/element [7.648667ms] ERR:404 body={"strategy":"-android uiautomator","selector":"new UiSelector().descriptionContains(\"Definitely Not...
14:05:54.494013 POST /session/7367f8b0-dd8c-4fc3-a42e-6565b2318bab/element [6.784875ms] ERR:404 body={"strategy":"-android uiautomator","selector":"new UiSelector().textMatches(\"(?is).*\\QDefinitely N...
14:05:54.501575 POST /session/7367f8b0-dd8c-4fc3-a42e-6565b2318bab/element [7.5115ms] ERR:404 body={"strategy":"-android uiautomator","selector":"new UiSelector().descriptionMatches(\"(?is).*\\QDefin...
14:05:54.512010 POST /session/7367f8b0-dd8c-4fc3-a42e-6565b2318bab/element [10.384458ms] ERR:404 body={"strategy":"-android uiautomator","selector":"new UiSelector().textContains(\"Definitely Not Here\"...
14:05:54.520593 POST /session/7367f8b0-dd8c-4fc3-a42e-6565b2318bab/element [8.535833ms] ERR:404 body={"strategy":"-android uiautomator","selector":"new UiSelector().descriptionContains(\"Definitely Not...
14:05:54.528427 POST /session/7367f8b0-dd8c-4fc3-a42e-6565b2318bab/element [7.787417ms] ERR:404 body={"strategy":"-android uiautomator","selector":"new UiSelector().textMatches(\"(?is).*\\QDefinitely N...
14:05:54.536450 POST /session/7367f8b0-dd8c-4fc3-a42e-6565b2318bab/element [7.970792ms] ERR:404 body={"strategy":"-android uiautomator","selector":"new UiSelector().descriptionMatches(\"(?is).*\\QDefin...
14:05:54.545008 POST /session/7367f8b0-dd8c-4fc3-a42e-6565b2318bab/element [8.497416ms] ERR:404 body={"strategy":"-android uiautomator","selector":"new UiSelector().textContains(\"Definitely Not Here\"...
14:05:54.558551 POST /session/7367f8b0-dd8c-4fc3-a42e-6565b2318bab/element [13.417666ms] ERR:404 body={"strategy":"-android uiautomator","selector":"new UiSelector().descriptionContains(\"Definitely Not...
14:05:54.572990 POST /session/7367f8b0-dd8c-4fc3-a42e-6565b2318bab/element [14.326709ms] ERR:404 body={"strategy":"-android uiautomator","selector":"new UiSelector().textMatches(\"(?is).*\\QDefinitely N...
14:05:54.582690 POST /session/7367f8b0-dd8c-4fc3-a42e-6565b2318bab/element [9.632875ms] ERR:404 body={"strategy":"-android uiautomator","selector":"new UiSelector().descriptionMatches(\"(?is).*\\QDefin...
14:05:54.591474 POST /session/7367f8b0-dd8c-4fc3-a42e-6565b2318bab/element [8.715667ms] ERR:404 body={"strategy":"-android uiautomator","selector":"new UiSelector().textContains(\"Definitely Not Here\"...
14:05:54.600299 POST /session/7367f8b0-dd8c-4fc3-a42e-6565b2318bab/element [8.76675ms] ERR:404 body={"strategy":"-android uiautomator","selector":"new UiSelector().descriptionContains(\"Definitely Not...
14:05:54.608972 POST /session/7367f8b0-dd8c-4fc3-a42e-6565b2318bab/element [8.610875ms] ERR:404 body={"strategy":"-android uiautomator","selector":"new UiSelector().textMatches(\"(?is).*\\QDefinitely N...
14:05:54.617375 POST /session/7367f8b0-dd8c-4fc3-a42e-6565b2318bab/element [8.344459ms] ERR:404 body={"strategy":"-android uiautomator","selector":"new UiSelector().descriptionMatches(\"(?is).*\\QDefin...
14:05:54.626013 POST /session/7367f8b0-dd8c-4fc3-a42e-6565b2318bab/element [8.574875ms] ERR:404 body={"strategy":"-android uiautomator","selector":"new UiSelector().textContains(\"Definitely Not Here\"...
14:05:54.636518 POST /session/7367f8b0-dd8c-4fc3-a42e-6565b2318bab/element [10.45125ms] ERR:404 body={"strategy":"-android uiautomator","selector":"new UiSelector().descriptionContains(\"Definitely Not...
14:05:54.644592 POST /session/7367f8b0-dd8c-4fc3-a42e-6565b2318bab/element [8.0265ms] ERR:404 body={"strategy":"-android uiautomator","selector":"new UiSelector().textMatches(\"(?is).*\\QDefinitely N...
14:05:54.653034 POST /session/7367f8b0-dd8c-4fc3-a42e-6565b2318bab/element [8.394125ms] ERR:404 body={"strategy":"-android uiautomator","selector":"new UiSelector().descriptionMatches(\"(?is).*\\QDefin...
14:05:54.659387 POST /session/7367f8b0-dd8c-4fc3-a42e-6565b2318bab/element [6.286417ms] ERR:404 body={"strategy":"-android uiautomator","selector":"new UiSelector().textContains(\"Definitely Not Here\"...
14:05:54.667566 POST /session/7367f8b0-dd8c-4fc3-a42e-6565b2318bab/element [8.124375ms] ERR:404 body={"strategy":"-android uiautomator","selector":"new UiSelector().descriptionContains(\"Definitely Not...
14:05:54.676278 POST /session/7367f8b0-dd8c-4fc3-a42e-6565b2318bab/element [8.657875ms] ERR:404 body={"strategy":"-android uiautomator","selector":"new UiSelector().textMatches(\"(?is).*\\QDefinitely N...
14:05:54.683867 POST /session/7367f8b0-dd8c-4fc3-a42e-6565b2318bab/element [7.540292ms] ERR:404 body={"strategy":"-android uiautomator","selector":"new UiSelector().descriptionMatches(\"(?is).*\\QDefin...
14:05:54.691097 POST /session/7367f8b0-dd8c-4fc3-a42e-6565b2318bab/element [7.17825ms] ERR:404 body={"strategy":"-android uiautomator","selector":"new UiSelector().textContains(\"Definitely Not Here\"...
14:05:54.697868 POST /session/7367f8b0-dd8c-4fc3-a42e-6565b2318bab/element [6.717334ms] ERR:404 body={"strategy":"-android uiautomator","selector":"new UiSelector().descriptionContains(\"Definitely Not...
14:05:54.705035 POST /session/7367f8b0-dd8c-4fc3-a42e-6565b2318bab/element [7.116291ms] ERR:404 body={"strategy":"-android uiautomator","selector":"new UiSelector().textMatches(\"(?is).*\\QDefinitely N...
14:05:54.711808 POST /session/7367f8b0-dd8c-4fc3-a42e-6565b2318bab/element [6.733458ms] ERR:404 body={"strategy":"-android uiautomator","selector":"new UiSelector().descriptionMatches(\"(?is).*\\QDefin...
14:05:54.717855 POST /session/7367f8b0-dd8c-4fc3-a42e-6565b2318bab/element [6.003125ms] ERR:404 body={"strategy":"-android uiautomator","selector":"new UiSelector().textContains(\"Definitely Not Here\"...
14:05:54.725769 POST /session/7367f8b0-dd8c-4fc3-a42e-6565b2318bab/element [7.86375ms] ERR:404 body={"strategy":"-android uiautomator","selector":"new UiSelector().descriptionContains(\"Definitely Not...
14:05:54.733074 POST /session/7367f8b0-dd8c-4fc3-a42e-6565b2318bab/element [7.249041ms] ERR:404 body={"strategy":"-android uiautomator","selector":"new UiSelector().textMatches(\"(?is).*\\QDefinitely N...
14:05:54.738834 POST /session/7367f8b0-dd8c-4fc3-a42e-6565b2318bab/element [5.704625ms] ERR:404 body={"strategy":"-android uiautomator","selector":"new UiSelector().descriptionMatches(\"(?is).*\\QDefin...
14:05:54.750059 POST /session/7367f8b0-dd8c-4fc3-a42e-6565b2318bab/element [11.163375ms] ERR:404 body={"strategy":"-android uiautomator","selector":"new UiSelector().textContains(\"Definitely Not Here\"...
14:05:54.758695 POST /session/7367f8b0-dd8c-4fc3-a42e-6565b2318bab/element [8.55775ms] ERR:404 body={"strategy":"-android uiautomator","selector":"new UiSelector().descriptionContains(\"Definitely Not...
14:05:54.765517 POST /session/7367f8b0-dd8c-4fc3-a42e-6565b2318bab/element [6.76825ms] ERR:404 body={"strategy":"-android uiautomator","selector":"new UiSelector().textMatches(\"(?is).*\\QDefinitely N...
14:05:54.771995 POST /session/7367f8b0-dd8c-4fc3-a42e-6565b2318bab/element [6.426167ms] ERR:404 body={"strategy":"-android uiautomator","selector":"new UiSelector().descriptionMatches(\"(?is).*\\QDefin...
14:05:54.782251 POST /session/7367f8b0-dd8c-4fc3-a42e-6565b2318bab/element [10.196916ms] ERR:404 body={"strategy":"-android uiautomator","selector":"new UiSelector().textContains(\"Definitely Not Here\"...
14:05:54.789200 POST /session/7367f8b0-dd8c-4fc3-a42e-6565b2318bab/element [6.903916ms] ERR:404 body={"strategy":"-android uiautomator","selector":"new UiSelector().descriptionContains(\"Definitely Not...
14:05:54.796187 POST /session/7367f8b0-dd8c-4fc3-a42e-6565b2318bab/element [6.945459ms] ERR:404 body={"strategy":"-android uiautomator","selector":"new UiSelector().textMatches(\"(?is).*\\QDefinitely N...
14:05:54.803796 POST /session/7367f8b0-dd8c-4fc3-a42e-6565b2318bab/element [7.560125ms] ERR:404 body={"strategy":"-android uiautomator","selector":"new UiSelector().descriptionMatches(\"(?is).*\\QDefin...
14:05:54.809958 POST /session/7367f8b0-dd8c-4fc3-a42e-6565b2318bab/element [6.11275ms] ERR:404 body={"strategy":"-android uiautomator","selector":"new UiSelector().textContains(\"Definitely Not Here\"...
14:05:54.835832 POST /session/7367f8b0-dd8c-4fc3-a42e-6565b2318bab/element [24.886333ms] ERR:404 body={"strategy":"-android uiautomator","selector":"new UiSelector().descriptionContains(\"Definitely Not...
14:05:54.859255 POST /session/7367f8b0-dd8c-4fc3-a42e-6565b2318bab/element [23.322875ms] ERR:404 body={"strategy":"-android uiautomator","selector":"new UiSelector().textMatches(\"(?is).*\\QDefinitely N...
14:05:54.869514 POST /session/7367f8b0-dd8c-4fc3-a42e-6565b2318bab/element [10.163792ms] ERR:404 body={"strategy":"-android uiautomator","selector":"new UiSelector().descriptionMatches(\"(?is).*\\QDefin...
14:05:54.876249 POST /session/7367f8b0-dd8c-4fc3-a42e-6565b2318bab/element [6.686208ms] ERR:404 body={"strategy":"-android uiautomator","selector":"new UiSelector().textContains(\"Definitely Not Here\"...
14:05:54.882371 POST /session/7367f8b0-dd8c-4fc3-a42e-6565b2318bab/element [6.074708ms] ERR:404 body={"strategy":"-android uiautomator","selector":"new UiSelector().descriptionContains(\"Definitely Not...
14:05:54.890449 POST /session/7367f8b0-dd8c-4fc3-a42e-6565b2318bab/element [8.011625ms] ERR:404 body={"strategy":"-android uiautomator","selector":"new UiSelector().textMatches(\"(?is).*\\QDefinitely N...
14:05:54.897802 POST /session/7367f8b0-dd8c-4fc3-a42e-6565b2318bab/element [7.27625ms] ERR:404 body={"strategy":"-android uiautomator","selector":"new UiSelector().descriptionMatches(\"(?is).*\\QDefin...
14:05:54.904192 POST /session/7367f8b0-dd8c-4fc3-a42e-6565b2318bab/element [6.332625ms] ERR:404 body={"strategy":"-android uiautomator","selector":"new UiSelector().textContains(\"Definitely Not Here\"...
14:05:54.910220 POST /session/7367f8b0-dd8c-4fc3-a42e-6565b2318bab/element [5.969625ms] ERR:404 body={"strategy":"-android uiautomator","selector":"new UiSelector().descriptionContains(\"Definitely Not...
14:05:54.917281 POST /session/7367f8b0-dd8c-4fc3-a42e-6565b2318bab/element [7.005708ms] ERR:404 body={"strategy":"-android uiautomator","selector":"new UiSelector().textMatches(\"(?is).*\\QDefinitely N...
14:05:54.926394 POST /session/7367f8b0-dd8c-4fc3-a42e-6565b2318bab/element [9.062166ms] ERR:404 body={"strategy":"-android uiautomator","selector":"new UiSelector().descriptionMatches(\"(?is).*\\QDefin...
14:05:54.934881 POST /session/7367f8b0-dd8c-4fc3-a42e-6565b2318bab/element [8.431584ms] ERR:404 body={"strategy":"-android uiautomator","selector":"new UiSelector().textContains(\"Definitely Not Here\"...
14:05:54.942079 POST /session/7367f8b0-dd8c-4fc3-a42e-6565b2318bab/element [7.142041ms] ERR:404 body={"strategy":"-android uiautomator","selector":"new UiSelector().descriptionContains(\"Definitely Not...
14:05:54.949300 POST /session/7367f8b0-dd8c-4fc3-a42e-6565b2318bab/element [7.167416ms] ERR:404 body={"strategy":"-android uiautomator","selector":"new UiSelector().textMatches(\"(?is).*\\QDefinitely N...
14:05:54.955069 POST /session/7367f8b0-dd8c-4fc3-a42e-6565b2318bab/element [5.712416ms] ERR:404 body={"strategy":"-android uiautomator","selector":"new UiSelector().descriptionMatches(\"(?is).*\\QDefin...
14:05:54.961127 POST /session/7367f8b0-dd8c-4fc3-a42e-6565b2318bab/element [6.00975ms] ERR:404 body={"strategy":"-android uiautomator","selector":"new UiSelector().textContains(\"Definitely Not Here\"...
14:05:54.966096 POST /session/7367f8b0-dd8c-4fc3-a42e-6565b2318bab/element [4.928791ms] ERR:404 body={"strategy":"-android uiautomator","selector":"new UiSelector().descriptionContains(\"Definitely Not...
14:05:54.973449 POST /session/7367f8b0-dd8c-4fc3-a42e-6565b2318bab/element [7.304042ms] ERR:404 body={"strategy":"-android uiautomator","selector":"new UiSelector().textMatches(\"(?is).*\\QDefinitely N...
14:05:54.980744 POST /session/7367f8b0-dd8c-4fc3-a42e-6565b2318bab/element [7.250042ms] ERR:404 body={"strategy":"-android uiautomator","selector":"new UiSelector().descriptionMatches(\"(?is).*\\QDefin...
14:05:54.985313 POST /session/7367f8b0-dd8c-4fc3-a42e-6565b2318bab/element [4.519875ms] ERR:404 body={"strategy":"-android uiautomator","selector":"new UiSelector().textContains(\"Definitely Not Here\"...
14:05:54.992461 POST /session/7367f8b0-dd8c-4fc3-a42e-6565b2318bab/element [7.032709ms] ERR:404 body={"strategy":"-android uiautomator","selector":"new UiSelector().descriptionContains(\"Definitely Not...
14:05:54.997973 POST /session/7367f8b0-dd8c-4fc3-a42e-6565b2318bab/element [5.46475ms] ERR:404 body={"strategy":"-android uiautomator","selector":"new UiSelector().textMatches(\"(?is).*\\QDefinitely N...
14:05:55.005282 POST /session/7367f8b0-dd8c-4fc3-a42e-6565b2318bab/element [7.253875ms] ERR:404 body={"strategy":"-android uiautomator","selector":"new UiSelector().descriptionMatches(\"(?is).*\\QDefin...
14:05:55.010458 POST /session/7367f8b0-dd8c-4fc3-a42e-6565b2318bab/element [5.108792ms] ERR:404 body={"strategy":"-android uiautomator","selector":"new UiSelector().textContains(\"Definitely Not Here\"...
14:05:55.017858 POST /session/7367f8b0-dd8c-4fc3-a42e-6565b2318bab/element [7.346708ms] ERR:404 body={"strategy":"-android uiautomator","selector":"new UiSelector().descriptionContains(\"Definitely Not...
14:05:55.023294 POST /session/7367f8b0-dd8c-4fc3-a42e-6565b2318bab/element [5.386875ms] ERR:404 body={"strategy":"-android uiautomator","selector":"new UiSelector().textMatches(\"(?is).*\\QDefinitely N...
14:05:55.029766 POST /session/7367f8b0-dd8c-4fc3-a42e-6565b2318bab/element [6.430834ms] ERR:404 body={"strategy":"-android uiautomator","selector":"new UiSelector().descriptionMatches(\"(?is).*\\QDefin...
14:05:55.034292 POST /session/7367f8b0-dd8c-4fc3-a42e-6565b2318bab/element [4.491541ms] ERR:404 body={"strategy":"-android uiautomator","selector":"new UiSelector().textContains(\"Definitely Not Here\"...
14:05:55.040771 POST /session/7367f8b0-dd8c-4fc3-a42e-6565b2318bab/element [6.445084ms] ERR:404 body={"strategy":"-android uiautomator","selector":"new UiSelector().descriptionContains(\"Definitely Not...
14:05:55.049254 POST /session/7367f8b0-dd8c-4fc3-a42e-6565b2318bab/element [8.438083ms] ERR:404 body={"strategy":"-android uiautomator","selector":"new UiSelector().textMatches(\"(?is).*\\QDefinitely N...
14:05:55.055793 POST /session/7367f8b0-dd8c-4fc3-a42e-6565b2318bab/element [6.47825ms] ERR:404 body={"strategy":"-android uiautomator","selector":"new UiSelector().descriptionMatches(\"(?is).*\\QDefin...
14:05:55.064373 POST /session/7367f8b0-dd8c-4fc3-a42e-6565b2318bab/element [8.529333ms] ERR:404 body={"strategy":"-android uiautomator","selector":"new UiSelector().textContains(\"Definitely Not Here\"...
14:05:55.070556 POST /session/7367f8b0-dd8c-4fc3-a42e-6565b2318bab/element [6.14175ms] ERR:404 body={"strategy":"-android uiautomator","selector":"new UiSelector().descriptionContains(\"Definitely Not...
14:05:55.079285 POST /session/7367f8b0-dd8c-4fc3-a42e-6565b2318bab/element [8.665916ms] ERR:404 body={"strategy":"-android uiautomator","selector":"new UiSelector().textMatches(\"(?is).*\\QDefinitely N...
14:05:55.086867 POST /session/7367f8b0-dd8c-4fc3-a42e-6565b2318bab/element [7.525792ms] ERR:404 body={"strategy":"-android uiautomator","selector":"new UiSelector().descriptionMatches(\"(?is).*\\QDefin...
14:05:55.093314 POST /session/7367f8b0-dd8c-4fc3-a42e-6565b2318bab/element [6.400625ms] ERR:404 body={"strategy":"-android uiautomator","selector":"new UiSelector().textContains(\"Definitely Not Here\"...
14:05:55.100653 POST /session/7367f8b0-dd8c-4fc3-a42e-6565b2318bab/element [7.294375ms] ERR:404 body={"strategy":"-android uiautomator","selector":"new UiSelector().descriptionContains(\"Definitely Not...
14:05:55.107102 POST /session/7367f8b0-dd8c-4fc3-a42e-6565b2318bab/element [6.410333ms] ERR:404 body={"strategy":"-android uiautomator","selector":"new UiSelector().textMatches(\"(?is).*\\QDefinitely N...
14:05:55.114874 POST /session/7367f8b0-dd8c-4fc3-a42e-6565b2318bab/element [7.720167ms] ERR:404 body={"strategy":"-android uiautomator","selector":"new UiSelector().descriptionMatches(\"(?is).*\\QDefin...
14:05:55.126328 POST /session/7367f8b0-dd8c-4fc3-a42e-6565b2318bab/element [11.397584ms] ERR:404 body={"strategy":"-android uiautomator","selector":"new UiSelector().textContains(\"Definitely Not Here\"...
14:05:55.134747 POST /session/7367f8b0-dd8c-4fc3-a42e-6565b2318bab/element [8.36175ms] ERR:404 body={"strategy":"-android uiautomator","selector":"new UiSelector().descriptionContains(\"Definitely Not...
14:05:55.140435 POST /session/7367f8b0-dd8c-4fc3-a42e-6565b2318bab/element [5.626917ms] ERR:404 body={"strategy":"-android uiautomator","selector":"new UiSelector().textMatches(\"(?is).*\\QDefinitely N...
14:05:55.147062 POST /session/7367f8b0-dd8c-4fc3-a42e-6565b2318bab/element [6.566ms] ERR:404 body={"strategy":"-android uiautomator","selector":"new UiSelector().descriptionMatches(\"(?is).*\\QDefin...
14:05:55.153342 POST /session/7367f8b0-dd8c-4fc3-a42e-6565b2318bab/element [6.230916ms] ERR:404 body={"strategy":"-android uiautomator","selector":"new UiSelector().textContains(\"Definitely Not Here\"...
14:05:55.157980 POST /session/7367f8b0-dd8c-4fc3-a42e-6565b2318bab/element [4.59675ms] ERR:404 body={"strategy":"-android uiautomator","selector":"new UiSelector().descriptionContains(\"Definitely Not...
14:05:55.163867 POST /session/7367f8b0-dd8c-4fc3-a42e-6565b2318bab/element [5.847625ms] ERR:404 body={"strategy":"-android uiautomator","selector":"new UiSelector().textMatches(\"(?is).*\\QDefinitely N...
14:05:55.169348 POST /session/7367f8b0-dd8c-4fc3-a42e-6565b2318bab/element [5.443542ms] ERR:404 body={"strategy":"-android uiautomator","selector":"new UiSelector().descriptionMatches(\"(?is).*\\QDefin...
14:05:55.176345 POST /session/7367f8b0-dd8c-4fc3-a42e-6565b2318bab/element [6.948375ms] ERR:404 body={"strategy":"-android uiautomator","selector":"new UiSelector().textContains(\"Definitely Not Here\"...
14:05:55.182226 POST /session/7367f8b0-dd8c-4fc3-a42e-6565b2318bab/element [5.830625ms] ERR:404 body={"strategy":"-android uiautomator","selector":"new UiSelector().descriptionContains(\"Definitely Not...
14:05:55.189372 POST /session/7367f8b0-dd8c-4fc3-a42e-6565b2318bab/element [7.0995ms] ERR:404 body={"strategy":"-android uiautomator","selector":"new UiSelector().textMatches(\"(?is).*\\QDefinitely N...
14:05:55.196062 POST /session/7367f8b0-dd8c-4fc3-a42e-6565b2318bab/element [6.638208ms] ERR:404 body={"strategy":"-android uiautomator","selector":"new UiSelector().descriptionMatches(\"(?is).*\\QDefin...
14:05:55.202131 POST /session/7367f8b0-dd8c-4fc3-a42e-6565b2318bab/element [6.010833ms] ERR:404 body={"strategy":"-android uiautomator","selector":"new UiSelector().textContains(\"Definitely Not Here\"...
14:05:55.209765 POST /session/7367f8b0-dd8c-4fc3-a42e-6565b2318bab/element [7.582959ms] ERR:404 body={"strategy":"-android uiautomator","selector":"new UiSelector().descriptionContains(\"Definitely Not...
14:05:55.215391 POST /session/7367f8b0-dd8c-4fc3-a42e-6565b2318bab/element [5.570125ms] ERR:404 body={"strategy":"-android uiautomator","selector":"new UiSelector().textMatches(\"(?is).*\\QDefinitely N...
14:05:55.222387 POST /session/7367f8b0-dd8c-4fc3-a42e-6565b2318bab/element [6.946583ms] ERR:404 body={"strategy":"-android uiautomator","selector":"new UiSelector().descriptionMatches(\"(?is).*\\QDefin...
14:05:55.227381 POST /session/7367f8b0-dd8c-4fc3-a42e-6565b2318bab/element [4.93375ms] ERR:404 body={"strategy":"-android uiautomator","selector":"new UiSelector().textContains(\"Definitely Not Here\"...
14:05:55.235167 POST /session/7367f8b0-dd8c-4fc3-a42e-6565b2318bab/element [7.72375ms] ERR:404 body={"strategy":"-android uiautomator","selector":"new UiSelector().descriptionContains(\"Definitely Not...
14:05:55.240575 POST /session/7367f8b0-dd8c-4fc3-a42e-6565b2318bab/element [5.355542ms] ERR:404 body={"strategy":"-android uiautomator","selector":"new UiSelector().textMatches(\"(?is).*\\QDefinitely N...
14:05:55.245897 POST /session/7367f8b0-dd8c-4fc3-a42e-6565b2318bab/element [5.267041ms] ERR:404 body={"strategy":"-android uiautomator","selector":"new UiSelector().descriptionMatches(\"(?is).*\\QDefin...
14:05:55.255362 POST /session/7367f8b0-dd8c-4fc3-a42e-6565b2318bab/element [9.396417ms] ERR:404 body={"strategy":"-android uiautomator","selector":"new UiSelector().textContains(\"Definitely Not Here\"...
14:05:55.262553 POST /session/7367f8b0-dd8c-4fc3-a42e-6565b2318bab/element [7.136625ms] ERR:404 body={"strategy":"-android uiautomator","selector":"new UiSelector().descriptionContains(\"Definitely Not...
14:05:55.269744 POST /session/7367f8b0-dd8c-4fc3-a42e-6565b2318bab/element [7.13275ms] ERR:404 body={"strategy":"-android uiautomator","selector":"new UiSelector().textMatches(\"(?is).*\\QDefinitely N...
14:05:55.277723 POST /session/7367f8b0-dd8c-4fc3-a42e-6565b2318bab/element [7.9325ms] ERR:404 body={"strategy":"-android uiautomator","selector":"new UiSelector().descriptionMatches(\"(?is).*\\QDefin...
14:05:55.283184 POST /session/7367f8b0-dd8c-4fc3-a42e-6565b2318bab/element [5.402666ms] ERR:404 body={"strategy":"-android uiautomator","selector":"new UiSelector().textContains(\"Definitely Not Here\"...
14:05:55.288789 POST /session/7367f8b0-dd8c-4fc3-a42e-6565b2318bab/element [5.55075ms] ERR:404 body={"strategy":"-android uiautomator","selector":"new UiSelector().descriptionContains(\"Definitely Not...
14:05:55.293774 POST /session/7367f8b0-dd8c-4fc3-a42e-6565b2318bab/element [4.940709ms] ERR:404 body={"strategy":"-android uiautomator","selector":"new UiSelector().textMatches(\"(?is).*\\QDefinitely N...
14:05:55.300619 POST /session/7367f8b0-dd8c-4fc3-a42e-6565b2318bab/element [6.802291ms] ERR:404 body={"strategy":"-android uiautomator","selector":"new UiSelector().descriptionMatches(\"(?is).*\\QDefin...
14:05:55.306286 POST /session/7367f8b0-dd8c-4fc3-a42e-6565b2318bab/element [5.606458ms] ERR:404 body={"strategy":"-android uiautomator","selector":"new UiSelector().textContains(\"Definitely Not Here\"...
14:05:55.312634 POST /session/7367f8b0-dd8c-4fc3-a42e-6565b2318bab/element [6.2975ms] ERR:404 body={"strategy":"-android uiautomator","selector":"new UiSelector().descriptionContains(\"Definitely Not...
14:05:55.317487 POST /session/7367f8b0-dd8c-4fc3-a42e-6565b2318bab/element [4.804ms] ERR:404 body={"strategy":"-android uiautomator","selector":"new UiSelector().textMatches(\"(?is).*\\QDefinitely N...
14:05:55.324565 POST /session/7367f8b0-dd8c-4fc3-a42e-6565b2318bab/element [7.014417ms] ERR:404 body={"strategy":"-android uiautomator","selector":"new UiSelector().descriptionMatches(\"(?is).*\\QDefin...
14:05:55.332451 POST /session/7367f8b0-dd8c-4fc3-a42e-6565b2318bab/element [7.83175ms] ERR:404 body={"strategy":"-android uiautomator","selector":"new UiSelector().textContains(\"Definitely Not Here\"...
14:05:55.338772 POST /session/7367f8b0-dd8c-4fc3-a42e-6565b2318bab/element [6.264833ms] ERR:404 body={"strategy":"-android uiautomator","selector":"new UiSelector().descriptionContains(\"Definitely Not...
14:05:55.347199 POST /session/7367f8b0-dd8c-4fc3-a42e-6565b2318bab/element [8.359458ms] ERR:404 body={"strategy":"-android uiautomator","selector":"new UiSelector().textMatches(\"(?is).*\\QDefinitely N...
14:05:55.354717 POST /session/7367f8b0-dd8c-4fc3-a42e-6565b2318bab/element [7.432084ms] ERR:404 body={"strategy":"-android uiautomator","selector":"new UiSelector().descriptionMatches(\"(?is).*\\QDefin...
14:05:55.363375 POST /session/7367f8b0-dd8c-4fc3-a42e-6565b2318bab/element [8.592416ms] ERR:404 body={"strategy":"-android uiautomator","selector":"new UiSelector().textContains(\"Definitely Not Here\"...
14:05:55.370701 POST /session/7367f8b0-dd8c-4fc3-a42e-6565b2318bab/element [7.27125ms] ERR:404 body={"strategy":"-android uiautomator","selector":"new UiSelector().descriptionContains(\"Definitely Not...
14:05:55.377459 POST /session/7367f8b0-dd8c-4fc3-a42e-6565b2318bab/element [6.711083ms] ERR:404 body={"strategy":"-android uiautomator","selector":"new UiSelector().textMatches(\"(?is).*\\QDefinitely N...
14:05:55.383802 POST /session/7367f8b0-dd8c-4fc3-a42e-6565b2318bab/element [6.300708ms] ERR:404 body={"strategy":"-android uiautomator","selector":"new UiSelector().descriptionMatches(\"(?is).*\\QDefin...
14:05:55.390188 POST /session/7367f8b0-dd8c-4fc3-a42e-6565b2318bab/element [6.334125ms] ERR:404 body={"strategy":"-android uiautomator","selector":"new UiSelector().textContains(\"Definitely Not Here\"...
14:05:55.397190 POST /session/7367f8b0-dd8c-4fc3-a42e-6565b2318bab/element [6.945875ms] ERR:404 body={"strategy":"-android uiautomator","selector":"new UiSelector().descriptionContains(\"Definitely Not...
14:05:55.403857 POST /session/7367f8b0-dd8c-4fc3-a42e-6565b2318bab/element [6.614667ms] ERR:404 body={"strategy":"-android uiautomator","selector":"new UiSelector().textMatches(\"(?is).*\\QDefinitely N...
14:05:55.412345 POST /session/7367f8b0-dd8c-4fc3-a42e-6565b2318bab/element [8.429833ms] ERR:404 body={"strategy":"-android uiautomator","selector":"new UiSelector().descriptionMatches(\"(?is).*\\QDefin...
14:05:55.422289 POST /session/7367f8b0-dd8c-4fc3-a42e-6565b2318bab/element [9.883084ms] ERR:404 body={"strategy":"-android uiautomator","selector":"new UiSelector().textContains(\"Definitely Not Here\"...
14:05:55.427831 POST /session/7367f8b0-dd8c-4fc3-a42e-6565b2318bab/element [5.487708ms] ERR:404 body={"strategy":"-android uiautomator","selector":"new UiSelector().descriptionContains(\"Definitely Not...
14:05:55.434598 POST /session/7367f8b0-dd8c-4fc3-a42e-6565b2318bab/element [6.701917ms] ERR:404 body={"strategy":"-android uiautomator","selector":"new UiSelector().textMatches(\"(?is).*\\QDefinitely N...
14:05:55.441562 POST /session/7367f8b0-dd8c-4fc3-a42e-6565b2318bab/element [6.908042ms] ERR:404 body={"strategy":"-android uiautomator","selector":"new UiSelector().descriptionMatches(\"(?is).*\\QDefin...
14:05:55.447066 POST /session/7367f8b0-dd8c-4fc3-a42e-6565b2318bab/element [5.446791ms] ERR:404 body={"strategy":"-android uiautomator","selector":"new UiSelector().textContains(\"Definitely Not Here\"...
14:05:55.455267 POST /session/7367f8b0-dd8c-4fc3-a42e-6565b2318bab/element [8.145459ms] ERR:404 body={"strategy":"-android uiautomator","selector":"new UiSelector().descriptionContains(\"Definitely Not...
14:05:55.465587 POST /session/7367f8b0-dd8c-4fc3-a42e-6565b2318bab/element [10.26675ms] ERR:404 body={"strategy":"-android uiautomator","selector":"new UiSelector().textMatches(\"(?is).*\\QDefinitely N...
14:05:55.476401 POST /session/7367f8b0-dd8c-4fc3-a42e-6565b2318bab/element [10.75825ms] ERR:404 body={"strategy":"-android uiautomator","selector":"new UiSelector().descriptionMatches(\"(?is).*\\QDefin...
14:05:55.486505 POST /session/7367f8b0-dd8c-4fc3-a42e-6565b2318bab/element [10.034625ms] ERR:404 body={"strategy":"-android uiautomator","selector":"new UiSelector().textContains(\"Definitely Not Here\"...
14:05:55.496427 POST /session/7367f8b0-dd8c-4fc3-a42e-6565b2318bab/element [9.86175ms] ERR:404 body={"strategy":"-android uiautomator","selector":"new UiSelector().descriptionContains(\"Definitely Not...
14:05:55.504237 POST /session/7367f8b0-dd8c-4fc3-a42e-6565b2318bab/element [7.754417ms] ERR:404 body={"strategy":"-android uiautomator","selector":"new UiSelector().textMatches(\"(?is).*\\QDefinitely N...
14:05:55.511941 POST /session/7367f8b0-dd8c-4fc3-a42e-6565b2318bab/element [7.643625ms] ERR:404 body={"strategy":"-android uiautomator","selector":"new UiSelector().descriptionMatches(\"(?is).*\\QDefin...
14:05:55.521062 POST /session/7367f8b0-dd8c-4fc3-a42e-6565b2318bab/element [9.066459ms] ERR:404 body={"strategy":"-android uiautomator","selector":"new UiSelector().textContains(\"Definitely Not Here\"...
14:05:55.529683 POST /session/7367f8b0-dd8c-4fc3-a42e-6565b2318bab/element [8.569667ms] ERR:404 body={"strategy":"-android uiautomator","selector":"new UiSelector().descriptionContains(\"Definitely Not...
14:05:55.535883 POST /session/7367f8b0-dd8c-4fc3-a42e-6565b2318bab/element [6.1425ms] ERR:404 body={"strategy":"-android uiautomator","selector":"new UiSelector().textMatches(\"(?is).*\\QDefinitely N...
14:05:55.549258 POST /session/7367f8b0-dd8c-4fc3-a42e-6565b2318bab/element [13.315667ms] ERR:404 body={"strategy":"-android uiautomator","selector":"new UiSelector().descriptionMatches(\"(?is).*\\QDefin...
14:05:55.562314 POST /session/7367f8b0-dd8c-4fc3-a42e-6565b2318bab/element [13.004875ms] ERR:404 body={"strategy":"-android uiautomator","selector":"new UiSelector().textContains(\"Definitely Not Here\"...
14:05:55.572506 POST /session/7367f8b0-dd8c-4fc3-a42e-6565b2318bab/element [10.137958ms] ERR:404 body={"strategy":"-android uiautomator","selector":"new UiSelector().descriptionContains(\"Definitely Not...
14:05:55.582069 POST /session/7367f8b0-dd8c-4fc3-a42e-6565b2318bab/element [9.512875ms] ERR:404 body={"strategy":"-android uiautomator","selector":"new UiSelector().textMatches(\"(?is).*\\QDefinitely N...
14:05:55.590610 POST /session/7367f8b0-dd8c-4fc3-a42e-6565b2318bab/element [8.489917ms] ERR:404 body={"strategy":"-android uiautomator","selector":"new UiSelector().descriptionMatches(\"(?is).*\\QDefin...
14:05:55.597143 POST /session/7367f8b0-dd8c-4fc3-a42e-6565b2318bab/element [6.4795ms] ERR:404 body={"strategy":"-android uiautomator","selector":"new UiSelector().textContains(\"Definitely Not Here\"...
14:05:55.604590 POST /session/7367f8b0-dd8c-4fc3-a42e-6565b2318bab/element [7.392916ms] ERR:404 body={"strategy":"-android uiautomator","selector":"new UiSelector().descriptionContains(\"Definitely Not...
14:05:55.625655 POST /session/7367f8b0-dd8c-4fc3-a42e-6565b2318bab/element [21.008667ms] ERR:404 body={"strategy":"-android uiautomator","selector":"new UiSelector().textMatches(\"(?is).*\\QDefinitely N...
14:05:55.632179 POST /session/7367f8b0-dd8c-4fc3-a42e-6565b2318bab/element [6.348875ms] ERR:404 body={"strategy":"-android uiautomator","selector":"new UiSelector().descriptionMatches(\"(?is).*\\QDefin...
14:05:55.644278 POST /session/7367f8b0-dd8c-4fc3-a42e-6565b2318bab/element [12.038667ms] ERR:404 body={"strategy":"-android uiautomator","selector":"new UiSelector().textContains(\"Definitely Not Here\"...
14:05:55.653171 POST /session/7367f8b0-dd8c-4fc3-a42e-6565b2318bab/element [8.835ms] ERR:404 body={"strategy":"-android uiautomator","selector":"new UiSelector().descriptionContains(\"Definitely Not...
14:05:55.662639 POST /session/7367f8b0-dd8c-4fc3-a42e-6565b2318bab/element [9.402333ms] ERR:404 body={"strategy":"-android uiautomator","selector":"new UiSelector().textMatches(\"(?is).*\\QDefinitely N...
14:05:55.670523 POST /session/7367f8b0-dd8c-4fc3-a42e-6565b2318bab/element [7.826583ms] ERR:404 body={"strategy":"-android uiautomator","selector":"new UiSelector().descriptionMatches(\"(?is).*\\QDefin...
14:05:55.675280 POST /session/7367f8b0-dd8c-4fc3-a42e-6565b2318bab/element [4.698291ms] ERR:404 body={"strategy":"-android uiautomator","selector":"new UiSelector().textContains(\"Definitely Not Here\"...
14:05:55.685589 POST /session/7367f8b0-dd8c-4fc3-a42e-6565b2318bab/element [10.258333ms] ERR:404 body={"strategy":"-android uiautomator","selector":"new UiSelector().descriptionContains(\"Definitely Not...
14:05:55.691689 POST /session/7367f8b0-dd8c-4fc3-a42e-6565b2318bab/element [6.049792ms] ERR:404 body={"strategy":"-android uiautomator","selector":"new UiSelector().textMatches(\"(?is).*\\QDefinitely N...
14:05:55.704384 POST /session/7367f8b0-dd8c-4fc3-a42e-6565b2318bab/element [12.644667ms] ERR:404 body={"strategy":"-android uiautomator","selector":"new UiSelector().descriptionMatches(\"(?is).*\\QDefin...
14:05:55.711354 POST /session/7367f8b0-dd8c-4fc3-a42e-6565b2318bab/element [6.905125ms] ERR:404 body={"strategy":"-android uiautomator","selector":"new UiSelector().textContains(\"Definitely Not Here\"...
14:05:55.717229 POST /session/7367f8b0-dd8c-4fc3-a42e-6565b2318bab/element [5.801833ms] ERR:404 body={"strategy":"-android uiautomator","selector":"new UiSelector().descriptionContains(\"Definitely Not...
14:05:55.729445 POST /session/7367f8b0-dd8c-4fc3-a42e-6565b2318bab/element [12.12975ms] ERR:404 body={"strategy":"-android uiautomator","selector":"new UiSelector().textMatches(\"(?is).*\\QDefinitely N...
14:05:55.739678 POST /session/7367f8b0-dd8c-4fc3-a42e-6565b2318bab/element [10.028209ms] ERR:404 body={"strategy":"-android uiautomator","selector":"new UiSelector().descriptionMatches(\"(?is).*\\QDefin...
14:05:55.747007 POST /session/7367f8b0-dd8c-4fc3-a42e-6565b2318bab/element [7.270625ms] ERR:404 body={"strategy":"-android uiautomator","selector":"new UiSelector().textContains(\"Definitely Not Here\"...
14:05:55.753579 POST /session/7367f8b0-dd8c-4fc3-a42e-6565b2318bab/element [6.528042ms] ERR:404 body={"strategy":"-android uiautomator","selector":"new UiSelector().descriptionContains(\"Definitely Not...
14:05:55.760141 POST /session/7367f8b0-dd8c-4fc3-a42e-6565b2318bab/element [6.492ms] ERR:404 body={"strategy":"-android uiautomator","selector":"new UiSelector().textMatches(\"(?is).*\\QDefinitely N...
14:05:55.768215 POST /session/7367f8b0-dd8c-4fc3-a42e-6565b2318bab/element [8.013292ms] ERR:404 body={"strategy":"-android uiautomator","selector":"new UiSelector().descriptionMatches(\"(?is).*\\QDefin...
14:05:55.776639 POST /session/7367f8b0-dd8c-4fc3-a42e-6565b2318bab/element [8.368042ms] ERR:404 body={"strategy":"-android uiautomator","selector":"new UiSelector().textContains(\"Definitely Not Here\"...
14:05:55.786737 POST /session/7367f8b0-dd8c-4fc3-a42e-6565b2318bab/element [9.928083ms] ERR:404 body={"strategy":"-android uiautomator","selector":"new UiSelector().descriptionContains(\"Definitely Not...
14:05:55.798444 POST /session/7367f8b0-dd8c-4fc3-a42e-6565b2318bab/element [11.582167ms] ERR:404 body={"strategy":"-android uiautomator","selector":"new UiSelector().textMatches(\"(?is).*\\QDefinitely N...
14:05:55.810713 POST /session/7367f8b0-dd8c-4fc3-a42e-6565b2318bab/element [12.106667ms] ERR:404 body={"strategy":"-android uiautomator","selector":"new UiSelector().descriptionMatches(\"(?is).*\\QDefin...
14:05:55.883072 POST /session/7367f8b0-dd8c-4fc3-a42e-6565b2318bab/element [72.256917ms] ERR:404 body={"strategy":"-android uiautomator","selector":"new UiSelector().textContains(\"Definitely Not Here\"...
14:05:55.911765 POST /session/7367f8b0-dd8c-4fc3-a42e-6565b2318bab/element [28.599542ms] ERR:404 body={"strategy":"-android uiautomator","selector":"new UiSelector().descriptionContains(\"Definitely Not...
14:05:55.921351 POST /session/7367f8b0-dd8c-4fc3-a42e-6565b2318bab/element [9.51725ms] ERR:404 body={"strategy":"-android uiautomator","selector":"new UiSelector().textMatches(\"(?is).*\\QDefinitely N...
14:05:55.933485 POST /session/7367f8b0-dd8c-4fc3-a42e-6565b2318bab/element [12.070208ms] ERR:404 body={"strategy":"-android uiautomator","selector":"new UiSelector().descriptionMatches(\"(?is).*\\QDefin...
14:05:55.944160 POST /session/7367f8b0-dd8c-4fc3-a42e-6565b2318bab/element [10.616791ms] ERR:404 body={"strategy":"-android uiautomator","selector":"new UiSelector().textContains(\"Definitely Not Here\"...
14:05:55.952367 POST /session/7367f8b0-dd8c-4fc3-a42e-6565b2318bab/element [8.145417ms] ERR:404 body={"strategy":"-android uiautomator","selector":"new UiSelector().descriptionContains(\"Definitely Not...
14:05:55.966546 POST /session/7367f8b0-dd8c-4fc3-a42e-6565b2318bab/element [14.116791ms] ERR:404 body={"strategy":"-android uiautomator","selector":"new UiSelector().textMatches(\"(?is).*\\QDefinitely N...
14:05:55.973800 POST /session/7367f8b0-dd8c-4fc3-a42e-6565b2318bab/element [7.196083ms] ERR:404 body={"strategy":"-android uiautomator","selector":"new UiSelector().descriptionMatches(\"(?is).*\\QDefin...
14:05:55.982263 POST /session/7367f8b0-dd8c-4fc3-a42e-6565b2318bab/element [8.393792ms] ERR:404 body={"strategy":"-android uiautomator","selector":"new UiSelector().textContains(\"Definitely Not Here\"...
14:05:55.993528 POST /session/7367f8b0-dd8c-4fc3-a42e-6565b2318bab/element [11.203291ms] ERR:404 body={"strategy":"-android uiautomator","selector":"new UiSelector().descriptionContains(\"Definitely Not...
14:05:56.001867 POST /session/7367f8b0-dd8c-4fc3-a42e-6565b2318bab/element [8.274583ms] ERR:404 body={"strategy":"-android uiautomator","selector":"new UiSelector().textMatches(\"(?is).*\\QDefinitely N...
14:05:56.011053 POST /session/7367f8b0-dd8c-4fc3-a42e-6565b2318bab/element [9.127417ms] ERR:404 body={"strategy":"-android uiautomator","selector":"new UiSelector().descriptionMatches(\"(?is).*\\QDefin...
14:05:56.016188 POST /session/7367f8b0-dd8c-4fc3-a42e-6565b2318bab/element [5.076084ms] ERR:404 body={"strategy":"-android uiautomator","selector":"new UiSelector().textContains(\"Definitely Not Here\"...
14:05:56.024571 POST /session/7367f8b0-dd8c-4fc3-a42e-6565b2318bab/element [8.31625ms] ERR:404 body={"strategy":"-android uiautomator","selector":"new UiSelector().descriptionContains(\"Definitely Not...
14:05:56.032719 POST /session/7367f8b0-dd8c-4fc3-a42e-6565b2318bab/element [8.100166ms] ERR:404 body={"strategy":"-android uiautomator","selector":"new UiSelector().textMatches(\"(?is).*\\QDefinitely N...
14:05:56.038640 POST /session/7367f8b0-dd8c-4fc3-a42e-6565b2318bab/element [5.870375ms] ERR:404 body={"strategy":"-android uiautomator","selector":"new UiSelector().descriptionMatches(\"(?is).*\\QDefin...
14:05:56.046592 POST /session/7367f8b0-dd8c-4fc3-a42e-6565b2318bab/element [7.891209ms] ERR:404 body={"strategy":"-android uiautomator","selector":"new UiSelector().textContains(\"Definitely Not Here\"...
14:05:56.055950 POST /session/7367f8b0-dd8c-4fc3-a42e-6565b2318bab/element [9.306333ms] ERR:404 body={"strategy":"-android uiautomator","selector":"new UiSelector().descriptionContains(\"Definitely Not...
14:05:56.064848 POST /session/7367f8b0-dd8c-4fc3-a42e-6565b2318bab/element [8.836583ms] ERR:404 body={"strategy":"-android uiautomator","selector":"new UiSelector().textMatches(\"(?is).*\\QDefinitely N...
14:05:56.071043 POST /session/7367f8b0-dd8c-4fc3-a42e-6565b2318bab/element [6.138333ms] ERR:404 body={"strategy":"-android uiautomator","selector":"new UiSelector().descriptionMatches(\"(?is).*\\QDefin...
14:05:56.077699 POST /session/7367f8b0-dd8c-4fc3-a42e-6565b2318bab/element [6.590333ms] ERR:404 body={"strategy":"-android uiautomator","selector":"new UiSelector().textContains(\"Definitely Not Here\"...
14:05:56.082356 POST /session/7367f8b0-dd8c-4fc3-a42e-6565b2318bab/element [4.604167ms] ERR:404 body={"strategy":"-android uiautomator","selector":"new UiSelector().descriptionContains(\"Definitely Not...
14:05:56.092229 POST /session/7367f8b0-dd8c-4fc3-a42e-6565b2318bab/element [9.823ms] ERR:404 body={"strategy":"-android uiautomator","selector":"new UiSelector().textMatches(\"(?is).*\\QDefinitely N...
14:05:56.098794 POST /session/7367f8b0-dd8c-4fc3-a42e-6565b2318bab/element [6.513167ms] ERR:404 body={"strategy":"-android uiautomator","selector":"new UiSelector().descriptionMatches(\"(?is).*\\QDefin...
14:05:56.110176 POST /session/7367f8b0-dd8c-4fc3-a42e-6565b2318bab/element [11.313292ms] ERR:404 body={"strategy":"-android uiautomator","selector":"new UiSelector().textContains(\"Definitely Not Here\"...
14:05:56.120171 POST /session/7367f8b0-dd8c-4fc3-a42e-6565b2318bab/element [9.931666ms] ERR:404 body={"strategy":"-android uiautomator","selector":"new UiSelector().descriptionContains(\"Definitely Not...
14:05:56.126884 POST /session/7367f8b0-dd8c-4fc3-a42e-6565b2318bab/element [6.664834ms] ERR:404 body={"strategy":"-android uiautomator","selector":"new UiSelector().textMatches(\"(?is).*\\QDefinitely N...
14:05:56.135129 POST /session/7367f8b0-dd8c-4fc3-a42e-6565b2318bab/element [8.182667ms] ERR:404 body={"strategy":"-android uiautomator","selector":"new UiSelector().descriptionMatches(\"(?is).*\\QDefin...
14:05:56.145279 POST /session/7367f8b0-dd8c-4fc3-a42e-6565b2318bab/element [10.089542ms] ERR:404 body={"strategy":"-android uiautomator","selector":"new UiSelector().textContains(\"Definitely Not Here\"...
14:05:56.153352 POST /session/7367f8b0-dd8c-4fc3-a42e-6565b2318bab/element [8.013041ms] ERR:404 body={"strategy":"-android uiautomator","selector":"new UiSelector().descriptionContains(\"Definitely Not...
14:05:56.159665 POST /session/7367f8b0-dd8c-4fc3-a42e-6565b2318bab/element [6.249375ms] ERR:404 body={"strategy":"-android uiautomator","selector":"new UiSelector().textMatches(\"(?is).*\\QDefinitely N...
14:05:56.170923 POST /session/7367f8b0-dd8c-4fc3-a42e-6565b2318bab/element [11.205208ms] ERR:404 body={"strategy":"-android uiautomator","selector":"new UiSelector().descriptionMatches(\"(?is).*\\QDefin...
14:05:56.179439 POST /session/7367f8b0-dd8c-4fc3-a42e-6565b2318bab/element [8.452042ms] ERR:404 body={"strategy":"-android uiautomator","selector":"new UiSelector().textContains(\"Definitely Not Here\"...
14:05:56.187818 POST /session/7367f8b0-dd8c-4fc3-a42e-6565b2318bab/element [8.310542ms] ERR:404 body={"strategy":"-android uiautomator","selector":"new UiSelector().descriptionContains(\"Definitely Not...
14:05:56.195729 POST /session/7367f8b0-dd8c-4fc3-a42e-6565b2318bab/element [7.846833ms] ERR:404 body={"strategy":"-android uiautomator","selector":"new UiSelector().textMatches(\"(?is).*\\QDefinitely N...
14:05:56.204861 POST /session/7367f8b0-dd8c-4fc3-a42e-6565b2318bab/element [9.056084ms] ERR:404 body={"strategy":"-android uiautomator","selector":"new UiSelector().descriptionMatches(\"(?is).*\\QDefin...
14:05:56.213519 POST /session/7367f8b0-dd8c-4fc3-a42e-6565b2318bab/element [8.582125ms] ERR:404 body={"strategy":"-android uiautomator","selector":"new UiSelector().textContains(\"Definitely Not Here\"...
14:05:56.221191 POST /session/7367f8b0-dd8c-4fc3-a42e-6565b2318bab/element [7.603166ms] ERR:404 body={"strategy":"-android uiautomator","selector":"new UiSelector().descriptionContains(\"Definitely Not...
14:05:56.232219 POST /session/7367f8b0-dd8c-4fc3-a42e-6565b2318bab/element [10.967166ms] ERR:404 body={"strategy":"-android uiautomator","selector":"new UiSelector().textMatches(\"(?is).*\\QDefinitely N...
14:05:56.239446 POST /session/7367f8b0-dd8c-4fc3-a42e-6565b2318bab/element [7.16625ms] ERR:404 body={"strategy":"-android uiautomator","selector":"new UiSelector().descriptionMatches(\"(?is).*\\QDefin...
14:05:56.256369 POST /session/7367f8b0-dd8c-4fc3-a42e-6565b2318bab/element [16.859ms] ERR:404 body={"strategy":"-android uiautomator","selector":"new UiSelector().textContains(\"Definitely Not Here\"...
14:05:56.262422 POST /session/7367f8b0-dd8c-4fc3-a42e-6565b2318bab/element [6.003042ms] ERR:404 body={"strategy":"-android uiautomator","selector":"new UiSelector().descriptionContains(\"Definitely Not...
14:05:56.271371 POST /session/7367f8b0-dd8c-4fc3-a42e-6565b2318bab/element [8.884333ms] ERR:404 body={"strategy":"-android uiautomator","selector":"new UiSelector().textMatches(\"(?is).*\\QDefinitely N...
14:05:56.277366 POST /session/7367f8b0-dd8c-4fc3-a42e-6565b2318bab/element [5.889375ms] ERR:404 body={"strategy":"-android uiautomator","selector":"new UiSelector().descriptionMatches(\"(?is).*\\QDefin...
14:05:56.285276 POST /session/7367f8b0-dd8c-4fc3-a42e-6565b2318bab/element [7.84675ms] ERR:404 body={"strategy":"-android uiautomator","selector":"new UiSelector().textContains(\"Definitely Not Here\"...
14:05:56.291550 POST /session/7367f8b0-dd8c-4fc3-a42e-6565b2318bab/element [6.214875ms] ERR:404 body={"strategy":"-android uiautomator","selector":"new UiSelector().descriptionContains(\"Definitely Not...
14:05:56.300392 POST /session/7367f8b0-dd8c-4fc3-a42e-6565b2318bab/element [8.735834ms] ERR:404 body={"strategy":"-android uiautomator","selector":"new UiSelector().textMatches(\"(?is).*\\QDefinitely N...
14:05:56.310385 POST /session/7367f8b0-dd8c-4fc3-a42e-6565b2318bab/element [9.920958ms] ERR:404 body={"strategy":"-android uiautomator","selector":"new UiSelector().descriptionMatches(\"(?is).*\\QDefin...
14:05:56.321494 POST /session/7367f8b0-dd8c-4fc3-a42e-6565b2318bab/element [11.042666ms] ERR:404 body={"strategy":"-android uiautomator","selector":"new UiSelector().textContains(\"Definitely Not Here\"...
14:05:56.330561 POST /session/7367f8b0-dd8c-4fc3-a42e-6565b2318bab/element [8.991292ms] ERR:404 body={"strategy":"-android uiautomator","selector":"new UiSelector().descriptionContains(\"Definitely Not...
14:05:56.337009 POST /session/7367f8b0-dd8c-4fc3-a42e-6565b2318bab/element [6.379708ms] ERR:404 body={"strategy":"-android uiautomator","selector":"new UiSelector().textMatches(\"(?is).*\\QDefinitely N...
14:05:56.350255 POST /session/7367f8b0-dd8c-4fc3-a42e-6565b2318bab/element [13.176375ms] ERR:404 body={"strategy":"-android uiautomator","selector":"new UiSelector().descriptionMatches(\"(?is).*\\QDefin...
14:05:56.358379 POST /session/7367f8b0-dd8c-4fc3-a42e-6565b2318bab/element [8.005417ms] ERR:404 body={"strategy":"-android uiautomator","selector":"new UiSelector().textContains(\"Definitely Not Here\"...
14:05:56.363555 POST /session/7367f8b0-dd8c-4fc3-a42e-6565b2318bab/element [5.112ms] ERR:404 body={"strategy":"-android uiautomator","selector":"new UiSelector().descriptionContains(\"Definitely Not...
14:05:56.370225 POST /session/7367f8b0-dd8c-4fc3-a42e-6565b2318bab/element [6.610375ms] ERR:404 body={"strategy":"-android uiautomator","selector":"new UiSelector().textMatches(\"(?is).*\\QDefinitely N...
14:05:56.378159 POST /session/7367f8b0-dd8c-4fc3-a42e-6565b2318bab/element [7.871584ms] ERR:404 body={"strategy":"-android uiautomator","selector":"new UiSelector().descriptionMatches(\"(?is).*\\QDefin...
14:05:56.389285 POST /session/7367f8b0-dd8c-4fc3-a42e-6565b2318bab/element [11.059625ms] ERR:404 body={"strategy":"-android uiautomator","selector":"new UiSelector().textContains(\"Definitely Not Here\"...
14:05:56.396408 POST /session/7367f8b0-dd8c-4fc3-a42e-6565b2318bab/element [7.051334ms] ERR:404 body={"strategy":"-android uiautomator","selector":"new UiSelector().descriptionContains(\"Definitely Not...
14:05:56.405250 POST /session/7367f8b0-dd8c-4fc3-a42e-6565b2318bab/element [8.758125ms] ERR:404 body={"strategy":"-android uiautomator","selector":"new UiSelector().textMatches(\"(?is).*\\QDefinitely N...
14:05:56.413058 POST /session/7367f8b0-dd8c-4fc3-a42e-6565b2318bab/element [7.729042ms] ERR:404 body={"strategy":"-android uiautomator","selector":"new UiSelector().descriptionMatches(\"(?is).*\\QDefin...
14:05:56.420117 POST /session/7367f8b0-dd8c-4fc3-a42e-6565b2318bab/element [6.99725ms] ERR:404 body={"strategy":"-android uiautomator","selector":"new UiSelector().textContains(\"Definitely Not Here\"...
14:05:56.427475 POST /session/7367f8b0-dd8c-4fc3-a42e-6565b2318bab/element [7.303042ms] ERR:404 body={"strategy":"-android uiautomator","selector":"new UiSelector().descriptionContains(\"Definitely Not...
14:05:56.436921 POST /session/7367f8b0-dd8c-4fc3-a42e-6565b2318bab/element [9.399292ms] ERR:404 body={"strategy":"-android uiautomator","selector":"new UiSelector().textMatches(\"(?is).*\\QDefinitely N...
14:05:56.444723 POST /session/7367f8b0-dd8c-4fc3-a42e-6565b2318bab/element [7.742375ms] ERR:404 body={"strategy":"-android uiautomator","selector":"new UiSelector().descriptionMatches(\"(?is).*\\QDefin...
14:05:56.453530 POST /session/7367f8b0-dd8c-4fc3-a42e-6565b2318bab/element [8.731125ms] ERR:404 body={"strategy":"-android uiautomator","selector":"new UiSelector().textContains(\"Definitely Not Here\"...
14:05:56.460507 POST /session/7367f8b0-dd8c-4fc3-a42e-6565b2318bab/element [6.904417ms] ERR:404 body={"strategy":"-android uiautomator","selector":"new UiSelector().descriptionContains(\"Definitely Not...
14:05:56.467960 POST /session/7367f8b0-dd8c-4fc3-a42e-6565b2318bab/element [7.359041ms] ERR:404 body={"strategy":"-android uiautomator","selector":"new UiSelector().textMatches(\"(?is).*\\QDefinitely N...
14:05:56.472673 POST /session/7367f8b0-dd8c-4fc3-a42e-6565b2318bab/element [4.652542ms] ERR:404 body={"strategy":"-android uiautomator","selector":"new UiSelector().descriptionMatches(\"(?is).*\\QDefin...
14:05:56.478949 POST /session/7367f8b0-dd8c-4fc3-a42e-6565b2318bab/element [6.224375ms] ERR:404 body={"strategy":"-android uiautomator","selector":"new UiSelector().textContains(\"Definitely Not Here\"...
14:05:56.485882 POST /session/7367f8b0-dd8c-4fc3-a42e-6565b2318bab/element [6.865709ms] ERR:404 body={"strategy":"-android uiautomator","selector":"new UiSelector().descriptionContains(\"Definitely Not...
14:05:56.491411 POST /session/7367f8b0-dd8c-4fc3-a42e-6565b2318bab/element [5.464917ms] ERR:404 body={"strategy":"-android uiautomator","selector":"new UiSelector().textMatches(\"(?is).*\\QDefinitely N...
14:05:56.498826 POST /session/7367f8b0-dd8c-4fc3-a42e-6565b2318bab/element [7.353583ms] ERR:404 body={"strategy":"-android uiautomator","selector":"new UiSelector().descriptionMatches(\"(?is).*\\QDefin...
14:05:56.505548 POST /session/7367f8b0-dd8c-4fc3-a42e-6565b2318bab/element [6.663ms] ERR:404 body={"strategy":"-android uiautomator","selector":"new UiSelector().textContains(\"Definitely Not Here\"...
14:05:56.510789 POST /session/7367f8b0-dd8c-4fc3-a42e-6565b2318bab/element [5.168209ms] ERR:404 body={"strategy":"-android uiautomator","selector":"new UiSelector().descriptionContains(\"Definitely Not...
14:05:56.518556 POST /session/7367f8b0-dd8c-4fc3-a42e-6565b2318bab/element [7.695417ms] ERR:404 body={"strategy":"-android uiautomator","selector":"new UiSelector().textMatches(\"(?is).*\\QDefinitely N...
14:05:56.524738 POST /session/7367f8b0-dd8c-4fc3-a42e-6565b2318bab/element [6.123375ms] ERR:404 body={"strategy":"-android uiautomator","selector":"new UiSelector().descriptionMatches(\"(?is).*\\QDefin...
14:05:56.531083 POST /session/7367f8b0-dd8c-4fc3-a42e-6565b2318bab/element [6.291292ms] ERR:404 body={"strategy":"-android uiautomator","selector":"new UiSelector().textContains(\"Definitely Not Here\"...
14:05:56.537915 POST /session/7367f8b0-dd8c-4fc3-a42e-6565b2318bab/element [6.751917ms] ERR:404 body={"strategy":"-android uiautomator","selector":"new UiSelector().descriptionContains(\"Definitely Not...
14:05:56.545399 POST /session/7367f8b0-dd8c-4fc3-a42e-6565b2318bab/element [7.426875ms] ERR:404 body={"strategy":"-android uiautomator","selector":"new UiSelector().textMatches(\"(?is).*\\QDefinitely N...
14:05:56.551930 POST /session/7367f8b0-dd8c-4fc3-a42e-6565b2318bab/element [6.473542ms] ERR:404 body={"strategy":"-android uiautomator","selector":"new UiSelector().descriptionMatches(\"(?is).*\\QDefin...
14:05:56.558680 POST /session/7367f8b0-dd8c-4fc3-a42e-6565b2318bab/element [6.701666ms] ERR:404 body={"strategy":"-android uiautomator","selector":"new UiSelector().textContains(\"Definitely Not Here\"...
14:05:56.566561 POST /session/7367f8b0-dd8c-4fc3-a42e-6565b2318bab/element [7.697208ms] ERR:404 body={"strategy":"-android uiautomator","selector":"new UiSelector().descriptionContains(\"Definitely Not...
14:05:56.571414 POST /session/7367f8b0-dd8c-4fc3-a42e-6565b2318bab/element [4.699208ms] ERR:404 body={"strategy":"-android uiautomator","selector":"new UiSelector().textMatches(\"(?is).*\\QDefinitely N...
14:05:56.575249 POST /session/7367f8b0-dd8c-4fc3-a42e-6565b2318bab/element [3.783667ms] ERR:404 body={"strategy":"-android uiautomator","selector":"new UiSelector().descriptionMatches(\"(?is).*\\QDefin...
14:05:56.582414 POST /session/7367f8b0-dd8c-4fc3-a42e-6565b2318bab/element [7.119041ms] ERR:404 body={"strategy":"-android uiautomator","selector":"new UiSelector().textContains(\"Definitely Not Here\"...
14:05:56.587925 POST /session/7367f8b0-dd8c-4fc3-a42e-6565b2318bab/element [5.442041ms] ERR:404 body={"strategy":"-android uiautomator","selector":"new UiSelector().descriptionContains(\"Definitely Not...
14:05:56.651599 POST /session/7367f8b0-dd8c-4fc3-a42e-6565b2318bab/element [63.616792ms] ERR:404 body={"strategy":"-android uiautomator","selector":"new UiSelector().textMatches(\"(?is).*\\QDefinitely N...
14:05:56.678058 POST /session/7367f8b0-dd8c-4fc3-a42e-6565b2318bab/element [26.088083ms] ERR:404 body={"strategy":"-android uiautomator","selector":"new UiSelector().descriptionMatches(\"(?is).*\\QDefin...
14:05:56.734295 POST /session/7367f8b0-dd8c-4fc3-a42e-6565b2318bab/element [53.084833ms] ERR:404 body={"strategy":"-android uiautomator","selector":"new UiSelector().textContains(\"Definitely Not Here\"...
14:05:56.796902 POST /session/7367f8b0-dd8c-4fc3-a42e-6565b2318bab/element [62.385834ms] ERR:404 body={"strategy":"-android uiautomator","selector":"new UiSelector().descriptionContains(\"Definitely Not...
14:05:56.834973 POST /session/7367f8b0-dd8c-4fc3-a42e-6565b2318bab/element [37.9345ms] ERR:404 body={"strategy":"-android uiautomator","selector":"new UiSelector().textMatches(\"(?is).*\\QDefinitely N...
14:05:56.853827 POST /session/7367f8b0-dd8c-4fc3-a42e-6565b2318bab/element [18.751625ms] ERR:404 body={"strategy":"-android uiautomator","selector":"new UiSelector().descriptionMatches(\"(?is).*\\QDefin...
14:05:56.878779 POST /session/7367f8b0-dd8c-4fc3-a42e-6565b2318bab/element [24.882791ms] ERR:404 body={"strategy":"-android uiautomator","selector":"new UiSelector().textContains(\"Definitely Not Here\"...
14:05:56.907684 POST /session/7367f8b0-dd8c-4fc3-a42e-6565b2318bab/element [28.822875ms] ERR:404 body={"strategy":"-android uiautomator","selector":"new UiSelector().descriptionContains(\"Definitely Not...
14:05:56.924207 POST /session/7367f8b0-dd8c-4fc3-a42e-6565b2318bab/element [16.436209ms] ERR:404 body={"strategy":"-android uiautomator","selector":"new UiSelector().textMatches(\"(?is).*\\QDefinitely N...
14:05:56.934631 POST /session/7367f8b0-dd8c-4fc3-a42e-6565b2318bab/element [10.30925ms] ERR:404 body={"strategy":"-android uiautomator","selector":"new UiSelector().descriptionMatches(\"(?is).*\\QDefin...
14:05:56.944398 POST /session/7367f8b0-dd8c-4fc3-a42e-6565b2318bab/element [9.660458ms] ERR:404 body={"strategy":"-android uiautomator","selector":"new UiSelector().textContains(\"Definitely Not Here\"...
14:05:56.958142 POST /session/7367f8b0-dd8c-4fc3-a42e-6565b2318bab/element [13.670541ms] ERR:404 body={"strategy":"-android uiautomator","selector":"new UiSelector().descriptionContains(\"Definitely Not...
14:05:56.977206 POST /session/7367f8b0-dd8c-4fc3-a42e-6565b2318bab/element [18.975542ms] ERR:404 body={"strategy":"-android uiautomator","selector":"new UiSelector().textMatches(\"(?is).*\\QDefinitely N...
14:05:56.998207 POST /session/7367f8b0-dd8c-4fc3-a42e-6565b2318bab/element [20.889417ms] ERR:404 body={"strategy":"-android uiautomator","selector":"new UiSelector().descriptionMatches(\"(?is).*\\QDefin...
14:05:57.027018 POST /session/7367f8b0-dd8c-4fc3-a42e-6565b2318bab/element [28.737958ms] ERR:404 body={"strategy":"-android uiautomator","selector":"new UiSelector().textContains(\"Definitely Not Here\"...
14:05:57.051013 POST /session/7367f8b0-dd8c-4fc3-a42e-6565b2318bab/element [23.877459ms] ERR:404 body={"strategy":"-android uiautomator","selector":"new UiSelector().descriptionContains(\"Definitely Not...
14:05:57.088048 POST /session/7367f8b0-dd8c-4fc3-a42e-6565b2318bab/element [36.908792ms] ERR:404 body={"strategy":"-android uiautomator","selector":"new UiSelector().textMatches(\"(?is).*\\QDefinitely N...
14:05:57.101461 POST /session/7367f8b0-dd8c-4fc3-a42e-6565b2318bab/element [13.276208ms] ERR:404 body={"strategy":"-android uiautomator","selector":"new UiSelector().descriptionMatches(\"(?is).*\\QDefin...
14:05:57.114626 POST /session/7367f8b0-dd8c-4fc3-a42e-6565b2318bab/element [13.0485ms] ERR:404 body={"strategy":"-android uiautomator","selector":"new UiSelector().textContains(\"Definitely Not Here\"...
14:05:57.159721 POST /session/7367f8b0-dd8c-4fc3-a42e-6565b2318bab/element [44.965375ms] ERR:404 body={"strategy":"-android uiautomator","selector":"new UiSelector().descriptionContains(\"Definitely Not...
14:05:57.198378 POST /session/7367f8b0-dd8c-4fc3-a42e-6565b2318bab/element [38.521166ms] ERR:404 body={"strategy":"-android uiautomator","selector":"new UiSelector().textMatches(\"(?is).*\\QDefinitely N...
14:05:57.211364 POST /session/7367f8b0-dd8c-4fc3-a42e-6565b2318bab/element [12.709875ms] ERR:404 body={"strategy":"-android uiautomator","selector":"new UiSelector().descriptionMatches(\"(?is).*\\QDefin...
14:05:57.239563 POST /session/7367f8b0-dd8c-4fc3-a42e-6565b2318bab/element [28.07725ms] ERR:404 body={"strategy":"-android uiautomator","selector":"new UiSelector().textContains(\"Definitely Not Here\"...
14:05:57.269403 POST /session/7367f8b0-dd8c-4fc3-a42e-6565b2318bab/element [29.711916ms] ERR:404 body={"strategy":"-android uiautomator","selector":"new UiSelector().descriptionContains(\"Definitely Not...
14:05:57.279758 POST /session/7367f8b0-dd8c-4fc3-a42e-6565b2318bab/element [10.232708ms] ERR:404 body={"strategy":"-android uiautomator","selector":"new UiSelector().textMatches(\"(?is).*\\QDefinitely N...
14:05:57.358709 POST /session/7367f8b0-dd8c-4fc3-a42e-6565b2318bab/element [78.81675ms] ERR:404 body={"strategy":"-android uiautomator","selector":"new UiSelector().descriptionMatches(\"(?is).*\\QDefin...
14:05:57.492433 POST /session/7367f8b0-dd8c-4fc3-a42e-6565b2318bab/element [133.625875ms] ERR:404 body={"strategy":"-android uiautomator","selector":"new UiSelector().textContains(\"Definitely Not Here\"...
14:05:57.534803 POST /session/7367f8b0-dd8c-4fc3-a42e-6565b2318bab/element [42.260125ms] ERR:404 body={"strategy":"-android uiautomator","selector":"new UiSelector().descriptionContains(\"Definitely Not...
14:05:57.561999 POST /session/7367f8b0-dd8c-4fc3-a42e-6565b2318bab/element [27.082625ms] ERR:404 body={"strategy":"-android uiautomator","selector":"new UiSelector().textMatches(\"(?is).*\\QDefinitely N...
14:05:57.580832 POST /session/7367f8b0-dd8c-4fc3-a42e-6565b2318bab/element [18.69025ms] ERR:404 body={"strategy":"-android uiautomator","selector":"new UiSelector().descriptionMatches(\"(?is).*\\QDefin...
14:05:57.633500 POST /session/7367f8b0-dd8c-4fc3-a42e-6565b2318bab/element [52.2395ms] ERR:404 body={"strategy":"-android uiautomator","selector":"new UiSelector().textContains(\"Definitely Not Here\"...
14:05:57.699640 POST /session/7367f8b0-dd8c-4fc3-a42e-6565b2318bab/element [66.050125ms] ERR:404 body={"strategy":"-android uiautomator","selector":"new UiSelector().descriptionContains(\"Definitely Not...
14:05:57.802472 POST /session/7367f8b0-dd8c-4fc3-a42e-6565b2318bab/element [102.757416ms] ERR:404 body={"strategy":"-android uiautomator","selector":"new UiSelector().textMatches(\"(?is).*\\QDefinitely N...
14:05:57.921257 POST /session/7367f8b0-dd8c-4fc3-a42e-6565b2318bab/element [118.686958ms] ERR:404 body={"strategy":"-android uiautomator","selector":"new UiSelector().descriptionMatches(\"(?is).*\\QDefin...
14:05:57.990964 GET /session/7367f8b0-dd8c-4fc3-a42e-6565b2318bab/source [69.41525ms] OK body=
14:05:58.272831 GET /session/7367f8b0-dd8c-4fc3-a42e-6565b2318bab/screenshot [280.610709ms] OK body=
14:05:58.335162 GET /session/7367f8b0-dd8c-4fc3-a42e-6565b2318bab/source [60.912584ms] OK body=
14:05:58.345346 DELETE /session/7367f8b0-dd8c-4fc3-a42e-6565b2318bab [4.366625ms] OK body=
