{
  "children" : [
    {
      "children" : [
        {
          "children" : [
            {
              "children" : [
                {
                  "children" : [
                    {
                      "children" : [
                        {
                          "children" : [
                            {
                              "children" : [
                                {
                                  "children" : [
                                    {
                                      "children" : [
                                        {
                                          "children" : [
                                            {
                                              "children" : [
                                                {
                                                  "children" : [
                                                    {
                                                      "children" : [
                                                        {
                                                          "children" : [

                                                          ],
                                                          "enabled" : true,
                                                          "frame" : {
                                                            "height" : "42",
                                                            "width" : "178",
                                                            "x" : "15",
                                                            "y" : "119"
                                                          },
                                                          "label" : "Landmarks",
                                                          "name" : "Landmarks",
                                                          "type" : "XCUIElementTypeStaticText",
                                                          "value" : "Landmarks",
                                                          "visible" : true
                                                        }
                                                      ],
                                                      "enabled" : true,
                                                      "frame" : {
                                                        "height" : "106",
                                                        "width" : "402",
                                                        "x" : "0",
                                                        "y" : "62"
                                                      },
                                                      "name" : "Landmarks",
                                                      "type" : "XCUIElementTypeNavigationBar",
                                                      "visible" : true
                                                    },
                                                    {
                                                      "children" : [
                                                        {
                                                          "children" : [
                                                            {
                                                              "children" : [
                                                                {
                                                                  "children" : [
                                                                    {
                                                                      "children" : [
                                                                        {
                                                                          "children" : [

                                                                          ],
                                                                          "enabled" : true,
                                                                          "frame" : {
                                                                            "height" : "1970",
                                                                            "width" : "434",
                                                                            "x" : "-16",
                                                                            "y" : "-1580"
                                                                          },
                                                                          "type" : "XCUIElementTypeOther",
                                                                          "visible" : true
                                                                        },
                                                                        {
                                                                          "children" : [
                                                                            {
                                                                              "children" : [

                                                                              ],
                                                                              "enabled" : true,
                                                                              "frame" : {
                                                                                "height" : "41",
                                                                                "width" : "370",
                                                                                "x" : "16",
                                                                                "y" : "168"
                                                                              },
                                                                              "type" : "XCUIElementTypeOther",
                                                                              "visible" : false
                                                                            },
                                                                            {
                                                                              "children" : [
                                                                                {
                                                                                  "children" : [
                                                                                    {
                                                                                      "children" : [
                                                                                        {
                                                                                          "children" : [

                                                                                          ],
                                                                                          "enabled" : true,
                                                                                          "frame" : {
                                                                                            "height" : "41",
                                                                                            "width" : "370",
                                                                                            "x" : "16",
                                                                                            "y" : "168"
                                                                                          },
                                                                                          "label" : "Featured",
                                                                                          "name" : "Featured",
                                                                                          "type" : "XCUIElementTypeStaticText",
                                                                                          "value" : "Featured",
                                                                                          "visible" : true
                                                                                        }
                                                                                      ],
                                                                                      "enabled" : true,
                                                                                      "frame" : {
                                                                                        "height" : "41",
                                                                                        "width" : "370",
                                                                                        "x" : "16",
                                                                                        "y" : "168"
                                                                                      },
                                                                                      "type" : "XCUIElementTypeOther",
                                                                                      "visible" : true
                                                                                    }
                                                                                  ],
                                                                                  "enabled" : true,
                                                                                  "frame" : {
                                                                                    "height" : "41",
                                                                                    "width" : "370",
                                                                                    "x" : "16",
                                                                                    "y" : "168"
                                                                                  },
                                                                                  "type" : "XCUIElementTypeOther",
                                                                                  "visible" : true
                                                                                }
                                                                              ],
                                                                              "enabled" : true,
                                                                              "frame" : {
                                                                                "height" : "41",
                                                                                "width" : "370",
                                                                                "x" : "16",
                                                                                "y" : "168"
                                                                              },
                                                                              "type" : "XCUIElementTypeOther",
                                                                              "visible" : true
                                                                            }
                                                                          ],
                                                                          "enabled" : true,
                                                                          "frame" : {
                                                                            "height" : "41",
                                                                            "width" : "370",
                                                                            "x" : "16",
                                                                            "y" : "168"
                                                                          },
                                                                          "type" : "XCUIElementTypeCell",
                                                                          "visible" : true
                                                                        },
                                                                        {
                                                                          "children" : [
                                                                            {
                                                                              "children" : [
                                                                                {
                                                                                  "children" : [

                                                                                  ],
                                                                                  "enabled" : true,
                                                                                  "frame" : {
                                                                                    "height" : "83",
                                                                                    "width" : "370",
                                                                                    "x" : "16",
                                                                                    "y" : "208"
                                                                                  },
                                                                                  "type" : "XCUIElementTypeOther",
                                                                                  "visible" : false
                                                                                }
                                                                              ],
                                                                              "enabled" : true,
                                                                              "frame" : {
                                                                                "height" : "83",
                                                                                "width" : "370",
                                                                                "x" : "16",
                                                                                "y" : "208"
                                                                              },
                                                                              "type" : "XCUIElementTypeOther",
                                                                              "visible" : false
                                                                            },
                                                                            {
                                                                              "children" : [
                                                                                {
                                                                                  "children" : [
                                                                                    {
                                                                                      "children" : [
                                                                                        {
                                                                                          "children" : [
                                                                                            {
                                                                                              "children" : [

                                                                                              ],
                                                                                              "enabled" : true,
                                                                                              "frame" : {
                                                                                                "height" : "17",
                                                                                                "width" : "32",
                                                                                                "x" : "38",
                                                                                                "y" : "241"
                                                                                              },
                                                                                              "label" : "road.lanes",
                                                                                              "name" : "road.lanes",
                                                                                              "type" : "XCUIElementTypeImage",
                                                                                              "visible" : true
                                                                                            },
                                                                                            {
                                                                                              "children" : [

                                                                                              ],
                                                                                              "enabled" : true,
                                                                                              "frame" : {
                                                                                                "height" : "21",
                                                                                                "width" : "155",
                                                                                                "x" : "88",
                                                                                                "y" : "228"
                                                                                              },
                                                                                              "label" : "Golden Gate Bridge",
                                                                                              "name" : "Golden Gate Bridge",
                                                                                              "type" : "XCUIElementTypeStaticText",
                                                                                              "value" : "Golden Gate Bridge",
                                                                                              "visible" : true
                                                                                            },
                                                                                            {
                                                                                              "children" : [

                                                                                              ],
                                                                                              "enabled" : true,
                                                                                              "frame" : {
                                                                                                "height" : "19",
                                                                                                "width" : "125",
                                                                                                "x" : "88",
                                                                                                "y" : "252"
                                                                                              },
                                                                                              "label" : "San Francisco, CA",
                                                                                              "name" : "San Francisco, CA",
                                                                                              "type" : "XCUIElementTypeStaticText",
                                                                                              "value" : "San Francisco, CA",
                                                                                              "visible" : true
                                                                                            },
                                                                                            {
                                                                                              "children" : [

                                                                                              ],
                                                                                              "enabled" : true,
                                                                                              "frame" : {
                                                                                                "height" : "19",
                                                                                                "width" : "20",
                                                                                                "x" : "327",
                                                                                                "y" : "240"
                                                                                              },
                                                                                              "label" : "Favorite",
                                                                                              "name" : "star.fill",
                                                                                              "type" : "XCUIElementTypeImage",
                                                                                              "visible" : true
                                                                                            },
                                                                                            {
                                                                                              "children" : [

                                                                                              ],
                                                                                              "enabled" : true,
                                                                                              "frame" : {
                                                                                                "height" : "13",
                                                                                                "width" : "8",
                                                                                                "x" : "360",
                                                                                                "y" : "243"
                                                                                              },
                                                                                              "name" : "chevron.forward",
                                                                                              "type" : "XCUIElementTypeImage",
                                                                                              "visible" : true
                                                                                            }
                                                                                          ],
                                                                                          "enabled" : true,
                                                                                          "frame" : {
                                                                                            "height" : "83",
                                                                                            "width" : "370",
                                                                                            "x" : "16",
                                                                                            "y" : "208"
                                                                                          },
                                                                                          "label" : "Golden Gate Bridge, San Francisco, CA",
                                                                                          "name" : "Golden Gate Bridge, San Francisco, CA",
                                                                                          "type" : "XCUIElementTypeButton",
                                                                                          "visible" : true
                                                                                        }
                                                                                      ],
                                                                                      "enabled" : true,
                                                                                      "frame" : {
                                                                                        "height" : "83",
                                                                                        "width" : "370",
                                                                                        "x" : "16",
                                                                                        "y" : "208"
                                                                                      },
                                                                                      "type" : "XCUIElementTypeOther",
                                                                                      "visible" : true
                                                                                    }
                                                                                  ],
                                                                                  "enabled" : true,
                                                                                  "frame" : {
                                                                                    "height" : "83",
                                                                                    "width" : "370",
                                                                                    "x" : "16",
                                                                                    "y" : "208"
                                                                                  },
                                                                                  "type" : "XCUIElementTypeOther",
                                                                                  "visible" : true
                                                                                }
                                                                              ],
                                                                              "enabled" : true,
                                                                              "frame" : {
                                                                                "height" : "83",
                                                                                "width" : "370",
                                                                                "x" : "16",
                                                                                "y" : "208"
                                                                              },
                                                                              "type" : "XCUIElementTypeOther",
                                                                              "visible" : true
                                                                            }
                                                                          ],
                                                                          "enabled" : true,
                                                                          "frame" : {
                                                                            "height" : "83",
                                                                            "width" : "370",
                                                                            "x" : "16",
                                                                            "y" : "208"
                                                                          },
                                                                          "type" : "XCUIElementTypeCell",
                                                                          "visible" : true
                                                                        },
                                                                        {
                                                                          "children" : [
                                                                            {
                                                                              "children" : [
                                                                                {
                                                                                  "children" : [

                                                                                  ],
                                                                                  "enabled" : true,
                                                                                  "frame" : {
                                                                                    "height" : "83",
                                                                                    "width" : "370",
                                                                                    "x" : "16",
                                                                                    "y" : "290"
                                                                                  },
                                                                                  "type" : "XCUIElementTypeOther",
                                                                                  "visible" : false
                                                                                }
                                                                              ],
                                                                              "enabled" : true,
                                                                              "frame" : {
                                                                                "height" : "83",
                                                                                "width" : "370",
                                                                                "x" : "16",
                                                                                "y" : "290"
                                                                              },
                                                                              "type" : "XCUIElementTypeOther",
                                                                              "visible" : false
                                                                            },
                                                                            {
                                                                              "children" : [
                                                                                {
                                                                                  "children" : [
                                                                                    {
                                                                                      "children" : [
                                                                                        {
                                                                                          "children" : [
                                                                                            {
                                                                                              "children" : [

                                                                                              ],
                                                                                              "enabled" : true,
                                                                                              "frame" : {
                                                                                                "height" : "21",
                                                                                                "width" : "40",
                                                                                                "x" : "34",
                                                                                                "y" : "321"
                                                                                              },
                                                                                              "label" : "mountain.2",
                                                                                              "name" : "mountain.2",
                                                                                              "type" : "XCUIElementTypeImage",
                                                                                              "visible" : true
                                                                                            },
                                                                                            {
                                                                                              "children" : [

                                                                                              ],
                                                                                              "enabled" : true,
                                                                                              "frame" : {
                                                                                                "height" : "21",
                                                                                                "width" : "84",
                                                                                                "x" : "88",
                                                                                                "y" : "310"
                                                                                              },
                                                                                              "label" : "Half Dome",
                                                                                              "name" : "Half Dome",
                                                                                              "type" : "XCUIElementTypeStaticText",
                                                                                              "value" : "Half Dome",
                                                                                              "visible" : true
                                                                                            },
                                                                                            {
                                                                                              "children" : [

                                                                                              ],
                                                                                              "enabled" : true,
                                                                                              "frame" : {
                                                                                                "height" : "19",
                                                                                                "width" : "91",
                                                                                                "x" : "88",
                                                                                                "y" : "334"
                                                                                              },
                                                                                              "label" : "Yosemite, CA",
                                                                                              "name" : "Yosemite, CA",
                                                                                              "type" : "XCUIElementTypeStaticText",
                                                                                              "value" : "Yosemite, CA",
                                                                                              "visible" : true
                                                                                            },
                                                                                            {
                                                                                              "children" : [

                                                                                              ],
                                                                                              "enabled" : true,
                                                                                              "frame" : {
                                                                                                "height" : "19",
                                                                                                "width" : "20",
                                                                                                "x" : "327",
                                                                                                "y" : "322"
                                                                                              },
                                                                                              "label" : "Favorite",
                                                                                              "name" : "star.fill",
                                                                                              "type" : "XCUIElementTypeImage",
                                                                                              "visible" : true
                                                                                            },
                                                                                            {
                                                                                              "children" : [

                                                                                              ],
                                                                                              "enabled" : true,
                                                                                              "frame" : {
                                                                                                "height" : "13",
                                                                                                "width" : "8",
                                                                                                "x" : "360",
                                                                                                "y" : "325"
                                                                                              },
                                                                                              "name" : "chevron.forward",
                                                                                              "type" : "XCUIElementTypeImage",
                                                                                              "visible" : true
                                                                                            }
                                                                                          ],
                                                                                          "enabled" : true,
                                                                                          "frame" : {
                                                                                            "height" : "83",
                                                                                            "width" : "370",
                                                                                            "x" : "16",
                                                                                            "y" : "290"
                                                                                          },
                                                                                          "label" : "Half Dome, Yosemite, CA",
                                                                                          "name" : "Half Dome, Yosemite, CA",
                                                                                          "type" : "XCUIElementTypeButton",
                                                                                          "visible" : true
                                                                                        }
                                                                                      ],
                                                                                      "enabled" : true,
                                                                                      "frame" : {
                                                                                        "height" : "83",
                                                                                        "width" : "370",
                                                                                        "x" : "16",
                                                                                        "y" : "290"
                                                                                      },
                                                                                      "type" : "XCUIElementTypeOther",
                                                                                      "visible" : true
                                                                                    }
                                                                                  ],
                                                                                  "enabled" : true,
                                                                                  "frame" : {
                                                                                    "height" : "83",
                                                                                    "width" : "370",
                                                                                    "x" : "16",
                                                                                    "y" : "290"
                                                                                  },
                                                                                  "type" : "XCUIElementTypeOther",
                                                                                  "visible" : true
                                                                                }
                                                                              ],
                                                                              "enabled" : true,
                                                                              "frame" : {
                                                                                "height" : "83",
                                                                                "width" : "370",
                                                                                "x" : "16",
                                                                                "y" : "290"
                                                                              },
                                                                              "type" : "XCUIElementTypeOther",
                                                                              "visible" : true
                                                                            }
                                                                          ],
                                                                          "enabled" : true,
                                                                          "frame" : {
                                                                            "height" : "83",
                                                                            "width" : "370",
                                                                            "x" : "16",
                                                                            "y" : "290"
                                                                          },
                                                                          "type" : "XCUIElementTypeCell",
                                                                          "visible" : true
                                                                        },
                                                                        {
                                                                          "children" : [

                                                                          ],
                                                                          "enabled" : true,
                                                                          "frame" : {
                                                                            "height" : "2",
                                                                            "width" : "282",
                                                                            "x" : "88",
                                                                            "y" : "289"
                                                                          },
                                                                          "type" : "XCUIElementTypeOther",
                                                                          "visible" : true
                                                                        },
                                                                        {
                                                                          "children" : [

                                                                          ],
                                                                          "enabled" : true,
                                                                          "frame" : {
                                                                            "height" : "214",
                                                                            "width" : "434",
                                                                            "x" : "-16",
                                                                            "y" : "390"
                                                                          },
                                                                          "type" : "XCUIElementTypeOther",
                                                                          "visible" : true
                                                                        },
                                                                        {
                                                                          "children" : [
                                                                            {
                                                                              "children" : [

                                                                              ],
                                                                              "enabled" : true,
                                                                              "frame" : {
                                                                                "height" : "41",
                                                                                "width" : "370",
                                                                                "x" : "16",
                                                                                "y" : "390"
                                                                              },
                                                                              "type" : "XCUIElementTypeOther",
                                                                              "visible" : false
                                                                            },
                                                                            {
                                                                              "children" : [
                                                                                {
                                                                                  "children" : [
                                                                                    {
                                                                                      "children" : [
                                                                                        {
                                                                                          "children" : [

                                                                                          ],
                                                                                          "enabled" : true,
                                                                                          "frame" : {
                                                                                            "height" : "41",
                                                                                            "width" : "370",
                                                                                            "x" : "16",
                                                                                            "y" : "390"
                                                                                          },
                                                                                          "label" : "Categories",
                                                                                          "name" : "Categories",
                                                                                          "type" : "XCUIElementTypeStaticText",
                                                                                          "value" : "Categories",
                                                                                          "visible" : true
                                                                                        }
                                                                                      ],
                                                                                      "enabled" : true,
                                                                                      "frame" : {
                                                                                        "height" : "41",
                                                                                        "width" : "370",
                                                                                        "x" : "16",
                                                                                        "y" : "390"
                                                                                      },
                                                                                      "type" : "XCUIElementTypeOther",
                                                                                      "visible" : true
                                                                                    }
                                                                                  ],
                                                                                  "enabled" : true,
                                                                                  "frame" : {
                                                                                    "height" : "41",
                                                                                    "width" : "370",
                                                                                    "x" : "16",
                                                                                    "y" : "390"
                                                                                  },
                                                                                  "type" : "XCUIElementTypeOther",
                                                                                  "visible" : true
                                                                                }
                                                                              ],
                                                                              "enabled" : true,
                                                                              "frame" : {
                                                                                "height" : "41",
                                                                                "width" : "370",
                                                                                "x" : "16",
                                                                                "y" : "390"
                                                                              },
                                                                              "type" : "XCUIElementTypeOther",
                                                                              "visible" : true
                                                                            }
                                                                          ],
                                                                          "enabled" : true,
                                                                          "frame" : {
                                                                            "height" : "41",
                                                                            "width" : "370",
                                                                            "x" : "16",
                                                                            "y" : "390"
                                                                          },
                                                                          "type" : "XCUIElementTypeCell",
                                                                          "visible" : true
                                                                        },
                                                                        {
                                                                          "children" : [
                                                                            {
                                                                              "children" : [
                                                                                {
                                                                                  "children" : [

                                                                                  ],
                                                                                  "enabled" : true,
                                                                                  "frame" : {
                                                                                    "height" : "53",
                                                                                    "width" : "370",
                                                                                    "x" : "16",
                                                                                    "y" : "430"
                                                                                  },
                                                                                  "type" : "XCUIElementTypeOther",
                                                                                  "visible" : false
                                                                                }
                                                                              ],
                                                                              "enabled" : true,
                                                                              "frame" : {
                                                                                "height" : "53",
                                                                                "width" : "370",
                                                                                "x" : "16",
                                                                                "y" : "430"
                                                                              },
                                                                              "type" : "XCUIElementTypeOther",
                                                                              "visible" : false
                                                                            },
                                                                            {
                                                                              "children" : [
                                                                                {
                                                                                  "children" : [
                                                                                    {
                                                                                      "children" : [
                                                                                        {
                                                                                          "children" : [
                                                                                            {
                                                                                              "children" : [

                                                                                              ],
                                                                                              "enabled" : true,
                                                                                              "frame" : {
                                                                                                "height" : "19",
                                                                                                "width" : "39",
                                                                                                "x" : "25",
                                                                                                "y" : "447"
                                                                                              },
                                                                                              "label" : "mountain.2",
                                                                                              "name" : "mountain.2",
                                                                                              "type" : "XCUIElementTypeImage",
                                                                                              "visible" : true
                                                                                            },
                                                                                            {
                                                                                              "children" : [

                                                                                              ],
                                                                                              "enabled" : true,
                                                                                              "frame" : {
                                                                                                "height" : "21",
                                                                                                "width" : "127",
                                                                                                "x" : "25",
                                                                                                "y" : "446"
                                                                                              },
                                                                                              "label" : "Mountains",
                                                                                              "name" : "Mountains",
                                                                                              "type" : "XCUIElementTypeStaticText",
                                                                                              "value" : "Mountains",
                                                                                              "visible" : true
                                                                                            },
                                                                                            {
                                                                                              "children" : [

                                                                                              ],
                                                                                              "enabled" : true,
                                                                                              "frame" : {
                                                                                                "height" : "13",
                                                                                                "width" : "8",
                                                                                                "x" : "360",
                                                                                                "y" : "450"
                                                                                              },
                                                                                              "name" : "chevron.forward",
                                                                                              "type" : "XCUIElementTypeImage",
                                                                                              "visible" : true
                                                                                            }
                                                                                          ],
                                                                                          "enabled" : true,
                                                                                          "frame" : {
                                                                                            "height" : "53",
                                                                                            "width" : "370",
                                                                                            "x" : "16",
                                                                                            "y" : "430"
                                                                                          },
                                                                                          "label" : "Mountains",
                                                                                          "name" : "Mountains",
                                                                                          "type" : "XCUIElementTypeButton",
                                                                                          "visible" : true
                                                                                        }
                                                                                      ],
                                                                                      "enabled" : true,
                                                                                      "frame" : {
                                                                                        "height" : "53",
                                                                                        "width" : "370",
                                                                                        "x" : "16",
                                                                                        "y" : "430"
                                                                                      },
                                                                                      "type" : "XCUIElementTypeOther",
                                                                                      "visible" : true
                                                                                    }
                                                                                  ],
                                                                                  "enabled" : true,
                                                                                  "frame" : {
                                                                                    "height" : "53",
                                                                                    "width" : "370",
                                                                                    "x" : "16",
                                                                                    "y" : "430"
                                                                                  },
                                                                                  "type" : "XCUIElementTypeOther",
                                                                                  "visible" : true
                                                                                }
                                                                              ],
                                                                              "enabled" : true,
                                                                              "frame" : {
                                                                                "height" : "53",
                                                                                "width" : "370",
                                                                                "x" : "16",
                                                                                "y" : "430"
                                                                              },
                                                                              "type" : "XCUIElementTypeOther",
                                                                              "visible" : true
                                                                            }
                                                                          ],
                                                                          "enabled" : true,
                                                                          "frame" : {
                                                                            "height" : "53",
                                                                            "width" : "370",
                                                                            "x" : "16",
                                                                            "y" : "430"
                                                                          },
                                                                          "type" : "XCUIElementTypeCell",
                                                                          "visible" : true
                                                                        },
                                                                        {
                                                                          "children" : [
                                                                            {
                                                                              "children" : [
                                                                                {
                                                                                  "children" : [

                                                                                  ],
                                                                                  "enabled" : true,
                                                                                  "frame" : {
                                                                                    "height" : "53",
                                                                                    "width" : "370",
                                                                                    "x" : "16",
                                                                                    "y" : "482"
                                                                                  },
                                                                                  "type" : "XCUIElementTypeOther",
                                                                                  "visible" : false
                                                                                }
                                                                              ],
                                                                              "enabled" : true,
                                                                              "frame" : {
                                                                                "height" : "53",
                                                                                "width" : "370",
                                                                                "x" : "16",
                                                                                "y" : "482"
                                                                              },
                                                                              "type" : "XCUIElementTypeOther",
                                                                              "visible" : false
                                                                            },
                                                                            {
                                                                              "children" : [
                                                                                {
                                                                                  "children" : [
                                                                                    {
                                                                                      "children" : [
                                                                                        {
                                                                                          "children" : [
                                                                                            {
                                                                                              "children" : [

                                                                                              ],
                                                                                              "enabled" : true,
                                                                                              "frame" : {
                                                                                                "height" : "17",
                                                                                                "width" : "23",
                                                                                                "x" : "33",
                                                                                                "y" : "500"
                                                                                              },
                                                                                              "label" : "water.waves",
                                                                                              "name" : "water.waves",
                                                                                              "type" : "XCUIElementTypeImage",
                                                                                              "visible" : true
                                                                                            },
                                                                                            {
                                                                                              "children" : [

                                                                                              ],
                                                                                              "enabled" : true,
                                                                                              "frame" : {
                                                                                                "height" : "21",
                                                                                                "width" : "84",
                                                                                                "x" : "33",
                                                                                                "y" : "498"
                                                                                              },
                                                                                              "label" : "Lakes",
                                                                                              "name" : "Lakes",
                                                                                              "type" : "XCUIElementTypeStaticText",
                                                                                              "value" : "Lakes",
                                                                                              "visible" : true
                                                                                            },
                                                                                            {
                                                                                              "children" : [

                                                                                              ],
                                                                                              "enabled" : true,
                                                                                              "frame" : {
                                                                                                "height" : "13",
                                                                                                "width" : "8",
                                                                                                "x" : "360",
                                                                                                "y" : "502"
                                                                                              },
                                                                                              "name" : "chevron.forward",
                                                                                              "type" : "XCUIElementTypeImage",
                                                                                              "visible" : true
                                                                                            }
                                                                                          ],
                                                                                          "enabled" : true,
                                                                                          "frame" : {
                                                                                            "height" : "53",
                                                                                            "width" : "370",
                                                                                            "x" : "16",
                                                                                            "y" : "482"
                                                                                          },
                                                                                          "label" : "Lakes",
                                                                                          "name" : "Lakes",
                                                                                          "type" : "XCUIElementTypeButton",
                                                                                          "visible" : true
                                                                                        }
                                                                                      ],
                                                                                      "enabled" : true,
                                                                                      "frame" : {
                                                                                        "height" : "53",
                                                                                        "width" : "370",
                                                                                        "x" : "16",
                                                                                        "y" : "482"
                                                                                      },
                                                                                      "type" : "XCUIElementTypeOther",
                                                                                      "visible" : true
                                                                                    }
                                                                                  ],
                                                                                  "enabled" : true,
                                                                                  "frame" : {
                                                                                    "height" : "53",
                                                                                    "width" : "370",
                                                                                    "x" : "16",
                                                                                    "y" : "482"
                                                                                  },
                                                                                  "type" : "XCUIElementTypeOther",
                                                                                  "visible" : true
                                                                                }
                                                                              ],
                                                                              "enabled" : true,
                                                                              "frame" : {
                                                                                "height" : "53",
                                                                                "width" : "370",
                                                                                "x" : "16",
                                                                                "y" : "482"
                                                                              },
                                                                              "type" : "XCUIElementTypeOther",
                                                                              "visible" : true
                                                                            }
                                                                          ],
                                                                          "enabled" : true,
                                                                          "frame" : {
                                                                            "height" : "53",
                                                                            "width" : "370",
                                                                            "x" : "16",
                                                                            "y" : "482"
                                                                          },
                                                                          "type" : "XCUIElementTypeCell",
                                                                          "visible" : true
                                                                        },
                                                                        {
                                                                          "children" : [

                                                                          ],
                                                                          "enabled" : true,
                                                                          "frame" : {
                                                                            "height" : "2",
                                                                            "width" : "298",
                                                                            "x" : "72",
                                                                            "y" : "481"
                                                                          },
                                                                          "type" : "XCUIElementTypeOther",
                                                                          "visible" : true
                                                                        },
                                                                        {
                                                                          "children" : [
                                                                            {
                                                                              "children" : [
                                                                                {
                                                                                  "children" : [

                                                                                  ],
                                                                                  "enabled" : true,
                                                                                  "frame" : {
                                                                                    "height" : "53",
                                                                                    "width" : "370",
                                                                                    "x" : "16",
                                                                                    "y" : "534"
                                                                                  },
                                                                                  "type" : "XCUIElementTypeOther",
                                                                                  "visible" : false
                                                                                }
                                                                              ],
                                                                              "enabled" : true,
                                                                              "frame" : {
                                                                                "height" : "53",
                                                                                "width" : "370",
                                                                                "x" : "16",
                                                                                "y" : "534"
                                                                              },
                                                                              "type" : "XCUIElementTypeOther",
                                                                              "visible" : false
                                                                            },
                                                                            {
                                                                              "children" : [
                                                                                {
                                                                                  "children" : [
                                                                                    {
                                                                                      "children" : [
                                                                                        {
                                                                                          "children" : [
                                                                                            {
                                                                                              "children" : [

                                                                                              ],
                                                                                              "enabled" : true,
                                                                                              "frame" : {
                                                                                                "height" : "17",
                                                                                                "width" : "32",
                                                                                                "x" : "28",
                                                                                                "y" : "552"
                                                                                              },
                                                                                              "label" : "road.lanes",
                                                                                              "name" : "road.lanes",
                                                                                              "type" : "XCUIElementTypeImage",
                                                                                              "visible" : true
                                                                                            },
                                                                                            {
                                                                                              "children" : [

                                                                                              ],
                                                                                              "enabled" : true,
                                                                                              "frame" : {
                                                                                                "height" : "21",
                                                                                                "width" : "103",
                                                                                                "x" : "28",
                                                                                                "y" : "550"
                                                                                              },
                                                                                              "label" : "Bridges",
                                                                                              "name" : "Bridges",
                                                                                              "type" : "XCUIElementTypeStaticText",
                                                                                              "value" : "Bridges",
                                                                                              "visible" : true
                                                                                            },
                                                                                            {
                                                                                              "children" : [

                                                                                              ],
                                                                                              "enabled" : true,
                                                                                              "frame" : {
                                                                                                "height" : "13",
                                                                                                "width" : "8",
                                                                                                "x" : "360",
                                                                                                "y" : "554"
                                                                                              },
                                                                                              "name" : "chevron.forward",
                                                                                              "type" : "XCUIElementTypeImage",
                                                                                              "visible" : true
                                                                                            }
                                                                                          ],
                                                                                          "enabled" : true,
                                                                                          "frame" : {
                                                                                            "height" : "53",
                                                                                            "width" : "370",
                                                                                            "x" : "16",
                                                                                            "y" : "534"
                                                                                          },
                                                                                          "label" : "Bridges",
                                                                                          "name" : "Bridges",
                                                                                          "type" : "XCUIElementTypeButton",
                                                                                          "visible" : true
                                                                                        }
                                                                                      ],
                                                                                      "enabled" : true,
                                                                                      "frame" : {
                                                                                        "height" : "53",
                                                                                        "width" : "370",
                                                                                        "x" : "16",
                                                                                        "y" : "534"
                                                                                      },
                                                                                      "type" : "XCUIElementTypeOther",
                                                                                      "visible" : true
                                                                                    }
                                                                                  ],
                                                                                  "enabled" : true,
                                                                                  "frame" : {
                                                                                    "height" : "53",
                                                                                    "width" : "370",
                                                                                    "x" : "16",
                                                                                    "y" : "534"
                                                                                  },
                                                                                  "type" : "XCUIElementTypeOther",
                                                                                  "visible" : true
                                                                                }
                                                                              ],
                                                                              "enabled" : true,
                                                                              "frame" : {
                                                                                "height" : "53",
                                                                                "width" : "370",
                                                                                "x" : "16",
                                                                                "y" : "534"
                                                                              },
                                                                              "type" : "XCUIElementTypeOther",
                                                                              "visible" : true
                                                                            }
                                                                          ],
                                                                          "enabled" : true,
                                                                          "frame" : {
                                                                            "height" : "53",
                                                                            "width" : "370",
                                                                            "x" : "16",
                                                                            "y" : "534"
                                                                          },
                                                                          "type" : "XCUIElementTypeCell",
                                                                          "visible" : true
                                                                        },
                                                                        {
                                                                          "children" : [

                                                                          ],
                                                                          "enabled" : true,
                                                                          "frame" : {
                                                                            "height" : "2",
                                                                            "width" : "298",
                                                                            "x" : "72",
                                                                            "y" : "533"
                                                                          },
                                                                          "type" : "XCUIElementTypeOther",
                                                                          "visible" : true
                                                                        },
                                                                        {
                                                                          "children" : [

                                                                          ],
                                                                          "enabled" : true,
                                                                          "frame" : {
                                                                            "height" : "2449",
                                                                            "width" : "434",
                                                                            "x" : "-16",
                                                                            "y" : "603"
                                                                          },
                                                                          "type" : "XCUIElementTypeOther",
                                                                          "visible" : true
                                                                        },
                                                                        {
                                                                          "children" : [
                                                                            {
                                                                              "children" : [

                                                                              ],
                                                                              "enabled" : true,
                                                                              "frame" : {
                                                                                "height" : "42",
                                                                                "width" : "370",
                                                                                "x" : "16",
                                                                                "y" : "603"
                                                                              },
                                                                              "type" : "XCUIElementTypeOther",
                                                                              "visible" : false
                                                                            },
                                                                            {
                                                                              "children" : [
                                                                                {
                                                                                  "children" : [
                                                                                    {
                                                                                      "children" : [
                                                                                        {
                                                                                          "children" : [

                                                                                          ],
                                                                                          "enabled" : true,
                                                                                          "frame" : {
                                                                                            "height" : "42",
                                                                                            "width" : "370",
                                                                                            "x" : "16",
                                                                                            "y" : "603"
                                                                                          },
                                                                                          "label" : "All Landmarks",
                                                                                          "name" : "All Landmarks",
                                                                                          "type" : "XCUIElementTypeStaticText",
                                                                                          "value" : "All Landmarks",
                                                                                          "visible" : true
                                                                                        }
                                                                                      ],
                                                                                      "enabled" : true,
                                                                                      "frame" : {
                                                                                        "height" : "42",
                                                                                        "width" : "370",
                                                                                        "x" : "16",
                                                                                        "y" : "603"
                                                                                      },
                                                                                      "type" : "XCUIElementTypeOther",
                                                                                      "visible" : true
                                                                                    }
                                                                                  ],
                                                                                  "enabled" : true,
                                                                                  "frame" : {
                                                                                    "height" : "42",
                                                                                    "width" : "370",
                                                                                    "x" : "16",
                                                                                    "y" : "603"
                                                                                  },
                                                                                  "type" : "XCUIElementTypeOther",
                                                                                  "visible" : true
                                                                                }
                                                                              ],
                                                                              "enabled" : true,
                                                                              "frame" : {
                                                                                "height" : "42",
                                                                                "width" : "370",
                                                                                "x" : "16",
                                                                                "y" : "603"
                                                                              },
                                                                              "type" : "XCUIElementTypeOther",
                                                                              "visible" : true
                                                                            }
                                                                          ],
                                                                          "enabled" : true,
                                                                          "frame" : {
                                                                            "height" : "42",
                                                                            "width" : "370",
                                                                            "x" : "16",
                                                                            "y" : "603"
                                                                          },
                                                                          "type" : "XCUIElementTypeCell",
                                                                          "visible" : true
                                                                        },
                                                                        {
                                                                          "children" : [
                                                                            {
                                                                              "children" : [
                                                                                {
                                                                                  "children" : [

                                                                                  ],
                                                                                  "enabled" : true,
                                                                                  "frame" : {
                                                                                    "height" : "82",
                                                                                    "width" : "370",
                                                                                    "x" : "16",
                                                                                    "y" : "644"
                                                                                  },
                                                                                  "type" : "XCUIElementTypeOther",
                                                                                  "visible" : false
                                                                                }
                                                                              ],
                                                                              "enabled" : true,
                                                                              "frame" : {
                                                                                "height" : "82",
                                                                                "width" : "370",
                                                                                "x" : "16",
                                                                                "y" : "644"
                                                                              },
                                                                              "type" : "XCUIElementTypeOther",
                                                                              "visible" : false
                                                                            },
                                                                            {
                                                                              "children" : [
                                                                                {
                                                                                  "children" : [
                                                                                    {
                                                                                      "children" : [
                                                                                        {
                                                                                          "children" : [
                                                                                            {
                                                                                              "children" : [

                                                                                              ],
                                                                                              "enabled" : true,
                                                                                              "frame" : {
                                                                                                "height" : "17",
                                                                                                "width" : "32",
                                                                                                "x" : "38",
                                                                                                "y" : "677"
                                                                                              },
                                                                                              "label" : "road.lanes",
                                                                                              "name" : "road.lanes",
                                                                                              "type" : "XCUIElementTypeImage",
                                                                                              "visible" : true
                                                                                            },
                                                                                            {
                                                                                              "children" : [

                                                                                              ],
                                                                                              "enabled" : true,
                                                                                              "frame" : {
                                                                                                "height" : "22",
                                                                                                "width" : "155",
                                                                                                "x" : "88",
                                                                                                "y" : "663"
                                                                                              },
                                                                                              "label" : "Golden Gate Bridge",
                                                                                              "name" : "Golden Gate Bridge",
                                                                                              "type" : "XCUIElementTypeStaticText",
                                                                                              "value" : "Golden Gate Bridge",
                                                                                              "visible" : true
                                                                                            },
                                                                                            {
                                                                                              "children" : [

                                                                                              ],
                                                                                              "enabled" : true,
                                                                                              "frame" : {
                                                                                                "height" : "19",
                                                                                                "width" : "125",
                                                                                                "x" : "88",
                                                                                                "y" : "688"
                                                                                              },
                                                                                              "label" : "San Francisco, CA",
                                                                                              "name" : "San Francisco, CA",
                                                                                              "type" : "XCUIElementTypeStaticText",
                                                                                              "value" : "San Francisco, CA",
                                                                                              "visible" : true
                                                                                            },
                                                                                            {
                                                                                              "children" : [

                                                                                              ],
                                                                                              "enabled" : true,
                                                                                              "frame" : {
                                                                                                "height" : "18",
                                                                                                "width" : "20",
                                                                                                "x" : "327",
                                                                                                "y" : "676"
                                                                                              },
                                                                                              "label" : "Favorite",
                                                                                              "name" : "star.fill",
                                                                                              "type" : "XCUIElementTypeImage",
                                                                                              "visible" : true
                                                                                            },
                                                                                            {
                                                                                              "children" : [

                                                                                              ],
                                                                                              "enabled" : true,
                                                                                              "frame" : {
                                                                                                "height" : "12",
                                                                                                "width" : "8",
                                                                                                "x" : "360",
                                                                                                "y" : "679"
                                                                                              },
                                                                                              "name" : "chevron.forward",
                                                                                              "type" : "XCUIElementTypeImage",
                                                                                              "visible" : true
                                                                                            }
                                                                                          ],
                                                                                          "enabled" : true,
                                                                                          "frame" : {
                                                                                            "height" : "82",
                                                                                            "width" : "370",
                                                                                            "x" : "16",
                                                                                            "y" : "644"
                                                                                          },
                                                                                          "label" : "Golden Gate Bridge, San Francisco, CA",
                                                                                          "name" : "Golden Gate Bridge, San Francisco, CA",
                                                                                          "type" : "XCUIElementTypeButton",
                                                                                          "visible" : true
                                                                                        }
                                                                                      ],
                                                                                      "enabled" : true,
                                                                                      "frame" : {
                                                                                        "height" : "82",
                                                                                        "width" : "370",
                                                                                        "x" : "16",
                                                                                        "y" : "644"
                                                                                      },
                                                                                      "type" : "XCUIElementTypeOther",
                                                                                      "visible" : true
                                                                                    }
                                                                                  ],
                                                                                  "enabled" : true,
                                                                                  "frame" : {
                                                                                    "height" : "82",
                                                                                    "width" : "370",
                                                                                    "x" : "16",
                                                                                    "y" : "644"
                                                                                  },
                                                                                  "type" : "XCUIElementTypeOther",
                                                                                  "visible" : true
                                                                                }
                                                                              ],
                                                                              "enabled" : true,
                                                                              "frame" : {
                                                                                "height" : "82",
                                                                                "width" : "370",
                                                                                "x" : "16",
                                                                                "y" : "644"
                                                                              },
                                                                              "type" : "XCUIElementTypeOther",
                                                                              "visible" : true
                                                                            }
                                                                          ],
                                                                          "enabled" : true,
                                                                          "frame" : {
                                                                            "height" : "82",
                                                                            "width" : "370",
                                                                            "x" : "16",
                                                                            "y" : "644"
                                                                          },
                                                                          "type" : "XCUIElementTypeCell",
                                                                          "visible" : true
                                                                        },
                                                                        {
                                                                          "children" : [
                                                                            {
                                                                              "children" : [

                                                                              ],
                                                                              "enabled" : true,
                                                                              "frame" : {
                                                                                "height" : "286",
                                                                                "width" : "642",
                                                                                "x" : "-120",
                                                                                "y" : "731"
                                                                              },
                                                                              "name" : "AdditionalDimmingOverlay",
                                                                              "type" : "XCUIElementTypeImage",
                                                                              "visible" : true
                                                                            },
                                                                            {
                                                                              "children" : [
                                                                                {
                                                                                  "children" : [

                                                                                  ],
                                                                                  "enabled" : true,
                                                                                  "frame" : {
                                                                                    "height" : "148",
                                                                                    "width" : "402",
                                                                                    "x" : "0",
                                                                                    "y" : "726"
                                                                                  },
                                                                                  "type" : "XCUIElementTypeOther",
                                                                                  "visible" : true
                                                                                }
                                                                              ],
                                                                              "enabled" : true,
                                                                              "frame" : {
                                                                                "height" : "148",
                                                                                "width" : "402",
                                                                                "x" : "0",
                                                                                "y" : "726"
                                                                              },
                                                                              "type" : "XCUIElementTypeOther",
                                                                              "visible" : true
                                                                            },
                                                                            {
                                                                              "children" : [
                                                                                {
                                                                                  "children" : [

                                                                                  ],
                                                                                  "enabled" : true,
                                                                                  "frame" : {
                                                                                    "height" : "148",
                                                                                    "width" : "402",
                                                                                    "x" : "0",
                                                                                    "y" : "726"
                                                                                  },
                                                                                  "type" : "XCUIElementTypeOther",
                                                                                  "visible" : true
                                                                                },
                                                                                {
                                                                                  "children" : [

                                                                                  ],
                                                                                  "enabled" : true,
                                                                                  "frame" : {
                                                                                    "height" : "148",
                                                                                    "width" : "402",
                                                                                    "x" : "0",
                                                                                    "y" : "726"
                                                                                  },
                                                                                  "type" : "XCUIElementTypeOther",
                                                                                  "visible" : true
                                                                                }
                                                                              ],
                                                                              "enabled" : true,
                                                                              "frame" : {
                                                                                "height" : "148",
                                                                                "width" : "402",
                                                                                "x" : "0",
                                                                                "y" : "726"
                                                                              },
                                                                              "type" : "XCUIElementTypeOther",
                                                                              "visible" : true
                                                                            }
                                                                          ],
                                                                          "enabled" : true,
                                                                          "frame" : {
                                                                            "height" : "148",
                                                                            "width" : "402",
                                                                            "x" : "0",
                                                                            "y" : "726"
                                                                          },
                                                                          "type" : "XCUIElementTypeOther",
                                                                          "visible" : true
                                                                        },
                                                                        {
                                                                          "children" : [
                                                                            {
                                                                              "children" : [
                                                                                {
                                                                                  "children" : [

                                                                                  ],
                                                                                  "enabled" : true,
                                                                                  "frame" : {
                                                                                    "height" : "82",
                                                                                    "width" : "370",
                                                                                    "x" : "16",
                                                                                    "y" : "726"
                                                                                  },
                                                                                  "type" : "XCUIElementTypeOther",
                                                                                  "visible" : false
                                                                                }
                                                                              ],
                                                                              "enabled" : true,
                                                                              "frame" : {
                                                                                "height" : "82",
                                                                                "width" : "370",
                                                                                "x" : "16",
                                                                                "y" : "726"
                                                                              },
                                                                              "type" : "XCUIElementTypeOther",
                                                                              "visible" : false
                                                                            },
                                                                            {
                                                                              "children" : [
                                                                                {
                                                                                  "children" : [
                                                                                    {
                                                                                      "children" : [
                                                                                        {
                                                                                          "children" : [
                                                                                            {
                                                                                              "children" : [

                                                                                              ],
                                                                                              "enabled" : true,
                                                                                              "frame" : {
                                                                                                "height" : "18",
                                                                                                "width" : "24",
                                                                                                "x" : "42",
                                                                                                "y" : "758"
                                                                                              },
                                                                                              "label" : "water.waves",
                                                                                              "name" : "water.waves",
                                                                                              "type" : "XCUIElementTypeImage",
                                                                                              "visible" : true
                                                                                            },
                                                                                            {
                                                                                              "children" : [

                                                                                              ],
                                                                                              "enabled" : true,
                                                                                              "frame" : {
                                                                                                "height" : "22",
                                                                                                "width" : "90",
                                                                                                "x" : "88",
                                                                                                "y" : "745"
                                                                                              },
                                                                                              "label" : "Lake Tahoe",
                                                                                              "name" : "Lake Tahoe",
                                                                                              "type" : "XCUIElementTypeStaticText",
                                                                                              "value" : "Lake Tahoe",
                                                                                              "visible" : true
                                                                                            },
                                                                                            {
                                                                                              "children" : [

                                                                                              ],
                                                                                              "enabled" : true,
                                                                                              "frame" : {
                                                                                                "height" : "19",
                                                                                                "width" : "125",
                                                                                                "x" : "88",
                                                                                                "y" : "770"
                                                                                              },
                                                                                              "label" : "Sierra Nevada, CA",
                                                                                              "name" : "Sierra Nevada, CA",
                                                                                              "type" : "XCUIElementTypeStaticText",
                                                                                              "value" : "Sierra Nevada, CA",
                                                                                              "visible" : true
                                                                                            },
                                                                                            {
                                                                                              "children" : [

                                                                                              ],
                                                                                              "enabled" : true,
                                                                                              "frame" : {
                                                                                                "height" : "12",
                                                                                                "width" : "8",
                                                                                                "x" : "360",
                                                                                                "y" : "761"
                                                                                              },
                                                                                              "name" : "chevron.forward",
                                                                                              "type" : "XCUIElementTypeImage",
                                                                                              "visible" : true
                                                                                            }
                                                                                          ],
                                                                                          "enabled" : true,
                                                                                          "frame" : {
                                                                                            "height" : "82",
                                                                                            "width" : "370",
                                                                                            "x" : "16",
                                                                                            "y" : "726"
                                                                                          },
                                                                                          "label" : "Lake Tahoe, Sierra Nevada, CA",
                                                                                          "name" : "Lake Tahoe, Sierra Nevada, CA",
                                                                                          "type" : "XCUIElementTypeButton",
                                                                                          "visible" : true
                                                                                        }
                                                                                      ],
                                                                                      "enabled" : true,
                                                                                      "frame" : {
                                                                                        "height" : "82",
                                                                                        "width" : "370",
                                                                                        "x" : "16",
                                                                                        "y" : "726"
                                                                                      },
                                                                                      "type" : "XCUIElementTypeOther",
                                                                                      "visible" : true
                                                                                    }
                                                                                  ],
                                                                                  "enabled" : true,
                                                                                  "frame" : {
                                                                                    "height" : "82",
                                                                                    "width" : "370",
                                                                                    "x" : "16",
                                                                                    "y" : "726"
                                                                                  },
                                                                                  "type" : "XCUIElementTypeOther",
                                                                                  "visible" : true
                                                                                }
                                                                              ],
                                                                              "enabled" : true,
                                                                              "frame" : {
                                                                                "height" : "82",
                                                                                "width" : "370",
                                                                                "x" : "16",
                                                                                "y" : "726"
                                                                              },
                                                                              "type" : "XCUIElementTypeOther",
                                                                              "visible" : true
                                                                            }
                                                                          ],
                                                                          "enabled" : true,
                                                                          "frame" : {
                                                                            "height" : "82",
                                                                            "width" : "370",
                                                                            "x" : "16",
                                                                            "y" : "726"
                                                                          },
                                                                          "type" : "XCUIElementTypeCell",
                                                                          "visible" : true
                                                                        },
                                                                        {
                                                                          "children" : [

                                                                          ],
                                                                          "enabled" : true,
                                                                          "frame" : {
                                                                            "height" : "1",
                                                                            "width" : "282",
                                                                            "x" : "88",
                                                                            "y" : "725"
                                                                          },
                                                                          "type" : "XCUIElementTypeOther",
                                                                          "visible" : true
                                                                        },
                                                                        {
                                                                          "children" : [
                                                                            {
                                                                              "children" : [
                                                                                {
                                                                                  "children" : [

                                                                                  ],
                                                                                  "enabled" : true,
                                                                                  "frame" : {
                                                                                    "height" : "82",
                                                                                    "width" : "370",
                                                                                    "x" : "16",
                                                                                    "y" : "808"
                                                                                  },
                                                                                  "type" : "XCUIElementTypeOther",
                                                                                  "visible" : false
                                                                                }
                                                                              ],
                                                                              "enabled" : true,
                                                                              "frame" : {
                                                                                "height" : "82",
                                                                                "width" : "370",
                                                                                "x" : "16",
                                                                                "y" : "808"
                                                                              },
                                                                              "type" : "XCUIElementTypeOther",
                                                                              "visible" : false
                                                                            },
                                                                            {
                                                                              "children" : [
                                                                                {
                                                                                  "children" : [
                                                                                    {
                                                                                      "children" : [
                                                                                        {
                                                                                          "children" : [
                                                                                            {
                                                                                              "children" : [

                                                                                              ],
                                                                                              "enabled" : true,
                                                                                              "frame" : {
                                                                                                "height" : "21",
                                                                                                "width" : "40",
                                                                                                "x" : "34",
                                                                                                "y" : "839"
                                                                                              },
                                                                                              "label" : "mountain.2",
                                                                                              "name" : "mountain.2",
                                                                                              "type" : "XCUIElementTypeImage",
                                                                                              "visible" : false
                                                                                            },
                                                                                            {
                                                                                              "children" : [

                                                                                              ],
                                                                                              "enabled" : true,
                                                                                              "frame" : {
                                                                                                "height" : "22",
                                                                                                "width" : "84",
                                                                                                "x" : "88",
                                                                                                "y" : "827"
                                                                                              },
                                                                                              "label" : "Half Dome",
                                                                                              "name" : "Half Dome",
                                                                                              "type" : "XCUIElementTypeStaticText",
                                                                                              "value" : "Half Dome",
                                                                                              "visible" : false
                                                                                            },
                                                                                            {
                                                                                              "children" : [

                                                                                              ],
                                                                                              "enabled" : true,
                                                                                              "frame" : {
                                                                                                "height" : "19",
                                                                                                "width" : "91",
                                                                                                "x" : "88",
                                                                                                "y" : "852"
                                                                                              },
                                                                                              "label" : "Yosemite, CA",
                                                                                              "name" : "Yosemite, CA",
                                                                                              "type" : "XCUIElementTypeStaticText",
                                                                                              "value" : "Yosemite, CA",
                                                                                              "visible" : false
                                                                                            },
                                                                                            {
                                                                                              "children" : [

                                                                                              ],
                                                                                              "enabled" : true,
                                                                                              "frame" : {
                                                                                                "height" : "18",
                                                                                                "width" : "20",
                                                                                                "x" : "327",
                                                                                                "y" : "840"
                                                                                              },
                                                                                              "label" : "Favorite",
                                                                                              "name" : "star.fill",
                                                                                              "type" : "XCUIElementTypeImage",
                                                                                              "visible" : false
                                                                                            },
                                                                                            {
                                                                                              "children" : [

                                                                                              ],
                                                                                              "enabled" : true,
                                                                                              "frame" : {
                                                                                                "height" : "12",
                                                                                                "width" : "8",
                                                                                                "x" : "360",
                                                                                                "y" : "843"
                                                                                              },
                                                                                              "name" : "chevron.forward",
                                                                                              "type" : "XCUIElementTypeImage",
                                                                                              "visible" : false
                                                                                            }
                                                                                          ],
                                                                                          "enabled" : true,
                                                                                          "frame" : {
                                                                                            "height" : "82",
                                                                                            "width" : "370",
                                                                                            "x" : "16",
                                                                                            "y" : "808"
                                                                                          },
                                                                                          "label" : "Half Dome, Yosemite, CA",
                                                                                          "name" : "Half Dome, Yosemite, CA",
                                                                                          "type" : "XCUIElementTypeButton",
                                                                                          "visible" : false
                                                                                        }
                                                                                      ],
                                                                                      "enabled" : true,
                                                                                      "frame" : {
                                                                                        "height" : "82",
                                                                                        "width" : "370",
                                                                                        "x" : "16",
                                                                                        "y" : "808"
                                                                                      },
                                                                                      "type" : "XCUIElementTypeOther",
                                                                                      "visible" : false
                                                                                    }
                                                                                  ],
                                                                                  "enabled" : true,
                                                                                  "frame" : {
                                                                                    "height" : "82",
                                                                                    "width" : "370",
                                                                                    "x" : "16",
                                                                                    "y" : "808"
                                                                                  },
                                                                                  "type" : "XCUIElementTypeOther",
                                                                                  "visible" : false
                                                                                }
                                                                              ],
                                                                              "enabled" : true,
                                                                              "frame" : {
                                                                                "height" : "82",
                                                                                "width" : "370",
                                                                                "x" : "16",
                                                                                "y" : "808"
                                                                              },
                                                                              "type" : "XCUIElementTypeOther",
                                                                              "visible" : false
                                                                            }
                                                                          ],
                                                                          "enabled" : true,
                                                                          "frame" : {
                                                                            "height" : "82",
                                                                            "width" : "370",
                                                                            "x" : "16",
                                                                            "y" : "808"
                                                                          },
                                                                          "type" : "XCUIElementTypeCell",
                                                                          "visible" : false
                                                                        },
                                                                        {
                                                                          "children" : [

                                                                          ],
                                                                          "enabled" : true,
                                                                          "frame" : {
                                                                            "height" : "1",
                                                                            "width" : "282",
                                                                            "x" : "88",
                                                                            "y" : "807"
                                                                          },
                                                                          "type" : "XCUIElementTypeOther",
                                                                          "visible" : false
                                                                        },
                                                                        {
                                                                          "children" : [
                                                                            {
                                                                              "children" : [

                                                                              ],
                                                                              "enabled" : true,
                                                                              "frame" : {
                                                                                "height" : "7",
                                                                                "width" : "3",
                                                                                "x" : "396",
                                                                                "y" : "781"
                                                                              },
                                                                              "type" : "XCUIElementTypeOther",
                                                                              "visible" : true
                                                                            }
                                                                          ],
                                                                          "enabled" : true,
                                                                          "frame" : {
                                                                            "height" : "675",
                                                                            "width" : "30",
                                                                            "x" : "369",
                                                                            "y" : "116"
                                                                          },
                                                                          "label" : "Vertical scroll bar, 2 pages",
                                                                          "name" : "Vertical scroll bar, 2 pages",
                                                                          "type" : "XCUIElementTypeOther",
                                                                          "value" : "0%",
                                                                          "visible" : true
                                                                        },
                                                                        {
                                                                          "children" : [
                                                                            {
                                                                              "children" : [

                                                                              ],
                                                                              "enabled" : true,
                                                                              "frame" : {
                                                                                "height" : "7",
                                                                                "width" : "3",
                                                                                "x" : "396",
                                                                                "y" : "781"
                                                                              },
                                                                              "type" : "XCUIElementTypeOther",
                                                                              "visible" : true
                                                                            }
                                                                          ],
                                                                          "enabled" : true,
                                                                          "frame" : {
                                                                            "height" : "675",
                                                                            "width" : "30",
                                                                            "x" : "369",
                                                                            "y" : "116"
                                                                          },
                                                                          "label" : "Vertical scroll bar, 2 pages",
                                                                          "name" : "Vertical scroll bar, 2 pages",
                                                                          "type" : "XCUIElementTypeOther",
                                                                          "value" : "0%",
                                                                          "visible" : true
                                                                        }
                                                                      ],
                                                                      "enabled" : true,
                                                                      "frame" : {
                                                                        "height" : "874",
                                                                        "width" : "402",
                                                                        "x" : "0",
                                                                        "y" : "0"
                                                                      },
                                                                      "type" : "XCUIElementTypeCollectionView",
                                                                      "visible" : true
                                                                    }
                                                                  ],
                                                                  "enabled" : true,
                                                                  "frame" : {
                                                                    "height" : "874",
                                                                    "width" : "402",
                                                                    "x" : "0",
                                                                    "y" : "0"
                                                                  },
                                                                  "type" : "XCUIElementTypeOther",
                                                                  "visible" : true
                                                                }
                                                              ],
                                                              "enabled" : true,
                                                              "frame" : {
                                                                "height" : "874",
                                                                "width" : "402",
                                                                "x" : "0",
                                                                "y" : "0"
                                                              },
                                                              "type" : "XCUIElementTypeOther",
                                                              "visible" : true
                                                            }
                                                          ],
                                                          "enabled" : true,
                                                          "frame" : {
                                                            "height" : "874",
                                                            "width" : "402",
                                                            "x" : "0",
                                                            "y" : "0"
                                                          },
                                                          "type" : "XCUIElementTypeOther",
                                                          "visible" : true
                                                        }
                                                      ],
                                                      "enabled" : true,
                                                      "frame" : {
                                                        "height" : "874",
                                                        "width" : "402",
                                                        "x" : "0",
                                                        "y" : "0"
                                                      },
                                                      "type" : "XCUIElementTypeOther",
                                                      "visible" : true
                                                    },
                                                    {
                                                      "children" : [
                                                        {
                                                          "children" : [

                                                          ],
                                                          "enabled" : true,
                                                          "frame" : {
                                                            "height" : "874",
                                                            "width" : "402",
                                                            "x" : "0",
                                                            "y" : "0"
                                                          },
                                                          "type" : "XCUIElementTypeOther",
                                                          "visible" : false
                                                        }
                                                      ],
                                                      "enabled" : true,
                                                      "frame" : {
                                                        "height" : "874",
                                                        "width" : "402",
                                                        "x" : "0",
                                                        "y" : "0"
                                                      },
                                                      "type" : "XCUIElementTypeOther",
                                                      "visible" : false
                                                    }
                                                  ],
                                                  "enabled" : true,
                                                  "frame" : {
                                                    "height" : "874",
                                                    "width" : "402",
                                                    "x" : "0",
                                                    "y" : "0"
                                                  },
                                                  "type" : "XCUIElementTypeOther",
                                                  "visible" : true
                                                }
                                              ],
                                              "enabled" : true,
                                              "frame" : {
                                                "height" : "874",
                                                "width" : "402",
                                                "x" : "0",
                                                "y" : "0"
                                              },
                                              "type" : "XCUIElementTypeOther",
                                              "visible" : true
                                            }
                                          ],
                                          "enabled" : true,
                                          "frame" : {
                                            "height" : "874",
                                            "width" : "402",
                                            "x" : "0",
                                            "y" : "0"
                                          },
                                          "type" : "XCUIElementTypeOther",
                                          "visible" : true
                                        }
                                      ],
                                      "enabled" : true,
                                      "frame" : {
                                        "height" : "874",
                                        "width" : "402",
                                        "x" : "0",
                                        "y" : "0"
                                      },
                                      "type" : "XCUIElementTypeOther",
                                      "visible" : true
                                    }
                                  ],
                                  "enabled" : true,
                                  "frame" : {
                                    "height" : "874",
                                    "width" : "402",
                                    "x" : "0",
                                    "y" : "0"
                                  },
                                  "type" : "XCUIElementTypeOther",
                                  "visible" : true
                                }
                              ],
                              "enabled" : true,
                              "frame" : {
                                "height" : "874",
                                "width" : "402",
                                "x" : "0",
                                "y" : "0"
                              },
                              "type" : "XCUIElementTypeOther",
                              "visible" : true
                            },
                            {
                              "children" : [
                                {
                                  "children" : [
                                    {
                                      "children" : [
                                        {
                                          "children" : [
                                            {
                                              "children" : [

                                              ],
                                              "enabled" : true,
                                              "frame" : {
                                                "height" : "54",
                                                "width" : "95",
                                                "x" : "63",
                                                "y" : "791"
                                              },
                                              "type" : "XCUIElementTypeOther",
                                              "visible" : true
                                            },
                                            {
                                              "children" : [
                                                {
                                                  "children" : [
                                                    {
                                                      "children" : [

                                                      ],
                                                      "enabled" : true,
                                                      "frame" : {
                                                        "height" : "27",
                                                        "width" : "30",
                                                        "x" : "99",
                                                        "y" : "801"
                                                      },
                                                      "label" : "show map",
                                                      "name" : "map.fill",
                                                      "type" : "XCUIElementTypeImage",
                                                      "visible" : true
                                                    }
                                                  ],
                                                  "enabled" : true,
                                                  "frame" : {
                                                    "height" : "54",
                                                    "width" : "95",
                                                    "x" : "67",
                                                    "y" : "795"
                                                  },
                                                  "label" : "Landmarks",
                                                  "name" : "map",
                                                  "type" : "XCUIElementTypeButton",
                                                  "value" : "1",
                                                  "visible" : true
                                                },
                                                {
                                                  "children" : [
                                                    {
                                                      "children" : [

                                                      ],
                                                      "enabled" : true,
                                                      "frame" : {
                                                        "height" : "26",
                                                        "width" : "30",
                                                        "x" : "186",
                                                        "y" : "802"
                                                      },
                                                      "label" : "love",
                                                      "name" : "heart.fill",
                                                      "type" : "XCUIElementTypeImage",
                                                      "visible" : true
                                                    }
                                                  ],
                                                  "enabled" : true,
                                                  "frame" : {
                                                    "height" : "54",
                                                    "width" : "96",
                                                    "x" : "153",
                                                    "y" : "795"
                                                  },
                                                  "label" : "Favorites",
                                                  "name" : "heart",
                                                  "type" : "XCUIElementTypeButton",
                                                  "visible" : true
                                                },
                                                {
                                                  "children" : [
                                                    {
                                                      "children" : [

                                                      ],
                                                      "enabled" : true,
                                                      "frame" : {
                                                        "height" : "30",
                                                        "width" : "30",
                                                        "x" : "272",
                                                        "y" : "800"
                                                      },
                                                      "label" : "link",
                                                      "name" : "link",
                                                      "type" : "XCUIElementTypeImage",
                                                      "visible" : true
                                                    }
                                                  ],
                                                  "enabled" : true,
                                                  "frame" : {
                                                    "height" : "54",
                                                    "width" : "95",
                                                    "x" : "240",
                                                    "y" : "795"
                                                  },
                                                  "label" : "Deep Links",
                                                  "name" : "link",
                                                  "type" : "XCUIElementTypeButton",
                                                  "visible" : true
                                                }
                                              ],
                                              "enabled" : true,
                                              "frame" : {
                                                "height" : "62",
                                                "width" : "276",
                                                "x" : "63",
                                                "y" : "791"
                                              },
                                              "type" : "XCUIElementTypeOther",
                                              "visible" : true
                                            },
                                            {
                                              "children" : [
                                                {
                                                  "children" : [
                                                    {
                                                      "children" : [
                                                        {
                                                          "children" : [

                                                          ],
                                                          "enabled" : true,
                                                          "frame" : {
                                                            "height" : "54",
                                                            "width" : "95",
                                                            "x" : "67",
                                                            "y" : "795"
                                                          },
                                                          "type" : "XCUIElementTypeOther",
                                                          "visible" : true
                                                        }
                                                      ],
                                                      "enabled" : true,
                                                      "frame" : {
                                                        "height" : "54",
                                                        "width" : "95",
                                                        "x" : "67",
                                                        "y" : "795"
                                                      },
                                                      "type" : "XCUIElementTypeOther",
                                                      "visible" : true
                                                    },
                                                    {
                                                      "children" : [
                                                        {
                                                          "children" : [
                                                            {
                                                              "children" : [
                                                                {
                                                                  "children" : [

                                                                  ],
                                                                  "enabled" : true,
                                                                  "frame" : {
                                                                    "height" : "54",
                                                                    "width" : "95",
                                                                    "x" : "67",
                                                                    "y" : "795"
                                                                  },
                                                                  "type" : "XCUIElementTypeOther",
                                                                  "visible" : true
                                                                }
                                                              ],
                                                              "enabled" : true,
                                                              "frame" : {
                                                                "height" : "54",
                                                                "width" : "95",
                                                                "x" : "67",
                                                                "y" : "795"
                                                              },
                                                              "type" : "XCUIElementTypeOther",
                                                              "visible" : true
                                                            },
                                                            {
                                                              "children" : [

                                                              ],
                                                              "enabled" : true,
                                                              "frame" : {
                                                                "height" : "54",
                                                                "width" : "95",
                                                                "x" : "67",
                                                                "y" : "795"
                                                              },
                                                              "type" : "XCUIElementTypeOther",
                                                              "visible" : true
                                                            }
                                                          ],
                                                          "enabled" : true,
                                                          "frame" : {
                                                            "height" : "54",
                                                            "width" : "95",
                                                            "x" : "67",
                                                            "y" : "795"
                                                          },
                                                          "type" : "XCUIElementTypeOther",
                                                          "visible" : true
                                                        },
                                                        {
                                                          "children" : [

                                                          ],
                                                          "enabled" : true,
                                                          "frame" : {
                                                            "height" : "54",
                                                            "width" : "95",
                                                            "x" : "67",
                                                            "y" : "795"
                                                          },
                                                          "type" : "XCUIElementTypeOther",
                                                          "visible" : true
                                                        }
                                                      ],
                                                      "enabled" : true,
                                                      "frame" : {
                                                        "height" : "54",
                                                        "width" : "95",
                                                        "x" : "67",
                                                        "y" : "795"
                                                      },
                                                      "type" : "XCUIElementTypeOther",
                                                      "visible" : true
                                                    }
                                                  ],
                                                  "enabled" : true,
                                                  "frame" : {
                                                    "height" : "54",
                                                    "width" : "95",
                                                    "x" : "67",
                                                    "y" : "795"
                                                  },
                                                  "type" : "XCUIElementTypeOther",
                                                  "visible" : true
                                                }
                                              ],
                                              "enabled" : true,
                                              "frame" : {
                                                "height" : "54",
                                                "width" : "95",
                                                "x" : "67",
                                                "y" : "795"
                                              },
                                              "type" : "XCUIElementTypeOther",
                                              "visible" : true
                                            }
                                          ],
                                          "enabled" : true,
                                          "frame" : {
                                            "height" : "62",
                                            "width" : "276",
                                            "x" : "63",
                                            "y" : "791"
                                          },
                                          "type" : "XCUIElementTypeOther",
                                          "visible" : true
                                        }
                                      ],
                                      "enabled" : true,
                                      "frame" : {
                                        "height" : "83",
                                        "width" : "402",
                                        "x" : "0",
                                        "y" : "791"
                                      },
                                      "label" : "Tab Bar",
                                      "name" : "Tab Bar",
                                      "type" : "XCUIElementTypeTabBar",
                                      "visible" : true
                                    }
                                  ],
                                  "enabled" : true,
                                  "frame" : {
                                    "height" : "874",
                                    "width" : "402",
                                    "x" : "0",
                                    "y" : "0"
                                  },
                                  "type" : "XCUIElementTypeOther",
                                  "visible" : true
                                },
                                {
                                  "children" : [
                                    {
                                      "children" : [
                                        {
                                          "children" : [
                                            {
                                              "children" : [
                                                {
                                                  "children" : [
                                                    {
                                                      "children" : [

                                                      ],
                                                      "enabled" : true,
                                                      "frame" : {
                                                        "height" : "83",
                                                        "width" : "402",
                                                        "x" : "0",
                                                        "y" : "791"
                                                      },
                                                      "type" : "XCUIElementTypeOther",
                                                      "visible" : true
                                                    }
                                                  ],
                                                  "enabled" : true,
                                                  "frame" : {
                                                    "height" : "83",
                                                    "width" : "402",
                                                    "x" : "0",
                                                    "y" : "791"
                                                  },
                                                  "type" : "XCUIElementTypeOther",
                                                  "visible" : true
                                                }
                                              ],
                                              "enabled" : true,
                                              "frame" : {
                                                "height" : "83",
                                                "width" : "402",
                                                "x" : "0",
                                                "y" : "791"
                                              },
                                              "type" : "XCUIElementTypeOther",
                                              "visible" : true
                                            },
                                            {
                                              "children" : [
                                                {
                                                  "children" : [

                                                  ],
                                                  "enabled" : true,
                                                  "frame" : {
                                                    "height" : "83",
                                                    "width" : "402",
                                                    "x" : "0",
                                                    "y" : "791"
                                                  },
                                                  "type" : "XCUIElementTypeOther",
                                                  "visible" : true
                                                }
                                              ],
                                              "enabled" : true,
                                              "frame" : {
                                                "height" : "83",
                                                "width" : "402",
                                                "x" : "0",
                                                "y" : "791"
                                              },
                                              "type" : "XCUIElementTypeOther",
                                              "visible" : true
                                            }
                                          ],
                                          "enabled" : true,
                                          "frame" : {
                                            "height" : "83",
                                            "width" : "402",
                                            "x" : "0",
                                            "y" : "791"
                                          },
                                          "type" : "XCUIElementTypeOther",
                                          "visible" : true
                                        }
                                      ],
                                      "enabled" : true,
                                      "frame" : {
                                        "height" : "83",
                                        "width" : "402",
                                        "x" : "0",
                                        "y" : "791"
                                      },
                                      "type" : "XCUIElementTypeOther",
                                      "visible" : true
                                    }
                                  ],
                                  "enabled" : true,
                                  "frame" : {
                                    "height" : "83",
                                    "width" : "402",
                                    "x" : "0",
                                    "y" : "791"
                                  },
                                  "type" : "XCUIElementTypeOther",
                                  "visible" : true
                                }
                              ],
                              "enabled" : true,
                              "frame" : {
                                "height" : "83",
                                "width" : "402",
                                "x" : "0",
                                "y" : "791"
                              },
                              "type" : "XCUIElementTypeOther",
                              "visible" : true
                            }
                          ],
                          "enabled" : true,
                          "frame" : {
                            "height" : "874",
                            "width" : "402",
                            "x" : "0",
                            "y" : "0"
                          },
                          "type" : "XCUIElementTypeOther",
                          "visible" : true
                        }
                      ],
                      "enabled" : true,
                      "frame" : {
                        "height" : "874",
                        "width" : "402",
                        "x" : "0",
                        "y" : "0"
                      },
                      "type" : "XCUIElementTypeOther",
                      "visible" : true
                    }
                  ],
                  "enabled" : true,
                  "frame" : {
                    "height" : "874",
                    "width" : "402",
                    "x" : "0",
                    "y" : "0"
                  },
                  "type" : "XCUIElementTypeOther",
                  "visible" : true
                }
              ],
              "enabled" : true,
              "frame" : {
                "height" : "874",
                "width" : "402",
                "x" : "0",
                "y" : "0"
              },
              "type" : "XCUIElementTypeOther",
              "visible" : true
            }
          ],
          "enabled" : true,
          "frame" : {
            "height" : "874",
            "width" : "402",
            "x" : "0",
            "y" : "0"
          },
          "type" : "XCUIElementTypeOther",
          "visible" : true
        }
      ],
      "enabled" : true,
      "frame" : {
        "height" : "874",
        "width" : "402",
        "x" : "0",
        "y" : "0"
      },
      "type" : "XCUIElementTypeWindow",
      "visible" : true
    }
  ],
  "enabled" : true,
  "frame" : {
    "height" : "874",
    "width" : "402",
    "x" : "0",
    "y" : "0"
  },
  "label" : "Landmarks",
  "name" : "Landmarks",
  "type" : "XCUIElementTypeApplication",
  "visible" : true
}
