14:05:10.888367 POST /session [9.859958ms] OK body={"capabilities":{"platformName":"Android","deviceName":"sdk_gphone64_arm64"}}
14:05:10.893012 POST /session/494ca10a-da1f-49fd-b84e-cf3aba07a2ce/appium/settings [4.510666ms] OK body={"settings":{"enableMultiWindows":true,"waitForIdleTimeout":200}}
14:05:10.896785 POST /session/494ca10a-da1f-49fd-b84e-cf3aba07a2ce/appium/settings [3.712708ms] OK body={"settings":{"implicitWait":100}}
14:05:10.962685 GET /session/494ca10a-da1f-49fd-b84e-cf3aba07a2ce/appium/device/info [27.324667ms] OK body=
14:05:10.972127 POST /session/494ca10a-da1f-49fd-b84e-cf3aba07a2ce/appium/settings [6.548958ms] OK body={"settings":{"waitForIdleTimeout":200}}
14:05:12.071953 POST /session/494ca10a-da1f-49fd-b84e-cf3aba07a2ce/appium/device/launch_app [14.298333ms] OK body={"appId":"com.kylebrowning.landmarks"}
14:05:13.971793 POST /session/494ca10a-da1f-49fd-b84e-cf3aba07a2ce/element [897.722417ms] ERR:404 body={"strategy":"-android uiautomator","selector":"new UiSelector().textContains(\"Golden Gate Bridge\")...
14:05:14.501927 POST /session/494ca10a-da1f-49fd-b84e-cf3aba07a2ce/element [529.954833ms] ERR:404 body={"strategy":"-android uiautomator","selector":"new UiSelector().descriptionContains(\"Golden Gate Br...
14:05:14.509700 POST /session/494ca10a-da1f-49fd-b84e-cf3aba07a2ce/element [7.685833ms] OK body={"strategy":"-android uiautomator","selector":"new UiSelector().textContains(\"Golden Gate Bridge\")...
14:05:14.572916 GET /session/494ca10a-da1f-49fd-b84e-cf3aba07a2ce/source [62.964834ms] OK body=
14:05:14.647655 POST /session/494ca10a-da1f-49fd-b84e-cf3aba07a2ce/appium/gestures/click [73.514333ms] OK body={"offset":{"x":540,"y":519}}
14:05:15.249959 POST /session/494ca10a-da1f-49fd-b84e-cf3aba07a2ce/element [574.745375ms] OK body={"strategy":"-android uiautomator","selector":"new UiSelector().textContains(\"San Francisco, CA\")"...
14:05:15.270199 POST /session/494ca10a-da1f-49fd-b84e-cf3aba07a2ce/element [19.608375ms] ERR:404 body={"strategy":"-android uiautomator","selector":"new UiSelector().textContains(\"Definitely Not Here\"...
14:05:15.287914 POST /session/494ca10a-da1f-49fd-b84e-cf3aba07a2ce/element [17.626167ms] ERR:404 body={"strategy":"-android uiautomator","selector":"new UiSelector().descriptionContains(\"Definitely Not...
14:05:15.306912 POST /session/494ca10a-da1f-49fd-b84e-cf3aba07a2ce/element [18.922542ms] ERR:404 body={"strategy":"-android uiautomator","selector":"new UiSelector().textMatches(\"(?is).*\\QDefinitely N...
14:05:15.323203 POST /session/494ca10a-da1f-49fd-b84e-cf3aba07a2ce/element [16.223208ms] ERR:404 body={"strategy":"-android uiautomator","selector":"new UiSelector().descriptionMatches(\"(?is).*\\QDefin...
14:05:15.338842 POST /session/494ca10a-da1f-49fd-b84e-cf3aba07a2ce/element [15.56775ms] ERR:404 body={"strategy":"-android uiautomator","selector":"new UiSelector().textContains(\"Definitely Not Here\"...
14:05:15.355334 POST /session/494ca10a-da1f-49fd-b84e-cf3aba07a2ce/element [16.43675ms] ERR:404 body={"strategy":"-android uiautomator","selector":"new UiSelector().descriptionContains(\"Definitely Not...
14:05:15.370736 POST /session/494ca10a-da1f-49fd-b84e-cf3aba07a2ce/element [15.33925ms] ERR:404 body={"strategy":"-android uiautomator","selector":"new UiSelector().textMatches(\"(?is).*\\QDefinitely N...
14:05:15.389671 POST /session/494ca10a-da1f-49fd-b84e-cf3aba07a2ce/element [18.8485ms] ERR:404 body={"strategy":"-android uiautomator","selector":"new UiSelector().descriptionMatches(\"(?is).*\\QDefin...
14:05:15.410872 POST /session/494ca10a-da1f-49fd-b84e-cf3aba07a2ce/element [21.139958ms] ERR:404 body={"strategy":"-android uiautomator","selector":"new UiSelector().textContains(\"Definitely Not Here\"...
14:05:15.431094 POST /session/494ca10a-da1f-49fd-b84e-cf3aba07a2ce/element [20.139875ms] ERR:404 body={"strategy":"-android uiautomator","selector":"new UiSelector().descriptionContains(\"Definitely Not...
14:05:15.449910 POST /session/494ca10a-da1f-49fd-b84e-cf3aba07a2ce/element [18.750416ms] ERR:404 body={"strategy":"-android uiautomator","selector":"new UiSelector().textMatches(\"(?is).*\\QDefinitely N...
14:05:15.464144 POST /session/494ca10a-da1f-49fd-b84e-cf3aba07a2ce/element [14.151875ms] ERR:404 body={"strategy":"-android uiautomator","selector":"new UiSelector().descriptionMatches(\"(?is).*\\QDefin...
14:05:15.478786 POST /session/494ca10a-da1f-49fd-b84e-cf3aba07a2ce/element [14.573042ms] ERR:404 body={"strategy":"-android uiautomator","selector":"new UiSelector().textContains(\"Definitely Not Here\"...
14:05:15.493800 POST /session/494ca10a-da1f-49fd-b84e-cf3aba07a2ce/element [14.962167ms] ERR:404 body={"strategy":"-android uiautomator","selector":"new UiSelector().descriptionContains(\"Definitely Not...
14:05:15.507694 POST /session/494ca10a-da1f-49fd-b84e-cf3aba07a2ce/element [13.844334ms] ERR:404 body={"strategy":"-android uiautomator","selector":"new UiSelector().textMatches(\"(?is).*\\QDefinitely N...
14:05:15.520652 POST /session/494ca10a-da1f-49fd-b84e-cf3aba07a2ce/element [12.87425ms] ERR:404 body={"strategy":"-android uiautomator","selector":"new UiSelector().descriptionMatches(\"(?is).*\\QDefin...
14:05:15.535183 POST /session/494ca10a-da1f-49fd-b84e-cf3aba07a2ce/element [14.468833ms] ERR:404 body={"strategy":"-android uiautomator","selector":"new UiSelector().textContains(\"Definitely Not Here\"...
14:05:15.548249 POST /session/494ca10a-da1f-49fd-b84e-cf3aba07a2ce/element [13.003625ms] ERR:404 body={"strategy":"-android uiautomator","selector":"new UiSelector().descriptionContains(\"Definitely Not...
14:05:15.561364 POST /session/494ca10a-da1f-49fd-b84e-cf3aba07a2ce/element [13.058417ms] ERR:404 body={"strategy":"-android uiautomator","selector":"new UiSelector().textMatches(\"(?is).*\\QDefinitely N...
14:05:15.576868 POST /session/494ca10a-da1f-49fd-b84e-cf3aba07a2ce/element [15.42625ms] ERR:404 body={"strategy":"-android uiautomator","selector":"new UiSelector().descriptionMatches(\"(?is).*\\QDefin...
14:05:15.592036 POST /session/494ca10a-da1f-49fd-b84e-cf3aba07a2ce/element [15.106292ms] ERR:404 body={"strategy":"-android uiautomator","selector":"new UiSelector().textContains(\"Definitely Not Here\"...
14:05:15.608746 POST /session/494ca10a-da1f-49fd-b84e-cf3aba07a2ce/element [16.642417ms] ERR:404 body={"strategy":"-android uiautomator","selector":"new UiSelector().descriptionContains(\"Definitely Not...
14:05:15.627079 POST /session/494ca10a-da1f-49fd-b84e-cf3aba07a2ce/element [18.229083ms] ERR:404 body={"strategy":"-android uiautomator","selector":"new UiSelector().textMatches(\"(?is).*\\QDefinitely N...
14:05:15.645554 POST /session/494ca10a-da1f-49fd-b84e-cf3aba07a2ce/element [18.400958ms] ERR:404 body={"strategy":"-android uiautomator","selector":"new UiSelector().descriptionMatches(\"(?is).*\\QDefin...
14:05:15.661411 POST /session/494ca10a-da1f-49fd-b84e-cf3aba07a2ce/element [15.801084ms] ERR:404 body={"strategy":"-android uiautomator","selector":"new UiSelector().textContains(\"Definitely Not Here\"...
14:05:15.681488 POST /session/494ca10a-da1f-49fd-b84e-cf3aba07a2ce/element [20.023625ms] ERR:404 body={"strategy":"-android uiautomator","selector":"new UiSelector().descriptionContains(\"Definitely Not...
14:05:15.696475 POST /session/494ca10a-da1f-49fd-b84e-cf3aba07a2ce/element [14.921667ms] ERR:404 body={"strategy":"-android uiautomator","selector":"new UiSelector().textMatches(\"(?is).*\\QDefinitely N...
14:05:15.711307 POST /session/494ca10a-da1f-49fd-b84e-cf3aba07a2ce/element [14.773292ms] ERR:404 body={"strategy":"-android uiautomator","selector":"new UiSelector().descriptionMatches(\"(?is).*\\QDefin...
14:05:15.726285 POST /session/494ca10a-da1f-49fd-b84e-cf3aba07a2ce/element [14.907583ms] ERR:404 body={"strategy":"-android uiautomator","selector":"new UiSelector().textContains(\"Definitely Not Here\"...
14:05:15.740067 POST /session/494ca10a-da1f-49fd-b84e-cf3aba07a2ce/element [13.714041ms] ERR:404 body={"strategy":"-android uiautomator","selector":"new UiSelector().descriptionContains(\"Definitely Not...
14:05:15.752683 POST /session/494ca10a-da1f-49fd-b84e-cf3aba07a2ce/element [12.555ms] ERR:404 body={"strategy":"-android uiautomator","selector":"new UiSelector().textMatches(\"(?is).*\\QDefinitely N...
14:05:15.765191 POST /session/494ca10a-da1f-49fd-b84e-cf3aba07a2ce/element [12.443292ms] ERR:404 body={"strategy":"-android uiautomator","selector":"new UiSelector().descriptionMatches(\"(?is).*\\QDefin...
14:05:15.780103 POST /session/494ca10a-da1f-49fd-b84e-cf3aba07a2ce/element [14.850292ms] ERR:404 body={"strategy":"-android uiautomator","selector":"new UiSelector().textContains(\"Definitely Not Here\"...
14:05:15.794006 POST /session/494ca10a-da1f-49fd-b84e-cf3aba07a2ce/element [13.8495ms] ERR:404 body={"strategy":"-android uiautomator","selector":"new UiSelector().descriptionContains(\"Definitely Not...
14:05:15.810802 POST /session/494ca10a-da1f-49fd-b84e-cf3aba07a2ce/element [16.73275ms] ERR:404 body={"strategy":"-android uiautomator","selector":"new UiSelector().textMatches(\"(?is).*\\QDefinitely N...
14:05:15.830248 POST /session/494ca10a-da1f-49fd-b84e-cf3aba07a2ce/element [19.353542ms] ERR:404 body={"strategy":"-android uiautomator","selector":"new UiSelector().descriptionMatches(\"(?is).*\\QDefin...
14:05:15.846653 POST /session/494ca10a-da1f-49fd-b84e-cf3aba07a2ce/element [16.34425ms] ERR:404 body={"strategy":"-android uiautomator","selector":"new UiSelector().textContains(\"Definitely Not Here\"...
14:05:15.863362 POST /session/494ca10a-da1f-49fd-b84e-cf3aba07a2ce/element [16.654458ms] ERR:404 body={"strategy":"-android uiautomator","selector":"new UiSelector().descriptionContains(\"Definitely Not...
14:05:15.881458 POST /session/494ca10a-da1f-49fd-b84e-cf3aba07a2ce/element [18.033792ms] ERR:404 body={"strategy":"-android uiautomator","selector":"new UiSelector().textMatches(\"(?is).*\\QDefinitely N...
14:05:15.896258 POST /session/494ca10a-da1f-49fd-b84e-cf3aba07a2ce/element [14.737959ms] ERR:404 body={"strategy":"-android uiautomator","selector":"new UiSelector().descriptionMatches(\"(?is).*\\QDefin...
14:05:15.911535 POST /session/494ca10a-da1f-49fd-b84e-cf3aba07a2ce/element [15.211667ms] ERR:404 body={"strategy":"-android uiautomator","selector":"new UiSelector().textContains(\"Definitely Not Here\"...
14:05:15.925378 POST /session/494ca10a-da1f-49fd-b84e-cf3aba07a2ce/element [13.785167ms] ERR:404 body={"strategy":"-android uiautomator","selector":"new UiSelector().descriptionContains(\"Definitely Not...
14:05:15.939327 POST /session/494ca10a-da1f-49fd-b84e-cf3aba07a2ce/element [13.878458ms] ERR:404 body={"strategy":"-android uiautomator","selector":"new UiSelector().textMatches(\"(?is).*\\QDefinitely N...
14:05:15.952707 POST /session/494ca10a-da1f-49fd-b84e-cf3aba07a2ce/element [13.304ms] ERR:404 body={"strategy":"-android uiautomator","selector":"new UiSelector().descriptionMatches(\"(?is).*\\QDefin...
14:05:15.966373 POST /session/494ca10a-da1f-49fd-b84e-cf3aba07a2ce/element [13.601208ms] ERR:404 body={"strategy":"-android uiautomator","selector":"new UiSelector().textContains(\"Definitely Not Here\"...
14:05:15.980286 POST /session/494ca10a-da1f-49fd-b84e-cf3aba07a2ce/element [13.847875ms] ERR:404 body={"strategy":"-android uiautomator","selector":"new UiSelector().descriptionContains(\"Definitely Not...
14:05:15.993995 POST /session/494ca10a-da1f-49fd-b84e-cf3aba07a2ce/element [13.651333ms] ERR:404 body={"strategy":"-android uiautomator","selector":"new UiSelector().textMatches(\"(?is).*\\QDefinitely N...
14:05:16.006806 POST /session/494ca10a-da1f-49fd-b84e-cf3aba07a2ce/element [12.75125ms] ERR:404 body={"strategy":"-android uiautomator","selector":"new UiSelector().descriptionMatches(\"(?is).*\\QDefin...
14:05:16.020444 POST /session/494ca10a-da1f-49fd-b84e-cf3aba07a2ce/element [13.578ms] ERR:404 body={"strategy":"-android uiautomator","selector":"new UiSelector().textContains(\"Definitely Not Here\"...
14:05:16.034440 POST /session/494ca10a-da1f-49fd-b84e-cf3aba07a2ce/element [13.931833ms] ERR:404 body={"strategy":"-android uiautomator","selector":"new UiSelector().descriptionContains(\"Definitely Not...
14:05:16.051395 POST /session/494ca10a-da1f-49fd-b84e-cf3aba07a2ce/element [16.884125ms] ERR:404 body={"strategy":"-android uiautomator","selector":"new UiSelector().textMatches(\"(?is).*\\QDefinitely N...
14:05:16.066352 POST /session/494ca10a-da1f-49fd-b84e-cf3aba07a2ce/element [14.875542ms] ERR:404 body={"strategy":"-android uiautomator","selector":"new UiSelector().descriptionMatches(\"(?is).*\\QDefin...
14:05:16.082154 POST /session/494ca10a-da1f-49fd-b84e-cf3aba07a2ce/element [15.745417ms] ERR:404 body={"strategy":"-android uiautomator","selector":"new UiSelector().textContains(\"Definitely Not Here\"...
14:05:16.100292 POST /session/494ca10a-da1f-49fd-b84e-cf3aba07a2ce/element [18.067583ms] ERR:404 body={"strategy":"-android uiautomator","selector":"new UiSelector().descriptionContains(\"Definitely Not...
14:05:16.117051 POST /session/494ca10a-da1f-49fd-b84e-cf3aba07a2ce/element [16.687208ms] ERR:404 body={"strategy":"-android uiautomator","selector":"new UiSelector().textMatches(\"(?is).*\\QDefinitely N...
14:05:16.131704 POST /session/494ca10a-da1f-49fd-b84e-cf3aba07a2ce/element [14.583208ms] ERR:404 body={"strategy":"-android uiautomator","selector":"new UiSelector().descriptionMatches(\"(?is).*\\QDefin...
14:05:16.146427 POST /session/494ca10a-da1f-49fd-b84e-cf3aba07a2ce/element [14.666333ms] ERR:404 body={"strategy":"-android uiautomator","selector":"new UiSelector().textContains(\"Definitely Not Here\"...
14:05:16.159467 POST /session/494ca10a-da1f-49fd-b84e-cf3aba07a2ce/element [12.974917ms] ERR:404 body={"strategy":"-android uiautomator","selector":"new UiSelector().descriptionContains(\"Definitely Not...
14:05:16.171895 POST /session/494ca10a-da1f-49fd-b84e-cf3aba07a2ce/element [12.342834ms] ERR:404 body={"strategy":"-android uiautomator","selector":"new UiSelector().textMatches(\"(?is).*\\QDefinitely N...
14:05:16.183846 POST /session/494ca10a-da1f-49fd-b84e-cf3aba07a2ce/element [11.852958ms] ERR:404 body={"strategy":"-android uiautomator","selector":"new UiSelector().descriptionMatches(\"(?is).*\\QDefin...
14:05:16.197833 POST /session/494ca10a-da1f-49fd-b84e-cf3aba07a2ce/element [13.925125ms] ERR:404 body={"strategy":"-android uiautomator","selector":"new UiSelector().textContains(\"Definitely Not Here\"...
14:05:16.212034 POST /session/494ca10a-da1f-49fd-b84e-cf3aba07a2ce/element [14.135625ms] ERR:404 body={"strategy":"-android uiautomator","selector":"new UiSelector().descriptionContains(\"Definitely Not...
14:05:16.225586 POST /session/494ca10a-da1f-49fd-b84e-cf3aba07a2ce/element [13.481708ms] ERR:404 body={"strategy":"-android uiautomator","selector":"new UiSelector().textMatches(\"(?is).*\\QDefinitely N...
14:05:16.238845 POST /session/494ca10a-da1f-49fd-b84e-cf3aba07a2ce/element [13.190292ms] ERR:404 body={"strategy":"-android uiautomator","selector":"new UiSelector().descriptionMatches(\"(?is).*\\QDefin...
14:05:16.251421 POST /session/494ca10a-da1f-49fd-b84e-cf3aba07a2ce/element [12.5245ms] ERR:404 body={"strategy":"-android uiautomator","selector":"new UiSelector().textContains(\"Definitely Not Here\"...
14:05:16.265893 POST /session/494ca10a-da1f-49fd-b84e-cf3aba07a2ce/element [14.404458ms] ERR:404 body={"strategy":"-android uiautomator","selector":"new UiSelector().descriptionContains(\"Definitely Not...
14:05:16.279221 POST /session/494ca10a-da1f-49fd-b84e-cf3aba07a2ce/element [13.266541ms] ERR:404 body={"strategy":"-android uiautomator","selector":"new UiSelector().textMatches(\"(?is).*\\QDefinitely N...
14:05:16.292747 POST /session/494ca10a-da1f-49fd-b84e-cf3aba07a2ce/element [13.465041ms] ERR:404 body={"strategy":"-android uiautomator","selector":"new UiSelector().descriptionMatches(\"(?is).*\\QDefin...
14:05:16.307078 POST /session/494ca10a-da1f-49fd-b84e-cf3aba07a2ce/element [14.2605ms] ERR:404 body={"strategy":"-android uiautomator","selector":"new UiSelector().textContains(\"Definitely Not Here\"...
14:05:16.324940 POST /session/494ca10a-da1f-49fd-b84e-cf3aba07a2ce/element [17.799041ms] ERR:404 body={"strategy":"-android uiautomator","selector":"new UiSelector().descriptionContains(\"Definitely Not...
14:05:16.339577 POST /session/494ca10a-da1f-49fd-b84e-cf3aba07a2ce/element [14.559834ms] ERR:404 body={"strategy":"-android uiautomator","selector":"new UiSelector().textMatches(\"(?is).*\\QDefinitely N...
14:05:16.355400 POST /session/494ca10a-da1f-49fd-b84e-cf3aba07a2ce/element [15.607041ms] ERR:404 body={"strategy":"-android uiautomator","selector":"new UiSelector().descriptionMatches(\"(?is).*\\QDefin...
14:05:16.369037 POST /session/494ca10a-da1f-49fd-b84e-cf3aba07a2ce/element [13.560791ms] ERR:404 body={"strategy":"-android uiautomator","selector":"new UiSelector().textContains(\"Definitely Not Here\"...
14:05:16.382963 POST /session/494ca10a-da1f-49fd-b84e-cf3aba07a2ce/element [13.849125ms] ERR:404 body={"strategy":"-android uiautomator","selector":"new UiSelector().descriptionContains(\"Definitely Not...
14:05:16.395681 POST /session/494ca10a-da1f-49fd-b84e-cf3aba07a2ce/element [12.6025ms] ERR:404 body={"strategy":"-android uiautomator","selector":"new UiSelector().textMatches(\"(?is).*\\QDefinitely N...
14:05:16.413268 POST /session/494ca10a-da1f-49fd-b84e-cf3aba07a2ce/element [17.528959ms] ERR:404 body={"strategy":"-android uiautomator","selector":"new UiSelector().descriptionMatches(\"(?is).*\\QDefin...
14:05:16.429436 POST /session/494ca10a-da1f-49fd-b84e-cf3aba07a2ce/element [16.116334ms] ERR:404 body={"strategy":"-android uiautomator","selector":"new UiSelector().textContains(\"Definitely Not Here\"...
14:05:16.441810 POST /session/494ca10a-da1f-49fd-b84e-cf3aba07a2ce/element [12.309541ms] ERR:404 body={"strategy":"-android uiautomator","selector":"new UiSelector().descriptionContains(\"Definitely Not...
14:05:16.457156 POST /session/494ca10a-da1f-49fd-b84e-cf3aba07a2ce/element [15.288ms] ERR:404 body={"strategy":"-android uiautomator","selector":"new UiSelector().textMatches(\"(?is).*\\QDefinitely N...
14:05:16.472160 POST /session/494ca10a-da1f-49fd-b84e-cf3aba07a2ce/element [14.946333ms] ERR:404 body={"strategy":"-android uiautomator","selector":"new UiSelector().descriptionMatches(\"(?is).*\\QDefin...
14:05:16.485518 POST /session/494ca10a-da1f-49fd-b84e-cf3aba07a2ce/element [13.282125ms] ERR:404 body={"strategy":"-android uiautomator","selector":"new UiSelector().textContains(\"Definitely Not Here\"...
14:05:16.497425 POST /session/494ca10a-da1f-49fd-b84e-cf3aba07a2ce/element [11.859083ms] ERR:404 body={"strategy":"-android uiautomator","selector":"new UiSelector().descriptionContains(\"Definitely Not...
14:05:16.512388 POST /session/494ca10a-da1f-49fd-b84e-cf3aba07a2ce/element [14.902833ms] ERR:404 body={"strategy":"-android uiautomator","selector":"new UiSelector().textMatches(\"(?is).*\\QDefinitely N...
14:05:16.525568 POST /session/494ca10a-da1f-49fd-b84e-cf3aba07a2ce/element [13.109709ms] ERR:404 body={"strategy":"-android uiautomator","selector":"new UiSelector().descriptionMatches(\"(?is).*\\QDefin...
14:05:16.538039 POST /session/494ca10a-da1f-49fd-b84e-cf3aba07a2ce/element [12.410416ms] ERR:404 body={"strategy":"-android uiautomator","selector":"new UiSelector().textContains(\"Definitely Not Here\"...
14:05:16.553753 POST /session/494ca10a-da1f-49fd-b84e-cf3aba07a2ce/element [15.639333ms] ERR:404 body={"strategy":"-android uiautomator","selector":"new UiSelector().descriptionContains(\"Definitely Not...
14:05:16.567588 POST /session/494ca10a-da1f-49fd-b84e-cf3aba07a2ce/element [13.768083ms] ERR:404 body={"strategy":"-android uiautomator","selector":"new UiSelector().textMatches(\"(?is).*\\QDefinitely N...
14:05:16.579155 POST /session/494ca10a-da1f-49fd-b84e-cf3aba07a2ce/element [11.506959ms] ERR:404 body={"strategy":"-android uiautomator","selector":"new UiSelector().descriptionMatches(\"(?is).*\\QDefin...
14:05:16.592130 POST /session/494ca10a-da1f-49fd-b84e-cf3aba07a2ce/element [12.914875ms] ERR:404 body={"strategy":"-android uiautomator","selector":"new UiSelector().textContains(\"Definitely Not Here\"...
14:05:16.605126 POST /session/494ca10a-da1f-49fd-b84e-cf3aba07a2ce/element [12.935125ms] ERR:404 body={"strategy":"-android uiautomator","selector":"new UiSelector().descriptionContains(\"Definitely Not...
14:05:16.620880 POST /session/494ca10a-da1f-49fd-b84e-cf3aba07a2ce/element [15.696666ms] ERR:404 body={"strategy":"-android uiautomator","selector":"new UiSelector().textMatches(\"(?is).*\\QDefinitely N...
14:05:16.634669 POST /session/494ca10a-da1f-49fd-b84e-cf3aba07a2ce/element [13.718042ms] ERR:404 body={"strategy":"-android uiautomator","selector":"new UiSelector().descriptionMatches(\"(?is).*\\QDefin...
14:05:16.650611 POST /session/494ca10a-da1f-49fd-b84e-cf3aba07a2ce/element [15.869334ms] ERR:404 body={"strategy":"-android uiautomator","selector":"new UiSelector().textContains(\"Definitely Not Here\"...
14:05:16.667805 POST /session/494ca10a-da1f-49fd-b84e-cf3aba07a2ce/element [17.133625ms] ERR:404 body={"strategy":"-android uiautomator","selector":"new UiSelector().descriptionContains(\"Definitely Not...
14:05:16.679336 POST /session/494ca10a-da1f-49fd-b84e-cf3aba07a2ce/element [11.473792ms] ERR:404 body={"strategy":"-android uiautomator","selector":"new UiSelector().textMatches(\"(?is).*\\QDefinitely N...
14:05:16.691897 POST /session/494ca10a-da1f-49fd-b84e-cf3aba07a2ce/element [12.496167ms] ERR:404 body={"strategy":"-android uiautomator","selector":"new UiSelector().descriptionMatches(\"(?is).*\\QDefin...
14:05:16.710674 POST /session/494ca10a-da1f-49fd-b84e-cf3aba07a2ce/element [18.713083ms] ERR:404 body={"strategy":"-android uiautomator","selector":"new UiSelector().textContains(\"Definitely Not Here\"...
14:05:16.725386 POST /session/494ca10a-da1f-49fd-b84e-cf3aba07a2ce/element [14.648667ms] ERR:404 body={"strategy":"-android uiautomator","selector":"new UiSelector().descriptionContains(\"Definitely Not...
14:05:16.738664 POST /session/494ca10a-da1f-49fd-b84e-cf3aba07a2ce/element [13.201709ms] ERR:404 body={"strategy":"-android uiautomator","selector":"new UiSelector().textMatches(\"(?is).*\\QDefinitely N...
14:05:16.757321 POST /session/494ca10a-da1f-49fd-b84e-cf3aba07a2ce/element [18.605625ms] ERR:404 body={"strategy":"-android uiautomator","selector":"new UiSelector().descriptionMatches(\"(?is).*\\QDefin...
14:05:16.775545 POST /session/494ca10a-da1f-49fd-b84e-cf3aba07a2ce/element [18.170375ms] ERR:404 body={"strategy":"-android uiautomator","selector":"new UiSelector().textContains(\"Definitely Not Here\"...
14:05:16.794373 POST /session/494ca10a-da1f-49fd-b84e-cf3aba07a2ce/element [18.769666ms] ERR:404 body={"strategy":"-android uiautomator","selector":"new UiSelector().descriptionContains(\"Definitely Not...
14:05:16.816892 POST /session/494ca10a-da1f-49fd-b84e-cf3aba07a2ce/element [22.463625ms] ERR:404 body={"strategy":"-android uiautomator","selector":"new UiSelector().textMatches(\"(?is).*\\QDefinitely N...
14:05:16.831612 POST /session/494ca10a-da1f-49fd-b84e-cf3aba07a2ce/element [14.654042ms] ERR:404 body={"strategy":"-android uiautomator","selector":"new UiSelector().descriptionMatches(\"(?is).*\\QDefin...
14:05:16.842660 POST /session/494ca10a-da1f-49fd-b84e-cf3aba07a2ce/element [10.979292ms] ERR:404 body={"strategy":"-android uiautomator","selector":"new UiSelector().textContains(\"Definitely Not Here\"...
14:05:16.857010 POST /session/494ca10a-da1f-49fd-b84e-cf3aba07a2ce/element [14.282834ms] ERR:404 body={"strategy":"-android uiautomator","selector":"new UiSelector().descriptionContains(\"Definitely Not...
14:05:16.869910 POST /session/494ca10a-da1f-49fd-b84e-cf3aba07a2ce/element [12.85275ms] ERR:404 body={"strategy":"-android uiautomator","selector":"new UiSelector().textMatches(\"(?is).*\\QDefinitely N...
14:05:16.886566 POST /session/494ca10a-da1f-49fd-b84e-cf3aba07a2ce/element [16.605583ms] ERR:404 body={"strategy":"-android uiautomator","selector":"new UiSelector().descriptionMatches(\"(?is).*\\QDefin...
14:05:16.899766 POST /session/494ca10a-da1f-49fd-b84e-cf3aba07a2ce/element [13.139834ms] ERR:404 body={"strategy":"-android uiautomator","selector":"new UiSelector().textContains(\"Definitely Not Here\"...
14:05:16.914572 POST /session/494ca10a-da1f-49fd-b84e-cf3aba07a2ce/element [14.730208ms] ERR:404 body={"strategy":"-android uiautomator","selector":"new UiSelector().descriptionContains(\"Definitely Not...
14:05:16.927780 POST /session/494ca10a-da1f-49fd-b84e-cf3aba07a2ce/element [13.138ms] ERR:404 body={"strategy":"-android uiautomator","selector":"new UiSelector().textMatches(\"(?is).*\\QDefinitely N...
14:05:16.941991 POST /session/494ca10a-da1f-49fd-b84e-cf3aba07a2ce/element [14.145166ms] ERR:404 body={"strategy":"-android uiautomator","selector":"new UiSelector().descriptionMatches(\"(?is).*\\QDefin...
14:05:16.953955 POST /session/494ca10a-da1f-49fd-b84e-cf3aba07a2ce/element [11.905042ms] ERR:404 body={"strategy":"-android uiautomator","selector":"new UiSelector().textContains(\"Definitely Not Here\"...
14:05:16.966721 POST /session/494ca10a-da1f-49fd-b84e-cf3aba07a2ce/element [12.684875ms] ERR:404 body={"strategy":"-android uiautomator","selector":"new UiSelector().descriptionContains(\"Definitely Not...
14:05:16.979858 POST /session/494ca10a-da1f-49fd-b84e-cf3aba07a2ce/element [13.070583ms] ERR:404 body={"strategy":"-android uiautomator","selector":"new UiSelector().textMatches(\"(?is).*\\QDefinitely N...
14:05:17.016421 POST /session/494ca10a-da1f-49fd-b84e-cf3aba07a2ce/element [36.435333ms] ERR:404 body={"strategy":"-android uiautomator","selector":"new UiSelector().descriptionMatches(\"(?is).*\\QDefin...
14:05:17.029259 POST /session/494ca10a-da1f-49fd-b84e-cf3aba07a2ce/element [12.772458ms] ERR:404 body={"strategy":"-android uiautomator","selector":"new UiSelector().textContains(\"Definitely Not Here\"...
14:05:17.047702 POST /session/494ca10a-da1f-49fd-b84e-cf3aba07a2ce/element [18.386834ms] ERR:404 body={"strategy":"-android uiautomator","selector":"new UiSelector().descriptionContains(\"Definitely Not...
14:05:17.062720 POST /session/494ca10a-da1f-49fd-b84e-cf3aba07a2ce/element [14.952666ms] ERR:404 body={"strategy":"-android uiautomator","selector":"new UiSelector().textMatches(\"(?is).*\\QDefinitely N...
14:05:17.078605 POST /session/494ca10a-da1f-49fd-b84e-cf3aba07a2ce/element [15.811375ms] ERR:404 body={"strategy":"-android uiautomator","selector":"new UiSelector().descriptionMatches(\"(?is).*\\QDefin...
14:05:17.092936 POST /session/494ca10a-da1f-49fd-b84e-cf3aba07a2ce/element [14.272875ms] ERR:404 body={"strategy":"-android uiautomator","selector":"new UiSelector().textContains(\"Definitely Not Here\"...
14:05:17.108410 POST /session/494ca10a-da1f-49fd-b84e-cf3aba07a2ce/element [15.398458ms] ERR:404 body={"strategy":"-android uiautomator","selector":"new UiSelector().descriptionContains(\"Definitely Not...
14:05:17.125598 POST /session/494ca10a-da1f-49fd-b84e-cf3aba07a2ce/element [17.12325ms] ERR:404 body={"strategy":"-android uiautomator","selector":"new UiSelector().textMatches(\"(?is).*\\QDefinitely N...
14:05:17.139140 POST /session/494ca10a-da1f-49fd-b84e-cf3aba07a2ce/element [13.471541ms] ERR:404 body={"strategy":"-android uiautomator","selector":"new UiSelector().descriptionMatches(\"(?is).*\\QDefin...
14:05:17.154307 POST /session/494ca10a-da1f-49fd-b84e-cf3aba07a2ce/element [15.099042ms] ERR:404 body={"strategy":"-android uiautomator","selector":"new UiSelector().textContains(\"Definitely Not Here\"...
14:05:17.166583 POST /session/494ca10a-da1f-49fd-b84e-cf3aba07a2ce/element [12.214083ms] ERR:404 body={"strategy":"-android uiautomator","selector":"new UiSelector().descriptionContains(\"Definitely Not...
14:05:17.180260 POST /session/494ca10a-da1f-49fd-b84e-cf3aba07a2ce/element [13.616041ms] ERR:404 body={"strategy":"-android uiautomator","selector":"new UiSelector().textMatches(\"(?is).*\\QDefinitely N...
14:05:17.194896 POST /session/494ca10a-da1f-49fd-b84e-cf3aba07a2ce/element [14.573709ms] ERR:404 body={"strategy":"-android uiautomator","selector":"new UiSelector().descriptionMatches(\"(?is).*\\QDefin...
14:05:17.209444 POST /session/494ca10a-da1f-49fd-b84e-cf3aba07a2ce/element [14.491959ms] ERR:404 body={"strategy":"-android uiautomator","selector":"new UiSelector().textContains(\"Definitely Not Here\"...
14:05:17.221974 POST /session/494ca10a-da1f-49fd-b84e-cf3aba07a2ce/element [12.469209ms] ERR:404 body={"strategy":"-android uiautomator","selector":"new UiSelector().descriptionContains(\"Definitely Not...
14:05:17.235777 POST /session/494ca10a-da1f-49fd-b84e-cf3aba07a2ce/element [13.741667ms] ERR:404 body={"strategy":"-android uiautomator","selector":"new UiSelector().textMatches(\"(?is).*\\QDefinitely N...
14:05:17.248304 POST /session/494ca10a-da1f-49fd-b84e-cf3aba07a2ce/element [12.458166ms] ERR:404 body={"strategy":"-android uiautomator","selector":"new UiSelector().descriptionMatches(\"(?is).*\\QDefin...
14:05:17.260032 POST /session/494ca10a-da1f-49fd-b84e-cf3aba07a2ce/element [11.668875ms] ERR:404 body={"strategy":"-android uiautomator","selector":"new UiSelector().textContains(\"Definitely Not Here\"...
14:05:17.273146 POST /session/494ca10a-da1f-49fd-b84e-cf3aba07a2ce/element [13.059792ms] ERR:404 body={"strategy":"-android uiautomator","selector":"new UiSelector().descriptionContains(\"Definitely Not...
14:05:17.288109 POST /session/494ca10a-da1f-49fd-b84e-cf3aba07a2ce/element [14.902ms] ERR:404 body={"strategy":"-android uiautomator","selector":"new UiSelector().textMatches(\"(?is).*\\QDefinitely N...
14:05:17.301290 POST /session/494ca10a-da1f-49fd-b84e-cf3aba07a2ce/element [13.122333ms] ERR:404 body={"strategy":"-android uiautomator","selector":"new UiSelector().descriptionMatches(\"(?is).*\\QDefin...
14:05:17.315974 POST /session/494ca10a-da1f-49fd-b84e-cf3aba07a2ce/element [14.627875ms] ERR:404 body={"strategy":"-android uiautomator","selector":"new UiSelector().textContains(\"Definitely Not Here\"...
14:05:17.329061 POST /session/494ca10a-da1f-49fd-b84e-cf3aba07a2ce/element [13.017708ms] ERR:404 body={"strategy":"-android uiautomator","selector":"new UiSelector().descriptionContains(\"Definitely Not...
14:05:17.340739 POST /session/494ca10a-da1f-49fd-b84e-cf3aba07a2ce/element [11.6035ms] ERR:404 body={"strategy":"-android uiautomator","selector":"new UiSelector().textMatches(\"(?is).*\\QDefinitely N...
14:05:17.353063 POST /session/494ca10a-da1f-49fd-b84e-cf3aba07a2ce/element [12.258875ms] ERR:404 body={"strategy":"-android uiautomator","selector":"new UiSelector().descriptionMatches(\"(?is).*\\QDefin...
14:05:17.365855 POST /session/494ca10a-da1f-49fd-b84e-cf3aba07a2ce/element [12.715458ms] ERR:404 body={"strategy":"-android uiautomator","selector":"new UiSelector().textContains(\"Definitely Not Here\"...
14:05:17.376848 POST /session/494ca10a-da1f-49fd-b84e-cf3aba07a2ce/element [10.927625ms] ERR:404 body={"strategy":"-android uiautomator","selector":"new UiSelector().descriptionContains(\"Definitely Not...
14:05:17.388697 POST /session/494ca10a-da1f-49fd-b84e-cf3aba07a2ce/element [11.79ms] ERR:404 body={"strategy":"-android uiautomator","selector":"new UiSelector().textMatches(\"(?is).*\\QDefinitely N...
14:05:17.401759 POST /session/494ca10a-da1f-49fd-b84e-cf3aba07a2ce/element [13.004958ms] ERR:404 body={"strategy":"-android uiautomator","selector":"new UiSelector().descriptionMatches(\"(?is).*\\QDefin...
14:05:17.413451 POST /session/494ca10a-da1f-49fd-b84e-cf3aba07a2ce/element [11.391958ms] ERR:404 body={"strategy":"-android uiautomator","selector":"new UiSelector().textContains(\"Definitely Not Here\"...
14:05:17.427637 POST /session/494ca10a-da1f-49fd-b84e-cf3aba07a2ce/element [14.121ms] ERR:404 body={"strategy":"-android uiautomator","selector":"new UiSelector().descriptionContains(\"Definitely Not...
14:05:17.454062 POST /session/494ca10a-da1f-49fd-b84e-cf3aba07a2ce/element [26.361ms] ERR:404 body={"strategy":"-android uiautomator","selector":"new UiSelector().textMatches(\"(?is).*\\QDefinitely N...
14:05:17.483388 POST /session/494ca10a-da1f-49fd-b84e-cf3aba07a2ce/element [29.260458ms] ERR:404 body={"strategy":"-android uiautomator","selector":"new UiSelector().descriptionMatches(\"(?is).*\\QDefin...
14:05:17.504970 POST /session/494ca10a-da1f-49fd-b84e-cf3aba07a2ce/element [21.044875ms] ERR:404 body={"strategy":"-android uiautomator","selector":"new UiSelector().textContains(\"Definitely Not Here\"...
14:05:17.532775 POST /session/494ca10a-da1f-49fd-b84e-cf3aba07a2ce/element [27.677667ms] ERR:404 body={"strategy":"-android uiautomator","selector":"new UiSelector().descriptionContains(\"Definitely Not...
14:05:17.567162 POST /session/494ca10a-da1f-49fd-b84e-cf3aba07a2ce/element [34.314917ms] ERR:404 body={"strategy":"-android uiautomator","selector":"new UiSelector().textMatches(\"(?is).*\\QDefinitely N...
14:05:17.611172 POST /session/494ca10a-da1f-49fd-b84e-cf3aba07a2ce/element [43.851375ms] ERR:404 body={"strategy":"-android uiautomator","selector":"new UiSelector().descriptionMatches(\"(?is).*\\QDefin...
14:05:17.644587 POST /session/494ca10a-da1f-49fd-b84e-cf3aba07a2ce/element [33.266375ms] ERR:404 body={"strategy":"-android uiautomator","selector":"new UiSelector().textContains(\"Definitely Not Here\"...
14:05:17.673747 POST /session/494ca10a-da1f-49fd-b84e-cf3aba07a2ce/element [29.072167ms] ERR:404 body={"strategy":"-android uiautomator","selector":"new UiSelector().descriptionContains(\"Definitely Not...
14:05:17.704945 POST /session/494ca10a-da1f-49fd-b84e-cf3aba07a2ce/element [31.132959ms] ERR:404 body={"strategy":"-android uiautomator","selector":"new UiSelector().textMatches(\"(?is).*\\QDefinitely N...
14:05:17.745506 POST /session/494ca10a-da1f-49fd-b84e-cf3aba07a2ce/element [40.470667ms] ERR:404 body={"strategy":"-android uiautomator","selector":"new UiSelector().descriptionMatches(\"(?is).*\\QDefin...
14:05:17.788404 POST /session/494ca10a-da1f-49fd-b84e-cf3aba07a2ce/element [42.799417ms] ERR:404 body={"strategy":"-android uiautomator","selector":"new UiSelector().textContains(\"Definitely Not Here\"...
14:05:17.817700 POST /session/494ca10a-da1f-49fd-b84e-cf3aba07a2ce/element [29.202583ms] ERR:404 body={"strategy":"-android uiautomator","selector":"new UiSelector().descriptionContains(\"Definitely Not...
14:05:17.834290 POST /session/494ca10a-da1f-49fd-b84e-cf3aba07a2ce/element [16.53025ms] ERR:404 body={"strategy":"-android uiautomator","selector":"new UiSelector().textMatches(\"(?is).*\\QDefinitely N...
14:05:17.846048 POST /session/494ca10a-da1f-49fd-b84e-cf3aba07a2ce/element [11.616667ms] ERR:404 body={"strategy":"-android uiautomator","selector":"new UiSelector().descriptionMatches(\"(?is).*\\QDefin...
14:05:17.871899 POST /session/494ca10a-da1f-49fd-b84e-cf3aba07a2ce/element [25.746875ms] ERR:404 body={"strategy":"-android uiautomator","selector":"new UiSelector().textContains(\"Definitely Not Here\"...
14:05:17.887532 POST /session/494ca10a-da1f-49fd-b84e-cf3aba07a2ce/element [15.541334ms] ERR:404 body={"strategy":"-android uiautomator","selector":"new UiSelector().descriptionContains(\"Definitely Not...
14:05:17.898243 POST /session/494ca10a-da1f-49fd-b84e-cf3aba07a2ce/element [10.651166ms] ERR:404 body={"strategy":"-android uiautomator","selector":"new UiSelector().textMatches(\"(?is).*\\QDefinitely N...
14:05:17.912574 POST /session/494ca10a-da1f-49fd-b84e-cf3aba07a2ce/element [14.272833ms] ERR:404 body={"strategy":"-android uiautomator","selector":"new UiSelector().descriptionMatches(\"(?is).*\\QDefin...
14:05:17.923161 POST /session/494ca10a-da1f-49fd-b84e-cf3aba07a2ce/element [10.536208ms] ERR:404 body={"strategy":"-android uiautomator","selector":"new UiSelector().textContains(\"Definitely Not Here\"...
14:05:17.938044 POST /session/494ca10a-da1f-49fd-b84e-cf3aba07a2ce/element [14.827708ms] ERR:404 body={"strategy":"-android uiautomator","selector":"new UiSelector().descriptionContains(\"Definitely Not...
14:05:17.946223 POST /session/494ca10a-da1f-49fd-b84e-cf3aba07a2ce/element [8.11625ms] ERR:404 body={"strategy":"-android uiautomator","selector":"new UiSelector().textMatches(\"(?is).*\\QDefinitely N...
14:05:17.957111 POST /session/494ca10a-da1f-49fd-b84e-cf3aba07a2ce/element [10.823042ms] ERR:404 body={"strategy":"-android uiautomator","selector":"new UiSelector().descriptionMatches(\"(?is).*\\QDefin...
14:05:17.970574 POST /session/494ca10a-da1f-49fd-b84e-cf3aba07a2ce/element [13.358875ms] ERR:404 body={"strategy":"-android uiautomator","selector":"new UiSelector().textContains(\"Definitely Not Here\"...
14:05:17.989655 POST /session/494ca10a-da1f-49fd-b84e-cf3aba07a2ce/element [18.98925ms] ERR:404 body={"strategy":"-android uiautomator","selector":"new UiSelector().descriptionContains(\"Definitely Not...
14:05:18.003459 POST /session/494ca10a-da1f-49fd-b84e-cf3aba07a2ce/element [13.740208ms] ERR:404 body={"strategy":"-android uiautomator","selector":"new UiSelector().textMatches(\"(?is).*\\QDefinitely N...
14:05:18.025757 POST /session/494ca10a-da1f-49fd-b84e-cf3aba07a2ce/element [22.222625ms] ERR:404 body={"strategy":"-android uiautomator","selector":"new UiSelector().descriptionMatches(\"(?is).*\\QDefin...
14:05:18.036925 POST /session/494ca10a-da1f-49fd-b84e-cf3aba07a2ce/element [11.100334ms] ERR:404 body={"strategy":"-android uiautomator","selector":"new UiSelector().textContains(\"Definitely Not Here\"...
14:05:18.051991 POST /session/494ca10a-da1f-49fd-b84e-cf3aba07a2ce/element [15ms] ERR:404 body={"strategy":"-android uiautomator","selector":"new UiSelector().descriptionContains(\"Definitely Not...
14:05:18.063463 POST /session/494ca10a-da1f-49fd-b84e-cf3aba07a2ce/element [11.404208ms] ERR:404 body={"strategy":"-android uiautomator","selector":"new UiSelector().textMatches(\"(?is).*\\QDefinitely N...
14:05:18.080201 POST /session/494ca10a-da1f-49fd-b84e-cf3aba07a2ce/element [16.611208ms] ERR:404 body={"strategy":"-android uiautomator","selector":"new UiSelector().descriptionMatches(\"(?is).*\\QDefin...
14:05:18.097754 POST /session/494ca10a-da1f-49fd-b84e-cf3aba07a2ce/element [17.49625ms] ERR:404 body={"strategy":"-android uiautomator","selector":"new UiSelector().textContains(\"Definitely Not Here\"...
14:05:18.121505 POST /session/494ca10a-da1f-49fd-b84e-cf3aba07a2ce/element [23.687625ms] ERR:404 body={"strategy":"-android uiautomator","selector":"new UiSelector().descriptionContains(\"Definitely Not...
14:05:18.130258 POST /session/494ca10a-da1f-49fd-b84e-cf3aba07a2ce/element [8.634709ms] ERR:404 body={"strategy":"-android uiautomator","selector":"new UiSelector().textMatches(\"(?is).*\\QDefinitely N...
14:05:18.192793 POST /session/494ca10a-da1f-49fd-b84e-cf3aba07a2ce/element [62.46925ms] ERR:404 body={"strategy":"-android uiautomator","selector":"new UiSelector().descriptionMatches(\"(?is).*\\QDefin...
14:05:18.208547 POST /session/494ca10a-da1f-49fd-b84e-cf3aba07a2ce/element [15.635125ms] ERR:404 body={"strategy":"-android uiautomator","selector":"new UiSelector().textContains(\"Definitely Not Here\"...
14:05:18.218384 POST /session/494ca10a-da1f-49fd-b84e-cf3aba07a2ce/element [9.702792ms] ERR:404 body={"strategy":"-android uiautomator","selector":"new UiSelector().descriptionContains(\"Definitely Not...
14:05:18.227709 POST /session/494ca10a-da1f-49fd-b84e-cf3aba07a2ce/element [9.259875ms] ERR:404 body={"strategy":"-android uiautomator","selector":"new UiSelector().textMatches(\"(?is).*\\QDefinitely N...
14:05:18.266694 POST /session/494ca10a-da1f-49fd-b84e-cf3aba07a2ce/element [38.724125ms] ERR:404 body={"strategy":"-android uiautomator","selector":"new UiSelector().descriptionMatches(\"(?is).*\\QDefin...
14:05:18.275940 POST /session/494ca10a-da1f-49fd-b84e-cf3aba07a2ce/element [9.176584ms] ERR:404 body={"strategy":"-android uiautomator","selector":"new UiSelector().textContains(\"Definitely Not Here\"...
14:05:18.302810 POST /session/494ca10a-da1f-49fd-b84e-cf3aba07a2ce/element [26.77225ms] ERR:404 body={"strategy":"-android uiautomator","selector":"new UiSelector().descriptionContains(\"Definitely Not...
14:05:18.335099 POST /session/494ca10a-da1f-49fd-b84e-cf3aba07a2ce/element [32.14575ms] ERR:404 body={"strategy":"-android uiautomator","selector":"new UiSelector().textMatches(\"(?is).*\\QDefinitely N...
14:05:18.357359 POST /session/494ca10a-da1f-49fd-b84e-cf3aba07a2ce/element [22.165792ms] ERR:404 body={"strategy":"-android uiautomator","selector":"new UiSelector().descriptionMatches(\"(?is).*\\QDefin...
14:05:18.374104 POST /session/494ca10a-da1f-49fd-b84e-cf3aba07a2ce/element [16.680625ms] ERR:404 body={"strategy":"-android uiautomator","selector":"new UiSelector().textContains(\"Definitely Not Here\"...
14:05:18.393011 POST /session/494ca10a-da1f-49fd-b84e-cf3aba07a2ce/element [18.71875ms] ERR:404 body={"strategy":"-android uiautomator","selector":"new UiSelector().descriptionContains(\"Definitely Not...
14:05:18.405392 POST /session/494ca10a-da1f-49fd-b84e-cf3aba07a2ce/element [12.297583ms] ERR:404 body={"strategy":"-android uiautomator","selector":"new UiSelector().textMatches(\"(?is).*\\QDefinitely N...
14:05:18.426352 POST /session/494ca10a-da1f-49fd-b84e-cf3aba07a2ce/element [20.87975ms] ERR:404 body={"strategy":"-android uiautomator","selector":"new UiSelector().descriptionMatches(\"(?is).*\\QDefin...
14:05:18.440230 POST /session/494ca10a-da1f-49fd-b84e-cf3aba07a2ce/element [13.771375ms] ERR:404 body={"strategy":"-android uiautomator","selector":"new UiSelector().textContains(\"Definitely Not Here\"...
14:05:18.452106 POST /session/494ca10a-da1f-49fd-b84e-cf3aba07a2ce/element [11.805833ms] ERR:404 body={"strategy":"-android uiautomator","selector":"new UiSelector().descriptionContains(\"Definitely Not...
14:05:18.464940 POST /session/494ca10a-da1f-49fd-b84e-cf3aba07a2ce/element [12.764375ms] ERR:404 body={"strategy":"-android uiautomator","selector":"new UiSelector().textMatches(\"(?is).*\\QDefinitely N...
14:05:18.472163 POST /session/494ca10a-da1f-49fd-b84e-cf3aba07a2ce/element [7.160625ms] ERR:404 body={"strategy":"-android uiautomator","selector":"new UiSelector().descriptionMatches(\"(?is).*\\QDefin...
14:05:18.487361 POST /session/494ca10a-da1f-49fd-b84e-cf3aba07a2ce/element [15.13325ms] ERR:404 body={"strategy":"-android uiautomator","selector":"new UiSelector().textContains(\"Definitely Not Here\"...
14:05:18.500316 POST /session/494ca10a-da1f-49fd-b84e-cf3aba07a2ce/element [12.870917ms] ERR:404 body={"strategy":"-android uiautomator","selector":"new UiSelector().descriptionContains(\"Definitely Not...
14:05:18.511548 POST /session/494ca10a-da1f-49fd-b84e-cf3aba07a2ce/element [11.163334ms] ERR:404 body={"strategy":"-android uiautomator","selector":"new UiSelector().textMatches(\"(?is).*\\QDefinitely N...
14:05:18.518889 POST /session/494ca10a-da1f-49fd-b84e-cf3aba07a2ce/element [7.279125ms] ERR:404 body={"strategy":"-android uiautomator","selector":"new UiSelector().descriptionMatches(\"(?is).*\\QDefin...
14:05:18.528168 POST /session/494ca10a-da1f-49fd-b84e-cf3aba07a2ce/element [9.198458ms] ERR:404 body={"strategy":"-android uiautomator","selector":"new UiSelector().textContains(\"Definitely Not Here\"...
14:05:18.540816 POST /session/494ca10a-da1f-49fd-b84e-cf3aba07a2ce/element [12.589459ms] ERR:404 body={"strategy":"-android uiautomator","selector":"new UiSelector().descriptionContains(\"Definitely Not...
14:05:18.551704 POST /session/494ca10a-da1f-49fd-b84e-cf3aba07a2ce/element [10.827917ms] ERR:404 body={"strategy":"-android uiautomator","selector":"new UiSelector().textMatches(\"(?is).*\\QDefinitely N...
14:05:18.563661 POST /session/494ca10a-da1f-49fd-b84e-cf3aba07a2ce/element [11.888791ms] ERR:404 body={"strategy":"-android uiautomator","selector":"new UiSelector().descriptionMatches(\"(?is).*\\QDefin...
14:05:18.575700 POST /session/494ca10a-da1f-49fd-b84e-cf3aba07a2ce/element [11.968833ms] ERR:404 body={"strategy":"-android uiautomator","selector":"new UiSelector().textContains(\"Definitely Not Here\"...
14:05:18.586903 POST /session/494ca10a-da1f-49fd-b84e-cf3aba07a2ce/element [11.121459ms] ERR:404 body={"strategy":"-android uiautomator","selector":"new UiSelector().descriptionContains(\"Definitely Not...
14:05:18.596015 POST /session/494ca10a-da1f-49fd-b84e-cf3aba07a2ce/element [9.040458ms] ERR:404 body={"strategy":"-android uiautomator","selector":"new UiSelector().textMatches(\"(?is).*\\QDefinitely N...
14:05:18.605927 POST /session/494ca10a-da1f-49fd-b84e-cf3aba07a2ce/element [9.85075ms] ERR:404 body={"strategy":"-android uiautomator","selector":"new UiSelector().descriptionMatches(\"(?is).*\\QDefin...
14:05:18.618393 POST /session/494ca10a-da1f-49fd-b84e-cf3aba07a2ce/element [12.362167ms] ERR:404 body={"strategy":"-android uiautomator","selector":"new UiSelector().textContains(\"Definitely Not Here\"...
14:05:18.629184 POST /session/494ca10a-da1f-49fd-b84e-cf3aba07a2ce/element [10.741292ms] ERR:404 body={"strategy":"-android uiautomator","selector":"new UiSelector().descriptionContains(\"Definitely Not...
14:05:18.642343 POST /session/494ca10a-da1f-49fd-b84e-cf3aba07a2ce/element [13.100375ms] ERR:404 body={"strategy":"-android uiautomator","selector":"new UiSelector().textMatches(\"(?is).*\\QDefinitely N...
14:05:18.652344 POST /session/494ca10a-da1f-49fd-b84e-cf3aba07a2ce/element [9.936834ms] ERR:404 body={"strategy":"-android uiautomator","selector":"new UiSelector().descriptionMatches(\"(?is).*\\QDefin...
14:05:18.662818 POST /session/494ca10a-da1f-49fd-b84e-cf3aba07a2ce/element [10.39275ms] ERR:404 body={"strategy":"-android uiautomator","selector":"new UiSelector().textContains(\"Definitely Not Here\"...
14:05:18.672480 POST /session/494ca10a-da1f-49fd-b84e-cf3aba07a2ce/element [9.606666ms] ERR:404 body={"strategy":"-android uiautomator","selector":"new UiSelector().descriptionContains(\"Definitely Not...
14:05:18.686181 POST /session/494ca10a-da1f-49fd-b84e-cf3aba07a2ce/element [13.631042ms] ERR:404 body={"strategy":"-android uiautomator","selector":"new UiSelector().textMatches(\"(?is).*\\QDefinitely N...
14:05:18.699944 POST /session/494ca10a-da1f-49fd-b84e-cf3aba07a2ce/element [13.698792ms] ERR:404 body={"strategy":"-android uiautomator","selector":"new UiSelector().descriptionMatches(\"(?is).*\\QDefin...
14:05:18.712329 POST /session/494ca10a-da1f-49fd-b84e-cf3aba07a2ce/element [12.32975ms] ERR:404 body={"strategy":"-android uiautomator","selector":"new UiSelector().textContains(\"Definitely Not Here\"...
14:05:18.722381 POST /session/494ca10a-da1f-49fd-b84e-cf3aba07a2ce/element [9.987083ms] ERR:404 body={"strategy":"-android uiautomator","selector":"new UiSelector().descriptionContains(\"Definitely Not...
14:05:18.733067 POST /session/494ca10a-da1f-49fd-b84e-cf3aba07a2ce/element [10.59825ms] ERR:404 body={"strategy":"-android uiautomator","selector":"new UiSelector().textMatches(\"(?is).*\\QDefinitely N...
14:05:18.743975 POST /session/494ca10a-da1f-49fd-b84e-cf3aba07a2ce/element [10.832542ms] ERR:404 body={"strategy":"-android uiautomator","selector":"new UiSelector().descriptionMatches(\"(?is).*\\QDefin...
14:05:18.754564 POST /session/494ca10a-da1f-49fd-b84e-cf3aba07a2ce/element [10.534916ms] ERR:404 body={"strategy":"-android uiautomator","selector":"new UiSelector().textContains(\"Definitely Not Here\"...
14:05:18.766434 POST /session/494ca10a-da1f-49fd-b84e-cf3aba07a2ce/element [11.806709ms] ERR:404 body={"strategy":"-android uiautomator","selector":"new UiSelector().descriptionContains(\"Definitely Not...
14:05:18.778479 POST /session/494ca10a-da1f-49fd-b84e-cf3aba07a2ce/element [11.968541ms] ERR:404 body={"strategy":"-android uiautomator","selector":"new UiSelector().textMatches(\"(?is).*\\QDefinitely N...
14:05:18.789774 POST /session/494ca10a-da1f-49fd-b84e-cf3aba07a2ce/element [11.226875ms] ERR:404 body={"strategy":"-android uiautomator","selector":"new UiSelector().descriptionMatches(\"(?is).*\\QDefin...
14:05:18.802403 POST /session/494ca10a-da1f-49fd-b84e-cf3aba07a2ce/element [12.567666ms] ERR:404 body={"strategy":"-android uiautomator","selector":"new UiSelector().textContains(\"Definitely Not Here\"...
14:05:18.813387 POST /session/494ca10a-da1f-49fd-b84e-cf3aba07a2ce/element [10.916375ms] ERR:404 body={"strategy":"-android uiautomator","selector":"new UiSelector().descriptionContains(\"Definitely Not...
14:05:18.825216 POST /session/494ca10a-da1f-49fd-b84e-cf3aba07a2ce/element [11.779833ms] ERR:404 body={"strategy":"-android uiautomator","selector":"new UiSelector().textMatches(\"(?is).*\\QDefinitely N...
14:05:18.838457 POST /session/494ca10a-da1f-49fd-b84e-cf3aba07a2ce/element [13.1765ms] ERR:404 body={"strategy":"-android uiautomator","selector":"new UiSelector().descriptionMatches(\"(?is).*\\QDefin...
14:05:18.851309 POST /session/494ca10a-da1f-49fd-b84e-cf3aba07a2ce/element [12.796333ms] ERR:404 body={"strategy":"-android uiautomator","selector":"new UiSelector().textContains(\"Definitely Not Here\"...
14:05:18.862584 POST /session/494ca10a-da1f-49fd-b84e-cf3aba07a2ce/element [11.219042ms] ERR:404 body={"strategy":"-android uiautomator","selector":"new UiSelector().descriptionContains(\"Definitely Not...
14:05:18.871817 POST /session/494ca10a-da1f-49fd-b84e-cf3aba07a2ce/element [9.145ms] ERR:404 body={"strategy":"-android uiautomator","selector":"new UiSelector().textMatches(\"(?is).*\\QDefinitely N...
14:05:18.881551 POST /session/494ca10a-da1f-49fd-b84e-cf3aba07a2ce/element [9.672791ms] ERR:404 body={"strategy":"-android uiautomator","selector":"new UiSelector().descriptionMatches(\"(?is).*\\QDefin...
14:05:18.893358 POST /session/494ca10a-da1f-49fd-b84e-cf3aba07a2ce/element [11.751084ms] ERR:404 body={"strategy":"-android uiautomator","selector":"new UiSelector().textContains(\"Definitely Not Here\"...
14:05:18.903830 POST /session/494ca10a-da1f-49fd-b84e-cf3aba07a2ce/element [10.414291ms] ERR:404 body={"strategy":"-android uiautomator","selector":"new UiSelector().descriptionContains(\"Definitely Not...
14:05:18.914607 POST /session/494ca10a-da1f-49fd-b84e-cf3aba07a2ce/element [10.707ms] ERR:404 body={"strategy":"-android uiautomator","selector":"new UiSelector().textMatches(\"(?is).*\\QDefinitely N...
14:05:18.924723 POST /session/494ca10a-da1f-49fd-b84e-cf3aba07a2ce/element [10.062625ms] ERR:404 body={"strategy":"-android uiautomator","selector":"new UiSelector().descriptionMatches(\"(?is).*\\QDefin...
14:05:18.937057 POST /session/494ca10a-da1f-49fd-b84e-cf3aba07a2ce/element [12.272458ms] ERR:404 body={"strategy":"-android uiautomator","selector":"new UiSelector().textContains(\"Definitely Not Here\"...
14:05:18.950535 POST /session/494ca10a-da1f-49fd-b84e-cf3aba07a2ce/element [13.41125ms] ERR:404 body={"strategy":"-android uiautomator","selector":"new UiSelector().descriptionContains(\"Definitely Not...
14:05:18.967081 POST /session/494ca10a-da1f-49fd-b84e-cf3aba07a2ce/element [16.470125ms] ERR:404 body={"strategy":"-android uiautomator","selector":"new UiSelector().textMatches(\"(?is).*\\QDefinitely N...
14:05:18.979692 POST /session/494ca10a-da1f-49fd-b84e-cf3aba07a2ce/element [12.552417ms] ERR:404 body={"strategy":"-android uiautomator","selector":"new UiSelector().descriptionMatches(\"(?is).*\\QDefin...
14:05:18.993541 POST /session/494ca10a-da1f-49fd-b84e-cf3aba07a2ce/element [13.784958ms] ERR:404 body={"strategy":"-android uiautomator","selector":"new UiSelector().textContains(\"Definitely Not Here\"...
14:05:19.009414 POST /session/494ca10a-da1f-49fd-b84e-cf3aba07a2ce/element [15.808208ms] ERR:404 body={"strategy":"-android uiautomator","selector":"new UiSelector().descriptionContains(\"Definitely Not...
14:05:19.020440 POST /session/494ca10a-da1f-49fd-b84e-cf3aba07a2ce/element [10.904584ms] ERR:404 body={"strategy":"-android uiautomator","selector":"new UiSelector().textMatches(\"(?is).*\\QDefinitely N...
14:05:19.035050 POST /session/494ca10a-da1f-49fd-b84e-cf3aba07a2ce/element [14.537834ms] ERR:404 body={"strategy":"-android uiautomator","selector":"new UiSelector().descriptionMatches(\"(?is).*\\QDefin...
14:05:19.048391 POST /session/494ca10a-da1f-49fd-b84e-cf3aba07a2ce/element [13.254959ms] ERR:404 body={"strategy":"-android uiautomator","selector":"new UiSelector().textContains(\"Definitely Not Here\"...
14:05:19.062265 POST /session/494ca10a-da1f-49fd-b84e-cf3aba07a2ce/element [13.80425ms] ERR:404 body={"strategy":"-android uiautomator","selector":"new UiSelector().descriptionContains(\"Definitely Not...
14:05:19.075213 POST /session/494ca10a-da1f-49fd-b84e-cf3aba07a2ce/element [12.891042ms] ERR:404 body={"strategy":"-android uiautomator","selector":"new UiSelector().textMatches(\"(?is).*\\QDefinitely N...
14:05:19.083894 POST /session/494ca10a-da1f-49fd-b84e-cf3aba07a2ce/element [8.614709ms] ERR:404 body={"strategy":"-android uiautomator","selector":"new UiSelector().descriptionMatches(\"(?is).*\\QDefin...
14:05:19.094463 POST /session/494ca10a-da1f-49fd-b84e-cf3aba07a2ce/element [10.498083ms] ERR:404 body={"strategy":"-android uiautomator","selector":"new UiSelector().textContains(\"Definitely Not Here\"...
14:05:19.104123 POST /session/494ca10a-da1f-49fd-b84e-cf3aba07a2ce/element [9.596458ms] ERR:404 body={"strategy":"-android uiautomator","selector":"new UiSelector().descriptionContains(\"Definitely Not...
14:05:19.114230 POST /session/494ca10a-da1f-49fd-b84e-cf3aba07a2ce/element [10.0355ms] ERR:404 body={"strategy":"-android uiautomator","selector":"new UiSelector().textMatches(\"(?is).*\\QDefinitely N...
14:05:19.125483 POST /session/494ca10a-da1f-49fd-b84e-cf3aba07a2ce/element [11.191291ms] ERR:404 body={"strategy":"-android uiautomator","selector":"new UiSelector().descriptionMatches(\"(?is).*\\QDefin...
14:05:19.136904 POST /session/494ca10a-da1f-49fd-b84e-cf3aba07a2ce/element [11.365542ms] ERR:404 body={"strategy":"-android uiautomator","selector":"new UiSelector().textContains(\"Definitely Not Here\"...
14:05:19.146259 POST /session/494ca10a-da1f-49fd-b84e-cf3aba07a2ce/element [9.282667ms] ERR:404 body={"strategy":"-android uiautomator","selector":"new UiSelector().descriptionContains(\"Definitely Not...
14:05:19.155690 POST /session/494ca10a-da1f-49fd-b84e-cf3aba07a2ce/element [9.358917ms] ERR:404 body={"strategy":"-android uiautomator","selector":"new UiSelector().textMatches(\"(?is).*\\QDefinitely N...
14:05:19.166724 POST /session/494ca10a-da1f-49fd-b84e-cf3aba07a2ce/element [10.970875ms] ERR:404 body={"strategy":"-android uiautomator","selector":"new UiSelector().descriptionMatches(\"(?is).*\\QDefin...
14:05:19.176363 POST /session/494ca10a-da1f-49fd-b84e-cf3aba07a2ce/element [9.579458ms] ERR:404 body={"strategy":"-android uiautomator","selector":"new UiSelector().textContains(\"Definitely Not Here\"...
14:05:19.186566 POST /session/494ca10a-da1f-49fd-b84e-cf3aba07a2ce/element [10.140208ms] ERR:404 body={"strategy":"-android uiautomator","selector":"new UiSelector().descriptionContains(\"Definitely Not...
14:05:19.195409 POST /session/494ca10a-da1f-49fd-b84e-cf3aba07a2ce/element [8.78675ms] ERR:404 body={"strategy":"-android uiautomator","selector":"new UiSelector().textMatches(\"(?is).*\\QDefinitely N...
14:05:19.206778 POST /session/494ca10a-da1f-49fd-b84e-cf3aba07a2ce/element [11.316166ms] ERR:404 body={"strategy":"-android uiautomator","selector":"new UiSelector().descriptionMatches(\"(?is).*\\QDefin...
14:05:19.218260 POST /session/494ca10a-da1f-49fd-b84e-cf3aba07a2ce/element [11.425375ms] ERR:404 body={"strategy":"-android uiautomator","selector":"new UiSelector().textContains(\"Definitely Not Here\"...
14:05:19.228669 POST /session/494ca10a-da1f-49fd-b84e-cf3aba07a2ce/element [10.342ms] ERR:404 body={"strategy":"-android uiautomator","selector":"new UiSelector().descriptionContains(\"Definitely Not...
14:05:19.239059 POST /session/494ca10a-da1f-49fd-b84e-cf3aba07a2ce/element [10.327541ms] ERR:404 body={"strategy":"-android uiautomator","selector":"new UiSelector().textMatches(\"(?is).*\\QDefinitely N...
14:05:19.248303 POST /session/494ca10a-da1f-49fd-b84e-cf3aba07a2ce/element [9.17925ms] ERR:404 body={"strategy":"-android uiautomator","selector":"new UiSelector().descriptionMatches(\"(?is).*\\QDefin...
14:05:19.257052 POST /session/494ca10a-da1f-49fd-b84e-cf3aba07a2ce/element [8.688125ms] ERR:404 body={"strategy":"-android uiautomator","selector":"new UiSelector().textContains(\"Definitely Not Here\"...
14:05:19.271121 POST /session/494ca10a-da1f-49fd-b84e-cf3aba07a2ce/element [13.954167ms] ERR:404 body={"strategy":"-android uiautomator","selector":"new UiSelector().descriptionContains(\"Definitely Not...
14:05:19.283185 POST /session/494ca10a-da1f-49fd-b84e-cf3aba07a2ce/element [11.992708ms] ERR:404 body={"strategy":"-android uiautomator","selector":"new UiSelector().textMatches(\"(?is).*\\QDefinitely N...
14:05:19.294888 POST /session/494ca10a-da1f-49fd-b84e-cf3aba07a2ce/element [11.636125ms] ERR:404 body={"strategy":"-android uiautomator","selector":"new UiSelector().descriptionMatches(\"(?is).*\\QDefin...
14:05:19.307251 POST /session/494ca10a-da1f-49fd-b84e-cf3aba07a2ce/element [12.285125ms] ERR:404 body={"strategy":"-android uiautomator","selector":"new UiSelector().textContains(\"Definitely Not Here\"...
14:05:19.319933 POST /session/494ca10a-da1f-49fd-b84e-cf3aba07a2ce/element [12.612ms] ERR:404 body={"strategy":"-android uiautomator","selector":"new UiSelector().descriptionContains(\"Definitely Not...
14:05:19.333701 POST /session/494ca10a-da1f-49fd-b84e-cf3aba07a2ce/element [13.685625ms] ERR:404 body={"strategy":"-android uiautomator","selector":"new UiSelector().textMatches(\"(?is).*\\QDefinitely N...
14:05:19.344717 POST /session/494ca10a-da1f-49fd-b84e-cf3aba07a2ce/element [10.944125ms] ERR:404 body={"strategy":"-android uiautomator","selector":"new UiSelector().descriptionMatches(\"(?is).*\\QDefin...
14:05:19.356430 POST /session/494ca10a-da1f-49fd-b84e-cf3aba07a2ce/element [11.652958ms] ERR:404 body={"strategy":"-android uiautomator","selector":"new UiSelector().textContains(\"Definitely Not Here\"...
14:05:19.367931 POST /session/494ca10a-da1f-49fd-b84e-cf3aba07a2ce/element [11.395ms] ERR:404 body={"strategy":"-android uiautomator","selector":"new UiSelector().descriptionContains(\"Definitely Not...
14:05:19.382109 POST /session/494ca10a-da1f-49fd-b84e-cf3aba07a2ce/element [14.087041ms] ERR:404 body={"strategy":"-android uiautomator","selector":"new UiSelector().textMatches(\"(?is).*\\QDefinitely N...
14:05:19.389914 POST /session/494ca10a-da1f-49fd-b84e-cf3aba07a2ce/element [7.732459ms] ERR:404 body={"strategy":"-android uiautomator","selector":"new UiSelector().descriptionMatches(\"(?is).*\\QDefin...
14:05:19.401401 POST /session/494ca10a-da1f-49fd-b84e-cf3aba07a2ce/element [11.425125ms] ERR:404 body={"strategy":"-android uiautomator","selector":"new UiSelector().textContains(\"Definitely Not Here\"...
14:05:19.414659 POST /session/494ca10a-da1f-49fd-b84e-cf3aba07a2ce/element [12.965375ms] ERR:404 body={"strategy":"-android uiautomator","selector":"new UiSelector().descriptionContains(\"Definitely Not...
14:05:19.428601 POST /session/494ca10a-da1f-49fd-b84e-cf3aba07a2ce/element [13.861667ms] ERR:404 body={"strategy":"-android uiautomator","selector":"new UiSelector().textMatches(\"(?is).*\\QDefinitely N...
14:05:19.441103 POST /session/494ca10a-da1f-49fd-b84e-cf3aba07a2ce/element [12.4035ms] ERR:404 body={"strategy":"-android uiautomator","selector":"new UiSelector().descriptionMatches(\"(?is).*\\QDefin...
14:05:19.455918 POST /session/494ca10a-da1f-49fd-b84e-cf3aba07a2ce/element [14.723041ms] ERR:404 body={"strategy":"-android uiautomator","selector":"new UiSelector().textContains(\"Definitely Not Here\"...
14:05:19.466522 POST /session/494ca10a-da1f-49fd-b84e-cf3aba07a2ce/element [10.538042ms] ERR:404 body={"strategy":"-android uiautomator","selector":"new UiSelector().descriptionContains(\"Definitely Not...
14:05:19.479234 POST /session/494ca10a-da1f-49fd-b84e-cf3aba07a2ce/element [12.656208ms] ERR:404 body={"strategy":"-android uiautomator","selector":"new UiSelector().textMatches(\"(?is).*\\QDefinitely N...
14:05:19.490258 POST /session/494ca10a-da1f-49fd-b84e-cf3aba07a2ce/element [10.96075ms] ERR:404 body={"strategy":"-android uiautomator","selector":"new UiSelector().descriptionMatches(\"(?is).*\\QDefin...
14:05:19.499482 POST /session/494ca10a-da1f-49fd-b84e-cf3aba07a2ce/element [9.173166ms] ERR:404 body={"strategy":"-android uiautomator","selector":"new UiSelector().textContains(\"Definitely Not Here\"...
14:05:19.509593 POST /session/494ca10a-da1f-49fd-b84e-cf3aba07a2ce/element [10.044416ms] ERR:404 body={"strategy":"-android uiautomator","selector":"new UiSelector().descriptionContains(\"Definitely Not...
14:05:19.517910 POST /session/494ca10a-da1f-49fd-b84e-cf3aba07a2ce/element [8.24775ms] ERR:404 body={"strategy":"-android uiautomator","selector":"new UiSelector().textMatches(\"(?is).*\\QDefinitely N...
14:05:19.529460 POST /session/494ca10a-da1f-49fd-b84e-cf3aba07a2ce/element [11.495667ms] ERR:404 body={"strategy":"-android uiautomator","selector":"new UiSelector().descriptionMatches(\"(?is).*\\QDefin...
14:05:19.539003 POST /session/494ca10a-da1f-49fd-b84e-cf3aba07a2ce/element [9.366583ms] ERR:404 body={"strategy":"-android uiautomator","selector":"new UiSelector().textContains(\"Definitely Not Here\"...
14:05:19.547948 POST /session/494ca10a-da1f-49fd-b84e-cf3aba07a2ce/element [8.890292ms] ERR:404 body={"strategy":"-android uiautomator","selector":"new UiSelector().descriptionContains(\"Definitely Not...
14:05:19.557102 POST /session/494ca10a-da1f-49fd-b84e-cf3aba07a2ce/element [9.083042ms] ERR:404 body={"strategy":"-android uiautomator","selector":"new UiSelector().textMatches(\"(?is).*\\QDefinitely N...
14:05:19.567152 POST /session/494ca10a-da1f-49fd-b84e-cf3aba07a2ce/element [9.989458ms] ERR:404 body={"strategy":"-android uiautomator","selector":"new UiSelector().descriptionMatches(\"(?is).*\\QDefin...
14:05:19.577724 POST /session/494ca10a-da1f-49fd-b84e-cf3aba07a2ce/element [10.508333ms] ERR:404 body={"strategy":"-android uiautomator","selector":"new UiSelector().textContains(\"Definitely Not Here\"...
14:05:19.585898 POST /session/494ca10a-da1f-49fd-b84e-cf3aba07a2ce/element [8.097417ms] ERR:404 body={"strategy":"-android uiautomator","selector":"new UiSelector().descriptionContains(\"Definitely Not...
14:05:19.596250 POST /session/494ca10a-da1f-49fd-b84e-cf3aba07a2ce/element [10.288542ms] ERR:404 body={"strategy":"-android uiautomator","selector":"new UiSelector().textMatches(\"(?is).*\\QDefinitely N...
14:05:19.607483 POST /session/494ca10a-da1f-49fd-b84e-cf3aba07a2ce/element [11.174958ms] ERR:404 body={"strategy":"-android uiautomator","selector":"new UiSelector().descriptionMatches(\"(?is).*\\QDefin...
14:05:19.621567 POST /session/494ca10a-da1f-49fd-b84e-cf3aba07a2ce/element [14.017625ms] ERR:404 body={"strategy":"-android uiautomator","selector":"new UiSelector().textContains(\"Definitely Not Here\"...
14:05:19.633805 POST /session/494ca10a-da1f-49fd-b84e-cf3aba07a2ce/element [12.175542ms] ERR:404 body={"strategy":"-android uiautomator","selector":"new UiSelector().descriptionContains(\"Definitely Not...
14:05:19.648844 POST /session/494ca10a-da1f-49fd-b84e-cf3aba07a2ce/element [14.960167ms] ERR:404 body={"strategy":"-android uiautomator","selector":"new UiSelector().textMatches(\"(?is).*\\QDefinitely N...
14:05:19.659754 POST /session/494ca10a-da1f-49fd-b84e-cf3aba07a2ce/element [10.844334ms] ERR:404 body={"strategy":"-android uiautomator","selector":"new UiSelector().descriptionMatches(\"(?is).*\\QDefin...
14:05:19.668916 POST /session/494ca10a-da1f-49fd-b84e-cf3aba07a2ce/element [9.087ms] ERR:404 body={"strategy":"-android uiautomator","selector":"new UiSelector().textContains(\"Definitely Not Here\"...
14:05:19.689272 POST /session/494ca10a-da1f-49fd-b84e-cf3aba07a2ce/element [20.29ms] ERR:404 body={"strategy":"-android uiautomator","selector":"new UiSelector().descriptionContains(\"Definitely Not...
14:05:19.706224 POST /session/494ca10a-da1f-49fd-b84e-cf3aba07a2ce/element [16.886125ms] ERR:404 body={"strategy":"-android uiautomator","selector":"new UiSelector().textMatches(\"(?is).*\\QDefinitely N...
14:05:19.738698 POST /session/494ca10a-da1f-49fd-b84e-cf3aba07a2ce/element [32.394334ms] ERR:404 body={"strategy":"-android uiautomator","selector":"new UiSelector().descriptionMatches(\"(?is).*\\QDefin...
14:05:19.748286 POST /session/494ca10a-da1f-49fd-b84e-cf3aba07a2ce/element [9.45175ms] ERR:404 body={"strategy":"-android uiautomator","selector":"new UiSelector().textContains(\"Definitely Not Here\"...
14:05:19.758513 POST /session/494ca10a-da1f-49fd-b84e-cf3aba07a2ce/element [10.159167ms] ERR:404 body={"strategy":"-android uiautomator","selector":"new UiSelector().descriptionContains(\"Definitely Not...
14:05:19.771646 POST /session/494ca10a-da1f-49fd-b84e-cf3aba07a2ce/element [13.081666ms] ERR:404 body={"strategy":"-android uiautomator","selector":"new UiSelector().textMatches(\"(?is).*\\QDefinitely N...
14:05:19.780599 POST /session/494ca10a-da1f-49fd-b84e-cf3aba07a2ce/element [8.8965ms] ERR:404 body={"strategy":"-android uiautomator","selector":"new UiSelector().descriptionMatches(\"(?is).*\\QDefin...
14:05:19.787909 POST /session/494ca10a-da1f-49fd-b84e-cf3aba07a2ce/element [7.247708ms] ERR:404 body={"strategy":"-android uiautomator","selector":"new UiSelector().textContains(\"Definitely Not Here\"...
14:05:19.796526 POST /session/494ca10a-da1f-49fd-b84e-cf3aba07a2ce/element [8.552791ms] ERR:404 body={"strategy":"-android uiautomator","selector":"new UiSelector().descriptionContains(\"Definitely Not...
14:05:19.807276 POST /session/494ca10a-da1f-49fd-b84e-cf3aba07a2ce/element [10.689917ms] ERR:404 body={"strategy":"-android uiautomator","selector":"new UiSelector().textMatches(\"(?is).*\\QDefinitely N...
14:05:19.817408 POST /session/494ca10a-da1f-49fd-b84e-cf3aba07a2ce/element [10.0705ms] ERR:404 body={"strategy":"-android uiautomator","selector":"new UiSelector().descriptionMatches(\"(?is).*\\QDefin...
14:05:19.826828 POST /session/494ca10a-da1f-49fd-b84e-cf3aba07a2ce/element [9.352542ms] ERR:404 body={"strategy":"-android uiautomator","selector":"new UiSelector().textContains(\"Definitely Not Here\"...
14:05:19.837262 POST /session/494ca10a-da1f-49fd-b84e-cf3aba07a2ce/element [10.366834ms] ERR:404 body={"strategy":"-android uiautomator","selector":"new UiSelector().descriptionContains(\"Definitely Not...
14:05:19.846192 POST /session/494ca10a-da1f-49fd-b84e-cf3aba07a2ce/element [8.878958ms] ERR:404 body={"strategy":"-android uiautomator","selector":"new UiSelector().textMatches(\"(?is).*\\QDefinitely N...
14:05:19.857581 POST /session/494ca10a-da1f-49fd-b84e-cf3aba07a2ce/element [11.339417ms] ERR:404 body={"strategy":"-android uiautomator","selector":"new UiSelector().descriptionMatches(\"(?is).*\\QDefin...
14:05:19.869468 POST /session/494ca10a-da1f-49fd-b84e-cf3aba07a2ce/element [11.828833ms] ERR:404 body={"strategy":"-android uiautomator","selector":"new UiSelector().textContains(\"Definitely Not Here\"...
14:05:19.881077 POST /session/494ca10a-da1f-49fd-b84e-cf3aba07a2ce/element [11.555458ms] ERR:404 body={"strategy":"-android uiautomator","selector":"new UiSelector().descriptionContains(\"Definitely Not...
14:05:19.892999 POST /session/494ca10a-da1f-49fd-b84e-cf3aba07a2ce/element [11.873416ms] ERR:404 body={"strategy":"-android uiautomator","selector":"new UiSelector().textMatches(\"(?is).*\\QDefinitely N...
14:05:19.905155 POST /session/494ca10a-da1f-49fd-b84e-cf3aba07a2ce/element [12.102ms] ERR:404 body={"strategy":"-android uiautomator","selector":"new UiSelector().descriptionMatches(\"(?is).*\\QDefin...
14:05:19.920068 POST /session/494ca10a-da1f-49fd-b84e-cf3aba07a2ce/element [14.852209ms] ERR:404 body={"strategy":"-android uiautomator","selector":"new UiSelector().textContains(\"Definitely Not Here\"...
14:05:19.933366 POST /session/494ca10a-da1f-49fd-b84e-cf3aba07a2ce/element [13.235417ms] ERR:404 body={"strategy":"-android uiautomator","selector":"new UiSelector().descriptionContains(\"Definitely Not...
14:05:19.949088 POST /session/494ca10a-da1f-49fd-b84e-cf3aba07a2ce/element [15.662958ms] ERR:404 body={"strategy":"-android uiautomator","selector":"new UiSelector().textMatches(\"(?is).*\\QDefinitely N...
14:05:19.961655 POST /session/494ca10a-da1f-49fd-b84e-cf3aba07a2ce/element [12.497708ms] ERR:404 body={"strategy":"-android uiautomator","selector":"new UiSelector().descriptionMatches(\"(?is).*\\QDefin...
14:05:20.003153 POST /session/494ca10a-da1f-49fd-b84e-cf3aba07a2ce/element [41.433291ms] ERR:404 body={"strategy":"-android uiautomator","selector":"new UiSelector().textContains(\"Definitely Not Here\"...
14:05:20.019038 POST /session/494ca10a-da1f-49fd-b84e-cf3aba07a2ce/element [15.805666ms] ERR:404 body={"strategy":"-android uiautomator","selector":"new UiSelector().descriptionContains(\"Definitely Not...
14:05:20.034422 POST /session/494ca10a-da1f-49fd-b84e-cf3aba07a2ce/element [15.29975ms] ERR:404 body={"strategy":"-android uiautomator","selector":"new UiSelector().textMatches(\"(?is).*\\QDefinitely N...
14:05:20.046636 POST /session/494ca10a-da1f-49fd-b84e-cf3aba07a2ce/element [12.012875ms] ERR:404 body={"strategy":"-android uiautomator","selector":"new UiSelector().descriptionMatches(\"(?is).*\\QDefin...
14:05:20.055499 POST /session/494ca10a-da1f-49fd-b84e-cf3aba07a2ce/element [8.777958ms] ERR:404 body={"strategy":"-android uiautomator","selector":"new UiSelector().textContains(\"Definitely Not Here\"...
14:05:20.070370 POST /session/494ca10a-da1f-49fd-b84e-cf3aba07a2ce/element [14.805ms] ERR:404 body={"strategy":"-android uiautomator","selector":"new UiSelector().descriptionContains(\"Definitely Not...
14:05:20.078593 POST /session/494ca10a-da1f-49fd-b84e-cf3aba07a2ce/element [8.110917ms] ERR:404 body={"strategy":"-android uiautomator","selector":"new UiSelector().textMatches(\"(?is).*\\QDefinitely N...
14:05:20.089802 POST /session/494ca10a-da1f-49fd-b84e-cf3aba07a2ce/element [11.149667ms] ERR:404 body={"strategy":"-android uiautomator","selector":"new UiSelector().descriptionMatches(\"(?is).*\\QDefin...
14:05:20.097187 POST /session/494ca10a-da1f-49fd-b84e-cf3aba07a2ce/element [7.3345ms] ERR:404 body={"strategy":"-android uiautomator","selector":"new UiSelector().textContains(\"Definitely Not Here\"...
14:05:20.117062 POST /session/494ca10a-da1f-49fd-b84e-cf3aba07a2ce/element [19.81925ms] ERR:404 body={"strategy":"-android uiautomator","selector":"new UiSelector().descriptionContains(\"Definitely Not...
14:05:20.128221 POST /session/494ca10a-da1f-49fd-b84e-cf3aba07a2ce/element [11.082083ms] ERR:404 body={"strategy":"-android uiautomator","selector":"new UiSelector().textMatches(\"(?is).*\\QDefinitely N...
14:05:20.141399 POST /session/494ca10a-da1f-49fd-b84e-cf3aba07a2ce/element [13.116334ms] ERR:404 body={"strategy":"-android uiautomator","selector":"new UiSelector().descriptionMatches(\"(?is).*\\QDefin...
14:05:20.152919 POST /session/494ca10a-da1f-49fd-b84e-cf3aba07a2ce/element [11.462625ms] ERR:404 body={"strategy":"-android uiautomator","selector":"new UiSelector().textContains(\"Definitely Not Here\"...
14:05:20.162350 POST /session/494ca10a-da1f-49fd-b84e-cf3aba07a2ce/element [9.376209ms] ERR:404 body={"strategy":"-android uiautomator","selector":"new UiSelector().descriptionContains(\"Definitely Not...
14:05:20.174310 POST /session/494ca10a-da1f-49fd-b84e-cf3aba07a2ce/element [11.897833ms] ERR:404 body={"strategy":"-android uiautomator","selector":"new UiSelector().textMatches(\"(?is).*\\QDefinitely N...
14:05:20.188842 POST /session/494ca10a-da1f-49fd-b84e-cf3aba07a2ce/element [14.476084ms] ERR:404 body={"strategy":"-android uiautomator","selector":"new UiSelector().descriptionMatches(\"(?is).*\\QDefin...
14:05:20.196190 POST /session/494ca10a-da1f-49fd-b84e-cf3aba07a2ce/element [7.135958ms] ERR:404 body={"strategy":"-android uiautomator","selector":"new UiSelector().textContains(\"Definitely Not Here\"...
14:05:20.203089 POST /session/494ca10a-da1f-49fd-b84e-cf3aba07a2ce/element [6.733ms] ERR:404 body={"strategy":"-android uiautomator","selector":"new UiSelector().descriptionContains(\"Definitely Not...
14:05:20.213094 POST /session/494ca10a-da1f-49fd-b84e-cf3aba07a2ce/element [9.925542ms] ERR:404 body={"strategy":"-android uiautomator","selector":"new UiSelector().textMatches(\"(?is).*\\QDefinitely N...
14:05:20.223823 POST /session/494ca10a-da1f-49fd-b84e-cf3aba07a2ce/element [10.6695ms] ERR:404 body={"strategy":"-android uiautomator","selector":"new UiSelector().descriptionMatches(\"(?is).*\\QDefin...
14:05:20.232836 POST /session/494ca10a-da1f-49fd-b84e-cf3aba07a2ce/element [8.958625ms] ERR:404 body={"strategy":"-android uiautomator","selector":"new UiSelector().textContains(\"Definitely Not Here\"...
14:05:20.242422 POST /session/494ca10a-da1f-49fd-b84e-cf3aba07a2ce/element [9.534083ms] ERR:404 body={"strategy":"-android uiautomator","selector":"new UiSelector().descriptionContains(\"Definitely Not...
14:05:20.248006 POST /session/494ca10a-da1f-49fd-b84e-cf3aba07a2ce/element [5.5195ms] ERR:404 body={"strategy":"-android uiautomator","selector":"new UiSelector().textMatches(\"(?is).*\\QDefinitely N...
14:05:20.257569 POST /session/494ca10a-da1f-49fd-b84e-cf3aba07a2ce/element [9.5115ms] ERR:404 body={"strategy":"-android uiautomator","selector":"new UiSelector().descriptionMatches(\"(?is).*\\QDefin...
14:05:20.266389 POST /session/494ca10a-da1f-49fd-b84e-cf3aba07a2ce/element [8.769958ms] ERR:404 body={"strategy":"-android uiautomator","selector":"new UiSelector().textContains(\"Definitely Not Here\"...
14:05:20.277048 POST /session/494ca10a-da1f-49fd-b84e-cf3aba07a2ce/element [10.610625ms] ERR:404 body={"strategy":"-android uiautomator","selector":"new UiSelector().descriptionContains(\"Definitely Not...
14:05:20.285437 POST /session/494ca10a-da1f-49fd-b84e-cf3aba07a2ce/element [8.324ms] ERR:404 body={"strategy":"-android uiautomator","selector":"new UiSelector().textMatches(\"(?is).*\\QDefinitely N...
14:05:20.295021 POST /session/494ca10a-da1f-49fd-b84e-cf3aba07a2ce/element [9.474417ms] ERR:404 body={"strategy":"-android uiautomator","selector":"new UiSelector().descriptionMatches(\"(?is).*\\QDefin...
14:05:20.303342 POST /session/494ca10a-da1f-49fd-b84e-cf3aba07a2ce/element [8.258084ms] ERR:404 body={"strategy":"-android uiautomator","selector":"new UiSelector().textContains(\"Definitely Not Here\"...
14:05:20.321366 POST /session/494ca10a-da1f-49fd-b84e-cf3aba07a2ce/element [17.932375ms] ERR:404 body={"strategy":"-android uiautomator","selector":"new UiSelector().descriptionContains(\"Definitely Not...
14:05:20.335434 POST /session/494ca10a-da1f-49fd-b84e-cf3aba07a2ce/element [13.983042ms] ERR:404 body={"strategy":"-android uiautomator","selector":"new UiSelector().textMatches(\"(?is).*\\QDefinitely N...
14:05:20.355626 POST /session/494ca10a-da1f-49fd-b84e-cf3aba07a2ce/element [20.065375ms] ERR:404 body={"strategy":"-android uiautomator","selector":"new UiSelector().descriptionMatches(\"(?is).*\\QDefin...
14:05:20.375098 POST /session/494ca10a-da1f-49fd-b84e-cf3aba07a2ce/element [19.419625ms] ERR:404 body={"strategy":"-android uiautomator","selector":"new UiSelector().textContains(\"Definitely Not Here\"...
14:05:20.383521 POST /session/494ca10a-da1f-49fd-b84e-cf3aba07a2ce/element [8.368042ms] ERR:404 body={"strategy":"-android uiautomator","selector":"new UiSelector().descriptionContains(\"Definitely Not...
14:05:20.390660 POST /session/494ca10a-da1f-49fd-b84e-cf3aba07a2ce/element [7.059458ms] ERR:404 body={"strategy":"-android uiautomator","selector":"new UiSelector().textMatches(\"(?is).*\\QDefinitely N...
14:05:20.405658 POST /session/494ca10a-da1f-49fd-b84e-cf3aba07a2ce/element [14.904416ms] ERR:404 body={"strategy":"-android uiautomator","selector":"new UiSelector().descriptionMatches(\"(?is).*\\QDefin...
14:05:20.417910 POST /session/494ca10a-da1f-49fd-b84e-cf3aba07a2ce/element [12.164042ms] ERR:404 body={"strategy":"-android uiautomator","selector":"new UiSelector().textContains(\"Definitely Not Here\"...
14:05:20.425119 POST /session/494ca10a-da1f-49fd-b84e-cf3aba07a2ce/element [7.1575ms] ERR:404 body={"strategy":"-android uiautomator","selector":"new UiSelector().descriptionContains(\"Definitely Not...
14:05:20.437831 POST /session/494ca10a-da1f-49fd-b84e-cf3aba07a2ce/element [12.65725ms] ERR:404 body={"strategy":"-android uiautomator","selector":"new UiSelector().textMatches(\"(?is).*\\QDefinitely N...
14:05:20.445302 POST /session/494ca10a-da1f-49fd-b84e-cf3aba07a2ce/element [7.408083ms] ERR:404 body={"strategy":"-android uiautomator","selector":"new UiSelector().descriptionMatches(\"(?is).*\\QDefin...
14:05:20.455950 POST /session/494ca10a-da1f-49fd-b84e-cf3aba07a2ce/element [10.598458ms] ERR:404 body={"strategy":"-android uiautomator","selector":"new UiSelector().textContains(\"Definitely Not Here\"...
14:05:20.468376 POST /session/494ca10a-da1f-49fd-b84e-cf3aba07a2ce/element [12.341292ms] ERR:404 body={"strategy":"-android uiautomator","selector":"new UiSelector().descriptionContains(\"Definitely Not...
14:05:20.478386 POST /session/494ca10a-da1f-49fd-b84e-cf3aba07a2ce/element [9.9415ms] ERR:404 body={"strategy":"-android uiautomator","selector":"new UiSelector().textMatches(\"(?is).*\\QDefinitely N...
14:05:20.490299 POST /session/494ca10a-da1f-49fd-b84e-cf3aba07a2ce/element [11.850667ms] ERR:404 body={"strategy":"-android uiautomator","selector":"new UiSelector().descriptionMatches(\"(?is).*\\QDefin...
14:05:20.498695 POST /session/494ca10a-da1f-49fd-b84e-cf3aba07a2ce/element [8.3355ms] ERR:404 body={"strategy":"-android uiautomator","selector":"new UiSelector().textContains(\"Definitely Not Here\"...
14:05:20.507255 POST /session/494ca10a-da1f-49fd-b84e-cf3aba07a2ce/element [8.507542ms] ERR:404 body={"strategy":"-android uiautomator","selector":"new UiSelector().descriptionContains(\"Definitely Not...
14:05:20.515539 POST /session/494ca10a-da1f-49fd-b84e-cf3aba07a2ce/element [8.232083ms] ERR:404 body={"strategy":"-android uiautomator","selector":"new UiSelector().textMatches(\"(?is).*\\QDefinitely N...
14:05:20.523065 POST /session/494ca10a-da1f-49fd-b84e-cf3aba07a2ce/element [7.481667ms] ERR:404 body={"strategy":"-android uiautomator","selector":"new UiSelector().descriptionMatches(\"(?is).*\\QDefin...
14:05:20.529403 POST /session/494ca10a-da1f-49fd-b84e-cf3aba07a2ce/element [6.289209ms] ERR:404 body={"strategy":"-android uiautomator","selector":"new UiSelector().textContains(\"Definitely Not Here\"...
14:05:20.540629 POST /session/494ca10a-da1f-49fd-b84e-cf3aba07a2ce/element [11.176458ms] ERR:404 body={"strategy":"-android uiautomator","selector":"new UiSelector().descriptionContains(\"Definitely Not...
14:05:20.549253 POST /session/494ca10a-da1f-49fd-b84e-cf3aba07a2ce/element [8.568333ms] ERR:404 body={"strategy":"-android uiautomator","selector":"new UiSelector().textMatches(\"(?is).*\\QDefinitely N...
14:05:20.556661 POST /session/494ca10a-da1f-49fd-b84e-cf3aba07a2ce/element [7.360084ms] ERR:404 body={"strategy":"-android uiautomator","selector":"new UiSelector().descriptionMatches(\"(?is).*\\QDefin...
14:05:20.567621 POST /session/494ca10a-da1f-49fd-b84e-cf3aba07a2ce/element [10.899709ms] ERR:404 body={"strategy":"-android uiautomator","selector":"new UiSelector().textContains(\"Definitely Not Here\"...
14:05:20.579253 POST /session/494ca10a-da1f-49fd-b84e-cf3aba07a2ce/element [11.5765ms] ERR:404 body={"strategy":"-android uiautomator","selector":"new UiSelector().descriptionContains(\"Definitely Not...
14:05:20.585333 POST /session/494ca10a-da1f-49fd-b84e-cf3aba07a2ce/element [6.021083ms] ERR:404 body={"strategy":"-android uiautomator","selector":"new UiSelector().textMatches(\"(?is).*\\QDefinitely N...
14:05:20.595949 POST /session/494ca10a-da1f-49fd-b84e-cf3aba07a2ce/element [10.5585ms] ERR:404 body={"strategy":"-android uiautomator","selector":"new UiSelector().descriptionMatches(\"(?is).*\\QDefin...
14:05:20.604732 POST /session/494ca10a-da1f-49fd-b84e-cf3aba07a2ce/element [8.731958ms] ERR:404 body={"strategy":"-android uiautomator","selector":"new UiSelector().textContains(\"Definitely Not Here\"...
14:05:20.611421 POST /session/494ca10a-da1f-49fd-b84e-cf3aba07a2ce/element [6.626333ms] ERR:404 body={"strategy":"-android uiautomator","selector":"new UiSelector().descriptionContains(\"Definitely Not...
14:05:20.621300 POST /session/494ca10a-da1f-49fd-b84e-cf3aba07a2ce/element [9.815667ms] ERR:404 body={"strategy":"-android uiautomator","selector":"new UiSelector().textMatches(\"(?is).*\\QDefinitely N...
14:05:20.631271 POST /session/494ca10a-da1f-49fd-b84e-cf3aba07a2ce/element [9.904833ms] ERR:404 body={"strategy":"-android uiautomator","selector":"new UiSelector().descriptionMatches(\"(?is).*\\QDefin...
14:05:20.642323 POST /session/494ca10a-da1f-49fd-b84e-cf3aba07a2ce/element [10.985417ms] ERR:404 body={"strategy":"-android uiautomator","selector":"new UiSelector().textContains(\"Definitely Not Here\"...
14:05:20.652321 POST /session/494ca10a-da1f-49fd-b84e-cf3aba07a2ce/element [9.929ms] ERR:404 body={"strategy":"-android uiautomator","selector":"new UiSelector().descriptionContains(\"Definitely Not...
14:05:20.664113 POST /session/494ca10a-da1f-49fd-b84e-cf3aba07a2ce/element [11.724375ms] ERR:404 body={"strategy":"-android uiautomator","selector":"new UiSelector().textMatches(\"(?is).*\\QDefinitely N...
14:05:20.674094 POST /session/494ca10a-da1f-49fd-b84e-cf3aba07a2ce/element [9.848042ms] ERR:404 body={"strategy":"-android uiautomator","selector":"new UiSelector().descriptionMatches(\"(?is).*\\QDefin...
14:05:20.684193 POST /session/494ca10a-da1f-49fd-b84e-cf3aba07a2ce/element [9.800709ms] ERR:404 body={"strategy":"-android uiautomator","selector":"new UiSelector().textContains(\"Definitely Not Here\"...
14:05:20.692461 POST /session/494ca10a-da1f-49fd-b84e-cf3aba07a2ce/element [8.195875ms] ERR:404 body={"strategy":"-android uiautomator","selector":"new UiSelector().descriptionContains(\"Definitely Not...
14:05:20.705287 POST /session/494ca10a-da1f-49fd-b84e-cf3aba07a2ce/element [12.763083ms] ERR:404 body={"strategy":"-android uiautomator","selector":"new UiSelector().textMatches(\"(?is).*\\QDefinitely N...
14:05:20.712162 POST /session/494ca10a-da1f-49fd-b84e-cf3aba07a2ce/element [6.821333ms] ERR:404 body={"strategy":"-android uiautomator","selector":"new UiSelector().descriptionMatches(\"(?is).*\\QDefin...
14:05:20.719393 POST /session/494ca10a-da1f-49fd-b84e-cf3aba07a2ce/element [7.170667ms] ERR:404 body={"strategy":"-android uiautomator","selector":"new UiSelector().textContains(\"Definitely Not Here\"...
14:05:20.733101 POST /session/494ca10a-da1f-49fd-b84e-cf3aba07a2ce/element [13.6195ms] ERR:404 body={"strategy":"-android uiautomator","selector":"new UiSelector().descriptionContains(\"Definitely Not...
14:05:20.749946 POST /session/494ca10a-da1f-49fd-b84e-cf3aba07a2ce/element [16.77275ms] ERR:404 body={"strategy":"-android uiautomator","selector":"new UiSelector().textMatches(\"(?is).*\\QDefinitely N...
14:05:20.765072 POST /session/494ca10a-da1f-49fd-b84e-cf3aba07a2ce/element [15.071209ms] ERR:404 body={"strategy":"-android uiautomator","selector":"new UiSelector().descriptionMatches(\"(?is).*\\QDefin...
14:05:20.774997 POST /session/494ca10a-da1f-49fd-b84e-cf3aba07a2ce/element [9.864ms] ERR:404 body={"strategy":"-android uiautomator","selector":"new UiSelector().textContains(\"Definitely Not Here\"...
14:05:20.785080 POST /session/494ca10a-da1f-49fd-b84e-cf3aba07a2ce/element [9.996333ms] ERR:404 body={"strategy":"-android uiautomator","selector":"new UiSelector().descriptionContains(\"Definitely Not...
14:05:20.795863 POST /session/494ca10a-da1f-49fd-b84e-cf3aba07a2ce/element [10.715917ms] ERR:404 body={"strategy":"-android uiautomator","selector":"new UiSelector().textMatches(\"(?is).*\\QDefinitely N...
14:05:20.806205 POST /session/494ca10a-da1f-49fd-b84e-cf3aba07a2ce/element [10.279167ms] ERR:404 body={"strategy":"-android uiautomator","selector":"new UiSelector().descriptionMatches(\"(?is).*\\QDefin...
14:05:20.817159 POST /session/494ca10a-da1f-49fd-b84e-cf3aba07a2ce/element [10.889916ms] ERR:404 body={"strategy":"-android uiautomator","selector":"new UiSelector().textContains(\"Definitely Not Here\"...
14:05:20.828073 POST /session/494ca10a-da1f-49fd-b84e-cf3aba07a2ce/element [10.854958ms] ERR:404 body={"strategy":"-android uiautomator","selector":"new UiSelector().descriptionContains(\"Definitely Not...
14:05:20.841375 POST /session/494ca10a-da1f-49fd-b84e-cf3aba07a2ce/element [13.234667ms] ERR:404 body={"strategy":"-android uiautomator","selector":"new UiSelector().textMatches(\"(?is).*\\QDefinitely N...
14:05:20.851821 POST /session/494ca10a-da1f-49fd-b84e-cf3aba07a2ce/element [10.347625ms] ERR:404 body={"strategy":"-android uiautomator","selector":"new UiSelector().descriptionMatches(\"(?is).*\\QDefin...
14:05:20.861516 POST /session/494ca10a-da1f-49fd-b84e-cf3aba07a2ce/element [9.6415ms] ERR:404 body={"strategy":"-android uiautomator","selector":"new UiSelector().textContains(\"Definitely Not Here\"...
14:05:20.869997 POST /session/494ca10a-da1f-49fd-b84e-cf3aba07a2ce/element [8.422542ms] ERR:404 body={"strategy":"-android uiautomator","selector":"new UiSelector().descriptionContains(\"Definitely Not...
14:05:20.880142 POST /session/494ca10a-da1f-49fd-b84e-cf3aba07a2ce/element [10.093083ms] ERR:404 body={"strategy":"-android uiautomator","selector":"new UiSelector().textMatches(\"(?is).*\\QDefinitely N...
14:05:20.890354 POST /session/494ca10a-da1f-49fd-b84e-cf3aba07a2ce/element [10.153166ms] ERR:404 body={"strategy":"-android uiautomator","selector":"new UiSelector().descriptionMatches(\"(?is).*\\QDefin...
14:05:20.896660 POST /session/494ca10a-da1f-49fd-b84e-cf3aba07a2ce/element [6.246916ms] ERR:404 body={"strategy":"-android uiautomator","selector":"new UiSelector().textContains(\"Definitely Not Here\"...
14:05:20.908725 POST /session/494ca10a-da1f-49fd-b84e-cf3aba07a2ce/element [12.004208ms] ERR:404 body={"strategy":"-android uiautomator","selector":"new UiSelector().descriptionContains(\"Definitely Not...
14:05:20.917090 POST /session/494ca10a-da1f-49fd-b84e-cf3aba07a2ce/element [8.306ms] ERR:404 body={"strategy":"-android uiautomator","selector":"new UiSelector().textMatches(\"(?is).*\\QDefinitely N...
14:05:20.927173 POST /session/494ca10a-da1f-49fd-b84e-cf3aba07a2ce/element [10.021958ms] ERR:404 body={"strategy":"-android uiautomator","selector":"new UiSelector().descriptionMatches(\"(?is).*\\QDefin...
14:05:20.936592 POST /session/494ca10a-da1f-49fd-b84e-cf3aba07a2ce/element [9.3485ms] ERR:404 body={"strategy":"-android uiautomator","selector":"new UiSelector().textContains(\"Definitely Not Here\"...
14:05:20.948422 POST /session/494ca10a-da1f-49fd-b84e-cf3aba07a2ce/element [11.774334ms] ERR:404 body={"strategy":"-android uiautomator","selector":"new UiSelector().descriptionContains(\"Definitely Not...
14:05:20.956536 POST /session/494ca10a-da1f-49fd-b84e-cf3aba07a2ce/element [8.061708ms] ERR:404 body={"strategy":"-android uiautomator","selector":"new UiSelector().textMatches(\"(?is).*\\QDefinitely N...
14:05:20.965374 POST /session/494ca10a-da1f-49fd-b84e-cf3aba07a2ce/element [8.789375ms] ERR:404 body={"strategy":"-android uiautomator","selector":"new UiSelector().descriptionMatches(\"(?is).*\\QDefin...
14:05:20.975250 POST /session/494ca10a-da1f-49fd-b84e-cf3aba07a2ce/element [9.806208ms] ERR:404 body={"strategy":"-android uiautomator","selector":"new UiSelector().textContains(\"Definitely Not Here\"...
14:05:20.987099 POST /session/494ca10a-da1f-49fd-b84e-cf3aba07a2ce/element [11.789959ms] ERR:404 body={"strategy":"-android uiautomator","selector":"new UiSelector().descriptionContains(\"Definitely Not...
14:05:20.994922 POST /session/494ca10a-da1f-49fd-b84e-cf3aba07a2ce/element [6.681708ms] ERR:404 body={"strategy":"-android uiautomator","selector":"new UiSelector().textMatches(\"(?is).*\\QDefinitely N...
14:05:21.005624 POST /session/494ca10a-da1f-49fd-b84e-cf3aba07a2ce/element [10.649833ms] ERR:404 body={"strategy":"-android uiautomator","selector":"new UiSelector().descriptionMatches(\"(?is).*\\QDefin...
14:05:21.013571 POST /session/494ca10a-da1f-49fd-b84e-cf3aba07a2ce/element [7.887125ms] ERR:404 body={"strategy":"-android uiautomator","selector":"new UiSelector().textContains(\"Definitely Not Here\"...
14:05:21.023857 POST /session/494ca10a-da1f-49fd-b84e-cf3aba07a2ce/element [10.227333ms] ERR:404 body={"strategy":"-android uiautomator","selector":"new UiSelector().descriptionContains(\"Definitely Not...
14:05:21.034068 POST /session/494ca10a-da1f-49fd-b84e-cf3aba07a2ce/element [10.15675ms] ERR:404 body={"strategy":"-android uiautomator","selector":"new UiSelector().textMatches(\"(?is).*\\QDefinitely N...
14:05:21.043503 POST /session/494ca10a-da1f-49fd-b84e-cf3aba07a2ce/element [9.371041ms] ERR:404 body={"strategy":"-android uiautomator","selector":"new UiSelector().descriptionMatches(\"(?is).*\\QDefin...
14:05:21.053185 POST /session/494ca10a-da1f-49fd-b84e-cf3aba07a2ce/element [9.624ms] ERR:404 body={"strategy":"-android uiautomator","selector":"new UiSelector().textContains(\"Definitely Not Here\"...
14:05:21.061445 POST /session/494ca10a-da1f-49fd-b84e-cf3aba07a2ce/element [8.19625ms] ERR:404 body={"strategy":"-android uiautomator","selector":"new UiSelector().descriptionContains(\"Definitely Not...
14:05:21.071356 POST /session/494ca10a-da1f-49fd-b84e-cf3aba07a2ce/element [9.853916ms] ERR:404 body={"strategy":"-android uiautomator","selector":"new UiSelector().textMatches(\"(?is).*\\QDefinitely N...
14:05:21.080982 POST /session/494ca10a-da1f-49fd-b84e-cf3aba07a2ce/element [9.566959ms] ERR:404 body={"strategy":"-android uiautomator","selector":"new UiSelector().descriptionMatches(\"(?is).*\\QDefin...
14:05:21.096006 POST /session/494ca10a-da1f-49fd-b84e-cf3aba07a2ce/element [14.971792ms] ERR:404 body={"strategy":"-android uiautomator","selector":"new UiSelector().textContains(\"Definitely Not Here\"...
14:05:21.105961 POST /session/494ca10a-da1f-49fd-b84e-cf3aba07a2ce/element [9.906667ms] ERR:404 body={"strategy":"-android uiautomator","selector":"new UiSelector().descriptionContains(\"Definitely Not...
14:05:21.117282 POST /session/494ca10a-da1f-49fd-b84e-cf3aba07a2ce/element [11.25725ms] ERR:404 body={"strategy":"-android uiautomator","selector":"new UiSelector().textMatches(\"(?is).*\\QDefinitely N...
14:05:21.124714 POST /session/494ca10a-da1f-49fd-b84e-cf3aba07a2ce/element [7.376167ms] ERR:404 body={"strategy":"-android uiautomator","selector":"new UiSelector().descriptionMatches(\"(?is).*\\QDefin...
14:05:21.130667 POST /session/494ca10a-da1f-49fd-b84e-cf3aba07a2ce/element [5.767125ms] ERR:404 body={"strategy":"-android uiautomator","selector":"new UiSelector().textContains(\"Definitely Not Here\"...
14:05:21.141242 POST /session/494ca10a-da1f-49fd-b84e-cf3aba07a2ce/element [10.421625ms] ERR:404 body={"strategy":"-android uiautomator","selector":"new UiSelector().descriptionContains(\"Definitely Not...
14:05:21.154525 POST /session/494ca10a-da1f-49fd-b84e-cf3aba07a2ce/element [13.194084ms] ERR:404 body={"strategy":"-android uiautomator","selector":"new UiSelector().textMatches(\"(?is).*\\QDefinitely N...
14:05:21.164025 POST /session/494ca10a-da1f-49fd-b84e-cf3aba07a2ce/element [9.443292ms] ERR:404 body={"strategy":"-android uiautomator","selector":"new UiSelector().descriptionMatches(\"(?is).*\\QDefin...
14:05:21.176389 POST /session/494ca10a-da1f-49fd-b84e-cf3aba07a2ce/element [12.308541ms] ERR:404 body={"strategy":"-android uiautomator","selector":"new UiSelector().textContains(\"Definitely Not Here\"...
14:05:21.182761 POST /session/494ca10a-da1f-49fd-b84e-cf3aba07a2ce/element [6.315959ms] ERR:404 body={"strategy":"-android uiautomator","selector":"new UiSelector().descriptionContains(\"Definitely Not...
14:05:21.189769 POST /session/494ca10a-da1f-49fd-b84e-cf3aba07a2ce/element [6.961167ms] ERR:404 body={"strategy":"-android uiautomator","selector":"new UiSelector().textMatches(\"(?is).*\\QDefinitely N...
14:05:21.199511 POST /session/494ca10a-da1f-49fd-b84e-cf3aba07a2ce/element [9.690167ms] ERR:404 body={"strategy":"-android uiautomator","selector":"new UiSelector().descriptionMatches(\"(?is).*\\QDefin...
14:05:21.205961 POST /session/494ca10a-da1f-49fd-b84e-cf3aba07a2ce/element [6.397ms] ERR:404 body={"strategy":"-android uiautomator","selector":"new UiSelector().textContains(\"Definitely Not Here\"...
14:05:21.214738 POST /session/494ca10a-da1f-49fd-b84e-cf3aba07a2ce/element [8.720417ms] ERR:404 body={"strategy":"-android uiautomator","selector":"new UiSelector().descriptionContains(\"Definitely Not...
14:05:21.220692 POST /session/494ca10a-da1f-49fd-b84e-cf3aba07a2ce/element [5.895541ms] ERR:404 body={"strategy":"-android uiautomator","selector":"new UiSelector().textMatches(\"(?is).*\\QDefinitely N...
14:05:21.228507 POST /session/494ca10a-da1f-49fd-b84e-cf3aba07a2ce/element [7.759291ms] ERR:404 body={"strategy":"-android uiautomator","selector":"new UiSelector().descriptionMatches(\"(?is).*\\QDefin...
14:05:21.234426 POST /session/494ca10a-da1f-49fd-b84e-cf3aba07a2ce/element [5.847917ms] ERR:404 body={"strategy":"-android uiautomator","selector":"new UiSelector().textContains(\"Definitely Not Here\"...
14:05:21.243331 POST /session/494ca10a-da1f-49fd-b84e-cf3aba07a2ce/element [8.840125ms] ERR:404 body={"strategy":"-android uiautomator","selector":"new UiSelector().descriptionContains(\"Definitely Not...
14:05:21.256060 POST /session/494ca10a-da1f-49fd-b84e-cf3aba07a2ce/element [12.677708ms] ERR:404 body={"strategy":"-android uiautomator","selector":"new UiSelector().textMatches(\"(?is).*\\QDefinitely N...
14:05:21.265740 POST /session/494ca10a-da1f-49fd-b84e-cf3aba07a2ce/element [9.618583ms] ERR:404 body={"strategy":"-android uiautomator","selector":"new UiSelector().descriptionMatches(\"(?is).*\\QDefin...
14:05:21.275920 POST /session/494ca10a-da1f-49fd-b84e-cf3aba07a2ce/element [10.119292ms] ERR:404 body={"strategy":"-android uiautomator","selector":"new UiSelector().textContains(\"Definitely Not Here\"...
14:05:21.282627 POST /session/494ca10a-da1f-49fd-b84e-cf3aba07a2ce/element [6.649917ms] ERR:404 body={"strategy":"-android uiautomator","selector":"new UiSelector().descriptionContains(\"Definitely Not...
14:05:21.293303 POST /session/494ca10a-da1f-49fd-b84e-cf3aba07a2ce/element [10.620125ms] ERR:404 body={"strategy":"-android uiautomator","selector":"new UiSelector().textMatches(\"(?is).*\\QDefinitely N...
14:05:21.298288 POST /session/494ca10a-da1f-49fd-b84e-cf3aba07a2ce/element [4.92125ms] ERR:404 body={"strategy":"-android uiautomator","selector":"new UiSelector().descriptionMatches(\"(?is).*\\QDefin...
14:05:21.304729 POST /session/494ca10a-da1f-49fd-b84e-cf3aba07a2ce/element [6.382ms] ERR:404 body={"strategy":"-android uiautomator","selector":"new UiSelector().textContains(\"Definitely Not Here\"...
14:05:21.313813 POST /session/494ca10a-da1f-49fd-b84e-cf3aba07a2ce/element [9.016ms] ERR:404 body={"strategy":"-android uiautomator","selector":"new UiSelector().descriptionContains(\"Definitely Not...
14:05:21.326191 POST /session/494ca10a-da1f-49fd-b84e-cf3aba07a2ce/element [12.318542ms] ERR:404 body={"strategy":"-android uiautomator","selector":"new UiSelector().textMatches(\"(?is).*\\QDefinitely N...
14:05:21.334748 POST /session/494ca10a-da1f-49fd-b84e-cf3aba07a2ce/element [8.4995ms] ERR:404 body={"strategy":"-android uiautomator","selector":"new UiSelector().descriptionMatches(\"(?is).*\\QDefin...
14:05:21.346218 POST /session/494ca10a-da1f-49fd-b84e-cf3aba07a2ce/element [11.3985ms] ERR:404 body={"strategy":"-android uiautomator","selector":"new UiSelector().textContains(\"Definitely Not Here\"...
14:05:21.367011 POST /session/494ca10a-da1f-49fd-b84e-cf3aba07a2ce/element [20.644084ms] ERR:404 body={"strategy":"-android uiautomator","selector":"new UiSelector().descriptionContains(\"Definitely Not...
14:05:21.380789 POST /session/494ca10a-da1f-49fd-b84e-cf3aba07a2ce/element [13.704166ms] ERR:404 body={"strategy":"-android uiautomator","selector":"new UiSelector().textMatches(\"(?is).*\\QDefinitely N...
14:05:21.393082 POST /session/494ca10a-da1f-49fd-b84e-cf3aba07a2ce/element [12.232834ms] ERR:404 body={"strategy":"-android uiautomator","selector":"new UiSelector().descriptionMatches(\"(?is).*\\QDefin...
14:05:21.407656 POST /session/494ca10a-da1f-49fd-b84e-cf3aba07a2ce/element [14.509167ms] ERR:404 body={"strategy":"-android uiautomator","selector":"new UiSelector().textContains(\"Definitely Not Here\"...
14:05:21.415892 POST /session/494ca10a-da1f-49fd-b84e-cf3aba07a2ce/element [8.176458ms] ERR:404 body={"strategy":"-android uiautomator","selector":"new UiSelector().descriptionContains(\"Definitely Not...
14:05:21.420822 POST /session/494ca10a-da1f-49fd-b84e-cf3aba07a2ce/element [4.86675ms] ERR:404 body={"strategy":"-android uiautomator","selector":"new UiSelector().textMatches(\"(?is).*\\QDefinitely N...
14:05:21.431371 POST /session/494ca10a-da1f-49fd-b84e-cf3aba07a2ce/element [10.493209ms] ERR:404 body={"strategy":"-android uiautomator","selector":"new UiSelector().descriptionMatches(\"(?is).*\\QDefin...
14:05:21.439095 POST /session/494ca10a-da1f-49fd-b84e-cf3aba07a2ce/element [7.649292ms] ERR:404 body={"strategy":"-android uiautomator","selector":"new UiSelector().textContains(\"Definitely Not Here\"...
14:05:21.446458 POST /session/494ca10a-da1f-49fd-b84e-cf3aba07a2ce/element [7.30325ms] ERR:404 body={"strategy":"-android uiautomator","selector":"new UiSelector().descriptionContains(\"Definitely Not...
14:05:21.455507 POST /session/494ca10a-da1f-49fd-b84e-cf3aba07a2ce/element [8.988417ms] ERR:404 body={"strategy":"-android uiautomator","selector":"new UiSelector().textMatches(\"(?is).*\\QDefinitely N...
14:05:21.464125 POST /session/494ca10a-da1f-49fd-b84e-cf3aba07a2ce/element [8.540666ms] ERR:404 body={"strategy":"-android uiautomator","selector":"new UiSelector().descriptionMatches(\"(?is).*\\QDefin...
14:05:21.472059 POST /session/494ca10a-da1f-49fd-b84e-cf3aba07a2ce/element [7.867292ms] ERR:404 body={"strategy":"-android uiautomator","selector":"new UiSelector().textContains(\"Definitely Not Here\"...
14:05:21.480018 POST /session/494ca10a-da1f-49fd-b84e-cf3aba07a2ce/element [7.901375ms] ERR:404 body={"strategy":"-android uiautomator","selector":"new UiSelector().descriptionContains(\"Definitely Not...
14:05:21.486700 POST /session/494ca10a-da1f-49fd-b84e-cf3aba07a2ce/element [6.628167ms] ERR:404 body={"strategy":"-android uiautomator","selector":"new UiSelector().textMatches(\"(?is).*\\QDefinitely N...
14:05:21.492826 POST /session/494ca10a-da1f-49fd-b84e-cf3aba07a2ce/element [6.075625ms] ERR:404 body={"strategy":"-android uiautomator","selector":"new UiSelector().descriptionMatches(\"(?is).*\\QDefin...
14:05:21.504309 POST /session/494ca10a-da1f-49fd-b84e-cf3aba07a2ce/element [11.442084ms] ERR:404 body={"strategy":"-android uiautomator","selector":"new UiSelector().textContains(\"Definitely Not Here\"...
14:05:21.511938 POST /session/494ca10a-da1f-49fd-b84e-cf3aba07a2ce/element [7.577708ms] ERR:404 body={"strategy":"-android uiautomator","selector":"new UiSelector().descriptionContains(\"Definitely Not...
14:05:21.522166 POST /session/494ca10a-da1f-49fd-b84e-cf3aba07a2ce/element [10.177833ms] ERR:404 body={"strategy":"-android uiautomator","selector":"new UiSelector().textMatches(\"(?is).*\\QDefinitely N...
14:05:21.533129 POST /session/494ca10a-da1f-49fd-b84e-cf3aba07a2ce/element [10.902416ms] ERR:404 body={"strategy":"-android uiautomator","selector":"new UiSelector().descriptionMatches(\"(?is).*\\QDefin...
14:05:21.540021 POST /session/494ca10a-da1f-49fd-b84e-cf3aba07a2ce/element [6.829584ms] ERR:404 body={"strategy":"-android uiautomator","selector":"new UiSelector().textContains(\"Definitely Not Here\"...
14:05:21.547411 POST /session/494ca10a-da1f-49fd-b84e-cf3aba07a2ce/element [7.332041ms] ERR:404 body={"strategy":"-android uiautomator","selector":"new UiSelector().descriptionContains(\"Definitely Not...
14:05:21.558036 POST /session/494ca10a-da1f-49fd-b84e-cf3aba07a2ce/element [10.566916ms] ERR:404 body={"strategy":"-android uiautomator","selector":"new UiSelector().textMatches(\"(?is).*\\QDefinitely N...
14:05:21.564674 POST /session/494ca10a-da1f-49fd-b84e-cf3aba07a2ce/element [6.584167ms] ERR:404 body={"strategy":"-android uiautomator","selector":"new UiSelector().descriptionMatches(\"(?is).*\\QDefin...
14:05:21.573918 POST /session/494ca10a-da1f-49fd-b84e-cf3aba07a2ce/element [9.183417ms] ERR:404 body={"strategy":"-android uiautomator","selector":"new UiSelector().textContains(\"Definitely Not Here\"...
14:05:21.589864 POST /session/494ca10a-da1f-49fd-b84e-cf3aba07a2ce/element [15.893916ms] ERR:404 body={"strategy":"-android uiautomator","selector":"new UiSelector().descriptionContains(\"Definitely Not...
14:05:21.597689 POST /session/494ca10a-da1f-49fd-b84e-cf3aba07a2ce/element [7.762834ms] ERR:404 body={"strategy":"-android uiautomator","selector":"new UiSelector().textMatches(\"(?is).*\\QDefinitely N...
14:05:21.602487 POST /session/494ca10a-da1f-49fd-b84e-cf3aba07a2ce/element [4.740833ms] ERR:404 body={"strategy":"-android uiautomator","selector":"new UiSelector().descriptionMatches(\"(?is).*\\QDefin...
14:05:21.609496 POST /session/494ca10a-da1f-49fd-b84e-cf3aba07a2ce/element [6.953167ms] ERR:404 body={"strategy":"-android uiautomator","selector":"new UiSelector().textContains(\"Definitely Not Here\"...
14:05:21.618265 POST /session/494ca10a-da1f-49fd-b84e-cf3aba07a2ce/element [8.700625ms] ERR:404 body={"strategy":"-android uiautomator","selector":"new UiSelector().descriptionContains(\"Definitely Not...
14:05:21.628764 POST /session/494ca10a-da1f-49fd-b84e-cf3aba07a2ce/element [10.441833ms] ERR:404 body={"strategy":"-android uiautomator","selector":"new UiSelector().textMatches(\"(?is).*\\QDefinitely N...
14:05:21.640990 POST /session/494ca10a-da1f-49fd-b84e-cf3aba07a2ce/element [12.070625ms] ERR:404 body={"strategy":"-android uiautomator","selector":"new UiSelector().descriptionMatches(\"(?is).*\\QDefin...
14:05:21.651762 POST /session/494ca10a-da1f-49fd-b84e-cf3aba07a2ce/element [10.710792ms] ERR:404 body={"strategy":"-android uiautomator","selector":"new UiSelector().textContains(\"Definitely Not Here\"...
14:05:21.661151 POST /session/494ca10a-da1f-49fd-b84e-cf3aba07a2ce/element [9.342709ms] ERR:404 body={"strategy":"-android uiautomator","selector":"new UiSelector().descriptionContains(\"Definitely Not...
14:05:21.668928 POST /session/494ca10a-da1f-49fd-b84e-cf3aba07a2ce/element [7.718375ms] ERR:404 body={"strategy":"-android uiautomator","selector":"new UiSelector().textMatches(\"(?is).*\\QDefinitely N...
14:05:21.681986 POST /session/494ca10a-da1f-49fd-b84e-cf3aba07a2ce/element [13.003167ms] ERR:404 body={"strategy":"-android uiautomator","selector":"new UiSelector().descriptionMatches(\"(?is).*\\QDefin...
14:05:21.690848 POST /session/494ca10a-da1f-49fd-b84e-cf3aba07a2ce/element [8.802ms] ERR:404 body={"strategy":"-android uiautomator","selector":"new UiSelector().textContains(\"Definitely Not Here\"...
14:05:21.702476 POST /session/494ca10a-da1f-49fd-b84e-cf3aba07a2ce/element [11.516542ms] ERR:404 body={"strategy":"-android uiautomator","selector":"new UiSelector().descriptionContains(\"Definitely Not...
14:05:21.714138 POST /session/494ca10a-da1f-49fd-b84e-cf3aba07a2ce/element [11.582167ms] ERR:404 body={"strategy":"-android uiautomator","selector":"new UiSelector().textMatches(\"(?is).*\\QDefinitely N...
14:05:21.725074 POST /session/494ca10a-da1f-49fd-b84e-cf3aba07a2ce/element [10.797084ms] ERR:404 body={"strategy":"-android uiautomator","selector":"new UiSelector().descriptionMatches(\"(?is).*\\QDefin...
14:05:21.734643 POST /session/494ca10a-da1f-49fd-b84e-cf3aba07a2ce/element [9.508417ms] ERR:404 body={"strategy":"-android uiautomator","selector":"new UiSelector().textContains(\"Definitely Not Here\"...
14:05:21.745588 POST /session/494ca10a-da1f-49fd-b84e-cf3aba07a2ce/element [10.885ms] ERR:404 body={"strategy":"-android uiautomator","selector":"new UiSelector().descriptionContains(\"Definitely Not...
14:05:21.757772 POST /session/494ca10a-da1f-49fd-b84e-cf3aba07a2ce/element [12.069166ms] ERR:404 body={"strategy":"-android uiautomator","selector":"new UiSelector().textMatches(\"(?is).*\\QDefinitely N...
14:05:21.766941 POST /session/494ca10a-da1f-49fd-b84e-cf3aba07a2ce/element [9.109375ms] ERR:404 body={"strategy":"-android uiautomator","selector":"new UiSelector().descriptionMatches(\"(?is).*\\QDefin...
14:05:21.779881 POST /session/494ca10a-da1f-49fd-b84e-cf3aba07a2ce/element [12.883292ms] ERR:404 body={"strategy":"-android uiautomator","selector":"new UiSelector().textContains(\"Definitely Not Here\"...
14:05:21.794773 POST /session/494ca10a-da1f-49fd-b84e-cf3aba07a2ce/element [14.827ms] ERR:404 body={"strategy":"-android uiautomator","selector":"new UiSelector().descriptionContains(\"Definitely Not...
14:05:21.807013 POST /session/494ca10a-da1f-49fd-b84e-cf3aba07a2ce/element [10.934417ms] ERR:404 body={"strategy":"-android uiautomator","selector":"new UiSelector().textMatches(\"(?is).*\\QDefinitely N...
14:05:21.816265 POST /session/494ca10a-da1f-49fd-b84e-cf3aba07a2ce/element [8.965791ms] ERR:404 body={"strategy":"-android uiautomator","selector":"new UiSelector().descriptionMatches(\"(?is).*\\QDefin...
14:05:21.826370 POST /session/494ca10a-da1f-49fd-b84e-cf3aba07a2ce/element [10.003333ms] ERR:404 body={"strategy":"-android uiautomator","selector":"new UiSelector().textContains(\"Definitely Not Here\"...
14:05:21.835214 POST /session/494ca10a-da1f-49fd-b84e-cf3aba07a2ce/element [8.78425ms] ERR:404 body={"strategy":"-android uiautomator","selector":"new UiSelector().descriptionContains(\"Definitely Not...
14:05:21.845653 POST /session/494ca10a-da1f-49fd-b84e-cf3aba07a2ce/element [10.37925ms] ERR:404 body={"strategy":"-android uiautomator","selector":"new UiSelector().textMatches(\"(?is).*\\QDefinitely N...
14:05:21.855653 POST /session/494ca10a-da1f-49fd-b84e-cf3aba07a2ce/element [9.939958ms] ERR:404 body={"strategy":"-android uiautomator","selector":"new UiSelector().descriptionMatches(\"(?is).*\\QDefin...
14:05:21.862782 POST /session/494ca10a-da1f-49fd-b84e-cf3aba07a2ce/element [7.068375ms] ERR:404 body={"strategy":"-android uiautomator","selector":"new UiSelector().textContains(\"Definitely Not Here\"...
14:05:21.874880 POST /session/494ca10a-da1f-49fd-b84e-cf3aba07a2ce/element [12.029792ms] ERR:404 body={"strategy":"-android uiautomator","selector":"new UiSelector().descriptionContains(\"Definitely Not...
14:05:21.883742 POST /session/494ca10a-da1f-49fd-b84e-cf3aba07a2ce/element [8.799875ms] ERR:404 body={"strategy":"-android uiautomator","selector":"new UiSelector().textMatches(\"(?is).*\\QDefinitely N...
14:05:21.896403 POST /session/494ca10a-da1f-49fd-b84e-cf3aba07a2ce/element [12.597125ms] ERR:404 body={"strategy":"-android uiautomator","selector":"new UiSelector().descriptionMatches(\"(?is).*\\QDefin...
14:05:21.909154 POST /session/494ca10a-da1f-49fd-b84e-cf3aba07a2ce/element [12.686209ms] ERR:404 body={"strategy":"-android uiautomator","selector":"new UiSelector().textContains(\"Definitely Not Here\"...
14:05:21.918422 POST /session/494ca10a-da1f-49fd-b84e-cf3aba07a2ce/element [9.159166ms] ERR:404 body={"strategy":"-android uiautomator","selector":"new UiSelector().descriptionContains(\"Definitely Not...
14:05:21.926005 POST /session/494ca10a-da1f-49fd-b84e-cf3aba07a2ce/element [7.519042ms] ERR:404 body={"strategy":"-android uiautomator","selector":"new UiSelector().textMatches(\"(?is).*\\QDefinitely N...
14:05:21.933600 POST /session/494ca10a-da1f-49fd-b84e-cf3aba07a2ce/element [7.533583ms] ERR:404 body={"strategy":"-android uiautomator","selector":"new UiSelector().descriptionMatches(\"(?is).*\\QDefin...
14:05:21.943400 POST /session/494ca10a-da1f-49fd-b84e-cf3aba07a2ce/element [9.73975ms] ERR:404 body={"strategy":"-android uiautomator","selector":"new UiSelector().textContains(\"Definitely Not Here\"...
14:05:21.950749 POST /session/494ca10a-da1f-49fd-b84e-cf3aba07a2ce/element [7.283708ms] ERR:404 body={"strategy":"-android uiautomator","selector":"new UiSelector().descriptionContains(\"Definitely Not...
14:05:21.958633 POST /session/494ca10a-da1f-49fd-b84e-cf3aba07a2ce/element [7.815583ms] ERR:404 body={"strategy":"-android uiautomator","selector":"new UiSelector().textMatches(\"(?is).*\\QDefinitely N...
14:05:21.968102 POST /session/494ca10a-da1f-49fd-b84e-cf3aba07a2ce/element [9.404042ms] ERR:404 body={"strategy":"-android uiautomator","selector":"new UiSelector().descriptionMatches(\"(?is).*\\QDefin...
14:05:21.974675 POST /session/494ca10a-da1f-49fd-b84e-cf3aba07a2ce/element [6.503042ms] ERR:404 body={"strategy":"-android uiautomator","selector":"new UiSelector().textContains(\"Definitely Not Here\"...
14:05:21.982667 POST /session/494ca10a-da1f-49fd-b84e-cf3aba07a2ce/element [7.928417ms] ERR:404 body={"strategy":"-android uiautomator","selector":"new UiSelector().descriptionContains(\"Definitely Not...
14:05:21.990176 POST /session/494ca10a-da1f-49fd-b84e-cf3aba07a2ce/element [7.449042ms] ERR:404 body={"strategy":"-android uiautomator","selector":"new UiSelector().textMatches(\"(?is).*\\QDefinitely N...
14:05:21.999496 POST /session/494ca10a-da1f-49fd-b84e-cf3aba07a2ce/element [9.240834ms] ERR:404 body={"strategy":"-android uiautomator","selector":"new UiSelector().descriptionMatches(\"(?is).*\\QDefin...
14:05:22.010414 POST /session/494ca10a-da1f-49fd-b84e-cf3aba07a2ce/element [10.855667ms] ERR:404 body={"strategy":"-android uiautomator","selector":"new UiSelector().textContains(\"Definitely Not Here\"...
14:05:22.021712 POST /session/494ca10a-da1f-49fd-b84e-cf3aba07a2ce/element [11.228208ms] ERR:404 body={"strategy":"-android uiautomator","selector":"new UiSelector().descriptionContains(\"Definitely Not...
14:05:22.034715 POST /session/494ca10a-da1f-49fd-b84e-cf3aba07a2ce/element [12.943375ms] ERR:404 body={"strategy":"-android uiautomator","selector":"new UiSelector().textMatches(\"(?is).*\\QDefinitely N...
14:05:22.042782 POST /session/494ca10a-da1f-49fd-b84e-cf3aba07a2ce/element [8.010125ms] ERR:404 body={"strategy":"-android uiautomator","selector":"new UiSelector().descriptionMatches(\"(?is).*\\QDefin...
14:05:22.051599 POST /session/494ca10a-da1f-49fd-b84e-cf3aba07a2ce/element [8.759708ms] ERR:404 body={"strategy":"-android uiautomator","selector":"new UiSelector().textContains(\"Definitely Not Here\"...
14:05:22.059093 POST /session/494ca10a-da1f-49fd-b84e-cf3aba07a2ce/element [7.434709ms] ERR:404 body={"strategy":"-android uiautomator","selector":"new UiSelector().descriptionContains(\"Definitely Not...
14:05:22.065341 POST /session/494ca10a-da1f-49fd-b84e-cf3aba07a2ce/element [6.186917ms] ERR:404 body={"strategy":"-android uiautomator","selector":"new UiSelector().textMatches(\"(?is).*\\QDefinitely N...
14:05:22.072506 POST /session/494ca10a-da1f-49fd-b84e-cf3aba07a2ce/element [7.098208ms] ERR:404 body={"strategy":"-android uiautomator","selector":"new UiSelector().descriptionMatches(\"(?is).*\\QDefin...
14:05:22.080459 POST /session/494ca10a-da1f-49fd-b84e-cf3aba07a2ce/element [7.895042ms] ERR:404 body={"strategy":"-android uiautomator","selector":"new UiSelector().textContains(\"Definitely Not Here\"...
14:05:22.090481 POST /session/494ca10a-da1f-49fd-b84e-cf3aba07a2ce/element [9.861958ms] ERR:404 body={"strategy":"-android uiautomator","selector":"new UiSelector().descriptionContains(\"Definitely Not...
14:05:22.096989 POST /session/494ca10a-da1f-49fd-b84e-cf3aba07a2ce/element [6.438334ms] ERR:404 body={"strategy":"-android uiautomator","selector":"new UiSelector().textMatches(\"(?is).*\\QDefinitely N...
14:05:22.103783 POST /session/494ca10a-da1f-49fd-b84e-cf3aba07a2ce/element [6.732208ms] ERR:404 body={"strategy":"-android uiautomator","selector":"new UiSelector().descriptionMatches(\"(?is).*\\QDefin...
14:05:22.109737 POST /session/494ca10a-da1f-49fd-b84e-cf3aba07a2ce/element [5.905666ms] ERR:404 body={"strategy":"-android uiautomator","selector":"new UiSelector().textContains(\"Definitely Not Here\"...
14:05:22.114360 POST /session/494ca10a-da1f-49fd-b84e-cf3aba07a2ce/element [4.582ms] ERR:404 body={"strategy":"-android uiautomator","selector":"new UiSelector().descriptionContains(\"Definitely Not...
14:05:22.119905 POST /session/494ca10a-da1f-49fd-b84e-cf3aba07a2ce/element [5.506458ms] ERR:404 body={"strategy":"-android uiautomator","selector":"new UiSelector().textMatches(\"(?is).*\\QDefinitely N...
14:05:22.126682 POST /session/494ca10a-da1f-49fd-b84e-cf3aba07a2ce/element [6.732ms] ERR:404 body={"strategy":"-android uiautomator","selector":"new UiSelector().descriptionMatches(\"(?is).*\\QDefin...
14:05:22.135087 POST /session/494ca10a-da1f-49fd-b84e-cf3aba07a2ce/element [8.345958ms] ERR:404 body={"strategy":"-android uiautomator","selector":"new UiSelector().textContains(\"Definitely Not Here\"...
14:05:22.141099 POST /session/494ca10a-da1f-49fd-b84e-cf3aba07a2ce/element [5.966ms] ERR:404 body={"strategy":"-android uiautomator","selector":"new UiSelector().descriptionContains(\"Definitely Not...
14:05:22.147592 POST /session/494ca10a-da1f-49fd-b84e-cf3aba07a2ce/element [6.455917ms] ERR:404 body={"strategy":"-android uiautomator","selector":"new UiSelector().textMatches(\"(?is).*\\QDefinitely N...
14:05:22.155029 POST /session/494ca10a-da1f-49fd-b84e-cf3aba07a2ce/element [7.383833ms] ERR:404 body={"strategy":"-android uiautomator","selector":"new UiSelector().descriptionMatches(\"(?is).*\\QDefin...
14:05:22.162445 POST /session/494ca10a-da1f-49fd-b84e-cf3aba07a2ce/element [7.330375ms] ERR:404 body={"strategy":"-android uiautomator","selector":"new UiSelector().textContains(\"Definitely Not Here\"...
14:05:22.171569 POST /session/494ca10a-da1f-49fd-b84e-cf3aba07a2ce/element [8.994958ms] ERR:404 body={"strategy":"-android uiautomator","selector":"new UiSelector().descriptionContains(\"Definitely Not...
14:05:22.177472 POST /session/494ca10a-da1f-49fd-b84e-cf3aba07a2ce/element [5.839875ms] ERR:404 body={"strategy":"-android uiautomator","selector":"new UiSelector().textMatches(\"(?is).*\\QDefinitely N...
14:05:22.183637 POST /session/494ca10a-da1f-49fd-b84e-cf3aba07a2ce/element [6.114625ms] ERR:404 body={"strategy":"-android uiautomator","selector":"new UiSelector().descriptionMatches(\"(?is).*\\QDefin...
14:05:22.189613 POST /session/494ca10a-da1f-49fd-b84e-cf3aba07a2ce/element [5.925416ms] ERR:404 body={"strategy":"-android uiautomator","selector":"new UiSelector().textContains(\"Definitely Not Here\"...
14:05:22.196981 POST /session/494ca10a-da1f-49fd-b84e-cf3aba07a2ce/element [7.319875ms] ERR:404 body={"strategy":"-android uiautomator","selector":"new UiSelector().descriptionContains(\"Definitely Not...
14:05:22.203180 POST /session/494ca10a-da1f-49fd-b84e-cf3aba07a2ce/element [6.147792ms] ERR:404 body={"strategy":"-android uiautomator","selector":"new UiSelector().textMatches(\"(?is).*\\QDefinitely N...
14:05:22.210417 POST /session/494ca10a-da1f-49fd-b84e-cf3aba07a2ce/element [7.180417ms] ERR:404 body={"strategy":"-android uiautomator","selector":"new UiSelector().descriptionMatches(\"(?is).*\\QDefin...
14:05:22.217853 POST /session/494ca10a-da1f-49fd-b84e-cf3aba07a2ce/element [7.385417ms] ERR:404 body={"strategy":"-android uiautomator","selector":"new UiSelector().textContains(\"Definitely Not Here\"...
14:05:22.225748 POST /session/494ca10a-da1f-49fd-b84e-cf3aba07a2ce/element [7.849083ms] ERR:404 body={"strategy":"-android uiautomator","selector":"new UiSelector().descriptionContains(\"Definitely Not...
14:05:22.232813 POST /session/494ca10a-da1f-49fd-b84e-cf3aba07a2ce/element [7.002625ms] ERR:404 body={"strategy":"-android uiautomator","selector":"new UiSelector().textMatches(\"(?is).*\\QDefinitely N...
14:05:22.240391 POST /session/494ca10a-da1f-49fd-b84e-cf3aba07a2ce/element [7.509667ms] ERR:404 body={"strategy":"-android uiautomator","selector":"new UiSelector().descriptionMatches(\"(?is).*\\QDefin...
14:05:22.247262 POST /session/494ca10a-da1f-49fd-b84e-cf3aba07a2ce/element [6.819917ms] ERR:404 body={"strategy":"-android uiautomator","selector":"new UiSelector().textContains(\"Definitely Not Here\"...
14:05:22.253009 POST /session/494ca10a-da1f-49fd-b84e-cf3aba07a2ce/element [5.690708ms] ERR:404 body={"strategy":"-android uiautomator","selector":"new UiSelector().descriptionContains(\"Definitely Not...
14:05:22.261276 POST /session/494ca10a-da1f-49fd-b84e-cf3aba07a2ce/element [8.220375ms] ERR:404 body={"strategy":"-android uiautomator","selector":"new UiSelector().textMatches(\"(?is).*\\QDefinitely N...
14:05:22.267584 POST /session/494ca10a-da1f-49fd-b84e-cf3aba07a2ce/element [6.229917ms] ERR:404 body={"strategy":"-android uiautomator","selector":"new UiSelector().descriptionMatches(\"(?is).*\\QDefin...
14:05:22.277020 POST /session/494ca10a-da1f-49fd-b84e-cf3aba07a2ce/element [9.374166ms] ERR:404 body={"strategy":"-android uiautomator","selector":"new UiSelector().textContains(\"Definitely Not Here\"...
14:05:22.284527 POST /session/494ca10a-da1f-49fd-b84e-cf3aba07a2ce/element [7.454833ms] ERR:404 body={"strategy":"-android uiautomator","selector":"new UiSelector().descriptionContains(\"Definitely Not...
14:05:22.293697 POST /session/494ca10a-da1f-49fd-b84e-cf3aba07a2ce/element [9.118292ms] ERR:404 body={"strategy":"-android uiautomator","selector":"new UiSelector().textMatches(\"(?is).*\\QDefinitely N...
14:05:22.305738 POST /session/494ca10a-da1f-49fd-b84e-cf3aba07a2ce/element [11.98325ms] ERR:404 body={"strategy":"-android uiautomator","selector":"new UiSelector().descriptionMatches(\"(?is).*\\QDefin...
14:05:22.316083 POST /session/494ca10a-da1f-49fd-b84e-cf3aba07a2ce/element [10.28025ms] ERR:404 body={"strategy":"-android uiautomator","selector":"new UiSelector().textContains(\"Definitely Not Here\"...
14:05:22.323011 POST /session/494ca10a-da1f-49fd-b84e-cf3aba07a2ce/element [6.862166ms] ERR:404 body={"strategy":"-android uiautomator","selector":"new UiSelector().descriptionContains(\"Definitely Not...
14:05:22.334438 POST /session/494ca10a-da1f-49fd-b84e-cf3aba07a2ce/element [11.361125ms] ERR:404 body={"strategy":"-android uiautomator","selector":"new UiSelector().textMatches(\"(?is).*\\QDefinitely N...
14:05:22.343003 POST /session/494ca10a-da1f-49fd-b84e-cf3aba07a2ce/element [8.503ms] ERR:404 body={"strategy":"-android uiautomator","selector":"new UiSelector().descriptionMatches(\"(?is).*\\QDefin...
14:05:22.348862 POST /session/494ca10a-da1f-49fd-b84e-cf3aba07a2ce/element [5.801708ms] ERR:404 body={"strategy":"-android uiautomator","selector":"new UiSelector().textContains(\"Definitely Not Here\"...
14:05:22.355918 POST /session/494ca10a-da1f-49fd-b84e-cf3aba07a2ce/element [7.0075ms] ERR:404 body={"strategy":"-android uiautomator","selector":"new UiSelector().descriptionContains(\"Definitely Not...
14:05:22.363762 POST /session/494ca10a-da1f-49fd-b84e-cf3aba07a2ce/element [7.790666ms] ERR:404 body={"strategy":"-android uiautomator","selector":"new UiSelector().textMatches(\"(?is).*\\QDefinitely N...
14:05:22.370403 POST /session/494ca10a-da1f-49fd-b84e-cf3aba07a2ce/element [6.583042ms] ERR:404 body={"strategy":"-android uiautomator","selector":"new UiSelector().descriptionMatches(\"(?is).*\\QDefin...
14:05:22.375402 POST /session/494ca10a-da1f-49fd-b84e-cf3aba07a2ce/element [4.944333ms] ERR:404 body={"strategy":"-android uiautomator","selector":"new UiSelector().textContains(\"Definitely Not Here\"...
14:05:22.380908 POST /session/494ca10a-da1f-49fd-b84e-cf3aba07a2ce/element [5.463875ms] ERR:404 body={"strategy":"-android uiautomator","selector":"new UiSelector().descriptionContains(\"Definitely Not...
14:05:22.388211 POST /session/494ca10a-da1f-49fd-b84e-cf3aba07a2ce/element [7.253ms] ERR:404 body={"strategy":"-android uiautomator","selector":"new UiSelector().textMatches(\"(?is).*\\QDefinitely N...
14:05:22.401695 POST /session/494ca10a-da1f-49fd-b84e-cf3aba07a2ce/element [13.417875ms] ERR:404 body={"strategy":"-android uiautomator","selector":"new UiSelector().descriptionMatches(\"(?is).*\\QDefin...
14:05:22.413309 POST /session/494ca10a-da1f-49fd-b84e-cf3aba07a2ce/element [11.531583ms] ERR:404 body={"strategy":"-android uiautomator","selector":"new UiSelector().textContains(\"Definitely Not Here\"...
14:05:22.422264 POST /session/494ca10a-da1f-49fd-b84e-cf3aba07a2ce/element [8.88725ms] ERR:404 body={"strategy":"-android uiautomator","selector":"new UiSelector().descriptionContains(\"Definitely Not...
14:05:22.430649 POST /session/494ca10a-da1f-49fd-b84e-cf3aba07a2ce/element [8.317583ms] ERR:404 body={"strategy":"-android uiautomator","selector":"new UiSelector().textMatches(\"(?is).*\\QDefinitely N...
14:05:22.437302 POST /session/494ca10a-da1f-49fd-b84e-cf3aba07a2ce/element [6.590083ms] ERR:404 body={"strategy":"-android uiautomator","selector":"new UiSelector().descriptionMatches(\"(?is).*\\QDefin...
14:05:22.444571 POST /session/494ca10a-da1f-49fd-b84e-cf3aba07a2ce/element [7.210584ms] ERR:404 body={"strategy":"-android uiautomator","selector":"new UiSelector().textContains(\"Definitely Not Here\"...
14:05:22.450274 POST /session/494ca10a-da1f-49fd-b84e-cf3aba07a2ce/element [5.636375ms] ERR:404 body={"strategy":"-android uiautomator","selector":"new UiSelector().descriptionContains(\"Definitely Not...
14:05:22.457485 POST /session/494ca10a-da1f-49fd-b84e-cf3aba07a2ce/element [7.15975ms] ERR:404 body={"strategy":"-android uiautomator","selector":"new UiSelector().textMatches(\"(?is).*\\QDefinitely N...
14:05:22.465653 POST /session/494ca10a-da1f-49fd-b84e-cf3aba07a2ce/element [8.119583ms] ERR:404 body={"strategy":"-android uiautomator","selector":"new UiSelector().descriptionMatches(\"(?is).*\\QDefin...
14:05:22.471884 POST /session/494ca10a-da1f-49fd-b84e-cf3aba07a2ce/element [6.17675ms] ERR:404 body={"strategy":"-android uiautomator","selector":"new UiSelector().textContains(\"Definitely Not Here\"...
14:05:22.478495 POST /session/494ca10a-da1f-49fd-b84e-cf3aba07a2ce/element [6.533542ms] ERR:404 body={"strategy":"-android uiautomator","selector":"new UiSelector().descriptionContains(\"Definitely Not...
14:05:22.487902 POST /session/494ca10a-da1f-49fd-b84e-cf3aba07a2ce/element [9.341792ms] ERR:404 body={"strategy":"-android uiautomator","selector":"new UiSelector().textMatches(\"(?is).*\\QDefinitely N...
14:05:22.495121 POST /session/494ca10a-da1f-49fd-b84e-cf3aba07a2ce/element [7.156916ms] ERR:404 body={"strategy":"-android uiautomator","selector":"new UiSelector().descriptionMatches(\"(?is).*\\QDefin...
14:05:22.503730 POST /session/494ca10a-da1f-49fd-b84e-cf3aba07a2ce/element [8.550125ms] ERR:404 body={"strategy":"-android uiautomator","selector":"new UiSelector().textContains(\"Definitely Not Here\"...
14:05:22.516439 POST /session/494ca10a-da1f-49fd-b84e-cf3aba07a2ce/element [12.647166ms] ERR:404 body={"strategy":"-android uiautomator","selector":"new UiSelector().descriptionContains(\"Definitely Not...
14:05:22.521867 POST /session/494ca10a-da1f-49fd-b84e-cf3aba07a2ce/element [5.362042ms] ERR:404 body={"strategy":"-android uiautomator","selector":"new UiSelector().textMatches(\"(?is).*\\QDefinitely N...
14:05:22.526399 POST /session/494ca10a-da1f-49fd-b84e-cf3aba07a2ce/element [4.491709ms] ERR:404 body={"strategy":"-android uiautomator","selector":"new UiSelector().descriptionMatches(\"(?is).*\\QDefin...
14:05:22.533400 POST /session/494ca10a-da1f-49fd-b84e-cf3aba07a2ce/element [6.963459ms] ERR:404 body={"strategy":"-android uiautomator","selector":"new UiSelector().textContains(\"Definitely Not Here\"...
14:05:22.539794 POST /session/494ca10a-da1f-49fd-b84e-cf3aba07a2ce/element [6.350833ms] ERR:404 body={"strategy":"-android uiautomator","selector":"new UiSelector().descriptionContains(\"Definitely Not...
14:05:22.544699 POST /session/494ca10a-da1f-49fd-b84e-cf3aba07a2ce/element [4.854208ms] ERR:404 body={"strategy":"-android uiautomator","selector":"new UiSelector().textMatches(\"(?is).*\\QDefinitely N...
14:05:22.552113 POST /session/494ca10a-da1f-49fd-b84e-cf3aba07a2ce/element [7.360916ms] ERR:404 body={"strategy":"-android uiautomator","selector":"new UiSelector().descriptionMatches(\"(?is).*\\QDefin...
14:05:22.558268 POST /session/494ca10a-da1f-49fd-b84e-cf3aba07a2ce/element [6.104333ms] ERR:404 body={"strategy":"-android uiautomator","selector":"new UiSelector().textContains(\"Definitely Not Here\"...
14:05:22.565562 POST /session/494ca10a-da1f-49fd-b84e-cf3aba07a2ce/element [7.247458ms] ERR:404 body={"strategy":"-android uiautomator","selector":"new UiSelector().descriptionContains(\"Definitely Not...
14:05:22.571064 POST /session/494ca10a-da1f-49fd-b84e-cf3aba07a2ce/element [5.447709ms] ERR:404 body={"strategy":"-android uiautomator","selector":"new UiSelector().textMatches(\"(?is).*\\QDefinitely N...
14:05:22.577246 POST /session/494ca10a-da1f-49fd-b84e-cf3aba07a2ce/element [6.132125ms] ERR:404 body={"strategy":"-android uiautomator","selector":"new UiSelector().descriptionMatches(\"(?is).*\\QDefin...
14:05:22.586647 POST /session/494ca10a-da1f-49fd-b84e-cf3aba07a2ce/element [9.347666ms] ERR:404 body={"strategy":"-android uiautomator","selector":"new UiSelector().textContains(\"Definitely Not Here\"...
14:05:22.594917 POST /session/494ca10a-da1f-49fd-b84e-cf3aba07a2ce/element [8.196709ms] ERR:404 body={"strategy":"-android uiautomator","selector":"new UiSelector().descriptionContains(\"Definitely Not...
14:05:22.602811 POST /session/494ca10a-da1f-49fd-b84e-cf3aba07a2ce/element [7.830459ms] ERR:404 body={"strategy":"-android uiautomator","selector":"new UiSelector().textMatches(\"(?is).*\\QDefinitely N...
14:05:22.612430 POST /session/494ca10a-da1f-49fd-b84e-cf3aba07a2ce/element [9.560416ms] ERR:404 body={"strategy":"-android uiautomator","selector":"new UiSelector().descriptionMatches(\"(?is).*\\QDefin...
14:05:22.618247 POST /session/494ca10a-da1f-49fd-b84e-cf3aba07a2ce/element [5.762375ms] ERR:404 body={"strategy":"-android uiautomator","selector":"new UiSelector().textContains(\"Definitely Not Here\"...
14:05:22.623472 POST /session/494ca10a-da1f-49fd-b84e-cf3aba07a2ce/element [5.181709ms] ERR:404 body={"strategy":"-android uiautomator","selector":"new UiSelector().descriptionContains(\"Definitely Not...
14:05:22.633001 POST /session/494ca10a-da1f-49fd-b84e-cf3aba07a2ce/element [9.482375ms] ERR:404 body={"strategy":"-android uiautomator","selector":"new UiSelector().textMatches(\"(?is).*\\QDefinitely N...
14:05:22.641226 POST /session/494ca10a-da1f-49fd-b84e-cf3aba07a2ce/element [8.173ms] ERR:404 body={"strategy":"-android uiautomator","selector":"new UiSelector().descriptionMatches(\"(?is).*\\QDefin...
14:05:22.651406 POST /session/494ca10a-da1f-49fd-b84e-cf3aba07a2ce/element [10.131792ms] ERR:404 body={"strategy":"-android uiautomator","selector":"new UiSelector().textContains(\"Definitely Not Here\"...
14:05:22.658078 POST /session/494ca10a-da1f-49fd-b84e-cf3aba07a2ce/element [6.624416ms] ERR:404 body={"strategy":"-android uiautomator","selector":"new UiSelector().descriptionContains(\"Definitely Not...
14:05:22.665821 POST /session/494ca10a-da1f-49fd-b84e-cf3aba07a2ce/element [7.678458ms] ERR:404 body={"strategy":"-android uiautomator","selector":"new UiSelector().textMatches(\"(?is).*\\QDefinitely N...
14:05:22.674686 POST /session/494ca10a-da1f-49fd-b84e-cf3aba07a2ce/element [8.8045ms] ERR:404 body={"strategy":"-android uiautomator","selector":"new UiSelector().descriptionMatches(\"(?is).*\\QDefin...
14:05:22.681014 POST /session/494ca10a-da1f-49fd-b84e-cf3aba07a2ce/element [6.268584ms] ERR:404 body={"strategy":"-android uiautomator","selector":"new UiSelector().textContains(\"Definitely Not Here\"...
14:05:22.689192 POST /session/494ca10a-da1f-49fd-b84e-cf3aba07a2ce/element [8.129667ms] ERR:404 body={"strategy":"-android uiautomator","selector":"new UiSelector().descriptionContains(\"Definitely Not...
14:05:22.695196 POST /session/494ca10a-da1f-49fd-b84e-cf3aba07a2ce/element [5.945916ms] ERR:404 body={"strategy":"-android uiautomator","selector":"new UiSelector().textMatches(\"(?is).*\\QDefinitely N...
14:05:22.703608 POST /session/494ca10a-da1f-49fd-b84e-cf3aba07a2ce/element [8.364833ms] ERR:404 body={"strategy":"-android uiautomator","selector":"new UiSelector().descriptionMatches(\"(?is).*\\QDefin...
14:05:22.711946 POST /session/494ca10a-da1f-49fd-b84e-cf3aba07a2ce/element [8.286834ms] ERR:404 body={"strategy":"-android uiautomator","selector":"new UiSelector().textContains(\"Definitely Not Here\"...
14:05:22.722161 POST /session/494ca10a-da1f-49fd-b84e-cf3aba07a2ce/element [10.160333ms] ERR:404 body={"strategy":"-android uiautomator","selector":"new UiSelector().descriptionContains(\"Definitely Not...
14:05:22.732226 POST /session/494ca10a-da1f-49fd-b84e-cf3aba07a2ce/element [10.000541ms] ERR:404 body={"strategy":"-android uiautomator","selector":"new UiSelector().textMatches(\"(?is).*\\QDefinitely N...
14:05:22.742399 POST /session/494ca10a-da1f-49fd-b84e-cf3aba07a2ce/element [10.074334ms] ERR:404 body={"strategy":"-android uiautomator","selector":"new UiSelector().descriptionMatches(\"(?is).*\\QDefin...
14:05:22.750767 POST /session/494ca10a-da1f-49fd-b84e-cf3aba07a2ce/element [8.314958ms] ERR:404 body={"strategy":"-android uiautomator","selector":"new UiSelector().textContains(\"Definitely Not Here\"...
14:05:22.758683 POST /session/494ca10a-da1f-49fd-b84e-cf3aba07a2ce/element [7.809ms] ERR:404 body={"strategy":"-android uiautomator","selector":"new UiSelector().descriptionContains(\"Definitely Not...
14:05:22.768082 POST /session/494ca10a-da1f-49fd-b84e-cf3aba07a2ce/element [9.290833ms] ERR:404 body={"strategy":"-android uiautomator","selector":"new UiSelector().textMatches(\"(?is).*\\QDefinitely N...
14:05:22.778017 POST /session/494ca10a-da1f-49fd-b84e-cf3aba07a2ce/element [9.878375ms] ERR:404 body={"strategy":"-android uiautomator","selector":"new UiSelector().descriptionMatches(\"(?is).*\\QDefin...
14:05:22.798344 POST /session/494ca10a-da1f-49fd-b84e-cf3aba07a2ce/element [20.272958ms] ERR:404 body={"strategy":"-android uiautomator","selector":"new UiSelector().textContains(\"Definitely Not Here\"...
14:05:22.806133 POST /session/494ca10a-da1f-49fd-b84e-cf3aba07a2ce/element [7.666875ms] ERR:404 body={"strategy":"-android uiautomator","selector":"new UiSelector().descriptionContains(\"Definitely Not...
14:05:22.824460 POST /session/494ca10a-da1f-49fd-b84e-cf3aba07a2ce/element [18.26875ms] ERR:404 body={"strategy":"-android uiautomator","selector":"new UiSelector().textMatches(\"(?is).*\\QDefinitely N...
14:05:22.838640 POST /session/494ca10a-da1f-49fd-b84e-cf3aba07a2ce/element [14.091584ms] ERR:404 body={"strategy":"-android uiautomator","selector":"new UiSelector().descriptionMatches(\"(?is).*\\QDefin...
14:05:22.848176 POST /session/494ca10a-da1f-49fd-b84e-cf3aba07a2ce/element [9.473333ms] ERR:404 body={"strategy":"-android uiautomator","selector":"new UiSelector().textContains(\"Definitely Not Here\"...
14:05:22.862393 POST /session/494ca10a-da1f-49fd-b84e-cf3aba07a2ce/element [13.982583ms] ERR:404 body={"strategy":"-android uiautomator","selector":"new UiSelector().descriptionContains(\"Definitely Not...
14:05:22.878617 POST /session/494ca10a-da1f-49fd-b84e-cf3aba07a2ce/element [16.164125ms] ERR:404 body={"strategy":"-android uiautomator","selector":"new UiSelector().textMatches(\"(?is).*\\QDefinitely N...
14:05:22.929310 POST /session/494ca10a-da1f-49fd-b84e-cf3aba07a2ce/element [50.630042ms] ERR:404 body={"strategy":"-android uiautomator","selector":"new UiSelector().descriptionMatches(\"(?is).*\\QDefin...
14:05:22.940779 POST /session/494ca10a-da1f-49fd-b84e-cf3aba07a2ce/element [11.407083ms] ERR:404 body={"strategy":"-android uiautomator","selector":"new UiSelector().textContains(\"Definitely Not Here\"...
14:05:22.949955 POST /session/494ca10a-da1f-49fd-b84e-cf3aba07a2ce/element [9.117167ms] ERR:404 body={"strategy":"-android uiautomator","selector":"new UiSelector().descriptionContains(\"Definitely Not...
14:05:22.960674 POST /session/494ca10a-da1f-49fd-b84e-cf3aba07a2ce/element [10.667542ms] ERR:404 body={"strategy":"-android uiautomator","selector":"new UiSelector().textMatches(\"(?is).*\\QDefinitely N...
14:05:22.970251 POST /session/494ca10a-da1f-49fd-b84e-cf3aba07a2ce/element [9.50025ms] ERR:404 body={"strategy":"-android uiautomator","selector":"new UiSelector().descriptionMatches(\"(?is).*\\QDefin...
14:05:22.982199 POST /session/494ca10a-da1f-49fd-b84e-cf3aba07a2ce/element [11.892ms] ERR:404 body={"strategy":"-android uiautomator","selector":"new UiSelector().textContains(\"Definitely Not Here\"...
14:05:22.996932 POST /session/494ca10a-da1f-49fd-b84e-cf3aba07a2ce/element [14.664875ms] ERR:404 body={"strategy":"-android uiautomator","selector":"new UiSelector().descriptionContains(\"Definitely Not...
14:05:23.006481 POST /session/494ca10a-da1f-49fd-b84e-cf3aba07a2ce/element [9.483916ms] ERR:404 body={"strategy":"-android uiautomator","selector":"new UiSelector().textMatches(\"(?is).*\\QDefinitely N...
14:05:23.014616 POST /session/494ca10a-da1f-49fd-b84e-cf3aba07a2ce/element [8.059041ms] ERR:404 body={"strategy":"-android uiautomator","selector":"new UiSelector().descriptionMatches(\"(?is).*\\QDefin...
14:05:23.027223 POST /session/494ca10a-da1f-49fd-b84e-cf3aba07a2ce/element [12.553292ms] ERR:404 body={"strategy":"-android uiautomator","selector":"new UiSelector().textContains(\"Definitely Not Here\"...
14:05:23.033918 POST /session/494ca10a-da1f-49fd-b84e-cf3aba07a2ce/element [6.63225ms] ERR:404 body={"strategy":"-android uiautomator","selector":"new UiSelector().descriptionContains(\"Definitely Not...
14:05:23.045892 POST /session/494ca10a-da1f-49fd-b84e-cf3aba07a2ce/element [11.920541ms] ERR:404 body={"strategy":"-android uiautomator","selector":"new UiSelector().textMatches(\"(?is).*\\QDefinitely N...
14:05:23.055226 POST /session/494ca10a-da1f-49fd-b84e-cf3aba07a2ce/element [9.266ms] ERR:404 body={"strategy":"-android uiautomator","selector":"new UiSelector().descriptionMatches(\"(?is).*\\QDefin...
14:05:23.065019 POST /session/494ca10a-da1f-49fd-b84e-cf3aba07a2ce/element [9.715042ms] ERR:404 body={"strategy":"-android uiautomator","selector":"new UiSelector().textContains(\"Definitely Not Here\"...
14:05:23.070960 POST /session/494ca10a-da1f-49fd-b84e-cf3aba07a2ce/element [5.886ms] ERR:404 body={"strategy":"-android uiautomator","selector":"new UiSelector().descriptionContains(\"Definitely Not...
14:05:23.078911 POST /session/494ca10a-da1f-49fd-b84e-cf3aba07a2ce/element [7.901458ms] ERR:404 body={"strategy":"-android uiautomator","selector":"new UiSelector().textMatches(\"(?is).*\\QDefinitely N...
14:05:23.087766 POST /session/494ca10a-da1f-49fd-b84e-cf3aba07a2ce/element [8.795958ms] ERR:404 body={"strategy":"-android uiautomator","selector":"new UiSelector().descriptionMatches(\"(?is).*\\QDefin...
14:05:23.095881 POST /session/494ca10a-da1f-49fd-b84e-cf3aba07a2ce/element [8.053792ms] ERR:404 body={"strategy":"-android uiautomator","selector":"new UiSelector().textContains(\"Definitely Not Here\"...
14:05:23.105618 POST /session/494ca10a-da1f-49fd-b84e-cf3aba07a2ce/element [9.679583ms] ERR:404 body={"strategy":"-android uiautomator","selector":"new UiSelector().descriptionContains(\"Definitely Not...
14:05:23.115023 POST /session/494ca10a-da1f-49fd-b84e-cf3aba07a2ce/element [9.329291ms] ERR:404 body={"strategy":"-android uiautomator","selector":"new UiSelector().textMatches(\"(?is).*\\QDefinitely N...
14:05:23.124528 POST /session/494ca10a-da1f-49fd-b84e-cf3aba07a2ce/element [9.451084ms] ERR:404 body={"strategy":"-android uiautomator","selector":"new UiSelector().descriptionMatches(\"(?is).*\\QDefin...
14:05:23.130163 POST /session/494ca10a-da1f-49fd-b84e-cf3aba07a2ce/element [5.581625ms] ERR:404 body={"strategy":"-android uiautomator","selector":"new UiSelector().textContains(\"Definitely Not Here\"...
14:05:23.138751 POST /session/494ca10a-da1f-49fd-b84e-cf3aba07a2ce/element [8.534959ms] ERR:404 body={"strategy":"-android uiautomator","selector":"new UiSelector().descriptionContains(\"Definitely Not...
14:05:23.150273 POST /session/494ca10a-da1f-49fd-b84e-cf3aba07a2ce/element [11.462667ms] ERR:404 body={"strategy":"-android uiautomator","selector":"new UiSelector().textMatches(\"(?is).*\\QDefinitely N...
14:05:23.165831 POST /session/494ca10a-da1f-49fd-b84e-cf3aba07a2ce/element [15.49925ms] ERR:404 body={"strategy":"-android uiautomator","selector":"new UiSelector().descriptionMatches(\"(?is).*\\QDefin...
14:05:23.178303 POST /session/494ca10a-da1f-49fd-b84e-cf3aba07a2ce/element [12.416708ms] ERR:404 body={"strategy":"-android uiautomator","selector":"new UiSelector().textContains(\"Definitely Not Here\"...
14:05:23.187654 POST /session/494ca10a-da1f-49fd-b84e-cf3aba07a2ce/element [9.292458ms] ERR:404 body={"strategy":"-android uiautomator","selector":"new UiSelector().descriptionContains(\"Definitely Not...
14:05:23.201449 POST /session/494ca10a-da1f-49fd-b84e-cf3aba07a2ce/element [13.734333ms] ERR:404 body={"strategy":"-android uiautomator","selector":"new UiSelector().textMatches(\"(?is).*\\QDefinitely N...
14:05:23.214506 POST /session/494ca10a-da1f-49fd-b84e-cf3aba07a2ce/element [12.9945ms] ERR:404 body={"strategy":"-android uiautomator","selector":"new UiSelector().descriptionMatches(\"(?is).*\\QDefin...
14:05:23.224326 POST /session/494ca10a-da1f-49fd-b84e-cf3aba07a2ce/element [9.766791ms] ERR:404 body={"strategy":"-android uiautomator","selector":"new UiSelector().textContains(\"Definitely Not Here\"...
14:05:23.232984 POST /session/494ca10a-da1f-49fd-b84e-cf3aba07a2ce/element [8.60375ms] ERR:404 body={"strategy":"-android uiautomator","selector":"new UiSelector().descriptionContains(\"Definitely Not...
14:05:23.251211 POST /session/494ca10a-da1f-49fd-b84e-cf3aba07a2ce/element [18.165542ms] ERR:404 body={"strategy":"-android uiautomator","selector":"new UiSelector().textMatches(\"(?is).*\\QDefinitely N...
14:05:23.266911 POST /session/494ca10a-da1f-49fd-b84e-cf3aba07a2ce/element [15.630209ms] ERR:404 body={"strategy":"-android uiautomator","selector":"new UiSelector().descriptionMatches(\"(?is).*\\QDefin...
14:05:23.284802 POST /session/494ca10a-da1f-49fd-b84e-cf3aba07a2ce/element [17.821667ms] ERR:404 body={"strategy":"-android uiautomator","selector":"new UiSelector().textContains(\"Definitely Not Here\"...
14:05:23.297472 POST /session/494ca10a-da1f-49fd-b84e-cf3aba07a2ce/element [12.600584ms] ERR:404 body={"strategy":"-android uiautomator","selector":"new UiSelector().descriptionContains(\"Definitely Not...
14:05:23.323109 POST /session/494ca10a-da1f-49fd-b84e-cf3aba07a2ce/element [25.516167ms] ERR:404 body={"strategy":"-android uiautomator","selector":"new UiSelector().textMatches(\"(?is).*\\QDefinitely N...
14:05:23.350278 POST /session/494ca10a-da1f-49fd-b84e-cf3aba07a2ce/element [27.094417ms] ERR:404 body={"strategy":"-android uiautomator","selector":"new UiSelector().descriptionMatches(\"(?is).*\\QDefin...
14:05:23.376566 POST /session/494ca10a-da1f-49fd-b84e-cf3aba07a2ce/element [26.163833ms] ERR:404 body={"strategy":"-android uiautomator","selector":"new UiSelector().textContains(\"Definitely Not Here\"...
14:05:23.391843 POST /session/494ca10a-da1f-49fd-b84e-cf3aba07a2ce/element [15.218167ms] ERR:404 body={"strategy":"-android uiautomator","selector":"new UiSelector().descriptionContains(\"Definitely Not...
14:05:23.414990 POST /session/494ca10a-da1f-49fd-b84e-cf3aba07a2ce/element [23.0795ms] ERR:404 body={"strategy":"-android uiautomator","selector":"new UiSelector().textMatches(\"(?is).*\\QDefinitely N...
14:05:23.428994 POST /session/494ca10a-da1f-49fd-b84e-cf3aba07a2ce/element [13.884542ms] ERR:404 body={"strategy":"-android uiautomator","selector":"new UiSelector().descriptionMatches(\"(?is).*\\QDefin...
14:05:23.441616 POST /session/494ca10a-da1f-49fd-b84e-cf3aba07a2ce/element [12.358208ms] ERR:404 body={"strategy":"-android uiautomator","selector":"new UiSelector().textContains(\"Definitely Not Here\"...
14:05:23.449688 POST /session/494ca10a-da1f-49fd-b84e-cf3aba07a2ce/element [8.018541ms] ERR:404 body={"strategy":"-android uiautomator","selector":"new UiSelector().descriptionContains(\"Definitely Not...
14:05:23.462609 POST /session/494ca10a-da1f-49fd-b84e-cf3aba07a2ce/element [12.862083ms] ERR:404 body={"strategy":"-android uiautomator","selector":"new UiSelector().textMatches(\"(?is).*\\QDefinitely N...
14:05:23.472184 POST /session/494ca10a-da1f-49fd-b84e-cf3aba07a2ce/element [9.496959ms] ERR:404 body={"strategy":"-android uiautomator","selector":"new UiSelector().descriptionMatches(\"(?is).*\\QDefin...
14:05:23.480117 POST /session/494ca10a-da1f-49fd-b84e-cf3aba07a2ce/element [7.877ms] ERR:404 body={"strategy":"-android uiautomator","selector":"new UiSelector().textContains(\"Definitely Not Here\"...
14:05:23.487249 POST /session/494ca10a-da1f-49fd-b84e-cf3aba07a2ce/element [7.046125ms] ERR:404 body={"strategy":"-android uiautomator","selector":"new UiSelector().descriptionContains(\"Definitely Not...
14:05:23.497491 POST /session/494ca10a-da1f-49fd-b84e-cf3aba07a2ce/element [10.183584ms] ERR:404 body={"strategy":"-android uiautomator","selector":"new UiSelector().textMatches(\"(?is).*\\QDefinitely N...
14:05:23.509104 POST /session/494ca10a-da1f-49fd-b84e-cf3aba07a2ce/element [11.554292ms] ERR:404 body={"strategy":"-android uiautomator","selector":"new UiSelector().descriptionMatches(\"(?is).*\\QDefin...
14:05:23.521251 POST /session/494ca10a-da1f-49fd-b84e-cf3aba07a2ce/element [12.084125ms] ERR:404 body={"strategy":"-android uiautomator","selector":"new UiSelector().textContains(\"Definitely Not Here\"...
14:05:23.544655 POST /session/494ca10a-da1f-49fd-b84e-cf3aba07a2ce/element [23.34575ms] ERR:404 body={"strategy":"-android uiautomator","selector":"new UiSelector().descriptionContains(\"Definitely Not...
14:05:23.557404 POST /session/494ca10a-da1f-49fd-b84e-cf3aba07a2ce/element [12.671042ms] ERR:404 body={"strategy":"-android uiautomator","selector":"new UiSelector().textMatches(\"(?is).*\\QDefinitely N...
14:05:23.569699 POST /session/494ca10a-da1f-49fd-b84e-cf3aba07a2ce/element [12.235875ms] ERR:404 body={"strategy":"-android uiautomator","selector":"new UiSelector().descriptionMatches(\"(?is).*\\QDefin...
14:05:23.581299 POST /session/494ca10a-da1f-49fd-b84e-cf3aba07a2ce/element [11.54675ms] ERR:404 body={"strategy":"-android uiautomator","selector":"new UiSelector().textContains(\"Definitely Not Here\"...
14:05:23.596051 POST /session/494ca10a-da1f-49fd-b84e-cf3aba07a2ce/element [14.684417ms] ERR:404 body={"strategy":"-android uiautomator","selector":"new UiSelector().descriptionContains(\"Definitely Not...
14:05:23.615334 POST /session/494ca10a-da1f-49fd-b84e-cf3aba07a2ce/element [19.216125ms] ERR:404 body={"strategy":"-android uiautomator","selector":"new UiSelector().textMatches(\"(?is).*\\QDefinitely N...
14:05:23.625776 POST /session/494ca10a-da1f-49fd-b84e-cf3aba07a2ce/element [10.355708ms] ERR:404 body={"strategy":"-android uiautomator","selector":"new UiSelector().descriptionMatches(\"(?is).*\\QDefin...
14:05:23.637783 POST /session/494ca10a-da1f-49fd-b84e-cf3aba07a2ce/element [11.948458ms] ERR:404 body={"strategy":"-android uiautomator","selector":"new UiSelector().textContains(\"Definitely Not Here\"...
14:05:23.645771 POST /session/494ca10a-da1f-49fd-b84e-cf3aba07a2ce/element [7.919375ms] ERR:404 body={"strategy":"-android uiautomator","selector":"new UiSelector().descriptionContains(\"Definitely Not...
14:05:23.657938 POST /session/494ca10a-da1f-49fd-b84e-cf3aba07a2ce/element [12.087125ms] ERR:404 body={"strategy":"-android uiautomator","selector":"new UiSelector().textMatches(\"(?is).*\\QDefinitely N...
14:05:23.666802 POST /session/494ca10a-da1f-49fd-b84e-cf3aba07a2ce/element [8.791166ms] ERR:404 body={"strategy":"-android uiautomator","selector":"new UiSelector().descriptionMatches(\"(?is).*\\QDefin...
14:05:23.678756 POST /session/494ca10a-da1f-49fd-b84e-cf3aba07a2ce/element [11.901542ms] ERR:404 body={"strategy":"-android uiautomator","selector":"new UiSelector().textContains(\"Definitely Not Here\"...
14:05:23.685303 POST /session/494ca10a-da1f-49fd-b84e-cf3aba07a2ce/element [6.487084ms] ERR:404 body={"strategy":"-android uiautomator","selector":"new UiSelector().descriptionContains(\"Definitely Not...
14:05:23.693591 POST /session/494ca10a-da1f-49fd-b84e-cf3aba07a2ce/element [8.223042ms] ERR:404 body={"strategy":"-android uiautomator","selector":"new UiSelector().textMatches(\"(?is).*\\QDefinitely N...
14:05:23.704388 POST /session/494ca10a-da1f-49fd-b84e-cf3aba07a2ce/element [10.697042ms] ERR:404 body={"strategy":"-android uiautomator","selector":"new UiSelector().descriptionMatches(\"(?is).*\\QDefin...
14:05:23.719001 POST /session/494ca10a-da1f-49fd-b84e-cf3aba07a2ce/element [14.554042ms] ERR:404 body={"strategy":"-android uiautomator","selector":"new UiSelector().textContains(\"Definitely Not Here\"...
14:05:23.729167 POST /session/494ca10a-da1f-49fd-b84e-cf3aba07a2ce/element [10.093792ms] ERR:404 body={"strategy":"-android uiautomator","selector":"new UiSelector().descriptionContains(\"Definitely Not...
14:05:23.743255 POST /session/494ca10a-da1f-49fd-b84e-cf3aba07a2ce/element [14.022917ms] ERR:404 body={"strategy":"-android uiautomator","selector":"new UiSelector().textMatches(\"(?is).*\\QDefinitely N...
14:05:23.757209 POST /session/494ca10a-da1f-49fd-b84e-cf3aba07a2ce/element [13.896458ms] ERR:404 body={"strategy":"-android uiautomator","selector":"new UiSelector().descriptionMatches(\"(?is).*\\QDefin...
14:05:23.774408 POST /session/494ca10a-da1f-49fd-b84e-cf3aba07a2ce/element [17.136917ms] ERR:404 body={"strategy":"-android uiautomator","selector":"new UiSelector().textContains(\"Definitely Not Here\"...
14:05:23.783213 POST /session/494ca10a-da1f-49fd-b84e-cf3aba07a2ce/element [8.733416ms] ERR:404 body={"strategy":"-android uiautomator","selector":"new UiSelector().descriptionContains(\"Definitely Not...
14:05:23.829963 POST /session/494ca10a-da1f-49fd-b84e-cf3aba07a2ce/element [46.68525ms] ERR:404 body={"strategy":"-android uiautomator","selector":"new UiSelector().textMatches(\"(?is).*\\QDefinitely N...
14:05:23.843787 POST /session/494ca10a-da1f-49fd-b84e-cf3aba07a2ce/element [13.764041ms] ERR:404 body={"strategy":"-android uiautomator","selector":"new UiSelector().descriptionMatches(\"(?is).*\\QDefin...
14:05:23.853623 POST /session/494ca10a-da1f-49fd-b84e-cf3aba07a2ce/element [9.768334ms] ERR:404 body={"strategy":"-android uiautomator","selector":"new UiSelector().textContains(\"Definitely Not Here\"...
14:05:23.866622 POST /session/494ca10a-da1f-49fd-b84e-cf3aba07a2ce/element [12.942458ms] ERR:404 body={"strategy":"-android uiautomator","selector":"new UiSelector().descriptionContains(\"Definitely Not...
14:05:23.878145 POST /session/494ca10a-da1f-49fd-b84e-cf3aba07a2ce/element [11.46875ms] ERR:404 body={"strategy":"-android uiautomator","selector":"new UiSelector().textMatches(\"(?is).*\\QDefinitely N...
14:05:23.886920 POST /session/494ca10a-da1f-49fd-b84e-cf3aba07a2ce/element [8.720625ms] ERR:404 body={"strategy":"-android uiautomator","selector":"new UiSelector().descriptionMatches(\"(?is).*\\QDefin...
14:05:23.892337 POST /session/494ca10a-da1f-49fd-b84e-cf3aba07a2ce/element [5.364666ms] ERR:404 body={"strategy":"-android uiautomator","selector":"new UiSelector().textContains(\"Definitely Not Here\"...
14:05:23.899363 POST /session/494ca10a-da1f-49fd-b84e-cf3aba07a2ce/element [6.971041ms] ERR:404 body={"strategy":"-android uiautomator","selector":"new UiSelector().descriptionContains(\"Definitely Not...
14:05:23.906773 POST /session/494ca10a-da1f-49fd-b84e-cf3aba07a2ce/element [7.350875ms] ERR:404 body={"strategy":"-android uiautomator","selector":"new UiSelector().textMatches(\"(?is).*\\QDefinitely N...
14:05:23.912993 POST /session/494ca10a-da1f-49fd-b84e-cf3aba07a2ce/element [6.166875ms] ERR:404 body={"strategy":"-android uiautomator","selector":"new UiSelector().descriptionMatches(\"(?is).*\\QDefin...
14:05:23.922280 POST /session/494ca10a-da1f-49fd-b84e-cf3aba07a2ce/element [9.222083ms] ERR:404 body={"strategy":"-android uiautomator","selector":"new UiSelector().textContains(\"Definitely Not Here\"...
14:05:23.938117 POST /session/494ca10a-da1f-49fd-b84e-cf3aba07a2ce/element [15.777875ms] ERR:404 body={"strategy":"-android uiautomator","selector":"new UiSelector().descriptionContains(\"Definitely Not...
14:05:23.949917 POST /session/494ca10a-da1f-49fd-b84e-cf3aba07a2ce/element [11.74575ms] ERR:404 body={"strategy":"-android uiautomator","selector":"new UiSelector().textMatches(\"(?is).*\\QDefinitely N...
14:05:23.959552 POST /session/494ca10a-da1f-49fd-b84e-cf3aba07a2ce/element [9.576083ms] ERR:404 body={"strategy":"-android uiautomator","selector":"new UiSelector().descriptionMatches(\"(?is).*\\QDefin...
14:05:23.965403 POST /session/494ca10a-da1f-49fd-b84e-cf3aba07a2ce/element [5.7995ms] ERR:404 body={"strategy":"-android uiautomator","selector":"new UiSelector().textContains(\"Definitely Not Here\"...
14:05:23.975511 POST /session/494ca10a-da1f-49fd-b84e-cf3aba07a2ce/element [10.054ms] ERR:404 body={"strategy":"-android uiautomator","selector":"new UiSelector().descriptionContains(\"Definitely Not...
14:05:23.983733 POST /session/494ca10a-da1f-49fd-b84e-cf3aba07a2ce/element [8.1715ms] ERR:404 body={"strategy":"-android uiautomator","selector":"new UiSelector().textMatches(\"(?is).*\\QDefinitely N...
14:05:23.992041 POST /session/494ca10a-da1f-49fd-b84e-cf3aba07a2ce/element [8.253708ms] ERR:404 body={"strategy":"-android uiautomator","selector":"new UiSelector().descriptionMatches(\"(?is).*\\QDefin...
14:05:23.999745 POST /session/494ca10a-da1f-49fd-b84e-cf3aba07a2ce/element [7.603125ms] ERR:404 body={"strategy":"-android uiautomator","selector":"new UiSelector().textContains(\"Definitely Not Here\"...
14:05:24.006649 POST /session/494ca10a-da1f-49fd-b84e-cf3aba07a2ce/element [6.84775ms] ERR:404 body={"strategy":"-android uiautomator","selector":"new UiSelector().descriptionContains(\"Definitely Not...
14:05:24.013155 POST /session/494ca10a-da1f-49fd-b84e-cf3aba07a2ce/element [6.437916ms] ERR:404 body={"strategy":"-android uiautomator","selector":"new UiSelector().textMatches(\"(?is).*\\QDefinitely N...
14:05:24.024395 POST /session/494ca10a-da1f-49fd-b84e-cf3aba07a2ce/element [11.176ms] ERR:404 body={"strategy":"-android uiautomator","selector":"new UiSelector().descriptionMatches(\"(?is).*\\QDefin...
14:05:24.034616 POST /session/494ca10a-da1f-49fd-b84e-cf3aba07a2ce/element [10.166416ms] ERR:404 body={"strategy":"-android uiautomator","selector":"new UiSelector().textContains(\"Definitely Not Here\"...
14:05:24.042924 POST /session/494ca10a-da1f-49fd-b84e-cf3aba07a2ce/element [8.2065ms] ERR:404 body={"strategy":"-android uiautomator","selector":"new UiSelector().descriptionContains(\"Definitely Not...
14:05:24.050874 POST /session/494ca10a-da1f-49fd-b84e-cf3aba07a2ce/element [7.874292ms] ERR:404 body={"strategy":"-android uiautomator","selector":"new UiSelector().textMatches(\"(?is).*\\QDefinitely N...
14:05:24.060203 POST /session/494ca10a-da1f-49fd-b84e-cf3aba07a2ce/element [9.185792ms] ERR:404 body={"strategy":"-android uiautomator","selector":"new UiSelector().descriptionMatches(\"(?is).*\\QDefin...
14:05:24.069363 POST /session/494ca10a-da1f-49fd-b84e-cf3aba07a2ce/element [9.100625ms] ERR:404 body={"strategy":"-android uiautomator","selector":"new UiSelector().textContains(\"Definitely Not Here\"...
14:05:24.076709 POST /session/494ca10a-da1f-49fd-b84e-cf3aba07a2ce/element [7.286ms] ERR:404 body={"strategy":"-android uiautomator","selector":"new UiSelector().descriptionContains(\"Definitely Not...
14:05:24.084465 POST /session/494ca10a-da1f-49fd-b84e-cf3aba07a2ce/element [7.701834ms] ERR:404 body={"strategy":"-android uiautomator","selector":"new UiSelector().textMatches(\"(?is).*\\QDefinitely N...
14:05:24.092210 POST /session/494ca10a-da1f-49fd-b84e-cf3aba07a2ce/element [7.682ms] ERR:404 body={"strategy":"-android uiautomator","selector":"new UiSelector().descriptionMatches(\"(?is).*\\QDefin...
14:05:24.099235 POST /session/494ca10a-da1f-49fd-b84e-cf3aba07a2ce/element [6.966917ms] ERR:404 body={"strategy":"-android uiautomator","selector":"new UiSelector().textContains(\"Definitely Not Here\"...
14:05:24.106745 POST /session/494ca10a-da1f-49fd-b84e-cf3aba07a2ce/element [7.416583ms] ERR:404 body={"strategy":"-android uiautomator","selector":"new UiSelector().descriptionContains(\"Definitely Not...
14:05:24.114904 POST /session/494ca10a-da1f-49fd-b84e-cf3aba07a2ce/element [8.111875ms] ERR:404 body={"strategy":"-android uiautomator","selector":"new UiSelector().textMatches(\"(?is).*\\QDefinitely N...
14:05:24.122351 POST /session/494ca10a-da1f-49fd-b84e-cf3aba07a2ce/element [7.398875ms] ERR:404 body={"strategy":"-android uiautomator","selector":"new UiSelector().descriptionMatches(\"(?is).*\\QDefin...
14:05:24.138646 POST /session/494ca10a-da1f-49fd-b84e-cf3aba07a2ce/element [16.235834ms] ERR:404 body={"strategy":"-android uiautomator","selector":"new UiSelector().textContains(\"Definitely Not Here\"...
14:05:24.144657 POST /session/494ca10a-da1f-49fd-b84e-cf3aba07a2ce/element [5.959291ms] ERR:404 body={"strategy":"-android uiautomator","selector":"new UiSelector().descriptionContains(\"Definitely Not...
14:05:24.158282 POST /session/494ca10a-da1f-49fd-b84e-cf3aba07a2ce/element [13.557875ms] ERR:404 body={"strategy":"-android uiautomator","selector":"new UiSelector().textMatches(\"(?is).*\\QDefinitely N...
14:05:24.168489 POST /session/494ca10a-da1f-49fd-b84e-cf3aba07a2ce/element [9.981417ms] ERR:404 body={"strategy":"-android uiautomator","selector":"new UiSelector().descriptionMatches(\"(?is).*\\QDefin...
14:05:24.176048 POST /session/494ca10a-da1f-49fd-b84e-cf3aba07a2ce/element [7.500667ms] ERR:404 body={"strategy":"-android uiautomator","selector":"new UiSelector().textContains(\"Definitely Not Here\"...
14:05:24.187575 POST /session/494ca10a-da1f-49fd-b84e-cf3aba07a2ce/element [11.464125ms] ERR:404 body={"strategy":"-android uiautomator","selector":"new UiSelector().descriptionContains(\"Definitely Not...
14:05:24.197116 POST /session/494ca10a-da1f-49fd-b84e-cf3aba07a2ce/element [9.467875ms] ERR:404 body={"strategy":"-android uiautomator","selector":"new UiSelector().textMatches(\"(?is).*\\QDefinitely N...
14:05:24.206230 POST /session/494ca10a-da1f-49fd-b84e-cf3aba07a2ce/element [9.055792ms] ERR:404 body={"strategy":"-android uiautomator","selector":"new UiSelector().descriptionMatches(\"(?is).*\\QDefin...
14:05:24.220780 POST /session/494ca10a-da1f-49fd-b84e-cf3aba07a2ce/element [14.4965ms] ERR:404 body={"strategy":"-android uiautomator","selector":"new UiSelector().textContains(\"Definitely Not Here\"...
14:05:24.227715 POST /session/494ca10a-da1f-49fd-b84e-cf3aba07a2ce/element [6.882167ms] ERR:404 body={"strategy":"-android uiautomator","selector":"new UiSelector().descriptionContains(\"Definitely Not...
14:05:24.241017 POST /session/494ca10a-da1f-49fd-b84e-cf3aba07a2ce/element [13.238125ms] ERR:404 body={"strategy":"-android uiautomator","selector":"new UiSelector().textMatches(\"(?is).*\\QDefinitely N...
14:05:24.251224 POST /session/494ca10a-da1f-49fd-b84e-cf3aba07a2ce/element [10.095959ms] ERR:404 body={"strategy":"-android uiautomator","selector":"new UiSelector().descriptionMatches(\"(?is).*\\QDefin...
14:05:24.260397 POST /session/494ca10a-da1f-49fd-b84e-cf3aba07a2ce/element [9.118917ms] ERR:404 body={"strategy":"-android uiautomator","selector":"new UiSelector().textContains(\"Definitely Not Here\"...
14:05:24.266480 POST /session/494ca10a-da1f-49fd-b84e-cf3aba07a2ce/element [6.027834ms] ERR:404 body={"strategy":"-android uiautomator","selector":"new UiSelector().descriptionContains(\"Definitely Not...
14:05:24.272480 POST /session/494ca10a-da1f-49fd-b84e-cf3aba07a2ce/element [5.942375ms] ERR:404 body={"strategy":"-android uiautomator","selector":"new UiSelector().textMatches(\"(?is).*\\QDefinitely N...
14:05:24.282454 POST /session/494ca10a-da1f-49fd-b84e-cf3aba07a2ce/element [9.918667ms] ERR:404 body={"strategy":"-android uiautomator","selector":"new UiSelector().descriptionMatches(\"(?is).*\\QDefin...
14:05:24.292111 POST /session/494ca10a-da1f-49fd-b84e-cf3aba07a2ce/element [9.6015ms] ERR:404 body={"strategy":"-android uiautomator","selector":"new UiSelector().textContains(\"Definitely Not Here\"...
14:05:24.298825 POST /session/494ca10a-da1f-49fd-b84e-cf3aba07a2ce/element [6.642ms] ERR:404 body={"strategy":"-android uiautomator","selector":"new UiSelector().descriptionContains(\"Definitely Not...
14:05:24.314366 POST /session/494ca10a-da1f-49fd-b84e-cf3aba07a2ce/element [15.434917ms] ERR:404 body={"strategy":"-android uiautomator","selector":"new UiSelector().textMatches(\"(?is).*\\QDefinitely N...
14:05:24.328888 POST /session/494ca10a-da1f-49fd-b84e-cf3aba07a2ce/element [14.452667ms] ERR:404 body={"strategy":"-android uiautomator","selector":"new UiSelector().descriptionMatches(\"(?is).*\\QDefin...
14:05:24.377611 POST /session/494ca10a-da1f-49fd-b84e-cf3aba07a2ce/element [48.617292ms] ERR:404 body={"strategy":"-android uiautomator","selector":"new UiSelector().textContains(\"Definitely Not Here\"...
14:05:24.438741 POST /session/494ca10a-da1f-49fd-b84e-cf3aba07a2ce/element [61.061875ms] ERR:404 body={"strategy":"-android uiautomator","selector":"new UiSelector().descriptionContains(\"Definitely Not...
14:05:24.454036 POST /session/494ca10a-da1f-49fd-b84e-cf3aba07a2ce/element [15.223583ms] ERR:404 body={"strategy":"-android uiautomator","selector":"new UiSelector().textMatches(\"(?is).*\\QDefinitely N...
14:05:24.482497 POST /session/494ca10a-da1f-49fd-b84e-cf3aba07a2ce/element [28.372875ms] ERR:404 body={"strategy":"-android uiautomator","selector":"new UiSelector().descriptionMatches(\"(?is).*\\QDefin...
14:05:24.505848 POST /session/494ca10a-da1f-49fd-b84e-cf3aba07a2ce/element [23.252167ms] ERR:404 body={"strategy":"-android uiautomator","selector":"new UiSelector().textContains(\"Definitely Not Here\"...
14:05:24.532949 POST /session/494ca10a-da1f-49fd-b84e-cf3aba07a2ce/element [27.027333ms] ERR:404 body={"strategy":"-android uiautomator","selector":"new UiSelector().descriptionContains(\"Definitely Not...
14:05:24.556396 POST /session/494ca10a-da1f-49fd-b84e-cf3aba07a2ce/element [23.391167ms] ERR:404 body={"strategy":"-android uiautomator","selector":"new UiSelector().textMatches(\"(?is).*\\QDefinitely N...
14:05:24.566566 POST /session/494ca10a-da1f-49fd-b84e-cf3aba07a2ce/element [10.106375ms] ERR:404 body={"strategy":"-android uiautomator","selector":"new UiSelector().descriptionMatches(\"(?is).*\\QDefin...
14:05:24.575941 POST /session/494ca10a-da1f-49fd-b84e-cf3aba07a2ce/element [9.31575ms] ERR:404 body={"strategy":"-android uiautomator","selector":"new UiSelector().textContains(\"Definitely Not Here\"...
14:05:24.582927 POST /session/494ca10a-da1f-49fd-b84e-cf3aba07a2ce/element [6.92025ms] ERR:404 body={"strategy":"-android uiautomator","selector":"new UiSelector().descriptionContains(\"Definitely Not...
14:05:24.589697 POST /session/494ca10a-da1f-49fd-b84e-cf3aba07a2ce/element [6.715417ms] ERR:404 body={"strategy":"-android uiautomator","selector":"new UiSelector().textMatches(\"(?is).*\\QDefinitely N...
14:05:24.601497 POST /session/494ca10a-da1f-49fd-b84e-cf3aba07a2ce/element [11.714291ms] ERR:404 body={"strategy":"-android uiautomator","selector":"new UiSelector().descriptionMatches(\"(?is).*\\QDefin...
14:05:24.624376 POST /session/494ca10a-da1f-49fd-b84e-cf3aba07a2ce/element [22.819ms] ERR:404 body={"strategy":"-android uiautomator","selector":"new UiSelector().textContains(\"Definitely Not Here\"...
14:05:24.637971 POST /session/494ca10a-da1f-49fd-b84e-cf3aba07a2ce/element [13.523833ms] ERR:404 body={"strategy":"-android uiautomator","selector":"new UiSelector().descriptionContains(\"Definitely Not...
14:05:24.655836 POST /session/494ca10a-da1f-49fd-b84e-cf3aba07a2ce/element [17.77775ms] ERR:404 body={"strategy":"-android uiautomator","selector":"new UiSelector().textMatches(\"(?is).*\\QDefinitely N...
14:05:24.667717 POST /session/494ca10a-da1f-49fd-b84e-cf3aba07a2ce/element [11.823541ms] ERR:404 body={"strategy":"-android uiautomator","selector":"new UiSelector().descriptionMatches(\"(?is).*\\QDefin...
14:05:24.689073 POST /session/494ca10a-da1f-49fd-b84e-cf3aba07a2ce/element [21.284042ms] ERR:404 body={"strategy":"-android uiautomator","selector":"new UiSelector().textContains(\"Definitely Not Here\"...
14:05:24.718573 POST /session/494ca10a-da1f-49fd-b84e-cf3aba07a2ce/element [29.397666ms] ERR:404 body={"strategy":"-android uiautomator","selector":"new UiSelector().descriptionContains(\"Definitely Not...
14:05:24.742051 POST /session/494ca10a-da1f-49fd-b84e-cf3aba07a2ce/element [23.389792ms] ERR:404 body={"strategy":"-android uiautomator","selector":"new UiSelector().textMatches(\"(?is).*\\QDefinitely N...
14:05:24.753749 POST /session/494ca10a-da1f-49fd-b84e-cf3aba07a2ce/element [11.602875ms] ERR:404 body={"strategy":"-android uiautomator","selector":"new UiSelector().descriptionMatches(\"(?is).*\\QDefin...
14:05:24.768829 POST /session/494ca10a-da1f-49fd-b84e-cf3aba07a2ce/element [14.981083ms] ERR:404 body={"strategy":"-android uiautomator","selector":"new UiSelector().textContains(\"Definitely Not Here\"...
14:05:24.842117 POST /session/494ca10a-da1f-49fd-b84e-cf3aba07a2ce/element [73.223625ms] ERR:404 body={"strategy":"-android uiautomator","selector":"new UiSelector().descriptionContains(\"Definitely Not...
14:05:24.854273 POST /session/494ca10a-da1f-49fd-b84e-cf3aba07a2ce/element [12.038792ms] ERR:404 body={"strategy":"-android uiautomator","selector":"new UiSelector().textMatches(\"(?is).*\\QDefinitely N...
14:05:24.864242 POST /session/494ca10a-da1f-49fd-b84e-cf3aba07a2ce/element [9.911458ms] ERR:404 body={"strategy":"-android uiautomator","selector":"new UiSelector().descriptionMatches(\"(?is).*\\QDefin...
14:05:24.875166 POST /session/494ca10a-da1f-49fd-b84e-cf3aba07a2ce/element [10.862375ms] ERR:404 body={"strategy":"-android uiautomator","selector":"new UiSelector().textContains(\"Definitely Not Here\"...
14:05:24.882538 POST /session/494ca10a-da1f-49fd-b84e-cf3aba07a2ce/element [7.284917ms] ERR:404 body={"strategy":"-android uiautomator","selector":"new UiSelector().descriptionContains(\"Definitely Not...
14:05:24.892146 POST /session/494ca10a-da1f-49fd-b84e-cf3aba07a2ce/element [9.554625ms] ERR:404 body={"strategy":"-android uiautomator","selector":"new UiSelector().textMatches(\"(?is).*\\QDefinitely N...
14:05:24.898873 POST /session/494ca10a-da1f-49fd-b84e-cf3aba07a2ce/element [6.668625ms] ERR:404 body={"strategy":"-android uiautomator","selector":"new UiSelector().descriptionMatches(\"(?is).*\\QDefin...
14:05:24.914684 POST /session/494ca10a-da1f-49fd-b84e-cf3aba07a2ce/element [13.5775ms] ERR:404 body={"strategy":"-android uiautomator","selector":"new UiSelector().textContains(\"Definitely Not Here\"...
14:05:24.922446 POST /session/494ca10a-da1f-49fd-b84e-cf3aba07a2ce/element [7.703958ms] ERR:404 body={"strategy":"-android uiautomator","selector":"new UiSelector().descriptionContains(\"Definitely Not...
14:05:24.931707 POST /session/494ca10a-da1f-49fd-b84e-cf3aba07a2ce/element [9.191375ms] ERR:404 body={"strategy":"-android uiautomator","selector":"new UiSelector().textMatches(\"(?is).*\\QDefinitely N...
14:05:24.939517 POST /session/494ca10a-da1f-49fd-b84e-cf3aba07a2ce/element [7.751125ms] ERR:404 body={"strategy":"-android uiautomator","selector":"new UiSelector().descriptionMatches(\"(?is).*\\QDefin...
14:05:24.954179 POST /session/494ca10a-da1f-49fd-b84e-cf3aba07a2ce/element [14.600625ms] ERR:404 body={"strategy":"-android uiautomator","selector":"new UiSelector().textContains(\"Definitely Not Here\"...
14:05:24.990962 POST /session/494ca10a-da1f-49fd-b84e-cf3aba07a2ce/element [36.704833ms] ERR:404 body={"strategy":"-android uiautomator","selector":"new UiSelector().descriptionContains(\"Definitely Not...
14:05:25.010111 POST /session/494ca10a-da1f-49fd-b84e-cf3aba07a2ce/element [19.032791ms] ERR:404 body={"strategy":"-android uiautomator","selector":"new UiSelector().textMatches(\"(?is).*\\QDefinitely N...
14:05:25.021370 POST /session/494ca10a-da1f-49fd-b84e-cf3aba07a2ce/element [11.202667ms] ERR:404 body={"strategy":"-android uiautomator","selector":"new UiSelector().descriptionMatches(\"(?is).*\\QDefin...
14:05:25.032008 POST /session/494ca10a-da1f-49fd-b84e-cf3aba07a2ce/element [10.563791ms] ERR:404 body={"strategy":"-android uiautomator","selector":"new UiSelector().textContains(\"Definitely Not Here\"...
14:05:25.039571 POST /session/494ca10a-da1f-49fd-b84e-cf3aba07a2ce/element [7.486875ms] ERR:404 body={"strategy":"-android uiautomator","selector":"new UiSelector().descriptionContains(\"Definitely Not...
14:05:25.048226 POST /session/494ca10a-da1f-49fd-b84e-cf3aba07a2ce/element [8.596208ms] ERR:404 body={"strategy":"-android uiautomator","selector":"new UiSelector().textMatches(\"(?is).*\\QDefinitely N...
14:05:25.062207 POST /session/494ca10a-da1f-49fd-b84e-cf3aba07a2ce/element [13.921959ms] ERR:404 body={"strategy":"-android uiautomator","selector":"new UiSelector().descriptionMatches(\"(?is).*\\QDefin...
14:05:25.075234 POST /session/494ca10a-da1f-49fd-b84e-cf3aba07a2ce/element [12.971833ms] ERR:404 body={"strategy":"-android uiautomator","selector":"new UiSelector().textContains(\"Definitely Not Here\"...
14:05:25.085608 POST /session/494ca10a-da1f-49fd-b84e-cf3aba07a2ce/element [10.321042ms] ERR:404 body={"strategy":"-android uiautomator","selector":"new UiSelector().descriptionContains(\"Definitely Not...
14:05:25.096758 POST /session/494ca10a-da1f-49fd-b84e-cf3aba07a2ce/element [11.094708ms] ERR:404 body={"strategy":"-android uiautomator","selector":"new UiSelector().textMatches(\"(?is).*\\QDefinitely N...
14:05:25.105433 POST /session/494ca10a-da1f-49fd-b84e-cf3aba07a2ce/element [8.602542ms] ERR:404 body={"strategy":"-android uiautomator","selector":"new UiSelector().descriptionMatches(\"(?is).*\\QDefin...
14:05:25.117365 POST /session/494ca10a-da1f-49fd-b84e-cf3aba07a2ce/element [11.863125ms] ERR:404 body={"strategy":"-android uiautomator","selector":"new UiSelector().textContains(\"Definitely Not Here\"...
14:05:25.125429 POST /session/494ca10a-da1f-49fd-b84e-cf3aba07a2ce/element [8.002625ms] ERR:404 body={"strategy":"-android uiautomator","selector":"new UiSelector().descriptionContains(\"Definitely Not...
14:05:25.137242 POST /session/494ca10a-da1f-49fd-b84e-cf3aba07a2ce/element [11.745792ms] ERR:404 body={"strategy":"-android uiautomator","selector":"new UiSelector().textMatches(\"(?is).*\\QDefinitely N...
14:05:25.146344 POST /session/494ca10a-da1f-49fd-b84e-cf3aba07a2ce/element [9.033459ms] ERR:404 body={"strategy":"-android uiautomator","selector":"new UiSelector().descriptionMatches(\"(?is).*\\QDefin...
14:05:25.156774 POST /session/494ca10a-da1f-49fd-b84e-cf3aba07a2ce/element [10.378625ms] ERR:404 body={"strategy":"-android uiautomator","selector":"new UiSelector().textContains(\"Definitely Not Here\"...
14:05:25.162419 POST /session/494ca10a-da1f-49fd-b84e-cf3aba07a2ce/element [5.591625ms] ERR:404 body={"strategy":"-android uiautomator","selector":"new UiSelector().descriptionContains(\"Definitely Not...
14:05:25.171220 POST /session/494ca10a-da1f-49fd-b84e-cf3aba07a2ce/element [8.747667ms] ERR:404 body={"strategy":"-android uiautomator","selector":"new UiSelector().textMatches(\"(?is).*\\QDefinitely N...
14:05:25.187783 POST /session/494ca10a-da1f-49fd-b84e-cf3aba07a2ce/element [16.4945ms] ERR:404 body={"strategy":"-android uiautomator","selector":"new UiSelector().descriptionMatches(\"(?is).*\\QDefin...
14:05:25.203229 POST /session/494ca10a-da1f-49fd-b84e-cf3aba07a2ce/element [15.328375ms] ERR:404 body={"strategy":"-android uiautomator","selector":"new UiSelector().textContains(\"Definitely Not Here\"...
14:05:25.210990 POST /session/494ca10a-da1f-49fd-b84e-cf3aba07a2ce/element [7.69775ms] ERR:404 body={"strategy":"-android uiautomator","selector":"new UiSelector().descriptionContains(\"Definitely Not...
14:05:25.218356 POST /session/494ca10a-da1f-49fd-b84e-cf3aba07a2ce/element [7.310291ms] ERR:404 body={"strategy":"-android uiautomator","selector":"new UiSelector().textMatches(\"(?is).*\\QDefinitely N...
14:05:25.232073 POST /session/494ca10a-da1f-49fd-b84e-cf3aba07a2ce/element [13.659541ms] ERR:404 body={"strategy":"-android uiautomator","selector":"new UiSelector().descriptionMatches(\"(?is).*\\QDefin...
14:05:25.239672 POST /session/494ca10a-da1f-49fd-b84e-cf3aba07a2ce/element [7.544375ms] ERR:404 body={"strategy":"-android uiautomator","selector":"new UiSelector().textContains(\"Definitely Not Here\"...
14:05:25.254071 POST /session/494ca10a-da1f-49fd-b84e-cf3aba07a2ce/element [14.34775ms] ERR:404 body={"strategy":"-android uiautomator","selector":"new UiSelector().descriptionContains(\"Definitely Not...
14:05:25.262832 POST /session/494ca10a-da1f-49fd-b84e-cf3aba07a2ce/element [8.701416ms] ERR:404 body={"strategy":"-android uiautomator","selector":"new UiSelector().textMatches(\"(?is).*\\QDefinitely N...
14:05:25.274128 POST /session/494ca10a-da1f-49fd-b84e-cf3aba07a2ce/element [11.081083ms] ERR:404 body={"strategy":"-android uiautomator","selector":"new UiSelector().descriptionMatches(\"(?is).*\\QDefin...
14:05:25.284293 POST /session/494ca10a-da1f-49fd-b84e-cf3aba07a2ce/element [10.088458ms] ERR:404 body={"strategy":"-android uiautomator","selector":"new UiSelector().textContains(\"Definitely Not Here\"...
14:05:25.293095 POST /session/494ca10a-da1f-49fd-b84e-cf3aba07a2ce/element [8.741ms] ERR:404 body={"strategy":"-android uiautomator","selector":"new UiSelector().descriptionContains(\"Definitely Not...
14:05:25.303488 POST /session/494ca10a-da1f-49fd-b84e-cf3aba07a2ce/element [10.325ms] ERR:404 body={"strategy":"-android uiautomator","selector":"new UiSelector().textMatches(\"(?is).*\\QDefinitely N...
14:05:25.311219 POST /session/494ca10a-da1f-49fd-b84e-cf3aba07a2ce/element [7.420916ms] ERR:404 body={"strategy":"-android uiautomator","selector":"new UiSelector().descriptionMatches(\"(?is).*\\QDefin...
14:05:25.324214 POST /session/494ca10a-da1f-49fd-b84e-cf3aba07a2ce/element [12.945875ms] ERR:404 body={"strategy":"-android uiautomator","selector":"new UiSelector().textContains(\"Definitely Not Here\"...
14:05:25.339453 POST /session/494ca10a-da1f-49fd-b84e-cf3aba07a2ce/element [15.184292ms] ERR:404 body={"strategy":"-android uiautomator","selector":"new UiSelector().descriptionContains(\"Definitely Not...
14:05:25.347716 POST /session/494ca10a-da1f-49fd-b84e-cf3aba07a2ce/element [8.136ms] ERR:404 body={"strategy":"-android uiautomator","selector":"new UiSelector().textMatches(\"(?is).*\\QDefinitely N...
14:05:25.368984 POST /session/494ca10a-da1f-49fd-b84e-cf3aba07a2ce/element [21.204583ms] ERR:404 body={"strategy":"-android uiautomator","selector":"new UiSelector().descriptionMatches(\"(?is).*\\QDefin...
14:05:25.379313 POST /session/494ca10a-da1f-49fd-b84e-cf3aba07a2ce/element [10.267291ms] ERR:404 body={"strategy":"-android uiautomator","selector":"new UiSelector().textContains(\"Definitely Not Here\"...
14:05:25.390381 POST /session/494ca10a-da1f-49fd-b84e-cf3aba07a2ce/element [11.01225ms] ERR:404 body={"strategy":"-android uiautomator","selector":"new UiSelector().descriptionContains(\"Definitely Not...
14:05:25.407708 POST /session/494ca10a-da1f-49fd-b84e-cf3aba07a2ce/element [17.27125ms] ERR:404 body={"strategy":"-android uiautomator","selector":"new UiSelector().textMatches(\"(?is).*\\QDefinitely N...
14:05:25.493362 POST /session/494ca10a-da1f-49fd-b84e-cf3aba07a2ce/element [85.344708ms] ERR:404 body={"strategy":"-android uiautomator","selector":"new UiSelector().descriptionMatches(\"(?is).*\\QDefin...
14:05:25.506444 POST /session/494ca10a-da1f-49fd-b84e-cf3aba07a2ce/element [12.987125ms] ERR:404 body={"strategy":"-android uiautomator","selector":"new UiSelector().textContains(\"Definitely Not Here\"...
14:05:25.518654 POST /session/494ca10a-da1f-49fd-b84e-cf3aba07a2ce/element [12.142875ms] ERR:404 body={"strategy":"-android uiautomator","selector":"new UiSelector().descriptionContains(\"Definitely Not...
14:05:25.527019 POST /session/494ca10a-da1f-49fd-b84e-cf3aba07a2ce/element [8.29375ms] ERR:404 body={"strategy":"-android uiautomator","selector":"new UiSelector().textMatches(\"(?is).*\\QDefinitely N...
14:05:25.537230 POST /session/494ca10a-da1f-49fd-b84e-cf3aba07a2ce/element [10.157625ms] ERR:404 body={"strategy":"-android uiautomator","selector":"new UiSelector().descriptionMatches(\"(?is).*\\QDefin...
14:05:25.547587 POST /session/494ca10a-da1f-49fd-b84e-cf3aba07a2ce/element [10.291042ms] ERR:404 body={"strategy":"-android uiautomator","selector":"new UiSelector().textContains(\"Definitely Not Here\"...
14:05:25.559976 POST /session/494ca10a-da1f-49fd-b84e-cf3aba07a2ce/element [12.319667ms] ERR:404 body={"strategy":"-android uiautomator","selector":"new UiSelector().descriptionContains(\"Definitely Not...
14:05:25.571233 POST /session/494ca10a-da1f-49fd-b84e-cf3aba07a2ce/element [11.20325ms] ERR:404 body={"strategy":"-android uiautomator","selector":"new UiSelector().textMatches(\"(?is).*\\QDefinitely N...
14:05:25.581101 POST /session/494ca10a-da1f-49fd-b84e-cf3aba07a2ce/element [9.810708ms] ERR:404 body={"strategy":"-android uiautomator","selector":"new UiSelector().descriptionMatches(\"(?is).*\\QDefin...
14:05:25.590656 POST /session/494ca10a-da1f-49fd-b84e-cf3aba07a2ce/element [9.480167ms] ERR:404 body={"strategy":"-android uiautomator","selector":"new UiSelector().textContains(\"Definitely Not Here\"...
14:05:25.603218 POST /session/494ca10a-da1f-49fd-b84e-cf3aba07a2ce/element [12.489958ms] ERR:404 body={"strategy":"-android uiautomator","selector":"new UiSelector().descriptionContains(\"Definitely Not...
14:05:25.613915 POST /session/494ca10a-da1f-49fd-b84e-cf3aba07a2ce/element [10.633083ms] ERR:404 body={"strategy":"-android uiautomator","selector":"new UiSelector().textMatches(\"(?is).*\\QDefinitely N...
14:05:25.626641 POST /session/494ca10a-da1f-49fd-b84e-cf3aba07a2ce/element [12.655291ms] ERR:404 body={"strategy":"-android uiautomator","selector":"new UiSelector().descriptionMatches(\"(?is).*\\QDefin...
14:05:25.636537 POST /session/494ca10a-da1f-49fd-b84e-cf3aba07a2ce/element [9.80825ms] ERR:404 body={"strategy":"-android uiautomator","selector":"new UiSelector().textContains(\"Definitely Not Here\"...
14:05:25.651729 POST /session/494ca10a-da1f-49fd-b84e-cf3aba07a2ce/element [15.124625ms] ERR:404 body={"strategy":"-android uiautomator","selector":"new UiSelector().descriptionContains(\"Definitely Not...
14:05:25.660948 POST /session/494ca10a-da1f-49fd-b84e-cf3aba07a2ce/element [9.166792ms] ERR:404 body={"strategy":"-android uiautomator","selector":"new UiSelector().textMatches(\"(?is).*\\QDefinitely N...
14:05:25.671975 POST /session/494ca10a-da1f-49fd-b84e-cf3aba07a2ce/element [10.964083ms] ERR:404 body={"strategy":"-android uiautomator","selector":"new UiSelector().descriptionMatches(\"(?is).*\\QDefin...
14:05:25.678411 POST /session/494ca10a-da1f-49fd-b84e-cf3aba07a2ce/element [6.375875ms] ERR:404 body={"strategy":"-android uiautomator","selector":"new UiSelector().textContains(\"Definitely Not Here\"...
14:05:25.689119 POST /session/494ca10a-da1f-49fd-b84e-cf3aba07a2ce/element [10.647958ms] ERR:404 body={"strategy":"-android uiautomator","selector":"new UiSelector().descriptionContains(\"Definitely Not...
14:05:25.702002 POST /session/494ca10a-da1f-49fd-b84e-cf3aba07a2ce/element [12.826ms] ERR:404 body={"strategy":"-android uiautomator","selector":"new UiSelector().textMatches(\"(?is).*\\QDefinitely N...
14:05:25.712009 POST /session/494ca10a-da1f-49fd-b84e-cf3aba07a2ce/element [9.948667ms] ERR:404 body={"strategy":"-android uiautomator","selector":"new UiSelector().descriptionMatches(\"(?is).*\\QDefin...
14:05:25.720272 POST /session/494ca10a-da1f-49fd-b84e-cf3aba07a2ce/element [8.198ms] ERR:404 body={"strategy":"-android uiautomator","selector":"new UiSelector().textContains(\"Definitely Not Here\"...
14:05:25.734163 POST /session/494ca10a-da1f-49fd-b84e-cf3aba07a2ce/element [13.827833ms] ERR:404 body={"strategy":"-android uiautomator","selector":"new UiSelector().descriptionContains(\"Definitely Not...
14:05:25.743872 POST /session/494ca10a-da1f-49fd-b84e-cf3aba07a2ce/element [9.646833ms] ERR:404 body={"strategy":"-android uiautomator","selector":"new UiSelector().textMatches(\"(?is).*\\QDefinitely N...
14:05:25.754391 POST /session/494ca10a-da1f-49fd-b84e-cf3aba07a2ce/element [10.456375ms] ERR:404 body={"strategy":"-android uiautomator","selector":"new UiSelector().descriptionMatches(\"(?is).*\\QDefin...
14:05:25.766657 POST /session/494ca10a-da1f-49fd-b84e-cf3aba07a2ce/element [12.218959ms] ERR:404 body={"strategy":"-android uiautomator","selector":"new UiSelector().textContains(\"Definitely Not Here\"...
14:05:25.775751 POST /session/494ca10a-da1f-49fd-b84e-cf3aba07a2ce/element [9.03525ms] ERR:404 body={"strategy":"-android uiautomator","selector":"new UiSelector().descriptionContains(\"Definitely Not...
14:05:25.783856 POST /session/494ca10a-da1f-49fd-b84e-cf3aba07a2ce/element [8.03675ms] ERR:404 body={"strategy":"-android uiautomator","selector":"new UiSelector().textMatches(\"(?is).*\\QDefinitely N...
14:05:25.811851 POST /session/494ca10a-da1f-49fd-b84e-cf3aba07a2ce/element [27.893416ms] ERR:404 body={"strategy":"-android uiautomator","selector":"new UiSelector().descriptionMatches(\"(?is).*\\QDefin...
14:05:25.822470 POST /session/494ca10a-da1f-49fd-b84e-cf3aba07a2ce/element [10.558208ms] ERR:404 body={"strategy":"-android uiautomator","selector":"new UiSelector().textContains(\"Definitely Not Here\"...
14:05:25.831609 POST /session/494ca10a-da1f-49fd-b84e-cf3aba07a2ce/element [9.08875ms] ERR:404 body={"strategy":"-android uiautomator","selector":"new UiSelector().descriptionContains(\"Definitely Not...
14:05:25.847767 POST /session/494ca10a-da1f-49fd-b84e-cf3aba07a2ce/element [16.101709ms] ERR:404 body={"strategy":"-android uiautomator","selector":"new UiSelector().textMatches(\"(?is).*\\QDefinitely N...
14:05:25.862146 POST /session/494ca10a-da1f-49fd-b84e-cf3aba07a2ce/element [14.313583ms] ERR:404 body={"strategy":"-android uiautomator","selector":"new UiSelector().descriptionMatches(\"(?is).*\\QDefin...
14:05:25.875665 POST /session/494ca10a-da1f-49fd-b84e-cf3aba07a2ce/element [13.457167ms] ERR:404 body={"strategy":"-android uiautomator","selector":"new UiSelector().textContains(\"Definitely Not Here\"...
14:05:25.886119 POST /session/494ca10a-da1f-49fd-b84e-cf3aba07a2ce/element [10.368958ms] ERR:404 body={"strategy":"-android uiautomator","selector":"new UiSelector().descriptionContains(\"Definitely Not...
14:05:25.903429 POST /session/494ca10a-da1f-49fd-b84e-cf3aba07a2ce/element [17.248333ms] ERR:404 body={"strategy":"-android uiautomator","selector":"new UiSelector().textMatches(\"(?is).*\\QDefinitely N...
14:05:25.914025 POST /session/494ca10a-da1f-49fd-b84e-cf3aba07a2ce/element [10.528667ms] ERR:404 body={"strategy":"-android uiautomator","selector":"new UiSelector().descriptionMatches(\"(?is).*\\QDefin...
14:05:25.927483 POST /session/494ca10a-da1f-49fd-b84e-cf3aba07a2ce/element [13.404792ms] ERR:404 body={"strategy":"-android uiautomator","selector":"new UiSelector().textContains(\"Definitely Not Here\"...
14:05:25.939598 POST /session/494ca10a-da1f-49fd-b84e-cf3aba07a2ce/element [12.054375ms] ERR:404 body={"strategy":"-android uiautomator","selector":"new UiSelector().descriptionContains(\"Definitely Not...
14:05:25.946367 POST /session/494ca10a-da1f-49fd-b84e-cf3aba07a2ce/element [6.69775ms] ERR:404 body={"strategy":"-android uiautomator","selector":"new UiSelector().textMatches(\"(?is).*\\QDefinitely N...
14:05:25.956865 POST /session/494ca10a-da1f-49fd-b84e-cf3aba07a2ce/element [10.416959ms] ERR:404 body={"strategy":"-android uiautomator","selector":"new UiSelector().descriptionMatches(\"(?is).*\\QDefin...
14:05:25.964660 POST /session/494ca10a-da1f-49fd-b84e-cf3aba07a2ce/element [7.7275ms] ERR:404 body={"strategy":"-android uiautomator","selector":"new UiSelector().textContains(\"Definitely Not Here\"...
14:05:25.971981 POST /session/494ca10a-da1f-49fd-b84e-cf3aba07a2ce/element [7.221166ms] ERR:404 body={"strategy":"-android uiautomator","selector":"new UiSelector().descriptionContains(\"Definitely Not...
14:05:25.980379 POST /session/494ca10a-da1f-49fd-b84e-cf3aba07a2ce/element [8.340459ms] ERR:404 body={"strategy":"-android uiautomator","selector":"new UiSelector().textMatches(\"(?is).*\\QDefinitely N...
14:05:25.986310 POST /session/494ca10a-da1f-49fd-b84e-cf3aba07a2ce/element [5.87325ms] ERR:404 body={"strategy":"-android uiautomator","selector":"new UiSelector().descriptionMatches(\"(?is).*\\QDefin...
14:05:25.993082 POST /session/494ca10a-da1f-49fd-b84e-cf3aba07a2ce/element [6.724666ms] ERR:404 body={"strategy":"-android uiautomator","selector":"new UiSelector().textContains(\"Definitely Not Here\"...
14:05:25.998567 POST /session/494ca10a-da1f-49fd-b84e-cf3aba07a2ce/element [5.434541ms] ERR:404 body={"strategy":"-android uiautomator","selector":"new UiSelector().descriptionContains(\"Definitely Not...
14:05:26.005427 POST /session/494ca10a-da1f-49fd-b84e-cf3aba07a2ce/element [6.787167ms] ERR:404 body={"strategy":"-android uiautomator","selector":"new UiSelector().textMatches(\"(?is).*\\QDefinitely N...
14:05:26.018315 POST /session/494ca10a-da1f-49fd-b84e-cf3aba07a2ce/element [12.823083ms] ERR:404 body={"strategy":"-android uiautomator","selector":"new UiSelector().descriptionMatches(\"(?is).*\\QDefin...
14:05:26.029345 POST /session/494ca10a-da1f-49fd-b84e-cf3aba07a2ce/element [10.973292ms] ERR:404 body={"strategy":"-android uiautomator","selector":"new UiSelector().textContains(\"Definitely Not Here\"...
14:05:26.039092 POST /session/494ca10a-da1f-49fd-b84e-cf3aba07a2ce/element [9.693875ms] ERR:404 body={"strategy":"-android uiautomator","selector":"new UiSelector().descriptionContains(\"Definitely Not...
14:05:26.049054 POST /session/494ca10a-da1f-49fd-b84e-cf3aba07a2ce/element [9.912583ms] ERR:404 body={"strategy":"-android uiautomator","selector":"new UiSelector().textMatches(\"(?is).*\\QDefinitely N...
14:05:26.056150 POST /session/494ca10a-da1f-49fd-b84e-cf3aba07a2ce/element [7.042583ms] ERR:404 body={"strategy":"-android uiautomator","selector":"new UiSelector().descriptionMatches(\"(?is).*\\QDefin...
14:05:26.061239 POST /session/494ca10a-da1f-49fd-b84e-cf3aba07a2ce/element [5.033958ms] ERR:404 body={"strategy":"-android uiautomator","selector":"new UiSelector().textContains(\"Definitely Not Here\"...
14:05:26.066349 POST /session/494ca10a-da1f-49fd-b84e-cf3aba07a2ce/element [5.044291ms] ERR:404 body={"strategy":"-android uiautomator","selector":"new UiSelector().descriptionContains(\"Definitely Not...
14:05:26.072987 POST /session/494ca10a-da1f-49fd-b84e-cf3aba07a2ce/element [6.576792ms] ERR:404 body={"strategy":"-android uiautomator","selector":"new UiSelector().textMatches(\"(?is).*\\QDefinitely N...
14:05:26.082963 POST /session/494ca10a-da1f-49fd-b84e-cf3aba07a2ce/element [9.923083ms] ERR:404 body={"strategy":"-android uiautomator","selector":"new UiSelector().descriptionMatches(\"(?is).*\\QDefin...
14:05:26.093621 POST /session/494ca10a-da1f-49fd-b84e-cf3aba07a2ce/element [10.606125ms] ERR:404 body={"strategy":"-android uiautomator","selector":"new UiSelector().textContains(\"Definitely Not Here\"...
14:05:26.107069 POST /session/494ca10a-da1f-49fd-b84e-cf3aba07a2ce/element [13.38975ms] ERR:404 body={"strategy":"-android uiautomator","selector":"new UiSelector().descriptionContains(\"Definitely Not...
14:05:26.118121 POST /session/494ca10a-da1f-49fd-b84e-cf3aba07a2ce/element [10.997ms] ERR:404 body={"strategy":"-android uiautomator","selector":"new UiSelector().textMatches(\"(?is).*\\QDefinitely N...
14:05:26.129064 POST /session/494ca10a-da1f-49fd-b84e-cf3aba07a2ce/element [10.882833ms] ERR:404 body={"strategy":"-android uiautomator","selector":"new UiSelector().descriptionMatches(\"(?is).*\\QDefin...
14:05:26.136974 POST /session/494ca10a-da1f-49fd-b84e-cf3aba07a2ce/element [7.852083ms] ERR:404 body={"strategy":"-android uiautomator","selector":"new UiSelector().textContains(\"Definitely Not Here\"...
14:05:26.142978 POST /session/494ca10a-da1f-49fd-b84e-cf3aba07a2ce/element [5.948584ms] ERR:404 body={"strategy":"-android uiautomator","selector":"new UiSelector().descriptionContains(\"Definitely Not...
14:05:26.151004 POST /session/494ca10a-da1f-49fd-b84e-cf3aba07a2ce/element [7.972625ms] ERR:404 body={"strategy":"-android uiautomator","selector":"new UiSelector().textMatches(\"(?is).*\\QDefinitely N...
14:05:26.159855 POST /session/494ca10a-da1f-49fd-b84e-cf3aba07a2ce/element [8.795708ms] ERR:404 body={"strategy":"-android uiautomator","selector":"new UiSelector().descriptionMatches(\"(?is).*\\QDefin...
14:05:26.169862 POST /session/494ca10a-da1f-49fd-b84e-cf3aba07a2ce/element [9.95075ms] ERR:404 body={"strategy":"-android uiautomator","selector":"new UiSelector().textContains(\"Definitely Not Here\"...
14:05:26.183044 POST /session/494ca10a-da1f-49fd-b84e-cf3aba07a2ce/element [13.124083ms] ERR:404 body={"strategy":"-android uiautomator","selector":"new UiSelector().descriptionContains(\"Definitely Not...
14:05:26.193034 POST /session/494ca10a-da1f-49fd-b84e-cf3aba07a2ce/element [9.934833ms] ERR:404 body={"strategy":"-android uiautomator","selector":"new UiSelector().textMatches(\"(?is).*\\QDefinitely N...
14:05:26.202979 POST /session/494ca10a-da1f-49fd-b84e-cf3aba07a2ce/element [9.890917ms] ERR:404 body={"strategy":"-android uiautomator","selector":"new UiSelector().descriptionMatches(\"(?is).*\\QDefin...
14:05:26.211972 POST /session/494ca10a-da1f-49fd-b84e-cf3aba07a2ce/element [8.927ms] ERR:404 body={"strategy":"-android uiautomator","selector":"new UiSelector().textContains(\"Definitely Not Here\"...
14:05:26.222642 POST /session/494ca10a-da1f-49fd-b84e-cf3aba07a2ce/element [10.618709ms] ERR:404 body={"strategy":"-android uiautomator","selector":"new UiSelector().descriptionContains(\"Definitely Not...
14:05:26.232337 POST /session/494ca10a-da1f-49fd-b84e-cf3aba07a2ce/element [9.635375ms] ERR:404 body={"strategy":"-android uiautomator","selector":"new UiSelector().textMatches(\"(?is).*\\QDefinitely N...
14:05:26.240158 POST /session/494ca10a-da1f-49fd-b84e-cf3aba07a2ce/element [7.765291ms] ERR:404 body={"strategy":"-android uiautomator","selector":"new UiSelector().descriptionMatches(\"(?is).*\\QDefin...
14:05:26.248718 POST /session/494ca10a-da1f-49fd-b84e-cf3aba07a2ce/element [8.477041ms] ERR:404 body={"strategy":"-android uiautomator","selector":"new UiSelector().textContains(\"Definitely Not Here\"...
14:05:26.265864 POST /session/494ca10a-da1f-49fd-b84e-cf3aba07a2ce/element [17.072667ms] ERR:404 body={"strategy":"-android uiautomator","selector":"new UiSelector().descriptionContains(\"Definitely Not...
14:05:26.275995 POST /session/494ca10a-da1f-49fd-b84e-cf3aba07a2ce/element [10.073334ms] ERR:404 body={"strategy":"-android uiautomator","selector":"new UiSelector().textMatches(\"(?is).*\\QDefinitely N...
14:05:26.284350 POST /session/494ca10a-da1f-49fd-b84e-cf3aba07a2ce/element [8.291375ms] ERR:404 body={"strategy":"-android uiautomator","selector":"new UiSelector().descriptionMatches(\"(?is).*\\QDefin...
14:05:26.292853 POST /session/494ca10a-da1f-49fd-b84e-cf3aba07a2ce/element [8.450959ms] ERR:404 body={"strategy":"-android uiautomator","selector":"new UiSelector().textContains(\"Definitely Not Here\"...
14:05:26.299195 POST /session/494ca10a-da1f-49fd-b84e-cf3aba07a2ce/element [6.289541ms] ERR:404 body={"strategy":"-android uiautomator","selector":"new UiSelector().descriptionContains(\"Definitely Not...
14:05:26.306339 POST /session/494ca10a-da1f-49fd-b84e-cf3aba07a2ce/element [7.08025ms] ERR:404 body={"strategy":"-android uiautomator","selector":"new UiSelector().textMatches(\"(?is).*\\QDefinitely N...
14:05:26.313385 POST /session/494ca10a-da1f-49fd-b84e-cf3aba07a2ce/element [6.994084ms] ERR:404 body={"strategy":"-android uiautomator","selector":"new UiSelector().descriptionMatches(\"(?is).*\\QDefin...
14:05:26.322353 POST /session/494ca10a-da1f-49fd-b84e-cf3aba07a2ce/element [8.796ms] ERR:404 body={"strategy":"-android uiautomator","selector":"new UiSelector().textContains(\"Definitely Not Here\"...
14:05:26.331375 POST /session/494ca10a-da1f-49fd-b84e-cf3aba07a2ce/element [8.939875ms] ERR:404 body={"strategy":"-android uiautomator","selector":"new UiSelector().descriptionContains(\"Definitely Not...
14:05:26.338419 POST /session/494ca10a-da1f-49fd-b84e-cf3aba07a2ce/element [6.986291ms] ERR:404 body={"strategy":"-android uiautomator","selector":"new UiSelector().textMatches(\"(?is).*\\QDefinitely N...
14:05:26.348014 POST /session/494ca10a-da1f-49fd-b84e-cf3aba07a2ce/element [9.533959ms] ERR:404 body={"strategy":"-android uiautomator","selector":"new UiSelector().descriptionMatches(\"(?is).*\\QDefin...
14:05:26.354236 POST /session/494ca10a-da1f-49fd-b84e-cf3aba07a2ce/element [6.169916ms] ERR:404 body={"strategy":"-android uiautomator","selector":"new UiSelector().textContains(\"Definitely Not Here\"...
14:05:26.360264 POST /session/494ca10a-da1f-49fd-b84e-cf3aba07a2ce/element [5.983958ms] ERR:404 body={"strategy":"-android uiautomator","selector":"new UiSelector().descriptionContains(\"Definitely Not...
14:05:26.368078 POST /session/494ca10a-da1f-49fd-b84e-cf3aba07a2ce/element [7.759083ms] ERR:404 body={"strategy":"-android uiautomator","selector":"new UiSelector().textMatches(\"(?is).*\\QDefinitely N...
14:05:26.374428 POST /session/494ca10a-da1f-49fd-b84e-cf3aba07a2ce/element [6.29125ms] ERR:404 body={"strategy":"-android uiautomator","selector":"new UiSelector().descriptionMatches(\"(?is).*\\QDefin...
14:05:26.380955 POST /session/494ca10a-da1f-49fd-b84e-cf3aba07a2ce/element [6.471625ms] ERR:404 body={"strategy":"-android uiautomator","selector":"new UiSelector().textContains(\"Definitely Not Here\"...
14:05:26.387041 POST /session/494ca10a-da1f-49fd-b84e-cf3aba07a2ce/element [6.028ms] ERR:404 body={"strategy":"-android uiautomator","selector":"new UiSelector().descriptionContains(\"Definitely Not...
14:05:26.394038 POST /session/494ca10a-da1f-49fd-b84e-cf3aba07a2ce/element [6.943083ms] ERR:404 body={"strategy":"-android uiautomator","selector":"new UiSelector().textMatches(\"(?is).*\\QDefinitely N...
14:05:26.401227 POST /session/494ca10a-da1f-49fd-b84e-cf3aba07a2ce/element [7.130375ms] ERR:404 body={"strategy":"-android uiautomator","selector":"new UiSelector().descriptionMatches(\"(?is).*\\QDefin...
14:05:26.411496 POST /session/494ca10a-da1f-49fd-b84e-cf3aba07a2ce/element [10.216834ms] ERR:404 body={"strategy":"-android uiautomator","selector":"new UiSelector().textContains(\"Definitely Not Here\"...
14:05:26.420789 POST /session/494ca10a-da1f-49fd-b84e-cf3aba07a2ce/element [9.24075ms] ERR:404 body={"strategy":"-android uiautomator","selector":"new UiSelector().descriptionContains(\"Definitely Not...
14:05:26.430896 POST /session/494ca10a-da1f-49fd-b84e-cf3aba07a2ce/element [10.040458ms] ERR:404 body={"strategy":"-android uiautomator","selector":"new UiSelector().textMatches(\"(?is).*\\QDefinitely N...
14:05:26.439749 POST /session/494ca10a-da1f-49fd-b84e-cf3aba07a2ce/element [8.744833ms] ERR:404 body={"strategy":"-android uiautomator","selector":"new UiSelector().descriptionMatches(\"(?is).*\\QDefin...
14:05:26.452618 POST /session/494ca10a-da1f-49fd-b84e-cf3aba07a2ce/element [12.80125ms] ERR:404 body={"strategy":"-android uiautomator","selector":"new UiSelector().textContains(\"Definitely Not Here\"...
14:05:26.461051 POST /session/494ca10a-da1f-49fd-b84e-cf3aba07a2ce/element [8.36775ms] ERR:404 body={"strategy":"-android uiautomator","selector":"new UiSelector().descriptionContains(\"Definitely Not...
14:05:26.471219 POST /session/494ca10a-da1f-49fd-b84e-cf3aba07a2ce/element [10.096167ms] ERR:404 body={"strategy":"-android uiautomator","selector":"new UiSelector().textMatches(\"(?is).*\\QDefinitely N...
14:05:26.479397 POST /session/494ca10a-da1f-49fd-b84e-cf3aba07a2ce/element [8.111833ms] ERR:404 body={"strategy":"-android uiautomator","selector":"new UiSelector().descriptionMatches(\"(?is).*\\QDefin...
14:05:26.493152 POST /session/494ca10a-da1f-49fd-b84e-cf3aba07a2ce/element [13.690959ms] ERR:404 body={"strategy":"-android uiautomator","selector":"new UiSelector().textContains(\"Definitely Not Here\"...
14:05:26.504569 POST /session/494ca10a-da1f-49fd-b84e-cf3aba07a2ce/element [11.36075ms] ERR:404 body={"strategy":"-android uiautomator","selector":"new UiSelector().descriptionContains(\"Definitely Not...
14:05:26.515365 POST /session/494ca10a-da1f-49fd-b84e-cf3aba07a2ce/element [10.743875ms] ERR:404 body={"strategy":"-android uiautomator","selector":"new UiSelector().textMatches(\"(?is).*\\QDefinitely N...
14:05:26.522039 POST /session/494ca10a-da1f-49fd-b84e-cf3aba07a2ce/element [6.60525ms] ERR:404 body={"strategy":"-android uiautomator","selector":"new UiSelector().descriptionMatches(\"(?is).*\\QDefin...
14:05:26.532050 POST /session/494ca10a-da1f-49fd-b84e-cf3aba07a2ce/element [9.936833ms] ERR:404 body={"strategy":"-android uiautomator","selector":"new UiSelector().textContains(\"Definitely Not Here\"...
14:05:26.540052 POST /session/494ca10a-da1f-49fd-b84e-cf3aba07a2ce/element [7.939125ms] ERR:404 body={"strategy":"-android uiautomator","selector":"new UiSelector().descriptionContains(\"Definitely Not...
14:05:26.551090 POST /session/494ca10a-da1f-49fd-b84e-cf3aba07a2ce/element [10.976959ms] ERR:404 body={"strategy":"-android uiautomator","selector":"new UiSelector().textMatches(\"(?is).*\\QDefinitely N...
14:05:26.559139 POST /session/494ca10a-da1f-49fd-b84e-cf3aba07a2ce/element [7.979583ms] ERR:404 body={"strategy":"-android uiautomator","selector":"new UiSelector().descriptionMatches(\"(?is).*\\QDefin...
14:05:26.573707 POST /session/494ca10a-da1f-49fd-b84e-cf3aba07a2ce/element [14.503375ms] ERR:404 body={"strategy":"-android uiautomator","selector":"new UiSelector().textContains(\"Definitely Not Here\"...
14:05:26.584148 POST /session/494ca10a-da1f-49fd-b84e-cf3aba07a2ce/element [10.382417ms] ERR:404 body={"strategy":"-android uiautomator","selector":"new UiSelector().descriptionContains(\"Definitely Not...
14:05:26.593606 POST /session/494ca10a-da1f-49fd-b84e-cf3aba07a2ce/element [9.400167ms] ERR:404 body={"strategy":"-android uiautomator","selector":"new UiSelector().textMatches(\"(?is).*\\QDefinitely N...
14:05:26.599194 POST /session/494ca10a-da1f-49fd-b84e-cf3aba07a2ce/element [5.514625ms] ERR:404 body={"strategy":"-android uiautomator","selector":"new UiSelector().descriptionMatches(\"(?is).*\\QDefin...
14:05:26.605169 POST /session/494ca10a-da1f-49fd-b84e-cf3aba07a2ce/element [5.88875ms] ERR:404 body={"strategy":"-android uiautomator","selector":"new UiSelector().textContains(\"Definitely Not Here\"...
14:05:26.611775 POST /session/494ca10a-da1f-49fd-b84e-cf3aba07a2ce/element [6.554917ms] ERR:404 body={"strategy":"-android uiautomator","selector":"new UiSelector().descriptionContains(\"Definitely Not...
14:05:26.620222 POST /session/494ca10a-da1f-49fd-b84e-cf3aba07a2ce/element [8.40625ms] ERR:404 body={"strategy":"-android uiautomator","selector":"new UiSelector().textMatches(\"(?is).*\\QDefinitely N...
14:05:26.627323 POST /session/494ca10a-da1f-49fd-b84e-cf3aba07a2ce/element [7.029334ms] ERR:404 body={"strategy":"-android uiautomator","selector":"new UiSelector().descriptionMatches(\"(?is).*\\QDefin...
14:05:26.635922 POST /session/494ca10a-da1f-49fd-b84e-cf3aba07a2ce/element [8.546625ms] ERR:404 body={"strategy":"-android uiautomator","selector":"new UiSelector().textContains(\"Definitely Not Here\"...
14:05:26.640232 POST /session/494ca10a-da1f-49fd-b84e-cf3aba07a2ce/element [4.258375ms] ERR:404 body={"strategy":"-android uiautomator","selector":"new UiSelector().descriptionContains(\"Definitely Not...
14:05:26.647788 POST /session/494ca10a-da1f-49fd-b84e-cf3aba07a2ce/element [7.508625ms] ERR:404 body={"strategy":"-android uiautomator","selector":"new UiSelector().textMatches(\"(?is).*\\QDefinitely N...
14:05:26.657404 POST /session/494ca10a-da1f-49fd-b84e-cf3aba07a2ce/element [9.567459ms] ERR:404 body={"strategy":"-android uiautomator","selector":"new UiSelector().descriptionMatches(\"(?is).*\\QDefin...
14:05:26.665626 POST /session/494ca10a-da1f-49fd-b84e-cf3aba07a2ce/element [8.170959ms] ERR:404 body={"strategy":"-android uiautomator","selector":"new UiSelector().textContains(\"Definitely Not Here\"...
14:05:26.674538 POST /session/494ca10a-da1f-49fd-b84e-cf3aba07a2ce/element [8.860958ms] ERR:404 body={"strategy":"-android uiautomator","selector":"new UiSelector().descriptionContains(\"Definitely Not...
14:05:26.684351 POST /session/494ca10a-da1f-49fd-b84e-cf3aba07a2ce/element [9.7615ms] ERR:404 body={"strategy":"-android uiautomator","selector":"new UiSelector().textMatches(\"(?is).*\\QDefinitely N...
14:05:26.693140 POST /session/494ca10a-da1f-49fd-b84e-cf3aba07a2ce/element [8.736083ms] ERR:404 body={"strategy":"-android uiautomator","selector":"new UiSelector().descriptionMatches(\"(?is).*\\QDefin...
14:05:26.702735 POST /session/494ca10a-da1f-49fd-b84e-cf3aba07a2ce/element [9.541459ms] ERR:404 body={"strategy":"-android uiautomator","selector":"new UiSelector().textContains(\"Definitely Not Here\"...
14:05:26.710618 POST /session/494ca10a-da1f-49fd-b84e-cf3aba07a2ce/element [7.836042ms] ERR:404 body={"strategy":"-android uiautomator","selector":"new UiSelector().descriptionContains(\"Definitely Not...
14:05:26.722045 POST /session/494ca10a-da1f-49fd-b84e-cf3aba07a2ce/element [11.378ms] ERR:404 body={"strategy":"-android uiautomator","selector":"new UiSelector().textMatches(\"(?is).*\\QDefinitely N...
14:05:26.729327 POST /session/494ca10a-da1f-49fd-b84e-cf3aba07a2ce/element [7.231792ms] ERR:404 body={"strategy":"-android uiautomator","selector":"new UiSelector().descriptionMatches(\"(?is).*\\QDefin...
14:05:26.738609 POST /session/494ca10a-da1f-49fd-b84e-cf3aba07a2ce/element [9.219ms] ERR:404 body={"strategy":"-android uiautomator","selector":"new UiSelector().textContains(\"Definitely Not Here\"...
14:05:26.745711 POST /session/494ca10a-da1f-49fd-b84e-cf3aba07a2ce/element [7.055792ms] ERR:404 body={"strategy":"-android uiautomator","selector":"new UiSelector().descriptionContains(\"Definitely Not...
14:05:26.753636 POST /session/494ca10a-da1f-49fd-b84e-cf3aba07a2ce/element [7.873834ms] ERR:404 body={"strategy":"-android uiautomator","selector":"new UiSelector().textMatches(\"(?is).*\\QDefinitely N...
14:05:26.758845 POST /session/494ca10a-da1f-49fd-b84e-cf3aba07a2ce/element [5.160709ms] ERR:404 body={"strategy":"-android uiautomator","selector":"new UiSelector().descriptionMatches(\"(?is).*\\QDefin...
14:05:26.763080 POST /session/494ca10a-da1f-49fd-b84e-cf3aba07a2ce/element [4.181333ms] ERR:404 body={"strategy":"-android uiautomator","selector":"new UiSelector().textContains(\"Definitely Not Here\"...
14:05:26.770336 POST /session/494ca10a-da1f-49fd-b84e-cf3aba07a2ce/element [7.210833ms] ERR:404 body={"strategy":"-android uiautomator","selector":"new UiSelector().descriptionContains(\"Definitely Not...
14:05:26.776792 POST /session/494ca10a-da1f-49fd-b84e-cf3aba07a2ce/element [6.399792ms] ERR:404 body={"strategy":"-android uiautomator","selector":"new UiSelector().textMatches(\"(?is).*\\QDefinitely N...
14:05:26.784578 POST /session/494ca10a-da1f-49fd-b84e-cf3aba07a2ce/element [7.711666ms] ERR:404 body={"strategy":"-android uiautomator","selector":"new UiSelector().descriptionMatches(\"(?is).*\\QDefin...
14:05:26.792079 POST /session/494ca10a-da1f-49fd-b84e-cf3aba07a2ce/element [7.442959ms] ERR:404 body={"strategy":"-android uiautomator","selector":"new UiSelector().textContains(\"Definitely Not Here\"...
14:05:26.800105 POST /session/494ca10a-da1f-49fd-b84e-cf3aba07a2ce/element [7.971041ms] ERR:404 body={"strategy":"-android uiautomator","selector":"new UiSelector().descriptionContains(\"Definitely Not...
14:05:26.807891 POST /session/494ca10a-da1f-49fd-b84e-cf3aba07a2ce/element [7.740208ms] ERR:404 body={"strategy":"-android uiautomator","selector":"new UiSelector().textMatches(\"(?is).*\\QDefinitely N...
14:05:26.813571 POST /session/494ca10a-da1f-49fd-b84e-cf3aba07a2ce/element [5.626542ms] ERR:404 body={"strategy":"-android uiautomator","selector":"new UiSelector().descriptionMatches(\"(?is).*\\QDefin...
14:05:26.819031 POST /session/494ca10a-da1f-49fd-b84e-cf3aba07a2ce/element [5.417667ms] ERR:404 body={"strategy":"-android uiautomator","selector":"new UiSelector().textContains(\"Definitely Not Here\"...
14:05:26.826139 POST /session/494ca10a-da1f-49fd-b84e-cf3aba07a2ce/element [7.044375ms] ERR:404 body={"strategy":"-android uiautomator","selector":"new UiSelector().descriptionContains(\"Definitely Not...
14:05:26.834340 POST /session/494ca10a-da1f-49fd-b84e-cf3aba07a2ce/element [8.153875ms] ERR:404 body={"strategy":"-android uiautomator","selector":"new UiSelector().textMatches(\"(?is).*\\QDefinitely N...
14:05:26.842550 POST /session/494ca10a-da1f-49fd-b84e-cf3aba07a2ce/element [8.163959ms] ERR:404 body={"strategy":"-android uiautomator","selector":"new UiSelector().descriptionMatches(\"(?is).*\\QDefin...
14:05:26.853281 POST /session/494ca10a-da1f-49fd-b84e-cf3aba07a2ce/element [10.672209ms] ERR:404 body={"strategy":"-android uiautomator","selector":"new UiSelector().textContains(\"Definitely Not Here\"...
14:05:26.863938 POST /session/494ca10a-da1f-49fd-b84e-cf3aba07a2ce/element [10.589792ms] ERR:404 body={"strategy":"-android uiautomator","selector":"new UiSelector().descriptionContains(\"Definitely Not...
14:05:26.876777 POST /session/494ca10a-da1f-49fd-b84e-cf3aba07a2ce/element [12.784875ms] ERR:404 body={"strategy":"-android uiautomator","selector":"new UiSelector().textMatches(\"(?is).*\\QDefinitely N...
14:05:26.886273 POST /session/494ca10a-da1f-49fd-b84e-cf3aba07a2ce/element [9.433917ms] ERR:404 body={"strategy":"-android uiautomator","selector":"new UiSelector().descriptionMatches(\"(?is).*\\QDefin...
14:05:26.893055 POST /session/494ca10a-da1f-49fd-b84e-cf3aba07a2ce/element [6.725166ms] ERR:404 body={"strategy":"-android uiautomator","selector":"new UiSelector().textContains(\"Definitely Not Here\"...
14:05:26.899554 POST /session/494ca10a-da1f-49fd-b84e-cf3aba07a2ce/element [6.432125ms] ERR:404 body={"strategy":"-android uiautomator","selector":"new UiSelector().descriptionContains(\"Definitely Not...
14:05:26.914322 POST /session/494ca10a-da1f-49fd-b84e-cf3aba07a2ce/element [14.718542ms] ERR:404 body={"strategy":"-android uiautomator","selector":"new UiSelector().textMatches(\"(?is).*\\QDefinitely N...
14:05:26.925035 POST /session/494ca10a-da1f-49fd-b84e-cf3aba07a2ce/element [10.657458ms] ERR:404 body={"strategy":"-android uiautomator","selector":"new UiSelector().descriptionMatches(\"(?is).*\\QDefin...
14:05:26.931765 POST /session/494ca10a-da1f-49fd-b84e-cf3aba07a2ce/element [6.661958ms] ERR:404 body={"strategy":"-android uiautomator","selector":"new UiSelector().textContains(\"Definitely Not Here\"...
14:05:26.944013 POST /session/494ca10a-da1f-49fd-b84e-cf3aba07a2ce/element [12.192833ms] ERR:404 body={"strategy":"-android uiautomator","selector":"new UiSelector().descriptionContains(\"Definitely Not...
14:05:26.956383 POST /session/494ca10a-da1f-49fd-b84e-cf3aba07a2ce/element [12.316875ms] ERR:404 body={"strategy":"-android uiautomator","selector":"new UiSelector().textMatches(\"(?is).*\\QDefinitely N...
14:05:26.968625 POST /session/494ca10a-da1f-49fd-b84e-cf3aba07a2ce/element [12.184791ms] ERR:404 body={"strategy":"-android uiautomator","selector":"new UiSelector().descriptionMatches(\"(?is).*\\QDefin...
14:05:26.978548 POST /session/494ca10a-da1f-49fd-b84e-cf3aba07a2ce/element [9.861833ms] ERR:404 body={"strategy":"-android uiautomator","selector":"new UiSelector().textContains(\"Definitely Not Here\"...
14:05:26.987976 POST /session/494ca10a-da1f-49fd-b84e-cf3aba07a2ce/element [8.264125ms] ERR:404 body={"strategy":"-android uiautomator","selector":"new UiSelector().descriptionContains(\"Definitely Not...
14:05:26.997464 POST /session/494ca10a-da1f-49fd-b84e-cf3aba07a2ce/element [9.43025ms] ERR:404 body={"strategy":"-android uiautomator","selector":"new UiSelector().textMatches(\"(?is).*\\QDefinitely N...
14:05:27.011802 POST /session/494ca10a-da1f-49fd-b84e-cf3aba07a2ce/element [14.2655ms] ERR:404 body={"strategy":"-android uiautomator","selector":"new UiSelector().descriptionMatches(\"(?is).*\\QDefin...
14:05:27.024663 POST /session/494ca10a-da1f-49fd-b84e-cf3aba07a2ce/element [12.808834ms] ERR:404 body={"strategy":"-android uiautomator","selector":"new UiSelector().textContains(\"Definitely Not Here\"...
14:05:27.031369 POST /session/494ca10a-da1f-49fd-b84e-cf3aba07a2ce/element [6.644667ms] ERR:404 body={"strategy":"-android uiautomator","selector":"new UiSelector().descriptionContains(\"Definitely Not...
14:05:27.059157 POST /session/494ca10a-da1f-49fd-b84e-cf3aba07a2ce/element [27.686167ms] ERR:404 body={"strategy":"-android uiautomator","selector":"new UiSelector().textMatches(\"(?is).*\\QDefinitely N...
14:05:27.077745 POST /session/494ca10a-da1f-49fd-b84e-cf3aba07a2ce/element [18.532875ms] ERR:404 body={"strategy":"-android uiautomator","selector":"new UiSelector().descriptionMatches(\"(?is).*\\QDefin...
14:05:27.090908 POST /session/494ca10a-da1f-49fd-b84e-cf3aba07a2ce/element [13.08925ms] ERR:404 body={"strategy":"-android uiautomator","selector":"new UiSelector().textContains(\"Definitely Not Here\"...
14:05:27.099752 POST /session/494ca10a-da1f-49fd-b84e-cf3aba07a2ce/element [8.787833ms] ERR:404 body={"strategy":"-android uiautomator","selector":"new UiSelector().descriptionContains(\"Definitely Not...
14:05:27.113308 POST /session/494ca10a-da1f-49fd-b84e-cf3aba07a2ce/element [13.505333ms] ERR:404 body={"strategy":"-android uiautomator","selector":"new UiSelector().textMatches(\"(?is).*\\QDefinitely N...
14:05:27.121538 POST /session/494ca10a-da1f-49fd-b84e-cf3aba07a2ce/element [8.166542ms] ERR:404 body={"strategy":"-android uiautomator","selector":"new UiSelector().descriptionMatches(\"(?is).*\\QDefin...
14:05:27.129665 POST /session/494ca10a-da1f-49fd-b84e-cf3aba07a2ce/element [7.97125ms] ERR:404 body={"strategy":"-android uiautomator","selector":"new UiSelector().textContains(\"Definitely Not Here\"...
14:05:27.138585 POST /session/494ca10a-da1f-49fd-b84e-cf3aba07a2ce/element [8.76725ms] ERR:404 body={"strategy":"-android uiautomator","selector":"new UiSelector().descriptionContains(\"Definitely Not...
14:05:27.145079 POST /session/494ca10a-da1f-49fd-b84e-cf3aba07a2ce/element [6.442292ms] ERR:404 body={"strategy":"-android uiautomator","selector":"new UiSelector().textMatches(\"(?is).*\\QDefinitely N...
14:05:27.151627 POST /session/494ca10a-da1f-49fd-b84e-cf3aba07a2ce/element [6.495417ms] ERR:404 body={"strategy":"-android uiautomator","selector":"new UiSelector().descriptionMatches(\"(?is).*\\QDefin...
14:05:27.164942 POST /session/494ca10a-da1f-49fd-b84e-cf3aba07a2ce/element [13.254875ms] ERR:404 body={"strategy":"-android uiautomator","selector":"new UiSelector().textContains(\"Definitely Not Here\"...
14:05:27.174694 POST /session/494ca10a-da1f-49fd-b84e-cf3aba07a2ce/element [9.692583ms] ERR:404 body={"strategy":"-android uiautomator","selector":"new UiSelector().descriptionContains(\"Definitely Not...
14:05:27.184413 POST /session/494ca10a-da1f-49fd-b84e-cf3aba07a2ce/element [9.66675ms] ERR:404 body={"strategy":"-android uiautomator","selector":"new UiSelector().textMatches(\"(?is).*\\QDefinitely N...
14:05:27.195421 POST /session/494ca10a-da1f-49fd-b84e-cf3aba07a2ce/element [10.957959ms] ERR:404 body={"strategy":"-android uiautomator","selector":"new UiSelector().descriptionMatches(\"(?is).*\\QDefin...
14:05:27.202014 POST /session/494ca10a-da1f-49fd-b84e-cf3aba07a2ce/element [6.545375ms] ERR:404 body={"strategy":"-android uiautomator","selector":"new UiSelector().textContains(\"Definitely Not Here\"...
14:05:27.211754 POST /session/494ca10a-da1f-49fd-b84e-cf3aba07a2ce/element [9.696042ms] ERR:404 body={"strategy":"-android uiautomator","selector":"new UiSelector().descriptionContains(\"Definitely Not...
14:05:27.219395 POST /session/494ca10a-da1f-49fd-b84e-cf3aba07a2ce/element [7.573417ms] ERR:404 body={"strategy":"-android uiautomator","selector":"new UiSelector().textMatches(\"(?is).*\\QDefinitely N...
14:05:27.226390 POST /session/494ca10a-da1f-49fd-b84e-cf3aba07a2ce/element [6.947208ms] ERR:404 body={"strategy":"-android uiautomator","selector":"new UiSelector().descriptionMatches(\"(?is).*\\QDefin...
14:05:27.236062 POST /session/494ca10a-da1f-49fd-b84e-cf3aba07a2ce/element [9.624084ms] ERR:404 body={"strategy":"-android uiautomator","selector":"new UiSelector().textContains(\"Definitely Not Here\"...
14:05:27.245073 POST /session/494ca10a-da1f-49fd-b84e-cf3aba07a2ce/element [8.947542ms] ERR:404 body={"strategy":"-android uiautomator","selector":"new UiSelector().descriptionContains(\"Definitely Not...
14:05:27.252104 POST /session/494ca10a-da1f-49fd-b84e-cf3aba07a2ce/element [6.977959ms] ERR:404 body={"strategy":"-android uiautomator","selector":"new UiSelector().textMatches(\"(?is).*\\QDefinitely N...
14:05:27.258695 POST /session/494ca10a-da1f-49fd-b84e-cf3aba07a2ce/element [6.520833ms] ERR:404 body={"strategy":"-android uiautomator","selector":"new UiSelector().descriptionMatches(\"(?is).*\\QDefin...
14:05:27.267220 POST /session/494ca10a-da1f-49fd-b84e-cf3aba07a2ce/element [8.471375ms] ERR:404 body={"strategy":"-android uiautomator","selector":"new UiSelector().textContains(\"Definitely Not Here\"...
14:05:27.277152 POST /session/494ca10a-da1f-49fd-b84e-cf3aba07a2ce/element [9.876792ms] ERR:404 body={"strategy":"-android uiautomator","selector":"new UiSelector().descriptionContains(\"Definitely Not...
14:05:27.282557 POST /session/494ca10a-da1f-49fd-b84e-cf3aba07a2ce/element [5.362083ms] ERR:404 body={"strategy":"-android uiautomator","selector":"new UiSelector().textMatches(\"(?is).*\\QDefinitely N...
14:05:27.288678 POST /session/494ca10a-da1f-49fd-b84e-cf3aba07a2ce/element [6.066917ms] ERR:404 body={"strategy":"-android uiautomator","selector":"new UiSelector().descriptionMatches(\"(?is).*\\QDefin...
14:05:27.298937 POST /session/494ca10a-da1f-49fd-b84e-cf3aba07a2ce/element [10.205ms] ERR:404 body={"strategy":"-android uiautomator","selector":"new UiSelector().textContains(\"Definitely Not Here\"...
14:05:27.308285 POST /session/494ca10a-da1f-49fd-b84e-cf3aba07a2ce/element [9.282333ms] ERR:404 body={"strategy":"-android uiautomator","selector":"new UiSelector().descriptionContains(\"Definitely Not...
14:05:27.314873 POST /session/494ca10a-da1f-49fd-b84e-cf3aba07a2ce/element [6.53225ms] ERR:404 body={"strategy":"-android uiautomator","selector":"new UiSelector().textMatches(\"(?is).*\\QDefinitely N...
14:05:27.321047 POST /session/494ca10a-da1f-49fd-b84e-cf3aba07a2ce/element [6.134916ms] ERR:404 body={"strategy":"-android uiautomator","selector":"new UiSelector().descriptionMatches(\"(?is).*\\QDefin...
14:05:27.329404 POST /session/494ca10a-da1f-49fd-b84e-cf3aba07a2ce/element [8.323792ms] ERR:404 body={"strategy":"-android uiautomator","selector":"new UiSelector().textContains(\"Definitely Not Here\"...
14:05:27.337844 POST /session/494ca10a-da1f-49fd-b84e-cf3aba07a2ce/element [8.390625ms] ERR:404 body={"strategy":"-android uiautomator","selector":"new UiSelector().descriptionContains(\"Definitely Not...
14:05:27.345248 POST /session/494ca10a-da1f-49fd-b84e-cf3aba07a2ce/element [7.354208ms] ERR:404 body={"strategy":"-android uiautomator","selector":"new UiSelector().textMatches(\"(?is).*\\QDefinitely N...
14:05:27.353092 POST /session/494ca10a-da1f-49fd-b84e-cf3aba07a2ce/element [7.796708ms] ERR:404 body={"strategy":"-android uiautomator","selector":"new UiSelector().descriptionMatches(\"(?is).*\\QDefin...
14:05:27.362053 POST /session/494ca10a-da1f-49fd-b84e-cf3aba07a2ce/element [8.907625ms] ERR:404 body={"strategy":"-android uiautomator","selector":"new UiSelector().textContains(\"Definitely Not Here\"...
14:05:27.374517 POST /session/494ca10a-da1f-49fd-b84e-cf3aba07a2ce/element [12.41075ms] ERR:404 body={"strategy":"-android uiautomator","selector":"new UiSelector().descriptionContains(\"Definitely Not...
14:05:27.382240 POST /session/494ca10a-da1f-49fd-b84e-cf3aba07a2ce/element [7.674458ms] ERR:404 body={"strategy":"-android uiautomator","selector":"new UiSelector().textMatches(\"(?is).*\\QDefinitely N...
14:05:27.389126 POST /session/494ca10a-da1f-49fd-b84e-cf3aba07a2ce/element [6.83675ms] ERR:404 body={"strategy":"-android uiautomator","selector":"new UiSelector().descriptionMatches(\"(?is).*\\QDefin...
14:05:27.395064 POST /session/494ca10a-da1f-49fd-b84e-cf3aba07a2ce/element [5.887792ms] ERR:404 body={"strategy":"-android uiautomator","selector":"new UiSelector().textContains(\"Definitely Not Here\"...
14:05:27.403139 POST /session/494ca10a-da1f-49fd-b84e-cf3aba07a2ce/element [8.028042ms] ERR:404 body={"strategy":"-android uiautomator","selector":"new UiSelector().descriptionContains(\"Definitely Not...
14:05:27.408147 POST /session/494ca10a-da1f-49fd-b84e-cf3aba07a2ce/element [4.964333ms] ERR:404 body={"strategy":"-android uiautomator","selector":"new UiSelector().textMatches(\"(?is).*\\QDefinitely N...
14:05:27.416264 POST /session/494ca10a-da1f-49fd-b84e-cf3aba07a2ce/element [8.078333ms] ERR:404 body={"strategy":"-android uiautomator","selector":"new UiSelector().descriptionMatches(\"(?is).*\\QDefin...
14:05:27.425190 POST /session/494ca10a-da1f-49fd-b84e-cf3aba07a2ce/element [8.871458ms] ERR:404 body={"strategy":"-android uiautomator","selector":"new UiSelector().textContains(\"Definitely Not Here\"...
14:05:27.433922 POST /session/494ca10a-da1f-49fd-b84e-cf3aba07a2ce/element [8.67ms] ERR:404 body={"strategy":"-android uiautomator","selector":"new UiSelector().descriptionContains(\"Definitely Not...
14:05:27.442945 POST /session/494ca10a-da1f-49fd-b84e-cf3aba07a2ce/element [8.952708ms] ERR:404 body={"strategy":"-android uiautomator","selector":"new UiSelector().textMatches(\"(?is).*\\QDefinitely N...
14:05:27.452262 POST /session/494ca10a-da1f-49fd-b84e-cf3aba07a2ce/element [9.255625ms] ERR:404 body={"strategy":"-android uiautomator","selector":"new UiSelector().descriptionMatches(\"(?is).*\\QDefin...
14:05:27.458118 POST /session/494ca10a-da1f-49fd-b84e-cf3aba07a2ce/element [5.779875ms] ERR:404 body={"strategy":"-android uiautomator","selector":"new UiSelector().textContains(\"Definitely Not Here\"...
14:05:27.463981 POST /session/494ca10a-da1f-49fd-b84e-cf3aba07a2ce/element [5.817584ms] ERR:404 body={"strategy":"-android uiautomator","selector":"new UiSelector().descriptionContains(\"Definitely Not...
14:05:27.469935 POST /session/494ca10a-da1f-49fd-b84e-cf3aba07a2ce/element [5.905416ms] ERR:404 body={"strategy":"-android uiautomator","selector":"new UiSelector().textMatches(\"(?is).*\\QDefinitely N...
14:05:27.475326 POST /session/494ca10a-da1f-49fd-b84e-cf3aba07a2ce/element [5.344042ms] ERR:404 body={"strategy":"-android uiautomator","selector":"new UiSelector().descriptionMatches(\"(?is).*\\QDefin...
14:05:27.482074 POST /session/494ca10a-da1f-49fd-b84e-cf3aba07a2ce/element [6.70375ms] ERR:404 body={"strategy":"-android uiautomator","selector":"new UiSelector().textContains(\"Definitely Not Here\"...
14:05:27.489510 POST /session/494ca10a-da1f-49fd-b84e-cf3aba07a2ce/element [7.354084ms] ERR:404 body={"strategy":"-android uiautomator","selector":"new UiSelector().descriptionContains(\"Definitely Not...
14:05:27.496005 POST /session/494ca10a-da1f-49fd-b84e-cf3aba07a2ce/element [6.4265ms] ERR:404 body={"strategy":"-android uiautomator","selector":"new UiSelector().textMatches(\"(?is).*\\QDefinitely N...
14:05:27.501826 POST /session/494ca10a-da1f-49fd-b84e-cf3aba07a2ce/element [5.76525ms] ERR:404 body={"strategy":"-android uiautomator","selector":"new UiSelector().descriptionMatches(\"(?is).*\\QDefin...
14:05:27.509239 POST /session/494ca10a-da1f-49fd-b84e-cf3aba07a2ce/element [7.152958ms] ERR:404 body={"strategy":"-android uiautomator","selector":"new UiSelector().textContains(\"Definitely Not Here\"...
14:05:27.515298 POST /session/494ca10a-da1f-49fd-b84e-cf3aba07a2ce/element [5.996333ms] ERR:404 body={"strategy":"-android uiautomator","selector":"new UiSelector().descriptionContains(\"Definitely Not...
14:05:27.521214 POST /session/494ca10a-da1f-49fd-b84e-cf3aba07a2ce/element [5.848791ms] ERR:404 body={"strategy":"-android uiautomator","selector":"new UiSelector().textMatches(\"(?is).*\\QDefinitely N...
14:05:27.527141 POST /session/494ca10a-da1f-49fd-b84e-cf3aba07a2ce/element [5.874833ms] ERR:404 body={"strategy":"-android uiautomator","selector":"new UiSelector().descriptionMatches(\"(?is).*\\QDefin...
14:05:27.535767 POST /session/494ca10a-da1f-49fd-b84e-cf3aba07a2ce/element [8.578ms] ERR:404 body={"strategy":"-android uiautomator","selector":"new UiSelector().textContains(\"Definitely Not Here\"...
14:05:27.543186 POST /session/494ca10a-da1f-49fd-b84e-cf3aba07a2ce/element [7.354208ms] ERR:404 body={"strategy":"-android uiautomator","selector":"new UiSelector().descriptionContains(\"Definitely Not...
14:05:27.552020 POST /session/494ca10a-da1f-49fd-b84e-cf3aba07a2ce/element [8.776208ms] ERR:404 body={"strategy":"-android uiautomator","selector":"new UiSelector().textMatches(\"(?is).*\\QDefinitely N...
14:05:27.559968 POST /session/494ca10a-da1f-49fd-b84e-cf3aba07a2ce/element [7.885667ms] ERR:404 body={"strategy":"-android uiautomator","selector":"new UiSelector().descriptionMatches(\"(?is).*\\QDefin...
14:05:27.566431 POST /session/494ca10a-da1f-49fd-b84e-cf3aba07a2ce/element [6.396084ms] ERR:404 body={"strategy":"-android uiautomator","selector":"new UiSelector().textContains(\"Definitely Not Here\"...
14:05:27.578217 POST /session/494ca10a-da1f-49fd-b84e-cf3aba07a2ce/element [11.710875ms] ERR:404 body={"strategy":"-android uiautomator","selector":"new UiSelector().descriptionContains(\"Definitely Not...
14:05:27.586746 POST /session/494ca10a-da1f-49fd-b84e-cf3aba07a2ce/element [8.46425ms] ERR:404 body={"strategy":"-android uiautomator","selector":"new UiSelector().textMatches(\"(?is).*\\QDefinitely N...
14:05:27.595125 POST /session/494ca10a-da1f-49fd-b84e-cf3aba07a2ce/element [8.318375ms] ERR:404 body={"strategy":"-android uiautomator","selector":"new UiSelector().descriptionMatches(\"(?is).*\\QDefin...
14:05:27.603691 POST /session/494ca10a-da1f-49fd-b84e-cf3aba07a2ce/element [8.517333ms] ERR:404 body={"strategy":"-android uiautomator","selector":"new UiSelector().textContains(\"Definitely Not Here\"...
14:05:27.609928 POST /session/494ca10a-da1f-49fd-b84e-cf3aba07a2ce/element [6.177791ms] ERR:404 body={"strategy":"-android uiautomator","selector":"new UiSelector().descriptionContains(\"Definitely Not...
14:05:27.618199 POST /session/494ca10a-da1f-49fd-b84e-cf3aba07a2ce/element [8.211792ms] ERR:404 body={"strategy":"-android uiautomator","selector":"new UiSelector().textMatches(\"(?is).*\\QDefinitely N...
14:05:27.623716 POST /session/494ca10a-da1f-49fd-b84e-cf3aba07a2ce/element [5.469334ms] ERR:404 body={"strategy":"-android uiautomator","selector":"new UiSelector().descriptionMatches(\"(?is).*\\QDefin...
14:05:27.633264 POST /session/494ca10a-da1f-49fd-b84e-cf3aba07a2ce/element [9.501125ms] ERR:404 body={"strategy":"-android uiautomator","selector":"new UiSelector().textContains(\"Definitely Not Here\"...
14:05:27.642622 POST /session/494ca10a-da1f-49fd-b84e-cf3aba07a2ce/element [9.31425ms] ERR:404 body={"strategy":"-android uiautomator","selector":"new UiSelector().descriptionContains(\"Definitely Not...
14:05:27.655356 POST /session/494ca10a-da1f-49fd-b84e-cf3aba07a2ce/element [12.660209ms] ERR:404 body={"strategy":"-android uiautomator","selector":"new UiSelector().textMatches(\"(?is).*\\QDefinitely N...
14:05:27.665910 POST /session/494ca10a-da1f-49fd-b84e-cf3aba07a2ce/element [10.494ms] ERR:404 body={"strategy":"-android uiautomator","selector":"new UiSelector().descriptionMatches(\"(?is).*\\QDefin...
14:05:27.675642 POST /session/494ca10a-da1f-49fd-b84e-cf3aba07a2ce/element [9.672709ms] ERR:404 body={"strategy":"-android uiautomator","selector":"new UiSelector().textContains(\"Definitely Not Here\"...
14:05:27.683240 POST /session/494ca10a-da1f-49fd-b84e-cf3aba07a2ce/element [7.546666ms] ERR:404 body={"strategy":"-android uiautomator","selector":"new UiSelector().descriptionContains(\"Definitely Not...
14:05:27.688574 POST /session/494ca10a-da1f-49fd-b84e-cf3aba07a2ce/element [5.286833ms] ERR:404 body={"strategy":"-android uiautomator","selector":"new UiSelector().textMatches(\"(?is).*\\QDefinitely N...
14:05:27.696704 POST /session/494ca10a-da1f-49fd-b84e-cf3aba07a2ce/element [8.077916ms] ERR:404 body={"strategy":"-android uiautomator","selector":"new UiSelector().descriptionMatches(\"(?is).*\\QDefin...
14:05:27.706709 POST /session/494ca10a-da1f-49fd-b84e-cf3aba07a2ce/element [9.959875ms] ERR:404 body={"strategy":"-android uiautomator","selector":"new UiSelector().textContains(\"Definitely Not Here\"...
14:05:27.713541 POST /session/494ca10a-da1f-49fd-b84e-cf3aba07a2ce/element [6.7715ms] ERR:404 body={"strategy":"-android uiautomator","selector":"new UiSelector().descriptionContains(\"Definitely Not...
14:05:27.719295 POST /session/494ca10a-da1f-49fd-b84e-cf3aba07a2ce/element [5.707417ms] ERR:404 body={"strategy":"-android uiautomator","selector":"new UiSelector().textMatches(\"(?is).*\\QDefinitely N...
14:05:27.726674 POST /session/494ca10a-da1f-49fd-b84e-cf3aba07a2ce/element [7.313916ms] ERR:404 body={"strategy":"-android uiautomator","selector":"new UiSelector().descriptionMatches(\"(?is).*\\QDefin...
14:05:27.733123 POST /session/494ca10a-da1f-49fd-b84e-cf3aba07a2ce/element [6.405ms] ERR:404 body={"strategy":"-android uiautomator","selector":"new UiSelector().textContains(\"Definitely Not Here\"...
14:05:27.742987 POST /session/494ca10a-da1f-49fd-b84e-cf3aba07a2ce/element [9.816042ms] ERR:404 body={"strategy":"-android uiautomator","selector":"new UiSelector().descriptionContains(\"Definitely Not...
14:05:27.750573 POST /session/494ca10a-da1f-49fd-b84e-cf3aba07a2ce/element [7.521291ms] ERR:404 body={"strategy":"-android uiautomator","selector":"new UiSelector().textMatches(\"(?is).*\\QDefinitely N...
14:05:27.757772 POST /session/494ca10a-da1f-49fd-b84e-cf3aba07a2ce/element [7.141583ms] ERR:404 body={"strategy":"-android uiautomator","selector":"new UiSelector().descriptionMatches(\"(?is).*\\QDefin...
14:05:27.765589 POST /session/494ca10a-da1f-49fd-b84e-cf3aba07a2ce/element [7.766417ms] ERR:404 body={"strategy":"-android uiautomator","selector":"new UiSelector().textContains(\"Definitely Not Here\"...
14:05:27.771762 POST /session/494ca10a-da1f-49fd-b84e-cf3aba07a2ce/element [6.117042ms] ERR:404 body={"strategy":"-android uiautomator","selector":"new UiSelector().descriptionContains(\"Definitely Not...
14:05:27.778362 POST /session/494ca10a-da1f-49fd-b84e-cf3aba07a2ce/element [6.552125ms] ERR:404 body={"strategy":"-android uiautomator","selector":"new UiSelector().textMatches(\"(?is).*\\QDefinitely N...
14:05:27.787008 POST /session/494ca10a-da1f-49fd-b84e-cf3aba07a2ce/element [8.590708ms] ERR:404 body={"strategy":"-android uiautomator","selector":"new UiSelector().descriptionMatches(\"(?is).*\\QDefin...
14:05:27.791617 POST /session/494ca10a-da1f-49fd-b84e-cf3aba07a2ce/element [4.562167ms] ERR:404 body={"strategy":"-android uiautomator","selector":"new UiSelector().textContains(\"Definitely Not Here\"...
14:05:27.796846 POST /session/494ca10a-da1f-49fd-b84e-cf3aba07a2ce/element [5.1825ms] ERR:404 body={"strategy":"-android uiautomator","selector":"new UiSelector().descriptionContains(\"Definitely Not...
14:05:27.804531 POST /session/494ca10a-da1f-49fd-b84e-cf3aba07a2ce/element [7.633416ms] ERR:404 body={"strategy":"-android uiautomator","selector":"new UiSelector().textMatches(\"(?is).*\\QDefinitely N...
14:05:27.811684 POST /session/494ca10a-da1f-49fd-b84e-cf3aba07a2ce/element [7.098708ms] ERR:404 body={"strategy":"-android uiautomator","selector":"new UiSelector().descriptionMatches(\"(?is).*\\QDefin...
14:05:27.819360 POST /session/494ca10a-da1f-49fd-b84e-cf3aba07a2ce/element [7.629458ms] ERR:404 body={"strategy":"-android uiautomator","selector":"new UiSelector().textContains(\"Definitely Not Here\"...
14:05:27.824328 POST /session/494ca10a-da1f-49fd-b84e-cf3aba07a2ce/element [4.914583ms] ERR:404 body={"strategy":"-android uiautomator","selector":"new UiSelector().descriptionContains(\"Definitely Not...
14:05:27.828598 POST /session/494ca10a-da1f-49fd-b84e-cf3aba07a2ce/element [4.227375ms] ERR:404 body={"strategy":"-android uiautomator","selector":"new UiSelector().textMatches(\"(?is).*\\QDefinitely N...
14:05:27.837354 POST /session/494ca10a-da1f-49fd-b84e-cf3aba07a2ce/element [8.598417ms] ERR:404 body={"strategy":"-android uiautomator","selector":"new UiSelector().descriptionMatches(\"(?is).*\\QDefin...
14:05:27.843548 POST /session/494ca10a-da1f-49fd-b84e-cf3aba07a2ce/element [6.134083ms] ERR:404 body={"strategy":"-android uiautomator","selector":"new UiSelector().textContains(\"Definitely Not Here\"...
14:05:27.850448 POST /session/494ca10a-da1f-49fd-b84e-cf3aba07a2ce/element [6.830584ms] ERR:404 body={"strategy":"-android uiautomator","selector":"new UiSelector().descriptionContains(\"Definitely Not...
14:05:27.857053 POST /session/494ca10a-da1f-49fd-b84e-cf3aba07a2ce/element [6.543375ms] ERR:404 body={"strategy":"-android uiautomator","selector":"new UiSelector().textMatches(\"(?is).*\\QDefinitely N...
14:05:27.864531 POST /session/494ca10a-da1f-49fd-b84e-cf3aba07a2ce/element [7.432375ms] ERR:404 body={"strategy":"-android uiautomator","selector":"new UiSelector().descriptionMatches(\"(?is).*\\QDefin...
14:05:27.869911 POST /session/494ca10a-da1f-49fd-b84e-cf3aba07a2ce/element [5.328042ms] ERR:404 body={"strategy":"-android uiautomator","selector":"new UiSelector().textContains(\"Definitely Not Here\"...
14:05:27.877699 POST /session/494ca10a-da1f-49fd-b84e-cf3aba07a2ce/element [7.729708ms] ERR:404 body={"strategy":"-android uiautomator","selector":"new UiSelector().descriptionContains(\"Definitely Not...
14:05:27.884314 POST /session/494ca10a-da1f-49fd-b84e-cf3aba07a2ce/element [6.568875ms] ERR:404 body={"strategy":"-android uiautomator","selector":"new UiSelector().textMatches(\"(?is).*\\QDefinitely N...
14:05:27.888595 POST /session/494ca10a-da1f-49fd-b84e-cf3aba07a2ce/element [4.230916ms] ERR:404 body={"strategy":"-android uiautomator","selector":"new UiSelector().descriptionMatches(\"(?is).*\\QDefin...
14:05:27.893607 POST /session/494ca10a-da1f-49fd-b84e-cf3aba07a2ce/element [4.969333ms] ERR:404 body={"strategy":"-android uiautomator","selector":"new UiSelector().textContains(\"Definitely Not Here\"...
14:05:27.899029 POST /session/494ca10a-da1f-49fd-b84e-cf3aba07a2ce/element [5.385666ms] ERR:404 body={"strategy":"-android uiautomator","selector":"new UiSelector().descriptionContains(\"Definitely Not...
14:05:27.905043 POST /session/494ca10a-da1f-49fd-b84e-cf3aba07a2ce/element [5.97ms] ERR:404 body={"strategy":"-android uiautomator","selector":"new UiSelector().textMatches(\"(?is).*\\QDefinitely N...
14:05:27.908739 POST /session/494ca10a-da1f-49fd-b84e-cf3aba07a2ce/element [3.652916ms] ERR:404 body={"strategy":"-android uiautomator","selector":"new UiSelector().descriptionMatches(\"(?is).*\\QDefin...
14:05:27.916279 POST /session/494ca10a-da1f-49fd-b84e-cf3aba07a2ce/element [7.499292ms] ERR:404 body={"strategy":"-android uiautomator","selector":"new UiSelector().textContains(\"Definitely Not Here\"...
14:05:27.923787 POST /session/494ca10a-da1f-49fd-b84e-cf3aba07a2ce/element [7.47ms] ERR:404 body={"strategy":"-android uiautomator","selector":"new UiSelector().descriptionContains(\"Definitely Not...
14:05:27.928376 POST /session/494ca10a-da1f-49fd-b84e-cf3aba07a2ce/element [4.545167ms] ERR:404 body={"strategy":"-android uiautomator","selector":"new UiSelector().textMatches(\"(?is).*\\QDefinitely N...
14:05:27.932369 POST /session/494ca10a-da1f-49fd-b84e-cf3aba07a2ce/element [3.943416ms] ERR:404 body={"strategy":"-android uiautomator","selector":"new UiSelector().descriptionMatches(\"(?is).*\\QDefin...
14:05:27.939149 POST /session/494ca10a-da1f-49fd-b84e-cf3aba07a2ce/element [6.738917ms] ERR:404 body={"strategy":"-android uiautomator","selector":"new UiSelector().textContains(\"Definitely Not Here\"...
14:05:27.943700 POST /session/494ca10a-da1f-49fd-b84e-cf3aba07a2ce/element [4.499417ms] ERR:404 body={"strategy":"-android uiautomator","selector":"new UiSelector().descriptionContains(\"Definitely Not...
14:05:27.948760 POST /session/494ca10a-da1f-49fd-b84e-cf3aba07a2ce/element [5.007083ms] ERR:404 body={"strategy":"-android uiautomator","selector":"new UiSelector().textMatches(\"(?is).*\\QDefinitely N...
14:05:27.955305 POST /session/494ca10a-da1f-49fd-b84e-cf3aba07a2ce/element [6.492833ms] ERR:404 body={"strategy":"-android uiautomator","selector":"new UiSelector().descriptionMatches(\"(?is).*\\QDefin...
14:05:27.962651 POST /session/494ca10a-da1f-49fd-b84e-cf3aba07a2ce/element [7.288958ms] ERR:404 body={"strategy":"-android uiautomator","selector":"new UiSelector().textContains(\"Definitely Not Here\"...
14:05:27.971153 POST /session/494ca10a-da1f-49fd-b84e-cf3aba07a2ce/element [8.432292ms] ERR:404 body={"strategy":"-android uiautomator","selector":"new UiSelector().descriptionContains(\"Definitely Not...
14:05:27.978141 POST /session/494ca10a-da1f-49fd-b84e-cf3aba07a2ce/element [6.931375ms] ERR:404 body={"strategy":"-android uiautomator","selector":"new UiSelector().textMatches(\"(?is).*\\QDefinitely N...
14:05:27.984364 POST /session/494ca10a-da1f-49fd-b84e-cf3aba07a2ce/element [6.166791ms] ERR:404 body={"strategy":"-android uiautomator","selector":"new UiSelector().descriptionMatches(\"(?is).*\\QDefin...
14:05:27.991909 POST /session/494ca10a-da1f-49fd-b84e-cf3aba07a2ce/element [7.486917ms] ERR:404 body={"strategy":"-android uiautomator","selector":"new UiSelector().textContains(\"Definitely Not Here\"...
14:05:27.999941 POST /session/494ca10a-da1f-49fd-b84e-cf3aba07a2ce/element [7.973083ms] ERR:404 body={"strategy":"-android uiautomator","selector":"new UiSelector().descriptionContains(\"Definitely Not...
14:05:28.006975 POST /session/494ca10a-da1f-49fd-b84e-cf3aba07a2ce/element [6.973625ms] ERR:404 body={"strategy":"-android uiautomator","selector":"new UiSelector().textMatches(\"(?is).*\\QDefinitely N...
14:05:28.014629 POST /session/494ca10a-da1f-49fd-b84e-cf3aba07a2ce/element [7.597959ms] ERR:404 body={"strategy":"-android uiautomator","selector":"new UiSelector().descriptionMatches(\"(?is).*\\QDefin...
14:05:28.022566 POST /session/494ca10a-da1f-49fd-b84e-cf3aba07a2ce/element [7.885125ms] ERR:404 body={"strategy":"-android uiautomator","selector":"new UiSelector().textContains(\"Definitely Not Here\"...
14:05:28.031615 POST /session/494ca10a-da1f-49fd-b84e-cf3aba07a2ce/element [8.987167ms] ERR:404 body={"strategy":"-android uiautomator","selector":"new UiSelector().descriptionContains(\"Definitely Not...
14:05:28.039374 POST /session/494ca10a-da1f-49fd-b84e-cf3aba07a2ce/element [7.702041ms] ERR:404 body={"strategy":"-android uiautomator","selector":"new UiSelector().textMatches(\"(?is).*\\QDefinitely N...
14:05:28.051944 POST /session/494ca10a-da1f-49fd-b84e-cf3aba07a2ce/element [12.514958ms] ERR:404 body={"strategy":"-android uiautomator","selector":"new UiSelector().descriptionMatches(\"(?is).*\\QDefin...
14:05:28.066736 POST /session/494ca10a-da1f-49fd-b84e-cf3aba07a2ce/element [14.734334ms] ERR:404 body={"strategy":"-android uiautomator","selector":"new UiSelector().textContains(\"Definitely Not Here\"...
14:05:28.082624 POST /session/494ca10a-da1f-49fd-b84e-cf3aba07a2ce/element [15.814708ms] ERR:404 body={"strategy":"-android uiautomator","selector":"new UiSelector().descriptionContains(\"Definitely Not...
14:05:28.092279 POST /session/494ca10a-da1f-49fd-b84e-cf3aba07a2ce/element [9.562333ms] ERR:404 body={"strategy":"-android uiautomator","selector":"new UiSelector().textMatches(\"(?is).*\\QDefinitely N...
14:05:28.104241 POST /session/494ca10a-da1f-49fd-b84e-cf3aba07a2ce/element [11.896667ms] ERR:404 body={"strategy":"-android uiautomator","selector":"new UiSelector().descriptionMatches(\"(?is).*\\QDefin...
14:05:28.110924 POST /session/494ca10a-da1f-49fd-b84e-cf3aba07a2ce/element [6.622125ms] ERR:404 body={"strategy":"-android uiautomator","selector":"new UiSelector().textContains(\"Definitely Not Here\"...
14:05:28.117771 POST /session/494ca10a-da1f-49fd-b84e-cf3aba07a2ce/element [6.75225ms] ERR:404 body={"strategy":"-android uiautomator","selector":"new UiSelector().descriptionContains(\"Definitely Not...
14:05:28.131891 POST /session/494ca10a-da1f-49fd-b84e-cf3aba07a2ce/element [14.057458ms] ERR:404 body={"strategy":"-android uiautomator","selector":"new UiSelector().textMatches(\"(?is).*\\QDefinitely N...
14:05:28.139193 POST /session/494ca10a-da1f-49fd-b84e-cf3aba07a2ce/element [7.242083ms] ERR:404 body={"strategy":"-android uiautomator","selector":"new UiSelector().descriptionMatches(\"(?is).*\\QDefin...
14:05:28.145755 POST /session/494ca10a-da1f-49fd-b84e-cf3aba07a2ce/element [6.50975ms] ERR:404 body={"strategy":"-android uiautomator","selector":"new UiSelector().textContains(\"Definitely Not Here\"...
14:05:28.154095 POST /session/494ca10a-da1f-49fd-b84e-cf3aba07a2ce/element [8.292625ms] ERR:404 body={"strategy":"-android uiautomator","selector":"new UiSelector().descriptionContains(\"Definitely Not...
14:05:28.160874 POST /session/494ca10a-da1f-49fd-b84e-cf3aba07a2ce/element [6.727875ms] ERR:404 body={"strategy":"-android uiautomator","selector":"new UiSelector().textMatches(\"(?is).*\\QDefinitely N...
14:05:28.165027 POST /session/494ca10a-da1f-49fd-b84e-cf3aba07a2ce/element [4.109791ms] ERR:404 body={"strategy":"-android uiautomator","selector":"new UiSelector().descriptionMatches(\"(?is).*\\QDefin...
14:05:28.175368 POST /session/494ca10a-da1f-49fd-b84e-cf3aba07a2ce/element [10.304667ms] ERR:404 body={"strategy":"-android uiautomator","selector":"new UiSelector().textContains(\"Definitely Not Here\"...
14:05:28.179877 POST /session/494ca10a-da1f-49fd-b84e-cf3aba07a2ce/element [4.456666ms] ERR:404 body={"strategy":"-android uiautomator","selector":"new UiSelector().descriptionContains(\"Definitely Not...
14:05:28.188009 POST /session/494ca10a-da1f-49fd-b84e-cf3aba07a2ce/element [8.08725ms] ERR:404 body={"strategy":"-android uiautomator","selector":"new UiSelector().textMatches(\"(?is).*\\QDefinitely N...
14:05:28.193017 POST /session/494ca10a-da1f-49fd-b84e-cf3aba07a2ce/element [4.950291ms] ERR:404 body={"strategy":"-android uiautomator","selector":"new UiSelector().descriptionMatches(\"(?is).*\\QDefin...
14:05:28.201711 POST /session/494ca10a-da1f-49fd-b84e-cf3aba07a2ce/element [8.64075ms] ERR:404 body={"strategy":"-android uiautomator","selector":"new UiSelector().textContains(\"Definitely Not Here\"...
14:05:28.210671 POST /session/494ca10a-da1f-49fd-b84e-cf3aba07a2ce/element [8.894458ms] ERR:404 body={"strategy":"-android uiautomator","selector":"new UiSelector().descriptionContains(\"Definitely Not...
14:05:28.221528 POST /session/494ca10a-da1f-49fd-b84e-cf3aba07a2ce/element [10.797375ms] ERR:404 body={"strategy":"-android uiautomator","selector":"new UiSelector().textMatches(\"(?is).*\\QDefinitely N...
14:05:28.228896 POST /session/494ca10a-da1f-49fd-b84e-cf3aba07a2ce/element [7.310458ms] ERR:404 body={"strategy":"-android uiautomator","selector":"new UiSelector().descriptionMatches(\"(?is).*\\QDefin...
14:05:28.235699 POST /session/494ca10a-da1f-49fd-b84e-cf3aba07a2ce/element [6.75825ms] ERR:404 body={"strategy":"-android uiautomator","selector":"new UiSelector().textContains(\"Definitely Not Here\"...
14:05:28.240439 POST /session/494ca10a-da1f-49fd-b84e-cf3aba07a2ce/element [4.69625ms] ERR:404 body={"strategy":"-android uiautomator","selector":"new UiSelector().descriptionContains(\"Definitely Not...
14:05:28.244723 POST /session/494ca10a-da1f-49fd-b84e-cf3aba07a2ce/element [4.246875ms] ERR:404 body={"strategy":"-android uiautomator","selector":"new UiSelector().textMatches(\"(?is).*\\QDefinitely N...
14:05:28.249919 POST /session/494ca10a-da1f-49fd-b84e-cf3aba07a2ce/element [5.1425ms] ERR:404 body={"strategy":"-android uiautomator","selector":"new UiSelector().descriptionMatches(\"(?is).*\\QDefin...
14:05:28.259503 POST /session/494ca10a-da1f-49fd-b84e-cf3aba07a2ce/element [9.527875ms] ERR:404 body={"strategy":"-android uiautomator","selector":"new UiSelector().textContains(\"Definitely Not Here\"...
14:05:28.267006 POST /session/494ca10a-da1f-49fd-b84e-cf3aba07a2ce/element [7.425542ms] ERR:404 body={"strategy":"-android uiautomator","selector":"new UiSelector().descriptionContains(\"Definitely Not...
14:05:28.273897 POST /session/494ca10a-da1f-49fd-b84e-cf3aba07a2ce/element [6.8445ms] ERR:404 body={"strategy":"-android uiautomator","selector":"new UiSelector().textMatches(\"(?is).*\\QDefinitely N...
14:05:28.280731 POST /session/494ca10a-da1f-49fd-b84e-cf3aba07a2ce/element [6.790292ms] ERR:404 body={"strategy":"-android uiautomator","selector":"new UiSelector().descriptionMatches(\"(?is).*\\QDefin...
14:05:28.288315 POST /session/494ca10a-da1f-49fd-b84e-cf3aba07a2ce/element [7.545042ms] ERR:404 body={"strategy":"-android uiautomator","selector":"new UiSelector().textContains(\"Definitely Not Here\"...
14:05:28.294550 POST /session/494ca10a-da1f-49fd-b84e-cf3aba07a2ce/element [6.182291ms] ERR:404 body={"strategy":"-android uiautomator","selector":"new UiSelector().descriptionContains(\"Definitely Not...
14:05:28.302648 POST /session/494ca10a-da1f-49fd-b84e-cf3aba07a2ce/element [8.050125ms] ERR:404 body={"strategy":"-android uiautomator","selector":"new UiSelector().textMatches(\"(?is).*\\QDefinitely N...
14:05:28.309630 POST /session/494ca10a-da1f-49fd-b84e-cf3aba07a2ce/element [6.933875ms] ERR:404 body={"strategy":"-android uiautomator","selector":"new UiSelector().descriptionMatches(\"(?is).*\\QDefin...
14:05:28.324246 POST /session/494ca10a-da1f-49fd-b84e-cf3aba07a2ce/element [14.560583ms] ERR:404 body={"strategy":"-android uiautomator","selector":"new UiSelector().textContains(\"Definitely Not Here\"...
14:05:28.329763 POST /session/494ca10a-da1f-49fd-b84e-cf3aba07a2ce/element [5.462166ms] ERR:404 body={"strategy":"-android uiautomator","selector":"new UiSelector().descriptionContains(\"Definitely Not...
14:05:28.335867 POST /session/494ca10a-da1f-49fd-b84e-cf3aba07a2ce/element [6.049334ms] ERR:404 body={"strategy":"-android uiautomator","selector":"new UiSelector().textMatches(\"(?is).*\\QDefinitely N...
14:05:28.344733 POST /session/494ca10a-da1f-49fd-b84e-cf3aba07a2ce/element [8.814125ms] ERR:404 body={"strategy":"-android uiautomator","selector":"new UiSelector().descriptionMatches(\"(?is).*\\QDefin...
14:05:28.353075 POST /session/494ca10a-da1f-49fd-b84e-cf3aba07a2ce/element [8.28625ms] ERR:404 body={"strategy":"-android uiautomator","selector":"new UiSelector().textContains(\"Definitely Not Here\"...
14:05:28.359156 POST /session/494ca10a-da1f-49fd-b84e-cf3aba07a2ce/element [6.027958ms] ERR:404 body={"strategy":"-android uiautomator","selector":"new UiSelector().descriptionContains(\"Definitely Not...
14:05:28.364707 POST /session/494ca10a-da1f-49fd-b84e-cf3aba07a2ce/element [5.506416ms] ERR:404 body={"strategy":"-android uiautomator","selector":"new UiSelector().textMatches(\"(?is).*\\QDefinitely N...
14:05:28.372001 POST /session/494ca10a-da1f-49fd-b84e-cf3aba07a2ce/element [7.252375ms] ERR:404 body={"strategy":"-android uiautomator","selector":"new UiSelector().descriptionMatches(\"(?is).*\\QDefin...
14:05:28.376625 POST /session/494ca10a-da1f-49fd-b84e-cf3aba07a2ce/element [4.578ms] ERR:404 body={"strategy":"-android uiautomator","selector":"new UiSelector().textContains(\"Definitely Not Here\"...
14:05:28.384143 POST /session/494ca10a-da1f-49fd-b84e-cf3aba07a2ce/element [7.467458ms] ERR:404 body={"strategy":"-android uiautomator","selector":"new UiSelector().descriptionContains(\"Definitely Not...
14:05:28.390208 POST /session/494ca10a-da1f-49fd-b84e-cf3aba07a2ce/element [6.007875ms] ERR:404 body={"strategy":"-android uiautomator","selector":"new UiSelector().textMatches(\"(?is).*\\QDefinitely N...
14:05:28.396390 POST /session/494ca10a-da1f-49fd-b84e-cf3aba07a2ce/element [6.119542ms] ERR:404 body={"strategy":"-android uiautomator","selector":"new UiSelector().descriptionMatches(\"(?is).*\\QDefin...
14:05:28.402685 POST /session/494ca10a-da1f-49fd-b84e-cf3aba07a2ce/element [6.235208ms] ERR:404 body={"strategy":"-android uiautomator","selector":"new UiSelector().textContains(\"Definitely Not Here\"...
14:05:28.409121 POST /session/494ca10a-da1f-49fd-b84e-cf3aba07a2ce/element [6.356709ms] ERR:404 body={"strategy":"-android uiautomator","selector":"new UiSelector().descriptionContains(\"Definitely Not...
14:05:28.418055 POST /session/494ca10a-da1f-49fd-b84e-cf3aba07a2ce/element [8.877041ms] ERR:404 body={"strategy":"-android uiautomator","selector":"new UiSelector().textMatches(\"(?is).*\\QDefinitely N...
14:05:28.426724 POST /session/494ca10a-da1f-49fd-b84e-cf3aba07a2ce/element [8.610458ms] ERR:404 body={"strategy":"-android uiautomator","selector":"new UiSelector().descriptionMatches(\"(?is).*\\QDefin...
14:05:28.432296 POST /session/494ca10a-da1f-49fd-b84e-cf3aba07a2ce/element [5.508833ms] ERR:404 body={"strategy":"-android uiautomator","selector":"new UiSelector().textContains(\"Definitely Not Here\"...
14:05:28.441183 POST /session/494ca10a-da1f-49fd-b84e-cf3aba07a2ce/element [8.8235ms] ERR:404 body={"strategy":"-android uiautomator","selector":"new UiSelector().descriptionContains(\"Definitely Not...
14:05:28.446790 POST /session/494ca10a-da1f-49fd-b84e-cf3aba07a2ce/element [5.544083ms] ERR:404 body={"strategy":"-android uiautomator","selector":"new UiSelector().textMatches(\"(?is).*\\QDefinitely N...
14:05:28.455154 POST /session/494ca10a-da1f-49fd-b84e-cf3aba07a2ce/element [8.313125ms] ERR:404 body={"strategy":"-android uiautomator","selector":"new UiSelector().descriptionMatches(\"(?is).*\\QDefin...
14:05:28.461599 POST /session/494ca10a-da1f-49fd-b84e-cf3aba07a2ce/element [6.38675ms] ERR:404 body={"strategy":"-android uiautomator","selector":"new UiSelector().textContains(\"Definitely Not Here\"...
14:05:28.469276 POST /session/494ca10a-da1f-49fd-b84e-cf3aba07a2ce/element [7.6215ms] ERR:404 body={"strategy":"-android uiautomator","selector":"new UiSelector().descriptionContains(\"Definitely Not...
14:05:28.473081 POST /session/494ca10a-da1f-49fd-b84e-cf3aba07a2ce/element [3.764208ms] ERR:404 body={"strategy":"-android uiautomator","selector":"new UiSelector().textMatches(\"(?is).*\\QDefinitely N...
14:05:28.479371 POST /session/494ca10a-da1f-49fd-b84e-cf3aba07a2ce/element [6.24725ms] ERR:404 body={"strategy":"-android uiautomator","selector":"new UiSelector().descriptionMatches(\"(?is).*\\QDefin...
14:05:28.485965 POST /session/494ca10a-da1f-49fd-b84e-cf3aba07a2ce/element [6.542291ms] ERR:404 body={"strategy":"-android uiautomator","selector":"new UiSelector().textContains(\"Definitely Not Here\"...
14:05:28.490900 POST /session/494ca10a-da1f-49fd-b84e-cf3aba07a2ce/element [4.878ms] ERR:404 body={"strategy":"-android uiautomator","selector":"new UiSelector().descriptionContains(\"Definitely Not...
14:05:28.496160 POST /session/494ca10a-da1f-49fd-b84e-cf3aba07a2ce/element [5.220083ms] ERR:404 body={"strategy":"-android uiautomator","selector":"new UiSelector().textMatches(\"(?is).*\\QDefinitely N...
14:05:28.502502 POST /session/494ca10a-da1f-49fd-b84e-cf3aba07a2ce/element [6.293875ms] ERR:404 body={"strategy":"-android uiautomator","selector":"new UiSelector().descriptionMatches(\"(?is).*\\QDefin...
14:05:28.511927 POST /session/494ca10a-da1f-49fd-b84e-cf3aba07a2ce/element [9.195208ms] ERR:404 body={"strategy":"-android uiautomator","selector":"new UiSelector().textContains(\"Definitely Not Here\"...
14:05:28.517471 POST /session/494ca10a-da1f-49fd-b84e-cf3aba07a2ce/element [5.485625ms] ERR:404 body={"strategy":"-android uiautomator","selector":"new UiSelector().descriptionContains(\"Definitely Not...
14:05:28.525733 POST /session/494ca10a-da1f-49fd-b84e-cf3aba07a2ce/element [8.21ms] ERR:404 body={"strategy":"-android uiautomator","selector":"new UiSelector().textMatches(\"(?is).*\\QDefinitely N...
14:05:28.531357 POST /session/494ca10a-da1f-49fd-b84e-cf3aba07a2ce/element [5.575541ms] ERR:404 body={"strategy":"-android uiautomator","selector":"new UiSelector().descriptionMatches(\"(?is).*\\QDefin...
14:05:28.537599 POST /session/494ca10a-da1f-49fd-b84e-cf3aba07a2ce/element [6.19075ms] ERR:404 body={"strategy":"-android uiautomator","selector":"new UiSelector().textContains(\"Definitely Not Here\"...
14:05:28.541988 POST /session/494ca10a-da1f-49fd-b84e-cf3aba07a2ce/element [4.333166ms] ERR:404 body={"strategy":"-android uiautomator","selector":"new UiSelector().descriptionContains(\"Definitely Not...
14:05:28.549761 POST /session/494ca10a-da1f-49fd-b84e-cf3aba07a2ce/element [7.718541ms] ERR:404 body={"strategy":"-android uiautomator","selector":"new UiSelector().textMatches(\"(?is).*\\QDefinitely N...
14:05:28.556373 POST /session/494ca10a-da1f-49fd-b84e-cf3aba07a2ce/element [6.552667ms] ERR:404 body={"strategy":"-android uiautomator","selector":"new UiSelector().descriptionMatches(\"(?is).*\\QDefin...
14:05:28.561084 POST /session/494ca10a-da1f-49fd-b84e-cf3aba07a2ce/element [4.657042ms] ERR:404 body={"strategy":"-android uiautomator","selector":"new UiSelector().textContains(\"Definitely Not Here\"...
14:05:28.567327 POST /session/494ca10a-da1f-49fd-b84e-cf3aba07a2ce/element [6.19675ms] ERR:404 body={"strategy":"-android uiautomator","selector":"new UiSelector().descriptionContains(\"Definitely Not...
14:05:28.571961 POST /session/494ca10a-da1f-49fd-b84e-cf3aba07a2ce/element [4.592875ms] ERR:404 body={"strategy":"-android uiautomator","selector":"new UiSelector().textMatches(\"(?is).*\\QDefinitely N...
14:05:28.578449 POST /session/494ca10a-da1f-49fd-b84e-cf3aba07a2ce/element [6.448459ms] ERR:404 body={"strategy":"-android uiautomator","selector":"new UiSelector().descriptionMatches(\"(?is).*\\QDefin...
14:05:28.582391 POST /session/494ca10a-da1f-49fd-b84e-cf3aba07a2ce/element [3.900958ms] ERR:404 body={"strategy":"-android uiautomator","selector":"new UiSelector().textContains(\"Definitely Not Here\"...
14:05:28.587356 POST /session/494ca10a-da1f-49fd-b84e-cf3aba07a2ce/element [4.912958ms] ERR:404 body={"strategy":"-android uiautomator","selector":"new UiSelector().descriptionContains(\"Definitely Not...
14:05:28.595058 POST /session/494ca10a-da1f-49fd-b84e-cf3aba07a2ce/element [7.65025ms] ERR:404 body={"strategy":"-android uiautomator","selector":"new UiSelector().textMatches(\"(?is).*\\QDefinitely N...
14:05:28.599776 POST /session/494ca10a-da1f-49fd-b84e-cf3aba07a2ce/element [4.672042ms] ERR:404 body={"strategy":"-android uiautomator","selector":"new UiSelector().descriptionMatches(\"(?is).*\\QDefin...
14:05:28.607181 POST /session/494ca10a-da1f-49fd-b84e-cf3aba07a2ce/element [7.347416ms] ERR:404 body={"strategy":"-android uiautomator","selector":"new UiSelector().textContains(\"Definitely Not Here\"...
14:05:28.613241 POST /session/494ca10a-da1f-49fd-b84e-cf3aba07a2ce/element [6.00275ms] ERR:404 body={"strategy":"-android uiautomator","selector":"new UiSelector().descriptionContains(\"Definitely Not...
14:05:28.624043 POST /session/494ca10a-da1f-49fd-b84e-cf3aba07a2ce/element [10.748416ms] ERR:404 body={"strategy":"-android uiautomator","selector":"new UiSelector().textMatches(\"(?is).*\\QDefinitely N...
14:05:28.629346 POST /session/494ca10a-da1f-49fd-b84e-cf3aba07a2ce/element [5.248ms] ERR:404 body={"strategy":"-android uiautomator","selector":"new UiSelector().descriptionMatches(\"(?is).*\\QDefin...
14:05:28.635486 POST /session/494ca10a-da1f-49fd-b84e-cf3aba07a2ce/element [6.101167ms] ERR:404 body={"strategy":"-android uiautomator","selector":"new UiSelector().textContains(\"Definitely Not Here\"...
14:05:28.644389 POST /session/494ca10a-da1f-49fd-b84e-cf3aba07a2ce/element [8.849208ms] ERR:404 body={"strategy":"-android uiautomator","selector":"new UiSelector().descriptionContains(\"Definitely Not...
14:05:28.652795 POST /session/494ca10a-da1f-49fd-b84e-cf3aba07a2ce/element [8.341875ms] ERR:404 body={"strategy":"-android uiautomator","selector":"new UiSelector().textMatches(\"(?is).*\\QDefinitely N...
14:05:28.659564 POST /session/494ca10a-da1f-49fd-b84e-cf3aba07a2ce/element [6.7175ms] ERR:404 body={"strategy":"-android uiautomator","selector":"new UiSelector().descriptionMatches(\"(?is).*\\QDefin...
14:05:28.666994 POST /session/494ca10a-da1f-49fd-b84e-cf3aba07a2ce/element [7.371709ms] ERR:404 body={"strategy":"-android uiautomator","selector":"new UiSelector().textContains(\"Definitely Not Here\"...
14:05:28.672761 POST /session/494ca10a-da1f-49fd-b84e-cf3aba07a2ce/element [5.716834ms] ERR:404 body={"strategy":"-android uiautomator","selector":"new UiSelector().descriptionContains(\"Definitely Not...
14:05:28.677971 POST /session/494ca10a-da1f-49fd-b84e-cf3aba07a2ce/element [5.163125ms] ERR:404 body={"strategy":"-android uiautomator","selector":"new UiSelector().textMatches(\"(?is).*\\QDefinitely N...
14:05:28.686391 POST /session/494ca10a-da1f-49fd-b84e-cf3aba07a2ce/element [8.371375ms] ERR:404 body={"strategy":"-android uiautomator","selector":"new UiSelector().descriptionMatches(\"(?is).*\\QDefin...
14:05:28.694959 POST /session/494ca10a-da1f-49fd-b84e-cf3aba07a2ce/element [8.513792ms] ERR:404 body={"strategy":"-android uiautomator","selector":"new UiSelector().textContains(\"Definitely Not Here\"...
14:05:28.699661 POST /session/494ca10a-da1f-49fd-b84e-cf3aba07a2ce/element [4.649542ms] ERR:404 body={"strategy":"-android uiautomator","selector":"new UiSelector().descriptionContains(\"Definitely Not...
14:05:28.707006 POST /session/494ca10a-da1f-49fd-b84e-cf3aba07a2ce/element [7.298583ms] ERR:404 body={"strategy":"-android uiautomator","selector":"new UiSelector().textMatches(\"(?is).*\\QDefinitely N...
14:05:28.721685 POST /session/494ca10a-da1f-49fd-b84e-cf3aba07a2ce/element [14.614375ms] ERR:404 body={"strategy":"-android uiautomator","selector":"new UiSelector().descriptionMatches(\"(?is).*\\QDefin...
14:05:28.726765 POST /session/494ca10a-da1f-49fd-b84e-cf3aba07a2ce/element [5.022709ms] ERR:404 body={"strategy":"-android uiautomator","selector":"new UiSelector().textContains(\"Definitely Not Here\"...
14:05:28.732937 POST /session/494ca10a-da1f-49fd-b84e-cf3aba07a2ce/element [6.111708ms] ERR:404 body={"strategy":"-android uiautomator","selector":"new UiSelector().descriptionContains(\"Definitely Not...
14:05:28.741772 POST /session/494ca10a-da1f-49fd-b84e-cf3aba07a2ce/element [8.781375ms] ERR:404 body={"strategy":"-android uiautomator","selector":"new UiSelector().textMatches(\"(?is).*\\QDefinitely N...
14:05:28.750011 POST /session/494ca10a-da1f-49fd-b84e-cf3aba07a2ce/element [8.179541ms] ERR:404 body={"strategy":"-android uiautomator","selector":"new UiSelector().descriptionMatches(\"(?is).*\\QDefin...
14:05:28.757020 POST /session/494ca10a-da1f-49fd-b84e-cf3aba07a2ce/element [6.955291ms] ERR:404 body={"strategy":"-android uiautomator","selector":"new UiSelector().textContains(\"Definitely Not Here\"...
14:05:28.762024 POST /session/494ca10a-da1f-49fd-b84e-cf3aba07a2ce/element [4.9495ms] ERR:404 body={"strategy":"-android uiautomator","selector":"new UiSelector().descriptionContains(\"Definitely Not...
14:05:28.771503 POST /session/494ca10a-da1f-49fd-b84e-cf3aba07a2ce/element [9.425583ms] ERR:404 body={"strategy":"-android uiautomator","selector":"new UiSelector().textMatches(\"(?is).*\\QDefinitely N...
14:05:28.778749 POST /session/494ca10a-da1f-49fd-b84e-cf3aba07a2ce/element [7.188334ms] ERR:404 body={"strategy":"-android uiautomator","selector":"new UiSelector().descriptionMatches(\"(?is).*\\QDefin...
14:05:28.785548 POST /session/494ca10a-da1f-49fd-b84e-cf3aba07a2ce/element [6.730417ms] ERR:404 body={"strategy":"-android uiautomator","selector":"new UiSelector().textContains(\"Definitely Not Here\"...
14:05:28.790641 POST /session/494ca10a-da1f-49fd-b84e-cf3aba07a2ce/element [5.025791ms] ERR:404 body={"strategy":"-android uiautomator","selector":"new UiSelector().descriptionContains(\"Definitely Not...
14:05:28.798086 POST /session/494ca10a-da1f-49fd-b84e-cf3aba07a2ce/element [7.386208ms] ERR:404 body={"strategy":"-android uiautomator","selector":"new UiSelector().textMatches(\"(?is).*\\QDefinitely N...
14:05:28.805917 POST /session/494ca10a-da1f-49fd-b84e-cf3aba07a2ce/element [7.777666ms] ERR:404 body={"strategy":"-android uiautomator","selector":"new UiSelector().descriptionMatches(\"(?is).*\\QDefin...
14:05:28.811105 POST /session/494ca10a-da1f-49fd-b84e-cf3aba07a2ce/element [5.129667ms] ERR:404 body={"strategy":"-android uiautomator","selector":"new UiSelector().textContains(\"Definitely Not Here\"...
14:05:28.820682 POST /session/494ca10a-da1f-49fd-b84e-cf3aba07a2ce/element [9.523584ms] ERR:404 body={"strategy":"-android uiautomator","selector":"new UiSelector().descriptionContains(\"Definitely Not...
14:05:28.826964 POST /session/494ca10a-da1f-49fd-b84e-cf3aba07a2ce/element [6.227458ms] ERR:404 body={"strategy":"-android uiautomator","selector":"new UiSelector().textMatches(\"(?is).*\\QDefinitely N...
14:05:28.831508 POST /session/494ca10a-da1f-49fd-b84e-cf3aba07a2ce/element [4.501916ms] ERR:404 body={"strategy":"-android uiautomator","selector":"new UiSelector().descriptionMatches(\"(?is).*\\QDefin...
14:05:28.837120 POST /session/494ca10a-da1f-49fd-b84e-cf3aba07a2ce/element [5.570667ms] ERR:404 body={"strategy":"-android uiautomator","selector":"new UiSelector().textContains(\"Definitely Not Here\"...
14:05:28.842869 POST /session/494ca10a-da1f-49fd-b84e-cf3aba07a2ce/element [5.703708ms] ERR:404 body={"strategy":"-android uiautomator","selector":"new UiSelector().descriptionContains(\"Definitely Not...
14:05:28.850490 POST /session/494ca10a-da1f-49fd-b84e-cf3aba07a2ce/element [7.56475ms] ERR:404 body={"strategy":"-android uiautomator","selector":"new UiSelector().textMatches(\"(?is).*\\QDefinitely N...
14:05:28.855908 POST /session/494ca10a-da1f-49fd-b84e-cf3aba07a2ce/element [5.358583ms] ERR:404 body={"strategy":"-android uiautomator","selector":"new UiSelector().descriptionMatches(\"(?is).*\\QDefin...
14:05:28.862678 POST /session/494ca10a-da1f-49fd-b84e-cf3aba07a2ce/element [6.579333ms] ERR:404 body={"strategy":"-android uiautomator","selector":"new UiSelector().textContains(\"Definitely Not Here\"...
14:05:28.868501 POST /session/494ca10a-da1f-49fd-b84e-cf3aba07a2ce/element [5.766958ms] ERR:404 body={"strategy":"-android uiautomator","selector":"new UiSelector().descriptionContains(\"Definitely Not...
14:05:28.872927 POST /session/494ca10a-da1f-49fd-b84e-cf3aba07a2ce/element [4.373917ms] ERR:404 body={"strategy":"-android uiautomator","selector":"new UiSelector().textMatches(\"(?is).*\\QDefinitely N...
14:05:28.877349 POST /session/494ca10a-da1f-49fd-b84e-cf3aba07a2ce/element [4.382167ms] ERR:404 body={"strategy":"-android uiautomator","selector":"new UiSelector().descriptionMatches(\"(?is).*\\QDefin...
14:05:28.882808 POST /session/494ca10a-da1f-49fd-b84e-cf3aba07a2ce/element [5.40775ms] ERR:404 body={"strategy":"-android uiautomator","selector":"new UiSelector().textContains(\"Definitely Not Here\"...
14:05:28.886832 POST /session/494ca10a-da1f-49fd-b84e-cf3aba07a2ce/element [3.9795ms] ERR:404 body={"strategy":"-android uiautomator","selector":"new UiSelector().descriptionContains(\"Definitely Not...
14:05:28.892672 POST /session/494ca10a-da1f-49fd-b84e-cf3aba07a2ce/element [5.788542ms] ERR:404 body={"strategy":"-android uiautomator","selector":"new UiSelector().textMatches(\"(?is).*\\QDefinitely N...
14:05:28.898949 POST /session/494ca10a-da1f-49fd-b84e-cf3aba07a2ce/element [6.224625ms] ERR:404 body={"strategy":"-android uiautomator","selector":"new UiSelector().descriptionMatches(\"(?is).*\\QDefin...
14:05:28.905657 POST /session/494ca10a-da1f-49fd-b84e-cf3aba07a2ce/element [6.655583ms] ERR:404 body={"strategy":"-android uiautomator","selector":"new UiSelector().textContains(\"Definitely Not Here\"...
14:05:28.910275 POST /session/494ca10a-da1f-49fd-b84e-cf3aba07a2ce/element [4.567958ms] ERR:404 body={"strategy":"-android uiautomator","selector":"new UiSelector().descriptionContains(\"Definitely Not...
14:05:28.917496 POST /session/494ca10a-da1f-49fd-b84e-cf3aba07a2ce/element [7.172916ms] ERR:404 body={"strategy":"-android uiautomator","selector":"new UiSelector().textMatches(\"(?is).*\\QDefinitely N...
14:05:28.923456 POST /session/494ca10a-da1f-49fd-b84e-cf3aba07a2ce/element [5.920084ms] ERR:404 body={"strategy":"-android uiautomator","selector":"new UiSelector().descriptionMatches(\"(?is).*\\QDefin...
14:05:28.930559 POST /session/494ca10a-da1f-49fd-b84e-cf3aba07a2ce/element [7.045125ms] ERR:404 body={"strategy":"-android uiautomator","selector":"new UiSelector().textContains(\"Definitely Not Here\"...
14:05:28.936481 POST /session/494ca10a-da1f-49fd-b84e-cf3aba07a2ce/element [5.863375ms] ERR:404 body={"strategy":"-android uiautomator","selector":"new UiSelector().descriptionContains(\"Definitely Not...
14:05:28.944914 POST /session/494ca10a-da1f-49fd-b84e-cf3aba07a2ce/element [8.388292ms] ERR:404 body={"strategy":"-android uiautomator","selector":"new UiSelector().textMatches(\"(?is).*\\QDefinitely N...
14:05:28.950183 POST /session/494ca10a-da1f-49fd-b84e-cf3aba07a2ce/element [5.227667ms] ERR:404 body={"strategy":"-android uiautomator","selector":"new UiSelector().descriptionMatches(\"(?is).*\\QDefin...
14:05:28.956898 POST /session/494ca10a-da1f-49fd-b84e-cf3aba07a2ce/element [6.660541ms] ERR:404 body={"strategy":"-android uiautomator","selector":"new UiSelector().textContains(\"Definitely Not Here\"...
14:05:28.961313 POST /session/494ca10a-da1f-49fd-b84e-cf3aba07a2ce/element [4.369917ms] ERR:404 body={"strategy":"-android uiautomator","selector":"new UiSelector().descriptionContains(\"Definitely Not...
14:05:28.970565 POST /session/494ca10a-da1f-49fd-b84e-cf3aba07a2ce/element [9.212ms] ERR:404 body={"strategy":"-android uiautomator","selector":"new UiSelector().textMatches(\"(?is).*\\QDefinitely N...
14:05:28.976113 POST /session/494ca10a-da1f-49fd-b84e-cf3aba07a2ce/element [5.503625ms] ERR:404 body={"strategy":"-android uiautomator","selector":"new UiSelector().descriptionMatches(\"(?is).*\\QDefin...
14:05:28.981541 POST /session/494ca10a-da1f-49fd-b84e-cf3aba07a2ce/element [5.381292ms] ERR:404 body={"strategy":"-android uiautomator","selector":"new UiSelector().textContains(\"Definitely Not Here\"...
14:05:28.989965 POST /session/494ca10a-da1f-49fd-b84e-cf3aba07a2ce/element [8.373625ms] ERR:404 body={"strategy":"-android uiautomator","selector":"new UiSelector().descriptionContains(\"Definitely Not...
14:05:28.997454 POST /session/494ca10a-da1f-49fd-b84e-cf3aba07a2ce/element [7.444917ms] ERR:404 body={"strategy":"-android uiautomator","selector":"new UiSelector().textMatches(\"(?is).*\\QDefinitely N...
14:05:29.006917 POST /session/494ca10a-da1f-49fd-b84e-cf3aba07a2ce/element [9.416125ms] ERR:404 body={"strategy":"-android uiautomator","selector":"new UiSelector().descriptionMatches(\"(?is).*\\QDefin...
14:05:29.013665 POST /session/494ca10a-da1f-49fd-b84e-cf3aba07a2ce/element [6.698625ms] ERR:404 body={"strategy":"-android uiautomator","selector":"new UiSelector().textContains(\"Definitely Not Here\"...
14:05:29.021500 POST /session/494ca10a-da1f-49fd-b84e-cf3aba07a2ce/element [7.790292ms] ERR:404 body={"strategy":"-android uiautomator","selector":"new UiSelector().descriptionContains(\"Definitely Not...
14:05:29.030202 POST /session/494ca10a-da1f-49fd-b84e-cf3aba07a2ce/element [8.650291ms] ERR:404 body={"strategy":"-android uiautomator","selector":"new UiSelector().textMatches(\"(?is).*\\QDefinitely N...
14:05:29.039231 POST /session/494ca10a-da1f-49fd-b84e-cf3aba07a2ce/element [8.973833ms] ERR:404 body={"strategy":"-android uiautomator","selector":"new UiSelector().descriptionMatches(\"(?is).*\\QDefin...
14:05:29.046630 POST /session/494ca10a-da1f-49fd-b84e-cf3aba07a2ce/element [7.344375ms] ERR:404 body={"strategy":"-android uiautomator","selector":"new UiSelector().textContains(\"Definitely Not Here\"...
14:05:29.054969 POST /session/494ca10a-da1f-49fd-b84e-cf3aba07a2ce/element [8.259333ms] ERR:404 body={"strategy":"-android uiautomator","selector":"new UiSelector().descriptionContains(\"Definitely Not...
14:05:29.061948 POST /session/494ca10a-da1f-49fd-b84e-cf3aba07a2ce/element [6.920708ms] ERR:404 body={"strategy":"-android uiautomator","selector":"new UiSelector().textMatches(\"(?is).*\\QDefinitely N...
14:05:29.070471 POST /session/494ca10a-da1f-49fd-b84e-cf3aba07a2ce/element [8.474583ms] ERR:404 body={"strategy":"-android uiautomator","selector":"new UiSelector().descriptionMatches(\"(?is).*\\QDefin...
14:05:29.076622 POST /session/494ca10a-da1f-49fd-b84e-cf3aba07a2ce/element [6.101083ms] ERR:404 body={"strategy":"-android uiautomator","selector":"new UiSelector().textContains(\"Definitely Not Here\"...
14:05:29.082582 POST /session/494ca10a-da1f-49fd-b84e-cf3aba07a2ce/element [5.913125ms] ERR:404 body={"strategy":"-android uiautomator","selector":"new UiSelector().descriptionContains(\"Definitely Not...
14:05:29.087404 POST /session/494ca10a-da1f-49fd-b84e-cf3aba07a2ce/element [4.778417ms] ERR:404 body={"strategy":"-android uiautomator","selector":"new UiSelector().textMatches(\"(?is).*\\QDefinitely N...
14:05:29.091953 POST /session/494ca10a-da1f-49fd-b84e-cf3aba07a2ce/element [4.511667ms] ERR:404 body={"strategy":"-android uiautomator","selector":"new UiSelector().descriptionMatches(\"(?is).*\\QDefin...
14:05:29.096198 POST /session/494ca10a-da1f-49fd-b84e-cf3aba07a2ce/element [4.201209ms] ERR:404 body={"strategy":"-android uiautomator","selector":"new UiSelector().textContains(\"Definitely Not Here\"...
14:05:29.101115 POST /session/494ca10a-da1f-49fd-b84e-cf3aba07a2ce/element [4.867959ms] ERR:404 body={"strategy":"-android uiautomator","selector":"new UiSelector().descriptionContains(\"Definitely Not...
14:05:29.105094 POST /session/494ca10a-da1f-49fd-b84e-cf3aba07a2ce/element [3.92675ms] ERR:404 body={"strategy":"-android uiautomator","selector":"new UiSelector().textMatches(\"(?is).*\\QDefinitely N...
14:05:29.113463 POST /session/494ca10a-da1f-49fd-b84e-cf3aba07a2ce/element [8.318875ms] ERR:404 body={"strategy":"-android uiautomator","selector":"new UiSelector().descriptionMatches(\"(?is).*\\QDefin...
14:05:29.120055 POST /session/494ca10a-da1f-49fd-b84e-cf3aba07a2ce/element [6.538792ms] ERR:404 body={"strategy":"-android uiautomator","selector":"new UiSelector().textContains(\"Definitely Not Here\"...
14:05:29.128973 POST /session/494ca10a-da1f-49fd-b84e-cf3aba07a2ce/element [8.860916ms] ERR:404 body={"strategy":"-android uiautomator","selector":"new UiSelector().descriptionContains(\"Definitely Not...
14:05:29.134301 POST /session/494ca10a-da1f-49fd-b84e-cf3aba07a2ce/element [5.2705ms] ERR:404 body={"strategy":"-android uiautomator","selector":"new UiSelector().textMatches(\"(?is).*\\QDefinitely N...
14:05:29.139526 POST /session/494ca10a-da1f-49fd-b84e-cf3aba07a2ce/element [5.079042ms] ERR:404 body={"strategy":"-android uiautomator","selector":"new UiSelector().descriptionMatches(\"(?is).*\\QDefin...
14:05:29.146806 POST /session/494ca10a-da1f-49fd-b84e-cf3aba07a2ce/element [7.192542ms] ERR:404 body={"strategy":"-android uiautomator","selector":"new UiSelector().textContains(\"Definitely Not Here\"...
14:05:29.153748 POST /session/494ca10a-da1f-49fd-b84e-cf3aba07a2ce/element [6.8825ms] ERR:404 body={"strategy":"-android uiautomator","selector":"new UiSelector().descriptionContains(\"Definitely Not...
14:05:29.160228 POST /session/494ca10a-da1f-49fd-b84e-cf3aba07a2ce/element [6.419917ms] ERR:404 body={"strategy":"-android uiautomator","selector":"new UiSelector().textMatches(\"(?is).*\\QDefinitely N...
14:05:29.166801 POST /session/494ca10a-da1f-49fd-b84e-cf3aba07a2ce/element [6.522334ms] ERR:404 body={"strategy":"-android uiautomator","selector":"new UiSelector().descriptionMatches(\"(?is).*\\QDefin...
14:05:29.173519 POST /session/494ca10a-da1f-49fd-b84e-cf3aba07a2ce/element [6.661708ms] ERR:404 body={"strategy":"-android uiautomator","selector":"new UiSelector().textContains(\"Definitely Not Here\"...
14:05:29.179788 POST /session/494ca10a-da1f-49fd-b84e-cf3aba07a2ce/element [6.21475ms] ERR:404 body={"strategy":"-android uiautomator","selector":"new UiSelector().descriptionContains(\"Definitely Not...
14:05:29.184966 POST /session/494ca10a-da1f-49fd-b84e-cf3aba07a2ce/element [5.126417ms] ERR:404 body={"strategy":"-android uiautomator","selector":"new UiSelector().textMatches(\"(?is).*\\QDefinitely N...
14:05:29.190426 POST /session/494ca10a-da1f-49fd-b84e-cf3aba07a2ce/element [5.404583ms] ERR:404 body={"strategy":"-android uiautomator","selector":"new UiSelector().descriptionMatches(\"(?is).*\\QDefin...
14:05:29.196604 POST /session/494ca10a-da1f-49fd-b84e-cf3aba07a2ce/element [6.121041ms] ERR:404 body={"strategy":"-android uiautomator","selector":"new UiSelector().textContains(\"Definitely Not Here\"...
14:05:29.200863 POST /session/494ca10a-da1f-49fd-b84e-cf3aba07a2ce/element [4.213167ms] ERR:404 body={"strategy":"-android uiautomator","selector":"new UiSelector().descriptionContains(\"Definitely Not...
14:05:29.205683 POST /session/494ca10a-da1f-49fd-b84e-cf3aba07a2ce/element [4.774459ms] ERR:404 body={"strategy":"-android uiautomator","selector":"new UiSelector().textMatches(\"(?is).*\\QDefinitely N...
14:05:29.210078 POST /session/494ca10a-da1f-49fd-b84e-cf3aba07a2ce/element [4.344875ms] ERR:404 body={"strategy":"-android uiautomator","selector":"new UiSelector().descriptionMatches(\"(?is).*\\QDefin...
14:05:29.214530 POST /session/494ca10a-da1f-49fd-b84e-cf3aba07a2ce/element [4.4055ms] ERR:404 body={"strategy":"-android uiautomator","selector":"new UiSelector().textContains(\"Definitely Not Here\"...
14:05:29.220013 POST /session/494ca10a-da1f-49fd-b84e-cf3aba07a2ce/element [5.425041ms] ERR:404 body={"strategy":"-android uiautomator","selector":"new UiSelector().descriptionContains(\"Definitely Not...
14:05:29.232071 POST /session/494ca10a-da1f-49fd-b84e-cf3aba07a2ce/element [12.013625ms] ERR:404 body={"strategy":"-android uiautomator","selector":"new UiSelector().textMatches(\"(?is).*\\QDefinitely N...
14:05:29.242993 POST /session/494ca10a-da1f-49fd-b84e-cf3aba07a2ce/element [10.877667ms] ERR:404 body={"strategy":"-android uiautomator","selector":"new UiSelector().descriptionMatches(\"(?is).*\\QDefin...
14:05:29.249124 POST /session/494ca10a-da1f-49fd-b84e-cf3aba07a2ce/element [6.078625ms] ERR:404 body={"strategy":"-android uiautomator","selector":"new UiSelector().textContains(\"Definitely Not Here\"...
14:05:29.258288 POST /session/494ca10a-da1f-49fd-b84e-cf3aba07a2ce/element [8.813ms] ERR:404 body={"strategy":"-android uiautomator","selector":"new UiSelector().descriptionContains(\"Definitely Not...
14:05:29.263773 POST /session/494ca10a-da1f-49fd-b84e-cf3aba07a2ce/element [5.423542ms] ERR:404 body={"strategy":"-android uiautomator","selector":"new UiSelector().textMatches(\"(?is).*\\QDefinitely N...
14:05:29.269105 POST /session/494ca10a-da1f-49fd-b84e-cf3aba07a2ce/element [5.282291ms] ERR:404 body={"strategy":"-android uiautomator","selector":"new UiSelector().descriptionMatches(\"(?is).*\\QDefin...
14:05:29.275349 POST /session/494ca10a-da1f-49fd-b84e-cf3aba07a2ce/element [6.1815ms] ERR:404 body={"strategy":"-android uiautomator","selector":"new UiSelector().textContains(\"Definitely Not Here\"...
14:05:29.280725 POST /session/494ca10a-da1f-49fd-b84e-cf3aba07a2ce/element [5.325083ms] ERR:404 body={"strategy":"-android uiautomator","selector":"new UiSelector().descriptionContains(\"Definitely Not...
14:05:29.285994 POST /session/494ca10a-da1f-49fd-b84e-cf3aba07a2ce/element [5.216458ms] ERR:404 body={"strategy":"-android uiautomator","selector":"new UiSelector().textMatches(\"(?is).*\\QDefinitely N...
14:05:29.290396 POST /session/494ca10a-da1f-49fd-b84e-cf3aba07a2ce/element [4.346167ms] ERR:404 body={"strategy":"-android uiautomator","selector":"new UiSelector().descriptionMatches(\"(?is).*\\QDefin...
14:05:29.297019 POST /session/494ca10a-da1f-49fd-b84e-cf3aba07a2ce/element [6.575583ms] ERR:404 body={"strategy":"-android uiautomator","selector":"new UiSelector().textContains(\"Definitely Not Here\"...
14:05:29.303072 POST /session/494ca10a-da1f-49fd-b84e-cf3aba07a2ce/element [5.9945ms] ERR:404 body={"strategy":"-android uiautomator","selector":"new UiSelector().descriptionContains(\"Definitely Not...
14:05:29.308475 POST /session/494ca10a-da1f-49fd-b84e-cf3aba07a2ce/element [5.350875ms] ERR:404 body={"strategy":"-android uiautomator","selector":"new UiSelector().textMatches(\"(?is).*\\QDefinitely N...
14:05:29.315261 POST /session/494ca10a-da1f-49fd-b84e-cf3aba07a2ce/element [6.742167ms] ERR:404 body={"strategy":"-android uiautomator","selector":"new UiSelector().descriptionMatches(\"(?is).*\\QDefin...
14:05:29.320585 POST /session/494ca10a-da1f-49fd-b84e-cf3aba07a2ce/element [5.270208ms] ERR:404 body={"strategy":"-android uiautomator","selector":"new UiSelector().textContains(\"Definitely Not Here\"...
14:05:29.326347 POST /session/494ca10a-da1f-49fd-b84e-cf3aba07a2ce/element [5.705625ms] ERR:404 body={"strategy":"-android uiautomator","selector":"new UiSelector().descriptionContains(\"Definitely Not...
14:05:29.334044 POST /session/494ca10a-da1f-49fd-b84e-cf3aba07a2ce/element [7.646083ms] ERR:404 body={"strategy":"-android uiautomator","selector":"new UiSelector().textMatches(\"(?is).*\\QDefinitely N...
14:05:29.341727 POST /session/494ca10a-da1f-49fd-b84e-cf3aba07a2ce/element [7.603542ms] ERR:404 body={"strategy":"-android uiautomator","selector":"new UiSelector().descriptionMatches(\"(?is).*\\QDefin...
14:05:29.351435 POST /session/494ca10a-da1f-49fd-b84e-cf3aba07a2ce/element [9.649667ms] ERR:404 body={"strategy":"-android uiautomator","selector":"new UiSelector().textContains(\"Definitely Not Here\"...
14:05:29.358198 POST /session/494ca10a-da1f-49fd-b84e-cf3aba07a2ce/element [6.706292ms] ERR:404 body={"strategy":"-android uiautomator","selector":"new UiSelector().descriptionContains(\"Definitely Not...
14:05:29.365494 POST /session/494ca10a-da1f-49fd-b84e-cf3aba07a2ce/element [7.050166ms] ERR:404 body={"strategy":"-android uiautomator","selector":"new UiSelector().textMatches(\"(?is).*\\QDefinitely N...
14:05:29.372549 POST /session/494ca10a-da1f-49fd-b84e-cf3aba07a2ce/element [7.000167ms] ERR:404 body={"strategy":"-android uiautomator","selector":"new UiSelector().descriptionMatches(\"(?is).*\\QDefin...
14:05:29.381388 POST /session/494ca10a-da1f-49fd-b84e-cf3aba07a2ce/element [8.788375ms] ERR:404 body={"strategy":"-android uiautomator","selector":"new UiSelector().textContains(\"Definitely Not Here\"...
14:05:29.387797 POST /session/494ca10a-da1f-49fd-b84e-cf3aba07a2ce/element [6.349084ms] ERR:404 body={"strategy":"-android uiautomator","selector":"new UiSelector().descriptionContains(\"Definitely Not...
14:05:29.395232 POST /session/494ca10a-da1f-49fd-b84e-cf3aba07a2ce/element [7.378667ms] ERR:404 body={"strategy":"-android uiautomator","selector":"new UiSelector().textMatches(\"(?is).*\\QDefinitely N...
14:05:29.401966 POST /session/494ca10a-da1f-49fd-b84e-cf3aba07a2ce/element [6.681541ms] ERR:404 body={"strategy":"-android uiautomator","selector":"new UiSelector().descriptionMatches(\"(?is).*\\QDefin...
14:05:29.408083 POST /session/494ca10a-da1f-49fd-b84e-cf3aba07a2ce/element [6.06925ms] ERR:404 body={"strategy":"-android uiautomator","selector":"new UiSelector().textContains(\"Definitely Not Here\"...
14:05:29.414083 POST /session/494ca10a-da1f-49fd-b84e-cf3aba07a2ce/element [5.948625ms] ERR:404 body={"strategy":"-android uiautomator","selector":"new UiSelector().descriptionContains(\"Definitely Not...
14:05:29.421620 POST /session/494ca10a-da1f-49fd-b84e-cf3aba07a2ce/element [7.474083ms] ERR:404 body={"strategy":"-android uiautomator","selector":"new UiSelector().textMatches(\"(?is).*\\QDefinitely N...
14:05:29.429087 POST /session/494ca10a-da1f-49fd-b84e-cf3aba07a2ce/element [7.403625ms] ERR:404 body={"strategy":"-android uiautomator","selector":"new UiSelector().descriptionMatches(\"(?is).*\\QDefin...
14:05:29.434169 POST /session/494ca10a-da1f-49fd-b84e-cf3aba07a2ce/element [5.034458ms] ERR:404 body={"strategy":"-android uiautomator","selector":"new UiSelector().textContains(\"Definitely Not Here\"...
14:05:29.440989 POST /session/494ca10a-da1f-49fd-b84e-cf3aba07a2ce/element [6.769417ms] ERR:404 body={"strategy":"-android uiautomator","selector":"new UiSelector().descriptionContains(\"Definitely Not...
14:05:29.447142 POST /session/494ca10a-da1f-49fd-b84e-cf3aba07a2ce/element [6.09225ms] ERR:404 body={"strategy":"-android uiautomator","selector":"new UiSelector().textMatches(\"(?is).*\\QDefinitely N...
14:05:29.453101 POST /session/494ca10a-da1f-49fd-b84e-cf3aba07a2ce/element [5.903291ms] ERR:404 body={"strategy":"-android uiautomator","selector":"new UiSelector().descriptionMatches(\"(?is).*\\QDefin...
14:05:29.458790 POST /session/494ca10a-da1f-49fd-b84e-cf3aba07a2ce/element [5.649708ms] ERR:404 body={"strategy":"-android uiautomator","selector":"new UiSelector().textContains(\"Definitely Not Here\"...
14:05:29.468837 POST /session/494ca10a-da1f-49fd-b84e-cf3aba07a2ce/element [10.00825ms] ERR:404 body={"strategy":"-android uiautomator","selector":"new UiSelector().descriptionContains(\"Definitely Not...
14:05:29.477000 POST /session/494ca10a-da1f-49fd-b84e-cf3aba07a2ce/element [8.116167ms] ERR:404 body={"strategy":"-android uiautomator","selector":"new UiSelector().textMatches(\"(?is).*\\QDefinitely N...
14:05:29.483132 POST /session/494ca10a-da1f-49fd-b84e-cf3aba07a2ce/element [6.082667ms] ERR:404 body={"strategy":"-android uiautomator","selector":"new UiSelector().descriptionMatches(\"(?is).*\\QDefin...
14:05:29.488746 POST /session/494ca10a-da1f-49fd-b84e-cf3aba07a2ce/element [5.570459ms] ERR:404 body={"strategy":"-android uiautomator","selector":"new UiSelector().textContains(\"Definitely Not Here\"...
14:05:29.500982 POST /session/494ca10a-da1f-49fd-b84e-cf3aba07a2ce/element [12.194792ms] ERR:404 body={"strategy":"-android uiautomator","selector":"new UiSelector().descriptionContains(\"Definitely Not...
14:05:29.506798 POST /session/494ca10a-da1f-49fd-b84e-cf3aba07a2ce/element [5.7635ms] ERR:404 body={"strategy":"-android uiautomator","selector":"new UiSelector().textMatches(\"(?is).*\\QDefinitely N...
14:05:29.512282 POST /session/494ca10a-da1f-49fd-b84e-cf3aba07a2ce/element [5.439667ms] ERR:404 body={"strategy":"-android uiautomator","selector":"new UiSelector().descriptionMatches(\"(?is).*\\QDefin...
14:05:29.516039 POST /session/494ca10a-da1f-49fd-b84e-cf3aba07a2ce/element [3.7195ms] ERR:404 body={"strategy":"-android uiautomator","selector":"new UiSelector().textContains(\"Definitely Not Here\"...
14:05:29.521241 POST /session/494ca10a-da1f-49fd-b84e-cf3aba07a2ce/element [5.165625ms] ERR:404 body={"strategy":"-android uiautomator","selector":"new UiSelector().descriptionContains(\"Definitely Not...
14:05:29.528513 POST /session/494ca10a-da1f-49fd-b84e-cf3aba07a2ce/element [7.229084ms] ERR:404 body={"strategy":"-android uiautomator","selector":"new UiSelector().textMatches(\"(?is).*\\QDefinitely N...
14:05:29.537691 POST /session/494ca10a-da1f-49fd-b84e-cf3aba07a2ce/element [9.129042ms] ERR:404 body={"strategy":"-android uiautomator","selector":"new UiSelector().descriptionMatches(\"(?is).*\\QDefin...
14:05:29.547410 POST /session/494ca10a-da1f-49fd-b84e-cf3aba07a2ce/element [9.66375ms] ERR:404 body={"strategy":"-android uiautomator","selector":"new UiSelector().textContains(\"Definitely Not Here\"...
14:05:29.557008 POST /session/494ca10a-da1f-49fd-b84e-cf3aba07a2ce/element [9.546834ms] ERR:404 body={"strategy":"-android uiautomator","selector":"new UiSelector().descriptionContains(\"Definitely Not...
14:05:29.564046 POST /session/494ca10a-da1f-49fd-b84e-cf3aba07a2ce/element [6.989667ms] ERR:404 body={"strategy":"-android uiautomator","selector":"new UiSelector().textMatches(\"(?is).*\\QDefinitely N...
14:05:29.571683 POST /session/494ca10a-da1f-49fd-b84e-cf3aba07a2ce/element [7.591208ms] ERR:404 body={"strategy":"-android uiautomator","selector":"new UiSelector().descriptionMatches(\"(?is).*\\QDefin...
14:05:29.579132 POST /session/494ca10a-da1f-49fd-b84e-cf3aba07a2ce/element [7.404833ms] ERR:404 body={"strategy":"-android uiautomator","selector":"new UiSelector().textContains(\"Definitely Not Here\"...
14:05:29.587756 POST /session/494ca10a-da1f-49fd-b84e-cf3aba07a2ce/element [8.562583ms] ERR:404 body={"strategy":"-android uiautomator","selector":"new UiSelector().descriptionContains(\"Definitely Not...
14:05:29.592988 POST /session/494ca10a-da1f-49fd-b84e-cf3aba07a2ce/element [5.19675ms] ERR:404 body={"strategy":"-android uiautomator","selector":"new UiSelector().textMatches(\"(?is).*\\QDefinitely N...
14:05:29.598233 POST /session/494ca10a-da1f-49fd-b84e-cf3aba07a2ce/element [5.210125ms] ERR:404 body={"strategy":"-android uiautomator","selector":"new UiSelector().descriptionMatches(\"(?is).*\\QDefin...
14:05:29.604950 POST /session/494ca10a-da1f-49fd-b84e-cf3aba07a2ce/element [6.681458ms] ERR:404 body={"strategy":"-android uiautomator","selector":"new UiSelector().textContains(\"Definitely Not Here\"...
14:05:29.610360 POST /session/494ca10a-da1f-49fd-b84e-cf3aba07a2ce/element [5.372584ms] ERR:404 body={"strategy":"-android uiautomator","selector":"new UiSelector().descriptionContains(\"Definitely Not...
14:05:29.615170 POST /session/494ca10a-da1f-49fd-b84e-cf3aba07a2ce/element [4.781209ms] ERR:404 body={"strategy":"-android uiautomator","selector":"new UiSelector().textMatches(\"(?is).*\\QDefinitely N...
14:05:29.619820 POST /session/494ca10a-da1f-49fd-b84e-cf3aba07a2ce/element [4.622375ms] ERR:404 body={"strategy":"-android uiautomator","selector":"new UiSelector().descriptionMatches(\"(?is).*\\QDefin...
14:05:29.623893 POST /session/494ca10a-da1f-49fd-b84e-cf3aba07a2ce/element [4.042125ms] ERR:404 body={"strategy":"-android uiautomator","selector":"new UiSelector().textContains(\"Definitely Not Here\"...
14:05:29.630674 POST /session/494ca10a-da1f-49fd-b84e-cf3aba07a2ce/element [6.74125ms] ERR:404 body={"strategy":"-android uiautomator","selector":"new UiSelector().descriptionContains(\"Definitely Not...
14:05:29.635984 POST /session/494ca10a-da1f-49fd-b84e-cf3aba07a2ce/element [5.265459ms] ERR:404 body={"strategy":"-android uiautomator","selector":"new UiSelector().textMatches(\"(?is).*\\QDefinitely N...
14:05:29.645352 POST /session/494ca10a-da1f-49fd-b84e-cf3aba07a2ce/element [9.316708ms] ERR:404 body={"strategy":"-android uiautomator","selector":"new UiSelector().descriptionMatches(\"(?is).*\\QDefin...
14:05:29.654954 POST /session/494ca10a-da1f-49fd-b84e-cf3aba07a2ce/element [9.535708ms] ERR:404 body={"strategy":"-android uiautomator","selector":"new UiSelector().textContains(\"Definitely Not Here\"...
14:05:29.660453 POST /session/494ca10a-da1f-49fd-b84e-cf3aba07a2ce/element [5.447084ms] ERR:404 body={"strategy":"-android uiautomator","selector":"new UiSelector().descriptionContains(\"Definitely Not...
14:05:29.665959 POST /session/494ca10a-da1f-49fd-b84e-cf3aba07a2ce/element [5.457417ms] ERR:404 body={"strategy":"-android uiautomator","selector":"new UiSelector().textMatches(\"(?is).*\\QDefinitely N...
14:05:29.672522 POST /session/494ca10a-da1f-49fd-b84e-cf3aba07a2ce/element [6.515416ms] ERR:404 body={"strategy":"-android uiautomator","selector":"new UiSelector().descriptionMatches(\"(?is).*\\QDefin...
14:05:29.683483 POST /session/494ca10a-da1f-49fd-b84e-cf3aba07a2ce/element [10.903ms] ERR:404 body={"strategy":"-android uiautomator","selector":"new UiSelector().textContains(\"Definitely Not Here\"...
14:05:29.689306 POST /session/494ca10a-da1f-49fd-b84e-cf3aba07a2ce/element [5.773291ms] ERR:404 body={"strategy":"-android uiautomator","selector":"new UiSelector().descriptionContains(\"Definitely Not...
14:05:29.697699 POST /session/494ca10a-da1f-49fd-b84e-cf3aba07a2ce/element [8.330667ms] ERR:404 body={"strategy":"-android uiautomator","selector":"new UiSelector().textMatches(\"(?is).*\\QDefinitely N...
14:05:29.704228 POST /session/494ca10a-da1f-49fd-b84e-cf3aba07a2ce/element [6.43175ms] ERR:404 body={"strategy":"-android uiautomator","selector":"new UiSelector().descriptionMatches(\"(?is).*\\QDefin...
14:05:29.713205 POST /session/494ca10a-da1f-49fd-b84e-cf3aba07a2ce/element [8.926041ms] ERR:404 body={"strategy":"-android uiautomator","selector":"new UiSelector().textContains(\"Definitely Not Here\"...
14:05:29.718886 POST /session/494ca10a-da1f-49fd-b84e-cf3aba07a2ce/element [5.632ms] ERR:404 body={"strategy":"-android uiautomator","selector":"new UiSelector().descriptionContains(\"Definitely Not...
14:05:29.726023 POST /session/494ca10a-da1f-49fd-b84e-cf3aba07a2ce/element [7.083833ms] ERR:404 body={"strategy":"-android uiautomator","selector":"new UiSelector().textMatches(\"(?is).*\\QDefinitely N...
14:05:29.732965 POST /session/494ca10a-da1f-49fd-b84e-cf3aba07a2ce/element [6.895ms] ERR:404 body={"strategy":"-android uiautomator","selector":"new UiSelector().descriptionMatches(\"(?is).*\\QDefin...
14:05:29.739085 POST /session/494ca10a-da1f-49fd-b84e-cf3aba07a2ce/element [6.07225ms] ERR:404 body={"strategy":"-android uiautomator","selector":"new UiSelector().textContains(\"Definitely Not Here\"...
14:05:29.747177 POST /session/494ca10a-da1f-49fd-b84e-cf3aba07a2ce/element [8.046417ms] ERR:404 body={"strategy":"-android uiautomator","selector":"new UiSelector().descriptionContains(\"Definitely Not...
14:05:29.752948 POST /session/494ca10a-da1f-49fd-b84e-cf3aba07a2ce/element [5.6045ms] ERR:404 body={"strategy":"-android uiautomator","selector":"new UiSelector().textMatches(\"(?is).*\\QDefinitely N...
14:05:29.757496 POST /session/494ca10a-da1f-49fd-b84e-cf3aba07a2ce/element [4.487125ms] ERR:404 body={"strategy":"-android uiautomator","selector":"new UiSelector().descriptionMatches(\"(?is).*\\QDefin...
14:05:29.766297 POST /session/494ca10a-da1f-49fd-b84e-cf3aba07a2ce/element [8.73725ms] ERR:404 body={"strategy":"-android uiautomator","selector":"new UiSelector().textContains(\"Definitely Not Here\"...
14:05:29.774355 POST /session/494ca10a-da1f-49fd-b84e-cf3aba07a2ce/element [7.996125ms] ERR:404 body={"strategy":"-android uiautomator","selector":"new UiSelector().descriptionContains(\"Definitely Not...
14:05:29.779600 POST /session/494ca10a-da1f-49fd-b84e-cf3aba07a2ce/element [5.197958ms] ERR:404 body={"strategy":"-android uiautomator","selector":"new UiSelector().textMatches(\"(?is).*\\QDefinitely N...
14:05:29.788439 POST /session/494ca10a-da1f-49fd-b84e-cf3aba07a2ce/element [8.783958ms] ERR:404 body={"strategy":"-android uiautomator","selector":"new UiSelector().descriptionMatches(\"(?is).*\\QDefin...
14:05:29.808335 POST /session/494ca10a-da1f-49fd-b84e-cf3aba07a2ce/element [19.77275ms] ERR:404 body={"strategy":"-android uiautomator","selector":"new UiSelector().textContains(\"Definitely Not Here\"...
14:05:29.832350 POST /session/494ca10a-da1f-49fd-b84e-cf3aba07a2ce/element [23.859458ms] ERR:404 body={"strategy":"-android uiautomator","selector":"new UiSelector().descriptionContains(\"Definitely Not...
14:05:29.841793 POST /session/494ca10a-da1f-49fd-b84e-cf3aba07a2ce/element [9.380875ms] ERR:404 body={"strategy":"-android uiautomator","selector":"new UiSelector().textMatches(\"(?is).*\\QDefinitely N...
14:05:29.861338 POST /session/494ca10a-da1f-49fd-b84e-cf3aba07a2ce/element [19.483916ms] ERR:404 body={"strategy":"-android uiautomator","selector":"new UiSelector().descriptionMatches(\"(?is).*\\QDefin...
14:05:29.875853 POST /session/494ca10a-da1f-49fd-b84e-cf3aba07a2ce/element [14.437625ms] ERR:404 body={"strategy":"-android uiautomator","selector":"new UiSelector().textContains(\"Definitely Not Here\"...
14:05:29.887265 POST /session/494ca10a-da1f-49fd-b84e-cf3aba07a2ce/element [11.335667ms] ERR:404 body={"strategy":"-android uiautomator","selector":"new UiSelector().descriptionContains(\"Definitely Not...
14:05:29.895879 POST /session/494ca10a-da1f-49fd-b84e-cf3aba07a2ce/element [8.540208ms] ERR:404 body={"strategy":"-android uiautomator","selector":"new UiSelector().textMatches(\"(?is).*\\QDefinitely N...
14:05:29.902988 POST /session/494ca10a-da1f-49fd-b84e-cf3aba07a2ce/element [7.036708ms] ERR:404 body={"strategy":"-android uiautomator","selector":"new UiSelector().descriptionMatches(\"(?is).*\\QDefin...
14:05:29.912487 POST /session/494ca10a-da1f-49fd-b84e-cf3aba07a2ce/element [9.418208ms] ERR:404 body={"strategy":"-android uiautomator","selector":"new UiSelector().textContains(\"Definitely Not Here\"...
14:05:29.920312 POST /session/494ca10a-da1f-49fd-b84e-cf3aba07a2ce/element [7.741084ms] ERR:404 body={"strategy":"-android uiautomator","selector":"new UiSelector().descriptionContains(\"Definitely Not...
14:05:29.928762 POST /session/494ca10a-da1f-49fd-b84e-cf3aba07a2ce/element [8.357292ms] ERR:404 body={"strategy":"-android uiautomator","selector":"new UiSelector().textMatches(\"(?is).*\\QDefinitely N...
14:05:29.940743 POST /session/494ca10a-da1f-49fd-b84e-cf3aba07a2ce/element [11.922375ms] ERR:404 body={"strategy":"-android uiautomator","selector":"new UiSelector().descriptionMatches(\"(?is).*\\QDefin...
14:05:29.948385 POST /session/494ca10a-da1f-49fd-b84e-cf3aba07a2ce/element [7.591667ms] ERR:404 body={"strategy":"-android uiautomator","selector":"new UiSelector().textContains(\"Definitely Not Here\"...
14:05:29.954619 POST /session/494ca10a-da1f-49fd-b84e-cf3aba07a2ce/element [6.158125ms] ERR:404 body={"strategy":"-android uiautomator","selector":"new UiSelector().descriptionContains(\"Definitely Not...
14:05:29.959761 POST /session/494ca10a-da1f-49fd-b84e-cf3aba07a2ce/element [5.101708ms] ERR:404 body={"strategy":"-android uiautomator","selector":"new UiSelector().textMatches(\"(?is).*\\QDefinitely N...
14:05:29.966516 POST /session/494ca10a-da1f-49fd-b84e-cf3aba07a2ce/element [6.716292ms] ERR:404 body={"strategy":"-android uiautomator","selector":"new UiSelector().descriptionMatches(\"(?is).*\\QDefin...
14:05:29.973501 POST /session/494ca10a-da1f-49fd-b84e-cf3aba07a2ce/element [6.9215ms] ERR:404 body={"strategy":"-android uiautomator","selector":"new UiSelector().textContains(\"Definitely Not Here\"...
14:05:29.978939 POST /session/494ca10a-da1f-49fd-b84e-cf3aba07a2ce/element [5.386333ms] ERR:404 body={"strategy":"-android uiautomator","selector":"new UiSelector().descriptionContains(\"Definitely Not...
14:05:29.987064 POST /session/494ca10a-da1f-49fd-b84e-cf3aba07a2ce/element [8.085459ms] ERR:404 body={"strategy":"-android uiautomator","selector":"new UiSelector().textMatches(\"(?is).*\\QDefinitely N...
14:05:29.995955 POST /session/494ca10a-da1f-49fd-b84e-cf3aba07a2ce/element [8.747583ms] ERR:404 body={"strategy":"-android uiautomator","selector":"new UiSelector().descriptionMatches(\"(?is).*\\QDefin...
14:05:30.003211 POST /session/494ca10a-da1f-49fd-b84e-cf3aba07a2ce/element [7.193458ms] ERR:404 body={"strategy":"-android uiautomator","selector":"new UiSelector().textContains(\"Definitely Not Here\"...
14:05:30.012361 POST /session/494ca10a-da1f-49fd-b84e-cf3aba07a2ce/element [9.091292ms] ERR:404 body={"strategy":"-android uiautomator","selector":"new UiSelector().descriptionContains(\"Definitely Not...
14:05:30.019920 POST /session/494ca10a-da1f-49fd-b84e-cf3aba07a2ce/element [7.506917ms] ERR:404 body={"strategy":"-android uiautomator","selector":"new UiSelector().textMatches(\"(?is).*\\QDefinitely N...
14:05:30.026635 POST /session/494ca10a-da1f-49fd-b84e-cf3aba07a2ce/element [6.662417ms] ERR:404 body={"strategy":"-android uiautomator","selector":"new UiSelector().descriptionMatches(\"(?is).*\\QDefin...
14:05:30.031625 POST /session/494ca10a-da1f-49fd-b84e-cf3aba07a2ce/element [4.942041ms] ERR:404 body={"strategy":"-android uiautomator","selector":"new UiSelector().textContains(\"Definitely Not Here\"...
14:05:30.037156 POST /session/494ca10a-da1f-49fd-b84e-cf3aba07a2ce/element [5.48675ms] ERR:404 body={"strategy":"-android uiautomator","selector":"new UiSelector().descriptionContains(\"Definitely Not...
14:05:30.043460 POST /session/494ca10a-da1f-49fd-b84e-cf3aba07a2ce/element [6.262084ms] ERR:404 body={"strategy":"-android uiautomator","selector":"new UiSelector().textMatches(\"(?is).*\\QDefinitely N...
14:05:30.048103 POST /session/494ca10a-da1f-49fd-b84e-cf3aba07a2ce/element [4.610167ms] ERR:404 body={"strategy":"-android uiautomator","selector":"new UiSelector().descriptionMatches(\"(?is).*\\QDefin...
14:05:30.054483 POST /session/494ca10a-da1f-49fd-b84e-cf3aba07a2ce/element [6.346875ms] ERR:404 body={"strategy":"-android uiautomator","selector":"new UiSelector().textContains(\"Definitely Not Here\"...
14:05:30.062901 POST /session/494ca10a-da1f-49fd-b84e-cf3aba07a2ce/element [8.36625ms] ERR:404 body={"strategy":"-android uiautomator","selector":"new UiSelector().descriptionContains(\"Definitely Not...
14:05:30.069316 POST /session/494ca10a-da1f-49fd-b84e-cf3aba07a2ce/element [6.354084ms] ERR:404 body={"strategy":"-android uiautomator","selector":"new UiSelector().textMatches(\"(?is).*\\QDefinitely N...
14:05:30.073913 POST /session/494ca10a-da1f-49fd-b84e-cf3aba07a2ce/element [4.549458ms] ERR:404 body={"strategy":"-android uiautomator","selector":"new UiSelector().descriptionMatches(\"(?is).*\\QDefin...
14:05:30.079716 POST /session/494ca10a-da1f-49fd-b84e-cf3aba07a2ce/element [5.773833ms] ERR:404 body={"strategy":"-android uiautomator","selector":"new UiSelector().textContains(\"Definitely Not Here\"...
14:05:30.087197 POST /session/494ca10a-da1f-49fd-b84e-cf3aba07a2ce/element [7.453792ms] ERR:404 body={"strategy":"-android uiautomator","selector":"new UiSelector().descriptionContains(\"Definitely Not...
14:05:30.092716 POST /session/494ca10a-da1f-49fd-b84e-cf3aba07a2ce/element [5.46025ms] ERR:404 body={"strategy":"-android uiautomator","selector":"new UiSelector().textMatches(\"(?is).*\\QDefinitely N...
14:05:30.102420 POST /session/494ca10a-da1f-49fd-b84e-cf3aba07a2ce/element [9.650875ms] ERR:404 body={"strategy":"-android uiautomator","selector":"new UiSelector().descriptionMatches(\"(?is).*\\QDefin...
14:05:30.110022 POST /session/494ca10a-da1f-49fd-b84e-cf3aba07a2ce/element [7.555042ms] ERR:404 body={"strategy":"-android uiautomator","selector":"new UiSelector().textContains(\"Definitely Not Here\"...
14:05:30.117504 POST /session/494ca10a-da1f-49fd-b84e-cf3aba07a2ce/element [7.431416ms] ERR:404 body={"strategy":"-android uiautomator","selector":"new UiSelector().descriptionContains(\"Definitely Not...
14:05:30.122628 POST /session/494ca10a-da1f-49fd-b84e-cf3aba07a2ce/element [5.071583ms] ERR:404 body={"strategy":"-android uiautomator","selector":"new UiSelector().textMatches(\"(?is).*\\QDefinitely N...
14:05:30.129134 POST /session/494ca10a-da1f-49fd-b84e-cf3aba07a2ce/element [6.456958ms] ERR:404 body={"strategy":"-android uiautomator","selector":"new UiSelector().descriptionMatches(\"(?is).*\\QDefin...
14:05:30.134986 POST /session/494ca10a-da1f-49fd-b84e-cf3aba07a2ce/element [5.796042ms] ERR:404 body={"strategy":"-android uiautomator","selector":"new UiSelector().textContains(\"Definitely Not Here\"...
14:05:30.141155 POST /session/494ca10a-da1f-49fd-b84e-cf3aba07a2ce/element [6.102708ms] ERR:404 body={"strategy":"-android uiautomator","selector":"new UiSelector().descriptionContains(\"Definitely Not...
14:05:30.148333 POST /session/494ca10a-da1f-49fd-b84e-cf3aba07a2ce/element [7.114083ms] ERR:404 body={"strategy":"-android uiautomator","selector":"new UiSelector().textMatches(\"(?is).*\\QDefinitely N...
14:05:30.159916 POST /session/494ca10a-da1f-49fd-b84e-cf3aba07a2ce/element [11.529458ms] ERR:404 body={"strategy":"-android uiautomator","selector":"new UiSelector().descriptionMatches(\"(?is).*\\QDefin...
14:05:30.165161 POST /session/494ca10a-da1f-49fd-b84e-cf3aba07a2ce/element [5.191875ms] ERR:404 body={"strategy":"-android uiautomator","selector":"new UiSelector().textContains(\"Definitely Not Here\"...
14:05:30.169315 POST /session/494ca10a-da1f-49fd-b84e-cf3aba07a2ce/element [4.107125ms] ERR:404 body={"strategy":"-android uiautomator","selector":"new UiSelector().descriptionContains(\"Definitely Not...
14:05:30.173740 POST /session/494ca10a-da1f-49fd-b84e-cf3aba07a2ce/element [4.3785ms] ERR:404 body={"strategy":"-android uiautomator","selector":"new UiSelector().textMatches(\"(?is).*\\QDefinitely N...
14:05:30.181228 POST /session/494ca10a-da1f-49fd-b84e-cf3aba07a2ce/element [7.438125ms] ERR:404 body={"strategy":"-android uiautomator","selector":"new UiSelector().descriptionMatches(\"(?is).*\\QDefin...
14:05:30.188958 POST /session/494ca10a-da1f-49fd-b84e-cf3aba07a2ce/element [7.667833ms] ERR:404 body={"strategy":"-android uiautomator","selector":"new UiSelector().textContains(\"Definitely Not Here\"...
14:05:30.194601 POST /session/494ca10a-da1f-49fd-b84e-cf3aba07a2ce/element [5.573875ms] ERR:404 body={"strategy":"-android uiautomator","selector":"new UiSelector().descriptionContains(\"Definitely Not...
14:05:30.203476 POST /session/494ca10a-da1f-49fd-b84e-cf3aba07a2ce/element [8.794125ms] ERR:404 body={"strategy":"-android uiautomator","selector":"new UiSelector().textMatches(\"(?is).*\\QDefinitely N...
14:05:30.211646 POST /session/494ca10a-da1f-49fd-b84e-cf3aba07a2ce/element [8.120875ms] ERR:404 body={"strategy":"-android uiautomator","selector":"new UiSelector().descriptionMatches(\"(?is).*\\QDefin...
14:05:30.216987 POST /session/494ca10a-da1f-49fd-b84e-cf3aba07a2ce/element [5.290875ms] ERR:404 body={"strategy":"-android uiautomator","selector":"new UiSelector().textContains(\"Definitely Not Here\"...
14:05:30.223802 POST /session/494ca10a-da1f-49fd-b84e-cf3aba07a2ce/element [6.729375ms] ERR:404 body={"strategy":"-android uiautomator","selector":"new UiSelector().descriptionContains(\"Definitely Not...
14:05:30.232487 POST /session/494ca10a-da1f-49fd-b84e-cf3aba07a2ce/element [8.623708ms] ERR:404 body={"strategy":"-android uiautomator","selector":"new UiSelector().textMatches(\"(?is).*\\QDefinitely N...
14:05:30.242288 POST /session/494ca10a-da1f-49fd-b84e-cf3aba07a2ce/element [9.735667ms] ERR:404 body={"strategy":"-android uiautomator","selector":"new UiSelector().descriptionMatches(\"(?is).*\\QDefin...
14:05:30.251470 POST /session/494ca10a-da1f-49fd-b84e-cf3aba07a2ce/element [9.114833ms] ERR:404 body={"strategy":"-android uiautomator","selector":"new UiSelector().textContains(\"Definitely Not Here\"...
14:05:30.258930 POST /session/494ca10a-da1f-49fd-b84e-cf3aba07a2ce/element [7.41075ms] ERR:404 body={"strategy":"-android uiautomator","selector":"new UiSelector().descriptionContains(\"Definitely Not...
14:05:30.265833 POST /session/494ca10a-da1f-49fd-b84e-cf3aba07a2ce/element [6.851917ms] ERR:404 body={"strategy":"-android uiautomator","selector":"new UiSelector().textMatches(\"(?is).*\\QDefinitely N...
14:05:30.270394 POST /session/494ca10a-da1f-49fd-b84e-cf3aba07a2ce/element [4.506ms] ERR:404 body={"strategy":"-android uiautomator","selector":"new UiSelector().descriptionMatches(\"(?is).*\\QDefin...
14:05:30.273967 POST /session/494ca10a-da1f-49fd-b84e-cf3aba07a2ce/element [3.541958ms] ERR:404 body={"strategy":"-android uiautomator","selector":"new UiSelector().textContains(\"Definitely Not Here\"...
14:05:30.280308 POST /session/494ca10a-da1f-49fd-b84e-cf3aba07a2ce/element [6.313416ms] ERR:404 body={"strategy":"-android uiautomator","selector":"new UiSelector().descriptionContains(\"Definitely Not...
14:05:30.286505 POST /session/494ca10a-da1f-49fd-b84e-cf3aba07a2ce/element [6.16475ms] ERR:404 body={"strategy":"-android uiautomator","selector":"new UiSelector().textMatches(\"(?is).*\\QDefinitely N...
14:05:30.292863 POST /session/494ca10a-da1f-49fd-b84e-cf3aba07a2ce/element [6.314333ms] ERR:404 body={"strategy":"-android uiautomator","selector":"new UiSelector().descriptionMatches(\"(?is).*\\QDefin...
14:05:30.300264 POST /session/494ca10a-da1f-49fd-b84e-cf3aba07a2ce/element [7.337375ms] ERR:404 body={"strategy":"-android uiautomator","selector":"new UiSelector().textContains(\"Definitely Not Here\"...
14:05:30.304893 POST /session/494ca10a-da1f-49fd-b84e-cf3aba07a2ce/element [4.576917ms] ERR:404 body={"strategy":"-android uiautomator","selector":"new UiSelector().descriptionContains(\"Definitely Not...
14:05:30.311636 POST /session/494ca10a-da1f-49fd-b84e-cf3aba07a2ce/element [6.693375ms] ERR:404 body={"strategy":"-android uiautomator","selector":"new UiSelector().textMatches(\"(?is).*\\QDefinitely N...
14:05:30.316268 POST /session/494ca10a-da1f-49fd-b84e-cf3aba07a2ce/element [4.580458ms] ERR:404 body={"strategy":"-android uiautomator","selector":"new UiSelector().descriptionMatches(\"(?is).*\\QDefin...
14:05:30.323206 POST /session/494ca10a-da1f-49fd-b84e-cf3aba07a2ce/element [6.8865ms] ERR:404 body={"strategy":"-android uiautomator","selector":"new UiSelector().textContains(\"Definitely Not Here\"...
14:05:30.328279 POST /session/494ca10a-da1f-49fd-b84e-cf3aba07a2ce/element [5.030833ms] ERR:404 body={"strategy":"-android uiautomator","selector":"new UiSelector().descriptionContains(\"Definitely Not...
14:05:30.332265 POST /session/494ca10a-da1f-49fd-b84e-cf3aba07a2ce/element [3.954959ms] ERR:404 body={"strategy":"-android uiautomator","selector":"new UiSelector().textMatches(\"(?is).*\\QDefinitely N...
14:05:30.339618 POST /session/494ca10a-da1f-49fd-b84e-cf3aba07a2ce/element [7.307417ms] ERR:404 body={"strategy":"-android uiautomator","selector":"new UiSelector().descriptionMatches(\"(?is).*\\QDefin...
14:05:30.347709 POST /session/494ca10a-da1f-49fd-b84e-cf3aba07a2ce/element [8.041666ms] ERR:404 body={"strategy":"-android uiautomator","selector":"new UiSelector().textContains(\"Definitely Not Here\"...
14:05:30.354676 POST /session/494ca10a-da1f-49fd-b84e-cf3aba07a2ce/element [6.921166ms] ERR:404 body={"strategy":"-android uiautomator","selector":"new UiSelector().descriptionContains(\"Definitely Not...
14:05:30.362466 POST /session/494ca10a-da1f-49fd-b84e-cf3aba07a2ce/element [7.737042ms] ERR:404 body={"strategy":"-android uiautomator","selector":"new UiSelector().textMatches(\"(?is).*\\QDefinitely N...
14:05:30.371233 POST /session/494ca10a-da1f-49fd-b84e-cf3aba07a2ce/element [8.723167ms] ERR:404 body={"strategy":"-android uiautomator","selector":"new UiSelector().descriptionMatches(\"(?is).*\\QDefin...
14:05:30.379310 POST /session/494ca10a-da1f-49fd-b84e-cf3aba07a2ce/element [8.021292ms] ERR:404 body={"strategy":"-android uiautomator","selector":"new UiSelector().textContains(\"Definitely Not Here\"...
14:05:30.385145 POST /session/494ca10a-da1f-49fd-b84e-cf3aba07a2ce/element [5.779875ms] ERR:404 body={"strategy":"-android uiautomator","selector":"new UiSelector().descriptionContains(\"Definitely Not...
14:05:30.400425 POST /session/494ca10a-da1f-49fd-b84e-cf3aba07a2ce/element [15.196667ms] ERR:404 body={"strategy":"-android uiautomator","selector":"new UiSelector().textMatches(\"(?is).*\\QDefinitely N...
14:05:30.415044 POST /session/494ca10a-da1f-49fd-b84e-cf3aba07a2ce/element [14.556958ms] ERR:404 body={"strategy":"-android uiautomator","selector":"new UiSelector().descriptionMatches(\"(?is).*\\QDefin...
14:05:30.426499 POST /session/494ca10a-da1f-49fd-b84e-cf3aba07a2ce/element [11.359166ms] ERR:404 body={"strategy":"-android uiautomator","selector":"new UiSelector().textContains(\"Definitely Not Here\"...
14:05:30.437005 POST /session/494ca10a-da1f-49fd-b84e-cf3aba07a2ce/element [10.450041ms] ERR:404 body={"strategy":"-android uiautomator","selector":"new UiSelector().descriptionContains(\"Definitely Not...
14:05:30.446898 POST /session/494ca10a-da1f-49fd-b84e-cf3aba07a2ce/element [9.831166ms] ERR:404 body={"strategy":"-android uiautomator","selector":"new UiSelector().textMatches(\"(?is).*\\QDefinitely N...
14:05:30.452308 POST /session/494ca10a-da1f-49fd-b84e-cf3aba07a2ce/element [5.358167ms] ERR:404 body={"strategy":"-android uiautomator","selector":"new UiSelector().descriptionMatches(\"(?is).*\\QDefin...
14:05:30.477214 POST /session/494ca10a-da1f-49fd-b84e-cf3aba07a2ce/element [24.849458ms] ERR:404 body={"strategy":"-android uiautomator","selector":"new UiSelector().textContains(\"Definitely Not Here\"...
14:05:30.489450 POST /session/494ca10a-da1f-49fd-b84e-cf3aba07a2ce/element [12.181917ms] ERR:404 body={"strategy":"-android uiautomator","selector":"new UiSelector().descriptionContains(\"Definitely Not...
14:05:30.497994 POST /session/494ca10a-da1f-49fd-b84e-cf3aba07a2ce/element [8.301083ms] ERR:404 body={"strategy":"-android uiautomator","selector":"new UiSelector().textMatches(\"(?is).*\\QDefinitely N...
14:05:30.507133 POST /session/494ca10a-da1f-49fd-b84e-cf3aba07a2ce/element [9.066375ms] ERR:404 body={"strategy":"-android uiautomator","selector":"new UiSelector().descriptionMatches(\"(?is).*\\QDefin...
14:05:30.513215 POST /session/494ca10a-da1f-49fd-b84e-cf3aba07a2ce/element [6.020125ms] ERR:404 body={"strategy":"-android uiautomator","selector":"new UiSelector().textContains(\"Definitely Not Here\"...
14:05:30.518063 POST /session/494ca10a-da1f-49fd-b84e-cf3aba07a2ce/element [4.797ms] ERR:404 body={"strategy":"-android uiautomator","selector":"new UiSelector().descriptionContains(\"Definitely Not...
14:05:30.522512 POST /session/494ca10a-da1f-49fd-b84e-cf3aba07a2ce/element [4.398834ms] ERR:404 body={"strategy":"-android uiautomator","selector":"new UiSelector().textMatches(\"(?is).*\\QDefinitely N...
14:05:30.527434 POST /session/494ca10a-da1f-49fd-b84e-cf3aba07a2ce/element [4.877708ms] ERR:404 body={"strategy":"-android uiautomator","selector":"new UiSelector().descriptionMatches(\"(?is).*\\QDefin...
14:05:30.534785 POST /session/494ca10a-da1f-49fd-b84e-cf3aba07a2ce/element [7.307584ms] ERR:404 body={"strategy":"-android uiautomator","selector":"new UiSelector().textContains(\"Definitely Not Here\"...
14:05:30.541759 POST /session/494ca10a-da1f-49fd-b84e-cf3aba07a2ce/element [6.900292ms] ERR:404 body={"strategy":"-android uiautomator","selector":"new UiSelector().descriptionContains(\"Definitely Not...
14:05:30.549601 POST /session/494ca10a-da1f-49fd-b84e-cf3aba07a2ce/element [7.788083ms] ERR:404 body={"strategy":"-android uiautomator","selector":"new UiSelector().textMatches(\"(?is).*\\QDefinitely N...
14:05:30.555129 POST /session/494ca10a-da1f-49fd-b84e-cf3aba07a2ce/element [5.47325ms] ERR:404 body={"strategy":"-android uiautomator","selector":"new UiSelector().descriptionMatches(\"(?is).*\\QDefin...
14:05:30.561287 POST /session/494ca10a-da1f-49fd-b84e-cf3aba07a2ce/element [6.110416ms] ERR:404 body={"strategy":"-android uiautomator","selector":"new UiSelector().textContains(\"Definitely Not Here\"...
14:05:30.570079 POST /session/494ca10a-da1f-49fd-b84e-cf3aba07a2ce/element [8.741041ms] ERR:404 body={"strategy":"-android uiautomator","selector":"new UiSelector().descriptionContains(\"Definitely Not...
14:05:30.577042 POST /session/494ca10a-da1f-49fd-b84e-cf3aba07a2ce/element [6.904333ms] ERR:404 body={"strategy":"-android uiautomator","selector":"new UiSelector().textMatches(\"(?is).*\\QDefinitely N...
14:05:30.584193 POST /session/494ca10a-da1f-49fd-b84e-cf3aba07a2ce/element [7.102375ms] ERR:404 body={"strategy":"-android uiautomator","selector":"new UiSelector().descriptionMatches(\"(?is).*\\QDefin...
14:05:30.589731 POST /session/494ca10a-da1f-49fd-b84e-cf3aba07a2ce/element [5.485208ms] ERR:404 body={"strategy":"-android uiautomator","selector":"new UiSelector().textContains(\"Definitely Not Here\"...
14:05:30.596183 POST /session/494ca10a-da1f-49fd-b84e-cf3aba07a2ce/element [6.4055ms] ERR:404 body={"strategy":"-android uiautomator","selector":"new UiSelector().descriptionContains(\"Definitely Not...
14:05:30.601335 POST /session/494ca10a-da1f-49fd-b84e-cf3aba07a2ce/element [5.113333ms] ERR:404 body={"strategy":"-android uiautomator","selector":"new UiSelector().textMatches(\"(?is).*\\QDefinitely N...
14:05:30.605685 POST /session/494ca10a-da1f-49fd-b84e-cf3aba07a2ce/element [4.316042ms] ERR:404 body={"strategy":"-android uiautomator","selector":"new UiSelector().descriptionMatches(\"(?is).*\\QDefin...
14:05:30.612899 POST /session/494ca10a-da1f-49fd-b84e-cf3aba07a2ce/element [7.176917ms] ERR:404 body={"strategy":"-android uiautomator","selector":"new UiSelector().textContains(\"Definitely Not Here\"...
14:05:30.619046 POST /session/494ca10a-da1f-49fd-b84e-cf3aba07a2ce/element [6.094333ms] ERR:404 body={"strategy":"-android uiautomator","selector":"new UiSelector().descriptionContains(\"Definitely Not...
14:05:30.625833 POST /session/494ca10a-da1f-49fd-b84e-cf3aba07a2ce/element [6.734333ms] ERR:404 body={"strategy":"-android uiautomator","selector":"new UiSelector().textMatches(\"(?is).*\\QDefinitely N...
14:05:30.629911 POST /session/494ca10a-da1f-49fd-b84e-cf3aba07a2ce/element [4.0295ms] ERR:404 body={"strategy":"-android uiautomator","selector":"new UiSelector().descriptionMatches(\"(?is).*\\QDefin...
14:05:30.634749 POST /session/494ca10a-da1f-49fd-b84e-cf3aba07a2ce/element [4.789375ms] ERR:404 body={"strategy":"-android uiautomator","selector":"new UiSelector().textContains(\"Definitely Not Here\"...
14:05:30.640005 POST /session/494ca10a-da1f-49fd-b84e-cf3aba07a2ce/element [5.210791ms] ERR:404 body={"strategy":"-android uiautomator","selector":"new UiSelector().descriptionContains(\"Definitely Not...
14:05:30.645650 POST /session/494ca10a-da1f-49fd-b84e-cf3aba07a2ce/element [5.598208ms] ERR:404 body={"strategy":"-android uiautomator","selector":"new UiSelector().textMatches(\"(?is).*\\QDefinitely N...
14:05:30.652560 POST /session/494ca10a-da1f-49fd-b84e-cf3aba07a2ce/element [6.864208ms] ERR:404 body={"strategy":"-android uiautomator","selector":"new UiSelector().descriptionMatches(\"(?is).*\\QDefin...
14:05:30.660463 POST /session/494ca10a-da1f-49fd-b84e-cf3aba07a2ce/element [7.834208ms] ERR:404 body={"strategy":"-android uiautomator","selector":"new UiSelector().textContains(\"Definitely Not Here\"...
14:05:30.667963 POST /session/494ca10a-da1f-49fd-b84e-cf3aba07a2ce/element [7.435208ms] ERR:404 body={"strategy":"-android uiautomator","selector":"new UiSelector().descriptionContains(\"Definitely Not...
14:05:30.675300 POST /session/494ca10a-da1f-49fd-b84e-cf3aba07a2ce/element [7.2735ms] ERR:404 body={"strategy":"-android uiautomator","selector":"new UiSelector().textMatches(\"(?is).*\\QDefinitely N...
14:05:30.680039 POST /session/494ca10a-da1f-49fd-b84e-cf3aba07a2ce/element [4.691709ms] ERR:404 body={"strategy":"-android uiautomator","selector":"new UiSelector().descriptionMatches(\"(?is).*\\QDefin...
14:05:30.686535 POST /session/494ca10a-da1f-49fd-b84e-cf3aba07a2ce/element [6.444583ms] ERR:404 body={"strategy":"-android uiautomator","selector":"new UiSelector().textContains(\"Definitely Not Here\"...
14:05:30.693634 POST /session/494ca10a-da1f-49fd-b84e-cf3aba07a2ce/element [7.045709ms] ERR:404 body={"strategy":"-android uiautomator","selector":"new UiSelector().descriptionContains(\"Definitely Not...
14:05:30.697819 POST /session/494ca10a-da1f-49fd-b84e-cf3aba07a2ce/element [4.124041ms] ERR:404 body={"strategy":"-android uiautomator","selector":"new UiSelector().textMatches(\"(?is).*\\QDefinitely N...
14:05:30.705334 POST /session/494ca10a-da1f-49fd-b84e-cf3aba07a2ce/element [7.468667ms] ERR:404 body={"strategy":"-android uiautomator","selector":"new UiSelector().descriptionMatches(\"(?is).*\\QDefin...
14:05:30.710150 POST /session/494ca10a-da1f-49fd-b84e-cf3aba07a2ce/element [4.761084ms] ERR:404 body={"strategy":"-android uiautomator","selector":"new UiSelector().textContains(\"Definitely Not Here\"...
14:05:30.716300 POST /session/494ca10a-da1f-49fd-b84e-cf3aba07a2ce/element [6.112417ms] ERR:404 body={"strategy":"-android uiautomator","selector":"new UiSelector().descriptionContains(\"Definitely Not...
14:05:30.724731 POST /session/494ca10a-da1f-49fd-b84e-cf3aba07a2ce/element [8.391916ms] ERR:404 body={"strategy":"-android uiautomator","selector":"new UiSelector().textMatches(\"(?is).*\\QDefinitely N...
14:05:30.730757 POST /session/494ca10a-da1f-49fd-b84e-cf3aba07a2ce/element [5.961625ms] ERR:404 body={"strategy":"-android uiautomator","selector":"new UiSelector().descriptionMatches(\"(?is).*\\QDefin...
14:05:30.734704 POST /session/494ca10a-da1f-49fd-b84e-cf3aba07a2ce/element [3.896542ms] ERR:404 body={"strategy":"-android uiautomator","selector":"new UiSelector().textContains(\"Definitely Not Here\"...
14:05:30.738420 POST /session/494ca10a-da1f-49fd-b84e-cf3aba07a2ce/element [3.678667ms] ERR:404 body={"strategy":"-android uiautomator","selector":"new UiSelector().descriptionContains(\"Definitely Not...
14:05:30.743373 POST /session/494ca10a-da1f-49fd-b84e-cf3aba07a2ce/element [4.91325ms] ERR:404 body={"strategy":"-android uiautomator","selector":"new UiSelector().textMatches(\"(?is).*\\QDefinitely N...
14:05:30.750241 POST /session/494ca10a-da1f-49fd-b84e-cf3aba07a2ce/element [6.826709ms] ERR:404 body={"strategy":"-android uiautomator","selector":"new UiSelector().descriptionMatches(\"(?is).*\\QDefin...
14:05:30.756432 POST /session/494ca10a-da1f-49fd-b84e-cf3aba07a2ce/element [6.148584ms] ERR:404 body={"strategy":"-android uiautomator","selector":"new UiSelector().textContains(\"Definitely Not Here\"...
14:05:30.762991 POST /session/494ca10a-da1f-49fd-b84e-cf3aba07a2ce/element [6.520459ms] ERR:404 body={"strategy":"-android uiautomator","selector":"new UiSelector().descriptionContains(\"Definitely Not...
14:05:30.770826 POST /session/494ca10a-da1f-49fd-b84e-cf3aba07a2ce/element [7.775708ms] ERR:404 body={"strategy":"-android uiautomator","selector":"new UiSelector().textMatches(\"(?is).*\\QDefinitely N...
14:05:30.775081 POST /session/494ca10a-da1f-49fd-b84e-cf3aba07a2ce/element [4.209041ms] ERR:404 body={"strategy":"-android uiautomator","selector":"new UiSelector().descriptionMatches(\"(?is).*\\QDefin...
14:05:30.782060 POST /session/494ca10a-da1f-49fd-b84e-cf3aba07a2ce/element [6.945084ms] ERR:404 body={"strategy":"-android uiautomator","selector":"new UiSelector().textContains(\"Definitely Not Here\"...
14:05:30.789253 POST /session/494ca10a-da1f-49fd-b84e-cf3aba07a2ce/element [7.155709ms] ERR:404 body={"strategy":"-android uiautomator","selector":"new UiSelector().descriptionContains(\"Definitely Not...
14:05:30.796571 POST /session/494ca10a-da1f-49fd-b84e-cf3aba07a2ce/element [7.23725ms] ERR:404 body={"strategy":"-android uiautomator","selector":"new UiSelector().textMatches(\"(?is).*\\QDefinitely N...
14:05:30.803659 POST /session/494ca10a-da1f-49fd-b84e-cf3aba07a2ce/element [7.052917ms] ERR:404 body={"strategy":"-android uiautomator","selector":"new UiSelector().descriptionMatches(\"(?is).*\\QDefin...
14:05:30.810355 POST /session/494ca10a-da1f-49fd-b84e-cf3aba07a2ce/element [6.651708ms] ERR:404 body={"strategy":"-android uiautomator","selector":"new UiSelector().textContains(\"Definitely Not Here\"...
14:05:30.817025 POST /session/494ca10a-da1f-49fd-b84e-cf3aba07a2ce/element [6.627084ms] ERR:404 body={"strategy":"-android uiautomator","selector":"new UiSelector().descriptionContains(\"Definitely Not...
14:05:30.822931 POST /session/494ca10a-da1f-49fd-b84e-cf3aba07a2ce/element [5.851666ms] ERR:404 body={"strategy":"-android uiautomator","selector":"new UiSelector().textMatches(\"(?is).*\\QDefinitely N...
14:05:30.829804 POST /session/494ca10a-da1f-49fd-b84e-cf3aba07a2ce/element [6.818292ms] ERR:404 body={"strategy":"-android uiautomator","selector":"new UiSelector().descriptionMatches(\"(?is).*\\QDefin...
14:05:30.838098 POST /session/494ca10a-da1f-49fd-b84e-cf3aba07a2ce/element [8.244208ms] ERR:404 body={"strategy":"-android uiautomator","selector":"new UiSelector().textContains(\"Definitely Not Here\"...
14:05:30.845042 POST /session/494ca10a-da1f-49fd-b84e-cf3aba07a2ce/element [6.889ms] ERR:404 body={"strategy":"-android uiautomator","selector":"new UiSelector().descriptionContains(\"Definitely Not...
14:05:30.849735 POST /session/494ca10a-da1f-49fd-b84e-cf3aba07a2ce/element [4.621709ms] ERR:404 body={"strategy":"-android uiautomator","selector":"new UiSelector().textMatches(\"(?is).*\\QDefinitely N...
14:05:30.857051 POST /session/494ca10a-da1f-49fd-b84e-cf3aba07a2ce/element [7.274583ms] ERR:404 body={"strategy":"-android uiautomator","selector":"new UiSelector().descriptionMatches(\"(?is).*\\QDefin...
14:05:30.863212 POST /session/494ca10a-da1f-49fd-b84e-cf3aba07a2ce/element [6.110417ms] ERR:404 body={"strategy":"-android uiautomator","selector":"new UiSelector().textContains(\"Definitely Not Here\"...
14:05:30.871718 POST /session/494ca10a-da1f-49fd-b84e-cf3aba07a2ce/element [8.452583ms] ERR:404 body={"strategy":"-android uiautomator","selector":"new UiSelector().descriptionContains(\"Definitely Not...
14:05:30.880733 POST /session/494ca10a-da1f-49fd-b84e-cf3aba07a2ce/element [8.938584ms] ERR:404 body={"strategy":"-android uiautomator","selector":"new UiSelector().textMatches(\"(?is).*\\QDefinitely N...
14:05:30.887918 POST /session/494ca10a-da1f-49fd-b84e-cf3aba07a2ce/element [7.124917ms] ERR:404 body={"strategy":"-android uiautomator","selector":"new UiSelector().descriptionMatches(\"(?is).*\\QDefin...
14:05:30.896274 POST /session/494ca10a-da1f-49fd-b84e-cf3aba07a2ce/element [8.300333ms] ERR:404 body={"strategy":"-android uiautomator","selector":"new UiSelector().textContains(\"Definitely Not Here\"...
14:05:30.904412 POST /session/494ca10a-da1f-49fd-b84e-cf3aba07a2ce/element [8.082708ms] ERR:404 body={"strategy":"-android uiautomator","selector":"new UiSelector().descriptionContains(\"Definitely Not...
14:05:30.910113 POST /session/494ca10a-da1f-49fd-b84e-cf3aba07a2ce/element [5.651875ms] ERR:404 body={"strategy":"-android uiautomator","selector":"new UiSelector().textMatches(\"(?is).*\\QDefinitely N...
14:05:30.920329 POST /session/494ca10a-da1f-49fd-b84e-cf3aba07a2ce/element [10.173208ms] ERR:404 body={"strategy":"-android uiautomator","selector":"new UiSelector().descriptionMatches(\"(?is).*\\QDefin...
14:05:30.926959 POST /session/494ca10a-da1f-49fd-b84e-cf3aba07a2ce/element [6.57825ms] ERR:404 body={"strategy":"-android uiautomator","selector":"new UiSelector().textContains(\"Definitely Not Here\"...
14:05:30.932105 POST /session/494ca10a-da1f-49fd-b84e-cf3aba07a2ce/element [5.081084ms] ERR:404 body={"strategy":"-android uiautomator","selector":"new UiSelector().descriptionContains(\"Definitely Not...
14:05:30.937018 POST /session/494ca10a-da1f-49fd-b84e-cf3aba07a2ce/element [4.861ms] ERR:404 body={"strategy":"-android uiautomator","selector":"new UiSelector().textMatches(\"(?is).*\\QDefinitely N...
14:05:30.943525 POST /session/494ca10a-da1f-49fd-b84e-cf3aba07a2ce/element [6.466167ms] ERR:404 body={"strategy":"-android uiautomator","selector":"new UiSelector().descriptionMatches(\"(?is).*\\QDefin...
14:05:30.950863 POST /session/494ca10a-da1f-49fd-b84e-cf3aba07a2ce/element [7.303125ms] ERR:404 body={"strategy":"-android uiautomator","selector":"new UiSelector().textContains(\"Definitely Not Here\"...
14:05:30.958288 POST /session/494ca10a-da1f-49fd-b84e-cf3aba07a2ce/element [7.374333ms] ERR:404 body={"strategy":"-android uiautomator","selector":"new UiSelector().descriptionContains(\"Definitely Not...
14:05:30.963621 POST /session/494ca10a-da1f-49fd-b84e-cf3aba07a2ce/element [5.29275ms] ERR:404 body={"strategy":"-android uiautomator","selector":"new UiSelector().textMatches(\"(?is).*\\QDefinitely N...
14:05:30.971305 POST /session/494ca10a-da1f-49fd-b84e-cf3aba07a2ce/element [7.626417ms] ERR:404 body={"strategy":"-android uiautomator","selector":"new UiSelector().descriptionMatches(\"(?is).*\\QDefin...
14:05:30.981549 POST /session/494ca10a-da1f-49fd-b84e-cf3aba07a2ce/element [10.192334ms] ERR:404 body={"strategy":"-android uiautomator","selector":"new UiSelector().textContains(\"Definitely Not Here\"...
14:05:30.988240 POST /session/494ca10a-da1f-49fd-b84e-cf3aba07a2ce/element [6.632625ms] ERR:404 body={"strategy":"-android uiautomator","selector":"new UiSelector().descriptionContains(\"Definitely Not...
14:05:30.994855 POST /session/494ca10a-da1f-49fd-b84e-cf3aba07a2ce/element [6.561708ms] ERR:404 body={"strategy":"-android uiautomator","selector":"new UiSelector().textMatches(\"(?is).*\\QDefinitely N...
14:05:31.003099 POST /session/494ca10a-da1f-49fd-b84e-cf3aba07a2ce/element [8.202042ms] ERR:404 body={"strategy":"-android uiautomator","selector":"new UiSelector().descriptionMatches(\"(?is).*\\QDefin...
14:05:31.011160 POST /session/494ca10a-da1f-49fd-b84e-cf3aba07a2ce/element [8.017125ms] ERR:404 body={"strategy":"-android uiautomator","selector":"new UiSelector().textContains(\"Definitely Not Here\"...
14:05:31.014986 POST /session/494ca10a-da1f-49fd-b84e-cf3aba07a2ce/element [3.767875ms] ERR:404 body={"strategy":"-android uiautomator","selector":"new UiSelector().descriptionContains(\"Definitely Not...
14:05:31.021975 POST /session/494ca10a-da1f-49fd-b84e-cf3aba07a2ce/element [6.955625ms] ERR:404 body={"strategy":"-android uiautomator","selector":"new UiSelector().textMatches(\"(?is).*\\QDefinitely N...
14:05:31.028778 POST /session/494ca10a-da1f-49fd-b84e-cf3aba07a2ce/element [6.748916ms] ERR:404 body={"strategy":"-android uiautomator","selector":"new UiSelector().descriptionMatches(\"(?is).*\\QDefin...
14:05:31.035744 POST /session/494ca10a-da1f-49fd-b84e-cf3aba07a2ce/element [6.924292ms] ERR:404 body={"strategy":"-android uiautomator","selector":"new UiSelector().textContains(\"Definitely Not Here\"...
14:05:31.045119 POST /session/494ca10a-da1f-49fd-b84e-cf3aba07a2ce/element [9.33875ms] ERR:404 body={"strategy":"-android uiautomator","selector":"new UiSelector().descriptionContains(\"Definitely Not...
14:05:31.053819 POST /session/494ca10a-da1f-49fd-b84e-cf3aba07a2ce/element [8.652ms] ERR:404 body={"strategy":"-android uiautomator","selector":"new UiSelector().textMatches(\"(?is).*\\QDefinitely N...
14:05:31.058963 POST /session/494ca10a-da1f-49fd-b84e-cf3aba07a2ce/element [5.095375ms] ERR:404 body={"strategy":"-android uiautomator","selector":"new UiSelector().descriptionMatches(\"(?is).*\\QDefin...
14:05:31.067158 POST /session/494ca10a-da1f-49fd-b84e-cf3aba07a2ce/element [8.156458ms] ERR:404 body={"strategy":"-android uiautomator","selector":"new UiSelector().textContains(\"Definitely Not Here\"...
14:05:31.074992 POST /session/494ca10a-da1f-49fd-b84e-cf3aba07a2ce/element [7.797541ms] ERR:404 body={"strategy":"-android uiautomator","selector":"new UiSelector().descriptionContains(\"Definitely Not...
14:05:31.082667 POST /session/494ca10a-da1f-49fd-b84e-cf3aba07a2ce/element [7.645ms] ERR:404 body={"strategy":"-android uiautomator","selector":"new UiSelector().textMatches(\"(?is).*\\QDefinitely N...
14:05:31.090587 POST /session/494ca10a-da1f-49fd-b84e-cf3aba07a2ce/element [7.869459ms] ERR:404 body={"strategy":"-android uiautomator","selector":"new UiSelector().descriptionMatches(\"(?is).*\\QDefin...
14:05:31.094458 POST /session/494ca10a-da1f-49fd-b84e-cf3aba07a2ce/element [3.832541ms] ERR:404 body={"strategy":"-android uiautomator","selector":"new UiSelector().textContains(\"Definitely Not Here\"...
14:05:31.098890 POST /session/494ca10a-da1f-49fd-b84e-cf3aba07a2ce/element [4.403292ms] ERR:404 body={"strategy":"-android uiautomator","selector":"new UiSelector().descriptionContains(\"Definitely Not...
14:05:31.105582 POST /session/494ca10a-da1f-49fd-b84e-cf3aba07a2ce/element [6.662833ms] ERR:404 body={"strategy":"-android uiautomator","selector":"new UiSelector().textMatches(\"(?is).*\\QDefinitely N...
14:05:31.113356 POST /session/494ca10a-da1f-49fd-b84e-cf3aba07a2ce/element [7.736ms] ERR:404 body={"strategy":"-android uiautomator","selector":"new UiSelector().descriptionMatches(\"(?is).*\\QDefin...
14:05:31.118343 POST /session/494ca10a-da1f-49fd-b84e-cf3aba07a2ce/element [4.943083ms] ERR:404 body={"strategy":"-android uiautomator","selector":"new UiSelector().textContains(\"Definitely Not Here\"...
14:05:31.122692 POST /session/494ca10a-da1f-49fd-b84e-cf3aba07a2ce/element [4.314125ms] ERR:404 body={"strategy":"-android uiautomator","selector":"new UiSelector().descriptionContains(\"Definitely Not...
14:05:31.129721 POST /session/494ca10a-da1f-49fd-b84e-cf3aba07a2ce/element [6.996084ms] ERR:404 body={"strategy":"-android uiautomator","selector":"new UiSelector().textMatches(\"(?is).*\\QDefinitely N...
14:05:31.137351 POST /session/494ca10a-da1f-49fd-b84e-cf3aba07a2ce/element [7.589209ms] ERR:404 body={"strategy":"-android uiautomator","selector":"new UiSelector().descriptionMatches(\"(?is).*\\QDefin...
14:05:31.144500 POST /session/494ca10a-da1f-49fd-b84e-cf3aba07a2ce/element [7.110375ms] ERR:404 body={"strategy":"-android uiautomator","selector":"new UiSelector().textContains(\"Definitely Not Here\"...
14:05:31.151530 POST /session/494ca10a-da1f-49fd-b84e-cf3aba07a2ce/element [6.988625ms] ERR:404 body={"strategy":"-android uiautomator","selector":"new UiSelector().descriptionContains(\"Definitely Not...
14:05:31.159238 POST /session/494ca10a-da1f-49fd-b84e-cf3aba07a2ce/element [7.670625ms] ERR:404 body={"strategy":"-android uiautomator","selector":"new UiSelector().textMatches(\"(?is).*\\QDefinitely N...
14:05:31.170283 POST /session/494ca10a-da1f-49fd-b84e-cf3aba07a2ce/element [11.002292ms] ERR:404 body={"strategy":"-android uiautomator","selector":"new UiSelector().descriptionMatches(\"(?is).*\\QDefin...
14:05:31.175858 POST /session/494ca10a-da1f-49fd-b84e-cf3aba07a2ce/element [5.486958ms] ERR:404 body={"strategy":"-android uiautomator","selector":"new UiSelector().textContains(\"Definitely Not Here\"...
14:05:31.186108 POST /session/494ca10a-da1f-49fd-b84e-cf3aba07a2ce/element [10.061916ms] ERR:404 body={"strategy":"-android uiautomator","selector":"new UiSelector().descriptionContains(\"Definitely Not...
14:05:31.194184 POST /session/494ca10a-da1f-49fd-b84e-cf3aba07a2ce/element [8.0035ms] ERR:404 body={"strategy":"-android uiautomator","selector":"new UiSelector().textMatches(\"(?is).*\\QDefinitely N...
14:05:31.200527 POST /session/494ca10a-da1f-49fd-b84e-cf3aba07a2ce/element [6.25675ms] ERR:404 body={"strategy":"-android uiautomator","selector":"new UiSelector().descriptionMatches(\"(?is).*\\QDefin...
14:05:31.211198 POST /session/494ca10a-da1f-49fd-b84e-cf3aba07a2ce/element [10.603375ms] ERR:404 body={"strategy":"-android uiautomator","selector":"new UiSelector().textContains(\"Definitely Not Here\"...
14:05:31.217415 POST /session/494ca10a-da1f-49fd-b84e-cf3aba07a2ce/element [6.162458ms] ERR:404 body={"strategy":"-android uiautomator","selector":"new UiSelector().descriptionContains(\"Definitely Not...
14:05:31.228472 POST /session/494ca10a-da1f-49fd-b84e-cf3aba07a2ce/element [11.004833ms] ERR:404 body={"strategy":"-android uiautomator","selector":"new UiSelector().textMatches(\"(?is).*\\QDefinitely N...
14:05:31.235629 POST /session/494ca10a-da1f-49fd-b84e-cf3aba07a2ce/element [7.086041ms] ERR:404 body={"strategy":"-android uiautomator","selector":"new UiSelector().descriptionMatches(\"(?is).*\\QDefin...
14:05:31.244183 POST /session/494ca10a-da1f-49fd-b84e-cf3aba07a2ce/element [8.500208ms] ERR:404 body={"strategy":"-android uiautomator","selector":"new UiSelector().textContains(\"Definitely Not Here\"...
14:05:31.252136 POST /session/494ca10a-da1f-49fd-b84e-cf3aba07a2ce/element [7.905459ms] ERR:404 body={"strategy":"-android uiautomator","selector":"new UiSelector().descriptionContains(\"Definitely Not...
14:05:31.259525 POST /session/494ca10a-da1f-49fd-b84e-cf3aba07a2ce/element [7.32575ms] ERR:404 body={"strategy":"-android uiautomator","selector":"new UiSelector().textMatches(\"(?is).*\\QDefinitely N...
14:05:31.264251 POST /session/494ca10a-da1f-49fd-b84e-cf3aba07a2ce/element [4.675583ms] ERR:404 body={"strategy":"-android uiautomator","selector":"new UiSelector().descriptionMatches(\"(?is).*\\QDefin...
14:05:31.270953 POST /session/494ca10a-da1f-49fd-b84e-cf3aba07a2ce/element [6.654208ms] ERR:404 body={"strategy":"-android uiautomator","selector":"new UiSelector().textContains(\"Definitely Not Here\"...
14:05:31.275832 POST /session/494ca10a-da1f-49fd-b84e-cf3aba07a2ce/element [4.821458ms] ERR:404 body={"strategy":"-android uiautomator","selector":"new UiSelector().descriptionContains(\"Definitely Not...
14:05:31.286369 POST /session/494ca10a-da1f-49fd-b84e-cf3aba07a2ce/element [10.490375ms] ERR:404 body={"strategy":"-android uiautomator","selector":"new UiSelector().textMatches(\"(?is).*\\QDefinitely N...
14:05:31.292274 POST /session/494ca10a-da1f-49fd-b84e-cf3aba07a2ce/element [5.854417ms] ERR:404 body={"strategy":"-android uiautomator","selector":"new UiSelector().descriptionMatches(\"(?is).*\\QDefin...
14:05:31.297267 POST /session/494ca10a-da1f-49fd-b84e-cf3aba07a2ce/element [4.921833ms] ERR:404 body={"strategy":"-android uiautomator","selector":"new UiSelector().textContains(\"Definitely Not Here\"...
14:05:31.302935 POST /session/494ca10a-da1f-49fd-b84e-cf3aba07a2ce/element [5.617417ms] ERR:404 body={"strategy":"-android uiautomator","selector":"new UiSelector().descriptionContains(\"Definitely Not...
14:05:31.311220 POST /session/494ca10a-da1f-49fd-b84e-cf3aba07a2ce/element [8.185584ms] ERR:404 body={"strategy":"-android uiautomator","selector":"new UiSelector().textMatches(\"(?is).*\\QDefinitely N...
14:05:31.315878 POST /session/494ca10a-da1f-49fd-b84e-cf3aba07a2ce/element [4.586625ms] ERR:404 body={"strategy":"-android uiautomator","selector":"new UiSelector().descriptionMatches(\"(?is).*\\QDefin...
14:05:31.324397 POST /session/494ca10a-da1f-49fd-b84e-cf3aba07a2ce/element [8.449542ms] ERR:404 body={"strategy":"-android uiautomator","selector":"new UiSelector().textContains(\"Definitely Not Here\"...
14:05:31.332480 POST /session/494ca10a-da1f-49fd-b84e-cf3aba07a2ce/element [8.011041ms] ERR:404 body={"strategy":"-android uiautomator","selector":"new UiSelector().descriptionContains(\"Definitely Not...
14:05:31.341345 POST /session/494ca10a-da1f-49fd-b84e-cf3aba07a2ce/element [8.796792ms] ERR:404 body={"strategy":"-android uiautomator","selector":"new UiSelector().textMatches(\"(?is).*\\QDefinitely N...
14:05:31.352651 POST /session/494ca10a-da1f-49fd-b84e-cf3aba07a2ce/element [11.2255ms] ERR:404 body={"strategy":"-android uiautomator","selector":"new UiSelector().descriptionMatches(\"(?is).*\\QDefin...
14:05:31.362547 POST /session/494ca10a-da1f-49fd-b84e-cf3aba07a2ce/element [9.820875ms] ERR:404 body={"strategy":"-android uiautomator","selector":"new UiSelector().textContains(\"Definitely Not Here\"...
14:05:31.370281 POST /session/494ca10a-da1f-49fd-b84e-cf3aba07a2ce/element [7.674208ms] ERR:404 body={"strategy":"-android uiautomator","selector":"new UiSelector().descriptionContains(\"Definitely Not...
14:05:31.379539 POST /session/494ca10a-da1f-49fd-b84e-cf3aba07a2ce/element [9.1815ms] ERR:404 body={"strategy":"-android uiautomator","selector":"new UiSelector().textMatches(\"(?is).*\\QDefinitely N...
14:05:31.389261 POST /session/494ca10a-da1f-49fd-b84e-cf3aba07a2ce/element [9.65675ms] ERR:404 body={"strategy":"-android uiautomator","selector":"new UiSelector().descriptionMatches(\"(?is).*\\QDefin...
14:05:31.398831 POST /session/494ca10a-da1f-49fd-b84e-cf3aba07a2ce/element [9.507ms] ERR:404 body={"strategy":"-android uiautomator","selector":"new UiSelector().textContains(\"Definitely Not Here\"...
14:05:31.406383 POST /session/494ca10a-da1f-49fd-b84e-cf3aba07a2ce/element [7.491041ms] ERR:404 body={"strategy":"-android uiautomator","selector":"new UiSelector().descriptionContains(\"Definitely Not...
14:05:31.414873 POST /session/494ca10a-da1f-49fd-b84e-cf3aba07a2ce/element [8.429792ms] ERR:404 body={"strategy":"-android uiautomator","selector":"new UiSelector().textMatches(\"(?is).*\\QDefinitely N...
14:05:31.420978 POST /session/494ca10a-da1f-49fd-b84e-cf3aba07a2ce/element [6.058125ms] ERR:404 body={"strategy":"-android uiautomator","selector":"new UiSelector().descriptionMatches(\"(?is).*\\QDefin...
14:05:31.426668 POST /session/494ca10a-da1f-49fd-b84e-cf3aba07a2ce/element [5.648167ms] ERR:404 body={"strategy":"-android uiautomator","selector":"new UiSelector().textContains(\"Definitely Not Here\"...
14:05:31.433701 POST /session/494ca10a-da1f-49fd-b84e-cf3aba07a2ce/element [6.998125ms] ERR:404 body={"strategy":"-android uiautomator","selector":"new UiSelector().descriptionContains(\"Definitely Not...
14:05:31.437785 POST /session/494ca10a-da1f-49fd-b84e-cf3aba07a2ce/element [4.046917ms] ERR:404 body={"strategy":"-android uiautomator","selector":"new UiSelector().textMatches(\"(?is).*\\QDefinitely N...
14:05:31.444001 POST /session/494ca10a-da1f-49fd-b84e-cf3aba07a2ce/element [6.180583ms] ERR:404 body={"strategy":"-android uiautomator","selector":"new UiSelector().descriptionMatches(\"(?is).*\\QDefin...
14:05:31.450176 POST /session/494ca10a-da1f-49fd-b84e-cf3aba07a2ce/element [6.133792ms] ERR:404 body={"strategy":"-android uiautomator","selector":"new UiSelector().textContains(\"Definitely Not Here\"...
14:05:31.456256 POST /session/494ca10a-da1f-49fd-b84e-cf3aba07a2ce/element [6.043417ms] ERR:404 body={"strategy":"-android uiautomator","selector":"new UiSelector().descriptionContains(\"Definitely Not...
14:05:31.463757 POST /session/494ca10a-da1f-49fd-b84e-cf3aba07a2ce/element [7.469958ms] ERR:404 body={"strategy":"-android uiautomator","selector":"new UiSelector().textMatches(\"(?is).*\\QDefinitely N...
14:05:31.469415 POST /session/494ca10a-da1f-49fd-b84e-cf3aba07a2ce/element [5.616541ms] ERR:404 body={"strategy":"-android uiautomator","selector":"new UiSelector().descriptionMatches(\"(?is).*\\QDefin...
14:05:31.474803 POST /session/494ca10a-da1f-49fd-b84e-cf3aba07a2ce/element [5.343625ms] ERR:404 body={"strategy":"-android uiautomator","selector":"new UiSelector().textContains(\"Definitely Not Here\"...
14:05:31.480288 POST /session/494ca10a-da1f-49fd-b84e-cf3aba07a2ce/element [4.1295ms] ERR:404 body={"strategy":"-android uiautomator","selector":"new UiSelector().descriptionContains(\"Definitely Not...
14:05:31.495192 POST /session/494ca10a-da1f-49fd-b84e-cf3aba07a2ce/element [14.852834ms] ERR:404 body={"strategy":"-android uiautomator","selector":"new UiSelector().textMatches(\"(?is).*\\QDefinitely N...
14:05:31.506199 POST /session/494ca10a-da1f-49fd-b84e-cf3aba07a2ce/element [10.955417ms] ERR:404 body={"strategy":"-android uiautomator","selector":"new UiSelector().descriptionMatches(\"(?is).*\\QDefin...
14:05:31.516108 POST /session/494ca10a-da1f-49fd-b84e-cf3aba07a2ce/element [9.844917ms] ERR:404 body={"strategy":"-android uiautomator","selector":"new UiSelector().textContains(\"Definitely Not Here\"...
14:05:31.520847 POST /session/494ca10a-da1f-49fd-b84e-cf3aba07a2ce/element [4.677709ms] ERR:404 body={"strategy":"-android uiautomator","selector":"new UiSelector().descriptionContains(\"Definitely Not...
14:05:31.528140 POST /session/494ca10a-da1f-49fd-b84e-cf3aba07a2ce/element [7.241416ms] ERR:404 body={"strategy":"-android uiautomator","selector":"new UiSelector().textMatches(\"(?is).*\\QDefinitely N...
14:05:31.536637 POST /session/494ca10a-da1f-49fd-b84e-cf3aba07a2ce/element [8.446125ms] ERR:404 body={"strategy":"-android uiautomator","selector":"new UiSelector().descriptionMatches(\"(?is).*\\QDefin...
14:05:31.544494 POST /session/494ca10a-da1f-49fd-b84e-cf3aba07a2ce/element [7.801084ms] ERR:404 body={"strategy":"-android uiautomator","selector":"new UiSelector().textContains(\"Definitely Not Here\"...
14:05:31.550783 POST /session/494ca10a-da1f-49fd-b84e-cf3aba07a2ce/element [6.237209ms] ERR:404 body={"strategy":"-android uiautomator","selector":"new UiSelector().descriptionContains(\"Definitely Not...
14:05:31.558140 POST /session/494ca10a-da1f-49fd-b84e-cf3aba07a2ce/element [7.30025ms] ERR:404 body={"strategy":"-android uiautomator","selector":"new UiSelector().textMatches(\"(?is).*\\QDefinitely N...
14:05:31.563007 POST /session/494ca10a-da1f-49fd-b84e-cf3aba07a2ce/element [4.814291ms] ERR:404 body={"strategy":"-android uiautomator","selector":"new UiSelector().descriptionMatches(\"(?is).*\\QDefin...
14:05:31.570872 POST /session/494ca10a-da1f-49fd-b84e-cf3aba07a2ce/element [7.8105ms] ERR:404 body={"strategy":"-android uiautomator","selector":"new UiSelector().textContains(\"Definitely Not Here\"...
14:05:31.575294 POST /session/494ca10a-da1f-49fd-b84e-cf3aba07a2ce/element [4.365458ms] ERR:404 body={"strategy":"-android uiautomator","selector":"new UiSelector().descriptionContains(\"Definitely Not...
14:05:31.582915 POST /session/494ca10a-da1f-49fd-b84e-cf3aba07a2ce/element [7.580292ms] ERR:404 body={"strategy":"-android uiautomator","selector":"new UiSelector().textMatches(\"(?is).*\\QDefinitely N...
14:05:31.589938 POST /session/494ca10a-da1f-49fd-b84e-cf3aba07a2ce/element [6.975584ms] ERR:404 body={"strategy":"-android uiautomator","selector":"new UiSelector().descriptionMatches(\"(?is).*\\QDefin...
14:05:31.596129 POST /session/494ca10a-da1f-49fd-b84e-cf3aba07a2ce/element [6.139166ms] ERR:404 body={"strategy":"-android uiautomator","selector":"new UiSelector().textContains(\"Definitely Not Here\"...
14:05:31.601332 POST /session/494ca10a-da1f-49fd-b84e-cf3aba07a2ce/element [5.160042ms] ERR:404 body={"strategy":"-android uiautomator","selector":"new UiSelector().descriptionContains(\"Definitely Not...
14:05:31.610396 POST /session/494ca10a-da1f-49fd-b84e-cf3aba07a2ce/element [9.021875ms] ERR:404 body={"strategy":"-android uiautomator","selector":"new UiSelector().textMatches(\"(?is).*\\QDefinitely N...
14:05:31.623538 POST /session/494ca10a-da1f-49fd-b84e-cf3aba07a2ce/element [12.981333ms] ERR:404 body={"strategy":"-android uiautomator","selector":"new UiSelector().descriptionMatches(\"(?is).*\\QDefin...
14:05:31.632225 POST /session/494ca10a-da1f-49fd-b84e-cf3aba07a2ce/element [8.624833ms] ERR:404 body={"strategy":"-android uiautomator","selector":"new UiSelector().textContains(\"Definitely Not Here\"...
14:05:31.640463 POST /session/494ca10a-da1f-49fd-b84e-cf3aba07a2ce/element [8.181167ms] ERR:404 body={"strategy":"-android uiautomator","selector":"new UiSelector().descriptionContains(\"Definitely Not...
14:05:31.647146 POST /session/494ca10a-da1f-49fd-b84e-cf3aba07a2ce/element [6.630375ms] ERR:404 body={"strategy":"-android uiautomator","selector":"new UiSelector().textMatches(\"(?is).*\\QDefinitely N...
14:05:31.653037 POST /session/494ca10a-da1f-49fd-b84e-cf3aba07a2ce/element [5.83725ms] ERR:404 body={"strategy":"-android uiautomator","selector":"new UiSelector().descriptionMatches(\"(?is).*\\QDefin...
14:05:31.660155 POST /session/494ca10a-da1f-49fd-b84e-cf3aba07a2ce/element [7.047125ms] ERR:404 body={"strategy":"-android uiautomator","selector":"new UiSelector().textContains(\"Definitely Not Here\"...
14:05:31.670574 POST /session/494ca10a-da1f-49fd-b84e-cf3aba07a2ce/element [10.365167ms] ERR:404 body={"strategy":"-android uiautomator","selector":"new UiSelector().descriptionContains(\"Definitely Not...
14:05:31.676076 POST /session/494ca10a-da1f-49fd-b84e-cf3aba07a2ce/element [5.444166ms] ERR:404 body={"strategy":"-android uiautomator","selector":"new UiSelector().textMatches(\"(?is).*\\QDefinitely N...
14:05:31.685661 POST /session/494ca10a-da1f-49fd-b84e-cf3aba07a2ce/element [9.525667ms] ERR:404 body={"strategy":"-android uiautomator","selector":"new UiSelector().descriptionMatches(\"(?is).*\\QDefin...
14:05:31.694045 POST /session/494ca10a-da1f-49fd-b84e-cf3aba07a2ce/element [8.326625ms] ERR:404 body={"strategy":"-android uiautomator","selector":"new UiSelector().textContains(\"Definitely Not Here\"...
14:05:31.701697 POST /session/494ca10a-da1f-49fd-b84e-cf3aba07a2ce/element [7.601292ms] ERR:404 body={"strategy":"-android uiautomator","selector":"new UiSelector().descriptionContains(\"Definitely Not...
14:05:31.707093 POST /session/494ca10a-da1f-49fd-b84e-cf3aba07a2ce/element [5.345875ms] ERR:404 body={"strategy":"-android uiautomator","selector":"new UiSelector().textMatches(\"(?is).*\\QDefinitely N...
14:05:31.715545 POST /session/494ca10a-da1f-49fd-b84e-cf3aba07a2ce/element [8.401958ms] ERR:404 body={"strategy":"-android uiautomator","selector":"new UiSelector().descriptionMatches(\"(?is).*\\QDefin...
14:05:31.720756 POST /session/494ca10a-da1f-49fd-b84e-cf3aba07a2ce/element [5.163625ms] ERR:404 body={"strategy":"-android uiautomator","selector":"new UiSelector().textContains(\"Definitely Not Here\"...
14:05:31.730560 POST /session/494ca10a-da1f-49fd-b84e-cf3aba07a2ce/element [9.755292ms] ERR:404 body={"strategy":"-android uiautomator","selector":"new UiSelector().descriptionContains(\"Definitely Not...
14:05:31.740218 POST /session/494ca10a-da1f-49fd-b84e-cf3aba07a2ce/element [9.598208ms] ERR:404 body={"strategy":"-android uiautomator","selector":"new UiSelector().textMatches(\"(?is).*\\QDefinitely N...
14:05:31.746741 POST /session/494ca10a-da1f-49fd-b84e-cf3aba07a2ce/element [6.467125ms] ERR:404 body={"strategy":"-android uiautomator","selector":"new UiSelector().descriptionMatches(\"(?is).*\\QDefin...
14:05:31.753490 POST /session/494ca10a-da1f-49fd-b84e-cf3aba07a2ce/element [6.698792ms] ERR:404 body={"strategy":"-android uiautomator","selector":"new UiSelector().textContains(\"Definitely Not Here\"...
14:05:31.759701 POST /session/494ca10a-da1f-49fd-b84e-cf3aba07a2ce/element [6.162625ms] ERR:404 body={"strategy":"-android uiautomator","selector":"new UiSelector().descriptionContains(\"Definitely Not...
14:05:31.765001 POST /session/494ca10a-da1f-49fd-b84e-cf3aba07a2ce/element [5.25075ms] ERR:404 body={"strategy":"-android uiautomator","selector":"new UiSelector().textMatches(\"(?is).*\\QDefinitely N...
14:05:31.771963 POST /session/494ca10a-da1f-49fd-b84e-cf3aba07a2ce/element [6.908167ms] ERR:404 body={"strategy":"-android uiautomator","selector":"new UiSelector().descriptionMatches(\"(?is).*\\QDefin...
14:05:31.776695 POST /session/494ca10a-da1f-49fd-b84e-cf3aba07a2ce/element [4.679667ms] ERR:404 body={"strategy":"-android uiautomator","selector":"new UiSelector().textContains(\"Definitely Not Here\"...
14:05:31.784948 POST /session/494ca10a-da1f-49fd-b84e-cf3aba07a2ce/element [8.203375ms] ERR:404 body={"strategy":"-android uiautomator","selector":"new UiSelector().descriptionContains(\"Definitely Not...
14:05:31.794676 POST /session/494ca10a-da1f-49fd-b84e-cf3aba07a2ce/element [9.674333ms] ERR:404 body={"strategy":"-android uiautomator","selector":"new UiSelector().textMatches(\"(?is).*\\QDefinitely N...
14:05:31.802524 POST /session/494ca10a-da1f-49fd-b84e-cf3aba07a2ce/element [7.791917ms] ERR:404 body={"strategy":"-android uiautomator","selector":"new UiSelector().descriptionMatches(\"(?is).*\\QDefin...
14:05:31.810974 POST /session/494ca10a-da1f-49fd-b84e-cf3aba07a2ce/element [8.389916ms] ERR:404 body={"strategy":"-android uiautomator","selector":"new UiSelector().textContains(\"Definitely Not Here\"...
14:05:31.819171 POST /session/494ca10a-da1f-49fd-b84e-cf3aba07a2ce/element [8.142584ms] ERR:404 body={"strategy":"-android uiautomator","selector":"new UiSelector().descriptionContains(\"Definitely Not...
14:05:31.824573 POST /session/494ca10a-da1f-49fd-b84e-cf3aba07a2ce/element [5.356667ms] ERR:404 body={"strategy":"-android uiautomator","selector":"new UiSelector().textMatches(\"(?is).*\\QDefinitely N...
14:05:31.833097 POST /session/494ca10a-da1f-49fd-b84e-cf3aba07a2ce/element [8.476375ms] ERR:404 body={"strategy":"-android uiautomator","selector":"new UiSelector().descriptionMatches(\"(?is).*\\QDefin...
14:05:31.839529 POST /session/494ca10a-da1f-49fd-b84e-cf3aba07a2ce/element [6.386542ms] ERR:404 body={"strategy":"-android uiautomator","selector":"new UiSelector().textContains(\"Definitely Not Here\"...
14:05:31.846612 POST /session/494ca10a-da1f-49fd-b84e-cf3aba07a2ce/element [7.037042ms] ERR:404 body={"strategy":"-android uiautomator","selector":"new UiSelector().descriptionContains(\"Definitely Not...
14:05:31.854706 POST /session/494ca10a-da1f-49fd-b84e-cf3aba07a2ce/element [8.040667ms] ERR:404 body={"strategy":"-android uiautomator","selector":"new UiSelector().textMatches(\"(?is).*\\QDefinitely N...
14:05:31.866480 POST /session/494ca10a-da1f-49fd-b84e-cf3aba07a2ce/element [11.715625ms] ERR:404 body={"strategy":"-android uiautomator","selector":"new UiSelector().descriptionMatches(\"(?is).*\\QDefin...
14:05:31.874950 POST /session/494ca10a-da1f-49fd-b84e-cf3aba07a2ce/element [8.416ms] ERR:404 body={"strategy":"-android uiautomator","selector":"new UiSelector().textContains(\"Definitely Not Here\"...
14:05:31.883380 POST /session/494ca10a-da1f-49fd-b84e-cf3aba07a2ce/element [8.372333ms] ERR:404 body={"strategy":"-android uiautomator","selector":"new UiSelector().descriptionContains(\"Definitely Not...
14:05:31.890908 POST /session/494ca10a-da1f-49fd-b84e-cf3aba07a2ce/element [7.472125ms] ERR:404 body={"strategy":"-android uiautomator","selector":"new UiSelector().textMatches(\"(?is).*\\QDefinitely N...
14:05:31.897261 POST /session/494ca10a-da1f-49fd-b84e-cf3aba07a2ce/element [6.251291ms] ERR:404 body={"strategy":"-android uiautomator","selector":"new UiSelector().descriptionMatches(\"(?is).*\\QDefin...
14:05:31.904650 POST /session/494ca10a-da1f-49fd-b84e-cf3aba07a2ce/element [7.334416ms] ERR:404 body={"strategy":"-android uiautomator","selector":"new UiSelector().textContains(\"Definitely Not Here\"...
14:05:31.913643 POST /session/494ca10a-da1f-49fd-b84e-cf3aba07a2ce/element [8.945083ms] ERR:404 body={"strategy":"-android uiautomator","selector":"new UiSelector().descriptionContains(\"Definitely Not...
14:05:31.922745 POST /session/494ca10a-da1f-49fd-b84e-cf3aba07a2ce/element [9.048667ms] ERR:404 body={"strategy":"-android uiautomator","selector":"new UiSelector().textMatches(\"(?is).*\\QDefinitely N...
14:05:31.928719 POST /session/494ca10a-da1f-49fd-b84e-cf3aba07a2ce/element [5.917583ms] ERR:404 body={"strategy":"-android uiautomator","selector":"new UiSelector().descriptionMatches(\"(?is).*\\QDefin...
14:05:31.935649 POST /session/494ca10a-da1f-49fd-b84e-cf3aba07a2ce/element [6.87225ms] ERR:404 body={"strategy":"-android uiautomator","selector":"new UiSelector().textContains(\"Definitely Not Here\"...
14:05:31.945452 POST /session/494ca10a-da1f-49fd-b84e-cf3aba07a2ce/element [9.731209ms] ERR:404 body={"strategy":"-android uiautomator","selector":"new UiSelector().descriptionContains(\"Definitely Not...
14:05:31.950835 POST /session/494ca10a-da1f-49fd-b84e-cf3aba07a2ce/element [5.3125ms] ERR:404 body={"strategy":"-android uiautomator","selector":"new UiSelector().textMatches(\"(?is).*\\QDefinitely N...
14:05:31.957320 POST /session/494ca10a-da1f-49fd-b84e-cf3aba07a2ce/element [6.416875ms] ERR:404 body={"strategy":"-android uiautomator","selector":"new UiSelector().descriptionMatches(\"(?is).*\\QDefin...
14:05:31.966751 POST /session/494ca10a-da1f-49fd-b84e-cf3aba07a2ce/element [9.379417ms] ERR:404 body={"strategy":"-android uiautomator","selector":"new UiSelector().textContains(\"Definitely Not Here\"...
14:05:31.976228 POST /session/494ca10a-da1f-49fd-b84e-cf3aba07a2ce/element [9.422ms] ERR:404 body={"strategy":"-android uiautomator","selector":"new UiSelector().descriptionContains(\"Definitely Not...
14:05:31.985122 POST /session/494ca10a-da1f-49fd-b84e-cf3aba07a2ce/element [8.845666ms] ERR:404 body={"strategy":"-android uiautomator","selector":"new UiSelector().textMatches(\"(?is).*\\QDefinitely N...
14:05:31.995523 POST /session/494ca10a-da1f-49fd-b84e-cf3aba07a2ce/element [10.350375ms] ERR:404 body={"strategy":"-android uiautomator","selector":"new UiSelector().descriptionMatches(\"(?is).*\\QDefin...
14:05:32.001202 POST /session/494ca10a-da1f-49fd-b84e-cf3aba07a2ce/element [5.622334ms] ERR:404 body={"strategy":"-android uiautomator","selector":"new UiSelector().textContains(\"Definitely Not Here\"...
14:05:32.008776 POST /session/494ca10a-da1f-49fd-b84e-cf3aba07a2ce/element [7.522042ms] ERR:404 body={"strategy":"-android uiautomator","selector":"new UiSelector().descriptionContains(\"Definitely Not...
14:05:32.019516 POST /session/494ca10a-da1f-49fd-b84e-cf3aba07a2ce/element [10.682292ms] ERR:404 body={"strategy":"-android uiautomator","selector":"new UiSelector().textMatches(\"(?is).*\\QDefinitely N...
14:05:32.028240 POST /session/494ca10a-da1f-49fd-b84e-cf3aba07a2ce/element [8.648458ms] ERR:404 body={"strategy":"-android uiautomator","selector":"new UiSelector().descriptionMatches(\"(?is).*\\QDefin...
14:05:32.038465 POST /session/494ca10a-da1f-49fd-b84e-cf3aba07a2ce/element [10.133542ms] ERR:404 body={"strategy":"-android uiautomator","selector":"new UiSelector().textContains(\"Definitely Not Here\"...
14:05:32.046912 POST /session/494ca10a-da1f-49fd-b84e-cf3aba07a2ce/element [8.39ms] ERR:404 body={"strategy":"-android uiautomator","selector":"new UiSelector().descriptionContains(\"Definitely Not...
14:05:32.057350 POST /session/494ca10a-da1f-49fd-b84e-cf3aba07a2ce/element [10.347958ms] ERR:404 body={"strategy":"-android uiautomator","selector":"new UiSelector().textMatches(\"(?is).*\\QDefinitely N...
14:05:32.064993 POST /session/494ca10a-da1f-49fd-b84e-cf3aba07a2ce/element [7.558917ms] ERR:404 body={"strategy":"-android uiautomator","selector":"new UiSelector().descriptionMatches(\"(?is).*\\QDefin...
14:05:32.072023 POST /session/494ca10a-da1f-49fd-b84e-cf3aba07a2ce/element [6.975ms] ERR:404 body={"strategy":"-android uiautomator","selector":"new UiSelector().textContains(\"Definitely Not Here\"...
14:05:32.079217 POST /session/494ca10a-da1f-49fd-b84e-cf3aba07a2ce/element [7.142667ms] ERR:404 body={"strategy":"-android uiautomator","selector":"new UiSelector().descriptionContains(\"Definitely Not...
14:05:32.085728 POST /session/494ca10a-da1f-49fd-b84e-cf3aba07a2ce/element [6.461208ms] ERR:404 body={"strategy":"-android uiautomator","selector":"new UiSelector().textMatches(\"(?is).*\\QDefinitely N...
14:05:32.093165 POST /session/494ca10a-da1f-49fd-b84e-cf3aba07a2ce/element [7.389834ms] ERR:404 body={"strategy":"-android uiautomator","selector":"new UiSelector().descriptionMatches(\"(?is).*\\QDefin...
14:05:32.104320 POST /session/494ca10a-da1f-49fd-b84e-cf3aba07a2ce/element [11.097583ms] ERR:404 body={"strategy":"-android uiautomator","selector":"new UiSelector().textContains(\"Definitely Not Here\"...
14:05:32.109998 POST /session/494ca10a-da1f-49fd-b84e-cf3aba07a2ce/element [5.604667ms] ERR:404 body={"strategy":"-android uiautomator","selector":"new UiSelector().descriptionContains(\"Definitely Not...
14:05:32.119041 POST /session/494ca10a-da1f-49fd-b84e-cf3aba07a2ce/element [8.994834ms] ERR:404 body={"strategy":"-android uiautomator","selector":"new UiSelector().textMatches(\"(?is).*\\QDefinitely N...
14:05:32.126583 POST /session/494ca10a-da1f-49fd-b84e-cf3aba07a2ce/element [7.492083ms] ERR:404 body={"strategy":"-android uiautomator","selector":"new UiSelector().descriptionMatches(\"(?is).*\\QDefin...
14:05:32.133451 POST /session/494ca10a-da1f-49fd-b84e-cf3aba07a2ce/element [6.813709ms] ERR:404 body={"strategy":"-android uiautomator","selector":"new UiSelector().textContains(\"Definitely Not Here\"...
14:05:32.139611 POST /session/494ca10a-da1f-49fd-b84e-cf3aba07a2ce/element [6.08875ms] ERR:404 body={"strategy":"-android uiautomator","selector":"new UiSelector().descriptionContains(\"Definitely Not...
14:05:32.150229 POST /session/494ca10a-da1f-49fd-b84e-cf3aba07a2ce/element [10.539875ms] ERR:404 body={"strategy":"-android uiautomator","selector":"new UiSelector().textMatches(\"(?is).*\\QDefinitely N...
14:05:32.154496 POST /session/494ca10a-da1f-49fd-b84e-cf3aba07a2ce/element [4.204583ms] ERR:404 body={"strategy":"-android uiautomator","selector":"new UiSelector().descriptionMatches(\"(?is).*\\QDefin...
14:05:32.161307 POST /session/494ca10a-da1f-49fd-b84e-cf3aba07a2ce/element [6.74325ms] ERR:404 body={"strategy":"-android uiautomator","selector":"new UiSelector().textContains(\"Definitely Not Here\"...
14:05:32.170089 POST /session/494ca10a-da1f-49fd-b84e-cf3aba07a2ce/element [8.704334ms] ERR:404 body={"strategy":"-android uiautomator","selector":"new UiSelector().descriptionContains(\"Definitely Not...
14:05:32.185706 POST /session/494ca10a-da1f-49fd-b84e-cf3aba07a2ce/element [15.554833ms] ERR:404 body={"strategy":"-android uiautomator","selector":"new UiSelector().textMatches(\"(?is).*\\QDefinitely N...
14:05:32.190713 POST /session/494ca10a-da1f-49fd-b84e-cf3aba07a2ce/element [4.934666ms] ERR:404 body={"strategy":"-android uiautomator","selector":"new UiSelector().descriptionMatches(\"(?is).*\\QDefin...
14:05:32.201368 POST /session/494ca10a-da1f-49fd-b84e-cf3aba07a2ce/element [10.554208ms] ERR:404 body={"strategy":"-android uiautomator","selector":"new UiSelector().textContains(\"Definitely Not Here\"...
14:05:32.209510 POST /session/494ca10a-da1f-49fd-b84e-cf3aba07a2ce/element [8.043ms] ERR:404 body={"strategy":"-android uiautomator","selector":"new UiSelector().descriptionContains(\"Definitely Not...
14:05:32.220973 POST /session/494ca10a-da1f-49fd-b84e-cf3aba07a2ce/element [11.40175ms] ERR:404 body={"strategy":"-android uiautomator","selector":"new UiSelector().textMatches(\"(?is).*\\QDefinitely N...
14:05:32.227329 POST /session/494ca10a-da1f-49fd-b84e-cf3aba07a2ce/element [6.2725ms] ERR:404 body={"strategy":"-android uiautomator","selector":"new UiSelector().descriptionMatches(\"(?is).*\\QDefin...
14:05:32.237901 POST /session/494ca10a-da1f-49fd-b84e-cf3aba07a2ce/element [10.511583ms] ERR:404 body={"strategy":"-android uiautomator","selector":"new UiSelector().textContains(\"Definitely Not Here\"...
14:05:32.245302 POST /session/494ca10a-da1f-49fd-b84e-cf3aba07a2ce/element [7.332916ms] ERR:404 body={"strategy":"-android uiautomator","selector":"new UiSelector().descriptionContains(\"Definitely Not...
14:05:32.254350 POST /session/494ca10a-da1f-49fd-b84e-cf3aba07a2ce/element [8.98575ms] ERR:404 body={"strategy":"-android uiautomator","selector":"new UiSelector().textMatches(\"(?is).*\\QDefinitely N...
14:05:32.266774 POST /session/494ca10a-da1f-49fd-b84e-cf3aba07a2ce/element [12.36225ms] ERR:404 body={"strategy":"-android uiautomator","selector":"new UiSelector().descriptionMatches(\"(?is).*\\QDefin...
14:05:32.285393 GET /session/494ca10a-da1f-49fd-b84e-cf3aba07a2ce/source [18.488ms] OK body=
14:05:32.423330 GET /session/494ca10a-da1f-49fd-b84e-cf3aba07a2ce/screenshot [137.035083ms] OK body=
14:05:32.444482 GET /session/494ca10a-da1f-49fd-b84e-cf3aba07a2ce/source [20.717083ms] OK body=
14:05:32.450400 DELETE /session/494ca10a-da1f-49fd-b84e-cf3aba07a2ce [1.538917ms] OK body=
